variant,seed,sample_id,family,NMSE,PSNR,SSIM,MAE,runtime_per_sample
P00_rsbfilm_scalar_Pcyc,0,line_test_0000,line,0.9994731870458061,30.84330234752137,0.5185031416447826,0.001130868447944522,0.04232051700819284
P00_rsbfilm_scalar_Pcyc,0,line_test_0001,line,0.9937632449351432,25.93739505517894,0.2479475443268936,0.0032148202881217003,0.0024063629971351475
P00_rsbfilm_scalar_Pcyc,0,line_test_0002,line,0.9969293380588802,30.215656373771328,0.48266154674076395,0.0013158736983314157,0.002331178999156691
P00_rsbfilm_scalar_Pcyc,0,line_test_0003,line,0.9970255136059331,33.924052467155605,0.6910054743736787,0.0008140908903442323,0.0023173379886429757
P00_rsbfilm_scalar_Pcyc,0,line_test_0004,line,1.004498780640425,36.61891233398088,0.804931633780717,0.0003383228904567659,0.0022951549908611923
P00_rsbfilm_scalar_Pcyc,0,line_test_0005,line,1.0003721404937422,32.41539489419032,0.6095526088441549,0.0007688305340707302,0.0023626129986951128
P00_rsbfilm_scalar_Pcyc,0,line_test_0006,line,1.0043682070769966,31.580111610352812,0.5631225202271904,0.0010429344838485122,0.0022833780094515532
P00_rsbfilm_scalar_Pcyc,0,line_test_0007,line,0.998512829794766,29.795365886747994,0.46793321749080297,0.0012579637113958597,0.0022909670078661293
P00_rsbfilm_scalar_Pcyc,0,line_test_0008,line,0.9968307087194923,25.834531674826643,0.24186971405836433,0.0029677660204470158,0.002309461997356266
P00_rsbfilm_scalar_Pcyc,0,line_test_0009,line,0.9929538191098433,30.237529418860433,0.48554939878667497,0.0012209692504256964,0.0018903349991887808
P00_rsbfilm_scalar_Pcyc,0,line_test_0010,line,1.0017677887429166,32.41200465642261,0.6089598067784188,0.0008445248822681606,0.00196226300613489
P00_rsbfilm_scalar_Pcyc,0,line_test_0011,line,1.0026788965629636,27.73527058397284,0.33906019998627895,0.0020407994743436575,0.0019093209994025528
P00_rsbfilm_scalar_Pcyc,0,line_test_0012,line,0.9958357435155862,29.70004234595633,0.4534242847063235,0.0013714322121813893,0.0019136220071231946
P00_rsbfilm_scalar_Pcyc,0,line_test_0013,line,0.9986537569831426,27.019586090988394,0.3195497869311496,0.002254441613331437,0.0019042880012420937
P00_rsbfilm_scalar_Pcyc,0,line_test_0014,line,1.0015769103568208,34.823117783326076,0.7316275035474643,0.0004710767534561455,0.0019611629977589473
P00_rsbfilm_scalar_Pcyc,0,line_test_0015,line,1.0024605340159802,35.37842314295259,0.7563370327803338,0.0004745984624605626,0.0019051809940719977
P00_rsbfilm_scalar_Pcyc,0,line_test_0016,line,0.995179580094427,28.223995947888252,0.36736186462752957,0.0019290484488010406,0.0019135309994453564
P00_rsbfilm_scalar_Pcyc,0,line_test_0017,line,1.012511410177089,32.04100376095377,0.5886459241907577,0.0008141883881762624,0.0019538889901014045
P00_rsbfilm_scalar_Pcyc,0,line_test_0018,line,1.0000220116736407,29.368507936745022,0.43154787245002096,0.0015605947701260448,0.0019582609966164455
P00_rsbfilm_scalar_Pcyc,0,line_test_0019,line,0.9974694581168205,29.312092630362752,0.43607399153689874,0.0013822173932567239,0.001887435995740816
P00_rsbfilm_scalar_Pcyc,0,cross_test_0000,cross,0.9971999059491803,32.19254204790403,0.5976719882081477,0.0009773693745955825,0.0019994640024378896
P00_rsbfilm_scalar_Pcyc,0,cross_test_0001,cross,0.9998830686124335,26.501182223890005,0.26962377486603184,0.0028399729635566473,0.0019520380010362715
P00_rsbfilm_scalar_Pcyc,0,cross_test_0002,cross,0.9982313447046931,30.372676173442443,0.4928294351353152,0.0011518874671310186,0.0019039460021303967
P00_rsbfilm_scalar_Pcyc,0,cross_test_0003,cross,0.9979402568074627,27.641855359240374,0.3333957114905768,0.002227368764579296,0.0019606249989010394
P00_rsbfilm_scalar_Pcyc,0,cross_test_0004,cross,0.9992415417044428,27.868984465674398,0.3444693043953631,0.0021708772983402014,0.0019721029966603965
P00_rsbfilm_scalar_Pcyc,0,cross_test_0005,cross,0.9950215065683329,31.18638711367895,0.5410940979518422,0.001192346797324717,0.0019152370077790692
P00_rsbfilm_scalar_Pcyc,0,cross_test_0006,cross,0.9985460604135047,28.726561464602213,0.39465244426690427,0.0017099708784371614,0.0018865360034396872
P00_rsbfilm_scalar_Pcyc,0,cross_test_0007,cross,1.0000897190266085,33.93093478583448,0.6893606032772597,0.0006502089672721922,0.00190667700371705
P00_rsbfilm_scalar_Pcyc,0,cross_test_0008,cross,0.9899404963862733,28.009943160860658,0.35758920263316235,0.002212581457570195,0.0019167330028722063
P00_rsbfilm_scalar_Pcyc,0,cross_test_0009,cross,0.999221267946745,32.88298300405067,0.6356156843538546,0.0006987194647081196,0.001915128988912329
P00_rsbfilm_scalar_Pcyc,0,cross_test_0010,cross,0.9953916026797632,32.06757677017356,0.5909557227371148,0.0009423475712537766,0.001903860000311397
P00_rsbfilm_scalar_Pcyc,0,cross_test_0011,cross,0.9907367120211312,27.354576613199704,0.3225612371341199,0.002563065616413951,0.0019051890121772885
P00_rsbfilm_scalar_Pcyc,0,cross_test_0012,cross,0.9973522209386229,31.678117335329485,0.5686938179194188,0.000971393019426614,0.0018959589942824095
P00_rsbfilm_scalar_Pcyc,0,cross_test_0013,cross,0.9948692810225059,31.68458055674435,0.5691624322390403,0.0010412236442789435,0.0019106249965261668
P00_rsbfilm_scalar_Pcyc,0,cross_test_0014,cross,0.9979437286284036,27.712463632458512,0.3387767955544613,0.0019911315757781267,0.001956097999936901
P00_rsbfilm_scalar_Pcyc,0,L_shape_test_0000,L-shape,0.9930406553650217,26.202503716344555,0.26213585382324966,0.0029659399297088385,0.001910203995066695
P00_rsbfilm_scalar_Pcyc,0,L_shape_test_0001,L-shape,0.9990089806445869,27.667759674740434,0.33495342980729204,0.0020398658234626055,0.001963065005838871
P00_rsbfilm_scalar_Pcyc,0,L_shape_test_0002,L-shape,0.9928575939169434,27.312051001963326,0.3192757026562849,0.0025330123025923967,0.001907815007143654
P00_rsbfilm_scalar_Pcyc,0,L_shape_test_0003,L-shape,0.9953516552647487,27.508533407393156,0.3265647519539982,0.0023969020694494247,0.0019018460006918758
P00_rsbfilm_scalar_Pcyc,0,L_shape_test_0004,L-shape,0.9970848842601022,25.793063776593055,0.23714761275125665,0.0032474773470312357,0.0019045329972868785
P00_rsbfilm_scalar_Pcyc,0,L_shape_test_0005,L-shape,0.9952494197456206,27.160400199379744,0.30971947009475836,0.0024077538400888443,0.0019101970101473853
P00_rsbfilm_scalar_Pcyc,0,L_shape_test_0006,L-shape,1.0011421406266912,31.156123167187562,0.5368401390881643,0.0010073896264657378,0.0018991090037161484
P00_rsbfilm_scalar_Pcyc,0,L_shape_test_0007,L-shape,0.9976076507053508,27.009923750651325,0.29825895451081275,0.002630078699439764,0.001960612993570976
P00_rsbfilm_scalar_Pcyc,0,L_shape_test_0008,L-shape,0.9942009130240803,30.49966688764107,0.5004185802933666,0.001141046523116529,0.0019069039990426973
P00_rsbfilm_scalar_Pcyc,0,L_shape_test_0009,L-shape,0.9958607752232773,26.421253588520152,0.26949803295072766,0.002943682484328747,0.0019374289986444637
P00_rsbfilm_scalar_Pcyc,0,L_shape_test_0010,L-shape,0.996931590808844,30.615798437825244,0.5068122652089064,0.0011049796594306827,0.0019658499950310215
P00_rsbfilm_scalar_Pcyc,0,L_shape_test_0011,L-shape,1.0016413154498403,33.37272137627659,0.6606342532956345,0.0006484356708824635,0.0018958639993797988
P00_rsbfilm_scalar_Pcyc,0,L_shape_test_0012,L-shape,0.9967296699627769,26.772565285542903,0.2871416512969367,0.0025631850585341454,0.0019568159914342687
P00_rsbfilm_scalar_Pcyc,0,L_shape_test_0013,L-shape,0.9960555914867854,27.279357412159722,0.3130594551355349,0.002480438444763422,0.0019512909930199385
P00_rsbfilm_scalar_Pcyc,0,L_shape_test_0014,L-shape,0.99641795296041,32.20838229321793,0.5981009539432621,0.0008741971687413752,0.0020076540095033124
P00_rsbfilm_scalar_Pcyc,0,L_shape_test_0015,L-shape,0.997694280413732,25.87564858150413,0.24205299836553112,0.0030400047544389963,0.0024835299991536885
P00_rsbfilm_scalar_Pcyc,0,L_shape_test_0016,L-shape,0.9982191575594043,27.418494932062313,0.3195392822266258,0.0023584950249642134,0.001931637991219759
P00_rsbfilm_scalar_Pcyc,0,L_shape_test_0017,L-shape,0.9952621335725346,26.320746729340684,0.26468674222181643,0.0029516462236642838,0.0019777720008278266
P00_rsbfilm_scalar_Pcyc,0,L_shape_test_0018,L-shape,0.9960332527660589,26.216914990134907,0.2570252201375702,0.003074496518820524,0.002024739995249547
P00_rsbfilm_scalar_Pcyc,0,L_shape_test_0019,L-shape,1.0005326452186238,33.32769570921278,0.6587628773893897,0.0007049209089018404,0.0019090220012003556
P00_rsbfilm_scalar_Pcyc,0,double_line_test_0000,double-line,0.9980083763167082,26.24122467702214,0.25980849640231024,0.0028158745262771845,0.0019113519956590608
P00_rsbfilm_scalar_Pcyc,0,double_line_test_0001,double-line,0.9932190096969097,26.666660346982276,0.28405099578970344,0.0028869828674942255,0.0019313149969093502
P00_rsbfilm_scalar_Pcyc,0,double_line_test_0002,double-line,1.0028268812343124,31.233571455271118,0.5415182143417768,0.0010525068501010537,0.0019097289914498106
P00_rsbfilm_scalar_Pcyc,0,double_line_test_0003,double-line,0.9983934018875423,25.634271417800264,0.22574245287200914,0.0035218580160290003,0.0018952270038425922
P00_rsbfilm_scalar_Pcyc,0,double_line_test_0004,double-line,0.9949174651066048,25.917252880587107,0.24245521107590856,0.003388207871466875,0.0019075660093221813
P00_rsbfilm_scalar_Pcyc,0,double_line_test_0005,double-line,0.9998632982146963,25.99489180364161,0.24566327958468315,0.0030927686020731926,0.0020336750021670014
P00_rsbfilm_scalar_Pcyc,0,double_line_test_0006,double-line,0.9965823148407388,25.317644369052037,0.22172228102173908,0.003796382574364543,0.0019418300071265548
P00_rsbfilm_scalar_Pcyc,0,double_line_test_0007,double-line,0.999486628827998,31.944636735355903,0.5828443172158523,0.0009471942903473973,0.0019718769908649847
P00_rsbfilm_scalar_Pcyc,0,double_line_test_0008,double-line,0.991468040966315,28.404706765774172,0.3802726324996414,0.0018651499412953854,0.0019819079898297787
P00_rsbfilm_scalar_Pcyc,0,double_line_test_0009,double-line,0.9967351137422876,27.9842544834173,0.3510859918486117,0.0021783330012112856,0.0018991869874298573
P00_rsbfilm_scalar_Pcyc,0,double_line_test_0010,double-line,0.9991062541652675,26.344426825251826,0.26359695676336636,0.0028666716534644365,0.0018880040006479248
P00_rsbfilm_scalar_Pcyc,0,double_line_test_0011,double-line,0.9992461485734502,27.985473284832754,0.34977961566412175,0.0021139164455235004,0.002118357995641418
P00_rsbfilm_scalar_Pcyc,0,double_line_test_0012,double-line,0.9991733463802787,30.65236682206041,0.5065006130593982,0.0012564542703330517,0.002172184002120048
P00_rsbfilm_scalar_Pcyc,0,double_line_test_0013,double-line,0.9988409946932659,25.01743538617903,0.19820542492009613,0.003961432725191116,0.0019299059931654483
P00_rsbfilm_scalar_Pcyc,0,double_line_test_0014,double-line,0.9953368649043333,25.798267308490384,0.23975125672590333,0.003429771400988102,0.0019740660063689575
P00_rsbfilm_scalar_Pcyc,0,small_rect_edge_test_0000,small_rect_edge,0.9961155864195583,29.905770633274706,0.4657436054868923,0.0012185984523966908,0.001982015004614368
P00_rsbfilm_scalar_Pcyc,0,small_rect_edge_test_0001,small_rect_edge,0.9996105996788941,30.79886067278847,0.5169701452806724,0.0011295871809124947,0.0019192579929949716
P00_rsbfilm_scalar_Pcyc,0,small_rect_edge_test_0002,small_rect_edge,1.0003877773303589,27.720155238130847,0.33922966033918,0.0019858924206346273,0.0019026600057259202
P00_rsbfilm_scalar_Pcyc,0,small_rect_edge_test_0003,small_rect_edge,0.9958215513564099,30.527363357809932,0.501949167232059,0.0012187297688797116,0.0019185249984730035
P00_rsbfilm_scalar_Pcyc,0,small_rect_edge_test_0004,small_rect_edge,0.9946074991825773,29.174839626980372,0.42459592464731055,0.0016783383907750249,0.0019300830026622862
P00_rsbfilm_scalar_Pcyc,0,small_rect_edge_test_0005,small_rect_edge,0.998035607528641,29.47025766169731,0.4511259831025141,0.00137927511241287,0.0018968100048368797
P00_rsbfilm_scalar_Pcyc,0,small_rect_edge_test_0006,small_rect_edge,0.9885990015622506,30.014970161665953,0.4743052250215191,0.0013880205806344748,0.0019800339941866696
P00_rsbfilm_scalar_Pcyc,0,small_rect_edge_test_0007,small_rect_edge,0.9998077573426237,29.07851640885626,0.4156643519668085,0.0014908097218722105,0.0019044170039705932
P00_rsbfilm_scalar_Pcyc,0,small_rect_edge_test_0008,small_rect_edge,0.9991136770151425,28.426028017370637,0.3820644851605659,0.0018233680166304111,0.001895691006211564
P00_rsbfilm_scalar_Pcyc,0,small_rect_edge_test_0009,small_rect_edge,0.9956765279813986,30.914630225124718,0.5245611282036897,0.001084815477952361,0.002205739001510665
P00_rsbfilm_scalar_Pcyc,0,point_cluster_test_0000,point_cluster,0.9995121709821367,32.92044355311108,0.6855916692934814,0.000713219924364239,0.001979478998691775
P00_rsbfilm_scalar_Pcyc,0,point_cluster_test_0001,point_cluster,1.0015879664054739,31.66427725818712,0.566616915605965,0.0010665100999176502,0.0019124509999528527
P00_rsbfilm_scalar_Pcyc,0,point_cluster_test_0002,point_cluster,1.0055899279093345,35.58142963642781,0.7648675614885941,0.000544761773198843,0.0019630540045909584
P00_rsbfilm_scalar_Pcyc,0,point_cluster_test_0003,point_cluster,1.0043990906223041,35.845027624875996,0.7755278393790032,0.00046195375034585595,0.001914455002406612
P00_rsbfilm_scalar_Pcyc,0,point_cluster_test_0004,point_cluster,1.0010916444870088,31.413651118863413,0.5529537288919606,0.001159416395239532,0.0019047649984713644
P00_rsbfilm_scalar_Pcyc,0,point_cluster_test_0005,point_cluster,0.9960083048272003,31.38332185762615,0.5521346267188076,0.0010969019494950771,0.001959525005077012
P00_rsbfilm_scalar_Pcyc,0,point_cluster_test_0006,point_cluster,1.0218083491191419,34.97428621497246,0.7670830158449741,0.0005705779767595232,0.0019176239875378087
P00_rsbfilm_scalar_Pcyc,0,point_cluster_test_0007,point_cluster,0.9971095203215053,35.62068432884845,0.7934135372899522,0.0005412303144112229,0.0018894310051109642
P00_rsbfilm_scalar_Pcyc,0,point_cluster_test_0008,point_cluster,1.0008280385955886,34.746446841925575,0.7288250637905951,0.0006365985609591007,0.0018981489993166178
P00_rsbfilm_scalar_Pcyc,0,point_cluster_test_0009,point_cluster,1.006426971343217,36.05159277728328,0.8242015594194256,0.00039018166717141867,0.002410843997495249
P00_rsbfilm_scalar_Pcyc,0,point_cluster_test_0010,point_cluster,1.0013554942051741,31.276768327665565,0.5439536093430279,0.0011172875529155135,0.0019187740108463913
P00_rsbfilm_scalar_Pcyc,0,point_cluster_test_0011,point_cluster,1.0048216440138256,34.88615859582683,0.7355859342581232,0.0007116101332940161,0.0018977040017489344
P00_rsbfilm_scalar_Pcyc,0,point_cluster_test_0012,point_cluster,1.0049728256279644,33.63320324630495,0.674322897619719,0.0007023305515758693,0.0019481460039969534
P00_rsbfilm_scalar_Pcyc,0,point_cluster_test_0013,point_cluster,0.9967784145098294,32.37463017017089,0.6092220776261532,0.0010764125036075711,0.0019089609995717183
P00_rsbfilm_scalar_Pcyc,0,point_cluster_test_0014,point_cluster,0.9962592247117287,34.27803017780284,0.7069505894154161,0.0005489376490004361,0.0018951740057673305
P00_rsbfilm_scalar_Pcyc,0,point_cluster_test_0015,point_cluster,1.0053290418542473,34.37270249302168,0.7110487019796878,0.0006342341075651348,0.001902307994896546
P00_rsbfilm_scalar_Pcyc,0,point_cluster_test_0016,point_cluster,1.0029026161013495,31.866109266866232,0.6096140653792442,0.0010530115105211735,0.0019806759955827147
P00_rsbfilm_scalar_Pcyc,0,point_cluster_test_0017,point_cluster,1.0068354186009527,36.11712365394293,0.8588111847384976,0.00041643131407909095,0.0019047440000576898
P00_rsbfilm_scalar_Pcyc,0,point_cluster_test_0018,point_cluster,1.006532403102357,35.70736649892332,0.789812957360437,0.0004945514374412596,0.0019103160011582077
P00_rsbfilm_scalar_Pcyc,0,point_cluster_test_0019,point_cluster,1.0023722264502182,34.8835860836298,0.7344061075651279,0.000483108451589942,0.0019670559995574877
P00_rsbfilm_scalar_Pcyc,1,line_test_0000,line,0.9909957016014009,30.880296061235406,0.5241746412368863,0.0012999491300433874,0.0019607379945227876
P00_rsbfilm_scalar_Pcyc,1,line_test_0001,line,0.9830674704391905,25.984390919588883,0.26100254702297293,0.003576630726456642,0.0019264830043539405
P00_rsbfilm_scalar_Pcyc,1,line_test_0002,line,0.9797154175416486,30.29130066532546,0.4964741413670866,0.0017132879002019763,0.001978883010451682
P00_rsbfilm_scalar_Pcyc,1,line_test_0003,line,1.0078425763260837,33.8771883579923,0.6903834064316519,0.0011464902199804783,0.001915785003802739
P00_rsbfilm_scalar_Pcyc,1,line_test_0004,line,0.9886809517894277,36.68784498720765,0.8081853469713555,0.00047974500921554863,0.002589989991975017
P00_rsbfilm_scalar_Pcyc,1,line_test_0005,line,0.9905716183897776,32.45815195691726,0.6142135567168474,0.0009298170334659517,0.0019332660012878478
P00_rsbfilm_scalar_Pcyc,1,line_test_0006,line,0.9841713306999706,31.668334340417587,0.5739717754621468,0.001238309545442462,0.0019204039999749511
P00_rsbfilm_scalar_Pcyc,1,line_test_0007,line,0.984558341161552,29.856487784691332,0.4769335096924591,0.0014448589645326138,0.0019155929912813008
P00_rsbfilm_scalar_Pcyc,1,line_test_0008,line,0.9866667341320117,25.879041144558784,0.25210885969494173,0.00319944741204381,0.0019696770032169297
P00_rsbfilm_scalar_Pcyc,1,line_test_0009,line,0.9771286357056885,30.307302296300502,0.496082011936372,0.0014512118650600314,0.0019142079981975257
P00_rsbfilm_scalar_Pcyc,1,line_test_0010,line,1.0000217375751934,32.41958070344849,0.6113095462181637,0.0010535389883443713,0.001998658000957221
P00_rsbfilm_scalar_Pcyc,1,line_test_0011,line,0.990089914146164,27.790143119599882,0.3482585852634509,0.0022388168144971132,0.0019603109976742417
P00_rsbfilm_scalar_Pcyc,1,line_test_0012,line,0.9777329287603092,29.779717260180405,0.46605193013708723,0.0016029082471504807,0.0019033669959753752
P00_rsbfilm_scalar_Pcyc,1,line_test_0013,line,0.9785243553062349,27.108018992796353,0.33659599892243225,0.0025222061667591333,0.0019545840041246265
P00_rsbfilm_scalar_Pcyc,1,line_test_0014,line,0.9896123626245524,34.875309817365306,0.7352082107816744,0.0006063245818950236,0.0019943000079365447
P00_rsbfilm_scalar_Pcyc,1,line_test_0015,line,1.0058436862685083,35.36379081359919,0.7565516471807766,0.0007161865942180157,0.0019298209954285994
P00_rsbfilm_scalar_Pcyc,1,line_test_0016,line,0.9832823754599719,28.27622794934816,0.37935127785652406,0.0022782578598707914,0.0018906689947471023
P00_rsbfilm_scalar_Pcyc,1,line_test_0017,line,1.0000273799549841,32.09488376675833,0.5927361800798319,0.0009531541145406663,0.0019200450042262673
P00_rsbfilm_scalar_Pcyc,1,line_test_0018,line,0.9864111021870755,29.42802381964253,0.4421311868475984,0.0018002740107476711,0.0018960290035465732
P00_rsbfilm_scalar_Pcyc,1,line_test_0019,line,0.9819506570485936,29.380192030207112,0.446420270982093,0.001564210862852633,0.0019195240020053461
P00_rsbfilm_scalar_Pcyc,1,cross_test_0000,cross,0.9862746610976654,32.240385798166116,0.6052130293976474,0.0013385675847530365,0.001904770004330203
P00_rsbfilm_scalar_Pcyc,1,cross_test_0001,cross,0.9871835925723039,26.556694864273098,0.28156096612285875,0.003067372366786003,0.0019697329989867285
P00_rsbfilm_scalar_Pcyc,1,cross_test_0002,cross,0.9922638682728827,30.398716537805043,0.4975636373710395,0.0013777604326605797,0.0018940260051749647
P00_rsbfilm_scalar_Pcyc,1,cross_test_0003,cross,0.9812415930685595,27.715141403458222,0.35074150751666316,0.0026435768231749535,0.0024139529996318743
P00_rsbfilm_scalar_Pcyc,1,cross_test_0004,cross,0.9876701150381435,27.919570153474524,0.3575908915695185,0.0025454682763665915,0.0019154479959979653
P00_rsbfilm_scalar_Pcyc,1,cross_test_0005,cross,0.985126401323127,31.229792307468838,0.5479054130587885,0.0014880747767165303,0.0019007480004802346
P00_rsbfilm_scalar_Pcyc,1,cross_test_0006,cross,0.9898179014910955,28.764689350622177,0.40100859232474934,0.0018215884920209646,0.0020138819963904098
P00_rsbfilm_scalar_Pcyc,1,cross_test_0007,cross,0.9934542635511692,33.95984558663607,0.692186453418763,0.0008115475648082793,0.0019221420079702511
P00_rsbfilm_scalar_Pcyc,1,cross_test_0008,cross,0.975511422883314,28.073710595859982,0.3761273346607999,0.002744249766692519,0.0018961150053655729
P00_rsbfilm_scalar_Pcyc,1,cross_test_0009,cross,0.9962260313796892,32.89602085825414,0.6377321699030021,0.0008935166988521814,0.0019252959900768474
P00_rsbfilm_scalar_Pcyc,1,cross_test_0010,cross,0.9833149266419163,32.120590238707045,0.5979700089359657,0.0012063673930242658,0.0019038949976675212
P00_rsbfilm_scalar_Pcyc,1,cross_test_0011,cross,0.9735685187072172,27.430493965270504,0.34517299869320806,0.0031509939581155777,0.0019470330007607117
P00_rsbfilm_scalar_Pcyc,1,cross_test_0012,cross,0.9920564603013338,31.701238961016625,0.5727597701282211,0.0011921725235879421,0.0019558289932319894
P00_rsbfilm_scalar_Pcyc,1,cross_test_0013,cross,0.9798649550983919,31.750578391378777,0.5787289847747195,0.0014049778692424297,0.0024138490116456524
P00_rsbfilm_scalar_Pcyc,1,cross_test_0014,cross,0.9859444350575107,27.764999663971032,0.34886096498247376,0.002186613157391548,0.0019191320025129244
P00_rsbfilm_scalar_Pcyc,1,L_shape_test_0000,L-shape,0.9847370360531864,26.238971567858698,0.2771709204570819,0.0035334883723407984,0.0019103169906884432
P00_rsbfilm_scalar_Pcyc,1,L_shape_test_0001,L-shape,0.9858846811496923,27.72519253493915,0.34569108750800787,0.0022298176772892475,0.002015663994825445
P00_rsbfilm_scalar_Pcyc,1,L_shape_test_0002,L-shape,0.9806323336216928,27.365858663981303,0.33307793900599714,0.002914996352046728,0.001909551996504888
P00_rsbfilm_scalar_Pcyc,1,L_shape_test_0003,L-shape,0.984755608276787,27.555014060235617,0.33736576162990156,0.0026685004122555256,0.0018791800102917477
P00_rsbfilm_scalar_Pcyc,1,L_shape_test_0004,L-shape,0.9872848023795229,25.83596025420061,0.24924834469830162,0.0036258355248719454,0.001987119991099462
P00_rsbfilm_scalar_Pcyc,1,L_shape_test_0005,L-shape,0.9836985342498588,27.211099317409907,0.3215351450891343,0.002703790320083499,0.0019126489933114499
P00_rsbfilm_scalar_Pcyc,1,L_shape_test_0006,L-shape,0.989418795351596,31.207279017431393,0.5438214977818279,0.0012089153751730919,0.0018985520000569522
P00_rsbfilm_scalar_Pcyc,1,L_shape_test_0007,L-shape,0.9824884871646994,27.076246630076028,0.3131221176835518,0.002950197784230113,0.001913350002723746
P00_rsbfilm_scalar_Pcyc,1,L_shape_test_0008,L-shape,0.9837122005518966,30.5457279287237,0.5077755500458837,0.0013892092974856496,0.0020042280084453523
P00_rsbfilm_scalar_Pcyc,1,L_shape_test_0009,L-shape,0.979549728287814,26.49297497159734,0.2857752775889765,0.003285750513896346,0.0019242400012444705
P00_rsbfilm_scalar_Pcyc,1,L_shape_test_0010,L-shape,0.9835044376105296,30.67468888886216,0.5163031784476089,0.001417928491719067,0.00196756400691811
P00_rsbfilm_scalar_Pcyc,1,L_shape_test_0011,L-shape,0.9917053140581301,33.41601723969235,0.6646782917682147,0.0008057840750552714,0.001986529998248443
P00_rsbfilm_scalar_Pcyc,1,L_shape_test_0012,L-shape,0.987150354664541,26.814506017724536,0.297716608439875,0.0028571607545018196,0.0019058520119870082
P00_rsbfilm_scalar_Pcyc,1,L_shape_test_0013,L-shape,0.9897995843235475,27.306720780147305,0.3206074200236972,0.0027418341487646103,0.001944967996678315
P00_rsbfilm_scalar_Pcyc,1,L_shape_test_0014,L-shape,0.9944985134143549,32.21675642653142,0.6006141009367457,0.001117185689508915,0.001920115013490431
P00_rsbfilm_scalar_Pcyc,1,L_shape_test_0015,L-shape,0.9841837520473531,25.934861744386083,0.2564660808734749,0.0033883024007081985,0.0019918909965781495
P00_rsbfilm_scalar_Pcyc,1,L_shape_test_0016,L-shape,0.9849195048423032,27.476746494011298,0.3322902515450684,0.002650102600455284,0.0019174429908161983
P00_rsbfilm_scalar_Pcyc,1,L_shape_test_0017,L-shape,0.9857763359298611,26.36233765355405,0.2777661169627198,0.003393873106688261,0.001955596002517268
P00_rsbfilm_scalar_Pcyc,1,L_shape_test_0018,L-shape,0.9886361192085117,26.249288603277158,0.2658423895960248,0.0033325180411338806,0.0019010899995919317
P00_rsbfilm_scalar_Pcyc,1,L_shape_test_0019,L-shape,0.9897519446041491,33.374744603107914,0.6640089641263311,0.0009760140674188733,0.0018958379951072857
P00_rsbfilm_scalar_Pcyc,1,double_line_test_0000,double-line,0.9878680632757458,26.28557699006034,0.2693571669428711,0.0029971206095069647,0.0019591379968915135
P00_rsbfilm_scalar_Pcyc,1,double_line_test_0001,double-line,0.9860059345670713,26.6983152905495,0.3025913950471281,0.003587948391214013,0.001910551989567466
P00_rsbfilm_scalar_Pcyc,1,double_line_test_0002,double-line,0.993840380378014,31.2726647277675,0.5459154292111401,0.001163875567726791,0.0019110510038444772
P00_rsbfilm_scalar_Pcyc,1,double_line_test_0003,double-line,0.9835511978506914,25.699318544507214,0.2400384119965821,0.0037767544854432344,0.001961450994713232
P00_rsbfilm_scalar_Pcyc,1,double_line_test_0004,double-line,0.975343228741495,26.003548385006383,0.26311410735358604,0.0037729640025645494,0.002314508004928939
P00_rsbfilm_scalar_Pcyc,1,double_line_test_0005,double-line,0.9946335223716135,26.01766698820056,0.2517277179013003,0.0032870781142264605,0.0019756950059672818
P00_rsbfilm_scalar_Pcyc,1,double_line_test_0006,double-line,0.9852650368390816,25.367245546044085,0.23784307601117446,0.004294048994779587,0.001921428003697656
P00_rsbfilm_scalar_Pcyc,1,double_line_test_0007,double-line,0.9814623158800411,32.02367050495051,0.5924293897631048,0.001240628189407289,0.0019243809947511181
P00_rsbfilm_scalar_Pcyc,1,double_line_test_0008,double-line,0.9887541363477697,28.416610959430116,0.38543096109958097,0.0021829698234796524,0.0019139599899062887
P00_rsbfilm_scalar_Pcyc,1,double_line_test_0009,double-line,0.9783793686646904,28.06497931209516,0.3652190504948781,0.002365178894251585,0.0019557960040401667
P00_rsbfilm_scalar_Pcyc,1,double_line_test_0010,double-line,0.9894846441941917,26.386453046720895,0.27439222346960246,0.003170686075463891,0.001969748002011329
P00_rsbfilm_scalar_Pcyc,1,double_line_test_0011,double-line,0.9863017522905322,28.042100222315067,0.3605332653599744,0.0023232055827975273,0.0019225669966544956
P00_rsbfilm_scalar_Pcyc,1,double_line_test_0012,double-line,0.9940886255985595,30.674524126007313,0.5104123287786628,0.001413349760696292,0.0018916029948741198
P00_rsbfilm_scalar_Pcyc,1,double_line_test_0013,double-line,0.9891893263697108,25.059604731108827,0.2087937011128403,0.004223191179335117,0.0019138900097459555
P00_rsbfilm_scalar_Pcyc,1,double_line_test_0014,double-line,0.9839550116124048,25.848215483206594,0.2562780456759844,0.003951045218855143,0.002427571002044715
P00_rsbfilm_scalar_Pcyc,1,small_rect_edge_test_0000,small_rect_edge,0.9832532995929434,29.962213901025358,0.474572860817832,0.0014071700861677527,0.0019220630056224763
P00_rsbfilm_scalar_Pcyc,1,small_rect_edge_test_0001,small_rect_edge,0.9839066931183952,30.867630128467276,0.5267316158971493,0.0013754649553447962,0.0019096619944320992
P00_rsbfilm_scalar_Pcyc,1,small_rect_edge_test_0002,small_rect_edge,0.9935358196754152,27.750003526098105,0.34513289655029067,0.0021674279123544693,0.002064312997390516
P00_rsbfilm_scalar_Pcyc,1,small_rect_edge_test_0003,small_rect_edge,0.9821285762665366,30.587494984552105,0.5106400511057024,0.0014417922357097268,0.0019045210065087304
P00_rsbfilm_scalar_Pcyc,1,small_rect_edge_test_0004,small_rect_edge,0.9839579966424238,29.221591683407254,0.43992363552801594,0.0022737893741577864,0.001903760014101863
P00_rsbfilm_scalar_Pcyc,1,small_rect_edge_test_0005,small_rect_edge,0.9923351010937357,29.495134158316613,0.4588754687960518,0.0017856709891930223,0.0018952779937535524
P00_rsbfilm_scalar_Pcyc,1,small_rect_edge_test_0006,small_rect_edge,0.9875800605095201,30.019448652142845,0.47627258554136653,0.00156072445679456,0.001906263001728803
P00_rsbfilm_scalar_Pcyc,1,small_rect_edge_test_0007,small_rect_edge,0.995367989600317,29.09784436498196,0.4196962126319114,0.0016638694796711206,0.0019070809939876199
P00_rsbfilm_scalar_Pcyc,1,small_rect_edge_test_0008,small_rect_edge,1.009086393656494,28.382893516465984,0.38420688524153734,0.0024135506246238947,0.0018841679993784055
P00_rsbfilm_scalar_Pcyc,1,small_rect_edge_test_0009,small_rect_edge,0.9895540540837574,30.94141748483907,0.5290761678086586,0.0012940444285050035,0.0022427819931181148
P00_rsbfilm_scalar_Pcyc,1,point_cluster_test_0000,point_cluster,0.9974381859256478,32.929464559863355,0.6874170181534224,0.0009522751206532121,0.0019323779997648671
P00_rsbfilm_scalar_Pcyc,1,point_cluster_test_0001,point_cluster,0.9796986411563846,31.76024304093065,0.5809531405813407,0.001513975323177874,0.0019004779896931723
P00_rsbfilm_scalar_Pcyc,1,point_cluster_test_0002,point_cluster,0.9986517535039368,35.611498129288975,0.7669549712781439,0.0007345962803810835,0.0020292370027163997
P00_rsbfilm_scalar_Pcyc,1,point_cluster_test_0003,point_cluster,1.011471959531837,35.81455220504485,0.7745227316186526,0.0006734027410857379,0.0019714670052053407
P00_rsbfilm_scalar_Pcyc,1,point_cluster_test_0004,point_cluster,1.002543058274206,31.407358987153042,0.5569866987785301,0.0015881641302257776,0.0019056939927395433
P00_rsbfilm_scalar_Pcyc,1,point_cluster_test_0005,point_cluster,0.9904029999269597,31.40783194430992,0.5583333924364428,0.001478108810260892,0.0019297239923616871
P00_rsbfilm_scalar_Pcyc,1,point_cluster_test_0006,point_cluster,0.9942086070650057,35.09320587988496,0.7729016321797973,0.0006875019171275198,0.0018987150106113404
P00_rsbfilm_scalar_Pcyc,1,point_cluster_test_0007,point_cluster,1.0096393445736966,35.56645028524278,0.7910574641174148,0.0007359922747127712,0.0018912200030172244
P00_rsbfilm_scalar_Pcyc,1,point_cluster_test_0008,point_cluster,1.006879794869465,34.72026520693091,0.7281295726803211,0.000863924331497401,0.0018859260017052293
P00_rsbfilm_scalar_Pcyc,1,point_cluster_test_0009,point_cluster,0.9983905423067753,36.086411072404246,0.8258763618827158,0.0005691041005775332,0.0025426770007470623
P00_rsbfilm_scalar_Pcyc,1,point_cluster_test_0010,point_cluster,0.9964294072909679,31.298185865714817,0.5490207590225963,0.001444024732336402,0.0019225050054956228
P00_rsbfilm_scalar_Pcyc,1,point_cluster_test_0011,point_cluster,1.0071830324252238,34.875964299918266,0.7359189578932054,0.0009662091033533216,0.001916025998070836
P00_rsbfilm_scalar_Pcyc,1,point_cluster_test_0012,point_cluster,0.9991916147513666,33.65825871153155,0.6786211490080986,0.0010588947916403413,0.0019224309944547713
P00_rsbfilm_scalar_Pcyc,1,point_cluster_test_0013,point_cluster,1.036215719939937,32.20611472038361,0.5996404569219875,0.0017766145756468177,0.0019158990035066381
P00_rsbfilm_scalar_Pcyc,1,point_cluster_test_0014,point_cluster,1.0169233524353338,34.1888717293856,0.7026029103862835,0.000830029253847897,0.001907028999994509
P00_rsbfilm_scalar_Pcyc,1,point_cluster_test_0015,point_cluster,1.0195433318259497,34.311727981405234,0.7091634101652983,0.0009494757978245616,0.0021613739954773337
P00_rsbfilm_scalar_Pcyc,1,point_cluster_test_0016,point_cluster,0.9935326797729434,31.90687520925018,0.614691806881262,0.0012775701470673084,0.0019788859935943037
P00_rsbfilm_scalar_Pcyc,1,point_cluster_test_0017,point_cluster,1.0280674807813228,36.02649236346721,0.8558607791065933,0.0006414004601538181,0.0019229119934607297
P00_rsbfilm_scalar_Pcyc,1,point_cluster_test_0018,point_cluster,1.016762432527959,35.66344895679123,0.788985133232008,0.0008186716586351395,0.0019178229995304719
P00_rsbfilm_scalar_Pcyc,1,point_cluster_test_0019,point_cluster,0.9972458499872701,34.90585414217605,0.7363152158703424,0.0006669338908977807,0.0019720339914783835
P00_rsbfilm_scalar_Pcyc,2,line_test_0000,line,1.020306747140912,30.753706203217313,0.5195852769839342,0.0022706175222992897,0.001941952999914065
P00_rsbfilm_scalar_Pcyc,2,line_test_0001,line,1.0044636953934307,25.890881674241573,0.2621116631829127,0.004784438759088516,0.0019342900050105527
P00_rsbfilm_scalar_Pcyc,2,line_test_0002,line,1.0119073165304924,30.150892859786182,0.4883953666924437,0.0028252589982002974,0.0019209789898013696
P00_rsbfilm_scalar_Pcyc,2,line_test_0003,line,1.1214566664273649,33.413290366238826,0.6525509023784551,0.0024005379527807236,0.0024221569910878316
P00_rsbfilm_scalar_Pcyc,2,line_test_0004,line,1.118824674966404,36.15078622890428,0.7819358555241399,0.0013965197140350938,0.0019264110014773905
P00_rsbfilm_scalar_Pcyc,2,line_test_0005,line,1.0438016101213194,32.23083140716009,0.5988507663756824,0.0018503405153751373,0.0019165230041835457
P00_rsbfilm_scalar_Pcyc,2,line_test_0006,line,1.0371258720761058,31.440726616563186,0.5584792719776978,0.0022765768226236105,0.0019341070001246408
P00_rsbfilm_scalar_Pcyc,2,line_test_0007,line,1.0193040016139059,29.705864926243784,0.4677362444068528,0.002391287125647068,0.0019114499882562086
P00_rsbfilm_scalar_Pcyc,2,line_test_0008,line,1.0084464537880895,25.784217615094246,0.24847384660442148,0.004097498022019863,0.0019172229949617758
P00_rsbfilm_scalar_Pcyc,2,line_test_0009,line,1.0182386168450617,30.128324245530077,0.4847222905104353,0.0025016346480697393,0.0019077579927397892
P00_rsbfilm_scalar_Pcyc,2,line_test_0010,line,1.0425292951460423,32.23879264475871,0.599986993370325,0.002077612793073058,0.0019095729949185625
P00_rsbfilm_scalar_Pcyc,2,line_test_0011,line,1.0116685043923481,27.696507143404403,0.34870316040383953,0.0032995392102748156,0.0019633820047602057
P00_rsbfilm_scalar_Pcyc,2,line_test_0012,line,1.013463018773644,29.62384051182264,0.4572694719766046,0.0027774435002356768,0.0019670299952849746
P00_rsbfilm_scalar_Pcyc,2,line_test_0013,line,1.006104878014637,26.987302803161185,0.33100372012005314,0.0035284864716231823,0.0024242180079454556
P00_rsbfilm_scalar_Pcyc,2,line_test_0014,line,1.06857818885623,34.541897923720605,0.7159438753881977,0.001496845274232328,0.001982627989491448
P00_rsbfilm_scalar_Pcyc,2,line_test_0015,line,1.1123906728405597,34.926522385568674,0.7292802558027469,0.0017540755216032267,0.0019328530033817515
P00_rsbfilm_scalar_Pcyc,2,line_test_0016,line,1.007870047251798,28.16896525842253,0.37800178588753974,0.003511440707370639,0.002008962008403614
P00_rsbfilm_scalar_Pcyc,2,line_test_0017,line,1.0669553892243764,31.81354010067299,0.5750573633768491,0.0019528833217918873,0.0018974889972014353
P00_rsbfilm_scalar_Pcyc,2,line_test_0018,line,1.0128179523630956,29.313289382715922,0.4383779441642707,0.002854599617421627,0.0019666630105348304
P00_rsbfilm_scalar_Pcyc,2,line_test_0019,line,1.018182817326545,29.222830997124742,0.435883704082775,0.0024891479406505823,0.001904949007439427
P00_rsbfilm_scalar_Pcyc,2,cross_test_0000,cross,1.0587225357307626,31.932543080417382,0.5803777236365381,0.002459299750626087,0.0019199980015400797
P00_rsbfilm_scalar_Pcyc,2,cross_test_0001,cross,1.006838914346586,26.471074306268218,0.2813290907064477,0.00397974019870162,0.0019523369992384687
P00_rsbfilm_scalar_Pcyc,2,cross_test_0002,cross,1.031447638093622,30.23051635610038,0.48666932953133246,0.0023823915980756283,0.0019169659935869277
P00_rsbfilm_scalar_Pcyc,2,cross_test_0003,cross,0.9763617128883819,27.73679345286832,0.37314797494718666,0.0038074017502367496,0.002276327009894885
P00_rsbfilm_scalar_Pcyc,2,cross_test_0004,cross,1.0070304678081865,27.8352631928839,0.358652243349261,0.0036060542333871126,0.0019845210044877604
P00_rsbfilm_scalar_Pcyc,2,cross_test_0005,cross,1.036942784670905,31.007163970774844,0.530083503104227,0.002539006993174553,0.0019307530019432306
P00_rsbfilm_scalar_Pcyc,2,cross_test_0006,cross,1.0184201989191037,28.640972352712023,0.3954941169118554,0.002697091083973646,0.002028535003773868
P00_rsbfilm_scalar_Pcyc,2,cross_test_0007,cross,1.0606753915291232,33.67549948702167,0.6744303848986622,0.0017342166975140572,0.001910164995933883
P00_rsbfilm_scalar_Pcyc,2,cross_test_0008,cross,1.0188152278391593,27.88507973484591,0.3659666550949134,0.004201892297714949,0.0019005570065928623
P00_rsbfilm_scalar_Pcyc,2,cross_test_0009,cross,1.0543850587337742,32.64960710362895,0.6204592984465581,0.0018584526842460036,0.0019204639975214377
P00_rsbfilm_scalar_Pcyc,2,cross_test_0010,cross,1.0545767332419864,31.816734590502527,0.5742803032184048,0.0023718043230473995,0.0019273109937785193
P00_rsbfilm_scalar_Pcyc,2,cross_test_0011,cross,1.0162807434150607,27.24402224751856,0.3328775959058752,0.0045774709433317184,0.001966776995686814
P00_rsbfilm_scalar_Pcyc,2,cross_test_0012,cross,1.0311994219417964,31.533176198914404,0.5622306296244046,0.002236715517938137,0.0018960329907713458
P00_rsbfilm_scalar_Pcyc,2,cross_test_0013,cross,1.0380030890930887,31.50025423530859,0.5586109370987208,0.0025628528092056513,0.0019953209994127974
P00_rsbfilm_scalar_Pcyc,2,cross_test_0014,cross,1.0082797264115428,27.6677138711176,0.3466774709037222,0.0032024134416133165,0.0018998859886778519
P00_rsbfilm_scalar_Pcyc,2,L_shape_test_0000,L-shape,1.0021952333512407,26.162650694922927,0.27954483780432815,0.004837971180677414,0.001935823995154351
P00_rsbfilm_scalar_Pcyc,2,L_shape_test_0001,L-shape,1.0081360102966976,27.62826244975787,0.3432357055938867,0.003167909337207675,0.0019139640062348917
P00_rsbfilm_scalar_Pcyc,2,L_shape_test_0002,L-shape,1.008188633055953,27.24550287481491,0.32827171197628807,0.0041643595322966576,0.0018939319998025894
P00_rsbfilm_scalar_Pcyc,2,L_shape_test_0003,L-shape,1.004707926993895,27.46790040302138,0.33818945556837515,0.003772099269554019,0.0019696609961101785
P00_rsbfilm_scalar_Pcyc,2,L_shape_test_0004,L-shape,0.9989593646735155,25.784906762033756,0.25536455456845997,0.0047262851148843765,0.0019918920006603003
P00_rsbfilm_scalar_Pcyc,2,L_shape_test_0005,L-shape,1.0059330122766033,27.114028872389664,0.31958037436354064,0.0037990768905729055,0.0019046819943469018
P00_rsbfilm_scalar_Pcyc,2,L_shape_test_0006,L-shape,1.028096911785763,31.04073999542622,0.5340828470252283,0.0021415594965219498,0.0019071620044996962
P00_rsbfilm_scalar_Pcyc,2,L_shape_test_0007,L-shape,0.9973760906536844,27.01093163078746,0.3199670299263203,0.0041733686812222,0.0019282400025986135
P00_rsbfilm_scalar_Pcyc,2,L_shape_test_0008,L-shape,1.0162693315082085,30.404320337275692,0.49962708546815354,0.0024315158370882273,0.002207094003097154
P00_rsbfilm_scalar_Pcyc,2,L_shape_test_0009,L-shape,1.0088633956976214,26.36491620713027,0.2805636045182512,0.0044576250948011875,0.0019481209892546758
P00_rsbfilm_scalar_Pcyc,2,L_shape_test_0010,L-shape,1.0269854688629358,30.486809193559846,0.5036876710585745,0.0025067690294235945,0.002013418998103589
P00_rsbfilm_scalar_Pcyc,2,L_shape_test_0011,L-shape,1.0527174658466367,33.15672554911314,0.6483244832316497,0.001724822330288589,0.001958220003871247
P00_rsbfilm_scalar_Pcyc,2,L_shape_test_0012,L-shape,1.0025690918458168,26.74719597793061,0.30223858659391756,0.003959978464990854,0.0019101489888271317
P00_rsbfilm_scalar_Pcyc,2,L_shape_test_0013,L-shape,1.002098949203187,27.253087372159253,0.3267056149239793,0.003797743935137987,0.0019528789998730645
P00_rsbfilm_scalar_Pcyc,2,L_shape_test_0014,L-shape,1.0336094516022933,32.049233212536954,0.5904456645112779,0.002180250594392419,0.001962235997780226
P00_rsbfilm_scalar_Pcyc,2,L_shape_test_0015,L-shape,0.9988358501904006,25.870682508618266,0.25901119572961295,0.0043687839061021805,0.0019169559964211658
P00_rsbfilm_scalar_Pcyc,2,L_shape_test_0016,L-shape,1.005598605608462,27.386507229562014,0.33250127454114714,0.003701999317854643,0.001962160997209139
P00_rsbfilm_scalar_Pcyc,2,L_shape_test_0017,L-shape,1.0044997253077779,26.280623331351745,0.28105307507801924,0.004662730265408754,0.0019247040036134422
P00_rsbfilm_scalar_Pcyc,2,L_shape_test_0018,L-shape,1.0027392019552082,26.18777355276727,0.27076440598176715,0.004385520238429308,0.0019228570017730817
P00_rsbfilm_scalar_Pcyc,2,L_shape_test_0019,L-shape,1.070751666140513,33.03312054789031,0.6384701815282204,0.0020723885390907526,0.00190110900439322
P00_rsbfilm_scalar_Pcyc,2,double_line_test_0000,double-line,0.9915008293795716,26.269635816747666,0.2833799761577153,0.004070935770869255,0.002125390004948713
P00_rsbfilm_scalar_Pcyc,2,double_line_test_0001,double-line,1.0090276660231385,26.598079835110646,0.31383488093918416,0.005025726277381182,0.0019047389941988513
P00_rsbfilm_scalar_Pcyc,2,double_line_test_0002,double-line,1.039874116565049,31.076023451518576,0.5356533822202587,0.002059594728052616,0.0019038939935853705
P00_rsbfilm_scalar_Pcyc,2,double_line_test_0003,double-line,1.002264058187156,25.61746666900067,0.24006039418598557,0.004662075079977512,0.002079469006275758
P00_rsbfilm_scalar_Pcyc,2,double_line_test_0004,double-line,0.9702598359639364,26.026242771104194,0.2840262865211461,0.004835290834307671,0.001957771004526876
P00_rsbfilm_scalar_Pcyc,2,double_line_test_0005,double-line,1.0082289866809822,25.958706103269172,0.2568227706018885,0.004160148091614246,0.0018980739987455308
P00_rsbfilm_scalar_Pcyc,2,double_line_test_0006,double-line,1.0026923480526744,25.29109909595189,0.25608323685501594,0.006015311926603317,0.001973528997041285
P00_rsbfilm_scalar_Pcyc,2,double_line_test_0007,double-line,1.041526311405354,31.765704436604445,0.5728434679439263,0.0022876483853906393,0.002169660001527518
P00_rsbfilm_scalar_Pcyc,2,double_line_test_0008,double-line,1.024138544901783,28.263906895610535,0.37630184705465825,0.003383377566933632,0.001920530994539149
P00_rsbfilm_scalar_Pcyc,2,double_line_test_0009,double-line,1.0123705669677747,27.916656963207682,0.35672952658330176,0.0033313711173832417,0.0019143219979014248
P00_rsbfilm_scalar_Pcyc,2,double_line_test_0010,double-line,1.0069731661189456,26.310364671976657,0.27488011766531034,0.004100155085325241,0.0019069650006713346
P00_rsbfilm_scalar_Pcyc,2,double_line_test_0011,double-line,1.0053201362949051,27.959154207305822,0.3610318136060618,0.0031955288723111153,0.001994944002944976
P00_rsbfilm_scalar_Pcyc,2,double_line_test_0012,double-line,1.022280718111991,30.553073562319074,0.5067723407985072,0.002350091002881527,0.0019209120073355734
P00_rsbfilm_scalar_Pcyc,2,double_line_test_0013,double-line,1.0053628061159965,24.98917080488887,0.20932178040482763,0.005044196266680956,0.0019841260073008016
P00_rsbfilm_scalar_Pcyc,2,double_line_test_0014,double-line,0.9960423788522991,25.79518990789464,0.2697583472831141,0.005528184585273266,0.0019125589897157624
P00_rsbfilm_scalar_Pcyc,2,small_rect_edge_test_0000,small_rect_edge,1.0131578911976158,29.83209651506662,0.4689586159086337,0.002441688906401396,0.0019158279901603237
P00_rsbfilm_scalar_Pcyc,2,small_rect_edge_test_0001,small_rect_edge,1.0316500071903059,30.661845521880892,0.5118940466362277,0.0024693410377949476,0.0019134809990646318
P00_rsbfilm_scalar_Pcyc,2,small_rect_edge_test_0002,small_rect_edge,1.0165281003017599,27.650645065769837,0.3433833073459102,0.0031209366861730814,0.0019843990012304857
P00_rsbfilm_scalar_Pcyc,2,small_rect_edge_test_0003,small_rect_edge,1.0288296511923813,30.385743834096722,0.4955462926278516,0.0023756101727485657,0.0019100430072285235
P00_rsbfilm_scalar_Pcyc,2,small_rect_edge_test_0004,small_rect_edge,1.0296210780302812,29.024582724779368,0.4234940206638772,0.0035195949021726847,0.001959750006790273
P00_rsbfilm_scalar_Pcyc,2,small_rect_edge_test_0005,small_rect_edge,1.023698403321803,29.3599976409833,0.4518700654556316,0.002991713583469391,0.0019442659977357835
P00_rsbfilm_scalar_Pcyc,2,small_rect_edge_test_0006,small_rect_edge,1.0212110691667184,29.87401675065694,0.4671887592523174,0.002495501423254609,0.0019081490027019754
P00_rsbfilm_scalar_Pcyc,2,small_rect_edge_test_0007,small_rect_edge,1.0258241134773332,28.96695221229266,0.4152453006698127,0.002580108353868127,0.0019240370020270348
P00_rsbfilm_scalar_Pcyc,2,small_rect_edge_test_0008,small_rect_edge,1.035642215262453,28.270079517386748,0.3798603889850854,0.0037462981417775154,0.0018815190123859793
P00_rsbfilm_scalar_Pcyc,2,small_rect_edge_test_0009,small_rect_edge,1.0303979340942202,30.765762997422563,0.5175304922644693,0.002287515439093113,0.0019034399883821607
P00_rsbfilm_scalar_Pcyc,2,point_cluster_test_0000,point_cluster,1.0719582968987817,32.61654545996972,0.6660854718528605,0.0019412144320085645,0.0018907149933511391
P00_rsbfilm_scalar_Pcyc,2,point_cluster_test_0001,point_cluster,1.0098505409991458,31.62859728238932,0.5733602976597574,0.0025673487689346075,0.001895321998745203
P00_rsbfilm_scalar_Pcyc,2,point_cluster_test_0002,point_cluster,1.1215296587891963,35.1075311964327,0.7362242214870038,0.0017958043608814478,0.0019290619966341183
P00_rsbfilm_scalar_Pcyc,2,point_cluster_test_0003,point_cluster,1.1311636645106478,35.328836417355106,0.7453804501703684,0.0017441443633288145,0.0018939220026368275
P00_rsbfilm_scalar_Pcyc,2,point_cluster_test_0004,point_cluster,1.0212434112822897,31.327096948314605,0.5540737296554935,0.0026470741722732782,0.0019044020009459928
P00_rsbfilm_scalar_Pcyc,2,point_cluster_test_0005,point_cluster,1.0438001784626003,31.179777657496963,0.5403173499939063,0.002656887983903289,0.0020001969969598576
P00_rsbfilm_scalar_Pcyc,2,point_cluster_test_0006,point_cluster,1.1329518088533996,34.52586636581998,0.7411575114474728,0.0017158150440081954,0.0019774470129050314
P00_rsbfilm_scalar_Pcyc,2,point_cluster_test_0007,point_cluster,1.1492938896891316,35.00380210579518,0.7581537732260186,0.0018167278030887246,0.0019037780002690852
P00_rsbfilm_scalar_Pcyc,2,point_cluster_test_0008,point_cluster,1.085228454622921,34.394829939229496,0.7060944104808933,0.001821447629481554,0.001906268997117877
P00_rsbfilm_scalar_Pcyc,2,point_cluster_test_0009,point_cluster,1.184082866121086,35.345594674289316,0.7901248858592728,0.0016558804782107472,0.0019093439914286137
P00_rsbfilm_scalar_Pcyc,2,point_cluster_test_0010,point_cluster,1.0340152669207523,31.13738170658326,0.5389210218025204,0.0024618234019726515,0.0018967489886563271
P00_rsbfilm_scalar_Pcyc,2,point_cluster_test_0011,point_cluster,1.1040215244336153,34.477273188309674,0.7070122092808572,0.001959732500836253,0.0019088029948761687
P00_rsbfilm_scalar_Pcyc,2,point_cluster_test_0012,point_cluster,1.13121832267324,33.11928226523484,0.6414158636930088,0.0024165192153304815,0.0019750950013985857
P00_rsbfilm_scalar_Pcyc,2,point_cluster_test_0013,point_cluster,1.129486542214664,31.83180607158398,0.5659752559666088,0.003163351444527507,0.001890224011731334
P00_rsbfilm_scalar_Pcyc,2,point_cluster_test_0014,point_cluster,1.0936177582696365,33.87309832514516,0.680591479187337,0.0018601369811221957,0.0019085770036326721
P00_rsbfilm_scalar_Pcyc,2,point_cluster_test_0015,point_cluster,1.1613887816396498,33.74600835176104,0.6712108605694509,0.0020800221245735884,0.0019852109981002286
P00_rsbfilm_scalar_Pcyc,2,point_cluster_test_0016,point_cluster,1.0436079664157802,31.693323305289006,0.5996137887938123,0.0022468094248324633,0.001917323999805376
P00_rsbfilm_scalar_Pcyc,2,point_cluster_test_0017,point_cluster,1.2655058528382697,35.124066963412126,0.8167232261950208,0.0017377356998622417,0.0019147210114169866
P00_rsbfilm_scalar_Pcyc,2,point_cluster_test_0018,point_cluster,1.200076934517879,34.94355314027283,0.7463873521334006,0.0019622191321104765,0.0019397419964661822
P00_rsbfilm_scalar_Pcyc,2,point_cluster_test_0019,point_cluster,1.0844940949803583,34.541604429374495,0.7139940935407438,0.0016129111172631383,0.0019534820021362975
P01_rsbfilm_no_Pcyc,0,line_test_0000,line,0.9816288634553881,30.921540502580356,0.5313568419964112,0.0019788104109466076,0.001933120991452597
P01_rsbfilm_no_Pcyc,0,line_test_0001,line,0.9755675530841064,26.017650684876358,0.2747438676949694,0.004413952585309744,0.0019291010103188455
P01_rsbfilm_no_Pcyc,0,line_test_0002,line,0.9755713068269576,30.309709914640827,0.4999333561228436,0.002451965119689703,0.0019048559915972874
P01_rsbfilm_no_Pcyc,0,line_test_0003,line,1.021308918323257,33.8195441363957,0.6801370798857468,0.002063167979940772,0.0019837380095850676
P01_rsbfilm_no_Pcyc,0,line_test_0004,line,0.9906115343276365,36.67937261278566,0.8047403577004231,0.0011701355688273907,0.0019642920087790117
P01_rsbfilm_no_Pcyc,0,line_test_0005,line,0.9819476355477181,32.49612735792589,0.6175805097524641,0.001712554250843823,0.001882393000414595
P01_rsbfilm_no_Pcyc,0,line_test_0006,line,0.996096767311319,31.616026074791503,0.568299736254727,0.0020265760831534863,0.0018876329995691776
P01_rsbfilm_no_Pcyc,0,line_test_0007,line,0.9786171678545583,29.882773945291888,0.4831985026075642,0.0022787197958678007,0.0018940720037790015
P01_rsbfilm_no_Pcyc,0,line_test_0008,line,0.9798839342600274,25.908999414030713,0.2648477949177132,0.0040130033157765865,0.0019087669934378937
P01_rsbfilm_no_Pcyc,0,line_test_0009,line,0.9681282371928915,30.347490922836272,0.5030567367936296,0.0021715036127716303,0.0018977650033775717
P01_rsbfilm_no_Pcyc,0,line_test_0010,line,0.9818774256061857,32.499102550778844,0.618437323296812,0.0017809622222557664,0.0019731729989871383
P01_rsbfilm_no_Pcyc,0,line_test_0011,line,0.9958928349392269,27.764763350021795,0.35176176804983567,0.0029148629400879145,0.0019558130006771535
P01_rsbfilm_no_Pcyc,0,line_test_0012,line,0.9828568556227573,29.757016876880126,0.46653550687505513,0.002387857297435403,0.0019010459946002811
P01_rsbfilm_no_Pcyc,0,line_test_0013,line,0.9699661285196121,27.14616967922693,0.3488175379195793,0.0033144892659038305,0.0019001429900527
P01_rsbfilm_no_Pcyc,0,line_test_0014,line,0.9903660993430369,34.87200317862485,0.73328031647441,0.0013108128914609551,0.0019135710026603192
P01_rsbfilm_no_Pcyc,0,line_test_0015,line,0.999956395297433,35.38928534258583,0.7537093795145948,0.001459999242797494,0.0018940449954243377
P01_rsbfilm_no_Pcyc,0,line_test_0016,line,0.9721417622888407,28.325714455734058,0.3907508624507583,0.0030254710000008345,0.0019398370059207082
P01_rsbfilm_no_Pcyc,0,line_test_0017,line,1.0178764285630075,32.01805211963333,0.5894897748201859,0.0016692118952050805,0.0018923250027000904
P01_rsbfilm_no_Pcyc,0,line_test_0018,line,0.9774517544675332,29.467649914987728,0.4514271933096542,0.00258122687228024,0.001958687003934756
P01_rsbfilm_no_Pcyc,0,line_test_0019,line,0.9718645636716048,29.42503122655305,0.4561808095092778,0.00242099491879344,0.0018777150107780471
P01_rsbfilm_no_Pcyc,0,cross_test_0000,cross,0.9824230501261022,32.25737905541149,0.6054818987601944,0.002140810713171959,0.001971158999367617
P01_rsbfilm_no_Pcyc,0,cross_test_0001,cross,0.9787615739420583,26.593904992149305,0.2958728271746604,0.003886950435116887,0.0019006090005859733
P01_rsbfilm_no_Pcyc,0,cross_test_0002,cross,0.989911588995376,30.4090241237971,0.5020521118023666,0.002104859333485365,0.0018965199997182935
P01_rsbfilm_no_Pcyc,0,cross_test_0003,cross,0.9857156365603644,27.695384334151267,0.35097952975407976,0.003267347812652588,0.0019197490037186071
P01_rsbfilm_no_Pcyc,0,cross_test_0004,cross,0.9776314729975417,27.96393753941947,0.368531397269244,0.00322300149127841,0.0018934609979623929
P01_rsbfilm_no_Pcyc,0,cross_test_0005,cross,0.9852284248069304,31.229342372269354,0.5484372947101659,0.0025034823920577765,0.001952599996002391
P01_rsbfilm_no_Pcyc,0,cross_test_0006,cross,0.9694040717912078,28.855194250529475,0.4187231732174122,0.002558742882683873,0.0018783129926305264
P01_rsbfilm_no_Pcyc,0,cross_test_0007,cross,0.9852391732714,33.99590792399898,0.6935973884895168,0.0015671909786760807,0.0018891090003307909
P01_rsbfilm_no_Pcyc,0,cross_test_0008,cross,0.9763198282956482,28.070113139869747,0.3774284869118503,0.0034063514322042465,0.0018908740021288395
P01_rsbfilm_no_Pcyc,0,cross_test_0009,cross,0.9889917157046234,32.92767323358563,0.6393131069684839,0.0016363045433536172,0.00196365499868989
P01_rsbfilm_no_Pcyc,0,cross_test_0010,cross,0.977220434489181,32.147591157654304,0.5999252593111079,0.002067496767267585,0.0019599039951572195
P01_rsbfilm_no_Pcyc,0,cross_test_0011,cross,0.9819893314219104,27.393091552206933,0.34097513419804615,0.0038264559116214514,0.0019025980000151321
P01_rsbfilm_no_Pcyc,0,cross_test_0012,cross,0.988656946498739,31.716146927015547,0.5751661810160582,0.0019352645613253117,0.0019436109869275242
P01_rsbfilm_no_Pcyc,0,cross_test_0013,cross,0.9764881750486459,31.76557081678368,0.5795747088343054,0.0022573519963771105,0.0019026689988095313
P01_rsbfilm_no_Pcyc,0,cross_test_0014,cross,0.9775364813552875,27.80219430022996,0.3598643512357572,0.002923986641690135,0.0018860140116885304
P01_rsbfilm_no_Pcyc,0,L_shape_test_0000,L-shape,0.9807881077467692,26.256422392095597,0.2848363054511792,0.004315359052270651,0.002021230000536889
P01_rsbfilm_no_Pcyc,0,L_shape_test_0001,L-shape,0.9726680551625406,27.783806946370465,0.36071369522546565,0.003031149273738265,0.0018947150092571974
P01_rsbfilm_no_Pcyc,0,L_shape_test_0002,L-shape,0.9724108722620082,27.402422703071714,0.34542689466994897,0.003861593082547188,0.0018893820088123903
P01_rsbfilm_no_Pcyc,0,L_shape_test_0003,L-shape,0.9793088612746648,27.579102081500395,0.347897297044812,0.0034912365954369307,0.0018895340035669506
P01_rsbfilm_no_Pcyc,0,L_shape_test_0004,L-shape,0.9806118484540594,25.865413392871268,0.26317503183240915,0.00454329326748848,0.001954361010575667
P01_rsbfilm_no_Pcyc,0,L_shape_test_0005,L-shape,0.9827507604969932,27.215285467440143,0.32828127397086493,0.0035063636023551226,0.0019827759970212355
P01_rsbfilm_no_Pcyc,0,L_shape_test_0006,L-shape,0.9801278166401897,31.248253280020677,0.549915769912649,0.0019349983194842935,0.0019303000008221716
P01_rsbfilm_no_Pcyc,0,L_shape_test_0007,L-shape,0.9815179954103875,27.08053885648902,0.31993194176712286,0.003675866173580289,0.0019650379981612787
P01_rsbfilm_no_Pcyc,0,L_shape_test_0008,L-shape,0.9812100255672443,30.556788545299373,0.511201960007467,0.0021863216534256935,0.0018949399964185432
P01_rsbfilm_no_Pcyc,0,L_shape_test_0009,L-shape,0.9650863396782257,26.557578138195158,0.3061382601081849,0.004400922916829586,0.0018728069990174845
P01_rsbfilm_no_Pcyc,0,L_shape_test_0010,L-shape,0.9830194931199913,30.676830784140165,0.5177593304234888,0.0021120705641806126,0.0018752360047074035
P01_rsbfilm_no_Pcyc,0,L_shape_test_0011,L-shape,0.9876260994618631,33.43391810187062,0.6655662691348734,0.0015243901871144772,0.0020649420039262623
P01_rsbfilm_no_Pcyc,0,L_shape_test_0012,L-shape,0.9871136608276471,26.814667238570827,0.30359303375121294,0.0035446109250187874,0.0018984970083693042
P01_rsbfilm_no_Pcyc,0,L_shape_test_0013,L-shape,0.9863071385206932,27.322071465183008,0.3294313778697829,0.003473384538665414,0.0019648730085464194
P01_rsbfilm_no_Pcyc,0,L_shape_test_0014,L-shape,0.9845097239562889,32.26059791329484,0.6050150153454713,0.001832095324061811,0.0019578139908844605
P01_rsbfilm_no_Pcyc,0,L_shape_test_0015,L-shape,0.9790470075811122,25.95758816667704,0.26782279402220843,0.004216169938445091,0.0018834729999070987
P01_rsbfilm_no_Pcyc,0,L_shape_test_0016,L-shape,0.9828226880953154,27.486002276762356,0.33993040751826475,0.003387204371392727,0.0018939709989354014
P01_rsbfilm_no_Pcyc,0,L_shape_test_0017,L-shape,0.9782201523420105,26.39575528734332,0.28952199538151485,0.004129065200686455,0.0018906869954662398
P01_rsbfilm_no_Pcyc,0,L_shape_test_0018,L-shape,0.9803040636096367,26.286045622209055,0.2799860246832007,0.004122354090213776,0.0019032220006920397
P01_rsbfilm_no_Pcyc,0,L_shape_test_0019,L-shape,0.9840863608515742,33.399676368886134,0.6637893339540317,0.001782226376235485,0.0018845300073735416
P01_rsbfilm_no_Pcyc,0,double_line_test_0000,double-line,0.9801196921327785,26.31977556568677,0.282292194467084,0.0037126424722373486,0.0018882980075431988
P01_rsbfilm_no_Pcyc,0,double_line_test_0001,double-line,0.9809006166733658,26.72086038118513,0.3077262517033927,0.004159222356975079,0.002550931996665895
P01_rsbfilm_no_Pcyc,0,double_line_test_0002,double-line,0.99585553734354,31.26386781175593,0.5480090261856753,0.0018842598656192422,0.0019022009946638718
P01_rsbfilm_no_Pcyc,0,double_line_test_0003,double-line,0.9751283287255754,25.73667062435956,0.2561394935791383,0.004651308991014957,0.0019156100024702027
P01_rsbfilm_no_Pcyc,0,double_line_test_0004,double-line,0.9803947725684391,25.98111345664519,0.2659611849311416,0.004466034937649965,0.001931554012116976
P01_rsbfilm_no_Pcyc,0,double_line_test_0005,double-line,0.9957615863814016,26.012744256540895,0.2590031334961063,0.004009486176073551,0.0019519580091582611
P01_rsbfilm_no_Pcyc,0,double_line_test_0006,double-line,0.9667335086036947,25.449708529385,0.2593719699361908,0.0049916827119886875,0.0018875550013035536
P01_rsbfilm_no_Pcyc,0,double_line_test_0007,double-line,0.9732337032165411,32.060235409482594,0.5955040221872114,0.002177497139200568,0.0018900939903687686
P01_rsbfilm_no_Pcyc,0,double_line_test_0008,double-line,0.971310205314013,28.49391453755929,0.4014150668235648,0.0031850540544837713,0.001943934999871999
P01_rsbfilm_no_Pcyc,0,double_line_test_0009,double-line,0.973037605631299,28.088755705290424,0.37592844709792744,0.0032102649565786123,0.0018898810085374862
P01_rsbfilm_no_Pcyc,0,double_line_test_0010,double-line,0.9789273457827712,26.433038916326673,0.289386412640392,0.0039738439954817295,0.0018921409937320277
P01_rsbfilm_no_Pcyc,0,double_line_test_0011,double-line,0.9835415896667028,28.054270799613338,0.36863477185159077,0.0030567795038223267,0.0021378310048021376
P01_rsbfilm_no_Pcyc,0,double_line_test_0012,double-line,0.9620634876387241,30.81673791578513,0.5300918648065557,0.002202653093263507,0.0019174939952790737
P01_rsbfilm_no_Pcyc,0,double_line_test_0013,double-line,0.9791593448521877,25.103865336780334,0.22757133995038772,0.005218717735260725,0.0018774579948512837
P01_rsbfilm_no_Pcyc,0,double_line_test_0014,double-line,0.9813620730147692,25.859675524507793,0.26515663077402113,0.004760601092129946,0.0019018270104425028
P01_rsbfilm_no_Pcyc,0,small_rect_edge_test_0000,small_rect_edge,0.9797354999868856,29.977779634926446,0.47904461761191713,0.0020823946688324213,0.0019048750109504908
P01_rsbfilm_no_Pcyc,0,small_rect_edge_test_0001,small_rect_edge,0.9810827533701795,30.880112784809207,0.5296772244204657,0.0021921161096543074,0.0018819120014086366
P01_rsbfilm_no_Pcyc,0,small_rect_edge_test_0002,small_rect_edge,0.9958137359075095,27.74005772707155,0.35094504056211345,0.002967596985399723,0.0021583589987130836
P01_rsbfilm_no_Pcyc,0,small_rect_edge_test_0003,small_rect_edge,0.9713529445620193,30.635407978890864,0.5182292039200312,0.002429248532280326,0.001956359003088437
P01_rsbfilm_no_Pcyc,0,small_rect_edge_test_0004,small_rect_edge,0.9815497669222069,29.23223369196668,0.4404517927497258,0.002945751417428255,0.001888045997475274
P01_rsbfilm_no_Pcyc,0,small_rect_edge_test_0005,small_rect_edge,0.9903049386807428,29.50402817531008,0.46081279661813207,0.0024266373366117477,0.0019017520098714158
P01_rsbfilm_no_Pcyc,0,small_rect_edge_test_0006,small_rect_edge,0.9858085306491546,30.02724613619319,0.48058340988678777,0.0023988496977835894,0.002052664989605546
P01_rsbfilm_no_Pcyc,0,small_rect_edge_test_0007,small_rect_edge,0.9985360325555607,29.084043714535103,0.4228768633002913,0.0023857057094573975,0.0018900430004578084
P01_rsbfilm_no_Pcyc,0,small_rect_edge_test_0008,small_rect_edge,0.9912993938214213,28.46012873216067,0.39682443079990265,0.0031518833711743355,0.0019006189977517352
P01_rsbfilm_no_Pcyc,0,small_rect_edge_test_0009,small_rect_edge,0.9882481942571814,30.947152402347214,0.5316097562209806,0.0020762085914611816,0.0019585219997679815
P01_rsbfilm_no_Pcyc,0,point_cluster_test_0000,point_cluster,0.9972111017691135,32.93045335100797,0.6849707921429445,0.001837761839851737,0.0019637119985418394
P01_rsbfilm_no_Pcyc,0,point_cluster_test_0001,point_cluster,0.9862569849842567,31.731267429551547,0.5763802956816557,0.002108840038999915,0.00194239299162291
P01_rsbfilm_no_Pcyc,0,point_cluster_test_0002,point_cluster,1.015172240480309,35.540241514561735,0.7589118100910728,0.001537191215902567,0.001975031991605647
P01_rsbfilm_no_Pcyc,0,point_cluster_test_0003,point_cluster,1.0005495951931485,35.86170486965182,0.7723582316934556,0.0014538872055709362,0.0018917829875135794
P01_rsbfilm_no_Pcyc,0,point_cluster_test_0004,point_cluster,0.991619345336446,31.454939433251642,0.560832299149316,0.0022671506740152836,0.0018948069919133559
P01_rsbfilm_no_Pcyc,0,point_cluster_test_0005,point_cluster,0.9875626008386995,31.420305055465274,0.5590362954158283,0.002154774032533169,0.001953797007445246
P01_rsbfilm_no_Pcyc,0,point_cluster_test_0006,point_cluster,1.0514074683762478,34.85027023151755,0.7577818878842797,0.001548038562759757,0.0020742740016430616
P01_rsbfilm_no_Pcyc,0,point_cluster_test_0007,point_cluster,1.0199331497954105,35.52239585360715,0.7829294622371711,0.0015910898800939322,0.0019698849937412888
P01_rsbfilm_no_Pcyc,0,point_cluster_test_0008,point_cluster,0.9707026125279803,34.87917949374544,0.7338747631832186,0.001617895788513124,0.0018951770034618676
P01_rsbfilm_no_Pcyc,0,point_cluster_test_0009,point_cluster,0.9988267293227726,36.08451396152668,0.8215164760098309,0.0013016497250646353,0.0018894620006904006
P01_rsbfilm_no_Pcyc,0,point_cluster_test_0010,point_cluster,0.978230433087904,31.378239594497042,0.5582051868554865,0.00219952710904181,0.0018890420033130795
P01_rsbfilm_no_Pcyc,0,point_cluster_test_0011,point_cluster,1.0210215564640415,34.81669935281239,0.7259651366918313,0.0018465050961822271,0.0019846089999191463
P01_rsbfilm_no_Pcyc,0,point_cluster_test_0012,point_cluster,1.002194451461787,33.645226600918974,0.6750245985667764,0.001706705312244594,0.0018959669978357852
P01_rsbfilm_no_Pcyc,0,point_cluster_test_0013,point_cluster,1.0287015384058469,32.237722685370514,0.5967465479927445,0.002426417078822851,0.0018965729977935553
P01_rsbfilm_no_Pcyc,0,point_cluster_test_0014,point_cluster,1.0018009538335468,34.25393955157504,0.7038471336624278,0.0014640530571341515,0.0019331460061948746
P01_rsbfilm_no_Pcyc,0,point_cluster_test_0015,point_cluster,0.9946125881100821,34.41924510908491,0.7123858739079971,0.0015813277568668127,0.0018999259918928146
P01_rsbfilm_no_Pcyc,0,point_cluster_test_0016,point_cluster,0.9888604730793565,31.927346682961748,0.6158135072565775,0.0021338178776204586,0.0020519890094874427
P01_rsbfilm_no_Pcyc,0,point_cluster_test_0017,point_cluster,1.0440827803486425,35.95935931478014,0.8484903555928921,0.0013459435431286693,0.0019049190013902262
P01_rsbfilm_no_Pcyc,0,point_cluster_test_0018,point_cluster,1.024097088549333,35.632232788156955,0.7805082311811506,0.001632048632018268,0.0019521329959388822
P01_rsbfilm_no_Pcyc,0,point_cluster_test_0019,point_cluster,0.9779168773382385,34.9908570158789,0.7382497176549853,0.0014687381917610765,0.0018920639995485544
P01_rsbfilm_no_Pcyc,1,line_test_0000,line,2.380198531119349,27.074881623315797,0.38253333409800333,0.004846875090152025,0.0018970579985762015
P01_rsbfilm_no_Pcyc,1,line_test_0001,line,2.8094271315427872,21.424046546380882,0.13890108598421508,0.018481669947504997,0.0018993029952980578
P01_rsbfilm_no_Pcyc,1,line_test_0002,line,4.807493094533742,23.383113578420662,0.13801153821054304,0.013159966096282005,0.0018949389923363924
P01_rsbfilm_no_Pcyc,1,line_test_0003,line,20.815360709526747,20.727276015689373,0.03984038975881942,0.01731308549642563,0.0018863799923565239
P01_rsbfilm_no_Pcyc,1,line_test_0004,line,4.649440203437342,29.96439970705415,0.4553954924150254,0.0038085957057774067,0.0018999189924215898
P01_rsbfilm_no_Pcyc,1,line_test_0005,line,6.786016568194611,24.100861623523503,0.15494076455050734,0.010280183516442776,0.001976525003556162
P01_rsbfilm_no_Pcyc,1,line_test_0006,line,10.601154460423231,21.3455096123411,0.08446452378251745,0.012843838892877102,0.0019628579902928323
P01_rsbfilm_no_Pcyc,1,line_test_0007,line,4.426529423856705,23.328268845895927,0.16620304014811998,0.010783958248794079,0.0018989809905178845
P01_rsbfilm_no_Pcyc,1,line_test_0008,line,1.8134991463521604,23.23557247093898,0.23123899087816854,0.014363516122102737,0.0019129959982819855
P01_rsbfilm_no_Pcyc,1,line_test_0009,line,3.0721649663548103,25.332374497842174,0.23051714968916748,0.00894462876021862,0.0019567780109355226
P01_rsbfilm_no_Pcyc,1,line_test_0010,line,4.929251598764924,25.49186536743171,0.23531544392259612,0.0077847582288086414,0.0018822080019162968
P01_rsbfilm_no_Pcyc,1,line_test_0011,line,1.314760860499068,26.55842176385278,0.3291662842048365,0.0067229014821350574,0.0018781730032060295
P01_rsbfilm_no_Pcyc,1,line_test_0012,line,3.599186306206161,24.119876287742727,0.18949669307369055,0.010440301150083542,0.0018829059990821406
P01_rsbfilm_no_Pcyc,1,line_test_0013,line,3.1172887397261007,22.07596495221177,0.1901747564039353,0.013936758041381836,0.001905037002870813
P01_rsbfilm_no_Pcyc,1,line_test_0014,line,3.104963344752681,29.90939607063617,0.4446303339224117,0.0043247113935649395,0.0018873849912779406
P01_rsbfilm_no_Pcyc,1,line_test_0015,line,11.34169306858533,24.84231686333334,0.16921954399314273,0.008140082471072674,0.0019924549997085705
P01_rsbfilm_no_Pcyc,1,line_test_0016,line,3.4204013145752237,22.862239766155902,0.14432163842384152,0.014005512930452824,0.0019079469930147752
P01_rsbfilm_no_Pcyc,1,line_test_0017,line,1.7247868610186987,29.72764832913283,0.459141766373635,0.0041990517638623714,0.0019121910008834675
P01_rsbfilm_no_Pcyc,1,line_test_0018,line,3.847149506150859,23.517212644578155,0.16842106764255751,0.011343461461365223,0.0019036620069527999
P01_rsbfilm_no_Pcyc,1,line_test_0019,line,5.588420099893794,21.828198335774843,0.11150982424586982,0.01369941234588623,0.0018790229951264337
P01_rsbfilm_no_Pcyc,1,cross_test_0000,cross,10.753391472590835,21.864910123914623,0.06885434692293674,0.016591032966971397,0.0018875209934776649
P01_rsbfilm_no_Pcyc,1,cross_test_0001,cross,2.1553619328480282,23.165472222843594,0.2303798523993734,0.014476318843662739,0.0018791019974742085
P01_rsbfilm_no_Pcyc,1,cross_test_0002,cross,2.7018332756310324,26.048402981711316,0.2696950967367938,0.007455631624907255,0.0019463659991743043
P01_rsbfilm_no_Pcyc,1,cross_test_0003,cross,2.373048795921726,23.87983433875934,0.24716788561063938,0.01165007520467043,0.001872933004051447
P01_rsbfilm_no_Pcyc,1,cross_test_0004,cross,2.890958073107284,23.255271536493368,0.2198395137845875,0.012470227666199207,0.001884273995528929
P01_rsbfilm_no_Pcyc,1,cross_test_0005,cross,10.670983826615718,20.88266734001071,0.043167015835421735,0.021378321573138237,0.001951836995431222
P01_rsbfilm_no_Pcyc,1,cross_test_0006,cross,2.25423216236842,25.190256292204445,0.3660892293600721,0.0065997010096907616,0.0019143160025123507
P01_rsbfilm_no_Pcyc,1,cross_test_0007,cross,6.19990610204405,26.007473435937904,0.2720614028001385,0.006666719447821379,0.0019201100076315925
P01_rsbfilm_no_Pcyc,1,cross_test_0008,cross,3.7172030468391473,22.263871184636322,0.11421211186885685,0.016890786588191986,0.0018634369916981086
P01_rsbfilm_no_Pcyc,1,cross_test_0009,cross,6.498271500012543,24.7516210788569,0.18390656746914452,0.0082675376906991,0.0019063420040765777
P01_rsbfilm_no_Pcyc,1,cross_test_0010,cross,11.412094959291904,21.473862903670984,0.058381535084557866,0.01633147895336151,0.0018903420132119209
P01_rsbfilm_no_Pcyc,1,cross_test_0011,cross,3.645725659039942,21.696319419342633,0.10497284922933266,0.018717341125011444,0.0019202230032533407
P01_rsbfilm_no_Pcyc,1,cross_test_0012,cross,3.8657323176269593,25.79428527266972,0.2786216825015717,0.007573002949357033,0.0018744980043265969
P01_rsbfilm_no_Pcyc,1,cross_test_0013,cross,8.182110227560038,22.533587249493966,0.06694057197525591,0.0173922311514616,0.0018860010022763163
P01_rsbfilm_no_Pcyc,1,cross_test_0014,cross,2.1968253947602645,24.285568651107706,0.2295026080366724,0.01020878367125988,0.0019473949942039326
P01_rsbfilm_no_Pcyc,1,L_shape_test_0000,L-shape,3.0428288815258875,21.339398777721673,0.09228251372870655,0.01994422823190689,0.001978070999030024
P01_rsbfilm_no_Pcyc,1,L_shape_test_0001,L-shape,2.561052625133709,23.579268669150988,0.2268714875430843,0.011385227553546429,0.0019045749941142276
P01_rsbfilm_no_Pcyc,1,L_shape_test_0002,L-shape,5.243052793223682,20.08507835813272,0.06497446693944821,0.023904956877231598,0.0019089390116278082
P01_rsbfilm_no_Pcyc,1,L_shape_test_0003,L-shape,2.8643701961802743,22.918007211555246,0.14940458158617928,0.014397324994206429,0.0018784690037136897
P01_rsbfilm_no_Pcyc,1,L_shape_test_0004,L-shape,2.4442336855033107,21.898957714240254,0.11800705366895543,0.01910792849957943,0.0018972990073962137
P01_rsbfilm_no_Pcyc,1,L_shape_test_0005,L-shape,2.611369771587285,22.971035553014612,0.1412654337570424,0.014900916256010532,0.001993533005588688
P01_rsbfilm_no_Pcyc,1,L_shape_test_0006,L-shape,3.0154315168078933,26.367585666080355,0.2734491393892581,0.007584137376397848,0.001955612999154255
P01_rsbfilm_no_Pcyc,1,L_shape_test_0007,L-shape,2.0579942806256786,23.86507962231235,0.22519468684007404,0.011804139241576195,0.0018880009884014726
P01_rsbfilm_no_Pcyc,1,L_shape_test_0008,L-shape,3.9255760496673604,24.5353745855733,0.15180123695436737,0.011288551613688469,0.001888144004624337
P01_rsbfilm_no_Pcyc,1,L_shape_test_0009,L-shape,5.426390298850351,19.05812966454229,0.05501632997350527,0.029031865298748016,0.0019033930002478883
P01_rsbfilm_no_Pcyc,1,L_shape_test_0010,L-shape,2.9910165202095893,25.844263916133517,0.2557207782652271,0.00795756746083498,0.0019666139996843413
P01_rsbfilm_no_Pcyc,1,L_shape_test_0011,L-shape,2.943488001518641,28.691221020411216,0.35881491460607845,0.005844949744641781,0.001935756008606404
P01_rsbfilm_no_Pcyc,1,L_shape_test_0012,L-shape,1.4944098149537797,25.01364195228295,0.2895990899595574,0.009193641133606434,0.0018947869975818321
P01_rsbfilm_no_Pcyc,1,L_shape_test_0013,L-shape,1.6815427992819956,25.005114099438025,0.2601508532203654,0.009763219393789768,0.001890141997137107
P01_rsbfilm_no_Pcyc,1,L_shape_test_0014,L-shape,3.748409287192878,26.454327983921047,0.24752696647388087,0.007755292113870382,0.0020617600093828514
P01_rsbfilm_no_Pcyc,1,L_shape_test_0015,L-shape,2.5846535019393606,21.741600166083774,0.12673908446463159,0.01935506984591484,0.0018953399994643405
P01_rsbfilm_no_Pcyc,1,L_shape_test_0016,L-shape,1.9683302076680869,24.46977430949056,0.23279050745494784,0.011149059049785137,0.0020419439970282838
P01_rsbfilm_no_Pcyc,1,L_shape_test_0017,L-shape,2.717278227109322,21.95878055959268,0.14545122657252485,0.01694255881011486,0.0019063790095970035
P01_rsbfilm_no_Pcyc,1,L_shape_test_0018,L-shape,2.033097022431971,23.118072618332555,0.1817025436205401,0.013152731582522392,0.001955577012267895
P01_rsbfilm_no_Pcyc,1,L_shape_test_0019,L-shape,11.131194089143754,22.864590953201503,0.08656448406384279,0.01296844519674778,0.0019131849985569715
P01_rsbfilm_no_Pcyc,1,double_line_test_0000,double-line,1.4189299983217265,24.71295681337478,0.3236925143454872,0.008949380367994308,0.0018907329940702766
P01_rsbfilm_no_Pcyc,1,double_line_test_0001,double-line,2.2536865238256536,23.108175468623507,0.16797493702735297,0.01448899693787098,0.0018771080067381263
P01_rsbfilm_no_Pcyc,1,double_line_test_0002,double-line,1.3476832312212559,29.9499526927359,0.4783979246317028,0.002656440483406186,0.0018973480036947876
P01_rsbfilm_no_Pcyc,1,double_line_test_0003,double-line,2.0322398417578458,22.547538554552883,0.18893286757247205,0.017394181340932846,0.0019008079980267212
P01_rsbfilm_no_Pcyc,1,double_line_test_0004,double-line,1.8021197889432805,23.337286549998236,0.21840492424439364,0.01453861128538847,0.0018741569947451353
P01_rsbfilm_no_Pcyc,1,double_line_test_0005,double-line,1.0515968052156146,25.77580535889686,0.27926950156583075,0.005460839718580246,0.0018776880024233833
P01_rsbfilm_no_Pcyc,1,double_line_test_0006,double-line,2.4569416032764573,21.398827689822646,0.1627498374356559,0.017558343708515167,0.0020702639885712415
P01_rsbfilm_no_Pcyc,1,double_line_test_0007,double-line,11.619621093662705,21.290487088136494,0.05272168250685877,0.017982788383960724,0.0019061469938606024
P01_rsbfilm_no_Pcyc,1,double_line_test_0008,double-line,6.393176706597555,20.310326974823717,0.05034294351169415,0.023032639175653458,0.0019091980066150427
P01_rsbfilm_no_Pcyc,1,double_line_test_0009,double-line,3.1703939840948294,22.958919807397976,0.1698827730812636,0.013805408030748367,0.0018981899920618162
P01_rsbfilm_no_Pcyc,1,double_line_test_0010,double-line,2.636844404695921,22.129698329187647,0.16985693189986018,0.015005898661911488,0.0018927310011349618
P01_rsbfilm_no_Pcyc,1,double_line_test_0011,double-line,1.4646085612378557,26.324982344924347,0.3104235948678899,0.008850110694766045,0.001965942996321246
P01_rsbfilm_no_Pcyc,1,double_line_test_0012,double-line,4.4206843474415045,24.19388000107013,0.20730371165781017,0.009175881743431091,0.001879882998764515
P01_rsbfilm_no_Pcyc,1,double_line_test_0013,double-line,2.3513532813396454,21.29922017479217,0.16379000247578318,0.019522501155734062,0.001902848991448991
P01_rsbfilm_no_Pcyc,1,double_line_test_0014,double-line,2.9171038334071904,21.128449080767567,0.11072717634916979,0.02182161435484886,0.0018855929956771433
P01_rsbfilm_no_Pcyc,1,small_rect_edge_test_0000,small_rect_edge,1.8566274419300177,27.20162042018588,0.3769259337983427,0.005248014349490404,0.001968771990505047
P01_rsbfilm_no_Pcyc,1,small_rect_edge_test_0001,small_rect_edge,5.7985092880425935,23.164005755875326,0.1176074541192216,0.01260453276336193,0.0020715329883387312
P01_rsbfilm_no_Pcyc,1,small_rect_edge_test_0002,small_rect_edge,1.612721578734611,25.646245091493725,0.2735754943139474,0.008387638255953789,0.0019554220052668825
P01_rsbfilm_no_Pcyc,1,small_rect_edge_test_0003,small_rect_edge,9.547283845487534,20.710380070117033,0.05477661633912267,0.019123539328575134,0.0019043659995077178
P01_rsbfilm_no_Pcyc,1,small_rect_edge_test_0004,small_rect_edge,6.6096417478834555,20.949577716381814,0.06850313352051776,0.018725968897342682,0.0018991219985764474
P01_rsbfilm_no_Pcyc,1,small_rect_edge_test_0005,small_rect_edge,2.9980031356056003,24.69339701146316,0.17737256246295177,0.009553366340696812,0.001909937011078
P01_rsbfilm_no_Pcyc,1,small_rect_edge_test_0006,small_rect_edge,3.667942515819876,24.32094649902327,0.15754627941618438,0.012320944108068943,0.001898784001241438
P01_rsbfilm_no_Pcyc,1,small_rect_edge_test_0007,small_rect_edge,1.3565507717543308,27.753320846541392,0.37506716391229883,0.004069066606462002,0.0019010999967576936
P01_rsbfilm_no_Pcyc,1,small_rect_edge_test_0008,small_rect_edge,4.87831556801641,21.539478148023854,0.07740011203442425,0.018166711553931236,0.0018943140021292493
P01_rsbfilm_no_Pcyc,1,small_rect_edge_test_0009,small_rect_edge,3.2551638739188213,25.77008417738515,0.20937895221618832,0.009326077066361904,0.001954947001649998
P01_rsbfilm_no_Pcyc,1,point_cluster_test_0000,point_cluster,13.364329985765538,21.658852618870366,0.08247635948577933,0.013469528406858444,0.0018784459971357137
P01_rsbfilm_no_Pcyc,1,point_cluster_test_0001,point_cluster,3.955703582847515,25.69893091518646,0.22078085774410142,0.009851162321865559,0.0021112620015628636
P01_rsbfilm_no_Pcyc,1,point_cluster_test_0002,point_cluster,12.368471635343315,24.682478496941517,0.13840762462929962,0.01001419872045517,0.0019018090097233653
P01_rsbfilm_no_Pcyc,1,point_cluster_test_0003,point_cluster,18.98806448796017,23.079283899681563,0.10246420189650891,0.010722817853093147,0.001892827989649959
P01_rsbfilm_no_Pcyc,1,point_cluster_test_0004,point_cluster,4.356342215388527,25.027169502273644,0.1940414263836581,0.01026009488850832,0.0019329089991515502
P01_rsbfilm_no_Pcyc,1,point_cluster_test_0005,point_cluster,4.5710866987834535,24.765756762322255,0.15103040921664376,0.011393727734684944,0.0019758259877562523
P01_rsbfilm_no_Pcyc,1,point_cluster_test_0006,point_cluster,20.144513172358206,22.026413046304132,0.08099114415710221,0.011867048218846321,0.002972385991597548
P01_rsbfilm_no_Pcyc,1,point_cluster_test_0007,point_cluster,24.530963067832523,21.71096701923686,0.06880402528747775,0.01297693233937025,0.001929600999574177
P01_rsbfilm_no_Pcyc,1,point_cluster_test_0008,point_cluster,16.457485094065998,22.586406708869717,0.08744150939373546,0.01209624856710434,0.001899246999528259
P01_rsbfilm_no_Pcyc,1,point_cluster_test_0009,point_cluster,13.94061666708067,24.636595612373387,0.18962588674136943,0.00739063648506999,0.0019181320094503462
P01_rsbfilm_no_Pcyc,1,point_cluster_test_0010,point_cluster,4.550595369129345,24.70196901493963,0.17155250074150602,0.01064275298267603,0.0019021220068680122
P01_rsbfilm_no_Pcyc,1,point_cluster_test_0011,point_cluster,26.123689475869917,20.736703486841343,0.040058012813696274,0.016766883432865143,0.0021470339997904375
P01_rsbfilm_no_Pcyc,1,point_cluster_test_0012,point_cluster,8.10396112772727,24.567772941378394,0.16333933321656902,0.008592222817242146,0.0019152610038872808
P01_rsbfilm_no_Pcyc,1,point_cluster_test_0013,point_cluster,9.406429912545441,22.62636851770739,0.058888880929013024,0.017972100526094437,0.0018743219989119098
P01_rsbfilm_no_Pcyc,1,point_cluster_test_0014,point_cluster,6.963876381496814,25.833243410881217,0.22041807285064288,0.00725928321480751,0.001898595000966452
P01_rsbfilm_no_Pcyc,1,point_cluster_test_0015,point_cluster,6.868812633893799,26.026968176167742,0.22543377135574214,0.006856224033981562,0.0018942789902212098
P01_rsbfilm_no_Pcyc,1,point_cluster_test_0016,point_cluster,9.043993284388078,22.31509458786327,0.0813724259107012,0.015943415462970734,0.0019014410063391551
P01_rsbfilm_no_Pcyc,1,point_cluster_test_0017,point_cluster,14.308798984894885,24.590677005859163,0.23100333948836152,0.007244857493788004,0.0019837510044453666
P01_rsbfilm_no_Pcyc,1,point_cluster_test_0018,point_cluster,28.06271547680427,21.2543470699032,0.060918795195555354,0.013240737840533257,0.0019820129964500666
P01_rsbfilm_no_Pcyc,1,point_cluster_test_0019,point_cluster,14.509680612692419,23.27729810202856,0.10792404367553372,0.010376881808042526,0.0018977340077981353
P01_rsbfilm_no_Pcyc,2,line_test_0000,line,0.9949206758007948,30.863129240920145,0.5197224793143443,0.0010505126556381583,0.0019154309993609786
P01_rsbfilm_no_Pcyc,2,line_test_0001,line,0.9931288364639523,25.94016828428432,0.24667497383531908,0.0030937392730265856,0.0019106169929727912
P01_rsbfilm_no_Pcyc,2,line_test_0002,line,0.9896244367591418,30.247596172133797,0.4855150813354676,0.0012341395486146212,0.0020072839979548007
P01_rsbfilm_no_Pcyc,2,line_test_0003,line,0.9908363068999274,33.95109611346571,0.692042588635718,0.0006444267346523702,0.00190884800394997
P01_rsbfilm_no_Pcyc,2,line_test_0004,line,0.9955183189405882,36.6579138572671,0.806331418608884,0.0002714282600209117,0.0018726450070971623
P01_rsbfilm_no_Pcyc,2,line_test_0005,line,0.9934283262462504,32.44564535447013,0.6115045384073582,0.000683769874740392,0.0019140739896101877
P01_rsbfilm_no_Pcyc,2,line_test_0006,line,0.9957586041196647,31.617500649721435,0.5651558047524483,0.0008632150711491704,0.001998154999455437
P01_rsbfilm_no_Pcyc,2,line_test_0007,line,0.9891144464491073,29.836436950104638,0.472122983165276,0.0011847781715914607,0.00200918699556496
P01_rsbfilm_no_Pcyc,2,line_test_0008,line,0.9935628547466042,25.848792394106678,0.24316374675310626,0.002888607094064355,0.001994407008169219
P01_rsbfilm_no_Pcyc,2,line_test_0009,line,0.9883292473953386,30.25780327070485,0.4870665265296414,0.001143648405559361,0.0019208750018151477
P01_rsbfilm_no_Pcyc,2,line_test_0010,line,0.9947739496896111,32.4424314955254,0.6107281677208455,0.0007360438467003405,0.0019567840063245967
P01_rsbfilm_no_Pcyc,2,line_test_0011,line,0.996990378507945,27.759979700603687,0.3401198306558115,0.0019307200564071536,0.0019086730026174337
P01_rsbfilm_no_Pcyc,2,line_test_0012,line,0.9872686593632403,29.737566030317076,0.4568762325398107,0.0012623409274965525,0.0020009269937872887
P01_rsbfilm_no_Pcyc,2,line_test_0013,line,0.9926177329651154,27.045915125487138,0.3222384572806992,0.002156439470127225,0.001915287008159794
P01_rsbfilm_no_Pcyc,2,line_test_0014,line,0.9953865355096856,34.85004349138119,0.7328269994206662,0.0004035966703668237,0.0019523930095601827
P01_rsbfilm_no_Pcyc,2,line_test_0015,line,0.9943250060677243,35.413812221064745,0.757834789408162,0.00037893763510510325,0.0019130709988530725
P01_rsbfilm_no_Pcyc,2,line_test_0016,line,0.9881411084128321,28.254820664093675,0.370842381436004,0.001855260576121509,0.001981219000299461
P01_rsbfilm_no_Pcyc,2,line_test_0017,line,1.006609744671184,32.06639153820366,0.5897730541973599,0.0007407903322018683,0.00191181201080326
P01_rsbfilm_no_Pcyc,2,line_test_0018,line,0.9902343927091946,29.41122329150906,0.43579783008393974,0.0014557348331436515,0.0022157089988468215
P01_rsbfilm_no_Pcyc,2,line_test_0019,line,0.9895127620140443,29.34687465023621,0.4394884631302515,0.0012922605965286493,0.001939733003382571
P01_rsbfilm_no_Pcyc,2,cross_test_0000,cross,0.9919327475944482,32.21554241156267,0.5988684145702824,0.0008775368914939463,0.001983740003197454
P01_rsbfilm_no_Pcyc,2,cross_test_0001,cross,0.9927064278175813,26.53246586102036,0.27361642362518246,0.002770438324660063,0.0019360010046511889
P01_rsbfilm_no_Pcyc,2,cross_test_0002,cross,0.9961017699758368,30.38195115378338,0.4926804358163238,0.0010605076095089316,0.0018790220055961981
P01_rsbfilm_no_Pcyc,2,cross_test_0003,cross,0.9901128806788522,27.67605365627702,0.33716909772056003,0.0021281263325363398,0.0018870890053221956
P01_rsbfilm_no_Pcyc,2,cross_test_0004,cross,0.9921137555771905,27.900074711633692,0.3479304710469838,0.002088764915242791,0.0019044880027649924
P01_rsbfilm_no_Pcyc,2,cross_test_0005,cross,0.9918858405024715,31.200094811054377,0.5413667257417605,0.0010642767883837223,0.0018833049980457872
P01_rsbfilm_no_Pcyc,2,cross_test_0006,cross,0.9932602311402724,28.74961211594605,0.39670512988564577,0.0016241882694885135,0.002004912996198982
P01_rsbfilm_no_Pcyc,2,cross_test_0007,cross,0.9943003685556913,33.95614843207565,0.690532201347066,0.0005640506278723478,0.0019003089983016253
P01_rsbfilm_no_Pcyc,2,cross_test_0008,cross,0.9918919329794409,28.00139039149122,0.3547050558825105,0.0020922371186316013,0.0019807030039373785
P01_rsbfilm_no_Pcyc,2,cross_test_0009,cross,0.995447968742936,32.89941372075369,0.636364774897303,0.0006164570804685354,0.0019086300017079338
P01_rsbfilm_no_Pcyc,2,cross_test_0010,cross,0.9889511214742099,32.09576837466378,0.5924267893546546,0.0008140332065522671,0.0018813740025507286
P01_rsbfilm_no_Pcyc,2,cross_test_0011,cross,0.9879068039336736,27.36699923640993,0.3235969167734988,0.0024767578579485416,0.0018960540037369356
P01_rsbfilm_no_Pcyc,2,cross_test_0012,cross,0.9952310814772475,31.68736352214235,0.5688382247662958,0.0008880487876012921,0.0018938040011562407
P01_rsbfilm_no_Pcyc,2,cross_test_0013,cross,0.9887715134178465,31.711281255510762,0.5712101250014149,0.0009797970997169614,0.0019545799877960235
P01_rsbfilm_no_Pcyc,2,cross_test_0014,cross,0.9953796706810519,27.723636610056637,0.3391033247674379,0.0018883742159232497,0.001899922004668042
P01_rsbfilm_no_Pcyc,2,L_shape_test_0000,L-shape,0.9919141209533732,26.207433620720835,0.26142896327236537,0.002848721807822585,0.0019593530014390126
P01_rsbfilm_no_Pcyc,2,L_shape_test_0001,L-shape,0.9914993564536928,27.700529330910236,0.33868737058005133,0.0019522245274856687,0.00196894200053066
P01_rsbfilm_no_Pcyc,2,L_shape_test_0002,L-shape,0.9881676465484603,27.332614324155617,0.3206268560106515,0.0023910109885036945,0.0018998200102942064
P01_rsbfilm_no_Pcyc,2,L_shape_test_0003,L-shape,0.9891596657512265,27.535634931312543,0.3294413188048765,0.002305569825693965,0.0019473930005915463
P01_rsbfilm_no_Pcyc,2,L_shape_test_0004,L-shape,0.9929064681480095,25.81130136045936,0.23896163618870359,0.003162461332976818,0.0019801040034508333
P01_rsbfilm_no_Pcyc,2,L_shape_test_0005,L-shape,0.9914848184097397,27.176858735735333,0.31102994562405345,0.0023081405088305473,0.001884579993202351
P01_rsbfilm_no_Pcyc,2,L_shape_test_0006,L-shape,0.992352921453583,31.194418892473937,0.5401351608403492,0.000939174962695688,0.0019155589980073273
P01_rsbfilm_no_Pcyc,2,L_shape_test_0007,L-shape,0.9891322347563605,27.046978004915573,0.3032459015802471,0.002568438183516264,0.0019437640003161505
P01_rsbfilm_no_Pcyc,2,L_shape_test_0008,L-shape,0.9948555245378865,30.49680840928054,0.4992510062804434,0.0010683325817808509,0.0018896609981311485
P01_rsbfilm_no_Pcyc,2,L_shape_test_0009,L-shape,0.9848090601376763,26.469719519075305,0.27591672982989507,0.0028373345267027617,0.0018952309910673648
P01_rsbfilm_no_Pcyc,2,L_shape_test_0010,L-shape,0.9909401210450424,30.641977894405965,0.508971244482111,0.0010333239333704114,0.0018954729894176126
P01_rsbfilm_no_Pcyc,2,L_shape_test_0011,L-shape,0.9957351036593809,33.39840546397802,0.6620160990353217,0.0005759479245170951,0.0028242599946679547
P01_rsbfilm_no_Pcyc,2,L_shape_test_0012,L-shape,0.995086492475342,26.77973078376575,0.2871562727599975,0.002485742559656501,0.0020257819996913895
P01_rsbfilm_no_Pcyc,2,L_shape_test_0013,L-shape,0.9933778978995802,27.291048330306936,0.31384594215697315,0.0024090036749839783,0.0019572250021155924
P01_rsbfilm_no_Pcyc,2,L_shape_test_0014,L-shape,0.9922749216243855,32.22647782803624,0.5989616248936159,0.0007919738418422639,0.0018963609909405932
P01_rsbfilm_no_Pcyc,2,L_shape_test_0015,L-shape,0.991143514641739,25.90425811537935,0.245999729681871,0.0029834879096597433,0.0019088039989583194
P01_rsbfilm_no_Pcyc,2,L_shape_test_0016,L-shape,0.9924663273014556,27.443596201833845,0.32230634057028934,0.0022852523252367973,0.0018897119880421087
P01_rsbfilm_no_Pcyc,2,L_shape_test_0017,L-shape,0.9909307433122122,26.339688562122888,0.2668022883393453,0.002880299463868141,0.0019647300068754703
P01_rsbfilm_no_Pcyc,2,L_shape_test_0018,L-shape,0.992492787653846,26.232379771636936,0.2579760467284638,0.0029671567026525736,0.0022915159934200346
P01_rsbfilm_no_Pcyc,2,L_shape_test_0019,L-shape,0.9909225314198246,33.36961127710913,0.6613122051210428,0.000606363289989531,0.0019150700099999085
P01_rsbfilm_no_Pcyc,2,double_line_test_0000,double-line,0.9933876795636669,26.261378862056198,0.2618343004861802,0.002722011413425207,0.002566187991760671
P01_rsbfilm_no_Pcyc,2,double_line_test_0001,double-line,0.9875639333521706,26.69145835405381,0.28687606302287183,0.0028060395270586014,0.0019814950064755976
P01_rsbfilm_no_Pcyc,2,double_line_test_0002,double-line,0.9985187318792531,31.252268772071513,0.5420719833781882,0.0009727447177283466,0.0022519540070788935
P01_rsbfilm_no_Pcyc,2,double_line_test_0003,double-line,0.9911580139402244,25.665859238361328,0.2298689884825964,0.003449470968917012,0.0020472949981922284
P01_rsbfilm_no_Pcyc,2,double_line_test_0004,double-line,0.9934867287459984,25.923502433997076,0.24246255356037463,0.003321250667795539,0.001932765997480601
P01_rsbfilm_no_Pcyc,2,double_line_test_0005,double-line,0.9990892764690189,25.998254905322483,0.24502874419299028,0.003017635317519307,0.0019547169940778986
P01_rsbfilm_no_Pcyc,2,double_line_test_0006,double-line,0.9893466112477284,25.349291303710046,0.22459155114732465,0.0036342297680675983,0.0019053849973715842
P01_rsbfilm_no_Pcyc,2,double_line_test_0007,double-line,0.988488207136848,31.992691753058654,0.5866453337406156,0.0008619197178632021,0.0019038130121771246
P01_rsbfilm_no_Pcyc,2,double_line_test_0008,double-line,0.9982188372550157,28.375236415925635,0.37468152265224497,0.0017577485414221883,0.0019324640015838668
P01_rsbfilm_no_Pcyc,2,double_line_test_0009,double-line,0.9891307636961284,28.01751498296869,0.354789483013918,0.002096625277772546,0.0021173970017116517
P01_rsbfilm_no_Pcyc,2,double_line_test_0010,double-line,0.9953876203725738,26.360620926011297,0.2652974452973587,0.002801036462187767,0.002370376998442225
P01_rsbfilm_no_Pcyc,2,double_line_test_0011,double-line,0.9954938845265626,28.00181226867902,0.35134513621248403,0.002061084844172001,0.001953343002242036
P01_rsbfilm_no_Pcyc,2,double_line_test_0012,double-line,0.9898297574155285,30.693170134892092,0.5100916010966977,0.0011750906705856323,0.0019150589942000806
P01_rsbfilm_no_Pcyc,2,double_line_test_0013,double-line,0.9953331746453796,25.032714188466365,0.19970213657667074,0.0038877162151038647,0.0019222870032535866
P01_rsbfilm_no_Pcyc,2,double_line_test_0014,double-line,0.9928142793768158,25.80928791344782,0.23977782997876393,0.0032947997096925974,0.0018953950057039037
P01_rsbfilm_no_Pcyc,2,small_rect_edge_test_0000,small_rect_edge,0.9922420663578663,29.92269178542234,0.46710220396927193,0.0011448424775153399,0.0019650379981612787
P01_rsbfilm_no_Pcyc,2,small_rect_edge_test_0001,small_rect_edge,0.9871744895543625,30.853230016409654,0.5218227083379512,0.0010221502743661404,0.001894998989882879
P01_rsbfilm_no_Pcyc,2,small_rect_edge_test_0002,small_rect_edge,0.9979916253487549,27.73056996058702,0.3396932260812101,0.001886751619167626,0.0019022750057047233
P01_rsbfilm_no_Pcyc,2,small_rect_edge_test_0003,small_rect_edge,0.9843798407460151,30.577551530848037,0.5064545840851258,0.0011011394672095776,0.0019048020039917901
P01_rsbfilm_no_Pcyc,2,small_rect_edge_test_0004,small_rect_edge,0.9882267855381253,29.20279103625214,0.426597353108629,0.0015323234256356955,0.001970601995708421
P01_rsbfilm_no_Pcyc,2,small_rect_edge_test_0005,small_rect_edge,0.9940170958636589,29.487779312666266,0.45204831648422655,0.0012627417454496026,0.0019124490063404664
P01_rsbfilm_no_Pcyc,2,small_rect_edge_test_0006,small_rect_edge,0.9924049917366446,29.998282154598364,0.47077141642490195,0.0012560762697830796,0.0019527580006979406
P01_rsbfilm_no_Pcyc,2,small_rect_edge_test_0007,small_rect_edge,0.9983878617784753,29.084688233616465,0.41555105257112807,0.0014221763703972101,0.0019302599976072088
P01_rsbfilm_no_Pcyc,2,small_rect_edge_test_0008,small_rect_edge,0.9950124903612595,28.44389176060308,0.38204140758467764,0.0016345296753570437,0.001973239006474614
P01_rsbfilm_no_Pcyc,2,small_rect_edge_test_0009,small_rect_edge,0.9915277245715964,30.93276426078116,0.5255690315126473,0.000991929555311799,0.001912762993015349
P01_rsbfilm_no_Pcyc,2,point_cluster_test_0000,point_cluster,0.9956422784811981,32.937291212824945,0.6861404569512051,0.0006210095016285777,0.001898796996101737
P01_rsbfilm_no_Pcyc,2,point_cluster_test_0001,point_cluster,0.9933625923525174,31.700090140656254,0.5694805511133095,0.001002215314656496,0.0018932109960587695
P01_rsbfilm_no_Pcyc,2,point_cluster_test_0002,point_cluster,0.9972224981036779,35.61771807061473,0.7662107900363243,0.0004212175845168531,0.0018929609941551462
P01_rsbfilm_no_Pcyc,2,point_cluster_test_0003,point_cluster,0.9961681389967982,35.88076436731233,0.7768761555408273,0.0003584332880564034,0.001900856994325295
P01_rsbfilm_no_Pcyc,2,point_cluster_test_0004,point_cluster,0.99492029082585,31.440506472929577,0.5548292172429253,0.0010645041475072503,0.001976379004190676
P01_rsbfilm_no_Pcyc,2,point_cluster_test_0005,point_cluster,0.9961508822413505,31.382700021580618,0.5509657703894252,0.0009899473516270518,0.0018940460140584037
P01_rsbfilm_no_Pcyc,2,point_cluster_test_0006,point_cluster,0.9937504137674427,35.09520784098658,0.7721533397202044,0.00041415265877731144,0.001882204000139609
P01_rsbfilm_no_Pcyc,2,point_cluster_test_0007,point_cluster,0.9925018219072702,35.64079967124792,0.7938605817835601,0.00039999510045163333,0.0018993039993802086
P01_rsbfilm_no_Pcyc,2,point_cluster_test_0008,point_cluster,0.9955359441450239,34.769472085858354,0.729737950567951,0.0005308728432282805,0.0019743979937629774
P01_rsbfilm_no_Pcyc,2,point_cluster_test_0009,point_cluster,0.9939834245310338,36.10562406070131,0.8260018609133117,0.00030526280170306563,0.001891360996523872
P01_rsbfilm_no_Pcyc,2,point_cluster_test_0010,point_cluster,0.9969585728009441,31.29588018190801,0.5451872844286748,0.0010504006640985608,0.001894222994451411
P01_rsbfilm_no_Pcyc,2,point_cluster_test_0011,point_cluster,0.9972517910333979,34.919000303931874,0.7369688817721772,0.000563669134862721,0.0018867439939640462
P01_rsbfilm_no_Pcyc,2,point_cluster_test_0012,point_cluster,0.9984594907523358,33.6614419483114,0.6754693581652648,0.0005877507501281798,0.0019009109964827076
P01_rsbfilm_no_Pcyc,2,point_cluster_test_0013,point_cluster,0.9964414887271185,32.37609875356093,0.6081379316963788,0.0009212528239004314,0.0019016809965251014
P01_rsbfilm_no_Pcyc,2,point_cluster_test_0014,point_cluster,0.9970676753724035,34.27450765519374,0.706127851194207,0.00045655464055016637,0.002027343987720087
P01_rsbfilm_no_Pcyc,2,point_cluster_test_0015,point_cluster,0.9921780356307702,34.42988882331187,0.7141589679448543,0.00052757648518309,0.001884054989204742
P01_rsbfilm_no_Pcyc,2,point_cluster_test_0016,point_cluster,0.9944531951191395,31.902853565434718,0.6121771519820541,0.0009646774269640446,0.0019012600096175447
P01_rsbfilm_no_Pcyc,2,point_cluster_test_0017,point_cluster,0.9994206200227684,36.14922550871053,0.8594081444115559,0.000311380805214867,0.0019091569993179291
P01_rsbfilm_no_Pcyc,2,point_cluster_test_0018,point_cluster,1.002395523735741,35.725252899703555,0.7903566425996741,0.00039660962647758424,0.001908884005388245
P01_rsbfilm_no_Pcyc,2,point_cluster_test_0019,point_cluster,0.9944727528192319,34.917947459119375,0.7360210628851189,0.0004041232750751078,0.0018726160051301122
P02_rsbfilm_sincos_Pcyc,0,line_test_0000,line,1.00928637609111,30.800869545527263,0.5206908033580187,0.0016494819428771734,0.0041762670007301494
P02_rsbfilm_sincos_Pcyc,0,line_test_0001,line,0.9944945436956434,25.934200456542783,0.2607580153766418,0.004063565284013748,0.001927093995618634
P02_rsbfilm_sincos_Pcyc,0,line_test_0002,line,1.0019697481434873,30.19375416610057,0.4907680846822385,0.002174681518226862,0.0019172350002918392
P02_rsbfilm_sincos_Pcyc,0,line_test_0003,line,1.0778481831989684,33.5855392283213,0.6709985895640028,0.0017541483975946903,0.001889984996523708
P02_rsbfilm_sincos_Pcyc,0,line_test_0004,line,1.042220616893705,36.458809834636185,0.7992430849575272,0.0007863030768930912,0.0019121579971397296
P02_rsbfilm_sincos_Pcyc,0,line_test_0005,line,1.0205845927575743,32.328520622870414,0.6066926447291181,0.001329043647274375,0.001951370999449864
P02_rsbfilm_sincos_Pcyc,0,line_test_0006,line,1.0453616212690793,31.406375834555355,0.5542057301330856,0.0017871196614578366,0.001907596000819467
P02_rsbfilm_sincos_Pcyc,0,line_test_0007,line,1.0124342853678927,29.735234071498187,0.4672255969330207,0.0017825678223744035,0.0019625369895948097
P02_rsbfilm_sincos_Pcyc,0,line_test_0008,line,0.9998732915975397,25.82129608336677,0.24898988601407399,0.003604855155572295,0.002087462999043055
P02_rsbfilm_sincos_Pcyc,0,line_test_0009,line,1.0042333664317178,30.188473237189527,0.48742312523703485,0.0018449743511155248,0.0019205489952582866
P02_rsbfilm_sincos_Pcyc,0,line_test_0010,line,1.0205924085400766,32.3311518078143,0.6076029448862232,0.0014504274586215615,0.0019168779981555417
P02_rsbfilm_sincos_Pcyc,0,line_test_0011,line,1.0061326601995153,27.72033709204377,0.3449879900363605,0.002618946600705385,0.001945521988091059
P02_rsbfilm_sincos_Pcyc,0,line_test_0012,line,1.0092799766518854,29.641802757196434,0.4560540409124039,0.002120212884619832,0.0019070849957643077
P02_rsbfilm_sincos_Pcyc,0,line_test_0013,line,0.9985900424725219,27.019863150638454,0.33006105805035274,0.0029448778368532658,0.0019120499928249046
P02_rsbfilm_sincos_Pcyc,0,line_test_0014,line,1.0270716929904107,34.71395347785964,0.7276088179181693,0.0009237378835678101,0.001963540998985991
P02_rsbfilm_sincos_Pcyc,0,line_test_0015,line,1.0589101914327292,35.140504566965085,0.7453375665856582,0.0011266516521573067,0.0019139970099786296
P02_rsbfilm_sincos_Pcyc,0,line_test_0016,line,1.0024979194646495,28.192175599066886,0.3759038557711487,0.002841178560629487,0.0018947149947052822
P02_rsbfilm_sincos_Pcyc,0,line_test_0017,line,1.0257543680526353,31.984569047277333,0.5873091928744174,0.0013015535660088062,0.0019122200028505176
P02_rsbfilm_sincos_Pcyc,0,line_test_0018,line,1.0124372518168243,29.314922158510257,0.4343585388545589,0.002267734380438924,0.002110909001203254
P02_rsbfilm_sincos_Pcyc,0,line_test_0019,line,1.0113803138282542,29.2519436251864,0.4353528914164002,0.0019214694621041417,0.0019062380015384406
P02_rsbfilm_sincos_Pcyc,0,cross_test_0000,cross,1.0354563846713445,32.02904649470227,0.5894063103223592,0.0017853095196187496,0.0019313340017106384
P02_rsbfilm_sincos_Pcyc,0,cross_test_0001,cross,1.003371840148042,26.48605490042815,0.27689970307860295,0.0034315213561058044,0.001984282993362285
P02_rsbfilm_sincos_Pcyc,0,cross_test_0002,cross,1.0150396103449966,30.30015840979925,0.49143555615320145,0.0017442473908886313,0.0019397350115468726
P02_rsbfilm_sincos_Pcyc,0,cross_test_0003,cross,0.9944741250910976,27.656966046282587,0.3496874946014841,0.0030666948296129704,0.001912374995299615
P02_rsbfilm_sincos_Pcyc,0,cross_test_0004,cross,1.0032395268016572,27.851643132513246,0.35647261605058483,0.0030324494000524282,0.0021762459946330637
P02_rsbfilm_sincos_Pcyc,0,cross_test_0005,cross,1.0198246693504522,31.079456827745506,0.5374109119145878,0.0020583104342222214,0.0019148800056427717
P02_rsbfilm_sincos_Pcyc,0,cross_test_0006,cross,1.007672411144343,28.687048753141376,0.39582306751798585,0.0021337068174034357,0.0018905860051745549
P02_rsbfilm_sincos_Pcyc,0,cross_test_0007,cross,1.0369096571187677,33.77391533483313,0.6820017632557036,0.0011842584935948253,0.0018918589921668172
P02_rsbfilm_sincos_Pcyc,0,cross_test_0008,cross,0.983756743477949,28.03715671272334,0.3774496854709704,0.003197383601218462,0.0020813849987462163
P02_rsbfilm_sincos_Pcyc,0,cross_test_0009,cross,1.024683925023617,32.77370047916321,0.6309815154350438,0.001280092285014689,0.0019309869967401028
P02_rsbfilm_sincos_Pcyc,0,cross_test_0010,cross,1.027300968139153,31.930539612917062,0.5848339782728201,0.0016925788950175047,0.001921440998557955
P02_rsbfilm_sincos_Pcyc,0,cross_test_0011,cross,1.0122006891600404,27.261492957176074,0.3320094419833508,0.003954828716814518,0.0019768369966186583
P02_rsbfilm_sincos_Pcyc,0,cross_test_0012,cross,1.021658040888429,31.573547299248872,0.5646915372431508,0.001570734428241849,0.0019104450038867071
P02_rsbfilm_sincos_Pcyc,0,cross_test_0013,cross,1.013607871290171,31.603540885334702,0.5688551945051931,0.0018971286481246352,0.0019272399949841201
P02_rsbfilm_sincos_Pcyc,0,cross_test_0014,cross,0.9997842821800068,27.704461072700287,0.34653619761756305,0.0026152387727051973,0.0019039720064029098
P02_rsbfilm_sincos_Pcyc,0,L_shape_test_0000,L-shape,1.0000404619705183,26.17199825573644,0.27470826655900865,0.004136925097554922,0.0019243019924033433
P02_rsbfilm_sincos_Pcyc,0,L_shape_test_0001,L-shape,1.003827843478678,27.646861123618173,0.34031014827576284,0.002622726373374462,0.001892525004222989
P02_rsbfilm_sincos_Pcyc,0,L_shape_test_0002,L-shape,1.0097518504834888,27.238774283374415,0.3239009306739945,0.0035870447754859924,0.0019580950029194355
P02_rsbfilm_sincos_Pcyc,0,L_shape_test_0003,L-shape,1.0040500460021058,27.470745243950137,0.33218601207666976,0.003150380915030837,0.002064864005660638
P02_rsbfilm_sincos_Pcyc,0,L_shape_test_0004,L-shape,0.9982516825205576,25.787984549540546,0.24876482024719626,0.004116825759410858,0.001911160012241453
P02_rsbfilm_sincos_Pcyc,0,L_shape_test_0005,L-shape,1.0036005690641188,27.12411035695752,0.31581545923107274,0.0032116312067955732,0.0019245389994466677
P02_rsbfilm_sincos_Pcyc,0,L_shape_test_0006,L-shape,1.01202438297177,31.10917079160048,0.5381555508867865,0.0015553290722891688,0.0019083840015809983
P02_rsbfilm_sincos_Pcyc,0,L_shape_test_0007,L-shape,1.0016763039392296,26.99224721715555,0.3083504992056508,0.0034587925765663385,0.0019086829997831956
P02_rsbfilm_sincos_Pcyc,0,L_shape_test_0008,L-shape,0.9989770300381773,30.478853460894623,0.5054650013537964,0.0018317600479349494,0.0018877999973483384
P02_rsbfilm_sincos_Pcyc,0,L_shape_test_0009,L-shape,1.0059789271117008,26.377351152917594,0.27494763343810646,0.003796555334702134,0.0019683450082084164
P02_rsbfilm_sincos_Pcyc,0,L_shape_test_0010,L-shape,1.0110869136392988,30.554567159022614,0.5073493903514585,0.001753958291374147,0.0019618689984781668
P02_rsbfilm_sincos_Pcyc,0,L_shape_test_0011,L-shape,1.026287186862825,33.26715478787436,0.6563975693051293,0.0011494766222313046,0.0019271870114607736
P02_rsbfilm_sincos_Pcyc,0,L_shape_test_0012,L-shape,1.000692277307784,26.755333683374488,0.2944808262068164,0.003217686666175723,0.0018996040016645566
P02_rsbfilm_sincos_Pcyc,0,L_shape_test_0013,L-shape,1.0036952524082439,27.24617459137841,0.3177894306528227,0.0031190586742013693,0.0019755660032387823
P02_rsbfilm_sincos_Pcyc,0,L_shape_test_0014,L-shape,1.0164575967650973,32.12190531853937,0.5960392887047745,0.0015312397154048085,0.001925363001646474
P02_rsbfilm_sincos_Pcyc,0,L_shape_test_0015,L-shape,0.9994802332048477,25.867881384456325,0.25178721364290996,0.003782132174819708,0.0020067500008735806
P02_rsbfilm_sincos_Pcyc,0,L_shape_test_0016,L-shape,1.000187213066292,27.409940905207158,0.3285927831539214,0.003030497347936034,0.0019712100038304925
P02_rsbfilm_sincos_Pcyc,0,L_shape_test_0017,L-shape,1.0057508196327325,26.275217666404252,0.27046061769356056,0.0038490842562168837,0.001992272009374574
P02_rsbfilm_sincos_Pcyc,0,L_shape_test_0018,L-shape,0.9993145668744442,26.202631514280633,0.2652194947344626,0.0037424617912620306,0.0019240319961681962
P02_rsbfilm_sincos_Pcyc,0,L_shape_test_0019,L-shape,1.0403930421221022,33.158034097374546,0.6502693531247848,0.0014783298829570413,0.001964944996871054
P02_rsbfilm_sincos_Pcyc,0,double_line_test_0000,double-line,1.0051128076794034,26.210418674415642,0.2638218871770927,0.0033839051611721516,0.0019157299975631759
P02_rsbfilm_sincos_Pcyc,0,double_line_test_0001,double-line,1.0032421945812553,26.623052750525844,0.29657977602607277,0.004045849200338125,0.002052523006568663
P02_rsbfilm_sincos_Pcyc,0,double_line_test_0002,double-line,1.0173359010974758,31.17118723260182,0.540506148623582,0.0014662547037005424,0.0019163830002071336
P02_rsbfilm_sincos_Pcyc,0,double_line_test_0003,double-line,1.003348600132272,25.61276975756418,0.23120004076092504,0.004082617349922657,0.001911605999339372
P02_rsbfilm_sincos_Pcyc,0,double_line_test_0004,double-line,0.9803571328995309,25.981280195749136,0.2672387091978739,0.004199089948087931,0.001897761001600884
P02_rsbfilm_sincos_Pcyc,0,double_line_test_0005,double-line,1.0057934787104235,25.969209771266776,0.2505712253108238,0.003613957203924656,0.0019192730105714872
P02_rsbfilm_sincos_Pcyc,0,double_line_test_0006,double-line,1.0014698948697773,25.29639710431378,0.23654768015925176,0.00490850443020463,0.0018952399987028912
P02_rsbfilm_sincos_Pcyc,0,double_line_test_0007,double-line,1.0260222430628994,31.830839136363714,0.5783532121588063,0.0016959796193987131,0.0019124289974570274
P02_rsbfilm_sincos_Pcyc,0,double_line_test_0008,double-line,1.0069669043855234,28.337342082217152,0.38205704617013647,0.0027434963267296553,0.0019677810050779954
P02_rsbfilm_sincos_Pcyc,0,double_line_test_0009,double-line,1.0045107356597611,27.950506181048635,0.3553624283118738,0.002771516563370824,0.0020740979962283745
P02_rsbfilm_sincos_Pcyc,0,double_line_test_0010,double-line,1.002444790520417,26.329938678367064,0.271359004298831,0.003513050964102149,0.0019198410009266809
P02_rsbfilm_sincos_Pcyc,0,double_line_test_0011,double-line,1.003565860301358,27.966739537402564,0.35520165398772197,0.002622028114274144,0.0019183609983883798
P02_rsbfilm_sincos_Pcyc,0,double_line_test_0012,double-line,1.0108958073601442,30.6017111965502,0.5077412480290693,0.0017663170583546162,0.0019146429985994473
P02_rsbfilm_sincos_Pcyc,0,double_line_test_0013,double-line,1.000487090270073,25.010284186650193,0.20568378966992878,0.004510672762989998,0.0019138380012009293
P02_rsbfilm_sincos_Pcyc,0,double_line_test_0014,double-line,0.9999900837660538,25.77801102879644,0.25446872198357834,0.004562182351946831,0.001903433003462851
P02_rsbfilm_sincos_Pcyc,0,small_rect_edge_test_0000,small_rect_edge,1.0030277929972526,29.87573850123093,0.4694784702651501,0.0017743456410244107,0.0019219680107198656
P02_rsbfilm_sincos_Pcyc,0,small_rect_edge_test_0001,small_rect_edge,1.0181693626159058,30.718968976557303,0.5149619840902856,0.0017374221934005618,0.0019829170050797984
P02_rsbfilm_sincos_Pcyc,0,small_rect_edge_test_0002,small_rect_edge,1.0070149400830928,27.691479813499242,0.3426816628488631,0.002515902044251561,0.0019490349950501695
P02_rsbfilm_sincos_Pcyc,0,small_rect_edge_test_0003,small_rect_edge,1.0146483837172164,30.446022846633923,0.49984448638561085,0.0018787381704896688,0.0019172769971191883
P02_rsbfilm_sincos_Pcyc,0,small_rect_edge_test_0004,small_rect_edge,1.0200378648474229,29.065193975168512,0.4266319961534304,0.0028451394755393267,0.0019250390032539144
P02_rsbfilm_sincos_Pcyc,0,small_rect_edge_test_0005,small_rect_edge,1.0154901875059057,29.394960503314817,0.4511382986021253,0.002150131156668067,0.001955708008608781
P02_rsbfilm_sincos_Pcyc,0,small_rect_edge_test_0006,small_rect_edge,1.007441643571213,29.932972494867343,0.47127918664028995,0.0019696273375302553,0.0019596259953686967
P02_rsbfilm_sincos_Pcyc,0,small_rect_edge_test_0007,small_rect_edge,1.0115636803522838,29.027749089093284,0.41674993558144924,0.001979433000087738,0.0018997369916178286
P02_rsbfilm_sincos_Pcyc,0,small_rect_edge_test_0008,small_rect_edge,1.0276599355817866,28.303682700563733,0.3798733858783996,0.002951285568997264,0.0019106460094917566
P02_rsbfilm_sincos_Pcyc,0,small_rect_edge_test_0009,small_rect_edge,1.0130440990753364,30.839529187754945,0.5229863038220839,0.0017049676971510053,0.0019045270018978044
P02_rsbfilm_sincos_Pcyc,0,point_cluster_test_0000,point_cluster,1.0326065886724556,32.778975515884476,0.6792675364632575,0.0013545803958550096,0.0018914899992523715
P02_rsbfilm_sincos_Pcyc,0,point_cluster_test_0001,point_cluster,1.013041070207753,31.61489773957152,0.5704269805554171,0.0018525822088122368,0.002216127992141992
P02_rsbfilm_sincos_Pcyc,0,point_cluster_test_0002,point_cluster,1.0665644901101123,35.32576735559204,0.7525903819385368,0.0012427325127646327,0.0019127100094920024
P02_rsbfilm_sincos_Pcyc,0,point_cluster_test_0003,point_cluster,1.0782112755982314,35.53705198494758,0.761153453047963,0.0011634188704192638,0.001984343005460687
P02_rsbfilm_sincos_Pcyc,0,point_cluster_test_0004,point_cluster,1.0145631973218834,31.35559832473929,0.5556969652106475,0.0019453286658972502,0.0019126669940305874
P02_rsbfilm_sincos_Pcyc,0,point_cluster_test_0005,point_cluster,1.026866724793553,31.250810615661443,0.5468962556101206,0.0019840726163238287,0.001927580000483431
P02_rsbfilm_sincos_Pcyc,0,point_cluster_test_0006,point_cluster,1.0719599639327158,34.76619515500932,0.7572595619942863,0.0011576925171539187,0.0018986369977938011
P02_rsbfilm_sincos_Pcyc,0,point_cluster_test_0007,point_cluster,1.097101951131952,35.205642926916155,0.7736037659699763,0.0012375394580885768,0.0019442039920249954
P02_rsbfilm_sincos_Pcyc,0,point_cluster_test_0008,point_cluster,1.0538490768103668,34.52225747344158,0.7175707024850694,0.0013939774362370372,0.001912049003294669
P02_rsbfilm_sincos_Pcyc,0,point_cluster_test_0009,point_cluster,1.0456855221923822,35.88540445088089,0.8183071967359076,0.0009508337825536728,0.0019005299982381985
P02_rsbfilm_sincos_Pcyc,0,point_cluster_test_0010,point_cluster,1.0161631375833973,31.21301690219036,0.5451707279412937,0.001882226555608213,0.0019238649983890355
P02_rsbfilm_sincos_Pcyc,0,point_cluster_test_0011,point_cluster,1.1239458259038067,34.399594791333506,0.7082862776350882,0.0016436156583949924,0.001963645001524128
P02_rsbfilm_sincos_Pcyc,0,point_cluster_test_0012,point_cluster,1.053855166203334,33.42693715730123,0.6648342544199954,0.0015412508510053158,0.00191513700701762
P02_rsbfilm_sincos_Pcyc,0,point_cluster_test_0013,point_cluster,1.0705987822198797,32.06434896237566,0.5885644168880706,0.0022460813634097576,0.0018962070025736466
P02_rsbfilm_sincos_Pcyc,0,point_cluster_test_0014,point_cluster,1.0611387476181557,34.00403220095929,0.6921540384643824,0.0012392752105370164,0.0019748319900827482
P02_rsbfilm_sincos_Pcyc,0,point_cluster_test_0015,point_cluster,1.0871002411866675,34.03308890251955,0.6930688203591227,0.0013832644326612353,0.0018928039935417473
P02_rsbfilm_sincos_Pcyc,0,point_cluster_test_0016,point_cluster,1.0199512771274237,31.792902568284617,0.6089245546552527,0.0017788746627047658,0.0019029809918720275
P02_rsbfilm_sincos_Pcyc,0,point_cluster_test_0017,point_cluster,1.1359915855185503,35.5929575484629,0.840709475862919,0.0010727273765951395,0.0018825680017471313
P02_rsbfilm_sincos_Pcyc,0,point_cluster_test_0018,point_cluster,1.1111350791536405,35.27797558542612,0.7698990321387834,0.0013565545668825507,0.0019187170109944418
P02_rsbfilm_sincos_Pcyc,0,point_cluster_test_0019,point_cluster,1.0403496708195517,34.72208320584356,0.7271439629413066,0.0010269429767504334,0.0018999300082214177
P02_rsbfilm_sincos_Pcyc,1,line_test_0000,line,0.9976259926094602,30.85133609517034,0.5191624526433475,0.0011323826620355248,0.0019219120003981516
P02_rsbfilm_sincos_Pcyc,1,line_test_0001,line,0.9966741946035195,25.924692305269254,0.2454384825507359,0.00318970438092947,0.0019442210032138973
P02_rsbfilm_sincos_Pcyc,1,line_test_0002,line,0.9952750040311396,30.222869249782434,0.4831931696269279,0.0013070686254650354,0.0019817310094367713
P02_rsbfilm_sincos_Pcyc,1,line_test_0003,line,0.9932685267674418,33.940448465420545,0.69097218533124,0.0006586071685887873,0.0019171429885318503
P02_rsbfilm_sincos_Pcyc,1,line_test_0004,line,1.0001841187512506,36.637607133635846,0.8056056025316548,0.0003381701244506985,0.0019295050005894154
P02_rsbfilm_sincos_Pcyc,1,line_test_0005,line,1.0001718080707007,32.416264804600765,0.6091994708863465,0.0007427583914250135,0.0020315630099503323
P02_rsbfilm_sincos_Pcyc,1,line_test_0006,line,1.0018917000475491,31.590833322724595,0.5637712860585278,0.000974904338363558,0.0020014430047012866
P02_rsbfilm_sincos_Pcyc,1,line_test_0007,line,0.9958491639495579,29.806966899050543,0.4688073885897858,0.0012257206253707409,0.001940874004503712
P02_rsbfilm_sincos_Pcyc,1,line_test_0008,line,0.9983949566260628,25.82772234806172,0.24029437457047634,0.0029472133610397577,0.0018963409966090694
P02_rsbfilm_sincos_Pcyc,1,line_test_0009,line,0.9986627971082899,30.21263100168877,0.48215791774312017,0.0011939590331166983,0.0019158129871357232
P02_rsbfilm_sincos_Pcyc,1,line_test_0010,line,0.9969595695549366,32.432899774006124,0.6105149259172772,0.0008264273637905717,0.001911419996758923
P02_rsbfilm_sincos_Pcyc,1,line_test_0011,line,1.0050454646171527,27.725032336057506,0.3390741266493512,0.0020476740319281816,0.002031352007179521
P02_rsbfilm_sincos_Pcyc,1,line_test_0012,line,0.9942639691089079,29.706902715235216,0.45396269305684883,0.0013574642362073064,0.0019750799983739853
P02_rsbfilm_sincos_Pcyc,1,line_test_0013,line,0.9975648661711455,27.024324052507197,0.3197372419417145,0.002227403223514557,0.001914444990688935
P02_rsbfilm_sincos_Pcyc,1,line_test_0014,line,0.9999691624552164,34.8300949366786,0.7318619950159427,0.00046911329263821244,0.0019093449955107644
P02_rsbfilm_sincos_Pcyc,1,line_test_0015,line,1.0004068181526915,35.3873293903926,0.756533201769349,0.00044785867794416845,0.0019073209987254813
P02_rsbfilm_sincos_Pcyc,1,line_test_0016,line,0.9974227177943469,28.21421785382035,0.3652962619931529,0.0018946416676044464,0.0019901080086128786
P02_rsbfilm_sincos_Pcyc,1,line_test_0017,line,1.0413847462580998,31.918890896638,0.5827375271728062,0.00088268838590011,0.0019228120072511956
P02_rsbfilm_sincos_Pcyc,1,line_test_0018,line,0.9966094267706187,29.383353607657764,0.4329437207060503,0.001532629132270813,0.0019687159947352484
P02_rsbfilm_sincos_Pcyc,1,line_test_0019,line,0.9998820375115273,29.301601016280998,0.43409401266182057,0.0013457550667226315,0.0019798909925157204
P02_rsbfilm_sincos_Pcyc,1,cross_test_0000,cross,0.9977821951263631,32.190006883976984,0.5969850718499954,0.00094338454073295,0.001915870001539588
P02_rsbfilm_sincos_Pcyc,1,cross_test_0001,cross,0.9992304225759484,26.50401771933435,0.26968560770030453,0.0028245330322533846,0.0019269909971626475
P02_rsbfilm_sincos_Pcyc,1,cross_test_0002,cross,1.0029013120208492,30.35240630769033,0.4909842143141865,0.0011764743831008673,0.001919590009492822
P02_rsbfilm_sincos_Pcyc,1,cross_test_0003,cross,0.995397317557847,27.652936274961306,0.33460982859053373,0.002208690857514739,0.0019045209919568151
P02_rsbfilm_sincos_Pcyc,1,cross_test_0004,cross,0.9976362536650077,27.875967033478062,0.34500560193424135,0.0021492766682058573,0.001961075991857797
P02_rsbfilm_sincos_Pcyc,1,cross_test_0005,cross,0.9986312976835936,31.170660245609298,0.5385931765117705,0.0011145365424454212,0.0019043109932681546
P02_rsbfilm_sincos_Pcyc,1,cross_test_0006,cross,0.9997431020590243,28.721358411105385,0.393246665542348,0.001671724603511393,0.0019888440001523122
P02_rsbfilm_sincos_Pcyc,1,cross_test_0007,cross,1.0002300968955171,33.93032517211827,0.6890588897257445,0.0006347913295030594,0.0019018340099137276
P02_rsbfilm_sincos_Pcyc,1,cross_test_0008,cross,0.9925072850637949,27.998697024039878,0.3554684692839896,0.0021921005100011826,0.001927461999002844
P02_rsbfilm_sincos_Pcyc,1,cross_test_0009,cross,0.9993779783169282,32.882301578908354,0.6350207646335083,0.0006543335039168596,0.0019204349955543876
P02_rsbfilm_sincos_Pcyc,1,cross_test_0010,cross,0.9961889250561132,32.064099298767395,0.5900473227131948,0.0009001009166240692,0.0019422119949012995
P02_rsbfilm_sincos_Pcyc,1,cross_test_0011,cross,0.9938318589458287,27.341029855683942,0.31899533646505474,0.0024735957849770784,0.0019123770034639165
P02_rsbfilm_sincos_Pcyc,1,cross_test_0012,cross,0.9994359964291538,31.669053026408747,0.5672894910418453,0.000941895938012749,0.001891234001959674
P02_rsbfilm_sincos_Pcyc,1,cross_test_0013,cross,1.000136459058282,31.66164802295606,0.5671182940875154,0.0010377098806202412,0.0019139360083499923
P02_rsbfilm_sincos_Pcyc,1,cross_test_0014,cross,0.9966957689221833,27.717897952409615,0.33925689489441346,0.001980191096663475,0.001885282006696798
P02_rsbfilm_sincos_Pcyc,1,L_shape_test_0000,L-shape,0.9954625443309737,26.19192472257697,0.2601847622817189,0.002943488070741296,0.001911148996441625
P02_rsbfilm_sincos_Pcyc,1,L_shape_test_0001,L-shape,0.9982868843530505,27.670899999838237,0.3349901581660603,0.002022327622398734,0.001981843000976369
P02_rsbfilm_sincos_Pcyc,1,L_shape_test_0002,L-shape,0.9964695925807944,27.29628012445449,0.31529692525434244,0.0024174218997359276,0.0019838360021822155
P02_rsbfilm_sincos_Pcyc,1,L_shape_test_0003,L-shape,0.9979894469760052,27.497039284756028,0.3237693756619549,0.002335493452847004,0.001933111998368986
P02_rsbfilm_sincos_Pcyc,1,L_shape_test_0004,L-shape,0.9974811277796304,25.791338068137684,0.2361342864679119,0.003206309163942933,0.0019261450070189312
P02_rsbfilm_sincos_Pcyc,1,L_shape_test_0005,L-shape,0.997503024635082,27.150577336887448,0.30802271800383085,0.002370295813307166,0.0018997570005012676
P02_rsbfilm_sincos_Pcyc,1,L_shape_test_0006,L-shape,0.998173764726868,31.169019117317013,0.5379573110486042,0.001005723257549107,0.0019262539863120764
P02_rsbfilm_sincos_Pcyc,1,L_shape_test_0007,L-shape,0.9968379503484829,27.013275449932785,0.297964676360832,0.002582436427474022,0.0019198950030840933
P02_rsbfilm_sincos_Pcyc,1,L_shape_test_0008,L-shape,0.9983420407103379,30.48161484436895,0.4981865707599884,0.0011510129552334547,0.0021199430048000067
P02_rsbfilm_sincos_Pcyc,1,L_shape_test_0009,L-shape,0.9968271870189739,26.41704095008306,0.2676915006077632,0.0028703054413199425,0.0019157019996782765
P02_rsbfilm_sincos_Pcyc,1,L_shape_test_0010,L-shape,0.9968780162908503,30.61603206876306,0.5065563062629166,0.0011034513590857387,0.0019164219993399456
P02_rsbfilm_sincos_Pcyc,1,L_shape_test_0011,L-shape,0.9984606142128187,33.386534385569185,0.6614482970040196,0.0006401348509825766,0.0019696189992828295
P02_rsbfilm_sincos_Pcyc,1,L_shape_test_0012,L-shape,0.9981079454191589,26.766564073181634,0.28594751302025534,0.0025622344110161066,0.0019043250067625195
P02_rsbfilm_sincos_Pcyc,1,L_shape_test_0013,L-shape,0.9967305606636336,27.276415626830524,0.3119405004453055,0.0024469206109642982,0.0019264440052211285
P02_rsbfilm_sincos_Pcyc,1,L_shape_test_0014,L-shape,0.9986650905460376,32.19859935366118,0.5969046683187295,0.0008679862949065864,0.0019167029968230054
P02_rsbfilm_sincos_Pcyc,1,L_shape_test_0015,L-shape,0.9985113154722154,25.872093715701986,0.24087705947604707,0.00300640263594687,0.0019233519997214898
P02_rsbfilm_sincos_Pcyc,1,L_shape_test_0016,L-shape,0.9978596294214628,27.42005943096767,0.3193742839881563,0.002343088388442993,0.0019069950067205355
P02_rsbfilm_sincos_Pcyc,1,L_shape_test_0017,L-shape,0.9977860998334822,26.309746851561936,0.2619408081423321,0.0028944318182766438,0.04367281499435194
P02_rsbfilm_sincos_Pcyc,1,L_shape_test_0018,L-shape,0.9969949755991717,26.212723811209454,0.255872686564296,0.003054874250665307,0.0020016519993077964
P02_rsbfilm_sincos_Pcyc,1,L_shape_test_0019,L-shape,0.9980333785061657,33.33855774073171,0.6592560720180224,0.0006797169335186481,0.001943544004461728
P02_rsbfilm_sincos_Pcyc,1,double_line_test_0000,double-line,0.9975069933992392,26.243407001615257,0.2598144403490717,0.002800246002152562,0.00198140500287991
P02_rsbfilm_sincos_Pcyc,1,double_line_test_0001,double-line,0.9973412121655113,26.648672993569704,0.2815937890681284,0.0028984202072024345,0.001991001990973018
P02_rsbfilm_sincos_Pcyc,1,double_line_test_0002,double-line,1.007131354301922,31.214970006116847,0.5405487679215937,0.001076876069419086,0.00190741999540478
P02_rsbfilm_sincos_Pcyc,1,double_line_test_0003,double-line,0.9996175822628884,25.6289493986017,0.22415282645926032,0.0034846037160605192,0.0019344430038472638
P02_rsbfilm_sincos_Pcyc,1,double_line_test_0004,double-line,0.9954635083945832,25.914869969370532,0.2413779870044473,0.003353515174239874,0.0019321510044392198
P02_rsbfilm_sincos_Pcyc,1,double_line_test_0005,double-line,1.004175219213791,25.976202735408403,0.2456397264847959,0.003133354475721717,0.001950602003489621
P02_rsbfilm_sincos_Pcyc,1,double_line_test_0006,double-line,0.9949897184047339,25.32459014561331,0.2221506443889318,0.0037466813810169697,0.003255219999118708
P02_rsbfilm_sincos_Pcyc,1,double_line_test_0007,double-line,0.9958905490070892,31.960290495515626,0.5841251558071257,0.0009322629775851965,0.0018874079978559166
P02_rsbfilm_sincos_Pcyc,1,double_line_test_0008,double-line,1.0010098624307089,28.36311024480052,0.37431073852414126,0.0018525508930906653,0.0019550480064935982
P02_rsbfilm_sincos_Pcyc,1,double_line_test_0009,double-line,0.997891479859818,27.979218872556935,0.34956885851922725,0.0021357377991080284,0.0018905739998444915
P02_rsbfilm_sincos_Pcyc,1,double_line_test_0010,double-line,0.9994774402843325,26.342813432236465,0.2628623520277592,0.002843131311237812,0.0019488660036586225
P02_rsbfilm_sincos_Pcyc,1,double_line_test_0011,double-line,0.998019698627581,27.990807099338294,0.3502388883491245,0.002106304746121168,0.0019330539944348857
P02_rsbfilm_sincos_Pcyc,1,double_line_test_0012,double-line,0.9966651895839526,30.663282174138494,0.5073594485442676,0.001243427861481905,0.0018976739956997335
P02_rsbfilm_sincos_Pcyc,1,double_line_test_0013,double-line,0.9992157199064445,25.015806380559702,0.1972089022448017,0.003919144626706839,0.0018767040019156411
P02_rsbfilm_sincos_Pcyc,1,double_line_test_0014,double-line,0.9982234284073733,25.78569027757238,0.23675318950312768,0.003348178695887327,0.0018803959974320605
P02_rsbfilm_sincos_Pcyc,1,small_rect_edge_test_0000,small_rect_edge,1.002321529869554,29.878797581222926,0.4636345732635887,0.0012409118935465813,0.0018766509892884642
P02_rsbfilm_sincos_Pcyc,1,small_rect_edge_test_0001,small_rect_edge,0.9959150265173459,30.814946449353716,0.518174322497464,0.0010952410520985723,0.0018859959964174777
P02_rsbfilm_sincos_Pcyc,1,small_rect_edge_test_0002,small_rect_edge,1.0091003966041412,27.682495072916154,0.33804160818607687,0.002056549768894911,0.001883282995549962
P02_rsbfilm_sincos_Pcyc,1,small_rect_edge_test_0003,small_rect_edge,0.998417917157916,30.516054769588877,0.4998047858651003,0.0011544486042112112,0.001891798005090095
P02_rsbfilm_sincos_Pcyc,1,small_rect_edge_test_0004,small_rect_edge,0.9906246882754224,29.192265759079255,0.4260357946444018,0.0016341092996299267,0.001890059997094795
P02_rsbfilm_sincos_Pcyc,1,small_rect_edge_test_0005,small_rect_edge,0.9963174551772418,29.47774039031518,0.45142444713956675,0.0013399943709373474,0.0018968649965245277
P02_rsbfilm_sincos_Pcyc,1,small_rect_edge_test_0006,small_rect_edge,0.9972184257445564,29.977268611776744,0.4683762995101163,0.001283713965676725,0.001892801999929361
P02_rsbfilm_sincos_Pcyc,1,small_rect_edge_test_0007,small_rect_edge,1.0003945270088077,29.075968312709396,0.41543519276715685,0.0015029659261927009,0.0018781889957608655
P02_rsbfilm_sincos_Pcyc,1,small_rect_edge_test_0008,small_rect_edge,0.9997636919774795,28.4232033223849,0.3800554149703168,0.001730226562358439,0.001892170010250993
P02_rsbfilm_sincos_Pcyc,1,small_rect_edge_test_0009,small_rect_edge,0.9987755391366175,30.901133733831188,0.5230008145925084,0.0010749674402177334,0.0019363680039532483
P02_rsbfilm_sincos_Pcyc,1,point_cluster_test_0000,point_cluster,0.9994698020355267,32.920627743776336,0.6852859849599994,0.0006802532589063048,0.0018845129961846396
P02_rsbfilm_sincos_Pcyc,1,point_cluster_test_0001,point_cluster,0.9980083012954863,31.679826770567047,0.5678884746301908,0.001061666989699006,0.0018860990094253793
P02_rsbfilm_sincos_Pcyc,1,point_cluster_test_0002,point_cluster,1.0164032372459717,35.534978169920606,0.7628341360820824,0.0005224756896495819,0.0018771199975162745
P02_rsbfilm_sincos_Pcyc,1,point_cluster_test_0003,point_cluster,1.0001061392821422,35.86363012501986,0.776212435494719,0.0004271164070814848,0.0018895210087066516
P02_rsbfilm_sincos_Pcyc,1,point_cluster_test_0004,point_cluster,0.998443773040747,31.425153214042503,0.5532943817560918,0.0010935033205896616,0.001926552999066189
P02_rsbfilm_sincos_Pcyc,1,point_cluster_test_0005,point_cluster,0.9998693276581052,31.366518788124473,0.5503304718431051,0.001069821184501052,0.0018891469953814521
P02_rsbfilm_sincos_Pcyc,1,point_cluster_test_0006,point_cluster,1.0198858859297892,34.98246500461692,0.7673957122160102,0.0005098912515677512,0.0019428820087341592
P02_rsbfilm_sincos_Pcyc,1,point_cluster_test_0007,point_cluster,0.9997024979419342,35.609405165009875,0.7924558817361258,0.0004603446868713945,0.0018892730004154146
P02_rsbfilm_sincos_Pcyc,1,point_cluster_test_0008,point_cluster,0.9995597730383284,34.75195387998703,0.7286458567914355,0.0005661208415403962,0.0018941159942187369
P02_rsbfilm_sincos_Pcyc,1,point_cluster_test_0009,point_cluster,0.9990665416863397,36.083471285376916,0.8253004630324964,0.0003804366569966078,0.0018708370043896139
P02_rsbfilm_sincos_Pcyc,1,point_cluster_test_0010,point_cluster,0.9986976169940037,31.2883109788202,0.5448060846233366,0.0011021688114851713,0.001877114991657436
P02_rsbfilm_sincos_Pcyc,1,point_cluster_test_0011,point_cluster,1.0036099336968316,34.891399025419894,0.7351043379004429,0.0005784240202046931,0.0018720020016189665
P02_rsbfilm_sincos_Pcyc,1,point_cluster_test_0012,point_cluster,1.0022054945388301,33.64517861668435,0.6753154818023496,0.0006916471756994724,0.0019419649906922132
P02_rsbfilm_sincos_Pcyc,1,point_cluster_test_0013,point_cluster,1.0011247095855327,32.35573496491411,0.6066938337821114,0.0009937831200659275,0.0019436779984971508
P02_rsbfilm_sincos_Pcyc,1,point_cluster_test_0014,point_cluster,0.9975159352663302,34.27255561309198,0.7062919315204234,0.0005321172066032887,0.0019296769896754995
P02_rsbfilm_sincos_Pcyc,1,point_cluster_test_0015,point_cluster,0.9967683880794824,34.409842166212684,0.7131214132635446,0.0006073988042771816,0.0018753820040728897
P02_rsbfilm_sincos_Pcyc,1,point_cluster_test_0016,point_cluster,0.9989077025882196,31.88344330499085,0.6099506662420953,0.0009332321351394057,0.001875608999398537
P02_rsbfilm_sincos_Pcyc,1,point_cluster_test_0017,point_cluster,1.0376997607504677,35.985991587321294,0.8548526524122859,0.00039955819374881685,0.0018927540077129379
P02_rsbfilm_sincos_Pcyc,1,point_cluster_test_0018,point_cluster,1.0091270403880683,35.69618563935825,0.7894985747851769,0.0004883580841124058,0.0018942420138046145
P02_rsbfilm_sincos_Pcyc,1,point_cluster_test_0019,point_cluster,1.0012234753125908,34.88856628102074,0.7345595476371811,0.0004768685612361878,0.0018834039947250858
P02_rsbfilm_sincos_Pcyc,2,line_test_0000,line,0.9912020897024613,30.879391518586495,0.5229422614819212,0.0011846298584714532,0.0018747040012385696
P02_rsbfilm_sincos_Pcyc,2,line_test_0001,line,0.9868121550661921,25.967879288275288,0.2549808928062817,0.0033376615028828382,0.001876076014013961
P02_rsbfilm_sincos_Pcyc,2,line_test_0002,line,0.9835381874774791,30.274387992506377,0.49038452551195355,0.001378046814352274,0.0018767620058497414
P02_rsbfilm_sincos_Pcyc,2,line_test_0003,line,0.9866277142504919,33.9695820918779,0.6947025432609828,0.000792079430539161,0.0019450629915809259
P02_rsbfilm_sincos_Pcyc,2,line_test_0004,line,0.9947835141259507,36.661120645651664,0.8067820353872034,0.0003668483404908329,0.0018803639977704734
P02_rsbfilm_sincos_Pcyc,2,line_test_0005,line,0.9978792083949399,32.426231155130736,0.6102624612456299,0.0007591976318508387,0.0019302520086057484
P02_rsbfilm_sincos_Pcyc,2,line_test_0006,line,1.0007538885775165,31.595768423355025,0.5642076518054743,0.0009845903841778636,0.0018758560036076233
P02_rsbfilm_sincos_Pcyc,2,line_test_0007,line,0.9977464491507196,29.79870036121905,0.4685386619436519,0.0012949238298460841,0.0018789710011333227
P02_rsbfilm_sincos_Pcyc,2,line_test_0008,line,0.9941777383667286,25.846105590644534,0.2435952481448159,0.0029589789919555187,0.0018747270078165457
P02_rsbfilm_sincos_Pcyc,2,line_test_0009,line,0.9912670131248005,30.244913273592203,0.4868333454778357,0.0012659189524129033,0.0019523110095178708
P02_rsbfilm_sincos_Pcyc,2,line_test_0010,line,0.9860610357393396,32.480637390030694,0.6153566684890652,0.000867125520016998,0.0019286889873910695
P02_rsbfilm_sincos_Pcyc,2,line_test_0011,line,0.9981660247355866,27.754861515921085,0.3422500476927348,0.0020937344525009394,0.00188309999066405
P02_rsbfilm_sincos_Pcyc,2,line_test_0012,line,0.9858901910889762,29.743634203214793,0.45905677853074434,0.0013825984206050634,0.001990582008147612
P02_rsbfilm_sincos_Pcyc,2,line_test_0013,line,0.9971759280078542,27.02601765329494,0.3206441623072652,0.0022713919170200825,0.0018840609991457313
P02_rsbfilm_sincos_Pcyc,2,line_test_0014,line,0.991590265950528,34.866638403840135,0.7342549691652303,0.00048411046736873686,0.0018851169879781082
P02_rsbfilm_sincos_Pcyc,2,line_test_0015,line,0.998013212284203,35.397732928494015,0.7578164717991139,0.0005319074261933565,0.0018781800026772544
P02_rsbfilm_sincos_Pcyc,2,line_test_0016,line,0.9929068866151344,28.23392538108785,0.37015826938479157,0.0020244529005140066,0.0019420509925112128
P02_rsbfilm_sincos_Pcyc,2,line_test_0017,line,1.0061284162359942,32.06846885733484,0.5908100576256212,0.0008404679829254746,0.0018781440012389794
P02_rsbfilm_sincos_Pcyc,2,line_test_0018,line,0.9880357307326251,29.420876946633683,0.4384292542115784,0.0015667355619370937,0.0018655789899639785
P02_rsbfilm_sincos_Pcyc,2,line_test_0019,line,0.9933886294020816,29.329897015638508,0.43815957808055406,0.0013791704550385475,0.002106483996612951
P02_rsbfilm_sincos_Pcyc,2,cross_test_0000,cross,0.9957486849483839,32.19886693662013,0.598690873267684,0.0010240385308861732,0.001874014997156337
P02_rsbfilm_sincos_Pcyc,2,cross_test_0001,cross,0.9970482375567146,26.513512515774167,0.2717439432597588,0.002859607571735978,0.0018977759900735691
P02_rsbfilm_sincos_Pcyc,2,cross_test_0002,cross,0.9957923247067553,30.383300608272272,0.4942651952634658,0.0011885720305144787,0.0018508740031393245
P02_rsbfilm_sincos_Pcyc,2,cross_test_0003,cross,0.9937748507971759,27.660020697404217,0.3381341479773406,0.002360791899263859,0.0019440169999143109
P02_rsbfilm_sincos_Pcyc,2,cross_test_0004,cross,0.9927133647171109,27.897450596990538,0.3498085710484356,0.0022524609230458736,0.0018799829995259643
P02_rsbfilm_sincos_Pcyc,2,cross_test_0005,cross,0.9939302792619055,31.191152517445353,0.541013417463029,0.001136972801759839,0.001880933006759733
P02_rsbfilm_sincos_Pcyc,2,cross_test_0006,cross,0.9939974254715418,28.74638981039233,0.39759080816311276,0.0017380903009325266,0.001994190999539569
P02_rsbfilm_sincos_Pcyc,2,cross_test_0007,cross,0.993169243601052,33.96109178211806,0.6915149332074195,0.0006668343557976186,0.0018822889978764579
P02_rsbfilm_sincos_Pcyc,2,cross_test_0008,cross,0.9876221289039514,28.020125826265062,0.3624456499615628,0.0023846200201660395,0.0018667430122150108
P02_rsbfilm_sincos_Pcyc,2,cross_test_0009,cross,0.9967120276580019,32.89390234121933,0.6366799671495995,0.00071584532270208,0.001952095000888221
P02_rsbfilm_sincos_Pcyc,2,cross_test_0010,cross,0.9946321953976998,32.07089127723496,0.5911767876958338,0.0009407945326529443,0.0019277090032119304
P02_rsbfilm_sincos_Pcyc,2,cross_test_0011,cross,0.9828128504350672,27.389450840524255,0.33411967390544867,0.0028276483062654734,0.001891006002551876
P02_rsbfilm_sincos_Pcyc,2,cross_test_0012,cross,0.9963124089695153,31.682647656074924,0.5697138189667057,0.0010380832245573401,0.0018904239987023175
P02_rsbfilm_sincos_Pcyc,2,cross_test_0013,cross,0.9883728587483825,31.713032299329235,0.572543428594215,0.001102282665669918,0.001869704996352084
P02_rsbfilm_sincos_Pcyc,2,cross_test_0014,cross,0.9912727383901028,27.74159249537388,0.34313560235894325,0.001998604740947485,0.0018860790005419403
P02_rsbfilm_sincos_Pcyc,2,L_shape_test_0000,L-shape,0.9864740433029656,26.231317350725014,0.26876638218805665,0.0030803161207586527,0.0018780799873638898
P02_rsbfilm_sincos_Pcyc,2,L_shape_test_0001,L-shape,0.994148949540388,27.68893893071123,0.3381032136055817,0.002051358576864004,0.001960327004780993
P02_rsbfilm_sincos_Pcyc,2,L_shape_test_0002,L-shape,0.9810733394632127,27.363906022371665,0.32700668743744404,0.0024997422005981207,0.0019303860026411712
P02_rsbfilm_sincos_Pcyc,2,L_shape_test_0003,L-shape,0.9922067179383208,27.52227706817001,0.3287209757063847,0.0024113256949931383,0.0018777160003082827
P02_rsbfilm_sincos_Pcyc,2,L_shape_test_0004,L-shape,0.991561287196106,25.81718944741724,0.24164122443913016,0.0032879014033824205,0.0019773899985011667
P02_rsbfilm_sincos_Pcyc,2,L_shape_test_0005,L-shape,0.992123594496191,27.174061768965586,0.3119400930502458,0.0024043123703449965,0.0018819709948729724
P02_rsbfilm_sincos_Pcyc,2,L_shape_test_0006,L-shape,0.9949276049403852,31.183165610312233,0.53989127561991,0.001047447556629777,0.0018937169952550903
P02_rsbfilm_sincos_Pcyc,2,L_shape_test_0007,L-shape,0.994041114251168,27.02547793059628,0.30212418182064765,0.002727411687374115,0.0018769409944070503
P02_rsbfilm_sincos_Pcyc,2,L_shape_test_0008,L-shape,0.9950129637241152,30.496121146730797,0.5003004099651389,0.0011871452443301678,0.001882012002170086
P02_rsbfilm_sincos_Pcyc,2,L_shape_test_0009,L-shape,0.9876505543185621,26.457206837708398,0.2752209239892797,0.0029272069223225117,0.0018733430042630062
P02_rsbfilm_sincos_Pcyc,2,L_shape_test_0010,L-shape,0.987482345571568,30.657158727536945,0.5132725757251778,0.0012635209131985903,0.0018843889993149787
P02_rsbfilm_sincos_Pcyc,2,L_shape_test_0011,L-shape,0.9952589561769987,33.400482730670205,0.6627072521486468,0.0006627009715884924,0.00188235699897632
P02_rsbfilm_sincos_Pcyc,2,L_shape_test_0012,L-shape,0.9912246787179527,26.796618103988486,0.2931496587161084,0.00270393886603415,0.001902103002066724
P02_rsbfilm_sincos_Pcyc,2,L_shape_test_0013,L-shape,0.9953140729493728,27.28259189322095,0.3141763455077636,0.002536163665354252,0.001944299991009757
P02_rsbfilm_sincos_Pcyc,2,L_shape_test_0014,L-shape,0.9953998830481423,32.212822111361135,0.5987366967341925,0.0009165239753201604,0.0018866940081352368
P02_rsbfilm_sincos_Pcyc,2,L_shape_test_0015,L-shape,0.9930173378439157,25.896055224377807,0.2459638155092608,0.003085365751758218,0.0018665420066099614
P02_rsbfilm_sincos_Pcyc,2,L_shape_test_0016,L-shape,0.9844970402776777,27.478609653024794,0.3297648754478409,0.0024302995298057795,0.0019458379974821582
P02_rsbfilm_sincos_Pcyc,2,L_shape_test_0017,L-shape,0.9880822317883834,26.352190641854122,0.27210039700152056,0.0031024585478007793,0.0018792660121107474
P02_rsbfilm_sincos_Pcyc,2,L_shape_test_0018,L-shape,0.9874444616853627,26.25452675641703,0.26353217218346514,0.003101350972428918,0.0018865610036300495
P02_rsbfilm_sincos_Pcyc,2,L_shape_test_0019,L-shape,0.9949353036180157,33.35205995889232,0.66086612661109,0.0007316070841625333,0.0018745809938991442
P02_rsbfilm_sincos_Pcyc,2,double_line_test_0000,double-line,0.9942356031476253,26.25767336703087,0.263502357697117,0.0028710397891700268,0.0019381079910090193
P02_rsbfilm_sincos_Pcyc,2,double_line_test_0001,double-line,0.9903853652175519,26.679068244790077,0.2910300978851393,0.0031427075155079365,0.0018721870001172647
P02_rsbfilm_sincos_Pcyc,2,double_line_test_0002,double-line,0.9990543669606673,31.24993979969161,0.5440892723452436,0.0011589624918997288,0.0018932350067188963
P02_rsbfilm_sincos_Pcyc,2,double_line_test_0003,double-line,0.9966901155046486,25.641686735490616,0.22722972882843767,0.0035490449517965317,0.001892126994789578
P02_rsbfilm_sincos_Pcyc,2,double_line_test_0004,double-line,0.9872625644646075,25.95079663033498,0.24956693593760268,0.003481891704723239,0.0019160410010954365
P02_rsbfilm_sincos_Pcyc,2,double_line_test_0005,double-line,0.9997642278197499,25.99532205170118,0.24764111111205347,0.003209163201972842,0.00189180500456132
P02_rsbfilm_sincos_Pcyc,2,double_line_test_0006,double-line,0.9790596769356821,25.394684338002126,0.24122507095156917,0.004098839126527309,0.0019423939957050607
P02_rsbfilm_sincos_Pcyc,2,double_line_test_0007,double-line,0.9907309421471217,31.982849512045888,0.586625837072318,0.0009745865245349705,0.0019418550073169172
P02_rsbfilm_sincos_Pcyc,2,double_line_test_0008,double-line,0.9997233513182904,28.368695573187374,0.37554842675630196,0.0019042431376874447,0.0018742310057859868
P02_rsbfilm_sincos_Pcyc,2,double_line_test_0009,double-line,0.9895248359775268,28.015785110702275,0.3557246557116353,0.002185753546655178,0.0018732960015768185
P02_rsbfilm_sincos_Pcyc,2,double_line_test_0010,double-line,0.9960786634162618,26.357606920014067,0.2665842143375202,0.0029350558761507273,0.0018897099944297224
P02_rsbfilm_sincos_Pcyc,2,double_line_test_0011,double-line,0.9956055533750201,28.0013249754763,0.35234793937234227,0.0021467339247465134,0.0018753259937511757
P02_rsbfilm_sincos_Pcyc,2,double_line_test_0012,double-line,0.98625648306297,30.708876506355494,0.5127676405926831,0.001260382472537458,0.0018847930041374639
P02_rsbfilm_sincos_Pcyc,2,double_line_test_0013,double-line,0.9947443082372809,25.035284318287662,0.20204777381893993,0.004023649729788303,0.0019432489934843034
P02_rsbfilm_sincos_Pcyc,2,double_line_test_0014,double-line,0.989859137287622,25.82223418446633,0.24673226882797472,0.003576627466827631,0.0018738059879979119
P02_rsbfilm_sincos_Pcyc,2,small_rect_edge_test_0000,small_rect_edge,0.9920475968762607,29.92354315282578,0.4692941871197807,0.0012851586798205972,0.00189448099990841
P02_rsbfilm_sincos_Pcyc,2,small_rect_edge_test_0001,small_rect_edge,0.997381867190201,30.808554685227605,0.5186774614092444,0.0011798421619459987,0.0018663030059542507
P02_rsbfilm_sincos_Pcyc,2,small_rect_edge_test_0002,small_rect_edge,1.0041599713359532,27.7038099550823,0.33975624252875064,0.0021092058159410954,0.0018849860061891377
P02_rsbfilm_sincos_Pcyc,2,small_rect_edge_test_0003,small_rect_edge,0.9853443248633648,30.573298328765333,0.5069115496798292,0.0012026735348626971,0.001887086997157894
P02_rsbfilm_sincos_Pcyc,2,small_rect_edge_test_0004,small_rect_edge,0.9839988506407876,29.22141122693009,0.43335129987521004,0.0018157536396756768,0.0019309099880047143
P02_rsbfilm_sincos_Pcyc,2,small_rect_edge_test_0005,small_rect_edge,0.9960759174493156,29.47879363993368,0.45492144604489365,0.001566122518852353,0.00194956200721208
P02_rsbfilm_sincos_Pcyc,2,small_rect_edge_test_0006,small_rect_edge,0.9945628418497244,29.988849280390166,0.4707603993211157,0.0013706607278436422,0.0018681929941521958
P02_rsbfilm_sincos_Pcyc,2,small_rect_edge_test_0007,small_rect_edge,0.9995249162884734,29.079745000201783,0.4170726098742791,0.0015984841156750917,0.001883437013020739
P02_rsbfilm_sincos_Pcyc,2,small_rect_edge_test_0008,small_rect_edge,1.0031536519279227,28.40850239528222,0.3836780278866797,0.002020005602389574,0.0018882360018324107
P02_rsbfilm_sincos_Pcyc,2,small_rect_edge_test_0009,small_rect_edge,0.9999866878777909,30.89587058134328,0.5227824677964908,0.0011096359230577946,0.0018744900007732213
P02_rsbfilm_sincos_Pcyc,2,point_cluster_test_0000,point_cluster,0.9932611604283347,32.947689943153065,0.6874842285277338,0.0007138788350857794,0.001895670997328125
P02_rsbfilm_sincos_Pcyc,2,point_cluster_test_0001,point_cluster,0.9876944260411655,31.72494236284605,0.5754533562940245,0.001273054745979607,0.0018787280132528394
P02_rsbfilm_sincos_Pcyc,2,point_cluster_test_0002,point_cluster,0.9996234841550976,35.60727431375418,0.7662490822917392,0.0005514952936209738,0.0019454890134511515
P02_rsbfilm_sincos_Pcyc,2,point_cluster_test_0003,point_cluster,0.9912497311579045,35.902259960342434,0.7785395131901474,0.0004810397222172469,0.0018912189989350736
P02_rsbfilm_sincos_Pcyc,2,point_cluster_test_0004,point_cluster,0.9964302316762194,31.433920359951145,0.5586543089466722,0.0013988614082336426,0.0018666180112631992
P02_rsbfilm_sincos_Pcyc,2,point_cluster_test_0005,point_cluster,1.0028494696194787,31.353593731405688,0.5510924657856199,0.001268958207219839,0.0018926829943666235
P02_rsbfilm_sincos_Pcyc,2,point_cluster_test_0006,point_cluster,1.0094052546464107,35.027325191134345,0.7694565694213227,0.0005189775838516653,0.0018806380103342235
P02_rsbfilm_sincos_Pcyc,2,point_cluster_test_0007,point_cluster,1.002831754468348,35.595832134511404,0.7921022264949863,0.0005107971956022084,0.0019436369912000373
P02_rsbfilm_sincos_Pcyc,2,point_cluster_test_0008,point_cluster,0.9805449546383902,34.83536624261853,0.7342756264152906,0.0006216265028342605,0.0018693070014705881
P02_rsbfilm_sincos_Pcyc,2,point_cluster_test_0009,point_cluster,0.9899442603667127,36.12330821222883,0.8271718817635367,0.00043264025589451194,0.0019452799897408113
P02_rsbfilm_sincos_Pcyc,2,point_cluster_test_0010,point_cluster,1.0001422786928111,31.28203335110005,0.5461312321036312,0.0012834310764446855,0.0019240589899709448
P02_rsbfilm_sincos_Pcyc,2,point_cluster_test_0011,point_cluster,0.9866784467385498,34.96529211078676,0.7397950385305877,0.0006290867459028959,0.0018741139938356355
P02_rsbfilm_sincos_Pcyc,2,point_cluster_test_0012,point_cluster,0.999515304944402,33.656852055122826,0.6770201436955792,0.0008123680017888546,0.0018815399962477386
P02_rsbfilm_sincos_Pcyc,2,point_cluster_test_0013,point_cluster,1.0180985933228501,32.28271803037186,0.6038229432775131,0.0013209715252742171,0.0018906420009443536
P02_rsbfilm_sincos_Pcyc,2,point_cluster_test_0014,point_cluster,1.0058082371595665,34.236602042618316,0.704492557835797,0.0006002607988193631,0.0019309290073579177
P02_rsbfilm_sincos_Pcyc,2,point_cluster_test_0015,point_cluster,1.0153915613821065,34.32944911577357,0.7108259658495742,0.0008681393228471279,0.0018814270006259903
P02_rsbfilm_sincos_Pcyc,2,point_cluster_test_0016,point_cluster,0.9954525117921668,31.89849135831725,0.6123349588329972,0.0010358995059505105,0.001958121996722184
P02_rsbfilm_sincos_Pcyc,2,point_cluster_test_0017,point_cluster,1.0086102237015573,36.109475157350474,0.8586339543182325,0.00046722550177946687,0.001877810005680658
P02_rsbfilm_sincos_Pcyc,2,point_cluster_test_0018,point_cluster,1.0025228781248066,35.72470099662176,0.790921351926588,0.0005386220873333514,0.0018789110035868362
P02_rsbfilm_sincos_Pcyc,2,point_cluster_test_0019,point_cluster,0.9960560111977594,34.91103891114732,0.7359123967436988,0.0004784726770594716,0.0018852889916161075
P03_rsbfilm_scalar_plus_sincos_Pcyc,0,line_test_0000,line,0.9971552770296788,30.85338570104774,0.5188872440209394,0.0010758931748569012,0.004296381986932829
P03_rsbfilm_scalar_plus_sincos_Pcyc,0,line_test_0001,line,0.9959764975258437,25.927733481611497,0.2454489403066734,0.003157224040478468,0.0019778669957304373
P03_rsbfilm_scalar_plus_sincos_Pcyc,0,line_test_0002,line,0.9938857797597778,30.228935333117676,0.48337063602251534,0.001247753156349063,0.0019062759965891019
P03_rsbfilm_scalar_plus_sincos_Pcyc,0,line_test_0003,line,0.998842463000191,33.91614512535829,0.6896487762006743,0.0006594412843696773,0.001893489999929443
P03_rsbfilm_scalar_plus_sincos_Pcyc,0,line_test_0004,line,1.000339844243951,36.636930884834484,0.8054646241351867,0.00029322560294531286,0.0019104169914498925
P03_rsbfilm_scalar_plus_sincos_Pcyc,0,line_test_0005,line,0.9997066324533653,32.41828527387547,0.6091312261309886,0.0007005096413195133,0.0018919699941761792
P03_rsbfilm_scalar_plus_sincos_Pcyc,0,line_test_0006,line,0.9891484707884589,31.64642629667568,0.568746829526821,0.0009475091937929392,0.0018903529999079183
P03_rsbfilm_scalar_plus_sincos_Pcyc,0,line_test_0007,line,0.99462325521963,29.812316363430533,0.4694012053352713,0.0012128220405429602,0.001894139000796713
P03_rsbfilm_scalar_plus_sincos_Pcyc,0,line_test_0008,line,0.9984699064381507,25.827396205143934,0.23954409059001508,0.0028875176794826984,0.0019309289928060025
P03_rsbfilm_scalar_plus_sincos_Pcyc,0,line_test_0009,line,0.9971092628322824,30.21939239666366,0.4825390273574239,0.0011527483584359288,0.001897854992421344
P03_rsbfilm_scalar_plus_sincos_Pcyc,0,line_test_0010,line,0.9979745517421678,32.42848045385515,0.6099352654725446,0.0007932953303679824,0.0018882529984693974
P03_rsbfilm_scalar_plus_sincos_Pcyc,0,line_test_0011,line,0.9999829176097824,27.746963494043623,0.3385650197389323,0.001951308106072247,0.0019647970038931817
P03_rsbfilm_scalar_plus_sincos_Pcyc,0,line_test_0012,line,0.993446569479671,29.710474602774784,0.45384948919003226,0.0013018989702686667,0.0018977889994857833
P03_rsbfilm_scalar_plus_sincos_Pcyc,0,line_test_0013,line,0.9972103927965174,27.025867399015954,0.3196257404822965,0.002193341962993145,0.0018964640039484948
P03_rsbfilm_scalar_plus_sincos_Pcyc,0,line_test_0014,line,0.9994834186835351,34.832204844832816,0.7317466852782271,0.00041052227606996894,0.0018798509991029277
P03_rsbfilm_scalar_plus_sincos_Pcyc,0,line_test_0015,line,0.9997742815406983,35.39007627816177,0.7567244136706723,0.00043453622492961586,0.00191168999299407
P03_rsbfilm_scalar_plus_sincos_Pcyc,0,line_test_0016,line,0.9955909892455713,28.222200999323253,0.36613426810062705,0.0018632854335010052,0.0018914889951702207
P03_rsbfilm_scalar_plus_sincos_Pcyc,0,line_test_0017,line,1.0067960401207918,32.06558773383553,0.5896473556715642,0.000756137422285974,0.001899715993204154
P03_rsbfilm_scalar_plus_sincos_Pcyc,0,line_test_0018,line,0.9965334894789541,29.38368437124938,0.4327837833059435,0.0015083514153957367,0.0018980210006702691
P03_rsbfilm_scalar_plus_sincos_Pcyc,0,line_test_0019,line,0.997864049254146,29.31037501677763,0.4351266836225134,0.0013284613378345966,0.001878749011666514
P03_rsbfilm_scalar_plus_sincos_Pcyc,0,cross_test_0000,cross,0.9984829024783537,32.186958273943645,0.5961641427944196,0.0008851441089063883,0.001883081000414677
P03_rsbfilm_scalar_plus_sincos_Pcyc,0,cross_test_0001,cross,0.9975256406123036,26.51143337246086,0.27054663044640753,0.002796140732243657,0.0018992359982803464
P03_rsbfilm_scalar_plus_sincos_Pcyc,0,cross_test_0002,cross,0.998158260395264,30.372994322006654,0.4922475866328329,0.001103720860555768,0.0019041119958274066
P03_rsbfilm_scalar_plus_sincos_Pcyc,0,cross_test_0003,cross,0.9897704834728134,27.677555897904618,0.3384047482211256,0.0021956476848572493,0.001873743996839039
P03_rsbfilm_scalar_plus_sincos_Pcyc,0,cross_test_0004,cross,0.9972311967586904,27.877730791208943,0.34521991772944277,0.0021366244181990623,0.0019410800014156848
P03_rsbfilm_scalar_plus_sincos_Pcyc,0,cross_test_0005,cross,0.9972453659372141,31.176691645367967,0.5388435089175196,0.001072149956598878,0.0019217930093873292
P03_rsbfilm_scalar_plus_sincos_Pcyc,0,cross_test_0006,cross,0.9978998079533216,28.729373239635958,0.39404623419819074,0.00163773144595325,0.0018859230040106922
P03_rsbfilm_scalar_plus_sincos_Pcyc,0,cross_test_0007,cross,0.9985058200099788,33.93781832593841,0.6892840616174509,0.0005815364420413971,0.0018975120037794113
P03_rsbfilm_scalar_plus_sincos_Pcyc,0,cross_test_0008,cross,0.9962274702015044,27.98244884474759,0.3522296716843527,0.0021196913439780474,0.001890594998258166
P03_rsbfilm_scalar_plus_sincos_Pcyc,0,cross_test_0009,cross,1.000085886119016,32.87922667709217,0.6346850895247612,0.0006272433674894273,0.0019031319970963523
P03_rsbfilm_scalar_plus_sincos_Pcyc,0,cross_test_0010,cross,0.9984868229570648,32.05409326844734,0.5890879800016028,0.0008921988192014396,0.0018897190020652488
P03_rsbfilm_scalar_plus_sincos_Pcyc,0,cross_test_0011,cross,0.9929648520627768,27.344820292450972,0.3204433481912916,0.002500863280147314,0.0019105130049865693
P03_rsbfilm_scalar_plus_sincos_Pcyc,0,cross_test_0012,cross,0.9962212773333097,31.683044670493544,0.5684288924663927,0.0009039213182404637,0.0018953690014313906
P03_rsbfilm_scalar_plus_sincos_Pcyc,0,cross_test_0013,cross,0.9921327154876135,31.696542757782602,0.5697289667479041,0.0009812252828851342,0.00194830700638704
P03_rsbfilm_scalar_plus_sincos_Pcyc,0,cross_test_0014,cross,0.9968226952384075,27.717344948339743,0.3386120315796082,0.001929589663632214,0.001882905009551905
P03_rsbfilm_scalar_plus_sincos_Pcyc,0,L_shape_test_0000,L-shape,0.9947615464061927,26.194984180996098,0.25953162865599194,0.0028658865485340357,0.0024236610042862594
P03_rsbfilm_scalar_plus_sincos_Pcyc,0,L_shape_test_0001,L-shape,0.9971048474469452,27.676045366221544,0.33527926376690176,0.0019773305393755436,0.0019659750105347484
P03_rsbfilm_scalar_plus_sincos_Pcyc,0,L_shape_test_0002,L-shape,0.9946472897542259,27.304229746112473,0.3163674831729679,0.0024149660021066666,0.001889347011456266
P03_rsbfilm_scalar_plus_sincos_Pcyc,0,L_shape_test_0003,L-shape,0.9955531516306177,27.50765438535194,0.3249040434766941,0.002299001207575202,0.0018944490002468228
P03_rsbfilm_scalar_plus_sincos_Pcyc,0,L_shape_test_0004,L-shape,0.9969485906931586,25.793657207263728,0.2364264800786585,0.0031959761399775743,0.0019499079935485497
P03_rsbfilm_scalar_plus_sincos_Pcyc,0,L_shape_test_0005,L-shape,0.9962633919816768,27.155977660709205,0.3075667959713547,0.0023021670058369637,0.0018822839920176193
P03_rsbfilm_scalar_plus_sincos_Pcyc,0,L_shape_test_0006,L-shape,0.9987917933157151,31.166330913378296,0.5373473556273526,0.0009631314314901829,0.0018972270045196638
P03_rsbfilm_scalar_plus_sincos_Pcyc,0,L_shape_test_0007,L-shape,0.9965418798375137,27.01456580172333,0.2981539889735141,0.002578554442152381,0.0019364449981367216
P03_rsbfilm_scalar_plus_sincos_Pcyc,0,L_shape_test_0008,L-shape,0.9945915868991942,30.497960703711726,0.49969077352375335,0.001101789646781981,0.001906157995108515
P03_rsbfilm_scalar_plus_sincos_Pcyc,0,L_shape_test_0009,L-shape,0.9972948425711012,26.415003928376265,0.26747879926047824,0.0028748319018632174,0.0019500549969961867
P03_rsbfilm_scalar_plus_sincos_Pcyc,0,L_shape_test_0010,L-shape,0.996187412223102,30.619041554630574,0.5068053419906623,0.001082453178241849,0.0018952690006699413
P03_rsbfilm_scalar_plus_sincos_Pcyc,0,L_shape_test_0011,L-shape,0.998736132270143,33.385336217802234,0.6610298891476587,0.0005828890716657043,0.001939009001944214
P03_rsbfilm_scalar_plus_sincos_Pcyc,0,L_shape_test_0012,L-shape,0.9972934861375118,26.77010939465998,0.28612903554738833,0.0025262103881686926,0.0018962589965667576
P03_rsbfilm_scalar_plus_sincos_Pcyc,0,L_shape_test_0013,L-shape,0.9977730938584326,27.271875305293566,0.310751191424493,0.0024058055132627487,0.0018915779946837574
P03_rsbfilm_scalar_plus_sincos_Pcyc,0,L_shape_test_0014,L-shape,0.9975734114473434,32.20334909456178,0.5970585502107301,0.0008244576747529209,0.001959449000423774
P03_rsbfilm_scalar_plus_sincos_Pcyc,0,L_shape_test_0015,L-shape,0.9974400420243956,25.876755403026664,0.2414057241172003,0.0029858830384910107,0.0018895309913204983
P03_rsbfilm_scalar_plus_sincos_Pcyc,0,L_shape_test_0016,L-shape,0.9959050277159314,27.428574698680176,0.3202004298273578,0.002302217297255993,0.0019442579941824079
P03_rsbfilm_scalar_plus_sincos_Pcyc,0,L_shape_test_0017,L-shape,0.9939568895120249,26.326445910553964,0.26457213451441725,0.002882805187255144,0.0018913059902843088
P03_rsbfilm_scalar_plus_sincos_Pcyc,0,L_shape_test_0018,L-shape,0.9979589989294335,26.208526536581935,0.25451892905971596,0.0030011404305696487,0.0018938569992315024
P03_rsbfilm_scalar_plus_sincos_Pcyc,0,L_shape_test_0019,L-shape,0.9956635416858494,33.348882354648346,0.6599622971401264,0.0006563170463778079,0.001897911002743058
P03_rsbfilm_scalar_plus_sincos_Pcyc,0,double_line_test_0000,double-line,0.9987806172735035,26.237865436636007,0.25863217609489186,0.0027602079790085554,0.00195139400602784
P03_rsbfilm_scalar_plus_sincos_Pcyc,0,double_line_test_0001,double-line,0.9957772978955172,26.655488404197342,0.2820446831388119,0.0028432796243578196,0.0019343919993843883
P03_rsbfilm_scalar_plus_sincos_Pcyc,0,double_line_test_0002,double-line,1.000109093829972,31.245357324363695,0.5422157734402259,0.0010382095351815224,0.0018809149914886802
P03_rsbfilm_scalar_plus_sincos_Pcyc,0,double_line_test_0003,double-line,0.9961906434589012,25.643863883844034,0.22654709987403715,0.0034750907216221094,0.0019060329941567034
P03_rsbfilm_scalar_plus_sincos_Pcyc,0,double_line_test_0004,double-line,0.9962645577585264,25.911376344491273,0.2400487351177634,0.0032963126432150602,0.001893616994493641
P03_rsbfilm_scalar_plus_sincos_Pcyc,0,double_line_test_0005,double-line,1.000069448017691,25.99399646138992,0.24535402476680826,0.0030713919550180435,0.0018892500083893538
P03_rsbfilm_scalar_plus_sincos_Pcyc,0,double_line_test_0006,double-line,0.9902486230777513,25.345333803381607,0.22573388197228383,0.0037477135192602873,0.0019512190046953037
P03_rsbfilm_scalar_plus_sincos_Pcyc,0,double_line_test_0007,double-line,0.9965813018953684,31.957279479726598,0.5835350872485633,0.0009022586746141315,0.0018870700005209073
P03_rsbfilm_scalar_plus_sincos_Pcyc,0,double_line_test_0008,double-line,0.9969561065600961,28.380733597107223,0.37607797667428416,0.0018131674733012915,0.0019487999961711466
P03_rsbfilm_scalar_plus_sincos_Pcyc,0,double_line_test_0009,double-line,0.9979582248798354,27.97892838809196,0.3491024825192857,0.002099259989336133,0.0018964519986184314
P03_rsbfilm_scalar_plus_sincos_Pcyc,0,double_line_test_0010,double-line,0.9960824655788131,26.357590747182726,0.26506758440275713,0.002822509966790676,0.0018919959984486923
P03_rsbfilm_scalar_plus_sincos_Pcyc,0,double_line_test_0011,double-line,0.9984913434533641,27.98875500376136,0.3494836879018393,0.0020668641664087772,0.001887480990262702
P03_rsbfilm_scalar_plus_sincos_Pcyc,0,double_line_test_0012,double-line,0.9966563783535106,30.663320754465182,0.5069447539698558,0.0011983303120359778,0.0018915389955509454
P03_rsbfilm_scalar_plus_sincos_Pcyc,0,double_line_test_0013,double-line,0.9988780121536056,25.017274544842802,0.19730069126904765,0.003905190620571375,0.00193051400128752
P03_rsbfilm_scalar_plus_sincos_Pcyc,0,double_line_test_0014,double-line,0.9960117950992655,25.79532316168717,0.23798078461602956,0.003333429805934429,0.001891096995677799
P03_rsbfilm_scalar_plus_sincos_Pcyc,0,small_rect_edge_test_0000,small_rect_edge,0.9989966531344252,29.893227968095783,0.46374018090420616,0.0011635527480393648,0.0019338050042279065
P03_rsbfilm_scalar_plus_sincos_Pcyc,0,small_rect_edge_test_0001,small_rect_edge,0.9965019451365744,30.812387883236614,0.5176745857582794,0.0010607412550598383,0.0031364220048999414
P03_rsbfilm_scalar_plus_sincos_Pcyc,0,small_rect_edge_test_0002,small_rect_edge,1.0009291468187909,27.717805580885283,0.3383111519286812,0.0019233259372413158,0.0019084320083493367
P03_rsbfilm_scalar_plus_sincos_Pcyc,0,small_rect_edge_test_0003,small_rect_edge,0.9973809066894548,30.520568003278733,0.5001221692864912,0.0011290085967630148,0.0018752390024019405
P03_rsbfilm_scalar_plus_sincos_Pcyc,0,small_rect_edge_test_0004,small_rect_edge,0.9949351255527892,29.17340954812502,0.4234749676503202,0.001592796528711915,0.001970204000826925
P03_rsbfilm_scalar_plus_sincos_Pcyc,0,small_rect_edge_test_0005,small_rect_edge,0.9979071813912721,29.47081624926302,0.4505487041546648,0.0013077935436740518,0.001891006002551876
P03_rsbfilm_scalar_plus_sincos_Pcyc,0,small_rect_edge_test_0006,small_rect_edge,0.9971493055576226,29.97756988685062,0.4679988590242927,0.0012376635568216443,0.0019012179982382804
P03_rsbfilm_scalar_plus_sincos_Pcyc,0,small_rect_edge_test_0007,small_rect_edge,0.9992965235319269,29.080737451884858,0.41572773895710535,0.0014814210589975119,0.001883260003523901
P03_rsbfilm_scalar_plus_sincos_Pcyc,0,small_rect_edge_test_0008,small_rect_edge,0.9972915243709057,28.43395576441428,0.38226138345832006,0.0017124793957918882,0.0018908960046246648
P03_rsbfilm_scalar_plus_sincos_Pcyc,0,small_rect_edge_test_0009,small_rect_edge,0.99731357983983,30.907495394767587,0.5229051038108079,0.0010042766807600856,0.0019016899896087125
P03_rsbfilm_scalar_plus_sincos_Pcyc,0,point_cluster_test_0000,point_cluster,0.9997122093486414,32.91957458552497,0.6850497528071401,0.0006478388095274568,0.0018839490076061338
P03_rsbfilm_scalar_plus_sincos_Pcyc,0,point_cluster_test_0001,point_cluster,0.9975923039682489,31.681637406899455,0.5676580627004595,0.0010101160733029246,0.001930056998389773
P03_rsbfilm_scalar_plus_sincos_Pcyc,0,point_cluster_test_0002,point_cluster,0.9990724731238418,35.609669021946374,0.7659205844239342,0.00045577913988381624,0.001880555006209761
P03_rsbfilm_scalar_plus_sincos_Pcyc,0,point_cluster_test_0003,point_cluster,0.9975701091548236,35.87465643783218,0.7766966729767452,0.0003956808359362185,0.0018871390057029203
P03_rsbfilm_scalar_plus_sincos_Pcyc,0,point_cluster_test_0004,point_cluster,0.9984769575030359,31.425008964518245,0.5530201367740882,0.0010527833364903927,0.001980829008971341
P03_rsbfilm_scalar_plus_sincos_Pcyc,0,point_cluster_test_0005,point_cluster,0.9968010314704876,31.379866563801553,0.5508126353327241,0.0010107328416779637,0.0018844699952751398
P03_rsbfilm_scalar_plus_sincos_Pcyc,0,point_cluster_test_0006,point_cluster,1.0048591331452414,35.04692890882658,0.7699429572069559,0.0004566347342915833,0.0018882459989981726
P03_rsbfilm_scalar_plus_sincos_Pcyc,0,point_cluster_test_0007,point_cluster,0.9980304018139591,35.61667520903026,0.7927498433796528,0.0004191101179458201,0.0019393839902477339
P03_rsbfilm_scalar_plus_sincos_Pcyc,0,point_cluster_test_0008,point_cluster,0.9958324151209375,34.76817900394121,0.7294901425404049,0.0005153698148205876,0.001890793995698914
P03_rsbfilm_scalar_plus_sincos_Pcyc,0,point_cluster_test_0009,point_cluster,1.0008400672339572,36.075768686119076,0.824871342012744,0.00033088060445152223,0.0018844339938368648
P03_rsbfilm_scalar_plus_sincos_Pcyc,0,point_cluster_test_0010,point_cluster,0.9956499795849963,31.30158426056378,0.5464144769021232,0.0011106408201158047,0.0018774479976855218
P03_rsbfilm_scalar_plus_sincos_Pcyc,0,point_cluster_test_0011,point_cluster,0.9981719178738115,34.914995049875955,0.7364702566480484,0.000558085273951292,0.0019428929954301566
P03_rsbfilm_scalar_plus_sincos_Pcyc,0,point_cluster_test_0012,point_cluster,1.0008662413693272,33.65098621769352,0.6752885241689032,0.0006587706157006323,0.0018998400046257302
P03_rsbfilm_scalar_plus_sincos_Pcyc,0,point_cluster_test_0013,point_cluster,0.9947874516291665,32.383313464971295,0.6085205981925346,0.0009084507473744452,0.0018792289920384064
P03_rsbfilm_scalar_plus_sincos_Pcyc,0,point_cluster_test_0014,point_cluster,1.000229605509014,34.2607568981462,0.705284884033385,0.00048153643729165196,0.0019459059985820204
P03_rsbfilm_scalar_plus_sincos_Pcyc,0,point_cluster_test_0015,point_cluster,0.9960404235745384,34.41301495522382,0.7133378068707633,0.000583579414524138,0.001875417001429014
P03_rsbfilm_scalar_plus_sincos_Pcyc,0,point_cluster_test_0016,point_cluster,0.9990260855922336,31.882928494895665,0.6095592241718789,0.0008854872430674732,0.001890667001134716
P03_rsbfilm_scalar_plus_sincos_Pcyc,0,point_cluster_test_0017,point_cluster,1.0044075517594815,36.12760917219754,0.8587971717878272,0.00032588004251010716,0.001880716998130083
P03_rsbfilm_scalar_plus_sincos_Pcyc,0,point_cluster_test_0018,point_cluster,1.0001655534570812,35.734925097104124,0.7910661664042504,0.00045768660493195057,0.0019079200137639418
P03_rsbfilm_scalar_plus_sincos_Pcyc,0,point_cluster_test_0019,point_cluster,0.9984708155258002,34.900522809140064,0.7350467233637227,0.000426529353717342,0.0018685859977267683
P03_rsbfilm_scalar_plus_sincos_Pcyc,1,line_test_0000,line,0.9916219827356529,30.87755236761858,0.5248857993355799,0.0013812073739245534,0.0018826450104825199
P03_rsbfilm_scalar_plus_sincos_Pcyc,1,line_test_0001,line,0.9809512168811094,25.9937501177254,0.2657649995012578,0.0037460834719240665,0.0019087099935859442
P03_rsbfilm_scalar_plus_sincos_Pcyc,1,line_test_0002,line,0.9766681731472421,30.30482984507515,0.4997738010259945,0.0018284703837707639,0.0018975150014739484
P03_rsbfilm_scalar_plus_sincos_Pcyc,1,line_test_0003,line,1.0273501647043612,33.793930149182316,0.6861127291714268,0.0013407899532467127,0.0018906810000771657
P03_rsbfilm_scalar_plus_sincos_Pcyc,1,line_test_0004,line,1.0172332765491272,36.56420091859452,0.8030286430495628,0.0006054913974367082,0.0018786300061037764
P03_rsbfilm_scalar_plus_sincos_Pcyc,1,line_test_0005,line,0.997606481888114,32.42741799247965,0.6116571248339395,0.0009584476356394589,0.0019464399956632406
P03_rsbfilm_scalar_plus_sincos_Pcyc,1,line_test_0006,line,0.9988915983593255,31.60385758840547,0.5694020968162239,0.0013622103724628687,0.0019547489937394857
P03_rsbfilm_scalar_plus_sincos_Pcyc,1,line_test_0007,line,0.9773775408496769,29.888279075679478,0.48182520768436415,0.0015407876344397664,0.0018793079943861812
P03_rsbfilm_scalar_plus_sincos_Pcyc,1,line_test_0008,line,0.9952747885698204,25.841315988373246,0.24631485405249934,0.00324262585490942,0.0018967479991260916
P03_rsbfilm_scalar_plus_sincos_Pcyc,1,line_test_0009,line,0.9788248474030954,30.29976998224569,0.4967896341705185,0.0015481958398595452,0.0018938330031232908
P03_rsbfilm_scalar_plus_sincos_Pcyc,1,line_test_0010,line,0.9819980360310211,32.49856909458785,0.6189378712973856,0.0011087741004303098,0.0019062259962083772
P03_rsbfilm_scalar_plus_sincos_Pcyc,1,line_test_0011,line,0.9899678736086666,27.790678416695343,0.35142671992234603,0.0024381738621741533,0.0018698920030146837
P03_rsbfilm_scalar_plus_sincos_Pcyc,1,line_test_0012,line,0.9820844004707417,29.76043119693379,0.4652127664725093,0.0017229067161679268,0.001885828998638317
P03_rsbfilm_scalar_plus_sincos_Pcyc,1,line_test_0013,line,0.992637837425169,27.04582723679476,0.3303372304514301,0.0026610055938363075,0.0018708130082814023
P03_rsbfilm_scalar_plus_sincos_Pcyc,1,line_test_0014,line,0.9957768297386698,34.84834058519999,0.7338487054650271,0.000653176277410239,0.0019493680010782555
P03_rsbfilm_scalar_plus_sincos_Pcyc,1,line_test_0015,line,1.0062187702194902,35.36217170702147,0.7571410239443657,0.0008120397687889636,0.001905917000840418
P03_rsbfilm_scalar_plus_sincos_Pcyc,1,line_test_0016,line,0.9835523000006007,28.275035902259248,0.3818973951062103,0.0024273055605590343,0.0019526079995557666
P03_rsbfilm_scalar_plus_sincos_Pcyc,1,line_test_0017,line,1.016976130937308,32.02189515356067,0.5888367404503189,0.001108299009501934,0.0019469319959171116
P03_rsbfilm_scalar_plus_sincos_Pcyc,1,line_test_0018,line,0.9873603481589988,29.42384648136573,0.44223864269434504,0.0018501473823562264,0.0018835590017260984
P03_rsbfilm_scalar_plus_sincos_Pcyc,1,line_test_0019,line,0.9806543923951214,29.385928768727148,0.4475835661842166,0.001610287930816412,0.0018813150090863928
P03_rsbfilm_scalar_plus_sincos_Pcyc,1,cross_test_0000,cross,1.005096426472166,32.158287203130925,0.5984129385702516,0.0014178188284859061,0.001900806004414335
P03_rsbfilm_scalar_plus_sincos_Pcyc,1,cross_test_0001,cross,0.9899843366183727,26.544390747990228,0.2808763171505279,0.003142498666420579,0.001888318991404958
P03_rsbfilm_scalar_plus_sincos_Pcyc,1,cross_test_0002,cross,0.9949815690975345,30.38683801400516,0.49757619713569656,0.001500587211921811,0.0018914870015578344
P03_rsbfilm_scalar_plus_sincos_Pcyc,1,cross_test_0003,cross,0.9714899926416194,27.758517479348154,0.3638270543930857,0.0029200895223766565,0.0019633199990494177
P03_rsbfilm_scalar_plus_sincos_Pcyc,1,cross_test_0004,cross,0.9884411495951779,27.916181321470784,0.36209944105059827,0.0027804526034742594,0.001953543003764935
P03_rsbfilm_scalar_plus_sincos_Pcyc,1,cross_test_0005,cross,0.995588544251081,31.183912908414054,0.5442991605058359,0.0015920711448416114,0.0019017330050701275
P03_rsbfilm_scalar_plus_sincos_Pcyc,1,cross_test_0006,cross,0.9903708486191357,28.7622640893168,0.4016737723458458,0.001888361293822527,0.0019407879881327972
P03_rsbfilm_scalar_plus_sincos_Pcyc,1,cross_test_0007,cross,0.9971969626866848,33.94351516309581,0.6915214635919822,0.0008743476355448365,0.0018837800016626716
P03_rsbfilm_scalar_plus_sincos_Pcyc,1,cross_test_0008,cross,0.9865295420826441,28.02493318970756,0.37150566228161613,0.0029142796993255615,0.0019246500014560297
P03_rsbfilm_scalar_plus_sincos_Pcyc,1,cross_test_0009,cross,1.0014141420631317,32.873462565967614,0.637047901981795,0.000984525540843606,0.0018774759955704212
P03_rsbfilm_scalar_plus_sincos_Pcyc,1,cross_test_0010,cross,0.9900934380466765,32.09075470442165,0.5961713279582023,0.0013275672681629658,0.0019492799910949543
P03_rsbfilm_scalar_plus_sincos_Pcyc,1,cross_test_0011,cross,0.9872275754426811,27.36998621474141,0.3432863446196967,0.0034821312874555588,0.0019493270083330572
P03_rsbfilm_scalar_plus_sincos_Pcyc,1,cross_test_0012,cross,0.9848460239873622,31.732919552761906,0.5771053940593951,0.0012913941172882915,0.0018988950032508
P03_rsbfilm_scalar_plus_sincos_Pcyc,1,cross_test_0013,cross,0.9909516213692013,31.70171622964938,0.5756583100758492,0.0015467541525140405,0.0018823489954229444
P03_rsbfilm_scalar_plus_sincos_Pcyc,1,cross_test_0014,cross,0.9910963750461628,27.742365343970107,0.3463414038846299,0.00224518496543169,0.0018971319950651377
P03_rsbfilm_scalar_plus_sincos_Pcyc,1,L_shape_test_0000,L-shape,0.9855335882360983,26.235459797944692,0.27935006454143435,0.003695777617394924,0.0019022479973500594
P03_rsbfilm_scalar_plus_sincos_Pcyc,1,L_shape_test_0001,L-shape,0.9903516398666987,27.705559403011467,0.3432244984597022,0.0022696498781442642,0.0019413800037000328
P03_rsbfilm_scalar_plus_sincos_Pcyc,1,L_shape_test_0002,L-shape,0.985901091935737,27.34258725542049,0.3329473620482149,0.0031271616462618113,0.001903006006614305
P03_rsbfilm_scalar_plus_sincos_Pcyc,1,L_shape_test_0003,L-shape,0.979283867677823,27.579212686193657,0.3422756397277176,0.0027475738897919655,0.00190069800009951
P03_rsbfilm_scalar_plus_sincos_Pcyc,1,L_shape_test_0004,L-shape,0.9880602657776504,25.832550424847632,0.2497905980453882,0.0036958178970962763,0.0018882289878092706
P03_rsbfilm_scalar_plus_sincos_Pcyc,1,L_shape_test_0005,L-shape,0.9836747542122077,27.21120412816468,0.32328409638893474,0.0028105739038437605,0.0018997699953615665
P03_rsbfilm_scalar_plus_sincos_Pcyc,1,L_shape_test_0006,L-shape,0.995141125390579,31.18223390870112,0.5423427976451816,0.0013092311564832926,0.0018863530131056905
P03_rsbfilm_scalar_plus_sincos_Pcyc,1,L_shape_test_0007,L-shape,0.9811437241175627,27.08219485557581,0.3163785694272106,0.003085752949118614,0.0019017059967154637
P03_rsbfilm_scalar_plus_sincos_Pcyc,1,L_shape_test_0008,L-shape,0.9826496784192251,30.550421332412046,0.5092246265033358,0.001479828148148954,0.0018939310102723539
P03_rsbfilm_scalar_plus_sincos_Pcyc,1,L_shape_test_0009,L-shape,0.984612631545798,26.47058572666641,0.2865894263576552,0.003493255702778697,0.001885940000647679
P03_rsbfilm_scalar_plus_sincos_Pcyc,1,L_shape_test_0010,L-shape,0.9920046372073094,30.637315114984798,0.5191731854008682,0.0017885309644043446,0.0018921419978141785
P03_rsbfilm_scalar_plus_sincos_Pcyc,1,L_shape_test_0011,L-shape,0.9929042082001563,33.41077033566143,0.6647080873312544,0.0008692163391970098,0.0019343720050528646
P03_rsbfilm_scalar_plus_sincos_Pcyc,1,L_shape_test_0012,L-shape,0.9901236019794972,26.801445178828978,0.3006527295123706,0.003105651354417205,0.0018980800086865202
P03_rsbfilm_scalar_plus_sincos_Pcyc,1,L_shape_test_0013,L-shape,0.9854771813186899,27.325727664293748,0.3263114661719011,0.0029192506335675716,0.0019012690027011558
P03_rsbfilm_scalar_plus_sincos_Pcyc,1,L_shape_test_0014,L-shape,0.9967633674967156,32.20687730965149,0.6008749029345438,0.0012328283628448844,0.002178608992835507
P03_rsbfilm_scalar_plus_sincos_Pcyc,1,L_shape_test_0015,L-shape,0.9867753433709114,25.923440732428226,0.2553956547367447,0.0034472676925361156,0.0019508859986672178
P03_rsbfilm_scalar_plus_sincos_Pcyc,1,L_shape_test_0016,L-shape,0.9833396333101441,27.483718417146367,0.33629938178838126,0.0028302024584263563,0.0019518740009516478
P03_rsbfilm_scalar_plus_sincos_Pcyc,1,L_shape_test_0017,L-shape,0.9801994428933642,26.38697713895029,0.28276754994290965,0.003453026758506894,0.001941499998793006
P03_rsbfilm_scalar_plus_sincos_Pcyc,1,L_shape_test_0018,L-shape,0.9855246968145753,26.26297853067586,0.27031896181449694,0.0034668880980461836,0.0019780689908657223
P03_rsbfilm_scalar_plus_sincos_Pcyc,1,L_shape_test_0019,L-shape,0.9901648875933632,33.372933247303834,0.6644743207815595,0.0010689771734178066,0.0018896669935202226
P03_rsbfilm_scalar_plus_sincos_Pcyc,1,double_line_test_0000,double-line,0.9892442585512955,26.27953144220855,0.26920932807837666,0.003040103707462549,0.00190378499974031
P03_rsbfilm_scalar_plus_sincos_Pcyc,1,double_line_test_0001,double-line,0.9908579679354946,26.676996308681765,0.30358660858225517,0.0038017029874026775,0.0019454849971225485
P03_rsbfilm_scalar_plus_sincos_Pcyc,1,double_line_test_0002,double-line,0.9943094746565895,31.27061539707036,0.5478692186633108,0.0013201310066506267,0.0019053360010730103
P03_rsbfilm_scalar_plus_sincos_Pcyc,1,double_line_test_0003,double-line,0.982316935278217,25.70477193285801,0.2425452850780914,0.0038772732950747013,0.00188990100286901
P03_rsbfilm_scalar_plus_sincos_Pcyc,1,double_line_test_0004,double-line,0.976822542794453,25.9969666354423,0.2648457544038555,0.003926552832126617,0.0018852869980037212
P03_rsbfilm_scalar_plus_sincos_Pcyc,1,double_line_test_0005,double-line,0.9964423524950696,26.009776186882437,0.2558312129064331,0.0036044379230588675,0.0018634400039445609
P03_rsbfilm_scalar_plus_sincos_Pcyc,1,double_line_test_0006,double-line,0.9779790489016941,25.399480658813506,0.25424783181080396,0.004735805559903383,0.0018887610058300197
P03_rsbfilm_scalar_plus_sincos_Pcyc,1,double_line_test_0007,double-line,0.9877872040885584,31.99577265868553,0.5902242456763452,0.00130248605273664,0.0019417830044403672
P03_rsbfilm_scalar_plus_sincos_Pcyc,1,double_line_test_0008,double-line,0.999462335181998,28.369829549270527,0.3812262758605203,0.002377547323703766,0.0019393730035517365
P03_rsbfilm_scalar_plus_sincos_Pcyc,1,double_line_test_0009,double-line,0.9850581935304263,28.035433151741053,0.36227501541671925,0.0024410877376794815,0.0019029709947062656
P03_rsbfilm_scalar_plus_sincos_Pcyc,1,double_line_test_0010,double-line,0.9849435551146324,26.406429945486853,0.2790760136635731,0.0032552513293921947,0.001880468989838846
P03_rsbfilm_scalar_plus_sincos_Pcyc,1,double_line_test_0011,double-line,0.9877003872775788,28.03594583805086,0.36169785788247666,0.0024739867076277733,0.0018953089893329889
P03_rsbfilm_scalar_plus_sincos_Pcyc,1,double_line_test_0012,double-line,0.9890756762938941,30.696479878727757,0.51373391187897,0.0014773736475035548,0.0018866739992517978
P03_rsbfilm_scalar_plus_sincos_Pcyc,1,double_line_test_0013,double-line,0.9872302888586844,25.06821437766241,0.21302329523808364,0.004410235211253166,0.0018975529965246096
P03_rsbfilm_scalar_plus_sincos_Pcyc,1,double_line_test_0014,double-line,0.9881168027973947,25.829885260487373,0.26340299548097307,0.004433962982147932,0.0019407530053285882
P03_rsbfilm_scalar_plus_sincos_Pcyc,1,small_rect_edge_test_0000,small_rect_edge,0.9936055717792074,29.916727954439114,0.47077429165640583,0.0014910632744431496,0.001919381000334397
P03_rsbfilm_scalar_plus_sincos_Pcyc,1,small_rect_edge_test_0001,small_rect_edge,0.9954490391600089,30.81697894927741,0.5218286885126898,0.0014464491978287697,0.001894054003059864
P03_rsbfilm_scalar_plus_sincos_Pcyc,1,small_rect_edge_test_0002,small_rect_edge,0.9993731382257955,27.724562253825624,0.3468702728556099,0.0024461746215820312,0.001898226997582242
P03_rsbfilm_scalar_plus_sincos_Pcyc,1,small_rect_edge_test_0003,small_rect_edge,0.9872535131841244,30.564891635407673,0.5087596530809396,0.0015273697208613157,0.0019513010047376156
P03_rsbfilm_scalar_plus_sincos_Pcyc,1,small_rect_edge_test_0004,small_rect_edge,0.997944362982269,29.16029370551494,0.43479260509514145,0.0024399885442107916,0.0018684120004763827
P03_rsbfilm_scalar_plus_sincos_Pcyc,1,small_rect_edge_test_0005,small_rect_edge,1.0044385496500752,29.44248393850508,0.454671571944611,0.001953219762071967,0.0021514059917535633
P03_rsbfilm_scalar_plus_sincos_Pcyc,1,small_rect_edge_test_0006,small_rect_edge,0.9942364029470765,29.99027513906405,0.4735008233061327,0.0016434388235211372,0.0019507079996401444
P03_rsbfilm_scalar_plus_sincos_Pcyc,1,small_rect_edge_test_0007,small_rect_edge,1.0027182866280533,29.065891970489833,0.4192538506795442,0.0018899004207924008,0.0018881339929066598
P03_rsbfilm_scalar_plus_sincos_Pcyc,1,small_rect_edge_test_0008,small_rect_edge,1.00812235670571,28.387044649401503,0.38879204445387233,0.0026147684548050165,0.001884353012428619
P03_rsbfilm_scalar_plus_sincos_Pcyc,1,small_rect_edge_test_0009,small_rect_edge,0.9978819311428324,30.905021224866328,0.5263939565155642,0.0013718253467231989,0.0019037970050703734
P03_rsbfilm_scalar_plus_sincos_Pcyc,1,point_cluster_test_0000,point_cluster,1.004453009781775,32.89902824533252,0.6858700286720788,0.0010010479018092155,0.0018799160025082529
P03_rsbfilm_scalar_plus_sincos_Pcyc,1,point_cluster_test_0001,point_cluster,0.9955898606934988,31.69036353326431,0.576123690181784,0.0016661591362208128,0.00195981799333822
P03_rsbfilm_scalar_plus_sincos_Pcyc,1,point_cluster_test_0002,point_cluster,1.0199307612125679,35.519931779991715,0.7622122819189536,0.0008034058846533298,0.001883221004391089
P03_rsbfilm_scalar_plus_sincos_Pcyc,1,point_cluster_test_0003,point_cluster,1.0064178664284562,35.836307587044026,0.7759426494930798,0.0007644900470040739,0.0019476519955787808
P03_rsbfilm_scalar_plus_sincos_Pcyc,1,point_cluster_test_0004,point_cluster,1.009202711256537,31.37860556604881,0.5574253148284283,0.001809503068216145,0.0018878400005633011
P03_rsbfilm_scalar_plus_sincos_Pcyc,1,point_cluster_test_0005,point_cluster,0.9959638025329228,31.38351583029535,0.559636311622329,0.0017468673177063465,0.0018943530012620613
P03_rsbfilm_scalar_plus_sincos_Pcyc,1,point_cluster_test_0006,point_cluster,1.0203056222205438,34.98067793797603,0.7678678463592308,0.0007674999069422483,0.0018996830040123314
P03_rsbfilm_scalar_plus_sincos_Pcyc,1,point_cluster_test_0007,point_cluster,1.0169254390949543,35.535221782072725,0.7897517202350468,0.0008552636718377471,0.001889225997729227
P03_rsbfilm_scalar_plus_sincos_Pcyc,1,point_cluster_test_0008,point_cluster,0.9942881710240982,34.77491885117887,0.731788893246216,0.0009362171986140311,0.0019310900097480044
P03_rsbfilm_scalar_plus_sincos_Pcyc,1,point_cluster_test_0009,point_cluster,1.013028146007518,36.02320043660403,0.8237513751149911,0.0007027356768958271,0.0018998529994860291
P03_rsbfilm_scalar_plus_sincos_Pcyc,1,point_cluster_test_0010,point_cluster,0.991072127882032,31.321598488177955,0.5566436713525397,0.0017816507024690509,0.0019429130043135956
P03_rsbfilm_scalar_plus_sincos_Pcyc,1,point_cluster_test_0011,point_cluster,1.01768783164795,34.83090256286089,0.7333111978248231,0.0010565267875790596,0.0019084739906247705
P03_rsbfilm_scalar_plus_sincos_Pcyc,1,point_cluster_test_0012,point_cluster,1.0266319807349398,33.54059853447643,0.6743678934792754,0.0013015352888032794,0.0018905030010500923
P03_rsbfilm_scalar_plus_sincos_Pcyc,1,point_cluster_test_0013,point_cluster,1.0668936678385665,32.079405293811476,0.5915825196510325,0.002012602984905243,0.001888910002890043
P03_rsbfilm_scalar_plus_sincos_Pcyc,1,point_cluster_test_0014,point_cluster,1.021128492212173,34.170950003092074,0.7018866520788898,0.0008881326648406684,0.0019018070015590638
P03_rsbfilm_scalar_plus_sincos_Pcyc,1,point_cluster_test_0015,point_cluster,1.1025337530658683,33.97186593032432,0.6919077021904833,0.0012209272244945168,0.0019033569988096133
P03_rsbfilm_scalar_plus_sincos_Pcyc,1,point_cluster_test_0016,point_cluster,0.9975902240496646,31.889174963996446,0.6136875891849847,0.001355868298560381,0.0019141959928674623
P03_rsbfilm_scalar_plus_sincos_Pcyc,1,point_cluster_test_0017,point_cluster,1.0295189763922785,36.020365285684925,0.8560137942341821,0.0007216247613541782,0.001886759011540562
P03_rsbfilm_scalar_plus_sincos_Pcyc,1,point_cluster_test_0018,point_cluster,1.0686555406621847,35.44726663370782,0.7793027462004054,0.001023972174152732,0.0018987130024470389
P03_rsbfilm_scalar_plus_sincos_Pcyc,1,point_cluster_test_0019,point_cluster,1.0037394020999297,34.87766680488966,0.7352504255288917,0.0007552846800535917,0.0019015470024896786
P03_rsbfilm_scalar_plus_sincos_Pcyc,2,line_test_0000,line,2.3803237873461995,27.074653218677874,0.38234112742209025,0.004855852108448744,0.0018829839973477647
P03_rsbfilm_scalar_plus_sincos_Pcyc,2,line_test_0001,line,2.8096035131917882,21.42377394840753,0.13882989303010354,0.018490847200155258,0.0019150010048178956
P03_rsbfilm_scalar_plus_sincos_Pcyc,2,line_test_0002,line,4.807870955440598,23.38277203145718,0.13791066726025378,0.013169055804610252,0.0019033360003959388
P03_rsbfilm_scalar_plus_sincos_Pcyc,2,line_test_0003,line,20.81661162366774,20.727014924852046,0.03981120219907604,0.017322154715657234,0.0018949769873870537
P03_rsbfilm_scalar_plus_sincos_Pcyc,2,line_test_0004,line,4.649919946119655,29.963951928288466,0.45513883664120686,0.003817619988694787,0.0018861529970308766
P03_rsbfilm_scalar_plus_sincos_Pcyc,2,line_test_0005,line,6.78652447016231,24.100536682624064,0.15481424906280897,0.010289190337061882,0.0019013030105270445
P03_rsbfilm_scalar_plus_sincos_Pcyc,2,line_test_0006,line,10.601684834296934,21.34529238186058,0.08440023843736957,0.012852770276367664,0.001900556992040947
P03_rsbfilm_scalar_plus_sincos_Pcyc,2,line_test_0007,line,4.42681307137266,23.327990429398437,0.16607682201214408,0.010793115012347698,0.001977375999558717
P03_rsbfilm_scalar_plus_sincos_Pcyc,2,line_test_0008,line,1.8136252222667273,23.235270445985115,0.2311073411779739,0.014372623525559902,0.0018942710012197495
P03_rsbfilm_scalar_plus_sincos_Pcyc,2,line_test_0009,line,3.0723999644606446,25.332042434932834,0.23034655548304583,0.008953675627708435,0.0019625540007837117
P03_rsbfilm_scalar_plus_sincos_Pcyc,2,line_test_0010,line,4.9296215590495915,25.491539503655588,0.23513415299634946,0.007793715223670006,0.0018878970004152507
P03_rsbfilm_scalar_plus_sincos_Pcyc,2,line_test_0011,line,1.3148212237528099,26.558222171849994,0.32901874269956627,0.006732031237334013,0.0020561980054480955
P03_rsbfilm_scalar_plus_sincos_Pcyc,2,line_test_0012,line,3.599437379776487,24.119573418672363,0.18935738224172802,0.01044929213821888,0.001903067997773178
P03_rsbfilm_scalar_plus_sincos_Pcyc,2,line_test_0013,line,3.1174967377489105,22.075675327946467,0.1900583599314242,0.01394583098590374,0.001896739995572716
P03_rsbfilm_scalar_plus_sincos_Pcyc,2,line_test_0014,line,3.105304445755814,29.908919270348953,0.4443690576269126,0.00433373125270009,0.0018952009995700791
P03_rsbfilm_scalar_plus_sincos_Pcyc,2,line_test_0015,line,11.34250622768517,24.842005432262887,0.16907683334998097,0.00814906507730484,0.001872023000032641
P03_rsbfilm_scalar_plus_sincos_Pcyc,2,line_test_0016,line,3.4206355714932144,22.86194229270929,0.14422630118024585,0.014014633372426033,0.0018907480116467923
P03_rsbfilm_scalar_plus_sincos_Pcyc,2,line_test_0017,line,1.72493527155084,29.727274635812634,0.4589162113570121,0.004208168480545282,0.0019020750041818246
P03_rsbfilm_scalar_plus_sincos_Pcyc,2,line_test_0018,line,3.847400045526343,23.516929927555246,0.1683014196829267,0.011352457106113434,0.0019430020038271323
P03_rsbfilm_scalar_plus_sincos_Pcyc,2,line_test_0019,line,5.588745729270566,21.827945087292495,0.11143133131502318,0.013708454556763172,0.0018907899939222261
P03_rsbfilm_scalar_plus_sincos_Pcyc,2,cross_test_0000,cross,10.754190196911384,21.864587315486453,0.06880553489804893,0.016600141301751137,0.0018948520009871572
P03_rsbfilm_scalar_plus_sincos_Pcyc,2,cross_test_0001,cross,2.1555261422399057,23.165141082418344,0.23024803146730657,0.014485488645732403,0.001893950000521727
P03_rsbfilm_scalar_plus_sincos_Pcyc,2,cross_test_0002,cross,2.7020280670758763,26.048089552260425,0.26950546576953305,0.007464737631380558,0.001895568988402374
P03_rsbfilm_scalar_plus_sincos_Pcyc,2,cross_test_0003,cross,2.3732198345260507,23.879521074048764,0.2470062514575868,0.01165927853435278,0.0018850869964808226
P03_rsbfilm_scalar_plus_sincos_Pcyc,2,cross_test_0004,cross,2.8911640199402524,23.25496214780798,0.21969813646184358,0.012479357421398163,0.0020981929992558435
P03_rsbfilm_scalar_plus_sincos_Pcyc,2,cross_test_0005,cross,10.671788468061806,20.882339745772235,0.04314083116456844,0.021387556567788124,0.0018820340046659112
P03_rsbfilm_scalar_plus_sincos_Pcyc,2,cross_test_0006,cross,2.2543501299028916,25.190028789891677,0.365869478421774,0.00660868501290679,0.0018930439982796088
P03_rsbfilm_scalar_plus_sincos_Pcyc,2,cross_test_0007,cross,6.2003836938216255,26.007138753324327,0.2718505247089231,0.006675733253359795,0.0018799529934767634
P03_rsbfilm_scalar_plus_sincos_Pcyc,2,cross_test_0008,cross,3.717474271648927,22.263554440433182,0.11414311480535301,0.01689991168677807,0.001890207000542432
P03_rsbfilm_scalar_plus_sincos_Pcyc,2,cross_test_0009,cross,6.498715992476455,24.751323934970625,0.18375791752861526,0.008276550099253654,0.0018953459948534146
P03_rsbfilm_scalar_plus_sincos_Pcyc,2,cross_test_0010,cross,11.412841322897217,21.47357867976579,0.05833979016042498,0.016340525820851326,0.0018810089968610555
P03_rsbfilm_scalar_plus_sincos_Pcyc,2,cross_test_0011,cross,3.645984356112138,21.696010993568432,0.1049142367194,0.0187265295535326,0.0019428559899097309
P03_rsbfilm_scalar_plus_sincos_Pcyc,2,cross_test_0012,cross,3.866039329983599,25.7939401325766,0.2784076762401716,0.007582113612443209,0.0018962129979627207
P03_rsbfilm_scalar_plus_sincos_Pcyc,2,cross_test_0013,cross,8.182832883981924,22.53320382516427,0.06689341435934328,0.017401469871401787,0.0018753920012386516
P03_rsbfilm_scalar_plus_sincos_Pcyc,2,cross_test_0014,cross,2.196959069881259,24.28530445460634,0.2293536515120804,0.010217801667749882,0.0018896749970735982
P03_rsbfilm_scalar_plus_sincos_Pcyc,2,L_shape_test_0000,L-shape,3.04302501921363,21.339118814309405,0.09223429208144261,0.019953450188040733,0.0018788320012390614
P03_rsbfilm_scalar_plus_sincos_Pcyc,2,L_shape_test_0001,L-shape,2.5612174593423984,23.578989260424233,0.2267226907014489,0.011394266970455647,0.0019074020092375576
P03_rsbfilm_scalar_plus_sincos_Pcyc,2,L_shape_test_0002,L-shape,5.24339981421373,20.08479087611713,0.06494395087372586,0.02391413040459156,0.0018687669944483787
P03_rsbfilm_scalar_plus_sincos_Pcyc,2,L_shape_test_0003,L-shape,2.8645614784446476,22.91771737593654,0.14931169468860606,0.014406460337340832,0.0018907150079030544
P03_rsbfilm_scalar_plus_sincos_Pcyc,2,L_shape_test_0004,L-shape,2.4443964022675235,21.898668687871368,0.11794557254600077,0.019117236137390137,0.001886113008367829
P03_rsbfilm_scalar_plus_sincos_Pcyc,2,L_shape_test_0005,L-shape,2.6115488716906743,22.97073774805618,0.14117790193937904,0.014910056255757809,0.0018985089991474524
P03_rsbfilm_scalar_plus_sincos_Pcyc,2,L_shape_test_0006,L-shape,3.015679737711158,26.367228183156687,0.27324937242741837,0.007593232207000256,0.0018765360000543296
P03_rsbfilm_scalar_plus_sincos_Pcyc,2,L_shape_test_0007,L-shape,2.0581199826782104,23.8648141997106,0.22505688253376915,0.011813359335064888,0.0019415589922573417
P03_rsbfilm_scalar_plus_sincos_Pcyc,2,L_shape_test_0008,L-shape,3.925901085406671,24.535014879101197,0.15168372297177912,0.01129768043756485,0.0018959690060000867
P03_rsbfilm_scalar_plus_sincos_Pcyc,2,L_shape_test_0009,L-shape,5.426736987178207,19.057852253890978,0.05499510547601595,0.0290411114692688,0.0019350670045241714
P03_rsbfilm_scalar_plus_sincos_Pcyc,2,L_shape_test_0010,L-shape,2.9912441326588173,25.84393342190712,0.2555316845195468,0.007966756820678711,0.001905715005705133
P03_rsbfilm_scalar_plus_sincos_Pcyc,2,L_shape_test_0011,L-shape,2.94381219343124,28.690742651241415,0.35856570757173206,0.00585403386503458,0.0018681250076042488
P03_rsbfilm_scalar_plus_sincos_Pcyc,2,L_shape_test_0012,L-shape,1.4944852956806525,25.013422553720815,0.289442691738688,0.009202837944030762,0.0018817060044966638
P03_rsbfilm_scalar_plus_sincos_Pcyc,2,L_shape_test_0013,L-shape,1.6816377019021378,25.00486888142522,0.26000022749263924,0.009772484190762043,0.001893150998512283
P03_rsbfilm_scalar_plus_sincos_Pcyc,2,L_shape_test_0014,L-shape,3.7487386997321344,26.453946306881363,0.24733903397768017,0.007764344569295645,0.0018682679947232828
P03_rsbfilm_scalar_plus_sincos_Pcyc,2,L_shape_test_0015,L-shape,2.5848322250299796,21.741299983260785,0.12667337432048967,0.019364312291145325,0.0019520819914760068
P03_rsbfilm_scalar_plus_sincos_Pcyc,2,L_shape_test_0016,L-shape,1.968459576989604,24.469488761722594,0.23264441664194607,0.01115825679153204,0.0019567779963836074
P03_rsbfilm_scalar_plus_sincos_Pcyc,2,L_shape_test_0017,L-shape,2.7174507999621995,21.958504667989093,0.14537052112349877,0.016951803117990494,0.001882113007013686
P03_rsbfilm_scalar_plus_sincos_Pcyc,2,L_shape_test_0018,L-shape,2.0332019251019626,23.117848308786158,0.18160093347736125,0.013161875307559967,0.0018762419931590557
P03_rsbfilm_scalar_plus_sincos_Pcyc,2,L_shape_test_0019,L-shape,11.131994876267596,22.864278457034008,0.08649438326925835,0.012977500446140766,0.0018884909950429574
P03_rsbfilm_scalar_plus_sincos_Pcyc,2,double_line_test_0000,double-line,1.4189922365618284,24.71276645686682,0.3235332953062947,0.008958373218774796,0.001882419004687108
P03_rsbfilm_scalar_plus_sincos_Pcyc,2,double_line_test_0001,double-line,2.253832820763913,23.10789334317605,0.167875088501161,0.01449822261929512,0.0019140420045005158
P03_rsbfilm_scalar_plus_sincos_Pcyc,2,double_line_test_0002,double-line,1.347717880230469,29.94984124044134,0.4783252410982247,0.002665640087798238,0.0019418120064074174
P03_rsbfilm_scalar_plus_sincos_Pcyc,2,double_line_test_0003,double-line,2.032383815532841,22.547230970875496,0.18883460838084776,0.01740351691842079,0.0019526349933585152
P03_rsbfilm_scalar_plus_sincos_Pcyc,2,double_line_test_0004,double-line,1.8022362467222954,23.3370061486784,0.21828486988618592,0.014547831378877163,0.0019077169999945909
P03_rsbfilm_scalar_plus_sincos_Pcyc,2,double_line_test_0005,double-line,1.0515936235528753,25.775818357136902,0.27928809332331356,0.005470155738294125,0.0018980089953402057
P03_rsbfilm_scalar_plus_sincos_Pcyc,2,double_line_test_0006,double-line,2.4570804191306257,21.39858244071887,0.16266770439611397,0.017567599192261696,0.001893724998808466
P03_rsbfilm_scalar_plus_sincos_Pcyc,2,double_line_test_0007,double-line,11.620432474749844,21.290183857425845,0.05268568264638556,0.01799195259809494,0.0018868169863708317
P03_rsbfilm_scalar_plus_sincos_Pcyc,2,double_line_test_0008,double-line,6.393610249189088,20.31003244308169,0.05031680117576936,0.02304180897772312,0.0019229330064263195
P03_rsbfilm_scalar_plus_sincos_Pcyc,2,double_line_test_0009,double-line,3.1706111647817257,22.958622432371875,0.16977463557544753,0.01381452102214098,0.0019297109975013882
P03_rsbfilm_scalar_plus_sincos_Pcyc,2,double_line_test_0010,double-line,2.6369953030221733,22.129449998893676,0.16975875835654264,0.015015143901109695,0.001949376004631631
P03_rsbfilm_scalar_plus_sincos_Pcyc,2,double_line_test_0011,double-line,1.4647139877283246,26.324669996324527,0.3102388474983958,0.008859353139996529,0.0018873270018957555
P03_rsbfilm_scalar_plus_sincos_Pcyc,2,double_line_test_0012,double-line,4.4209650251821255,24.193604326935542,0.20715123053314205,0.00918488297611475,0.0018748919974314049
P03_rsbfilm_scalar_plus_sincos_Pcyc,2,double_line_test_0013,double-line,2.3514947002897846,21.298958881110902,0.16371130253327604,0.019531961530447006,0.0018916889966931194
P03_rsbfilm_scalar_plus_sincos_Pcyc,2,double_line_test_0014,double-line,2.9173061245791323,21.128148039392045,0.11067510172014265,0.02183082327246666,0.0018827580061042681
P03_rsbfilm_scalar_plus_sincos_Pcyc,2,small_rect_edge_test_0000,small_rect_edge,1.8567330149196861,27.201373573612685,0.3767318922080868,0.005256971810013056,0.0018944830080727115
P03_rsbfilm_scalar_plus_sincos_Pcyc,2,small_rect_edge_test_0001,small_rect_edge,5.798923720057301,23.163695258663758,0.11751824936333344,0.01261358242481947,0.0018704859976423904
P03_rsbfilm_scalar_plus_sincos_Pcyc,2,small_rect_edge_test_0002,small_rect_edge,1.6128156447452706,25.645991662096076,0.2734122559484062,0.00839690025895834,0.0019486859964672476
P03_rsbfilm_scalar_plus_sincos_Pcyc,2,small_rect_edge_test_0003,small_rect_edge,9.547900047982967,20.710099987748585,0.054742081383291875,0.019132694229483604,0.0018861389980884269
P03_rsbfilm_scalar_plus_sincos_Pcyc,2,small_rect_edge_test_0004,small_rect_edge,6.610069806999645,20.94929687417967,0.06846142029153778,0.018735114485025406,0.001884069002699107
P03_rsbfilm_scalar_plus_sincos_Pcyc,2,small_rect_edge_test_0005,small_rect_edge,2.9982115659522455,24.69309504112769,0.17724174664414902,0.009562521241605282,0.001858928008005023
P03_rsbfilm_scalar_plus_sincos_Pcyc,2,small_rect_edge_test_0006,small_rect_edge,3.668264711701148,24.32056501686299,0.15742800095300222,0.01233009621500969,0.0019797130080405623
P03_rsbfilm_scalar_plus_sincos_Pcyc,2,small_rect_edge_test_0007,small_rect_edge,1.3565872565767005,27.753203909414875,0.37497469488450014,0.004078334663063288,0.001880053008790128
P03_rsbfilm_scalar_plus_sincos_Pcyc,2,small_rect_edge_test_0008,small_rect_edge,4.878654439285335,21.539176337866614,0.07735213601141713,0.01817585900425911,0.0018876829999499023
P03_rsbfilm_scalar_plus_sincos_Pcyc,2,small_rect_edge_test_0009,small_rect_edge,3.255453518563168,25.769697815690698,0.20921616344071306,0.009335237555205822,0.0019439030002104118
P03_rsbfilm_scalar_plus_sincos_Pcyc,2,point_cluster_test_0000,point_cluster,13.365278514277788,21.658544431670297,0.08241002105299113,0.013478636741638184,0.001896402012789622
P03_rsbfilm_scalar_plus_sincos_Pcyc,2,point_cluster_test_0001,point_cluster,3.9560993074005206,25.698496375773445,0.220603170525319,0.009860392659902573,0.001890385989099741
P03_rsbfilm_scalar_plus_sincos_Pcyc,2,point_cluster_test_0002,point_cluster,12.369530017934075,24.682106695542817,0.1382869858428422,0.010023252107203007,0.0018946289928862825
P03_rsbfilm_scalar_plus_sincos_Pcyc,2,point_cluster_test_0003,point_cluster,18.989291045485928,23.079003233874925,0.10237584108308216,0.010731798596680164,0.001876566995633766
P03_rsbfilm_scalar_plus_sincos_Pcyc,2,point_cluster_test_0004,point_cluster,4.356730865690377,25.026782112173912,0.1938861636737467,0.010269328020513058,0.0018799020035658032
P03_rsbfilm_scalar_plus_sincos_Pcyc,2,point_cluster_test_0005,point_cluster,4.571503943224068,24.765360192242923,0.1509101199609252,0.011402883566915989,0.0018837090028682724
P03_rsbfilm_scalar_plus_sincos_Pcyc,2,point_cluster_test_0006,point_cluster,20.14581399997106,22.026132861016563,0.08092217703452105,0.011876062490046024,0.0018894960085162893
P03_rsbfilm_scalar_plus_sincos_Pcyc,2,point_cluster_test_0007,point_cluster,24.532589529426566,21.710678977564417,0.06874592986417634,0.012985970824956894,0.0018806959997164086
P03_rsbfilm_scalar_plus_sincos_Pcyc,2,point_cluster_test_0008,point_cluster,16.45854616976444,22.58612680709031,0.08736837355696743,0.01210526842623949,0.0019424240017542616
P03_rsbfilm_scalar_plus_sincos_Pcyc,2,point_cluster_test_0009,point_cluster,13.941728672485768,24.636249285763544,0.18946779293742635,0.007399634458124638,0.0021118650038260967
P03_rsbfilm_scalar_plus_sincos_Pcyc,2,point_cluster_test_0010,point_cluster,4.55097502614964,24.701606586794185,0.17141578106200503,0.010652034543454647,0.001892038999358192
P03_rsbfilm_scalar_plus_sincos_Pcyc,2,point_cluster_test_0011,point_cluster,26.125226935431524,20.736447579201393,0.04002783359885109,0.016775939613580704,0.0018769580055959523
P03_rsbfilm_scalar_plus_sincos_Pcyc,2,point_cluster_test_0012,point_cluster,8.104514241846989,24.567476535453572,0.1632046668588213,0.008601301349699497,0.001908061996800825
P03_rsbfilm_scalar_plus_sincos_Pcyc,2,point_cluster_test_0013,point_cluster,9.407311907260125,22.62596126533785,0.058846641025181716,0.017981426790356636,0.0018715189944487065
P03_rsbfilm_scalar_plus_sincos_Pcyc,2,point_cluster_test_0014,point_cluster,6.96441970451339,25.832904457557888,0.22024158529484064,0.0072682565078139305,0.001894018001621589
P03_rsbfilm_scalar_plus_sincos_Pcyc,2,point_cluster_test_0015,point_cluster,6.869331225556773,26.026640088518313,0.22525752520248196,0.006865271832793951,0.0019331310031702742
P03_rsbfilm_scalar_plus_sincos_Pcyc,2,point_cluster_test_0016,point_cluster,9.044794571999343,22.31470970900969,0.08131210417922104,0.01595267839729786,0.002005539005040191
P03_rsbfilm_scalar_plus_sincos_Pcyc,2,point_cluster_test_0017,point_cluster,14.310238414970538,24.59024024487724,0.23080788958573947,0.00725390063598752,0.001873353001428768
P03_rsbfilm_scalar_plus_sincos_Pcyc,2,point_cluster_test_0018,point_cluster,28.06436695227409,21.2540914526253,0.06086785740769002,0.013249766081571579,0.0018941099988296628
P03_rsbfilm_scalar_plus_sincos_Pcyc,2,point_cluster_test_0019,point_cluster,14.510612216654291,23.277018966578048,0.10783177126656854,0.010385867208242416,0.0018948469951283187
P04_generic_film_scalar_Pcyc,0,line_test_0000,line,0.9979943932766672,30.84973258321247,0.5200887307924137,0.0012645376846194267,0.0017700629978207871
P04_generic_film_scalar_Pcyc,0,line_test_0001,line,0.9954244077404074,25.93014145657751,0.24867133746658934,0.003384415991604328,0.0017780229973141104
P04_generic_film_scalar_Pcyc,0,line_test_0002,line,0.9915566734622575,30.23912479240158,0.4865694553465853,0.0014744529034942389,0.0017682589968899265
P04_generic_film_scalar_Pcyc,0,line_test_0003,line,0.9989730212214752,33.91557775194755,0.6903042462419164,0.0009695790940895677,0.0017574360099388286
P04_generic_film_scalar_Pcyc,0,line_test_0004,line,0.9997303038067412,36.63957791697729,0.8059157012635524,0.00046524868230335414,0.0018167770031141117
P04_generic_film_scalar_Pcyc,0,line_test_0005,line,0.999770661800952,32.41800691285033,0.6102175719876268,0.0008957620011642575,0.0017558729887241498
P04_generic_film_scalar_Pcyc,0,line_test_0006,line,1.006975612771138,31.56885177164487,0.5630035854948207,0.0012169615365564823,0.0018193699943367392
P04_generic_film_scalar_Pcyc,0,line_test_0007,line,0.9972908795720385,29.800684019212603,0.46954598957613364,0.00140950211789459,0.001766975998179987
P04_generic_film_scalar_Pcyc,0,line_test_0008,line,0.997767423248624,25.830452772843632,0.24259751697933268,0.003107677446678281,0.0017713759880280122
P04_generic_film_scalar_Pcyc,0,line_test_0009,line,0.9916485232886133,30.243241981969998,0.4871100683631234,0.00136085064150393,0.0017705680074868724
P04_generic_film_scalar_Pcyc,0,line_test_0010,line,0.9988782568125263,32.42454980498786,0.610688036464669,0.0009859151905402541,0.001758615006110631
P04_generic_film_scalar_Pcyc,0,line_test_0011,line,1.0008842600721202,27.7430508323698,0.3413641471852465,0.002172735519707203,0.0017515609943075106
P04_generic_film_scalar_Pcyc,0,line_test_0012,line,0.9935621043554954,29.709969490512762,0.4556461151947107,0.001514342613518238,0.0017587690090294927
P04_generic_film_scalar_Pcyc,0,line_test_0013,line,0.9992772219868329,27.01687549982117,0.32047166190813403,0.0023953993804752827,0.0017606530018383637
P04_generic_film_scalar_Pcyc,0,line_test_0014,line,1.0005199377834604,34.82770330689188,0.7321102831316416,0.0005961220595054328,0.0017762000061338767
P04_generic_film_scalar_Pcyc,0,line_test_0015,line,0.9997056235210449,35.39037450132787,0.7570674324607547,0.0006065921043045819,0.0017692769906716421
P04_generic_film_scalar_Pcyc,0,line_test_0016,line,0.9949237948926956,28.22511224603611,0.3689497158391958,0.002085653832182288,0.001827833999413997
P04_generic_film_scalar_Pcyc,0,line_test_0017,line,1.0110172469129872,32.04741740907891,0.5898171067452154,0.0009573607239872217,0.0017554819933138788
P04_generic_film_scalar_Pcyc,0,line_test_0018,line,0.9979885267281939,29.377348095201604,0.43380261116112967,0.0017001524101942778,0.0017727380036376417
P04_generic_film_scalar_Pcyc,0,line_test_0019,line,0.9982078359558415,29.30887878663182,0.43653631916944174,0.0015171279665082693,0.0019892840064130723
P04_generic_film_scalar_Pcyc,0,cross_test_0000,cross,0.9943457885925524,32.204990198077326,0.5995404594601313,0.0011352434521541,0.0017734700086293742
P04_generic_film_scalar_Pcyc,0,cross_test_0001,cross,0.9998330784409574,26.501399091529876,0.27112409608734417,0.002974932314828038,0.0017439729999750853
P04_generic_film_scalar_Pcyc,0,cross_test_0002,cross,0.9977455666561883,30.374790163641524,0.4937675180321667,0.0012855465756729245,0.001760642000590451
P04_generic_film_scalar_Pcyc,0,cross_test_0003,cross,0.9983934531093808,27.639883559824945,0.3346369097923662,0.002386651700362563,0.0018266000115545467
P04_generic_film_scalar_Pcyc,0,cross_test_0004,cross,0.9988282975674706,27.87078099907172,0.3463489697661594,0.002330612624064088,0.0017419030045857653
P04_generic_film_scalar_Pcyc,0,cross_test_0005,cross,0.9966859055954382,31.17912857395774,0.541123954845912,0.001363091985695064,0.0018262090015923604
P04_generic_film_scalar_Pcyc,0,cross_test_0006,cross,0.99680809446358,28.734126916583836,0.39656526980487783,0.0018196644959971309,0.0018154220015276223
P04_generic_film_scalar_Pcyc,0,cross_test_0007,cross,0.9949566308286272,33.953282929114586,0.6912117735554029,0.0007676128298044205,0.0017600990104256198
P04_generic_film_scalar_Pcyc,0,cross_test_0008,cross,0.9913120819768766,28.003929932550292,0.358388559667101,0.002380008576437831,0.001758701997459866
P04_generic_film_scalar_Pcyc,0,cross_test_0009,cross,0.996467690686123,32.89496713241324,0.636938420701246,0.0008295233128592372,0.0017705109930830076
P04_generic_film_scalar_Pcyc,0,cross_test_0010,cross,0.9924802098129525,32.080298181735635,0.5928757256692596,0.0011042212136089802,0.001816100993892178
P04_generic_film_scalar_Pcyc,0,cross_test_0011,cross,0.9900872188257934,27.357424643547283,0.3244963612221552,0.002716735238209367,0.0017514140054117888
P04_generic_film_scalar_Pcyc,0,cross_test_0012,cross,0.9963474440207678,31.68249496788502,0.5696872511814638,0.00110643042717129,0.0017307880043517798
P04_generic_film_scalar_Pcyc,0,cross_test_0013,cross,0.9951583840535458,31.6833184304687,0.5698894138952901,0.0012123185442760587,0.001813475988456048
P04_generic_film_scalar_Pcyc,0,cross_test_0014,cross,0.9945414366042064,27.72729543106777,0.34221144395989384,0.0021289328578859568,0.0018179910111939535
P04_generic_film_scalar_Pcyc,0,L_shape_test_0000,L-shape,0.9916675772514731,26.20851302125965,0.2648367311688592,0.003133074613288045,0.0018331509927520528
P04_generic_film_scalar_Pcyc,0,L_shape_test_0001,L-shape,0.9970635986127081,27.67622508632837,0.3374180380550928,0.002172572538256645,0.0017392769950674847
P04_generic_film_scalar_Pcyc,0,L_shape_test_0002,L-shape,0.9908082962803453,27.32102447876045,0.3224327581287263,0.00270937941968441,0.0017579779960215092
P04_generic_film_scalar_Pcyc,0,L_shape_test_0003,L-shape,0.9940586428708651,27.51417865434021,0.3288124536828766,0.0025373261887580156,0.0017743299977155402
P04_generic_film_scalar_Pcyc,0,L_shape_test_0004,L-shape,0.9960315073128275,25.797654036112974,0.23964215091968152,0.0034023600164800882,0.0019571429875213653
P04_generic_film_scalar_Pcyc,0,L_shape_test_0005,L-shape,0.9929329727146191,27.170520193052965,0.3127848885574875,0.002559445332735777,0.0017390710127074271
P04_generic_film_scalar_Pcyc,0,L_shape_test_0006,L-shape,0.9983849417698415,31.16810036951731,0.5388609851655528,0.0011406595585867763,0.0018227929977001622
P04_generic_film_scalar_Pcyc,0,L_shape_test_0007,L-shape,0.9955081221986768,27.019073347126014,0.3013270216783096,0.0027842577546834946,0.0017596130055608228
P04_generic_film_scalar_Pcyc,0,L_shape_test_0008,L-shape,0.9907316335953802,30.514848142643167,0.5030458946583686,0.0012890987563878298,0.0017423929966753349
P04_generic_film_scalar_Pcyc,0,L_shape_test_0009,L-shape,0.9929715450973877,26.433872036737355,0.27364805627519934,0.003135506296530366,0.0017625709879212081
P04_generic_film_scalar_Pcyc,0,L_shape_test_0010,L-shape,0.9911921431859007,30.640873770190375,0.5106106076667811,0.0012638132320716977,0.001737832004437223
P04_generic_film_scalar_Pcyc,0,L_shape_test_0011,L-shape,0.9990603241827415,33.38392651314829,0.6618942776244678,0.0007765148766338825,0.0018140249885618687
P04_generic_film_scalar_Pcyc,0,L_shape_test_0012,L-shape,0.9961502867057234,26.775090415892816,0.2890601541010828,0.0027100180741399527,0.001763588996254839
P04_generic_film_scalar_Pcyc,0,L_shape_test_0013,L-shape,0.9954430582442412,27.28202916643617,0.3152007499327864,0.0026424219831824303,0.0018154809949919581
P04_generic_film_scalar_Pcyc,0,L_shape_test_0014,L-shape,0.9929532919992939,32.22350981232012,0.6001523969135993,0.0010145115666091442,0.001751626012264751
P04_generic_film_scalar_Pcyc,0,L_shape_test_0015,L-shape,0.9965073375520793,25.88081851360596,0.24469159667585688,0.003206388559192419,0.0017655949923209846
P04_generic_film_scalar_Pcyc,0,L_shape_test_0016,L-shape,0.9956583746910646,27.429650457687217,0.3227662731969706,0.0025042786728590727,0.0017544089932926
P04_generic_film_scalar_Pcyc,0,L_shape_test_0017,L-shape,0.9928191564812865,26.33141999111533,0.26799619194446833,0.003098118584603071,0.0018198709876742214
P04_generic_film_scalar_Pcyc,0,L_shape_test_0018,L-shape,0.9924024931407502,26.232775167278536,0.26135638431357916,0.003224781481549144,0.001753857999574393
P04_generic_film_scalar_Pcyc,0,L_shape_test_0019,L-shape,0.9958001002467494,33.3482866247385,0.6608269771208612,0.0008587226620875299,0.001764786007697694
P04_generic_film_scalar_Pcyc,0,double_line_test_0000,double-line,0.997056954132357,26.24536679257688,0.26182137723865456,0.0029413122683763504,0.0019133679888909683
P04_generic_film_scalar_Pcyc,0,double_line_test_0001,double-line,0.9924807190176148,26.669889689520744,0.2865320473456954,0.00306737725622952,0.001798690005671233
P04_generic_film_scalar_Pcyc,0,double_line_test_0002,double-line,1.0008933378501688,31.241953164246326,0.5435935098230543,0.0012573301792144775,0.0017855570040410385
P04_generic_film_scalar_Pcyc,0,double_line_test_0003,double-line,0.9965062162290242,25.642488208471818,0.22923373419962756,0.0036984612233936787,0.0017655999981798232
P04_generic_film_scalar_Pcyc,0,double_line_test_0004,double-line,0.9951617476301742,25.91618662777754,0.2440576467473308,0.0035396278835833073,0.001758005004376173
P04_generic_film_scalar_Pcyc,0,double_line_test_0005,double-line,0.997090753418805,26.006950858487052,0.2503279453522295,0.003323741490021348,0.0017627269990043715
P04_generic_film_scalar_Pcyc,0,double_line_test_0006,double-line,0.9939820900367142,25.32899040469708,0.22568538906314795,0.0039663356728851795,0.0018271760054631159
P04_generic_film_scalar_Pcyc,0,double_line_test_0007,double-line,0.9956655849689664,31.961271997199134,0.5851747147484724,0.0011002921964973211,0.0018038839916698635
P04_generic_film_scalar_Pcyc,0,double_line_test_0008,double-line,0.9937740782648102,28.394617461432606,0.3805029418127332,0.0020596268586814404,0.0017608530033612624
P04_generic_film_scalar_Pcyc,0,double_line_test_0009,double-line,0.9961282700952637,27.98689946875919,0.35286193269339283,0.002317820442840457,0.0017407330014975742
P04_generic_film_scalar_Pcyc,0,double_line_test_0010,double-line,0.9986000912756335,26.346627635193034,0.2657437314781298,0.0030325830448418856,0.001817475989810191
P04_generic_film_scalar_Pcyc,0,double_line_test_0011,double-line,0.9982817042642568,27.9896669972544,0.3518962212911172,0.00226123770698905,0.001816670992411673
P04_generic_film_scalar_Pcyc,0,double_line_test_0012,double-line,0.9964349761631349,30.66428537403526,0.5088312506845326,0.0013909183908253908,0.0017505499999970198
P04_generic_film_scalar_Pcyc,0,double_line_test_0013,double-line,0.9985263025245154,25.01880390211198,0.20060820564856113,0.004145905841141939,0.0017481059912825003
P04_generic_film_scalar_Pcyc,0,double_line_test_0014,double-line,0.995395631637978,25.798010615027593,0.24181907365893535,0.003615102730691433,0.0017622469895286486
P04_generic_film_scalar_Pcyc,0,small_rect_edge_test_0000,small_rect_edge,0.9945750276977098,29.912492337353896,0.4673802968654919,0.0013428679667413235,0.0017377059994032606
P04_generic_film_scalar_Pcyc,0,small_rect_edge_test_0001,small_rect_edge,0.9958603214914046,30.81518494353152,0.5195841844387233,0.001272725174203515,0.0018057139968732372
P04_generic_film_scalar_Pcyc,0,small_rect_edge_test_0002,small_rect_edge,1.0009317597635314,27.717794221416014,0.3403597559959503,0.0021419632248580456,0.0017630939983064309
P04_generic_film_scalar_Pcyc,0,small_rect_edge_test_0003,small_rect_edge,0.9966750352508283,30.523642649358884,0.5023462287343519,0.0013664682628586888,0.001794659998267889
P04_generic_film_scalar_Pcyc,0,small_rect_edge_test_0004,small_rect_edge,0.9928300098037658,29.182608147996774,0.42691605066695415,0.0018470450304448605,0.0017595719982637092
P04_generic_film_scalar_Pcyc,0,small_rect_edge_test_0005,small_rect_edge,0.996054566047952,29.47888668224937,0.4531576355549174,0.001527856569737196,0.0017531009943922982
P04_generic_film_scalar_Pcyc,0,small_rect_edge_test_0006,small_rect_edge,0.9901488677736272,30.00816660314735,0.47406618352311997,0.001502660452388227,0.0017411589942639694
P04_generic_film_scalar_Pcyc,0,small_rect_edge_test_0007,small_rect_edge,0.9983220328940774,29.084974899262953,0.418270891645184,0.0017044141422957182,0.0017468169971834868
P04_generic_film_scalar_Pcyc,0,small_rect_edge_test_0008,small_rect_edge,0.9961109436902331,28.43909968289217,0.38530747094779777,0.0019963541999459267,0.0018263930105604231
P04_generic_film_scalar_Pcyc,0,small_rect_edge_test_0009,small_rect_edge,0.99529946424211,30.916275052537024,0.5254674250125474,0.001224362407810986,0.0017645920015638694
P04_generic_film_scalar_Pcyc,0,point_cluster_test_0000,point_cluster,0.9973058876338616,32.93004076330039,0.6867142567117267,0.0008681192412041128,0.0018066189950332046
P04_generic_film_scalar_Pcyc,0,point_cluster_test_0001,point_cluster,0.9982024131087562,31.678982015599043,0.5692393006031982,0.0012577498564496636,0.00173580800765194
P04_generic_film_scalar_Pcyc,0,point_cluster_test_0002,point_cluster,1.0020540647908087,35.596727209470004,0.7657352985813173,0.0006972919218242168,0.0017561259883223101
P04_generic_film_scalar_Pcyc,0,point_cluster_test_0003,point_cluster,0.9954039361633653,35.88409713972185,0.7775718007045721,0.0006048817303963006,0.0017517459928058088
P04_generic_film_scalar_Pcyc,0,point_cluster_test_0004,point_cluster,0.9985785191714818,31.424567120486696,0.5552406223949916,0.0013591200113296509,0.0019597700011217967
P04_generic_film_scalar_Pcyc,0,point_cluster_test_0005,point_cluster,0.9945053366847961,31.389880016633718,0.5538121644488689,0.0012813174398615956,0.0017580790008651093
P04_generic_film_scalar_Pcyc,0,point_cluster_test_0006,point_cluster,1.023793014581252,34.965859509681216,0.7667807811971403,0.0006965890061110258,0.00175740200211294
P04_generic_film_scalar_Pcyc,0,point_cluster_test_0007,point_cluster,0.9945158845106832,35.63199555696706,0.793768882853881,0.000675959512591362,0.0018064610048895702
P04_generic_film_scalar_Pcyc,0,point_cluster_test_0008,point_cluster,0.9994448506315484,34.75245335603735,0.729189534700389,0.0007557393400929868,0.001764020009431988
P04_generic_film_scalar_Pcyc,0,point_cluster_test_0009,point_cluster,1.0045600547166555,36.059656605627005,0.824558959448812,0.0005305549711920321,0.0017460100061725825
P04_generic_film_scalar_Pcyc,0,point_cluster_test_0010,point_cluster,0.9986081714313609,31.288700060726487,0.546253481718769,0.0012941296445205808,0.001756329002091661
P04_generic_film_scalar_Pcyc,0,point_cluster_test_0011,point_cluster,1.004035083972827,34.889559421269276,0.7355545183183844,0.0008619149448350072,0.001808700995752588
P04_generic_film_scalar_Pcyc,0,point_cluster_test_0012,point_cluster,1.0026508186239331,33.64324944596119,0.6754099052687238,0.0008539874688722193,0.0017654029943514615
P04_generic_film_scalar_Pcyc,0,point_cluster_test_0013,point_cluster,0.9938987445355245,32.38719512594121,0.6112307849600513,0.0013156495988368988,0.0017601900035515428
P04_generic_film_scalar_Pcyc,0,point_cluster_test_0014,point_cluster,0.993727122272518,34.28908251424948,0.707893090361514,0.0006845949683338404,0.001767552996170707
P04_generic_film_scalar_Pcyc,0,point_cluster_test_0015,point_cluster,1.004409168062602,34.376678160943655,0.7115277697957237,0.0007755550323054194,0.0017532329948153347
P04_generic_film_scalar_Pcyc,0,point_cluster_test_0016,point_cluster,1.0004643003137814,31.876680831321323,0.6109507834238633,0.0011941310949623585,0.0017571990028955042
P04_generic_film_scalar_Pcyc,0,point_cluster_test_0017,point_cluster,1.0032581630955562,36.132581829075974,0.8591944517159109,0.0005433800397440791,0.00175598100759089
P04_generic_film_scalar_Pcyc,0,point_cluster_test_0018,point_cluster,1.0015069423723055,35.72910439550677,0.7908036823699456,0.0006490892847068608,0.0018206480017397553
P04_generic_film_scalar_Pcyc,0,point_cluster_test_0019,point_cluster,0.9993649509553841,34.89663524793671,0.7354074668081027,0.0006293822661973536,0.0017544470028951764
P04_generic_film_scalar_Pcyc,1,line_test_0000,line,0.9841056043955364,30.910596637627247,0.5296887028415387,0.001556104514747858,0.001741632993798703
P04_generic_film_scalar_Pcyc,1,line_test_0001,line,0.9833687981515097,25.98305999359524,0.2648928148175753,0.003935350105166435,0.001783182000508532
P04_generic_film_scalar_Pcyc,1,line_test_0002,line,0.9708606938574967,30.330731064157664,0.5034403026791965,0.0020602126605808735,0.0017482590046711266
P04_generic_film_scalar_Pcyc,1,line_test_0003,line,1.027713656449185,33.79239381141995,0.6838058329160178,0.0016565966652706265,0.001812772999983281
P04_generic_film_scalar_Pcyc,1,line_test_0004,line,0.9891653073821479,36.68571783051907,0.8079897404745462,0.0006597153842449188,0.0017735580040607601
P04_generic_film_scalar_Pcyc,1,line_test_0005,line,0.9886986997949091,32.46637101612179,0.6157444437114804,0.001151945674791932,0.0017526209994684905
P04_generic_film_scalar_Pcyc,1,line_test_0006,line,0.9864884264842957,31.658121520011875,0.5736455744646286,0.0015241628279909492,0.0017591049982002005
P04_generic_film_scalar_Pcyc,1,line_test_0007,line,0.9824658606053301,29.86572751090414,0.47951835275727,0.001655764295719564,0.0017609310016268864
P04_generic_film_scalar_Pcyc,1,line_test_0008,line,0.9861259570068208,25.881422099552026,0.25463716378862494,0.003397619351744652,0.0017448709986638278
P04_generic_film_scalar_Pcyc,1,line_test_0009,line,0.9792190914544164,30.298021134295603,0.4987134568647806,0.0018115633865818381,0.0018139009916922078
P04_generic_film_scalar_Pcyc,1,line_test_0010,line,0.9903905465511634,32.46161050669326,0.616075763680268,0.001307155005633831,0.001784874009899795
P04_generic_film_scalar_Pcyc,1,line_test_0011,line,0.9880038914998424,27.799303022845624,0.35354989562409056,0.0025859165471047163,0.0018198979960288852
P04_generic_film_scalar_Pcyc,1,line_test_0012,line,0.9857558705757398,29.744225709319508,0.4659150512676917,0.00203291536308825,0.0017596260004211217
P04_generic_film_scalar_Pcyc,1,line_test_0013,line,0.9724265818751862,27.135167295176892,0.34422893589478865,0.0028273563366383314,0.0018361710099270567
P04_generic_film_scalar_Pcyc,1,line_test_0014,line,0.9892320329082673,34.876979039968546,0.7354425973359062,0.0007517461781390011,0.0017523410060675815
P04_generic_film_scalar_Pcyc,1,line_test_0015,line,1.0078806402694838,35.35500465914914,0.7557240182805911,0.0009751717443577945,0.0017484520067228004
P04_generic_film_scalar_Pcyc,1,line_test_0016,line,0.9813963700941385,28.28456612568178,0.38922628319773633,0.0028727937024086714,0.0018231080030091107
P04_generic_film_scalar_Pcyc,1,line_test_0017,line,1.0108531906922167,32.04812184420392,0.591136567935767,0.0012364970752969384,0.0017804640083340928
P04_generic_film_scalar_Pcyc,1,line_test_0018,line,0.9838009591123896,29.43953115030268,0.44529325889671895,0.0020316699519753456,0.001824923005187884
P04_generic_film_scalar_Pcyc,1,line_test_0019,line,0.9788912079225924,29.393744552472604,0.44949922410931836,0.0017569431802257895,0.0017665210034465417
P04_generic_film_scalar_Pcyc,1,cross_test_0000,cross,1.0011555744699248,32.175348731406906,0.6018378612842845,0.0018296042690053582,0.0017656740092206746
P04_generic_film_scalar_Pcyc,1,cross_test_0001,cross,0.984989695922268,26.566357480711606,0.2850657428498458,0.0032410400453954935,0.0017496260115876794
P04_generic_film_scalar_Pcyc,1,cross_test_0002,cross,0.9943692066239714,30.38951162501936,0.4977314878526102,0.0015770578756928444,0.002222677008830942
P04_generic_film_scalar_Pcyc,1,cross_test_0003,cross,0.9524956676353122,27.844270792017234,0.3781893462273057,0.0030577180441468954,0.0018331890023546293
P04_generic_film_scalar_Pcyc,1,cross_test_0004,cross,0.9770355776529699,27.96658568758525,0.36905405509531397,0.0029015634208917618,0.0017507559969089925
P04_generic_film_scalar_Pcyc,1,cross_test_0005,cross,0.9897459633293647,31.20947433765913,0.5465585484302401,0.0017609077040106058,0.0018434490048093721
P04_generic_film_scalar_Pcyc,1,cross_test_0006,cross,0.9882549344185267,28.771552602943128,0.40303352767087164,0.0019467954989522696,0.001750479990732856
P04_generic_film_scalar_Pcyc,1,cross_test_0007,cross,0.988126215566842,33.98320038437259,0.6941290868795229,0.0009719767258502543,0.0017769789992598817
P04_generic_film_scalar_Pcyc,1,cross_test_0008,cross,0.9842498716432462,28.034980339891217,0.3780532255593554,0.0033509337808936834,0.0017478939989814535
P04_generic_film_scalar_Pcyc,1,cross_test_0009,cross,0.9947980323977379,32.902250447588166,0.6395121459442281,0.0011905356077477336,0.0018492999952286482
P04_generic_film_scalar_Pcyc,1,cross_test_0010,cross,0.9893294986396398,32.09410701663978,0.5972507246065726,0.0015874544624239206,0.0017954320064745843
P04_generic_film_scalar_Pcyc,1,cross_test_0011,cross,0.9867728484338817,27.371987141190353,0.3480761391877076,0.003972056787461042,0.0017603529995540157
P04_generic_film_scalar_Pcyc,1,cross_test_0012,cross,0.9677197568525913,31.809107033319798,0.5858771224175859,0.001533819711767137,0.0018134139972971752
P04_generic_film_scalar_Pcyc,1,cross_test_0013,cross,0.9812317711079829,31.74452471217789,0.5795897783307784,0.0018262523226439953,0.001812654998502694
P04_generic_film_scalar_Pcyc,1,cross_test_0014,cross,0.9874599076275222,27.758329493632672,0.34988887862057044,0.002409233245998621,0.0017647349886829033
P04_generic_film_scalar_Pcyc,1,L_shape_test_0000,L-shape,0.9842201743842055,26.241251486527894,0.2848604723417792,0.004158457741141319,0.0021265550021780655
P04_generic_film_scalar_Pcyc,1,L_shape_test_0001,L-shape,0.9818295662620214,27.743092626609346,0.3499712661030124,0.0024044800084084272,0.001776763005182147
P04_generic_film_scalar_Pcyc,1,L_shape_test_0002,L-shape,0.9814194014241646,27.362374288700565,0.33706077167686166,0.0033805796410888433,0.001747920992784202
P04_generic_film_scalar_Pcyc,1,L_shape_test_0003,L-shape,0.9827731440319458,27.563766047393653,0.3431769227716081,0.0030380955431610346,0.0017651459929766133
P04_generic_film_scalar_Pcyc,1,L_shape_test_0004,L-shape,0.9874754044942141,25.83512188546203,0.2528573296077392,0.003957440610975027,0.0018065870099235326
P04_generic_film_scalar_Pcyc,1,L_shape_test_0005,L-shape,0.9850147200575037,27.2052923929644,0.3240017656468742,0.003041908610612154,0.0017552149947732687
P04_generic_film_scalar_Pcyc,1,L_shape_test_0006,L-shape,0.9879183838132358,31.213869981624626,0.5459666704560828,0.001434807782061398,0.0017605759931029752
P04_generic_film_scalar_Pcyc,1,L_shape_test_0007,L-shape,0.9678674992502815,27.14136219617146,0.3329296059519964,0.0035231385845690966,0.0017604620079509914
P04_generic_film_scalar_Pcyc,1,L_shape_test_0008,L-shape,0.9847729528403435,30.541047322648282,0.5083920908306733,0.0016142410458996892,0.0018325720011489466
P04_generic_film_scalar_Pcyc,1,L_shape_test_0009,L-shape,0.9791797144413763,26.494615813285535,0.29300907869708126,0.003765825415030122,0.0024088439968181774
P04_generic_film_scalar_Pcyc,1,L_shape_test_0010,L-shape,0.9821859180012655,30.68051511703247,0.5188853506013491,0.0016868384554982185,0.0017685339989839122
P04_generic_film_scalar_Pcyc,1,L_shape_test_0011,L-shape,0.9987856323791333,33.38512098505105,0.6627472178042558,0.0009810435585677624,0.0018242060032207519
P04_generic_film_scalar_Pcyc,1,L_shape_test_0012,L-shape,0.9856005142631092,26.82132962819651,0.30285000889779234,0.0031865050550550222,0.0018493289971956983
P04_generic_film_scalar_Pcyc,1,L_shape_test_0013,L-shape,0.9854311990894258,27.325930330463336,0.32848325626721764,0.0031317363027483225,0.0018439770065015182
P04_generic_film_scalar_Pcyc,1,L_shape_test_0014,L-shape,0.9911329505349651,32.23147875653325,0.6031637210432784,0.0014062754344195127,0.0017904859996633604
P04_generic_film_scalar_Pcyc,1,L_shape_test_0015,L-shape,0.9807247466296364,25.950152284917554,0.26404982248734465,0.003783060936257243,0.001818949996959418
P04_generic_film_scalar_Pcyc,1,L_shape_test_0016,L-shape,0.9845327650609403,27.478452072429853,0.3359606989859843,0.0029552180785685778,0.0017587110050953925
P04_generic_film_scalar_Pcyc,1,L_shape_test_0017,L-shape,0.9711877497288387,26.427089400110567,0.300309359759682,0.004083866719156504,0.0017372950096614659
P04_generic_film_scalar_Pcyc,1,L_shape_test_0018,L-shape,0.9875697237551223,26.253975725691117,0.26938528595925876,0.0035736605059355497,0.001760230996296741
P04_generic_film_scalar_Pcyc,1,L_shape_test_0019,L-shape,0.9901386748842834,33.37304811814812,0.6639646091135863,0.0012259827926754951,0.0021532149985432625
P04_generic_film_scalar_Pcyc,1,double_line_test_0000,double-line,0.97823608714556,26.32812964270393,0.2838278825247906,0.003396717133000493,0.0018000050040427595
P04_generic_film_scalar_Pcyc,1,double_line_test_0001,double-line,0.9993794465522886,26.639806529769295,0.3177344507729766,0.00443434901535511,0.0017850409931270406
P04_generic_film_scalar_Pcyc,1,double_line_test_0002,double-line,1.000726985843072,31.2426749746904,0.5448007045195654,0.0013546618865802884,0.0017595219978829846
P04_generic_film_scalar_Pcyc,1,double_line_test_0003,double-line,0.9838008330515939,25.69821659596318,0.24151524459251514,0.003915663342922926,0.0018361070106038824
P04_generic_film_scalar_Pcyc,1,double_line_test_0004,double-line,0.9549460669655552,26.09533471661927,0.28683632820507876,0.004221400246024132,0.00176503999682609
P04_generic_film_scalar_Pcyc,1,double_line_test_0005,double-line,0.9964051599547741,26.009938381422877,0.2533465614455127,0.0034767165780067444,0.002008963012485765
P04_generic_film_scalar_Pcyc,1,double_line_test_0006,double-line,0.9818234714699678,25.382442027707864,0.258426111289734,0.005171797703951597,0.002128651991370134
P04_generic_film_scalar_Pcyc,1,double_line_test_0007,double-line,0.9784196368032723,32.03715510281538,0.5942389347598084,0.00145894312299788,0.0017610479990253225
P04_generic_film_scalar_Pcyc,1,double_line_test_0008,double-line,0.9893332037252718,28.41406819078598,0.38872546110549944,0.002617865800857544,0.0017825469985837117
P04_generic_film_scalar_Pcyc,1,double_line_test_0009,double-line,0.9795646115136791,28.05972120576584,0.3667504087752662,0.0025885968934744596,0.0017746399971656501
P04_generic_film_scalar_Pcyc,1,double_line_test_0010,double-line,0.9860535489444354,26.401538368198526,0.2794565489175901,0.00340108759701252,0.0017449639999540523
P04_generic_film_scalar_Pcyc,1,double_line_test_0011,double-line,0.9871625040975863,28.03831160460191,0.3613158435324323,0.002455863170325756,0.0017530049954075366
P04_generic_film_scalar_Pcyc,1,double_line_test_0012,double-line,0.9841385035710289,30.71821283777675,0.5167274332500008,0.0015950552187860012,0.002224933006800711
P04_generic_film_scalar_Pcyc,1,double_line_test_0013,double-line,0.9877390820369703,25.065976603556187,0.21178458334895822,0.004381275270134211,0.001783751999028027
P04_generic_film_scalar_Pcyc,1,double_line_test_0014,double-line,0.9827584875133469,25.853499957694275,0.2701351655215702,0.0047885519452393055,0.0017740990006132051
P04_generic_film_scalar_Pcyc,1,small_rect_edge_test_0000,small_rect_edge,0.9797405432825704,29.977757502756937,0.4790616104880504,0.0016967890551313758,0.0018422710127197206
P04_generic_film_scalar_Pcyc,1,small_rect_edge_test_0001,small_rect_edge,0.9940625154116042,30.823032359291112,0.5242099848628359,0.0017272516852244735,0.0017579160048626363
P04_generic_film_scalar_Pcyc,1,small_rect_edge_test_0002,small_rect_edge,0.9935066690106534,27.750130917918604,0.3479344011145974,0.0023857399355620146,0.0017575099918758497
P04_generic_film_scalar_Pcyc,1,small_rect_edge_test_0003,small_rect_edge,0.9770782600438893,30.609884945432594,0.5142270280731663,0.001662867609411478,0.0017579029954504222
P04_generic_film_scalar_Pcyc,1,small_rect_edge_test_0004,small_rect_edge,1.0058870611641635,29.125864827514448,0.4337302588270997,0.002878159750252962,0.001827083993703127
P04_generic_film_scalar_Pcyc,1,small_rect_edge_test_0005,small_rect_edge,0.9938655390414796,29.488441371544678,0.4643620694392062,0.0022948700934648514,0.0017724139906931669
P04_generic_film_scalar_Pcyc,1,small_rect_edge_test_0006,small_rect_edge,0.9877087198673772,30.018882939057395,0.4768481248666009,0.0017033506883308291,0.0017601790023036301
P04_generic_film_scalar_Pcyc,1,small_rect_edge_test_0007,small_rect_edge,1.0025817195865228,29.066483641985336,0.41996921529783865,0.0019270784687250853,0.0017517550004413351
P04_generic_film_scalar_Pcyc,1,small_rect_edge_test_0008,small_rect_edge,1.0123020248709127,28.369075847635266,0.3933824673053749,0.0032053212635219097,0.001764276996254921
P04_generic_film_scalar_Pcyc,1,small_rect_edge_test_0009,small_rect_edge,0.9931173784920332,30.92580702004899,0.5289870239146608,0.0015512933023273945,0.0017662780010141432
P04_generic_film_scalar_Pcyc,1,point_cluster_test_0000,point_cluster,0.9990193179786852,32.922585559315415,0.6872449763239623,0.0011845642002299428,0.0018874179950216785
P04_generic_film_scalar_Pcyc,1,point_cluster_test_0001,point_cluster,0.9831832269552249,31.74482353127853,0.5810734241820721,0.0018172936979681253,0.0018324909906368703
P04_generic_film_scalar_Pcyc,1,point_cluster_test_0002,point_cluster,1.0025764217436297,35.594463831224196,0.7655526027791248,0.0010410959366708994,0.0017718020098982379
P04_generic_film_scalar_Pcyc,1,point_cluster_test_0003,point_cluster,1.0026920781629503,35.85241529142314,0.7759185693321865,0.0008832105086185038,0.001752765994751826
P04_generic_film_scalar_Pcyc,1,point_cluster_test_0004,point_cluster,0.997627836924758,31.42870375360286,0.56114986463899,0.0019112072186544538,0.0017532589990878478
P04_generic_film_scalar_Pcyc,1,point_cluster_test_0005,point_cluster,1.0058701455176784,31.340532167030005,0.5526000347301868,0.001819062978029251,0.0017537980020279065
P04_generic_film_scalar_Pcyc,1,point_cluster_test_0006,point_cluster,1.012528595946022,35.01390803653461,0.7686672933194192,0.0009987825760617852,0.0019784229953074828
P04_generic_film_scalar_Pcyc,1,point_cluster_test_0007,point_cluster,1.0145001537602778,35.54559164829078,0.7890342756224074,0.0010525909019634128,0.001846449013100937
P04_generic_film_scalar_Pcyc,1,point_cluster_test_0008,point_cluster,1.0042914662902402,34.731443881179075,0.7282430023724691,0.0010901467176154256,0.0018271509907208383
P04_generic_film_scalar_Pcyc,1,point_cluster_test_0009,point_cluster,0.9915344425752409,36.1163376092044,0.8266557778665328,0.0008648207876831293,0.0017779699992388487
P04_generic_film_scalar_Pcyc,1,point_cluster_test_0010,point_cluster,0.9937984100934412,31.309668429152797,0.5506626736859918,0.001602964592166245,0.0017588449991308153
P04_generic_film_scalar_Pcyc,1,point_cluster_test_0011,point_cluster,1.0187806023849695,34.826241848754016,0.7312970182244406,0.001155881560407579,0.0018258490017615259
P04_generic_film_scalar_Pcyc,1,point_cluster_test_0012,point_cluster,1.0652921930164834,33.38005906456668,0.6620949226157616,0.001614039996638894,0.0017577790131326765
P04_generic_film_scalar_Pcyc,1,point_cluster_test_0013,point_cluster,1.0468136752899038,32.16192287284844,0.595177525737969,0.002164689591154456,0.0018238839984405786
P04_generic_film_scalar_Pcyc,1,point_cluster_test_0014,point_cluster,1.0200362325773924,34.17559797322415,0.7017551051402371,0.0010895474115386605,0.001765633001923561
P04_generic_film_scalar_Pcyc,1,point_cluster_test_0015,point_cluster,1.0140305429986778,34.33527440279802,0.7109617471051481,0.0012154140276834369,0.0018256970070069656
P04_generic_film_scalar_Pcyc,1,point_cluster_test_0016,point_cluster,0.9957805087390679,31.897060762078027,0.614102413806532,0.001480892300605774,0.0017360110068693757
P04_generic_film_scalar_Pcyc,1,point_cluster_test_0017,point_cluster,1.0587910193052734,35.89860609780803,0.8507319845050919,0.0009775608777999878,0.001765017004800029
P04_generic_film_scalar_Pcyc,1,point_cluster_test_0018,point_cluster,1.0757887636458734,35.41837382952986,0.7754257005151312,0.001244748942553997,0.0017633170064073056
P04_generic_film_scalar_Pcyc,1,point_cluster_test_0019,point_cluster,0.998474753979478,34.90050562061701,0.7361207967671044,0.0009261745144613087,0.001752160009345971
P04_generic_film_scalar_Pcyc,2,line_test_0000,line,0.990930143028123,30.880583374982834,0.5321024511603666,0.001781616942025721,0.0017938689998118207
P04_generic_film_scalar_Pcyc,2,line_test_0001,line,0.9992877313187407,25.913318785967803,0.263795690411359,0.004390919115394354,0.0017745410004863515
P04_generic_film_scalar_Pcyc,2,line_test_0002,line,1.0010130257211358,30.197902893273373,0.4948128572340026,0.0023941469844430685,0.0017611649964237586
P04_generic_film_scalar_Pcyc,2,line_test_0003,line,1.1454200422147527,33.321467412456,0.6553645190580337,0.0020791359711438417,0.001748929003952071
P04_generic_film_scalar_Pcyc,2,line_test_0004,line,1.056666502563352,36.39902729118485,0.7965385147037259,0.0008633828838355839,0.0019280900014564395
P04_generic_film_scalar_Pcyc,2,line_test_0005,line,1.0243377716582187,32.312578748019874,0.6052202933180678,0.0013441835762932897,0.0018411080091027543
P04_generic_film_scalar_Pcyc,2,line_test_0006,line,1.0440617068068208,31.411779457037056,0.559905649945552,0.001980296103283763,0.001834074006183073
P04_generic_film_scalar_Pcyc,2,line_test_0007,line,1.0068379116880892,29.75930670579997,0.47170213570503267,0.0019120165379717946,0.0017865240079117939
P04_generic_film_scalar_Pcyc,2,line_test_0008,line,0.997557121033272,25.831368071792653,0.25137686167957063,0.0036498066037893295,0.0017544790025567636
P04_generic_film_scalar_Pcyc,2,line_test_0009,line,0.999661756112986,30.208288900834837,0.4959250784228671,0.002070549875497818,0.0017607600020710379
P04_generic_film_scalar_Pcyc,2,line_test_0010,line,1.033103617541864,32.2782365446036,0.6043931394545676,0.001613789820112288,0.0017583040025783703
P04_generic_film_scalar_Pcyc,2,line_test_0011,line,1.0012167917923942,27.741608125332533,0.3523846097695304,0.0028379217255860567,0.001850162007031031
P04_generic_film_scalar_Pcyc,2,line_test_0012,line,0.9791813462851416,29.77328800916859,0.4782838279300109,0.0023572761565446854,0.0017607310001039878
P04_generic_film_scalar_Pcyc,2,line_test_0013,line,1.0054353087980423,26.99019414519256,0.3288619661019764,0.003122906666249037,0.0017858250066637993
P04_generic_film_scalar_Pcyc,2,line_test_0014,line,1.027537927295123,34.7119821473692,0.7274141398813194,0.0009708928992040455,0.0017955049988813698
P04_generic_film_scalar_Pcyc,2,line_test_0015,line,1.088547907937376,35.02062037228021,0.7389809429485903,0.0012556088622659445,0.001754299009917304
P04_generic_film_scalar_Pcyc,2,line_test_0016,line,0.9883489110838536,28.253907741914112,0.4003346633980371,0.003332355059683323,0.0018340999959036708
P04_generic_film_scalar_Pcyc,2,line_test_0017,line,1.0449592273353094,31.904009229686025,0.5843880274983975,0.0014487631851807237,0.0021419480035547167
P04_generic_film_scalar_Pcyc,2,line_test_0018,line,1.0030007458914494,29.35559101929442,0.4416634382589832,0.0023917839862406254,0.0018275780021212995
P04_generic_film_scalar_Pcyc,2,line_test_0019,line,1.0106132570356292,29.25523898242401,0.4362637394587456,0.0019741561263799667,0.001763969994499348
P04_generic_film_scalar_Pcyc,2,cross_test_0000,cross,1.0500256952621558,31.96836509294571,0.5865852192450186,0.0020175825338810682,0.0017589780036360025
P04_generic_film_scalar_Pcyc,2,cross_test_0001,cross,1.000979770376803,26.496421094419897,0.27802154880465324,0.003404416376724839,0.0017589299968676642
P04_generic_film_scalar_Pcyc,2,cross_test_0002,cross,1.020416784659478,30.277212305999036,0.4916114761117709,0.0019234531791880727,0.0017590850038686767
P04_generic_film_scalar_Pcyc,2,cross_test_0003,cross,0.9533832603925553,27.84022554535346,0.3952110330919402,0.0034334941301494837,0.0017545550072100013
P04_generic_film_scalar_Pcyc,2,cross_test_0004,cross,0.9796536345648578,27.954963953409894,0.3774611477354936,0.0032439937349408865,0.0017559210100444034
P04_generic_film_scalar_Pcyc,2,cross_test_0005,cross,1.0317744968892686,31.028864022271733,0.5344285362393095,0.002254689810797572,0.001734246005071327
P04_generic_film_scalar_Pcyc,2,cross_test_0006,cross,1.0070096144567644,28.68990647329501,0.3961903444180716,0.0021506210323423147,0.0018333009938942268
P04_generic_film_scalar_Pcyc,2,cross_test_0007,cross,1.0404197008312073,33.7592387552565,0.6818802558833604,0.0012838462134823203,0.0018252849986311048
P04_generic_film_scalar_Pcyc,2,cross_test_0008,cross,1.0106438462372542,27.920052743384854,0.37364076803075313,0.0037567680701613426,0.0017569820047356188
P04_generic_film_scalar_Pcyc,2,cross_test_0009,cross,1.0388365249095732,32.71412767103791,0.6295371092041496,0.0014910928439348936,0.0018217809993075207
P04_generic_film_scalar_Pcyc,2,cross_test_0010,cross,1.046859740348912,31.84863179091409,0.5795205295987537,0.0019091920694336295,0.0022044200013624504
P04_generic_film_scalar_Pcyc,2,cross_test_0011,cross,1.026536446886366,27.200415517138655,0.3391345375623606,0.004472238477319479,0.0017629509966354817
P04_generic_film_scalar_Pcyc,2,cross_test_0012,cross,1.0080089519617748,31.63195890029174,0.5734946230525485,0.0017856672639027238,0.0018137000006390736
P04_generic_film_scalar_Pcyc,2,cross_test_0013,cross,1.0283611287317656,31.54078399968084,0.5655874586648213,0.002202149946242571,0.001785542001016438
P04_generic_film_scalar_Pcyc,2,cross_test_0014,cross,1.0020085418727134,27.69480980604015,0.346053600487471,0.0026966454461216927,0.0017378640040988103
P04_generic_film_scalar_Pcyc,2,L_shape_test_0000,L-shape,1.0001725920212352,26.171424514380575,0.2837070436576741,0.004517734050750732,0.0017667700012680143
P04_generic_film_scalar_Pcyc,2,L_shape_test_0001,L-shape,0.9953445212202274,27.683719251726217,0.3462594945192781,0.0026592814829200506,0.0018232609872939065
P04_generic_film_scalar_Pcyc,2,L_shape_test_0002,L-shape,1.0019134105907115,27.27261883508463,0.3363362553678598,0.003936056047677994,0.0018349140009377152
P04_generic_film_scalar_Pcyc,2,L_shape_test_0003,L-shape,0.9848156548128525,27.554749455177685,0.3496758353181782,0.0033752117305994034,0.0017794019950088114
P04_generic_film_scalar_Pcyc,2,L_shape_test_0004,L-shape,0.984947132717531,25.84625556942322,0.2615784428784911,0.004291258752346039,0.0018173099961131811
P04_generic_film_scalar_Pcyc,2,L_shape_test_0005,L-shape,0.9973863382040857,27.151085242411238,0.32331441052407034,0.003404769580811262,0.0017586129979463294
P04_generic_film_scalar_Pcyc,2,L_shape_test_0006,L-shape,1.0001388018121884,31.16047766467767,0.5451478778356774,0.0016690111951902509,0.0017647750064497814
P04_generic_film_scalar_Pcyc,2,L_shape_test_0007,L-shape,0.991303533741873,27.03745459745064,0.32953652442721804,0.003914680797606707,0.0017469029990024865
P04_generic_film_scalar_Pcyc,2,L_shape_test_0008,L-shape,0.9973543137335875,30.485913728453298,0.5070926924156963,0.0019333004020154476,0.0020468540024012327
P04_generic_film_scalar_Pcyc,2,L_shape_test_0009,L-shape,1.0116560690256624,26.352911024889888,0.2768286030506244,0.004030498210340738,0.001765203007380478
P04_generic_film_scalar_Pcyc,2,L_shape_test_0010,L-shape,1.0139397567224677,30.54233056385027,0.5105341176942727,0.0020412681624293327,0.001749343005940318
P04_generic_film_scalar_Pcyc,2,L_shape_test_0011,L-shape,1.0254085787067393,33.27087436125061,0.6569650032329724,0.0012381800916045904,0.0017846109985839576
P04_generic_film_scalar_Pcyc,2,L_shape_test_0012,L-shape,0.9882817152648181,26.809531509330256,0.3090713813052256,0.00350455055013299,0.0018167550006182864
P04_generic_film_scalar_Pcyc,2,L_shape_test_0013,L-shape,0.9981394826117376,27.27028103032239,0.3279998866043171,0.003478532424196601,0.0017577130056452006
P04_generic_film_scalar_Pcyc,2,L_shape_test_0014,L-shape,1.0166983125207094,32.120876951491034,0.5974545979314174,0.0017198793357238173,0.001970398996490985
P04_generic_film_scalar_Pcyc,2,L_shape_test_0015,L-shape,0.989322520195788,25.912244555997002,0.26247293667077004,0.003967446740716696,0.001822755002649501
P04_generic_film_scalar_Pcyc,2,L_shape_test_0016,L-shape,0.9988223743253034,27.41587121059127,0.3323339586636704,0.003207447240129113,0.0017586969916010275
P04_generic_film_scalar_Pcyc,2,L_shape_test_0017,L-shape,0.9998932308474725,26.300585415659967,0.28878506297243184,0.004386996850371361,0.0019515250023687258
P04_generic_film_scalar_Pcyc,2,L_shape_test_0018,L-shape,0.994540920265544,26.223426971090703,0.27119000212991995,0.003917768597602844,0.001898610993521288
P04_generic_film_scalar_Pcyc,2,L_shape_test_0019,L-shape,1.0519936139007402,33.109877193654754,0.6470010694007641,0.0016148487338796258,0.001770135000697337
P04_generic_film_scalar_Pcyc,2,double_line_test_0000,double-line,0.975325609146604,26.34107043890719,0.29059914064095244,0.0035479646176099777,0.00179240400029812
P04_generic_film_scalar_Pcyc,2,double_line_test_0001,double-line,1.005439574593913,26.613550755218633,0.32630185087700564,0.004670783411711454,0.0019139059877488762
P04_generic_film_scalar_Pcyc,2,double_line_test_0002,double-line,1.0311359489259744,31.112671963144155,0.5373429593263072,0.0015246471157297492,0.0017728609964251518
P04_generic_film_scalar_Pcyc,2,double_line_test_0003,double-line,1.001388721832457,25.6212613582103,0.2332137522447967,0.00412186561152339,0.0017588250047992915
P04_generic_film_scalar_Pcyc,2,double_line_test_0004,double-line,0.9540186941543931,26.099554525292756,0.29836506598033297,0.004550196696072817,0.0017876749916467816
P04_generic_film_scalar_Pcyc,2,double_line_test_0005,double-line,1.0044903135374743,25.974840542668545,0.25386481370516323,0.003652221290394664,0.001763831009157002
P04_generic_film_scalar_Pcyc,2,double_line_test_0006,double-line,0.9969616801261164,25.315991365254348,0.27401758572909535,0.005769137758761644,0.0017558160034241155
P04_generic_film_scalar_Pcyc,2,double_line_test_0007,double-line,1.0310186026376487,31.809741640366383,0.5771635451555251,0.0017999657429754734,0.0017650029913056642
P04_generic_film_scalar_Pcyc,2,double_line_test_0008,double-line,1.0236050487625954,28.266169895284257,0.3759621032278143,0.0029580374248325825,0.0019159560033585876
P04_generic_film_scalar_Pcyc,2,double_line_test_0009,double-line,0.9986903451253119,27.97574354021164,0.3596963083144391,0.0028277384117245674,0.0017651879898039624
P04_generic_film_scalar_Pcyc,2,double_line_test_0010,double-line,0.9922319442726231,26.37441152153977,0.2815168714803679,0.0036892916541546583,0.0018872840009862557
P04_generic_film_scalar_Pcyc,2,double_line_test_0011,double-line,0.9983788076107416,27.98924470709394,0.35901261043690175,0.0026705805212259293,0.0017608699999982491
P04_generic_film_scalar_Pcyc,2,double_line_test_0012,double-line,1.0079155288163235,30.61453378625524,0.5094258573962729,0.001814038958400488,0.001770926988683641
P04_generic_film_scalar_Pcyc,2,double_line_test_0013,double-line,0.9973208284909949,25.024050127167634,0.20845225240778933,0.004541441332548857,0.0017659779987297952
P04_generic_film_scalar_Pcyc,2,double_line_test_0014,double-line,0.9942947209101787,25.8028165268475,0.2772471417755755,0.005368259735405445,0.0023667870118515566
P04_generic_film_scalar_Pcyc,2,small_rect_edge_test_0000,small_rect_edge,0.9945055647051445,29.912796089496588,0.4781902072565614,0.0019305209862068295,0.001783968007657677
P04_generic_film_scalar_Pcyc,2,small_rect_edge_test_0001,small_rect_edge,1.0196255938291845,30.71276209557935,0.5171142451393598,0.001952776568941772,0.0017552530043758452
P04_generic_film_scalar_Pcyc,2,small_rect_edge_test_0002,small_rect_edge,1.013232605402269,27.66474741637225,0.3429472572275294,0.002659138757735491,0.0017693800036795437
P04_generic_film_scalar_Pcyc,2,small_rect_edge_test_0003,small_rect_edge,1.016145917123164,30.439617812427976,0.49964783665760093,0.0019528493285179138,0.0018137909937649965
P04_generic_film_scalar_Pcyc,2,small_rect_edge_test_0004,small_rect_edge,1.038054705092514,28.98915464912863,0.4309597204749301,0.0032514051999896765,0.0017600940045667812
P04_generic_film_scalar_Pcyc,2,small_rect_edge_test_0005,small_rect_edge,1.030715515961629,29.33032959434715,0.4532093185247924,0.0026002179365605116,0.001767607987858355
P04_generic_film_scalar_Pcyc,2,small_rect_edge_test_0006,small_rect_edge,1.0040803494113695,29.94748691693534,0.47372923973324826,0.002041644649580121,0.0018364309944445267
P04_generic_film_scalar_Pcyc,2,small_rect_edge_test_0007,small_rect_edge,1.0239699704249192,28.97480888089806,0.41447797562801947,0.0020851697772741318,0.0017868119903141633
P04_generic_film_scalar_Pcyc,2,small_rect_edge_test_0008,small_rect_edge,1.0500154612414498,28.210219891012667,0.38070620281205503,0.0034420026931911707,0.0017566019960213453
P04_generic_film_scalar_Pcyc,2,small_rect_edge_test_0009,small_rect_edge,1.0170342592973245,30.82245706607916,0.5229191877813019,0.0018542096950113773,0.002088524997816421
P04_generic_film_scalar_Pcyc,2,point_cluster_test_0000,point_cluster,1.0428987259086537,32.7359031304896,0.6767538993117804,0.0014991583302617073,0.0017513139900984243
P04_generic_film_scalar_Pcyc,2,point_cluster_test_0001,point_cluster,0.9916925212112983,31.70739773325815,0.5827377433282036,0.0020834775641560555,0.0018244569946546108
P04_generic_film_scalar_Pcyc,2,point_cluster_test_0002,point_cluster,1.12413561241699,35.097451489348586,0.7403119606650743,0.001436474733054638,0.0018214779993286356
P04_generic_film_scalar_Pcyc,2,point_cluster_test_0003,point_cluster,1.1025895056927504,35.43995238179165,0.7560041108271264,0.001254468341358006,0.0019002589979209006
P04_generic_film_scalar_Pcyc,2,point_cluster_test_0004,point_cluster,1.0058177048381651,31.393196608747793,0.5634308937666845,0.00219173077493906,0.0017894030024763197
P04_generic_film_scalar_Pcyc,2,point_cluster_test_0005,point_cluster,1.0391631527805252,31.19911382531226,0.5451761572274925,0.0022026412189006805,0.0017590399947948754
P04_generic_film_scalar_Pcyc,2,point_cluster_test_0006,point_cluster,1.1160806683463422,34.591024955357874,0.7490129311899891,0.0012361204717308283,0.0018559080053819343
P04_generic_film_scalar_Pcyc,2,point_cluster_test_0007,point_cluster,1.1485575940358577,35.006585203395296,0.7636719367962103,0.0014498577220365405,0.0017689980013528839
P04_generic_film_scalar_Pcyc,2,point_cluster_test_0008,point_cluster,1.0725166565403568,34.44600092189522,0.7130284689996892,0.0014978059334680438,0.002050469003734179
P04_generic_film_scalar_Pcyc,2,point_cluster_test_0009,point_cluster,1.1443011623384185,35.49401213857507,0.8018650378339682,0.0011581979924812913,0.0018245609971927479
P04_generic_film_scalar_Pcyc,2,point_cluster_test_0010,point_cluster,0.9966632634096699,31.297166797445456,0.5550752726568072,0.0019646056462079287,0.0017644149920670316
P04_generic_film_scalar_Pcyc,2,point_cluster_test_0011,point_cluster,1.172500827451932,34.21591694506431,0.6974155552950094,0.00177287170663476,0.0017895470082294196
P04_generic_film_scalar_Pcyc,2,point_cluster_test_0012,point_cluster,1.1734921818613568,32.95994428835856,0.6416490917524207,0.0020935521461069584,0.001760714003467001
P04_generic_film_scalar_Pcyc,2,point_cluster_test_0013,point_cluster,1.1310068663477215,31.825964191662408,0.5734639871858856,0.002753028878942132,0.0017454199987696484
P04_generic_film_scalar_Pcyc,2,point_cluster_test_0014,point_cluster,1.0842575836995112,33.910429316018345,0.687199161343647,0.0013723885640501976,0.001812206013710238
P04_generic_film_scalar_Pcyc,2,point_cluster_test_0015,point_cluster,1.1717943081715336,33.70727100895311,0.6749742310507212,0.0016259453259408474,0.0021517729910556227
P04_generic_film_scalar_Pcyc,2,point_cluster_test_0016,point_cluster,1.0295521266853718,31.752213493715914,0.6059191473926167,0.0018411879427731037,0.0017786759999580681
P04_generic_film_scalar_Pcyc,2,point_cluster_test_0017,point_cluster,1.271699923810791,35.102862104697195,0.823347182866366,0.0013526087859645486,0.0017573000077391043
P04_generic_film_scalar_Pcyc,2,point_cluster_test_0018,point_cluster,1.2769545528211674,34.673889445952966,0.7395527076476961,0.0016620381502434611,0.0017549449985381216
P04_generic_film_scalar_Pcyc,2,point_cluster_test_0019,point_cluster,1.051202984708985,34.67701063827995,0.7244079295056779,0.0011235778219997883,0.0018487370107322931
P05_generic_film_sincos_Pcyc,0,line_test_0000,line,1.0107658396796437,30.794508163747803,0.5214630155019336,0.001858332077972591,0.002017578008235432
P05_generic_film_sincos_Pcyc,0,line_test_0001,line,0.9976424450367528,25.92047521874267,0.26286904712755177,0.004432219546288252,0.0017710959946271032
P05_generic_film_sincos_Pcyc,0,line_test_0002,line,1.0008511989096494,30.198605141705954,0.492684174854178,0.002432488137856126,0.0018322429968975484
P05_generic_film_sincos_Pcyc,0,line_test_0003,line,1.1022217393018605,33.48842552921198,0.662499768259846,0.002075027208775282,0.0017523800052003935
P05_generic_film_sincos_Pcyc,0,line_test_0004,line,1.0549843809236092,36.40594620835983,0.7961349542803404,0.0009945434285327792,0.0017680689925327897
P05_generic_film_sincos_Pcyc,0,line_test_0005,line,1.0253882380975732,32.308127433714866,0.6052010104578129,0.0015448324847966433,0.0017608869966352358
P05_generic_film_sincos_Pcyc,0,line_test_0006,line,1.0581544983080764,31.353550576349427,0.5502426697421567,0.0020742034539580345,0.001974751998204738
P05_generic_film_sincos_Pcyc,0,line_test_0007,line,1.0182525402012979,29.71034745078172,0.46597279022736926,0.0020422942470759153,0.00186398699588608
P05_generic_film_sincos_Pcyc,0,line_test_0008,line,0.9984164612134974,25.827628719711836,0.2529037202518835,0.0038486586418002844,0.0017760120099410415
P05_generic_film_sincos_Pcyc,0,line_test_0009,line,1.002454095058973,30.196174745023097,0.48998817868169414,0.0021058078855276108,0.0018043559975922108
P05_generic_film_sincos_Pcyc,0,line_test_0010,line,1.0305954265103663,32.28879332245992,0.6047620528665212,0.0017258437583222985,0.001764892993378453
P05_generic_film_sincos_Pcyc,0,line_test_0011,line,1.0070021374340272,27.7165855045387,0.34717209749852285,0.002878627274185419,0.0017732699925545603
P05_generic_film_sincos_Pcyc,0,line_test_0012,line,1.0097655180584435,29.639714296183154,0.457916428755625,0.0024018522817641497,0.0017596960096852854
P05_generic_film_sincos_Pcyc,0,line_test_0013,line,1.0065651643369156,26.985316603045085,0.3272322917372468,0.0031895339488983154,0.001751413001329638
P05_generic_film_sincos_Pcyc,0,line_test_0014,line,1.03529881423325,34.67930360670417,0.7252460202702472,0.0011440031230449677,0.0017663719918346033
P05_generic_film_sincos_Pcyc,0,line_test_0015,line,1.0740150750579787,35.07899186439983,0.741060834859067,0.0013694395311176777,0.0017550519987707958
P05_generic_film_sincos_Pcyc,0,line_test_0016,line,1.0000750753284204,28.20268452381477,0.3805956798871999,0.0031641514506191015,0.0017568509938428178
P05_generic_film_sincos_Pcyc,0,line_test_0017,line,1.0303214563184577,31.96527534266542,0.5865308534756867,0.0015168719692155719,0.0017851089942269027
P05_generic_film_sincos_Pcyc,0,line_test_0018,line,1.014548582925368,29.30587493136702,0.435462543014763,0.002531276550143957,0.0017591720097698271
P05_generic_film_sincos_Pcyc,0,line_test_0019,line,1.0122016021012799,29.248418300832686,0.436621554932393,0.002164471661671996,0.001876851005363278
P05_generic_film_sincos_Pcyc,0,cross_test_0000,cross,1.0424461342619233,31.99982838076974,0.586870213949871,0.002039066981524229,0.0017872839962365106
P05_generic_film_sincos_Pcyc,0,cross_test_0001,cross,1.003427562854595,26.485814036547662,0.2798258706770503,0.003670979756861925,0.0017728560051182285
P05_generic_film_sincos_Pcyc,0,cross_test_0002,cross,1.0211195645795115,30.274222388784352,0.489921783285983,0.0020032781176269054,0.001778881996870041
P05_generic_film_sincos_Pcyc,0,cross_test_0003,cross,0.9893727267185085,27.679301614611347,0.35653429556602423,0.0033357481006532907,0.0017791650025174022
P05_generic_film_sincos_Pcyc,0,cross_test_0004,cross,1.0017689482480487,27.858013672998105,0.3606678065924244,0.0033178904559463263,0.0017823319940362126
P05_generic_film_sincos_Pcyc,0,cross_test_0005,cross,1.0276929260920524,31.046078216158328,0.5344499394825047,0.0023735705763101578,0.002106388012180105
P05_generic_film_sincos_Pcyc,0,cross_test_0006,cross,1.0069987219840693,28.689953214236045,0.3981806354688678,0.0023289406672120094,0.001864460005890578
P05_generic_film_sincos_Pcyc,0,cross_test_0007,cross,1.0506458789157982,33.71676081381577,0.6781277475270773,0.0014284865465015173,0.001790023990906775
P05_generic_film_sincos_Pcyc,0,cross_test_0008,cross,0.9898878925935486,28.010174014917396,0.377081844958723,0.00351063278503716,0.001794095995137468
P05_generic_film_sincos_Pcyc,0,cross_test_0009,cross,1.0386565188500165,32.71488003956424,0.626412746192069,0.0015260070795193315,0.0018164549983339384
P05_generic_film_sincos_Pcyc,0,cross_test_0010,cross,1.042038443694693,31.868679343762665,0.5797071896688443,0.002015670295804739,0.0017880899977171794
P05_generic_film_sincos_Pcyc,0,cross_test_0011,cross,1.0163769370965037,27.243611096395348,0.3339189801737472,0.004335140343755484,0.0017470140010118484
P05_generic_film_sincos_Pcyc,0,cross_test_0012,cross,1.0254156007639388,31.557603681863387,0.5643509000901318,0.001853586989454925,0.001852729998063296
P05_generic_film_sincos_Pcyc,0,cross_test_0013,cross,1.0244796828241265,31.557207115794142,0.5646755667042769,0.002230803482234478,0.0017740460025379434
P05_generic_film_sincos_Pcyc,0,cross_test_0014,cross,1.0036738704329882,27.687598096021908,0.34639960871136893,0.0028624350670725107,0.0017704850033624098
P05_generic_film_sincos_Pcyc,0,L_shape_test_0000,L-shape,1.0003424408580563,26.170687137718485,0.2780706606696216,0.00446899700909853,0.0018077459972118959
P05_generic_film_sincos_Pcyc,0,L_shape_test_0001,L-shape,1.0063998533087908,27.63574786348397,0.3412755098718485,0.002894664416089654,0.0017626190092414618
P05_generic_film_sincos_Pcyc,0,L_shape_test_0002,L-shape,1.0111059995679552,27.2329537889755,0.3268753294502358,0.003945693839341402,0.0017696230061119422
P05_generic_film_sincos_Pcyc,0,L_shape_test_0003,L-shape,1.0025854831308292,27.477084727959404,0.3362981397712707,0.0034513757564127445,0.00188242900185287
P05_generic_film_sincos_Pcyc,0,L_shape_test_0004,L-shape,0.9976273431004894,25.79070160563913,0.2532269279526267,0.004481237381696701,0.0018832880014088005
P05_generic_film_sincos_Pcyc,0,L_shape_test_0005,L-shape,1.0031386079122737,27.126109900780094,0.31922635604177396,0.00351646076887846,0.0017801840003812686
P05_generic_film_sincos_Pcyc,0,L_shape_test_0006,L-shape,1.0134474620718583,31.103068123004768,0.5387526607818165,0.0017924646381288767,0.001771865994669497
P05_generic_film_sincos_Pcyc,0,L_shape_test_0007,L-shape,1.0021245582882752,26.990304053537784,0.3121358508709019,0.0037896698340773582,0.001746569003444165
P05_generic_film_sincos_Pcyc,0,L_shape_test_0008,L-shape,1.0044466181892697,30.45513986527254,0.5040572724380529,0.00211989670060575,0.001780812002834864
P05_generic_film_sincos_Pcyc,0,L_shape_test_0009,L-shape,1.0075080444409275,26.370754794404533,0.27780026533556046,0.004144282080233097,0.0017537009989609942
P05_generic_film_sincos_Pcyc,0,L_shape_test_0010,L-shape,1.0212069498829348,30.511314447024674,0.5039756012822345,0.002008242765441537,0.002100708006764762
P05_generic_film_sincos_Pcyc,0,L_shape_test_0011,L-shape,1.0317055333909284,33.24428607922668,0.6548160226448175,0.001390640391036868,0.0018224300001747906
P05_generic_film_sincos_Pcyc,0,L_shape_test_0012,L-shape,0.9994880522969901,26.760562988797787,0.29863544614622434,0.0034945893567055464,0.0017566250025993213
P05_generic_film_sincos_Pcyc,0,L_shape_test_0013,L-shape,1.0034029053276197,27.24743973854036,0.3214006830739825,0.003421958303079009,0.0017689359956420958
P05_generic_film_sincos_Pcyc,0,L_shape_test_0014,L-shape,1.0239483601837998,32.09001714200734,0.5937584672016708,0.0017973416252061725,0.0018289900035597384
P05_generic_film_sincos_Pcyc,0,L_shape_test_0015,L-shape,0.9962278563901108,25.88203673886565,0.25742083237396385,0.004069394897669554,0.0017706479993648827
P05_generic_film_sincos_Pcyc,0,L_shape_test_0016,L-shape,1.0029488908328514,27.397965953492943,0.32985115298807466,0.003312014974653721,0.001986521005164832
P05_generic_film_sincos_Pcyc,0,L_shape_test_0017,L-shape,1.005556116018367,26.276058372744494,0.2738927175464594,0.004145041108131409,0.0018334630003664643
P05_generic_film_sincos_Pcyc,0,L_shape_test_0018,L-shape,1.0002473034434805,26.198579662311747,0.2687534480930931,0.004096777178347111,0.0018260400102008134
P05_generic_film_sincos_Pcyc,0,L_shape_test_0019,L-shape,1.0604860861007872,33.074958709184145,0.6433982425262533,0.0017857089405879378,0.0017616389959584922
P05_generic_film_sincos_Pcyc,0,double_line_test_0000,double-line,1.003687354951259,26.216581967287205,0.26797314078158396,0.0036338837817311287,0.0017788409895729274
P05_generic_film_sincos_Pcyc,0,double_line_test_0001,double-line,1.0037834932528154,26.620710132088266,0.29981850109037406,0.004380680155009031,0.0018029089987976477
P05_generic_film_sincos_Pcyc,0,double_line_test_0002,double-line,1.0186806870465581,31.165450422844444,0.5415493752767956,0.0017075740033760667,0.0017658669967204332
P05_generic_film_sincos_Pcyc,0,double_line_test_0003,double-line,1.0035471185937328,25.611910797018762,0.23492629356038142,0.004384676925837994,0.001851011998951435
P05_generic_film_sincos_Pcyc,0,double_line_test_0004,double-line,0.9774739986024791,25.99407123369668,0.2734937643432756,0.004516014829277992,0.001768463000189513
P05_generic_film_sincos_Pcyc,0,double_line_test_0005,double-line,1.0035910001073796,25.978730508557604,0.25572410846908006,0.0038703123573213816,0.0018330960010644048
P05_generic_film_sincos_Pcyc,0,double_line_test_0006,double-line,1.0019507025101242,25.29431262734891,0.24222169456148243,0.005312824156135321,0.001773084994056262
P05_generic_film_sincos_Pcyc,0,double_line_test_0007,double-line,1.0354491533798245,31.791118979577952,0.575098407941353,0.00200529582798481,0.0017664269980741665
P05_generic_film_sincos_Pcyc,0,double_line_test_0008,double-line,1.0108254902957867,28.32073221326423,0.38236343964305536,0.0030558875296264887,0.0017393490124959499
P05_generic_film_sincos_Pcyc,0,double_line_test_0009,double-line,1.0018880540765625,27.961860152087517,0.36018487131741866,0.0030683765653520823,0.002128902997355908
P05_generic_film_sincos_Pcyc,0,double_line_test_0010,double-line,1.00041621798175,26.33873621997372,0.27619691159938453,0.003791059833019972,0.0017720989999361336
P05_generic_film_sincos_Pcyc,0,double_line_test_0011,double-line,1.0032063178211148,27.9682954362278,0.3581791474752829,0.0028725052252411842,0.0018207899993285537
P05_generic_film_sincos_Pcyc,0,double_line_test_0012,double-line,1.0152474337690995,30.58305625285562,0.507470358172973,0.0020081738475710154,0.0018160640029236674
P05_generic_film_sincos_Pcyc,0,double_line_test_0013,double-line,0.9987951385485425,25.017634760654367,0.2109015760031637,0.004824705887585878,0.0017730770050548017
P05_generic_film_sincos_Pcyc,0,double_line_test_0014,double-line,1.0013697972390843,25.772022995052165,0.2579660508816837,0.004924001172184944,0.0017477540095569566
P05_generic_film_sincos_Pcyc,0,small_rect_edge_test_0000,small_rect_edge,1.0056270403492533,29.86449878223077,0.4699363468517368,0.0019977749325335026,0.0017721679905662313
P05_generic_film_sincos_Pcyc,0,small_rect_edge_test_0001,small_rect_edge,1.0229392264459785,30.698670852587192,0.514170258630958,0.0020162120927125216,0.0022763549932278693
P05_generic_film_sincos_Pcyc,0,small_rect_edge_test_0002,small_rect_edge,1.0089923676700243,27.682960030427076,0.34456736001551197,0.002803320996463299,0.0017737449961714447
P05_generic_film_sincos_Pcyc,0,small_rect_edge_test_0003,small_rect_edge,1.0198373144740203,30.423869533715497,0.498617606706992,0.002156320959329605,0.001760429993737489
P05_generic_film_sincos_Pcyc,0,small_rect_edge_test_0004,small_rect_edge,1.0248121084895476,29.04491473076625,0.4261288030759739,0.003119677770882845,0.001837588002672419
P05_generic_film_sincos_Pcyc,0,small_rect_edge_test_0005,small_rect_edge,1.019011770722484,29.379925945055405,0.45110001379412695,0.002441063756123185,0.001753410993842408
P05_generic_film_sincos_Pcyc,0,small_rect_edge_test_0006,small_rect_edge,1.0070163833319985,29.934806434839935,0.47312339593148656,0.0022316784597933292,0.0018182519997935742
P05_generic_film_sincos_Pcyc,0,small_rect_edge_test_0007,small_rect_edge,1.014393876083872,29.01561494138147,0.41734543453835726,0.002222976414486766,0.0021920599974691868
P05_generic_film_sincos_Pcyc,0,small_rect_edge_test_0008,small_rect_edge,1.0346052615040855,28.27442997695279,0.37848533061262796,0.003282386576756835,0.0017746160010574386
P05_generic_film_sincos_Pcyc,0,small_rect_edge_test_0009,small_rect_edge,1.0143258783752747,30.834037778240187,0.5237056067392778,0.0019730611238628626,0.0017723630007822067
P05_generic_film_sincos_Pcyc,0,point_cluster_test_0000,point_cluster,1.0444178954706014,32.729581399018166,0.6753417951545884,0.001622535870410502,0.001803531005862169
P05_generic_film_sincos_Pcyc,0,point_cluster_test_0001,point_cluster,1.0204996265753903,31.583039872761876,0.5685644709235546,0.002130129374563694,0.0017515660001663491
P05_generic_film_sincos_Pcyc,0,point_cluster_test_0002,point_cluster,1.0941530381095113,35.21485798210162,0.7449259186470049,0.0015403968282043934,0.0017948159947991371
P05_generic_film_sincos_Pcyc,0,point_cluster_test_0003,point_cluster,1.112608787773296,35.40066611794996,0.7522533491129891,0.0014582246076315641,0.0017527029995108023
P05_generic_film_sincos_Pcyc,0,point_cluster_test_0004,point_cluster,1.0177758740542484,31.341867889357104,0.5560032398196809,0.002253813436254859,0.0018447829934302717
P05_generic_film_sincos_Pcyc,0,point_cluster_test_0005,point_cluster,1.040740385898093,31.192527236175593,0.541965930565853,0.0022990149445831776,0.0017747640085872263
P05_generic_film_sincos_Pcyc,0,point_cluster_test_0006,point_cluster,1.0941272666240678,34.677302495553604,0.7511742510585719,0.0014173435047268867,0.001762170999427326
P05_generic_film_sincos_Pcyc,0,point_cluster_test_0007,point_cluster,1.1200667990113469,35.11567391744347,0.7673459008370958,0.0014972257195040584,0.0018112170073436573
P05_generic_film_sincos_Pcyc,0,point_cluster_test_0008,point_cluster,1.0789927813073699,34.419856026386,0.7101884808523248,0.0016372755635529757,0.0017734499997459352
P05_generic_film_sincos_Pcyc,0,point_cluster_test_0009,point_cluster,1.0691284929119171,35.78911654924732,0.8127777360924285,0.001215544412843883,0.0017517910018796101
P05_generic_film_sincos_Pcyc,0,point_cluster_test_0010,point_cluster,1.0242231560193782,31.17870541179098,0.5431888751625803,0.0022247564047574997,0.001963217990123667
P05_generic_film_sincos_Pcyc,0,point_cluster_test_0011,point_cluster,1.1680240441589935,34.23253075654917,0.696076958093065,0.0019241111585870385,0.001839213990024291
P05_generic_film_sincos_Pcyc,0,point_cluster_test_0012,point_cluster,1.0671076588778907,33.372664219585616,0.6606856624389598,0.0018055267864838243,0.0017655689880484715
P05_generic_film_sincos_Pcyc,0,point_cluster_test_0013,point_cluster,1.0915008926868637,31.980375581864642,0.5806643998300357,0.0026596274692565203,0.0017692440014798194
P05_generic_film_sincos_Pcyc,0,point_cluster_test_0014,point_cluster,1.0756151219014525,33.945184915821656,0.6876457064634326,0.0014689421514049172,0.0017974189977394417
P05_generic_film_sincos_Pcyc,0,point_cluster_test_0015,point_cluster,1.128267440681583,33.87166411665452,0.6821918801061515,0.0016981682274490595,0.0017719310126267374
P05_generic_film_sincos_Pcyc,0,point_cluster_test_0016,point_cluster,1.0267827367168536,31.76391139090581,0.6062864357581087,0.002122212667018175,0.0017590729985386133
P05_generic_film_sincos_Pcyc,0,point_cluster_test_0017,point_cluster,1.1691003515164968,35.468190687684796,0.8340670992392335,0.0013451137347146869,0.001822745005483739
P05_generic_film_sincos_Pcyc,0,point_cluster_test_0018,point_cluster,1.1533090250985392,35.11618720874766,0.7594152887748049,0.001653502113185823,0.001767162000760436
P05_generic_film_sincos_Pcyc,0,point_cluster_test_0019,point_cluster,1.055117701220153,34.66086760642483,0.7226039468860752,0.0013010816182941198,0.0017741269984981045
P05_generic_film_sincos_Pcyc,1,line_test_0000,line,0.9939507773169478,30.86736496885375,0.5205685926605007,0.0010797491995617747,0.001958367007318884
P05_generic_film_sincos_Pcyc,1,line_test_0001,line,0.9886814525670098,25.95966045591333,0.25172545996215356,0.0032082805410027504,0.001819220997276716
P05_generic_film_sincos_Pcyc,1,line_test_0002,line,0.9849665132696155,30.268085503858757,0.489085638352055,0.0013169223675504327,0.0020970949990442023
P05_generic_film_sincos_Pcyc,1,line_test_0003,line,0.9902715449713161,33.95357222139885,0.6931598080255492,0.0007043606601655483,0.0018224140076199546
P05_generic_film_sincos_Pcyc,1,line_test_0004,line,0.9966372678460038,36.65303529671889,0.806180955289914,0.00028729529003612697,0.001776884004357271
P05_generic_film_sincos_Pcyc,1,line_test_0005,line,0.9904652839375354,32.45861813263127,0.6127418422976233,0.0006921057938598096,0.001777180004864931
P05_generic_film_sincos_Pcyc,1,line_test_0006,line,0.9839008599632495,31.669527884725312,0.5712244734832671,0.0009018931305035949,0.0017853449971880764
P05_generic_film_sincos_Pcyc,1,line_test_0007,line,0.991785415057599,29.824725282055287,0.47086072366346826,0.001195597811602056,0.0017713929992169142
P05_generic_film_sincos_Pcyc,1,line_test_0008,line,0.9909940052799813,25.860035673315235,0.24525114703210096,0.002903574611991644,0.0018377070082351565
P05_generic_film_sincos_Pcyc,1,line_test_0009,line,0.9864075156560952,30.266256099686494,0.4885434621795144,0.0011761428322643042,0.0018531660025473684
P05_generic_film_sincos_Pcyc,1,line_test_0010,line,0.9964174548995236,32.43526192122896,0.6106613532239338,0.0007868758984841406,0.0018012059881584719
P05_generic_film_sincos_Pcyc,1,line_test_0011,line,0.9987026417423215,27.75252736336462,0.34297735937849183,0.0020276170689612627,0.0018020909919869155
P05_generic_film_sincos_Pcyc,1,line_test_0012,line,0.9840574053174361,29.751715392466032,0.4594997597594334,0.0013157068751752377,0.0017778199980966747
P05_generic_film_sincos_Pcyc,1,line_test_0013,line,0.9852735585914244,27.078167016318467,0.3280376611654132,0.00221417099237442,0.001777433993993327
P05_generic_film_sincos_Pcyc,1,line_test_0014,line,0.9925386777802714,34.862486728274334,0.7336630007156218,0.0004144313570577651,0.0017859520012279972
P05_generic_film_sincos_Pcyc,1,line_test_0015,line,0.9910304351872078,35.42822570259849,0.7592639213130684,0.0004399536410346627,0.0021624729997711256
P05_generic_film_sincos_Pcyc,1,line_test_0016,line,0.9861820345924385,28.263439455433364,0.37342188260501086,0.0019422349287196994,0.001781322993338108
P05_generic_film_sincos_Pcyc,1,line_test_0017,line,1.0448548482411681,31.904443074783934,0.5813069815782278,0.0008251085528172553,0.0017788959958124906
P05_generic_film_sincos_Pcyc,1,line_test_0018,line,0.9929945611480095,29.39913458987546,0.43474078157061463,0.0014915834181010723,0.001838936994317919
P05_generic_film_sincos_Pcyc,1,line_test_0019,line,0.9883378868937521,29.35203427506354,0.44015681976281834,0.0012919810833409429,0.0017854830075521022
P05_generic_film_sincos_Pcyc,1,cross_test_0000,cross,0.9862659991330018,32.240423908912426,0.6022721496118797,0.0009650972788222134,0.0017665179912000895
P05_generic_film_sincos_Pcyc,1,cross_test_0001,cross,0.9886435398120236,26.550276618488923,0.2771998060022477,0.0028191034216433764,0.0017896460049087182
P05_generic_film_sincos_Pcyc,1,cross_test_0002,cross,0.9979107942222691,30.374070966384977,0.4933926581740989,0.0011412175372242928,0.0018433689983794466
P05_generic_film_sincos_Pcyc,1,cross_test_0003,cross,0.98977888340427,27.677518876047014,0.33962884800453197,0.0022741241846233606,0.001767438996466808
P05_generic_film_sincos_Pcyc,1,cross_test_0004,cross,0.9858250339854041,27.927690813479117,0.3534262117927361,0.002180054085329175,0.0017750980041455477
P05_generic_film_sincos_Pcyc,1,cross_test_0005,cross,0.9889339249551844,31.213038962478844,0.5433490957818209,0.0011192375095561147,0.0017628770001465455
P05_generic_film_sincos_Pcyc,1,cross_test_0006,cross,0.9905121424866428,28.761644395043696,0.39824579077521,0.0016120938817039132,0.001801741003873758
P05_generic_film_sincos_Pcyc,1,cross_test_0007,cross,0.9905761761015567,33.97244575347831,0.691804390968951,0.0005771835567429662,0.0017651679954724386
P05_generic_film_sincos_Pcyc,1,cross_test_0008,cross,0.9841072626747919,28.035609722564562,0.3631305128087044,0.0022732065990567207,0.0021058870042907074
P05_generic_film_sincos_Pcyc,1,cross_test_0009,cross,0.9930431574065577,32.90991848293997,0.6374985765445171,0.000640474958345294,0.001768799003912136
P05_generic_film_sincos_Pcyc,1,cross_test_0010,cross,0.9852135553867087,32.11221266392643,0.5947206440650953,0.000882466440089047,0.0017849659925559536
P05_generic_film_sincos_Pcyc,1,cross_test_0011,cross,0.982966581913602,27.388771560434513,0.33159753856137547,0.0026928239967674017,0.001768903006450273
P05_generic_film_sincos_Pcyc,1,cross_test_0012,cross,0.9924164302643464,31.699663524020885,0.5704337841678985,0.0009285832638852298,0.0018334679916733876
P05_generic_film_sincos_Pcyc,1,cross_test_0013,cross,0.9794681212317825,31.75233740738713,0.5765461999128267,0.0010659029940143228,0.0017443140095565468
P05_generic_film_sincos_Pcyc,1,cross_test_0014,cross,0.9908595163919915,27.743403239567108,0.3425059115320229,0.0019209834281355143,0.001860121003119275
P05_generic_film_sincos_Pcyc,1,L_shape_test_0000,L-shape,0.988220423099595,26.223635912497016,0.2672200234770239,0.003037411253899336,0.0018425809976179153
P05_generic_film_sincos_Pcyc,1,L_shape_test_0001,L-shape,0.9921907578119395,27.69750170405468,0.3384395354965012,0.0019683956634253263,0.001773544994648546
P05_generic_film_sincos_Pcyc,1,L_shape_test_0002,L-shape,0.9832925327928554,27.3540932797862,0.32498302162809417,0.0024460183922201395,0.0017697719886200503
P05_generic_film_sincos_Pcyc,1,L_shape_test_0003,L-shape,0.9891896890192592,27.535503072492148,0.32982935672850533,0.00232940586283803,0.0018337119981879368
P05_generic_film_sincos_Pcyc,1,L_shape_test_0004,L-shape,0.9896645611660192,25.825504827038447,0.2420179823918203,0.0032089129090309143,0.0017861149972304702
P05_generic_film_sincos_Pcyc,1,L_shape_test_0005,L-shape,0.9899444718267598,27.183611221939902,0.31358139915847927,0.0023713333066552877,0.001769940005033277
P05_generic_film_sincos_Pcyc,1,L_shape_test_0006,L-shape,0.993502993612499,31.189388605504842,0.5399582577932792,0.0009731861646287143,0.002422090998152271
P05_generic_film_sincos_Pcyc,1,L_shape_test_0007,L-shape,0.9894436550229193,27.045610898040955,0.3039528977661378,0.002617397578433156,0.0018433229997754097
P05_generic_film_sincos_Pcyc,1,L_shape_test_0008,L-shape,0.9904209874591117,30.51621021229577,0.5016590952731971,0.0010811713291332126,0.0017516790103400126
P05_generic_film_sincos_Pcyc,1,L_shape_test_0009,L-shape,0.9848230433942936,26.46965762167721,0.2762289408972123,0.002855555387213826,0.0017674660048214719
P05_generic_film_sincos_Pcyc,1,L_shape_test_0010,L-shape,0.9934612142283267,30.630943124986054,0.5084882702282245,0.001095911138691008,0.001773418000084348
P05_generic_film_sincos_Pcyc,1,L_shape_test_0011,L-shape,0.992547041252889,33.412332704373135,0.6631656121895965,0.0005833159084431827,0.0017652560054557398
P05_generic_film_sincos_Pcyc,1,L_shape_test_0012,L-shape,0.9919318036210918,26.793520783757664,0.2903495474030919,0.0025494727306067944,0.0017942940030479804
P05_generic_film_sincos_Pcyc,1,L_shape_test_0013,L-shape,0.9926649529838669,27.294166530981542,0.3148061169504941,0.002441449323669076,0.0018544140039011836
P05_generic_film_sincos_Pcyc,1,L_shape_test_0014,L-shape,0.9886330956959386,32.242446375450704,0.6009316915685201,0.0008410333539359272,0.0018471889925422147
P05_generic_film_sincos_Pcyc,1,L_shape_test_0015,L-shape,0.9886160420908578,25.915346841811413,0.24879647845649244,0.003046988043934107,0.0017725260113365948
P05_generic_film_sincos_Pcyc,1,L_shape_test_0016,L-shape,0.9916316595461205,27.447250025255173,0.3238550091817829,0.0023486141581088305,0.0017584080051165074
P05_generic_film_sincos_Pcyc,1,L_shape_test_0017,L-shape,0.9884798791942637,26.350443009008192,0.26936463916456255,0.002927798544988036,0.0017779869958758354
P05_generic_film_sincos_Pcyc,1,L_shape_test_0018,L-shape,0.988615874833601,26.24937770868283,0.26158390930272807,0.003020404139533639,0.001769262002198957
P05_generic_film_sincos_Pcyc,1,L_shape_test_0019,L-shape,0.9880825737462957,33.38207607493398,0.662690167144563,0.0006478817667812109,0.0018108929943991825
P05_generic_film_sincos_Pcyc,1,double_line_test_0000,double-line,0.9913309201430923,26.27038033445137,0.2641836062805907,0.0027637570165097713,0.0017804030067054555
P05_generic_film_sincos_Pcyc,1,double_line_test_0001,double-line,0.9891840129249835,26.68433935995744,0.2909466367409116,0.003058255184441805,0.0017699570016702637
P05_generic_film_sincos_Pcyc,1,double_line_test_0002,double-line,1.000665316121104,31.2429425293153,0.5422083054091706,0.001012881170026958,0.0017649239889578894
P05_generic_film_sincos_Pcyc,1,double_line_test_0003,double-line,0.9893485620215673,25.673795116951496,0.23169803400120456,0.0034836039412766695,0.0017894329939736053
P05_generic_film_sincos_Pcyc,1,double_line_test_0004,double-line,0.9844716527181568,25.963090920449154,0.25074704958007177,0.0034160916693508625,0.0017791209975257516
P05_generic_film_sincos_Pcyc,1,double_line_test_0005,double-line,1.0041018215457742,25.97652022813859,0.24531785476473073,0.00308603304438293,0.0018576360016595572
P05_generic_film_sincos_Pcyc,1,double_line_test_0006,double-line,0.9874757035852194,25.35751179424801,0.23001416496771968,0.003836575662717223,0.0017706749931676313
P05_generic_film_sincos_Pcyc,1,double_line_test_0007,double-line,0.9871093987708186,31.998754014534846,0.5877826702198131,0.0009151581325568259,0.0017799289926188067
P05_generic_film_sincos_Pcyc,1,double_line_test_0008,double-line,0.983400794872249,28.440188295153376,0.3845793812172837,0.0017931045731529593,0.0018369850004091859
P05_generic_film_sincos_Pcyc,1,double_line_test_0009,double-line,0.9864703867389303,28.029211444569874,0.3564676498567183,0.0020916780922561884,0.0017718200106173754
P05_generic_film_sincos_Pcyc,1,double_line_test_0010,double-line,0.9942362780250259,26.365647462560574,0.26756566491156347,0.0029022288508713245,0.0017848139978013933
P05_generic_film_sincos_Pcyc,1,double_line_test_0011,double-line,0.9913294514536138,28.020018144806297,0.3541311516964166,0.0020680977031588554,0.002093450995744206
P05_generic_film_sincos_Pcyc,1,double_line_test_0012,double-line,0.9866770991634269,30.707024557057338,0.5116344169864062,0.0011717999586835504,0.0017835059989010915
P05_generic_film_sincos_Pcyc,1,double_line_test_0013,double-line,0.9903281164675839,25.05460779368413,0.20369326848221744,0.003906727768480778,0.001825893996283412
P05_generic_film_sincos_Pcyc,1,double_line_test_0014,double-line,0.9914719344484475,25.815163624857643,0.24390760753862864,0.00344280619174242,0.0017771429993445054
P05_generic_film_sincos_Pcyc,1,small_rect_edge_test_0000,small_rect_edge,0.9972537573897028,29.90081128669317,0.4669677588242428,0.0012148862006142735,0.0017790159909054637
P05_generic_film_sincos_Pcyc,1,small_rect_edge_test_0001,small_rect_edge,0.9870738654611916,30.853672778462347,0.5225579597945136,0.0010734074749052525,0.0017820460052462295
P05_generic_film_sincos_Pcyc,1,small_rect_edge_test_0002,small_rect_edge,1.0046166650838868,27.701835147778382,0.3397229569564876,0.00197005202062428,0.00206814099510666
P05_generic_film_sincos_Pcyc,1,small_rect_edge_test_0003,small_rect_edge,0.9842010458376598,30.578340463176716,0.5067119847276796,0.0011157416738569736,0.0017868499999167398
P05_generic_film_sincos_Pcyc,1,small_rect_edge_test_0004,small_rect_edge,0.9831097087597311,29.225337319599642,0.4334504610832417,0.001761654857546091,0.0017697629955364391
P05_generic_film_sincos_Pcyc,1,small_rect_edge_test_0005,small_rect_edge,0.995682187440836,29.480510334366375,0.4535844811025296,0.0014312232378870249,0.001774144999217242
P05_generic_film_sincos_Pcyc,1,small_rect_edge_test_0006,small_rect_edge,0.9911162766473863,30.00392541485899,0.4714720478192331,0.0012543703196570277,0.001776142991730012
P05_generic_film_sincos_Pcyc,1,small_rect_edge_test_0007,small_rect_edge,0.9976673144302691,29.087823745866306,0.41674548370601067,0.0014636878622695804,0.0017790499987313524
P05_generic_film_sincos_Pcyc,1,small_rect_edge_test_0008,small_rect_edge,0.9980229950827666,28.4307715153424,0.38468347844490086,0.0018993610283359885,0.0018222460057586432
P05_generic_film_sincos_Pcyc,1,small_rect_edge_test_0009,small_rect_edge,0.9922784604267035,30.929477125501403,0.5255882138334915,0.0010263168951496482,0.0018522739992477
P05_generic_film_sincos_Pcyc,1,point_cluster_test_0000,point_cluster,0.9893632173402136,32.964766958381055,0.6883973341307456,0.0006521389586851001,0.0017749459948390722
P05_generic_film_sincos_Pcyc,1,point_cluster_test_0001,point_cluster,0.9811240199126254,31.75392904348026,0.576585061791787,0.0011315570445731282,0.0017793139995774254
P05_generic_film_sincos_Pcyc,1,point_cluster_test_0002,point_cluster,1.0047047864973822,35.58525424067631,0.7651093758622213,0.00047752936370670795,0.001788686990039423
P05_generic_film_sincos_Pcyc,1,point_cluster_test_0003,point_cluster,0.9965418557429284,35.87913539851167,0.7769819351269872,0.0003827143518719822,0.001769063004758209
P05_generic_film_sincos_Pcyc,1,point_cluster_test_0004,point_cluster,0.9974830493861261,31.429334319987582,0.555696086107771,0.0012014342937618494,0.0017790850106393918
P05_generic_film_sincos_Pcyc,1,point_cluster_test_0005,point_cluster,0.9923356844905403,31.39936531366187,0.5553056734355399,0.001155087142251432,0.002022180997300893
P05_generic_film_sincos_Pcyc,1,point_cluster_test_0006,point_cluster,1.0051304615238152,35.04575633142461,0.7704711275039471,0.0004578192892950028,0.0018441630090819672
P05_generic_film_sincos_Pcyc,1,point_cluster_test_0007,point_cluster,0.9969386102160523,35.62142885723713,0.7930306868588497,0.0004107364220544696,0.0018299060029676184
P05_generic_film_sincos_Pcyc,1,point_cluster_test_0008,point_cluster,0.9878092658762759,34.803310579591276,0.7318014990704912,0.000514795130584389,0.0017725840007187799
P05_generic_film_sincos_Pcyc,1,point_cluster_test_0009,point_cluster,0.9975339144450674,36.09013896918231,0.8255850337067278,0.0003467917558737099,0.0018372849881416187
P05_generic_film_sincos_Pcyc,1,point_cluster_test_0010,point_cluster,0.9949019736880775,31.304848417694725,0.5468995420437854,0.0011200068984180689,0.0017718129965942353
P05_generic_film_sincos_Pcyc,1,point_cluster_test_0011,point_cluster,0.9996432880278775,34.90859799556137,0.7358293762258945,0.0005056432564742863,0.0017628079949645326
P05_generic_film_sincos_Pcyc,1,point_cluster_test_0012,point_cluster,0.9960497793103399,33.67193615976439,0.6773269414935502,0.0006985728396102786,0.0018528779910411686
P05_generic_film_sincos_Pcyc,1,point_cluster_test_0013,point_cluster,1.0103424097367917,32.31593057151113,0.6063831907150435,0.0012556849978864193,0.0017775739979697391
P05_generic_film_sincos_Pcyc,1,point_cluster_test_0014,point_cluster,0.9995141933933526,34.26386407929824,0.7059424414495995,0.0005203492473810911,0.001778129008016549
P05_generic_film_sincos_Pcyc,1,point_cluster_test_0015,point_cluster,1.0056263019363183,34.37141854193032,0.7115309409077719,0.0006580284680239856,0.0018570510001154616
P05_generic_film_sincos_Pcyc,1,point_cluster_test_0016,point_cluster,0.9950783563345263,31.90012417288927,0.6120324251114408,0.0009776725200936198,0.0017748579994076863
P05_generic_film_sincos_Pcyc,1,point_cluster_test_0017,point_cluster,1.0217308490664454,36.05334376978375,0.8568276742210241,0.000376052048522979,0.0017628600035095587
P05_generic_film_sincos_Pcyc,1,point_cluster_test_0018,point_cluster,1.0090350581912986,35.69658151797913,0.789663780457766,0.00046490697422996163,0.0021007589966757223
P05_generic_film_sincos_Pcyc,1,point_cluster_test_0019,point_cluster,0.9916898627393457,34.930117810042,0.7368362378471214,0.00041488397982902825,0.0017822239897213876
P05_generic_film_sincos_Pcyc,2,line_test_0000,line,0.9849158346811189,30.90702250259565,0.5261108674481744,0.0011915994109585881,0.0017612200026633218
P05_generic_film_sincos_Pcyc,2,line_test_0001,line,0.9813730321810322,25.991883160451557,0.2603749830645025,0.0034432876855134964,0.0017888340080389753
P05_generic_film_sincos_Pcyc,2,line_test_0002,line,0.9756531236874322,30.309345877222288,0.4959985100597183,0.0015061938902363181,0.0017752650019247085
P05_generic_film_sincos_Pcyc,2,line_test_0003,line,0.9912265384625047,33.94938611519738,0.6942592643802533,0.0009898386197164655,0.002085393003653735
P05_generic_film_sincos_Pcyc,2,line_test_0004,line,0.9954665429979181,36.658139865601036,0.8069474169030769,0.0003951803082600236,0.0018447640031808987
P05_generic_film_sincos_Pcyc,2,line_test_0005,line,0.9836796775423043,32.4884736543099,0.6166808943973099,0.0008663046755827963,0.001766616987879388
P05_generic_film_sincos_Pcyc,2,line_test_0006,line,0.996535422394833,31.614113908019522,0.5675798065523106,0.0011044886196032166,0.0017868169961730018
P05_generic_film_sincos_Pcyc,2,line_test_0007,line,0.9852358601439591,29.853500067191067,0.47634310924813306,0.0014067053562030196,0.0018477090052329004
P05_generic_film_sincos_Pcyc,2,line_test_0008,line,0.9828836133778501,25.895725088479153,0.25404328725325964,0.0031240805983543396,0.0017761159979272634
P05_generic_film_sincos_Pcyc,2,line_test_0009,line,0.9839180406482307,30.27723062895417,0.49132477865763896,0.0013288549380376935,0.0020581179996952415
P05_generic_film_sincos_Pcyc,2,line_test_0010,line,0.9878698308225287,32.472678095563914,0.6152411694806568,0.0009280364611186087,0.001830010995035991
P05_generic_film_sincos_Pcyc,2,line_test_0011,line,0.9939578436175739,27.77320973105315,0.3458201836108901,0.0021035722456872463,0.0017788650002330542
P05_generic_film_sincos_Pcyc,2,line_test_0012,line,0.970929835195397,29.810041304777023,0.46852689224512784,0.001478346181102097,0.002176790003431961
P05_generic_film_sincos_Pcyc,2,line_test_0013,line,0.9751928346494693,27.122830436320275,0.33738899980451936,0.0024051174987107515,0.0023641519946977496
P05_generic_film_sincos_Pcyc,2,line_test_0014,line,0.9857686829628683,34.89221072566136,0.7359597346188741,0.000504964089486748,0.001812276997952722
P05_generic_film_sincos_Pcyc,2,line_test_0015,line,0.9892263577359515,35.436139106782086,0.7601279614260281,0.0005891054170206189,0.0017959550023078918
P05_generic_film_sincos_Pcyc,2,line_test_0016,line,0.9790911105246112,28.2947792460323,0.3804440821451223,0.0021377424709498882,0.0017789379926398396
P05_generic_film_sincos_Pcyc,2,line_test_0017,line,1.0017316424663942,32.08748878151641,0.5932974991110584,0.0008623336325399578,0.0018506600026739761
P05_generic_film_sincos_Pcyc,2,line_test_0018,line,0.9757238679079447,29.475333915710472,0.4465253602937113,0.001653549843467772,0.001766248999047093
P05_generic_film_sincos_Pcyc,2,line_test_0019,line,0.973899085916913,29.415948997937953,0.45095822327201757,0.0015351860783994198,0.0017765079974196851
P05_generic_film_sincos_Pcyc,2,cross_test_0000,cross,0.9803458882051477,32.266571174459465,0.6064816554913779,0.0012048670323565602,0.0017791669961297885
P05_generic_film_sincos_Pcyc,2,cross_test_0001,cross,0.9784520170479114,26.595278770168377,0.2875180068839521,0.003031803062185645,0.0017701129982015118
P05_generic_film_sincos_Pcyc,2,cross_test_0002,cross,0.9891767690341453,30.412249260312272,0.49819599479035465,0.0012542572803795338,0.0018294710025656968
P05_generic_film_sincos_Pcyc,2,cross_test_0003,cross,0.9881924163498412,27.68448572534591,0.3439090136766019,0.0024866501335054636,0.0017701909964671358
P05_generic_film_sincos_Pcyc,2,cross_test_0004,cross,0.9853388644124956,27.929833213452063,0.3567078077794037,0.002389908069744706,0.0018311169988010079
P05_generic_film_sincos_Pcyc,2,cross_test_0005,cross,0.9862593040049012,31.224800671301864,0.5472865415145814,0.0014316098531708121,0.0017898240039357916
P05_generic_film_sincos_Pcyc,2,cross_test_0006,cross,0.9803355929733159,28.806494937094193,0.40586105713734577,0.001730646938085556,0.0017634869873290882
P05_generic_film_sincos_Pcyc,2,cross_test_0007,cross,0.9844425331295553,33.99942068419086,0.6945622945302788,0.0007098519708961248,0.0017846370028564706
P05_generic_film_sincos_Pcyc,2,cross_test_0008,cross,0.9756959248558267,28.07288913260536,0.370844147037484,0.0024600473698228598,0.0017773309955373406
P05_generic_film_sincos_Pcyc,2,cross_test_0009,cross,0.9921863714057141,32.91366684933944,0.6388869222418596,0.0007812819094397128,0.0018377830128883943
P05_generic_film_sincos_Pcyc,2,cross_test_0010,cross,0.9735422281848628,32.163968599262425,0.6013997004039396,0.0011081139091402292,0.0017711730033624917
P05_generic_film_sincos_Pcyc,2,cross_test_0011,cross,0.9835351207665198,27.386260449231067,0.3319776820791707,0.00283060478977859,0.0018266409897478297
P05_generic_film_sincos_Pcyc,2,cross_test_0012,cross,0.9765730940526052,31.769555364522564,0.579027547237066,0.0011077700182795525,0.0017726080113789067
P05_generic_film_sincos_Pcyc,2,cross_test_0013,cross,0.9841591163197617,31.731587559374013,0.5759033208852586,0.0012827866012230515,0.0017639649886405095
P05_generic_film_sincos_Pcyc,2,cross_test_0014,cross,0.9833722460200741,27.776344550330904,0.34914388486763026,0.00206033349968493,0.0018238100019516423
P05_generic_film_sincos_Pcyc,2,L_shape_test_0000,L-shape,0.9819637908797052,26.251219487656687,0.2740986276877491,0.003244962776079774,0.0017797830078052357
P05_generic_film_sincos_Pcyc,2,L_shape_test_0001,L-shape,0.977349072771281,27.76295666836097,0.3507226619165647,0.00216348166577518,0.0017485629941802472
P05_generic_film_sincos_Pcyc,2,L_shape_test_0002,L-shape,0.9770545649194451,27.381732539732223,0.3335142186542178,0.002780349226668477,0.0017678029980743304
P05_generic_film_sincos_Pcyc,2,L_shape_test_0003,L-shape,0.9821442029943943,27.566546219108652,0.3374183057592801,0.0025425096973776817,0.0017893479962367564
P05_generic_film_sincos_Pcyc,2,L_shape_test_0004,L-shape,0.9850159583578496,25.845952120313033,0.24939707984273732,0.003500917460769415,0.001736769001581706
P05_generic_film_sincos_Pcyc,2,L_shape_test_0005,L-shape,0.985198104852362,27.204483803810277,0.31905744762733634,0.002583141205832362,0.0017740100010996684
P05_generic_film_sincos_Pcyc,2,L_shape_test_0006,L-shape,0.9865890410019621,31.219717683687872,0.5443729259062436,0.0011021887185052037,0.0018229790002806112
P05_generic_film_sincos_Pcyc,2,L_shape_test_0007,L-shape,0.9835862712615366,27.071396537208365,0.3097251534907385,0.002763030119240284,0.0018320369999855757
P05_generic_film_sincos_Pcyc,2,L_shape_test_0008,L-shape,0.9848646769410203,30.540642755024837,0.5067437662481898,0.00131738162599504,0.0017537750100018457
P05_generic_film_sincos_Pcyc,2,L_shape_test_0009,L-shape,0.9780350161238092,26.499695616722896,0.2877896796089325,0.0033267666585743427,0.0017846459959400818
P05_generic_film_sincos_Pcyc,2,L_shape_test_0010,L-shape,0.9891731922304398,30.649728725855688,0.512189579505079,0.001258733100257814,0.0017621720035094768
P05_generic_film_sincos_Pcyc,2,L_shape_test_0011,L-shape,0.9919865407774927,33.414785939210944,0.664253474937412,0.0007129515870474279,0.0017683309997664765
P05_generic_film_sincos_Pcyc,2,L_shape_test_0012,L-shape,0.9886108478624128,26.80808536069968,0.29483872205147654,0.002710555912926793,0.0017609240021556616
P05_generic_film_sincos_Pcyc,2,L_shape_test_0013,L-shape,0.9879874731479193,27.314678928683243,0.32004921829356087,0.00260182679630816,0.0018312929896637797
P05_generic_film_sincos_Pcyc,2,L_shape_test_0014,L-shape,0.9857979990187308,32.25491835984142,0.6031949150436957,0.0009811441414058208,0.0018433989898767322
P05_generic_film_sincos_Pcyc,2,L_shape_test_0015,L-shape,0.982303857798594,25.943164951621156,0.2562490401480481,0.0032657624687999487,0.001760840998031199
P05_generic_film_sincos_Pcyc,2,L_shape_test_0016,L-shape,0.9863550330480456,27.470421340032104,0.3295084436290995,0.0025127932894974947,0.0018336809880565852
P05_generic_film_sincos_Pcyc,2,L_shape_test_0017,L-shape,0.9817647822597629,26.38004716132929,0.2771347177953685,0.0031461864709854126,0.0017852339951787144
P05_generic_film_sincos_Pcyc,2,L_shape_test_0018,L-shape,0.9849228867604136,26.26563140496944,0.2669934536930197,0.003214089432731271,0.0017610850045457482
P05_generic_film_sincos_Pcyc,2,L_shape_test_0019,L-shape,0.9843796016112228,33.398382244463534,0.6653571814820463,0.0008655815618112683,0.0017656190029811114
P05_generic_film_sincos_Pcyc,2,double_line_test_0000,double-line,0.9839696546275745,26.302749439922625,0.2712640927172382,0.0028946115635335445,0.0017734790017129853
P05_generic_film_sincos_Pcyc,2,double_line_test_0001,double-line,0.979880100117959,26.725381289369913,0.29809257942242473,0.003141100751236081,0.0018337949877604842
P05_generic_film_sincos_Pcyc,2,double_line_test_0002,double-line,1.0059040257368563,31.220265723751677,0.5421551886068177,0.001150673720985651,0.0017751059931470081
P05_generic_film_sincos_Pcyc,2,double_line_test_0003,double-line,0.9802299204726113,25.71400895050441,0.2424124020105669,0.003756397869437933,0.0017727420054143295
P05_generic_film_sincos_Pcyc,2,double_line_test_0004,double-line,0.9852502898575936,25.95965761265002,0.2521541800663109,0.003559838281944394,0.001766399000189267
P05_generic_film_sincos_Pcyc,2,double_line_test_0005,double-line,0.9954244398435608,26.014214916770335,0.25112978347650194,0.003200979670509696,0.0017649650108069181
P05_generic_film_sincos_Pcyc,2,double_line_test_0006,double-line,0.9797557947610258,25.39159755975182,0.24007721978371346,0.004098155535757542,0.001954460996785201
P05_generic_film_sincos_Pcyc,2,double_line_test_0007,double-line,0.9793319010441971,32.033107586206086,0.593393079264464,0.00121670076623559,0.0017536079976707697
P05_generic_film_sincos_Pcyc,2,double_line_test_0008,double-line,0.9789551831977507,28.459865940005912,0.3916809872286637,0.0021839337423443794,0.0018436660029692575
P05_generic_film_sincos_Pcyc,2,double_line_test_0009,double-line,0.9787417975816765,28.063370590307258,0.36449329653885193,0.0023181813303381205,0.0017729169921949506
P05_generic_film_sincos_Pcyc,2,double_line_test_0010,double-line,0.9883233211699468,26.39155320067897,0.2746196653646176,0.0031192570459097624,0.0017716270085657015
P05_generic_film_sincos_Pcyc,2,double_line_test_0011,double-line,0.9861823671940058,28.04262593797821,0.35933210463405374,0.002214868785813451,0.0017708949890220538
P05_generic_film_sincos_Pcyc,2,double_line_test_0012,double-line,0.9829273598957463,30.72356083434881,0.5158929047071782,0.0013810048112645745,0.0017867069982457906
P05_generic_film_sincos_Pcyc,2,double_line_test_0013,double-line,0.9854560761141766,25.07602623035393,0.21191363882286593,0.00424018083140254,0.001875642003142275
P05_generic_film_sincos_Pcyc,2,double_line_test_0014,double-line,0.9865843793220157,25.836625870657496,0.25036244813303293,0.003689243458211422,0.001776036006049253
P05_generic_film_sincos_Pcyc,2,small_rect_edge_test_0000,small_rect_edge,0.9844736426607787,29.95682727881222,0.47357810707811043,0.0012883824529126287,0.0017827070114435628
P05_generic_film_sincos_Pcyc,2,small_rect_edge_test_0001,small_rect_edge,0.9904314278715445,30.83892533242979,0.5231649437049068,0.001308020786382258,0.001838636992033571
P05_generic_film_sincos_Pcyc,2,small_rect_edge_test_0002,small_rect_edge,0.9955300680941139,27.741294935736725,0.3451048776076201,0.002132551744580269,0.001778175006620586
P05_generic_film_sincos_Pcyc,2,small_rect_edge_test_0003,small_rect_edge,0.9776206950955723,30.607474583987194,0.5130829996100394,0.001443062094040215,0.0017813830054365098
P05_generic_film_sincos_Pcyc,2,small_rect_edge_test_0004,small_rect_edge,0.9745004095045341,29.263536958424528,0.44014762083457865,0.0019334397511556745,0.0018492670060368255
P05_generic_film_sincos_Pcyc,2,small_rect_edge_test_0005,small_rect_edge,0.9973008270108797,29.473456162426057,0.4541356222099827,0.0015615391312167048,0.0017698180017760023
P05_generic_film_sincos_Pcyc,2,small_rect_edge_test_0006,small_rect_edge,0.9848561092218694,30.031443967065815,0.476844421460659,0.001459951396100223,0.00177757500205189
P05_generic_film_sincos_Pcyc,2,small_rect_edge_test_0007,small_rect_edge,0.9996967408341899,29.0789985608953,0.4180806265725961,0.001620381255634129,0.0017709389940137044
P05_generic_film_sincos_Pcyc,2,small_rect_edge_test_0008,small_rect_edge,0.9847379365137807,28.488970222491858,0.3959386287972016,0.0021134058479219675,0.002090002002660185
P05_generic_film_sincos_Pcyc,2,small_rect_edge_test_0009,small_rect_edge,0.9885238484547139,30.945941195977117,0.5292093481037908,0.0012082027969881892,0.002051005998509936
P05_generic_film_sincos_Pcyc,2,point_cluster_test_0000,point_cluster,0.9914381234607592,32.95566837775399,0.6889684295787164,0.0008600322180427611,0.002026948001002893
P05_generic_film_sincos_Pcyc,2,point_cluster_test_0001,point_cluster,0.9839495378211884,31.741439879766457,0.5769944030373865,0.0012646159157156944,0.002052919997368008
P05_generic_film_sincos_Pcyc,2,point_cluster_test_0002,point_cluster,1.0016236266103842,35.59859307962632,0.7659590783479562,0.0006180208292789757,0.0020131199999013916
P05_generic_film_sincos_Pcyc,2,point_cluster_test_0003,point_cluster,0.9836940782396154,35.935490141653005,0.7806482506193231,0.0005767924012616277,0.0020187009940855205
P05_generic_film_sincos_Pcyc,2,point_cluster_test_0004,point_cluster,0.9913943221670927,31.455925159228514,0.5595381678061777,0.001362633891403675,0.002031576994340867
P05_generic_film_sincos_Pcyc,2,point_cluster_test_0005,point_cluster,0.9876922338487818,31.41973503952014,0.5579346964963493,0.0012829274637624621,0.0021775770001113415
P05_generic_film_sincos_Pcyc,2,point_cluster_test_0006,point_cluster,1.027538120507721,34.95000154862747,0.7667748800947852,0.0006767932209186256,0.0018373000057181343
P05_generic_film_sincos_Pcyc,2,point_cluster_test_0007,point_cluster,0.9969113318808644,35.62154767104911,0.7937381359481395,0.0006541422917507589,0.0017774489970179275
P05_generic_film_sincos_Pcyc,2,point_cluster_test_0008,point_cluster,0.9856276967117293,34.81291248996961,0.7333053499671865,0.0007188590825535357,0.0017825599934440106
P05_generic_film_sincos_Pcyc,2,point_cluster_test_0009,point_cluster,1.0003108511199421,36.07806573298795,0.8255130633887142,0.0004702545120380819,0.001834594993852079
P05_generic_film_sincos_Pcyc,2,point_cluster_test_0010,point_cluster,0.9915761744827066,31.319390296265375,0.550304515734462,0.0013125999830663204,0.0018317139911232516
P05_generic_film_sincos_Pcyc,2,point_cluster_test_0011,point_cluster,0.9920347850223593,34.941779270032214,0.7391369240323303,0.000794572290033102,0.0017693989939289168
P05_generic_film_sincos_Pcyc,2,point_cluster_test_0012,point_cluster,0.9968803307351888,33.668316335442675,0.6785320268666258,0.0008340182830579579,0.0020855710026808083
P05_generic_film_sincos_Pcyc,2,point_cluster_test_0013,point_cluster,1.0148825915816713,32.296458389055076,0.6054645583376008,0.0014431177405640483,0.0018241979996673763
P05_generic_film_sincos_Pcyc,2,point_cluster_test_0014,point_cluster,1.0013321720844885,34.2559721482928,0.7059041225673954,0.000629988091532141,0.0017825039976742119
P05_generic_film_sincos_Pcyc,2,point_cluster_test_0015,point_cluster,0.999378050664612,34.39848660805969,0.7138151513022198,0.0007527648704126477,0.00174595600401517
P05_generic_film_sincos_Pcyc,2,point_cluster_test_0016,point_cluster,0.9912007397428049,31.917080815878194,0.6147981918704302,0.0011596597032621503,0.0017714309942675754
P05_generic_film_sincos_Pcyc,2,point_cluster_test_0017,point_cluster,1.0131303480773102,36.0900554600287,0.8582098549202573,0.0005062412237748504,0.0017730070103425533
P05_generic_film_sincos_Pcyc,2,point_cluster_test_0018,point_cluster,0.9985096564632252,35.74212118707363,0.7921542803287146,0.0006794353248551488,0.0017570049967616796
P05_generic_film_sincos_Pcyc,2,point_cluster_test_0019,point_cluster,0.9785701284253049,34.98795707764948,0.7412602715865723,0.0006094278069213033,0.0018293239991180599
P06_concat_scalar_plus_sincos_Pcyc,0,line_test_0000,line,0.9856589992997847,30.903746693020395,0.526845840844604,0.0013374588452279568,0.0009523929911665618
P06_concat_scalar_plus_sincos_Pcyc,0,line_test_0001,line,0.9923897081851241,25.943401808866263,0.25347748132134024,0.0035459762439131737,0.0009830510098254308
P06_concat_scalar_plus_sincos_Pcyc,0,line_test_0002,line,0.9816824191828282,30.282590176866737,0.4941208492823224,0.0016370812663808465,0.0009654720051912591
P06_concat_scalar_plus_sincos_Pcyc,0,line_test_0003,line,0.996579934865022,33.92599378646135,0.6920228079797257,0.0010262801079079509,0.0009675260080257431
P06_concat_scalar_plus_sincos_Pcyc,0,line_test_0004,line,0.983914383746257,36.7088334087996,0.809096871611608,0.000559570558834821,0.0009655809990363196
P06_concat_scalar_plus_sincos_Pcyc,0,line_test_0005,line,0.9935656523469955,32.44504518254401,0.6129037474730684,0.0009371296036988497,0.000957670999923721
P06_concat_scalar_plus_sincos_Pcyc,0,line_test_0006,line,1.0005964712191373,31.59645146823515,0.5655344317389812,0.001183561747893691,0.0009735000057844445
P06_concat_scalar_plus_sincos_Pcyc,0,line_test_0007,line,0.9801609856627628,29.875928356816754,0.47947229316835344,0.0014871314633637667,0.0009657790069468319
P06_concat_scalar_plus_sincos_Pcyc,0,line_test_0008,line,0.9931475210481145,25.850608375380975,0.2464723329093766,0.003140769898891449,0.0009688730060588568
P06_concat_scalar_plus_sincos_Pcyc,0,line_test_0009,line,0.9766833837527009,30.30928181413763,0.49622153253363677,0.0014667146606370807,0.0009799419931368902
P06_concat_scalar_plus_sincos_Pcyc,0,line_test_0010,line,0.991958903578253,32.45473842215082,0.6141213228658035,0.0010516378097236156,0.0009720420057419688
P06_concat_scalar_plus_sincos_Pcyc,0,line_test_0011,line,0.993634017346139,27.7746248142067,0.3459028521110497,0.002227707067504525,0.0009702210081741214
P06_concat_scalar_plus_sincos_Pcyc,0,line_test_0012,line,0.9877440706308528,29.735475258837376,0.4597550926828128,0.0015789950266480446,0.0009606009989511222
P06_concat_scalar_plus_sincos_Pcyc,0,line_test_0013,line,0.9854616788962111,27.0773381483413,0.3323310846715069,0.002540252171456814,0.0009717150096548721
P06_concat_scalar_plus_sincos_Pcyc,0,line_test_0014,line,0.9924865476454138,34.8627148201598,0.7343318193864624,0.0006169796688482165,0.000982576995738782
P06_concat_scalar_plus_sincos_Pcyc,0,line_test_0015,line,1.0005339935635524,35.38677751229512,0.7575994647083021,0.0007087006233632565,0.0009716750064399093
P06_concat_scalar_plus_sincos_Pcyc,0,line_test_0016,line,0.98171518938089,28.283155228215755,0.3787498766959759,0.002182000083848834,0.0009716950007714331
P06_concat_scalar_plus_sincos_Pcyc,0,line_test_0017,line,0.9971692479071605,32.10731427267796,0.5940031087249628,0.0009637352195568383,0.000980473996605724
P06_concat_scalar_plus_sincos_Pcyc,0,line_test_0018,line,0.991280275297376,29.406638674302,0.4382651172239765,0.0017429098952561617,0.0009572879935149103
P06_concat_scalar_plus_sincos_Pcyc,0,line_test_0019,line,0.9818739994682051,29.380531281963457,0.44606991962002246,0.0015396332601085305,0.0009575330041116104
P06_concat_scalar_plus_sincos_Pcyc,0,cross_test_0000,cross,0.9895548103478751,32.22596585458197,0.6023404780304435,0.0012104616034775972,0.0009709100122563541
P06_concat_scalar_plus_sincos_Pcyc,0,cross_test_0001,cross,0.9903703889537058,26.542697697834903,0.2796626963866866,0.003098802175372839,0.0009772229968803003
P06_concat_scalar_plus_sincos_Pcyc,0,cross_test_0002,cross,0.9932201171839339,30.394533238795738,0.49654987326500194,0.0013543356908485293,0.0009801400010474026
P06_concat_scalar_plus_sincos_Pcyc,0,cross_test_0003,cross,0.9704304812872321,27.763256622160352,0.35978148279335054,0.0027465817984193563,0.0009767279989318922
P06_concat_scalar_plus_sincos_Pcyc,0,cross_test_0004,cross,0.9852847611666217,27.93007177656665,0.3586984988448531,0.0025360642466694117,0.0009532060066703707
P06_concat_scalar_plus_sincos_Pcyc,0,cross_test_0005,cross,0.992252710094539,31.19848882904277,0.5444008183439478,0.0014597935369238257,0.0009573290008120239
P06_concat_scalar_plus_sincos_Pcyc,0,cross_test_0006,cross,0.9852302180621124,28.78486530941356,0.4040821356868117,0.0018580020405352116,0.0009608929976820946
P06_concat_scalar_plus_sincos_Pcyc,0,cross_test_0007,cross,0.9907352312203385,33.971748271635335,0.6931279852219998,0.0008621137822046876,0.0009672570013208315
P06_concat_scalar_plus_sincos_Pcyc,0,cross_test_0008,cross,0.9755297348768406,28.073628831890673,0.37317010918313587,0.002601144602522254,0.0009577080054441467
P06_concat_scalar_plus_sincos_Pcyc,0,cross_test_0009,cross,0.9956819297612146,32.898393169310665,0.6374960275296581,0.000864499481394887,0.0009762179979588836
P06_concat_scalar_plus_sincos_Pcyc,0,cross_test_0010,cross,1.0029398015525013,32.034767980913685,0.5890923574522481,0.0011446083663031459,0.0009697130008134991
P06_concat_scalar_plus_sincos_Pcyc,0,cross_test_0011,cross,0.988951330531784,27.362409821004654,0.3305644217340298,0.0029856408946216106,0.0009625050006434321
P06_concat_scalar_plus_sincos_Pcyc,0,cross_test_0012,cross,0.9923094012204915,31.700132019394594,0.5724828375294534,0.0012282697716727853,0.0009660270006861538
P06_concat_scalar_plus_sincos_Pcyc,0,cross_test_0013,cross,0.9873950876154113,31.717330786157063,0.574152418961143,0.0012965777423232794,0.0009543019987177104
P06_concat_scalar_plus_sincos_Pcyc,0,cross_test_0014,cross,0.9941176441889847,27.72914637874791,0.3428908986514601,0.0021576147992163897,0.0009842860017670318
P06_concat_scalar_plus_sincos_Pcyc,0,L_shape_test_0000,L-shape,0.9895038905213079,26.21799928971185,0.2697723381297654,0.003334518289193511,0.0009700189984869212
P06_concat_scalar_plus_sincos_Pcyc,0,L_shape_test_0001,L-shape,0.9863645211042155,27.723079283259125,0.3453468914761383,0.00224189436994493,0.0009648199920775369
P06_concat_scalar_plus_sincos_Pcyc,0,L_shape_test_0002,L-shape,0.9860291592058741,27.34202328117408,0.32676082212939966,0.002754997229203582,0.0009737139916978776
P06_concat_scalar_plus_sincos_Pcyc,0,L_shape_test_0003,L-shape,0.9886508177858059,27.537869400356723,0.33348780595079014,0.0026001876685768366,0.0009725889976834878
P06_concat_scalar_plus_sincos_Pcyc,0,L_shape_test_0004,L-shape,0.9915507388051013,25.81723537701613,0.24491685134286142,0.0035447990521788597,0.0009818359976634383
P06_concat_scalar_plus_sincos_Pcyc,0,L_shape_test_0005,L-shape,0.9873346662532047,27.195075505781148,0.31748365458849087,0.0026101116091012955,0.0009893110109260306
P06_concat_scalar_plus_sincos_Pcyc,0,L_shape_test_0006,L-shape,0.9896113152678534,31.206433906332084,0.5435610536288129,0.0012129024835303426,0.0009670129948062822
P06_concat_scalar_plus_sincos_Pcyc,0,L_shape_test_0007,L-shape,0.9849047599522585,27.06557883309245,0.310100340110596,0.0028791455551981926,0.0009704740077722818
P06_concat_scalar_plus_sincos_Pcyc,0,L_shape_test_0008,L-shape,0.9943773587982848,30.49889608701402,0.501753085162793,0.0013430623803287745,0.00096685100288596
P06_concat_scalar_plus_sincos_Pcyc,0,L_shape_test_0009,L-shape,0.9923870811343797,26.436428885919533,0.2746327871236036,0.0031628089491277933,0.0009619469929020852
P06_concat_scalar_plus_sincos_Pcyc,0,L_shape_test_0010,L-shape,0.9800453148488808,30.689990624274387,0.5193132035033673,0.0015016463585197926,0.0009706129931146279
P06_concat_scalar_plus_sincos_Pcyc,0,L_shape_test_0011,L-shape,0.9912023508869624,33.41822040964538,0.6647126118690171,0.0008066303562372923,0.000973761998466216
P06_concat_scalar_plus_sincos_Pcyc,0,L_shape_test_0012,L-shape,0.9892025932142487,26.80548670433489,0.29674956950290093,0.002911005401983857,0.000977645002421923
P06_concat_scalar_plus_sincos_Pcyc,0,L_shape_test_0013,L-shape,0.9886180760843916,27.31190779038268,0.32154584130664626,0.002766154706478119,0.000966022998909466
P06_concat_scalar_plus_sincos_Pcyc,0,L_shape_test_0014,L-shape,0.9929454053007483,32.22354397895189,0.6008848647093544,0.0010949858697131276,0.0009673369931988418
P06_concat_scalar_plus_sincos_Pcyc,0,L_shape_test_0015,L-shape,0.9867314614201755,25.9236337505104,0.25297586836824765,0.0032822848297655582,0.0009703169926069677
P06_concat_scalar_plus_sincos_Pcyc,0,L_shape_test_0016,L-shape,0.9883458155979027,27.461664480839765,0.33022917723898687,0.0026817123871296644,0.0009529539966024458
P06_concat_scalar_plus_sincos_Pcyc,0,L_shape_test_0017,L-shape,0.9896842399430981,26.345155074415278,0.27169442304470387,0.0031961200293153524,0.0009538949962006882
P06_concat_scalar_plus_sincos_Pcyc,0,L_shape_test_0018,L-shape,0.9931616571998992,26.229453858747426,0.26252855186109514,0.0033375790808349848,0.0009832459909375757
P06_concat_scalar_plus_sincos_Pcyc,0,L_shape_test_0019,L-shape,0.9898994189390851,33.374097760665904,0.6636397714082973,0.000970480206888169,0.0009616460010875016
P06_concat_scalar_plus_sincos_Pcyc,0,double_line_test_0000,double-line,0.988705324069966,26.28189805021983,0.2682153188548545,0.0029767195228487253,0.0009678729984443635
P06_concat_scalar_plus_sincos_Pcyc,0,double_line_test_0001,double-line,0.988850328691023,26.685804747095645,0.2971360658925983,0.003441966837272048,0.0009704580006655306
P06_concat_scalar_plus_sincos_Pcyc,0,double_line_test_0002,double-line,1.000117089755175,31.245322639844257,0.5434685284812943,0.001204454223625362,0.000967389001743868
P06_concat_scalar_plus_sincos_Pcyc,0,double_line_test_0003,double-line,0.9863103927388561,25.687152154189135,0.23758454939775864,0.0037506918888539076,0.0009883269958663732
P06_concat_scalar_plus_sincos_Pcyc,0,double_line_test_0004,double-line,0.983886253992887,25.96567417366689,0.2564453983033954,0.003786023473367095,0.0009584580111550167
P06_concat_scalar_plus_sincos_Pcyc,0,double_line_test_0005,double-line,0.9963286903365265,26.01027166583321,0.25033721658588654,0.003285050857812166,0.0009760710090631619
P06_concat_scalar_plus_sincos_Pcyc,0,double_line_test_0006,double-line,0.9834905236822994,25.375074399221337,0.23829279009866036,0.004239324480295181,0.000967353000305593
P06_concat_scalar_plus_sincos_Pcyc,0,double_line_test_0007,double-line,0.9906889704392896,31.98303348735194,0.5879419866291824,0.0011774650774896145,0.0009517260041320696
P06_concat_scalar_plus_sincos_Pcyc,0,double_line_test_0008,double-line,0.9945938868409762,28.391036042464187,0.38078181521261556,0.002115236595273018,0.0009588090033503249
P06_concat_scalar_plus_sincos_Pcyc,0,double_line_test_0009,double-line,0.9827764994588194,28.045504328223146,0.3621507906713551,0.0023608042392879725,0.0009789530013222247
P06_concat_scalar_plus_sincos_Pcyc,0,double_line_test_0010,double-line,0.98867359539498,26.390014246388382,0.2747783851146202,0.0031729002948850393,0.0009677490015747026
P06_concat_scalar_plus_sincos_Pcyc,0,double_line_test_0011,double-line,0.9921617658520546,28.01637329243244,0.35639207269391,0.0023026010021567345,0.000980149008682929
P06_concat_scalar_plus_sincos_Pcyc,0,double_line_test_0012,double-line,0.9799899359727111,30.73655893790592,0.5173517093229727,0.0014193789102137089,0.000959207012783736
P06_concat_scalar_plus_sincos_Pcyc,0,double_line_test_0013,double-line,0.9884495022332765,25.06285422039221,0.20954858011917354,0.004242707509547472,0.0009811479976633564
P06_concat_scalar_plus_sincos_Pcyc,0,double_line_test_0014,double-line,0.9915332063359243,25.814895515352177,0.24791387114967584,0.0037880258169025183,0.0009716690110508353
P06_concat_scalar_plus_sincos_Pcyc,0,small_rect_edge_test_0000,small_rect_edge,0.9829942086826299,29.963358303991775,0.47400709929881024,0.0013796357670798898,0.0009728189907036722
P06_concat_scalar_plus_sincos_Pcyc,0,small_rect_edge_test_0001,small_rect_edge,0.9921578687584122,30.83136141014583,0.5219807567932113,0.001328601618297398,0.0009606259991414845
P06_concat_scalar_plus_sincos_Pcyc,0,small_rect_edge_test_0002,small_rect_edge,0.9957120760261976,27.740501242528648,0.3435732247835839,0.0021485299803316593,0.0009660889918450266
P06_concat_scalar_plus_sincos_Pcyc,0,small_rect_edge_test_0003,small_rect_edge,0.9885027504939132,30.559399810586743,0.5072451631835049,0.0014301278861239552,0.0009598339966032654
P06_concat_scalar_plus_sincos_Pcyc,0,small_rect_edge_test_0004,small_rect_edge,0.9793842780422681,29.241825779541447,0.43732852980129144,0.0019997786730527878,0.0009539320017211139
P06_concat_scalar_plus_sincos_Pcyc,0,small_rect_edge_test_0005,small_rect_edge,0.9932677633491349,29.49105451395096,0.45629350314496175,0.001646032789722085,0.0010672870121197775
P06_concat_scalar_plus_sincos_Pcyc,0,small_rect_edge_test_0006,small_rect_edge,0.9926751763881444,29.997100219053586,0.4731601753392262,0.001535586197860539,0.0009923190082190558
P06_concat_scalar_plus_sincos_Pcyc,0,small_rect_edge_test_0007,small_rect_edge,0.9982190497410278,29.085422545036405,0.4184817717571104,0.0016862397314980626,0.0009486439957981929
P06_concat_scalar_plus_sincos_Pcyc,0,small_rect_edge_test_0008,small_rect_edge,0.9941450681805232,28.447679369888178,0.38837333597207624,0.002128634136170149,0.000977149000391364
P06_concat_scalar_plus_sincos_Pcyc,0,small_rect_edge_test_0009,small_rect_edge,0.9898537888079276,30.94010240895987,0.528543272265154,0.0012646712129935622,0.0009680879884399474
P06_concat_scalar_plus_sincos_Pcyc,0,point_cluster_test_0000,point_cluster,1.0024258315259877,32.90780189305426,0.685827673134667,0.0009705274133011699,0.000962398000410758
P06_concat_scalar_plus_sincos_Pcyc,0,point_cluster_test_0001,point_cluster,0.9793440703350698,31.76181520065457,0.5801453948301679,0.0014905876014381647,0.0009668429993325844
P06_concat_scalar_plus_sincos_Pcyc,0,point_cluster_test_0002,point_cluster,0.9965181846177772,35.62078665624746,0.7672152719468438,0.0007187413866631687,0.0009840249986154959
P06_concat_scalar_plus_sincos_Pcyc,0,point_cluster_test_0003,point_cluster,0.9984115041936537,35.87099531073062,0.7770836899938209,0.0006425240426324308,0.00096475200552959
P06_concat_scalar_plus_sincos_Pcyc,0,point_cluster_test_0004,point_cluster,0.9899244513158559,31.462368812081166,0.5620589500286045,0.0015659912023693323,0.0009631890134187415
P06_concat_scalar_plus_sincos_Pcyc,0,point_cluster_test_0005,point_cluster,0.9912919119960952,31.40393586577952,0.5575757710223175,0.0014627518830820918,0.0009661709918873385
P06_concat_scalar_plus_sincos_Pcyc,0,point_cluster_test_0006,point_cluster,1.0029042137907467,35.055386294463844,0.7708831547158338,0.0006864946335554123,0.0009762569970916957
P06_concat_scalar_plus_sincos_Pcyc,0,point_cluster_test_0007,point_cluster,1.0030635106190458,35.594828548842756,0.7921980717297238,0.0007202716078609228,0.0009713279869174585
P06_concat_scalar_plus_sincos_Pcyc,0,point_cluster_test_0008,point_cluster,0.9863652184656346,34.80966409631744,0.7336034295035924,0.0008694331627339125,0.0009727860015118495
P06_concat_scalar_plus_sincos_Pcyc,0,point_cluster_test_0009,point_cluster,0.9942989814033955,36.10424545166457,0.8264440010611147,0.0006000959547236562,0.00096485301037319
P06_concat_scalar_plus_sincos_Pcyc,0,point_cluster_test_0010,point_cluster,0.9861257419230394,31.34332835902466,0.55347714923254,0.0014613986713811755,0.0009714000043459237
P06_concat_scalar_plus_sincos_Pcyc,0,point_cluster_test_0011,point_cluster,1.0078827900618066,34.8729482856709,0.7360909063316495,0.0010151817696169019,0.0009492639946984127
P06_concat_scalar_plus_sincos_Pcyc,0,point_cluster_test_0012,point_cluster,1.006876876172608,33.62498284894101,0.6778235851387951,0.0011767238611355424,0.0009741840040078387
P06_concat_scalar_plus_sincos_Pcyc,0,point_cluster_test_0013,point_cluster,1.0409066630042314,32.18649861576124,0.597827464696009,0.0017381954239681363,0.0010040219931397587
P06_concat_scalar_plus_sincos_Pcyc,0,point_cluster_test_0014,point_cluster,1.009846717386436,34.21919923015962,0.7038627700444923,0.0007771715754643083,0.0009791089978534728
P06_concat_scalar_plus_sincos_Pcyc,0,point_cluster_test_0015,point_cluster,1.010672225392036,34.34968159743939,0.711809454071046,0.0009931751992553473,0.0009783650020835921
P06_concat_scalar_plus_sincos_Pcyc,0,point_cluster_test_0016,point_cluster,0.9874531513741467,31.933532022393933,0.6172320527443836,0.001330659375526011,0.0009538129961583763
P06_concat_scalar_plus_sincos_Pcyc,0,point_cluster_test_0017,point_cluster,1.009689913399417,36.104828576975414,0.8582748799108738,0.0005886847502551973,0.0009571650007274002
P06_concat_scalar_plus_sincos_Pcyc,0,point_cluster_test_0018,point_cluster,1.0073541542172333,35.70382214084033,0.7907452548865503,0.0008384435204789042,0.0009721359965624288
P06_concat_scalar_plus_sincos_Pcyc,0,point_cluster_test_0019,point_cluster,0.9964042982365212,34.909520566930944,0.7362666790037544,0.000634659780189395,0.0009645179961808026
P06_concat_scalar_plus_sincos_Pcyc,1,line_test_0000,line,1.1166407586105558,30.36187901095989,0.508488509658012,0.0031813730020076036,0.0009503269975539297
P06_concat_scalar_plus_sincos_Pcyc,1,line_test_0001,line,1.0283902684306567,25.788644899906046,0.35702325308570965,0.007167391944676638,0.0009881589940050617
P06_concat_scalar_plus_sincos_Pcyc,1,line_test_0002,line,1.1271711553067463,29.682401520560706,0.48604434808659025,0.004267377778887749,0.0009646539983805269
P06_concat_scalar_plus_sincos_Pcyc,1,line_test_0003,line,2.98708959154663,29.158632639072067,0.3593813987350246,0.0062055024318397045,0.0009684370015747845
P06_concat_scalar_plus_sincos_Pcyc,1,line_test_0004,line,1.237154973190227,35.71416536653576,0.7555468176742541,0.0020828195847570896,0.0009696739871287718
P06_concat_scalar_plus_sincos_Pcyc,1,line_test_0005,line,1.0957929589380337,32.01972568340739,0.6040799299368568,0.0032246499322354794,0.00097738100157585
P06_concat_scalar_plus_sincos_Pcyc,1,line_test_0006,line,2.155614087208393,28.263330992098066,0.35055726023890993,0.006144671700894833,0.000977948002400808
P06_concat_scalar_plus_sincos_Pcyc,1,line_test_0007,line,1.3276794930489029,28.557969940545927,0.43220829069165784,0.00449201837182045,0.0009428780031157658
P06_concat_scalar_plus_sincos_Pcyc,1,line_test_0008,line,0.9277235032912303,26.146560245818765,0.34706166510142705,0.005135619547218084,0.0009756469953572378
P06_concat_scalar_plus_sincos_Pcyc,1,line_test_0009,line,1.0824065571416464,29.86291570488398,0.47369891804799763,0.0035943465773016214,0.0009665459947427735
P06_concat_scalar_plus_sincos_Pcyc,1,line_test_0010,line,1.1952726734952055,31.64500537184515,0.5707488723370165,0.00323967426083982,0.0009664109966251999
P06_concat_scalar_plus_sincos_Pcyc,1,line_test_0011,line,1.0182483454308522,27.668352210309113,0.3548015011226126,0.00385084911249578,0.0009624689992051572
P06_concat_scalar_plus_sincos_Pcyc,1,line_test_0012,line,1.1320276396352338,29.143349183309088,0.4494206217651162,0.004029401578009129,0.0009606519888620824
P06_concat_scalar_plus_sincos_Pcyc,1,line_test_0013,line,0.8991222438088677,27.4755478627268,0.5007345745170202,0.005390019156038761,0.0009548979869578034
P06_concat_scalar_plus_sincos_Pcyc,1,line_test_0014,line,1.1260373451053358,34.31443288229914,0.6974964036148866,0.0020690434612333775,0.0009686499979579821
P06_concat_scalar_plus_sincos_Pcyc,1,line_test_0015,line,1.9240499140815528,32.5469322247248,0.5935553274723517,0.0033082051668316126,0.0009817279933486134
P06_concat_scalar_plus_sincos_Pcyc,1,line_test_0016,line,1.140128784747485,27.633471272600588,0.35368526412510426,0.004938093479722738,0.000959880999289453
P06_concat_scalar_plus_sincos_Pcyc,1,line_test_0017,line,1.1084880989950592,31.647692522630663,0.5623817327195366,0.002411742927506566,0.000968711989116855
P06_concat_scalar_plus_sincos_Pcyc,1,line_test_0018,line,1.3042234019046857,28.215083586739826,0.36487318990238626,0.004474663641303778,0.0009630470012780279
P06_concat_scalar_plus_sincos_Pcyc,1,line_test_0019,line,1.5259722495950616,27.465622248432833,0.3457158034388879,0.005691213067620993,0.0009794389916351065
P06_concat_scalar_plus_sincos_Pcyc,1,cross_test_0000,cross,1.4010879427615701,30.715710614265284,0.517765759640043,0.004459172021597624,0.000968822991126217
P06_concat_scalar_plus_sincos_Pcyc,1,cross_test_0001,cross,0.8680914091551017,27.11501957615952,0.43009660032306896,0.005202263128012419,0.0009585189982317388
P06_concat_scalar_plus_sincos_Pcyc,1,cross_test_0002,cross,1.1618195411835173,29.713601646898674,0.466707848802705,0.003462661523371935,0.0009586579981260002
P06_concat_scalar_plus_sincos_Pcyc,1,cross_test_0003,cross,0.964186692236551,27.791289483801883,0.4486046790154185,0.004942710045725107,0.000953808004851453
P06_concat_scalar_plus_sincos_Pcyc,1,cross_test_0004,cross,0.8872686706418516,28.38513782150114,0.5041183322134164,0.005183686967939138,0.0010099040082423016
P06_concat_scalar_plus_sincos_Pcyc,1,cross_test_0005,cross,1.4548285387556612,29.53659364253507,0.43017385996952295,0.005118618253618479,0.000966755993431434
P06_concat_scalar_plus_sincos_Pcyc,1,cross_test_0006,cross,1.0537626762434913,28.49281452024348,0.49203957330255566,0.004216968547552824,0.0009642980003263801
P06_concat_scalar_plus_sincos_Pcyc,1,cross_test_0007,cross,1.1720680448883003,33.24179634551028,0.6711206842363325,0.0030840695835649967,0.0009715340129332617
P06_concat_scalar_plus_sincos_Pcyc,1,cross_test_0008,cross,1.0926972115324987,27.581035753100437,0.3594047955334393,0.005322333890944719,0.0009730079909786582
P06_concat_scalar_plus_sincos_Pcyc,1,cross_test_0009,cross,1.500546176808984,31.117106019222792,0.5229294868494982,0.0034526945091784,0.000969257001997903
P06_concat_scalar_plus_sincos_Pcyc,1,cross_test_0010,cross,1.5899234944140823,30.033754071653576,0.43924742029670966,0.004961832892149687,0.0009662109951023012
P06_concat_scalar_plus_sincos_Pcyc,1,cross_test_0011,cross,1.1138757006657374,26.84579175312326,0.3347226727198438,0.0061171394772827625,0.0009711330058053136
P06_concat_scalar_plus_sincos_Pcyc,1,cross_test_0012,cross,0.9981428385113944,31.67467594759359,0.6108242114468755,0.0033371110912412405,0.0009452450030948967
P06_concat_scalar_plus_sincos_Pcyc,1,cross_test_0013,cross,1.2048788614801706,30.8528066808723,0.5067822978790787,0.004018994048237801,0.0009635530004743487
P06_concat_scalar_plus_sincos_Pcyc,1,cross_test_0014,cross,1.0439518756554231,27.51671947070678,0.3528231758100381,0.004213160835206509,0.000941026009968482
P06_concat_scalar_plus_sincos_Pcyc,1,L_shape_test_0000,L-shape,1.104676260801827,25.739823976681254,0.2657384430588048,0.006378835998475552,0.0009511200041742995
P06_concat_scalar_plus_sincos_Pcyc,1,L_shape_test_0001,L-shape,1.0626611685407583,27.399505571234375,0.38976179849161563,0.00512359756976366,0.0009646799881011248
P06_concat_scalar_plus_sincos_Pcyc,1,L_shape_test_0002,L-shape,1.2248997003107371,26.39991553962572,0.2955316618176325,0.0071710566990077496,0.000965764993452467
P06_concat_scalar_plus_sincos_Pcyc,1,L_shape_test_0003,L-shape,1.0921424155266282,27.105506141596404,0.3352741848696841,0.005245734006166458,0.0009680519870016724
P06_concat_scalar_plus_sincos_Pcyc,1,L_shape_test_0004,L-shape,1.0567738424968274,25.540564353634192,0.2623241868996448,0.006630141753703356,0.0009726149874040857
P06_concat_scalar_plus_sincos_Pcyc,1,L_shape_test_0005,L-shape,1.0647315476547985,26.867318267034157,0.3128188088511455,0.004921099171042442,0.0009878249984467402
P06_concat_scalar_plus_sincos_Pcyc,1,L_shape_test_0006,L-shape,1.115160799195493,30.68770569584587,0.5116230701319636,0.002867933828383684,0.0009852070070337504
P06_concat_scalar_plus_sincos_Pcyc,1,L_shape_test_0007,L-shape,1.0506840632406784,26.784800023609062,0.33080590389228276,0.0051646786741912365,0.0009728239965625107
P06_concat_scalar_plus_sincos_Pcyc,1,L_shape_test_0008,L-shape,1.1551324636061382,29.848090451529913,0.4575714092055806,0.0036742177326232195,0.0009870859939837828
P06_concat_scalar_plus_sincos_Pcyc,1,L_shape_test_0009,L-shape,1.2284931033914976,25.50951280215502,0.27470452330132894,0.00846704002469778,0.000971332992776297
P06_concat_scalar_plus_sincos_Pcyc,1,L_shape_test_0010,L-shape,1.160930957107875,29.954388116262937,0.4830696679460919,0.0034485762007534504,0.0009714240004541352
P06_concat_scalar_plus_sincos_Pcyc,1,L_shape_test_0011,L-shape,1.0849131930332785,33.025893672968095,0.6352098998583204,0.0023234619293361902,0.0010717730037868023
P06_concat_scalar_plus_sincos_Pcyc,1,L_shape_test_0012,L-shape,1.021800717668623,26.664676886483534,0.3142085217435832,0.004730860237032175,0.0010125650005647913
P06_concat_scalar_plus_sincos_Pcyc,1,L_shape_test_0013,L-shape,1.0193997262367525,27.178748321018627,0.33788541345144535,0.004502257332205772,0.001041430004988797
P06_concat_scalar_plus_sincos_Pcyc,1,L_shape_test_0014,L-shape,1.1252308288073003,31.680381718868347,0.5626772726153656,0.002974137431010604,0.0009919260046444833
P06_concat_scalar_plus_sincos_Pcyc,1,L_shape_test_0015,L-shape,1.0888312340648036,25.496017794635545,0.24922255187532238,0.005998625420033932,0.0009835519886109978
P06_concat_scalar_plus_sincos_Pcyc,1,L_shape_test_0016,L-shape,1.0616106571740682,27.15110124659811,0.3262092787409734,0.0047231013886630535,0.0009980350005207583
P06_concat_scalar_plus_sincos_Pcyc,1,L_shape_test_0017,L-shape,1.0969500396881908,25.898253232842233,0.30056127983129133,0.006284418050199747,0.0009465369948884472
P06_concat_scalar_plus_sincos_Pcyc,1,L_shape_test_0018,L-shape,1.0765618103900019,25.87926391212968,0.27342820166213794,0.006087120622396469,0.0009676820045569912
P06_concat_scalar_plus_sincos_Pcyc,1,L_shape_test_0019,L-shape,1.7740642694039972,30.84031472400683,0.4914523054178808,0.004261174239218235,0.0009853310039034113
P06_concat_scalar_plus_sincos_Pcyc,1,double_line_test_0000,double-line,1.0298595200631666,26.10478660299847,0.28530805290367767,0.004861161578446627,0.0009670180006651208
P06_concat_scalar_plus_sincos_Pcyc,1,double_line_test_0001,double-line,1.0404814441415682,26.464766928641268,0.31716876385063236,0.005815884564071894,0.0009672170126577839
P06_concat_scalar_plus_sincos_Pcyc,1,double_line_test_0002,double-line,1.044701449615185,31.055909054028923,0.5332984350118597,0.002421475714072585,0.0009831700008362532
P06_concat_scalar_plus_sincos_Pcyc,1,double_line_test_0003,double-line,1.0471912359896252,25.427028314318264,0.2748052968610244,0.006298642139881849,0.0009841329883784056
P06_concat_scalar_plus_sincos_Pcyc,1,double_line_test_0004,double-line,0.9765626038843863,25.99812252018851,0.3260863087114805,0.006107775028795004,0.0009702670067781582
P06_concat_scalar_plus_sincos_Pcyc,1,double_line_test_0005,double-line,1.0067160511922661,25.965228083412093,0.2601056698844066,0.004528300371021032,0.000971215995377861
P06_concat_scalar_plus_sincos_Pcyc,1,double_line_test_0006,double-line,1.1403473910433584,24.732404488511147,0.2568971423729866,0.007704546675086021,0.000964553008088842
P06_concat_scalar_plus_sincos_Pcyc,1,double_line_test_0007,double-line,1.8861869706869185,29.186559251850444,0.4074189951074175,0.005376875400543213,0.0011275010037934408
P06_concat_scalar_plus_sincos_Pcyc,1,double_line_test_0008,double-line,1.3288545617140493,27.132719350004212,0.3075036546867049,0.005997041705995798,0.0009865390020422637
P06_concat_scalar_plus_sincos_Pcyc,1,double_line_test_0009,double-line,1.1563974150656129,27.338980948094225,0.385243023697456,0.005570839624851942,0.0009693750034784898
P06_concat_scalar_plus_sincos_Pcyc,1,double_line_test_0010,double-line,1.0917912142241413,25.959147536224787,0.3090147451438693,0.006293737795203924,0.0009688709978945553
P06_concat_scalar_plus_sincos_Pcyc,1,double_line_test_0011,double-line,1.0172952331013057,27.907727975200764,0.3616770492134424,0.003952171187847853,0.0009739170054672286
P06_concat_scalar_plus_sincos_Pcyc,1,double_line_test_0012,double-line,1.3394318262283251,29.379569167031747,0.44473011027594744,0.004350770264863968,0.0009695019980426878
P06_concat_scalar_plus_sincos_Pcyc,1,double_line_test_0013,double-line,0.9937157829148877,25.039777237658694,0.32871319647681946,0.007590185850858688,0.0009549189999233931
P06_concat_scalar_plus_sincos_Pcyc,1,double_line_test_0014,double-line,1.0305985751937297,25.647072643315717,0.28915929770914967,0.006872022990137339,0.0009579220059094951
P06_concat_scalar_plus_sincos_Pcyc,1,small_rect_edge_test_0000,small_rect_edge,1.0480331550292217,29.685117634238484,0.472658497541969,0.003148691961541772,0.0013400390016613528
P06_concat_scalar_plus_sincos_Pcyc,1,small_rect_edge_test_0001,small_rect_edge,1.3340995076132074,29.545287140519626,0.43686003638299314,0.00409917114302516,0.0009707239951239899
P06_concat_scalar_plus_sincos_Pcyc,1,small_rect_edge_test_0002,small_rect_edge,1.0654193176147377,27.446633258503464,0.3394309123210328,0.004122686106711626,0.0009583569917595014
P06_concat_scalar_plus_sincos_Pcyc,1,small_rect_edge_test_0003,small_rect_edge,1.6775053355346883,28.262539291803684,0.3711323211308258,0.0061057331040501595,0.0009752990008564666
P06_concat_scalar_plus_sincos_Pcyc,1,small_rect_edge_test_0004,small_rect_edge,1.4739264675691575,27.46659900925545,0.34553734686543697,0.0061816442757844925,0.0009791199991013855
P06_concat_scalar_plus_sincos_Pcyc,1,small_rect_edge_test_0005,small_rect_edge,1.1921893015244107,28.698265671359106,0.40441619756626324,0.003827356966212392,0.0009692129970062524
P06_concat_scalar_plus_sincos_Pcyc,1,small_rect_edge_test_0006,small_rect_edge,1.03081425838583,29.833367695130303,0.4701932859289446,0.003450634889304638,0.0009473029931541532
P06_concat_scalar_plus_sincos_Pcyc,1,small_rect_edge_test_0007,small_rect_edge,1.0458780463012984,28.882870952466355,0.41448941856709,0.0030076447874307632,0.0009638920018915087
P06_concat_scalar_plus_sincos_Pcyc,1,small_rect_edge_test_0008,small_rect_edge,1.1930540600413664,27.655575813831167,0.34238759350013703,0.005159276537597179,0.0009816439996939152
P06_concat_scalar_plus_sincos_Pcyc,1,small_rect_edge_test_0009,small_rect_edge,1.1473774017144653,30.298749780491214,0.485919584945213,0.003151019336655736,0.0009682450036052614
P06_concat_scalar_plus_sincos_Pcyc,1,point_cluster_test_0000,point_cluster,2.261309724619034,29.374723881477276,0.46884486913104373,0.004653748124837875,0.0009616570023354143
P06_concat_scalar_plus_sincos_Pcyc,1,point_cluster_test_0001,point_cluster,1.0863541118455908,31.311454191883875,0.5613834916806852,0.0032316127326339483,0.0009767330047907308
P06_concat_scalar_plus_sincos_Pcyc,1,point_cluster_test_0002,point_cluster,1.7188846804382298,33.253171400091844,0.6317620891397436,0.003205042565241456,0.000963984988629818
P06_concat_scalar_plus_sincos_Pcyc,1,point_cluster_test_0003,point_cluster,2.547681092913151,31.802640098430714,0.5417248489617812,0.004215868655592203,0.0009784379944903776
P06_concat_scalar_plus_sincos_Pcyc,1,point_cluster_test_0004,point_cluster,1.094364752324739,31.0267686720179,0.5507600998335599,0.003672903636470437,0.0009634320012992248
P06_concat_scalar_plus_sincos_Pcyc,1,point_cluster_test_0005,point_cluster,1.1447592548708563,30.778809580283326,0.5159768215494027,0.003604793455451727,0.0009691140003269538
P06_concat_scalar_plus_sincos_Pcyc,1,point_cluster_test_0006,point_cluster,2.7916849756855115,30.609316977594684,0.4943387980107168,0.004286416806280613,0.001121430002967827
P06_concat_scalar_plus_sincos_Pcyc,1,point_cluster_test_0007,point_cluster,3.395659234355327,30.298871965899934,0.4828050786687664,0.004493661690503359,0.000986687999102287
P06_concat_scalar_plus_sincos_Pcyc,1,point_cluster_test_0008,point_cluster,2.445639848005321,30.86611655936887,0.4983371066497895,0.004460028372704983,0.0009617830073693767
P06_concat_scalar_plus_sincos_Pcyc,1,point_cluster_test_0009,point_cluster,2.3279695602990755,32.409642450148816,0.6374136296387818,0.002954429481178522,0.000953076989389956
P06_concat_scalar_plus_sincos_Pcyc,1,point_cluster_test_0010,point_cluster,1.1570111649379684,30.64927574420702,0.5153795948070072,0.00393794197589159,0.0009677999914856628
P06_concat_scalar_plus_sincos_Pcyc,1,point_cluster_test_0011,point_cluster,4.099726460318745,28.779499599733715,0.3407432637733586,0.006209272891283035,0.0009816200035857037
P06_concat_scalar_plus_sincos_Pcyc,1,point_cluster_test_0012,point_cluster,1.9899112688756255,30.66640947043166,0.4895296761107947,0.0038078902289271355,0.0009517459984635934
P06_concat_scalar_plus_sincos_Pcyc,1,point_cluster_test_0013,point_cluster,1.411313197938732,30.864382652639936,0.4962598887304832,0.00410167220979929,0.0009472069941693917
P06_concat_scalar_plus_sincos_Pcyc,1,point_cluster_test_0014,point_cluster,1.3651423314886182,32.90997430907244,0.6206689517409423,0.002879768144339323,0.0009608760010451078
P06_concat_scalar_plus_sincos_Pcyc,1,point_cluster_test_0015,point_cluster,1.53489939663386,32.53498560361432,0.5921318335238144,0.003034662688151002,0.0009705949923954904
P06_concat_scalar_plus_sincos_Pcyc,1,point_cluster_test_0016,point_cluster,1.5067808059032717,30.098196251500166,0.5085307152466194,0.004505262244492769,0.0009657720074756071
P06_concat_scalar_plus_sincos_Pcyc,1,point_cluster_test_0017,point_cluster,1.8980418924747653,33.36365063646685,0.7371287994894281,0.0026398366317152977,0.0009633839945308864
P06_concat_scalar_plus_sincos_Pcyc,1,point_cluster_test_0018,point_cluster,4.8510740824163125,28.87726495724699,0.37820816370747123,0.005435141269117594,0.0009807560127228498
P06_concat_scalar_plus_sincos_Pcyc,1,point_cluster_test_0019,point_cluster,2.263215161981708,31.346618194552477,0.5134358108541008,0.004256349056959152,0.0009635539900045842
P06_concat_scalar_plus_sincos_Pcyc,2,line_test_0000,line,1.5088689948806053,29.054498355067686,0.4815095536790481,0.0027503028977662325,0.00101269299921114
P06_concat_scalar_plus_sincos_Pcyc,2,line_test_0001,line,1.5000541541683927,24.149154871547424,0.3055329183884439,0.00925497803837061,0.0009881339938146994
P06_concat_scalar_plus_sincos_Pcyc,2,line_test_0002,line,2.0160348036780498,27.157320055439442,0.37294605358121413,0.005933322478085756,0.0009772320045158267
P06_concat_scalar_plus_sincos_Pcyc,2,line_test_0003,line,9.682764744355007,24.05112167795467,0.12152060808055122,0.010670970194041729,0.0009797689999686554
P06_concat_scalar_plus_sincos_Pcyc,2,line_test_0004,line,2.003343087517297,33.62085316498801,0.6848169873009622,0.0012607639655470848,0.0009715699998196214
P06_concat_scalar_plus_sincos_Pcyc,2,line_test_0005,line,2.733741179415423,28.049436999956548,0.3832755820388679,0.005298700649291277,0.0009596909949323162
P06_concat_scalar_plus_sincos_Pcyc,2,line_test_0006,line,5.640351083577161,24.085979863549596,0.1693749976506143,0.009186286479234695,0.0009823589934967458
P06_concat_scalar_plus_sincos_Pcyc,2,line_test_0007,line,2.3529159319539117,26.072838295663413,0.3358025517297772,0.005440307781100273,0.0009768490126589313
P06_concat_scalar_plus_sincos_Pcyc,2,line_test_0008,line,1.0171796354086666,25.746769421749384,0.4171248801340288,0.006647939328104258,0.0013531939912354574
P06_concat_scalar_plus_sincos_Pcyc,2,line_test_0009,line,1.5152760345052474,28.40190219867025,0.4303605196209898,0.0038351675029844046,0.0009832790092332289
P06_concat_scalar_plus_sincos_Pcyc,2,line_test_0010,line,2.107137704468425,29.182745950801603,0.46615186354242605,0.003840287448838353,0.0009782499982975423
P06_concat_scalar_plus_sincos_Pcyc,2,line_test_0011,line,1.0913585936987522,27.367214592015003,0.3365146324246646,0.0027192288544028997,0.0009672919986769557
P06_concat_scalar_plus_sincos_Pcyc,2,line_test_0012,line,1.6807300778314116,27.426939753225412,0.38874709710454164,0.005255924537777901,0.0009570500114932656
P06_concat_scalar_plus_sincos_Pcyc,2,line_test_0013,line,1.514992145278094,25.20963159235264,0.40117459722594917,0.007606847211718559,0.0009663810051279142
P06_concat_scalar_plus_sincos_Pcyc,2,line_test_0014,line,1.439989876054781,33.24636644124128,0.6597847632071838,0.0011485475115478039,0.0009617000032449141
P06_concat_scalar_plus_sincos_Pcyc,2,line_test_0015,line,4.908941749663997,28.479217066310607,0.3839144577093,0.004049519542604685,0.0009475359984207898
P06_concat_scalar_plus_sincos_Pcyc,2,line_test_0016,line,1.7423235932748093,25.79172213915676,0.30868924909949846,0.006980093661695719,0.0010053180012619123
P06_concat_scalar_plus_sincos_Pcyc,2,line_test_0017,line,1.1998555679428269,31.303713106870244,0.5558448714977441,0.0011479839449748397,0.001001238008029759
P06_concat_scalar_plus_sincos_Pcyc,2,line_test_0018,line,1.9371442042605753,26.496983903574645,0.3285888078190143,0.006060281302779913,0.000963953003520146
P06_concat_scalar_plus_sincos_Pcyc,2,line_test_0019,line,2.9134555758196945,24.657004575864576,0.2420801879325741,0.008034651167690754,0.0009639670024625957
P06_concat_scalar_plus_sincos_Pcyc,2,cross_test_0000,cross,4.222989059368259,25.924164990059587,0.23615769142629597,0.008622590452432632,0.000961844008998014
P06_concat_scalar_plus_sincos_Pcyc,2,cross_test_0001,cross,1.06265654674919,26.236745133383334,0.4681422198037985,0.00710342125967145,0.0009630489948904142
P06_concat_scalar_plus_sincos_Pcyc,2,cross_test_0002,cross,1.543101208862379,28.48104413774616,0.4308458945305948,0.0030193256679922342,0.0009643060038797557
P06_concat_scalar_plus_sincos_Pcyc,2,cross_test_0003,cross,1.2594412429594046,26.631121524469602,0.4566305072835679,0.0057226368226110935,0.0009586170053808019
P06_concat_scalar_plus_sincos_Pcyc,2,cross_test_0004,cross,1.4130946567093563,26.36397670274336,0.4421650669388722,0.006604121066629887,0.0009663200034992769
P06_concat_scalar_plus_sincos_Pcyc,2,cross_test_0005,cross,4.2160422591910285,24.915662205084775,0.16828250322284352,0.01084993313997984,0.0009707870049169287
P06_concat_scalar_plus_sincos_Pcyc,2,cross_test_0006,cross,1.4389325335654368,27.1398381389994,0.4853109165803923,0.0037722382694482803,0.0009736599895404652
P06_concat_scalar_plus_sincos_Pcyc,2,cross_test_0007,cross,2.7208985207016245,29.584201071327207,0.5115519309146966,0.003164395922794938,0.0009677509951870888
P06_concat_scalar_plus_sincos_Pcyc,2,cross_test_0008,cross,1.6983306372089266,25.66581152742299,0.2911241207580905,0.008272935636341572,0.0009531579999020323
P06_concat_scalar_plus_sincos_Pcyc,2,cross_test_0009,cross,3.1013891326675784,27.964036879114722,0.37171821622156986,0.004260229878127575,0.0009555439901305363
P06_concat_scalar_plus_sincos_Pcyc,2,cross_test_0010,cross,4.898072177737435,25.14726492814625,0.1699625269909666,0.009844197891652584,0.0009625529928598553
P06_concat_scalar_plus_sincos_Pcyc,2,cross_test_0011,cross,1.7708073288879864,24.83244611938908,0.2579464158510523,0.009320850484073162,0.0009646870021242648
P06_concat_scalar_plus_sincos_Pcyc,2,cross_test_0012,cross,1.81861969188577,29.069184090013547,0.5104515299124197,0.003453552257269621,0.0009746689902385697
P06_concat_scalar_plus_sincos_Pcyc,2,cross_test_0013,cross,2.7804387912334296,27.221107111053374,0.28017986341395795,0.00755804730579257,0.0009696830093162134
P06_concat_scalar_plus_sincos_Pcyc,2,cross_test_0014,cross,1.306548438448487,26.542268951287365,0.350864797220013,0.00500784395262599,0.000961733006988652
P06_concat_scalar_plus_sincos_Pcyc,2,L_shape_test_0000,L-shape,1.6240033668016587,24.06630514263156,0.20600830141400722,0.009622536599636078,0.000963632992352359
P06_concat_scalar_plus_sincos_Pcyc,2,L_shape_test_0001,L-shape,1.411741996275944,26.165900375398618,0.40517355188369014,0.005798321682959795,0.0009646490070736036
P06_concat_scalar_plus_sincos_Pcyc,2,L_shape_test_0002,L-shape,2.4059233768210295,23.468102905638162,0.17394852085175835,0.013558294624090195,0.0009631209977669641
P06_concat_scalar_plus_sincos_Pcyc,2,L_shape_test_0003,L-shape,1.5508680051781771,25.582550427783012,0.2968502803808977,0.006755038630217314,0.0009811189956963062
P06_concat_scalar_plus_sincos_Pcyc,2,L_shape_test_0004,L-shape,1.4332426798343614,24.21718770590585,0.2183372742319374,0.008576647378504276,0.0012811059859814122
P06_concat_scalar_plus_sincos_Pcyc,2,L_shape_test_0005,L-shape,1.4106338329806742,25.645576485423636,0.28288001772799276,0.006618369370698929,0.0009800400002859533
P06_concat_scalar_plus_sincos_Pcyc,2,L_shape_test_0006,L-shape,1.538681180889621,29.289593993305086,0.46360037294949574,0.0030184711795300245,0.0009719989902805537
P06_concat_scalar_plus_sincos_Pcyc,2,L_shape_test_0007,L-shape,1.33174009323658,25.755326469635364,0.32462815277321144,0.005655854009091854,0.0009725160052767023
P06_concat_scalar_plus_sincos_Pcyc,2,L_shape_test_0008,L-shape,1.7883086245123214,27.949983614684335,0.36106327496809515,0.004358241334557533,0.0009859920101007447
P06_concat_scalar_plus_sincos_Pcyc,2,L_shape_test_0009,L-shape,2.5291537941848263,22.37348762208377,0.14224621969505657,0.017057258635759354,0.0009609859989723191
P06_concat_scalar_plus_sincos_Pcyc,2,L_shape_test_0010,L-shape,1.6700031597868914,28.37527919440535,0.42568631182162653,0.0032904865220189095,0.0009708849975140765
P06_concat_scalar_plus_sincos_Pcyc,2,L_shape_test_0011,L-shape,1.3733567128079631,32.00201037840812,0.5897210880368962,0.0015165386721491814,0.0009745830029714853
P06_concat_scalar_plus_sincos_Pcyc,2,L_shape_test_0012,L-shape,1.136533319344723,26.202517212978677,0.3230212204959894,0.004194752778857946,0.0009821809944696724
P06_concat_scalar_plus_sincos_Pcyc,2,L_shape_test_0013,L-shape,1.1826146773659367,26.533760706805843,0.32598043769833357,0.00420039938762784,0.0009734179911902174
P06_concat_scalar_plus_sincos_Pcyc,2,L_shape_test_0014,L-shape,1.7100200390720999,29.862785889725455,0.4739106623821645,0.0028727296739816666,0.0009741929970914498
P06_concat_scalar_plus_sincos_Pcyc,2,L_shape_test_0015,L-shape,1.4070553656015812,24.38251170982101,0.2686378662195485,0.008901975117623806,0.0009822900028666481
P06_concat_scalar_plus_sincos_Pcyc,2,L_shape_test_0016,L-shape,1.2670223841610098,26.382911032169368,0.3343401769595786,0.004901990294456482,0.000968320993706584
P06_concat_scalar_plus_sincos_Pcyc,2,L_shape_test_0017,L-shape,1.524779684149254,24.46805055430744,0.29265176188404235,0.008456016890704632,0.0009704050025902689
P06_concat_scalar_plus_sincos_Pcyc,2,L_shape_test_0018,L-shape,1.3994101295259989,24.74020352097746,0.23937473198964473,0.006461120210587978,0.0009646409889683127
P06_concat_scalar_plus_sincos_Pcyc,2,L_shape_test_0019,L-shape,4.621980507545644,26.68172749326114,0.2638836786848473,0.006563959643244743,0.0009604460065020248
P06_concat_scalar_plus_sincos_Pcyc,2,double_line_test_0000,double-line,1.1023736760755405,25.80927828197356,0.3334656760354198,0.00454837316647172,0.0009726040007080883
P06_concat_scalar_plus_sincos_Pcyc,2,double_line_test_0001,double-line,1.3562513635828304,25.31370866274169,0.2815442237001112,0.006725952494889498,0.0009601790079614148
P06_concat_scalar_plus_sincos_Pcyc,2,double_line_test_0002,double-line,1.1213765821591262,30.748316173682177,0.5163344048088944,0.0012995159486308694,0.0009720369998831302
P06_concat_scalar_plus_sincos_Pcyc,2,double_line_test_0003,double-line,1.2270007691707865,24.738839933390274,0.3362058780043424,0.007697716820985079,0.0009780349937500432
P06_concat_scalar_plus_sincos_Pcyc,2,double_line_test_0004,double-line,1.1413251608425303,25.32102937491669,0.3420634079222296,0.006477960851043463,0.0009629470005165786
P06_concat_scalar_plus_sincos_Pcyc,2,double_line_test_0005,double-line,1.0210526234948385,25.90381671388011,0.24710694186268117,0.0033209268003702164,0.0009715559863252565
P06_concat_scalar_plus_sincos_Pcyc,2,double_line_test_0006,double-line,1.5385244573634478,23.43173223855717,0.2657435159819122,0.00967743992805481,0.0009606279927538708
P06_concat_scalar_plus_sincos_Pcyc,2,double_line_test_0007,double-line,5.0567569702161315,24.90368595211593,0.1799015695980137,0.009276305325329304,0.0009685429977253079
P06_concat_scalar_plus_sincos_Pcyc,2,double_line_test_0008,double-line,2.828262467215333,23.852296715170343,0.14894190116314432,0.012714602053165436,0.0009757359948707744
P06_concat_scalar_plus_sincos_Pcyc,2,double_line_test_0009,double-line,1.6982512977669217,25.670032618279258,0.35236971473722634,0.006345987319946289,0.0009728720033308491
P06_concat_scalar_plus_sincos_Pcyc,2,double_line_test_0010,double-line,1.5587490552516705,24.41278150695463,0.29530315307260063,0.008415610529482365,0.0009700290102045983
P06_concat_scalar_plus_sincos_Pcyc,2,double_line_test_0011,double-line,1.0917847707792647,27.60082791785337,0.3565569025835407,0.00309943244792521,0.0009739860106492415
P06_concat_scalar_plus_sincos_Pcyc,2,double_line_test_0012,double-line,2.320327957200935,26.993281362948434,0.371376793415344,0.0049899243749678135,0.000972320995060727
P06_concat_scalar_plus_sincos_Pcyc,2,double_line_test_0013,double-line,1.3776621942339957,23.62097146725555,0.3209604415365062,0.010001946240663528,0.0009663819946581498
P06_concat_scalar_plus_sincos_Pcyc,2,double_line_test_0014,double-line,1.4294805459147333,24.226185435661584,0.266558878209362,0.010806233622133732,0.0009747019939823076
P06_concat_scalar_plus_sincos_Pcyc,2,small_rect_edge_test_0000,small_rect_edge,1.2510523004555298,28.9161133755509,0.45874555672054584,0.0023834570311009884,0.0009740940004121512
P06_concat_scalar_plus_sincos_Pcyc,2,small_rect_edge_test_0001,small_rect_edge,2.5752700957045613,26.688941271632768,0.29597490342456495,0.006401423364877701,0.0009877999982563779
P06_concat_scalar_plus_sincos_Pcyc,2,small_rect_edge_test_0002,small_rect_edge,1.2019854460610528,26.922846786491775,0.3244370468859108,0.003218848956748843,0.0009659460047259927
P06_concat_scalar_plus_sincos_Pcyc,2,small_rect_edge_test_0003,small_rect_edge,4.433997685051594,24.04122399333694,0.163137919960074,0.01077323965728283,0.0009639289928600192
P06_concat_scalar_plus_sincos_Pcyc,2,small_rect_edge_test_0004,small_rect_edge,3.1618570729674365,24.1519348059127,0.19027745549211994,0.010175669565796852,0.0009822150022955611
P06_concat_scalar_plus_sincos_Pcyc,2,small_rect_edge_test_0005,small_rect_edge,1.6857712990394813,27.193731291360645,0.32830520306817773,0.0037914917338639498,0.0009667879930930212
P06_concat_scalar_plus_sincos_Pcyc,2,small_rect_edge_test_0006,small_rect_edge,1.4630095107323096,28.312700090891994,0.4133726323322482,0.005124565679579973,0.0009641409997129813
P06_concat_scalar_plus_sincos_Pcyc,2,small_rect_edge_test_0007,small_rect_edge,1.1806226319034425,28.356570310947205,0.3806384472707379,0.0020397636108100414,0.0009590590052539483
P06_concat_scalar_plus_sincos_Pcyc,2,small_rect_edge_test_0008,small_rect_edge,2.198156989310957,25.00158986106687,0.2162251892941503,0.009564096108078957,0.0009566920052748173
P06_concat_scalar_plus_sincos_Pcyc,2,small_rect_edge_test_0009,small_rect_edge,1.5767888142899904,28.918077500703014,0.42791732316731124,0.0031888678204268217,0.0009799830004340038
P06_concat_scalar_plus_sincos_Pcyc,2,point_cluster_test_0000,point_cluster,5.947036639675933,25.175318222117436,0.2514678015838907,0.006524444092065096,0.0009745960123836994
P06_concat_scalar_plus_sincos_Pcyc,2,point_cluster_test_0001,point_cluster,1.6034383841461957,29.620645370898536,0.5107573127193004,0.0036205823998898268,0.0009739270026329905
P06_concat_scalar_plus_sincos_Pcyc,2,point_cluster_test_0002,point_cluster,4.497103241960126,29.07630998884521,0.4065281459433279,0.004253614228218794,0.000968563006608747
P06_concat_scalar_plus_sincos_Pcyc,2,point_cluster_test_0003,point_cluster,8.314514051108501,26.66572223135138,0.2655908213452761,0.006245112977921963,0.0009692519961390644
P06_concat_scalar_plus_sincos_Pcyc,2,point_cluster_test_0004,point_cluster,1.9254447459096307,28.573078787641887,0.44584100678770855,0.004149801563471556,0.0009643009980209172
P06_concat_scalar_plus_sincos_Pcyc,2,point_cluster_test_0005,point_cluster,1.841927661756681,28.713225638174418,0.41270415994237664,0.004222754389047623,0.0009658339986344799
P06_concat_scalar_plus_sincos_Pcyc,2,point_cluster_test_0006,point_cluster,9.087756179477166,25.483414225941264,0.2162280381961506,0.0070532746613025665,0.0012285800039535388
P06_concat_scalar_plus_sincos_Pcyc,2,point_cluster_test_0007,point_cluster,10.690235928343188,25.318240176541593,0.21240787360544552,0.007122890092432499,0.0009873950039036572
P06_concat_scalar_plus_sincos_Pcyc,2,point_cluster_test_0008,point_cluster,7.408532679770615,26.052719617969377,0.23848133070101524,0.006835734471678734,0.0009766330040292814
P06_concat_scalar_plus_sincos_Pcyc,2,point_cluster_test_0009,point_cluster,5.668016071227007,28.54510486472421,0.43728730087017986,0.0032124544959515333,0.0009600379999028519
P06_concat_scalar_plus_sincos_Pcyc,2,point_cluster_test_0010,point_cluster,2.090574152456746,28.079995451872005,0.3925793831051137,0.004640642087906599,0.0009698419889900833
P06_concat_scalar_plus_sincos_Pcyc,2,point_cluster_test_0011,point_cluster,12.463034133734837,23.950810815859434,0.12063776964798667,0.010298687033355236,0.0009632550063543022
P06_concat_scalar_plus_sincos_Pcyc,2,point_cluster_test_0012,point_cluster,4.062314003173163,27.56701163090223,0.33501668892056286,0.004236942157149315,0.0009726739954203367
P06_concat_scalar_plus_sincos_Pcyc,2,point_cluster_test_0013,point_cluster,3.253496496018976,27.23711316494947,0.2741683624466737,0.007060986943542957,0.0009751870093168691
P06_concat_scalar_plus_sincos_Pcyc,2,point_cluster_test_0014,point_cluster,2.874706620294695,29.675818541833536,0.4615492690253168,0.003394434228539467,0.0013578030047938228
P06_concat_scalar_plus_sincos_Pcyc,2,point_cluster_test_0015,point_cluster,3.163442742506461,29.39418494176637,0.4332206844084203,0.003312226152047515,0.0009743780101416633
P06_concat_scalar_plus_sincos_Pcyc,2,point_cluster_test_0016,point_cluster,3.427732214265563,26.52862824998659,0.3137740348955548,0.006434895563870668,0.0009643270022934303
P06_concat_scalar_plus_sincos_Pcyc,2,point_cluster_test_0017,point_cluster,4.641695303763385,29.479942504313527,0.568118670732712,0.0025318199768662453,0.0009542789921397343
P06_concat_scalar_plus_sincos_Pcyc,2,point_cluster_test_0018,point_cluster,13.769438831762477,24.346481715433917,0.16672504094394366,0.007879958488047123,0.0009672719897935167
P06_concat_scalar_plus_sincos_Pcyc,2,point_cluster_test_0019,point_cluster,6.663438270059346,26.656892575079233,0.266203655820687,0.005839846096932888,0.0009684609976829961
