variant,seed,sample_id,pred_min,pred_max,pred_mean,pred_std,nan_count,inf_count
P00_rsbfilm_scalar_Pcyc,0,line_test_0000,0.0,0.02739012986421585,0.00011110136256320402,0.0010301262373104692,0,0
P00_rsbfilm_scalar_Pcyc,0,line_test_0001,0.0,0.027394946664571762,0.0002202270261477679,0.0012103207409381866,0,0
P00_rsbfilm_scalar_Pcyc,0,line_test_0002,0.0,0.027397319674491882,0.00016465380031149834,0.0011152767110615969,0,0
P00_rsbfilm_scalar_Pcyc,0,line_test_0003,0.0,0.044354334473609924,0.00037028908263891935,0.002276587998494506,0,0
P00_rsbfilm_scalar_Pcyc,0,line_test_0004,0.0,0.027386553585529327,8.905357390176505e-05,0.0009836689569056034,0,0
P00_rsbfilm_scalar_Pcyc,0,line_test_0005,0.0,0.029952600598335266,0.00012969091767445207,0.0010666714515537024,0,0
P00_rsbfilm_scalar_Pcyc,0,line_test_0006,0.0,0.06807684898376465,0.00027138402219861746,0.002012305660173297,0,0
P00_rsbfilm_scalar_Pcyc,0,line_test_0007,0.0,0.02739141881465912,0.00014809805725235492,0.0011038848897442222,0,0
P00_rsbfilm_scalar_Pcyc,0,line_test_0008,0.0,0.027386117726564407,0.0001608580641914159,0.0010723322629928589,0,0
P00_rsbfilm_scalar_Pcyc,0,line_test_0009,0.0,0.027392208576202393,0.00015312826144509017,0.0011272154515609145,0,0
P00_rsbfilm_scalar_Pcyc,0,line_test_0010,0.0,0.02738896757364273,0.00014866070705465972,0.0011227679206058383,0,0
P00_rsbfilm_scalar_Pcyc,0,line_test_0011,0.0,0.14453941583633423,0.00016793359827715904,0.002472423715516925,0,0
P00_rsbfilm_scalar_Pcyc,0,line_test_0012,0.0,0.029674559831619263,0.0001701679138932377,0.0012211148859933019,0,0
P00_rsbfilm_scalar_Pcyc,0,line_test_0013,0.0,0.027394503355026245,0.00015079994045663625,0.001074599102139473,0,0
P00_rsbfilm_scalar_Pcyc,0,line_test_0014,0.0,0.027375895529985428,9.598091128282249e-05,0.0009694727486930788,0,0
P00_rsbfilm_scalar_Pcyc,0,line_test_0015,0.0,0.03491544723510742,0.00015342797269113362,0.0012040891451761127,0,0
P00_rsbfilm_scalar_Pcyc,0,line_test_0016,0.0,0.027391858398914337,0.0001722072047414258,0.0011292984709143639,0,0
P00_rsbfilm_scalar_Pcyc,0,line_test_0017,0.0,0.18623226881027222,0.00014719963655807078,0.002797289052978158,0,0
P00_rsbfilm_scalar_Pcyc,0,line_test_0018,0.0,0.03491188585758209,0.00015911234368104488,0.0011417845962569118,0,0
P00_rsbfilm_scalar_Pcyc,0,line_test_0019,0.0,0.02740812674164772,0.00013511399447452277,0.0010736119002103806,0,0
P00_rsbfilm_scalar_Pcyc,0,cross_test_0000,0.0,0.04604482650756836,0.0002108613116433844,0.001342774834483862,0,0
P00_rsbfilm_scalar_Pcyc,0,cross_test_0001,0.0,0.02739708125591278,0.00012707254791166633,0.0010223394492641091,0,0
P00_rsbfilm_scalar_Pcyc,0,cross_test_0002,0.0,0.06781643629074097,0.0001591478503542021,0.0014790445566177368,0,0
P00_rsbfilm_scalar_Pcyc,0,cross_test_0003,0.0,0.028790712356567383,0.0001844755170168355,0.0012141276383772492,0,0
P00_rsbfilm_scalar_Pcyc,0,cross_test_0004,0.0,0.027409136295318604,0.00016151547606568784,0.0011096855159848928,0,0
P00_rsbfilm_scalar_Pcyc,0,cross_test_0005,0.0,0.02739895135164261,0.0002702578203752637,0.0013603555271402001,0,0
P00_rsbfilm_scalar_Pcyc,0,cross_test_0006,0.0,0.027388159185647964,0.0001393220736645162,0.0010811692336574197,0,0
P00_rsbfilm_scalar_Pcyc,0,cross_test_0007,0.0,0.02737985923886299,0.00014724041102454066,0.0011066497536376119,0,0
P00_rsbfilm_scalar_Pcyc,0,cross_test_0008,0.0,0.0399838387966156,0.00027824213611893356,0.001514226314611733,0,0
P00_rsbfilm_scalar_Pcyc,0,cross_test_0009,0.0,0.02737608179450035,0.0001548890140838921,0.0011774954618886113,0,0
P00_rsbfilm_scalar_Pcyc,0,cross_test_0010,0.0,0.027398131787776947,0.00018902088049799204,0.0012382364366203547,0,0
P00_rsbfilm_scalar_Pcyc,0,cross_test_0011,0.0,0.02795994281768799,0.00036085007013753057,0.0017874062759801745,0,0
P00_rsbfilm_scalar_Pcyc,0,cross_test_0012,0.0,0.02738763764500618,0.00018393498612567782,0.0012657467741519213,0,0
P00_rsbfilm_scalar_Pcyc,0,cross_test_0013,0.0,0.036836087703704834,0.00019808587967418134,0.0011943725403398275,0,0
P00_rsbfilm_scalar_Pcyc,0,cross_test_0014,0.0,0.02993963658809662,0.00014964256843086332,0.0011159691493958235,0,0
P00_rsbfilm_scalar_Pcyc,0,L_shape_test_0000,0.0,0.027394667267799377,0.0002849815064109862,0.001390292658470571,0,0
P00_rsbfilm_scalar_Pcyc,0,L_shape_test_0001,0.0,0.027388330549001694,0.00012342579429969192,0.0010315097169950604,0,0
P00_rsbfilm_scalar_Pcyc,0,L_shape_test_0002,0.0,0.027396511286497116,0.00033606801298446953,0.00161356118042022,0,0
P00_rsbfilm_scalar_Pcyc,0,L_shape_test_0003,0.0,0.04558604955673218,0.00021547001961153,0.0013358327560126781,0,0
P00_rsbfilm_scalar_Pcyc,0,L_shape_test_0004,0.0,0.027371350675821304,0.00017860661318991333,0.0010871585691347718,0,0
P00_rsbfilm_scalar_Pcyc,0,L_shape_test_0005,0.0,0.031216084957122803,0.0002244263596367091,0.001292521832510829,0,0
P00_rsbfilm_scalar_Pcyc,0,L_shape_test_0006,0.0,0.027391910552978516,0.0001018609109451063,0.0009705013944767416,0,0
P00_rsbfilm_scalar_Pcyc,0,L_shape_test_0007,0.0,0.02739744260907173,0.00019699691620189697,0.0011839476646855474,0,0
P00_rsbfilm_scalar_Pcyc,0,L_shape_test_0008,0.0,0.027377504855394363,0.0001333743566647172,0.001023782417178154,0,0
P00_rsbfilm_scalar_Pcyc,0,L_shape_test_0009,0.0,0.04659387469291687,0.00024082894378807396,0.0012703441316261888,0,0
P00_rsbfilm_scalar_Pcyc,0,L_shape_test_0010,0.0,0.027394134551286697,0.0001397604210069403,0.0010742138838395476,0,0
P00_rsbfilm_scalar_Pcyc,0,L_shape_test_0011,0.0,0.02738453820347786,0.00010596102220006287,0.0009793703211471438,0,0
P00_rsbfilm_scalar_Pcyc,0,L_shape_test_0012,0.0,0.027389563620090485,0.00014567800099030137,0.0010769739747047424,0,0
P00_rsbfilm_scalar_Pcyc,0,L_shape_test_0013,0.0,0.027403291314840317,0.00017673811817076057,0.00111998594366014,0,0
P00_rsbfilm_scalar_Pcyc,0,L_shape_test_0014,0.0,0.027374226599931717,0.00012873120431322604,0.0010235649533569813,0,0
P00_rsbfilm_scalar_Pcyc,0,L_shape_test_0015,0.0,0.027396947145462036,0.00015143153723329306,0.0010351333767175674,0,0
P00_rsbfilm_scalar_Pcyc,0,L_shape_test_0016,0.0,0.027389023452997208,0.0001408411917509511,0.0010403485503047705,0,0
P00_rsbfilm_scalar_Pcyc,0,L_shape_test_0017,0.0,0.02741951495409012,0.0002172204985981807,0.001193422474898398,0,0
P00_rsbfilm_scalar_Pcyc,0,L_shape_test_0018,0.0,0.0273851677775383,0.0001657675311435014,0.0010643695713952184,0,0
P00_rsbfilm_scalar_Pcyc,0,L_shape_test_0019,0.0,0.02738889306783676,0.00015974337293300778,0.0011369810672476888,0,0
P00_rsbfilm_scalar_Pcyc,0,double_line_test_0000,0.0,0.057123005390167236,0.00013929280976299196,0.0012769228778779507,0,0
P00_rsbfilm_scalar_Pcyc,0,double_line_test_0001,0.0,0.05452564358711243,0.00030019175028428435,0.001786771579645574,0,0
P00_rsbfilm_scalar_Pcyc,0,double_line_test_0002,0.0,0.10386747121810913,0.00012978111044503748,0.0017191885272040963,0,0
P00_rsbfilm_scalar_Pcyc,0,double_line_test_0003,0.0,0.027390561997890472,0.00013812379620503634,0.0010132718598470092,0,0
P00_rsbfilm_scalar_Pcyc,0,double_line_test_0004,0.0,0.02738111838698387,0.00021605055371765047,0.0012511995155364275,0,0
P00_rsbfilm_scalar_Pcyc,0,double_line_test_0005,0.0,0.11570507287979126,0.00015149202954489738,0.001694372738711536,0,0
P00_rsbfilm_scalar_Pcyc,0,double_line_test_0006,0.0,0.05263233184814453,0.00030751695157960057,0.0017138171242550015,0,0
P00_rsbfilm_scalar_Pcyc,0,double_line_test_0007,0.0,0.027386631816625595,0.00015306173008866608,0.0010353527031838894,0,0
P00_rsbfilm_scalar_Pcyc,0,double_line_test_0008,0.0,0.046821653842926025,0.00023178913397714496,0.0013690104242414236,0,0
P00_rsbfilm_scalar_Pcyc,0,double_line_test_0009,0.0,0.027417100965976715,0.0001566966820973903,0.001062267692759633,0,0
P00_rsbfilm_scalar_Pcyc,0,double_line_test_0010,0.0,0.02740781009197235,0.00016124339890666306,0.0010569441365078092,0,0
P00_rsbfilm_scalar_Pcyc,0,double_line_test_0011,0.0,0.02738325297832489,0.00010721921717049554,0.0009700373047962785,0,0
P00_rsbfilm_scalar_Pcyc,0,double_line_test_0012,0.0,0.02738560363650322,0.0001114988190238364,0.0009836051613092422,0,0
P00_rsbfilm_scalar_Pcyc,0,double_line_test_0013,0.0,0.027428001165390015,0.0001806700020097196,0.0010827912483364344,0,0
P00_rsbfilm_scalar_Pcyc,0,double_line_test_0014,0.0,0.06161302328109741,0.0003247423155698925,0.0015737626235932112,0,0
P00_rsbfilm_scalar_Pcyc,0,small_rect_edge_test_0000,0.0,0.04796469211578369,0.00013714985107071698,0.0012297742068767548,0,0
P00_rsbfilm_scalar_Pcyc,0,small_rect_edge_test_0001,0.0,0.04133103787899017,0.0001663402799749747,0.001249718014150858,0,0
P00_rsbfilm_scalar_Pcyc,0,small_rect_edge_test_0002,0.0,0.09117990732192993,0.00017632100207265466,0.001750025199726224,0,0
P00_rsbfilm_scalar_Pcyc,0,small_rect_edge_test_0003,0.0,0.04304388165473938,0.00018900669238064438,0.001176311168819666,0,0
P00_rsbfilm_scalar_Pcyc,0,small_rect_edge_test_0004,0.0,0.0581190288066864,0.0003099523892160505,0.0018501316662877798,0,0
P00_rsbfilm_scalar_Pcyc,0,small_rect_edge_test_0005,0.0,0.055063068866729736,0.00022929308761376888,0.0014456325443461537,0,0
P00_rsbfilm_scalar_Pcyc,0,small_rect_edge_test_0006,0.0,0.027384359389543533,0.00024227843096014112,0.0013784761540591717,0,0
P00_rsbfilm_scalar_Pcyc,0,small_rect_edge_test_0007,0.0,0.050714850425720215,0.00012892579252365977,0.001265196013264358,0,0
P00_rsbfilm_scalar_Pcyc,0,small_rect_edge_test_0008,0.0,0.11726081371307373,0.00035338845918886364,0.0023070191964507103,0,0
P00_rsbfilm_scalar_Pcyc,0,small_rect_edge_test_0009,0.0,0.027378231287002563,0.00015832058852538466,0.0010915203019976616,0,0
P00_rsbfilm_scalar_Pcyc,0,point_cluster_test_0000,0.0,0.02738332375884056,0.00017579617269802839,0.0011437427019700408,0,0
P00_rsbfilm_scalar_Pcyc,0,point_cluster_test_0001,0.0,0.0377633273601532,0.00019233168859500438,0.0012699487851932645,0,0
P00_rsbfilm_scalar_Pcyc,0,point_cluster_test_0002,0.0,0.03513896465301514,0.00020760735787916929,0.001425037276931107,0,0
P00_rsbfilm_scalar_Pcyc,0,point_cluster_test_0003,0.0,0.03182205557823181,0.00015852184151299298,0.0011725894873961806,0,0
P00_rsbfilm_scalar_Pcyc,0,point_cluster_test_0004,0.0,0.0314980149269104,0.000260285654803738,0.0014604590833187103,0,0
P00_rsbfilm_scalar_Pcyc,0,point_cluster_test_0005,0.0,0.03852000832557678,0.0002261622721562162,0.001391866011545062,0,0
P00_rsbfilm_scalar_Pcyc,0,point_cluster_test_0006,0.0,0.17409348487854004,0.00023642824089620262,0.002402741461992264,0,0
P00_rsbfilm_scalar_Pcyc,0,point_cluster_test_0007,0.0,0.04165303707122803,0.0002548831980675459,0.001610803185030818,0,0
P00_rsbfilm_scalar_Pcyc,0,point_cluster_test_0008,0.0,0.027389783412218094,0.00023589965712744743,0.0015163407661020756,0,0
P00_rsbfilm_scalar_Pcyc,0,point_cluster_test_0009,0.0,0.045727044343948364,0.0001324498443864286,0.0011426632991060615,0,0
P00_rsbfilm_scalar_Pcyc,0,point_cluster_test_0010,0.0,0.02740023285150528,0.00017121424025390297,0.0011407111305743456,0,0
P00_rsbfilm_scalar_Pcyc,0,point_cluster_test_0011,0.0,0.06874266266822815,0.00034622239763848484,0.0021982835605740547,0,0
P00_rsbfilm_scalar_Pcyc,0,point_cluster_test_0012,0.0,0.05499988794326782,0.00018377766537014395,0.0014524883590638638,0,0
P00_rsbfilm_scalar_Pcyc,0,point_cluster_test_0013,0.0,0.03432002663612366,0.00036784805706702173,0.0018734222976490855,0,0
P00_rsbfilm_scalar_Pcyc,0,point_cluster_test_0014,0.0,0.03058353066444397,0.00014938718231860548,0.0011702675838023424,0,0
P00_rsbfilm_scalar_Pcyc,0,point_cluster_test_0015,0.0,0.04257124662399292,0.0002131558721885085,0.0015606812667101622,0,0
P00_rsbfilm_scalar_Pcyc,0,point_cluster_test_0016,0.0,0.027395334094762802,0.0002842326066456735,0.001538759795948863,0,0
P00_rsbfilm_scalar_Pcyc,0,point_cluster_test_0017,0.0,0.08338931202888489,0.00019083071674685925,0.0016970362048596144,0,0
P00_rsbfilm_scalar_Pcyc,0,point_cluster_test_0018,0.0,0.04099816083908081,0.00020587356993928552,0.0013685679296031594,0,0
P00_rsbfilm_scalar_Pcyc,0,point_cluster_test_0019,0.0,0.027389120310544968,0.00011663691839203238,0.000992477755062282,0,0
P00_rsbfilm_scalar_Pcyc,1,line_test_0000,0.0,0.03833772614598274,0.000289873278234154,0.0014569699997082353,0,0
P00_rsbfilm_scalar_Pcyc,1,line_test_0001,0.0,0.04309820383787155,0.0006220245268195868,0.0025297352112829685,0,0
P00_rsbfilm_scalar_Pcyc,1,line_test_0002,0.0,0.06176663935184479,0.0005951258935965598,0.003016234375536442,0,0
P00_rsbfilm_scalar_Pcyc,1,line_test_0003,0.0,0.09645450115203857,0.0007131228921934962,0.004285091534256935,0,0
P00_rsbfilm_scalar_Pcyc,1,line_test_0004,0.0,0.025316759943962097,0.00023464573314413428,0.000992454937659204,0,0
P00_rsbfilm_scalar_Pcyc,1,line_test_0005,0.0,0.0246545672416687,0.0002973309892695397,0.0012015083339065313,0,0
P00_rsbfilm_scalar_Pcyc,1,line_test_0006,0.0,0.07388311624526978,0.0004883143701590598,0.00295396544970572,0,0
P00_rsbfilm_scalar_Pcyc,1,line_test_0007,0.0,0.028589673340320587,0.00035120826214551926,0.001405663089826703,0,0
P00_rsbfilm_scalar_Pcyc,1,line_test_0008,0.0,0.021365076303482056,0.00042276078602299094,0.001519903657026589,0,0
P00_rsbfilm_scalar_Pcyc,1,line_test_0009,0.0,0.03819963335990906,0.00040341069689020514,0.0019714366644620895,0,0
P00_rsbfilm_scalar_Pcyc,1,line_test_0010,0.0,0.0491829589009285,0.00036248157266527414,0.001935349078848958,0,0
P00_rsbfilm_scalar_Pcyc,1,line_test_0011,0.0,0.05306115746498108,0.00038553899503313005,0.0015520773595198989,0,0
P00_rsbfilm_scalar_Pcyc,1,line_test_0012,0.0,0.057414039969444275,0.00042744367965497077,0.002244974486529827,0,0
P00_rsbfilm_scalar_Pcyc,1,line_test_0013,0.0,0.03470265865325928,0.0004653526411857456,0.0020244503393769264,0,0
P00_rsbfilm_scalar_Pcyc,1,line_test_0014,0.0,0.022812366485595703,0.00023603324370924383,0.000969693239312619,0,0
P00_rsbfilm_scalar_Pcyc,1,line_test_0015,0.0,0.06482119858264923,0.0003990081313531846,0.002403824357315898,0,0
P00_rsbfilm_scalar_Pcyc,1,line_test_0016,0.0,0.03986760228872299,0.000548315467312932,0.002447525504976511,0,0
P00_rsbfilm_scalar_Pcyc,1,line_test_0017,0.0,0.05459320545196533,0.0002880101674236357,0.001320921117439866,0,0
P00_rsbfilm_scalar_Pcyc,1,line_test_0018,0.0,0.04805228114128113,0.0004222799325361848,0.0020369947887957096,0,0
P00_rsbfilm_scalar_Pcyc,1,line_test_0019,0.0,0.01994052529335022,0.0003375630476512015,0.001278520212508738,0,0
P00_rsbfilm_scalar_Pcyc,1,cross_test_0000,0.0,0.06339608132839203,0.000589253380894661,0.002856777748093009,0,0
P00_rsbfilm_scalar_Pcyc,1,cross_test_0001,0.0,0.0355791300535202,0.0003908129583578557,0.001445732661522925,0,0
P00_rsbfilm_scalar_Pcyc,1,cross_test_0002,0.0,0.034083664417266846,0.00039207760710269213,0.001773304888047278,0,0
P00_rsbfilm_scalar_Pcyc,1,cross_test_0003,0.0,0.05141031742095947,0.0006470874068327248,0.003201667685061693,0,0
P00_rsbfilm_scalar_Pcyc,1,cross_test_0004,0.0,0.0703357383608818,0.0005681844777427614,0.002862299792468548,0,0
P00_rsbfilm_scalar_Pcyc,1,cross_test_0005,0.0,0.03528475761413574,0.0005792788579128683,0.0021759234368801117,0,0
P00_rsbfilm_scalar_Pcyc,1,cross_test_0006,0.0,0.030978403985500336,0.00026511738542467356,0.0010932839941233397,0,0
P00_rsbfilm_scalar_Pcyc,1,cross_test_0007,0.0,0.026762641966342926,0.00031329839839600027,0.001459374907426536,0,0
P00_rsbfilm_scalar_Pcyc,1,cross_test_0008,0.0,0.0856444239616394,0.0008570025092922151,0.004466627258807421,0,0
P00_rsbfilm_scalar_Pcyc,1,cross_test_0009,0.0,0.03962484747171402,0.00035289619700051844,0.0016897417372092605,0,0
P00_rsbfilm_scalar_Pcyc,1,cross_test_0010,0.0,0.04158145189285278,0.00046613276936113834,0.002160190837457776,0,0
P00_rsbfilm_scalar_Pcyc,1,cross_test_0011,0.0,0.10027998685836792,0.0010173791088163853,0.005167381837964058,0,0
P00_rsbfilm_scalar_Pcyc,1,cross_test_0012,0.0,0.04804230481386185,0.00041211285861209035,0.0020072113256901503,0,0
P00_rsbfilm_scalar_Pcyc,1,cross_test_0013,0.0,0.05752328038215637,0.0005809602444060147,0.002534171799197793,0,0
P00_rsbfilm_scalar_Pcyc,1,cross_test_0014,0.0,0.023497462272644043,0.00036878345417790115,0.0015917191049084067,0,0
P00_rsbfilm_scalar_Pcyc,1,L_shape_test_0000,0.0,0.06757038831710815,0.0008933163480833173,0.004162171855568886,0,0
P00_rsbfilm_scalar_Pcyc,1,L_shape_test_0001,0.0,0.021279513835906982,0.0003394322411622852,0.0013235746882855892,0,0
P00_rsbfilm_scalar_Pcyc,1,L_shape_test_0002,0.0,0.06388166546821594,0.0007543795509263873,0.003192964708432555,0,0
P00_rsbfilm_scalar_Pcyc,1,L_shape_test_0003,0.0,0.06167301535606384,0.0005155394901521504,0.0022416580468416214,0,0
P00_rsbfilm_scalar_Pcyc,1,L_shape_test_0004,0.0,0.030752629041671753,0.0005911617772653699,0.001960087101906538,0,0
P00_rsbfilm_scalar_Pcyc,1,L_shape_test_0005,0.0,0.03900621831417084,0.0005514233489520848,0.0023510928731411695,0,0
P00_rsbfilm_scalar_Pcyc,1,L_shape_test_0006,0.0,0.02587205171585083,0.00031527027022093534,0.001287437160499394,0,0
P00_rsbfilm_scalar_Pcyc,1,L_shape_test_0007,0.0,0.03866799175739288,0.0005589050124399364,0.0022581133525818586,0,0
P00_rsbfilm_scalar_Pcyc,1,L_shape_test_0008,0.0,0.03485652804374695,0.0003939982852898538,0.0015906330663710833,0,0
P00_rsbfilm_scalar_Pcyc,1,L_shape_test_0009,0.0,0.044447898864746094,0.0006319580134004354,0.002298457780852914,0,0
P00_rsbfilm_scalar_Pcyc,1,L_shape_test_0010,0.0,0.04856421798467636,0.00046946670045144856,0.002143122488632798,0,0
P00_rsbfilm_scalar_Pcyc,1,L_shape_test_0011,0.0,0.018048249185085297,0.00026900440570898354,0.001003027893602848,0,0
P00_rsbfilm_scalar_Pcyc,1,L_shape_test_0012,0.0,0.045766159892082214,0.0004671456408686936,0.0019920922350138426,0,0
P00_rsbfilm_scalar_Pcyc,1,L_shape_test_0013,0.0,0.029923662543296814,0.00045481359120458364,0.0016848031664267182,0,0
P00_rsbfilm_scalar_Pcyc,1,L_shape_test_0014,0.0,0.03670850396156311,0.0003759561514016241,0.0016459510661661625,0,0
P00_rsbfilm_scalar_Pcyc,1,L_shape_test_0015,0.0,0.033569321036338806,0.0005429367301985621,0.002019129227846861,0,0
P00_rsbfilm_scalar_Pcyc,1,L_shape_test_0016,0.0,0.033695049583911896,0.0004659827391151339,0.0018753703916445374,0,0
P00_rsbfilm_scalar_Pcyc,1,L_shape_test_0017,0.0,0.04283980280160904,0.0006945316563360393,0.0028041654732078314,0,0
P00_rsbfilm_scalar_Pcyc,1,L_shape_test_0018,0.0,0.04144531488418579,0.0004474447632674128,0.001720203086733818,0,0
P00_rsbfilm_scalar_Pcyc,1,L_shape_test_0019,0.0,0.06324827671051025,0.0004407718079164624,0.0021032586228102446,0,0
P00_rsbfilm_scalar_Pcyc,1,double_line_test_0000,0.0,0.04020854830741882,0.0003486050700303167,0.00161185662727803,0,0
P00_rsbfilm_scalar_Pcyc,1,double_line_test_0001,0.0,0.11008495092391968,0.001058804104104638,0.005613347049802542,0,0
P00_rsbfilm_scalar_Pcyc,1,double_line_test_0002,0.0,0.044884055852890015,0.0002471867192070931,0.0010647947201505303,0,0
P00_rsbfilm_scalar_Pcyc,1,double_line_test_0003,0.0,0.019876748323440552,0.00044512402382679284,0.0013723401352763176,0,0
P00_rsbfilm_scalar_Pcyc,1,double_line_test_0004,0.0,0.05066999793052673,0.0006722886464558542,0.003108241828158498,0,0
P00_rsbfilm_scalar_Pcyc,1,double_line_test_0005,0.0,0.07971435785293579,0.0003610482963267714,0.001684666727669537,0,0
P00_rsbfilm_scalar_Pcyc,1,double_line_test_0006,0.0,0.05310741811990738,0.0008578235865570605,0.003524631727486849,0,0
P00_rsbfilm_scalar_Pcyc,1,double_line_test_0007,0.0,0.031532108783721924,0.0004646320012398064,0.0017657651333138347,0,0
P00_rsbfilm_scalar_Pcyc,1,double_line_test_0008,0.0,0.06257575750350952,0.0005581241566687822,0.0021844080183655024,0,0
P00_rsbfilm_scalar_Pcyc,1,double_line_test_0009,0.0,0.020726189017295837,0.00038236318505369127,0.0014187013730406761,0,0
P00_rsbfilm_scalar_Pcyc,1,double_line_test_0010,0.0,0.03464210778474808,0.0004943882231600583,0.0018185763619840145,0,0
P00_rsbfilm_scalar_Pcyc,1,double_line_test_0011,0.0,0.0179687961935997,0.00034389286884106696,0.001116213039495051,0,0
P00_rsbfilm_scalar_Pcyc,1,double_line_test_0012,0.0,0.022966697812080383,0.00027485645841807127,0.0010592315811663866,0,0
P00_rsbfilm_scalar_Pcyc,1,double_line_test_0013,0.0,0.022361546754837036,0.0004802821495104581,0.0014321591006591916,0,0
P00_rsbfilm_scalar_Pcyc,1,double_line_test_0014,0.0,0.06990617513656616,0.0008966574096120894,0.0037913257256150246,0,0
P00_rsbfilm_scalar_Pcyc,1,small_rect_edge_test_0000,0.0,0.05444756895303726,0.00034215100458823144,0.001912893494591117,0,0
P00_rsbfilm_scalar_Pcyc,1,small_rect_edge_test_0001,0.0,0.04382079839706421,0.0004312736273277551,0.0019606451969593763,0,0
P00_rsbfilm_scalar_Pcyc,1,small_rect_edge_test_0002,0.0,0.035399794578552246,0.00036915336386300623,0.0014126087771728635,0,0
P00_rsbfilm_scalar_Pcyc,1,small_rect_edge_test_0003,0.0,0.026287376880645752,0.0004284484020899981,0.0016486862441524863,0,0
P00_rsbfilm_scalar_Pcyc,1,small_rect_edge_test_0004,0.0,0.09502008557319641,0.0009465422481298447,0.004981012083590031,0,0
P00_rsbfilm_scalar_Pcyc,1,small_rect_edge_test_0005,0.0,0.06734704971313477,0.0006518610753118992,0.0032128242310136557,0,0
P00_rsbfilm_scalar_Pcyc,1,small_rect_edge_test_0006,0.0,0.03370676934719086,0.00041755978600122035,0.0016289124032482505,0,0
P00_rsbfilm_scalar_Pcyc,1,small_rect_edge_test_0007,0.0,0.045345574617385864,0.00030811282340437174,0.0012296958593651652,0,0
P00_rsbfilm_scalar_Pcyc,1,small_rect_edge_test_0008,0.0,0.08498361706733704,0.0009488874347880483,0.0049192230217158794,0,0
P00_rsbfilm_scalar_Pcyc,1,small_rect_edge_test_0009,0.0,0.028290629386901855,0.00037411911762319505,0.0014885192504152656,0,0
P00_rsbfilm_scalar_Pcyc,1,point_cluster_test_0000,0.0,0.042965710163116455,0.00041828921530395746,0.0018001414136961102,0,0
P00_rsbfilm_scalar_Pcyc,1,point_cluster_test_0001,0.0,0.0843534767627716,0.0006747290026396513,0.003482492407783866,0,0
P00_rsbfilm_scalar_Pcyc,1,point_cluster_test_0002,0.0,0.0504896342754364,0.00040348980110138655,0.001986999763175845,0,0
P00_rsbfilm_scalar_Pcyc,1,point_cluster_test_0003,0.0,0.0589999258518219,0.0003708451986312866,0.0019347943598404527,0,0
P00_rsbfilm_scalar_Pcyc,1,point_cluster_test_0004,0.0,0.07382040470838547,0.0007026755483821034,0.0035543327685445547,0,0
P00_rsbfilm_scalar_Pcyc,1,point_cluster_test_0005,0.0,0.048863768577575684,0.000622072140686214,0.003017555456608534,0,0
P00_rsbfilm_scalar_Pcyc,1,point_cluster_test_0006,0.0,0.07437914609909058,0.00035894871689379215,0.0017402236117050052,0,0
P00_rsbfilm_scalar_Pcyc,1,point_cluster_test_0007,0.0,0.05921754240989685,0.0004490938736125827,0.002194179454818368,0,0
P00_rsbfilm_scalar_Pcyc,1,point_cluster_test_0008,0.0,0.060975849628448486,0.0004657315439544618,0.0024258296471089125,0,0
P00_rsbfilm_scalar_Pcyc,1,point_cluster_test_0009,0.0,0.03790655732154846,0.0003148825198877603,0.0015615079319104552,0,0
P00_rsbfilm_scalar_Pcyc,1,point_cluster_test_0010,0.0,0.037377722561359406,0.0005072930362075567,0.0021220226772129536,0,0
P00_rsbfilm_scalar_Pcyc,1,point_cluster_test_0011,0.0,0.0897870659828186,0.0006068032816983759,0.0033118557184934616,0,0
P00_rsbfilm_scalar_Pcyc,1,point_cluster_test_0012,0.0,0.055859386920928955,0.0005533883813768625,0.0030713293235749006,0,0
P00_rsbfilm_scalar_Pcyc,1,point_cluster_test_0013,0.0,0.0961063802242279,0.0010664381552487612,0.005018814466893673,0,0
P00_rsbfilm_scalar_Pcyc,1,point_cluster_test_0014,0.0,0.06526561081409454,0.0004286059702280909,0.002655555959790945,0,0
P00_rsbfilm_scalar_Pcyc,1,point_cluster_test_0015,0.0,0.10166645050048828,0.0005327740800566971,0.003336976980790496,0,0
P00_rsbfilm_scalar_Pcyc,1,point_cluster_test_0016,0.0,0.05158728361129761,0.0005189782823435962,0.002079581143334508,0,0
P00_rsbfilm_scalar_Pcyc,1,point_cluster_test_0017,0.0,0.057350754737854004,0.0004147120926063508,0.002218244131654501,0,0
P00_rsbfilm_scalar_Pcyc,1,point_cluster_test_0018,0.0,0.11791270971298218,0.0005382928648032248,0.003322060452774167,0,0
P00_rsbfilm_scalar_Pcyc,1,point_cluster_test_0019,0.0,0.03367924690246582,0.00030363028054125607,0.0013337972341105342,0,0
P00_rsbfilm_scalar_Pcyc,2,line_test_0000,0.0,0.12076778709888458,0.0012641281355172396,0.005288745276629925,0,0
P00_rsbfilm_scalar_Pcyc,2,line_test_0001,0.0,0.12082616984844208,0.0018037960398942232,0.006337280385196209,0,0
P00_rsbfilm_scalar_Pcyc,2,line_test_0002,0.0,0.12064152956008911,0.001711154473014176,0.0062843626365065575,0,0
P00_rsbfilm_scalar_Pcyc,2,line_test_0003,0.0,0.1435263752937317,0.0019611031748354435,0.0074937185272574425,0,0
P00_rsbfilm_scalar_Pcyc,2,line_test_0004,0.0,0.12068647146224976,0.0011479922104626894,0.005002054385840893,0,0
P00_rsbfilm_scalar_Pcyc,2,line_test_0005,0.0,0.12065058946609497,0.0012118807062506676,0.005007142201066017,0,0
P00_rsbfilm_scalar_Pcyc,2,line_test_0006,0.0,0.1546778678894043,0.001527991727925837,0.006657445803284645,0,0
P00_rsbfilm_scalar_Pcyc,2,line_test_0007,0.0,0.12063370645046234,0.001288505387492478,0.005158739164471626,0,0
P00_rsbfilm_scalar_Pcyc,2,line_test_0008,0.0,0.12060721218585968,0.0012859577545896173,0.005027447827160358,0,0
P00_rsbfilm_scalar_Pcyc,2,line_test_0009,0.0,0.13855284452438354,0.001446933369152248,0.005827384535223246,0,0
P00_rsbfilm_scalar_Pcyc,2,line_test_0010,0.0,0.12058717012405396,0.001391283585689962,0.00548524409532547,0,0
P00_rsbfilm_scalar_Pcyc,2,line_test_0011,0.0,0.19992631673812866,0.0014447644352912903,0.005937948357313871,0,0
P00_rsbfilm_scalar_Pcyc,2,line_test_0012,0.0,0.12069639563560486,0.00159830239135772,0.0060764639638364315,0,0
P00_rsbfilm_scalar_Pcyc,2,line_test_0013,0.0,0.12070129811763763,0.0014453739859163761,0.00541328638792038,0,0
P00_rsbfilm_scalar_Pcyc,2,line_test_0014,0.0,0.12056100368499756,0.0011243277695029974,0.0048982868902385235,0,0
P00_rsbfilm_scalar_Pcyc,2,line_test_0015,0.0,0.12069694697856903,0.0014374733436852694,0.005923491436988115,0,0
P00_rsbfilm_scalar_Pcyc,2,line_test_0016,0.0,0.12062707543373108,0.0017838414059951901,0.006438698153942823,0,0
P00_rsbfilm_scalar_Pcyc,2,line_test_0017,0.0,0.26356327533721924,0.001286256592720747,0.006335187237709761,0,0
P00_rsbfilm_scalar_Pcyc,2,line_test_0018,0.0,0.12058918178081512,0.0014753697905689478,0.005580761004239321,0,0
P00_rsbfilm_scalar_Pcyc,2,line_test_0019,0.0,0.120627760887146,0.0012442648876458406,0.005014916881918907,0,0
P00_rsbfilm_scalar_Pcyc,2,cross_test_0000,0.0,0.12057468295097351,0.001694734557531774,0.006179582327604294,0,0
P00_rsbfilm_scalar_Pcyc,2,cross_test_0001,0.0,0.12063439190387726,0.0012810437474399805,0.0050782193429768085,0,0
P00_rsbfilm_scalar_Pcyc,2,cross_test_0002,0.0,0.12058493494987488,0.001390049117617309,0.00559500977396965,0,0
P00_rsbfilm_scalar_Pcyc,2,cross_test_0003,0.0,0.1659080982208252,0.0018932714592665434,0.008132885210216045,0,0
P00_rsbfilm_scalar_Pcyc,2,cross_test_0004,0.0,0.1205577552318573,0.001627801451832056,0.006154631730169058,0,0
P00_rsbfilm_scalar_Pcyc,2,cross_test_0005,0.0,0.12051084637641907,0.0016173215117305517,0.005609472282230854,0,0
P00_rsbfilm_scalar_Pcyc,2,cross_test_0006,0.0,0.12058360874652863,0.0011239760788157582,0.004940555896610022,0,0
P00_rsbfilm_scalar_Pcyc,2,cross_test_0007,0.0,0.12058374285697937,0.0012331382604315877,0.005129238124936819,0,0
P00_rsbfilm_scalar_Pcyc,2,cross_test_0008,0.0,0.14633020758628845,0.002303442219272256,0.008641201071441174,0,0
P00_rsbfilm_scalar_Pcyc,2,cross_test_0009,0.0,0.12063536047935486,0.0013152630999684334,0.005359351169317961,0,0
P00_rsbfilm_scalar_Pcyc,2,cross_test_0010,0.0,0.12057989835739136,0.001618964015506208,0.005994328763335943,0,0
P00_rsbfilm_scalar_Pcyc,2,cross_test_0011,0.0,0.1663263738155365,0.0024149820674210787,0.008761723525822163,0,0
P00_rsbfilm_scalar_Pcyc,2,cross_test_0012,0.0,0.1205725222826004,0.0014601284638047218,0.0056769647635519505,0,0
P00_rsbfilm_scalar_Pcyc,2,cross_test_0013,0.0,0.1205039769411087,0.0017295395955443382,0.006015990860760212,0,0
P00_rsbfilm_scalar_Pcyc,2,cross_test_0014,0.0,0.1205725222826004,0.0013727679615840316,0.005288709886372089,0,0
P00_rsbfilm_scalar_Pcyc,2,L_shape_test_0000,0.0,0.12066176533699036,0.002195012290030718,0.007352207321673632,0,0
P00_rsbfilm_scalar_Pcyc,2,L_shape_test_0001,0.0,0.12069520354270935,0.0012621214846149087,0.004995746072381735,0,0
P00_rsbfilm_scalar_Pcyc,2,L_shape_test_0002,0.0,0.12057362496852875,0.0019844654016196728,0.0065063065849244595,0,0
P00_rsbfilm_scalar_Pcyc,2,L_shape_test_0003,0.0,0.12063105404376984,0.001611711224541068,0.005705465562641621,0,0
P00_rsbfilm_scalar_Pcyc,2,L_shape_test_0004,0.0,0.12066587805747986,0.0016889201942831278,0.005541801918298006,0,0
P00_rsbfilm_scalar_Pcyc,2,L_shape_test_0005,0.0,0.12202665209770203,0.0016310595674440265,0.005716393701732159,0,0
P00_rsbfilm_scalar_Pcyc,2,L_shape_test_0006,0.0,0.12056772410869598,0.0012440758291631937,0.0051286048255860806,0,0
P00_rsbfilm_scalar_Pcyc,2,L_shape_test_0007,0.0,0.12058378756046295,0.0017947329906746745,0.0064694578759372234,0,0
P00_rsbfilm_scalar_Pcyc,2,L_shape_test_0008,0.0,0.12068802118301392,0.0014344799565151334,0.005304084159433842,0,0
P00_rsbfilm_scalar_Pcyc,2,L_shape_test_0009,0.0,0.12067288160324097,0.0017644786275923252,0.006118604447692633,0,0
P00_rsbfilm_scalar_Pcyc,2,L_shape_test_0010,0.0,0.12069027125835419,0.0015543668996542692,0.006089658010751009,0,0
P00_rsbfilm_scalar_Pcyc,2,L_shape_test_0011,0.0,0.12062482535839081,0.0011845723493024707,0.004992995411157608,0,0
P00_rsbfilm_scalar_Pcyc,2,L_shape_test_0012,0.0,0.12062712013721466,0.001571521395817399,0.0059395432472229,0,0
P00_rsbfilm_scalar_Pcyc,2,L_shape_test_0013,0.0,0.12068125605583191,0.001518414937891066,0.005456594284623861,0,0
P00_rsbfilm_scalar_Pcyc,2,L_shape_test_0014,0.0,0.12064190208911896,0.0014456248609349132,0.005436015781015158,0,0
P00_rsbfilm_scalar_Pcyc,2,L_shape_test_0015,0.0,0.12061384320259094,0.0015117661096155643,0.005385146010667086,0,0
P00_rsbfilm_scalar_Pcyc,2,L_shape_test_0016,0.0,0.12064024806022644,0.0015069728251546621,0.005492512136697769,0,0
P00_rsbfilm_scalar_Pcyc,2,L_shape_test_0017,0.0,0.12068958580493927,0.00195898674428463,0.006707820575684309,0,0
P00_rsbfilm_scalar_Pcyc,2,L_shape_test_0018,0.0,0.12055642902851105,0.0014914951752871275,0.005358723923563957,0,0
P00_rsbfilm_scalar_Pcyc,2,L_shape_test_0019,0.0,0.12059251964092255,0.0015280182706192136,0.005680480040609837,0,0
P00_rsbfilm_scalar_Pcyc,2,double_line_test_0000,0.0,0.19491559267044067,0.001452413504011929,0.0060637881979346275,0,0
P00_rsbfilm_scalar_Pcyc,2,double_line_test_0001,0.0,0.24047908186912537,0.0025603678077459335,0.011290832422673702,0,0
P00_rsbfilm_scalar_Pcyc,2,double_line_test_0002,0.0,0.18815606832504272,0.0011401555966585875,0.0056560710072517395,0,0
P00_rsbfilm_scalar_Pcyc,2,double_line_test_0003,0.0,0.12065255641937256,0.0012981353793293238,0.004993329290300608,0,0
P00_rsbfilm_scalar_Pcyc,2,double_line_test_0004,0.0,0.14124947786331177,0.0018007027683779597,0.00674605555832386,0,0
P00_rsbfilm_scalar_Pcyc,2,double_line_test_0005,0.0,0.2707322835922241,0.0012322863331064582,0.005855008494108915,0,0
P00_rsbfilm_scalar_Pcyc,2,double_line_test_0006,0.0,0.18053054809570312,0.00265262252651155,0.010403508320450783,0,0
P00_rsbfilm_scalar_Pcyc,2,double_line_test_0007,0.0,0.12071433663368225,0.0014983967412263155,0.005406842567026615,0,0
P00_rsbfilm_scalar_Pcyc,2,double_line_test_0008,0.0,0.12095583975315094,0.0017400168580934405,0.006150644272565842,0,0
P00_rsbfilm_scalar_Pcyc,2,double_line_test_0009,0.0,0.1206214427947998,0.0013131732121109962,0.005081058479845524,0,0
P00_rsbfilm_scalar_Pcyc,2,double_line_test_0010,0.0,0.1205940842628479,0.0014058375963941216,0.00520855188369751,0,0
P00_rsbfilm_scalar_Pcyc,2,double_line_test_0011,0.0,0.12069341540336609,0.0012081385357305408,0.004915102384984493,0,0
P00_rsbfilm_scalar_Pcyc,2,double_line_test_0012,0.0,0.12079048156738281,0.0012130191316828132,0.005018658470362425,0,0
P00_rsbfilm_scalar_Pcyc,2,double_line_test_0013,0.0,0.1205359697341919,0.0012687601847574115,0.00497199222445488,0,0
P00_rsbfilm_scalar_Pcyc,2,double_line_test_0014,0.0,0.17736312747001648,0.002517695538699627,0.008701791986823082,0,0
P00_rsbfilm_scalar_Pcyc,2,small_rect_edge_test_0000,0.0,0.16858184337615967,0.0013779877917841077,0.005818249192088842,0,0
P00_rsbfilm_scalar_Pcyc,2,small_rect_edge_test_0001,0.0,0.12062294781208038,0.0015149066457524896,0.005707701668143272,0,0
P00_rsbfilm_scalar_Pcyc,2,small_rect_edge_test_0002,0.0,0.20054703950881958,0.0013154083862900734,0.005685883108526468,0,0
P00_rsbfilm_scalar_Pcyc,2,small_rect_edge_test_0003,0.0,0.12053968012332916,0.001343808602541685,0.005199616774916649,0,0
P00_rsbfilm_scalar_Pcyc,2,small_rect_edge_test_0004,0.0,0.21181082725524902,0.0021803928539156914,0.008127673529088497,0,0
P00_rsbfilm_scalar_Pcyc,2,small_rect_edge_test_0005,0.0,0.12520161271095276,0.001867990824393928,0.007106595207005739,0,0
P00_rsbfilm_scalar_Pcyc,2,small_rect_edge_test_0006,0.0,0.12062053382396698,0.0013402847107499838,0.005084029398858547,0,0
P00_rsbfilm_scalar_Pcyc,2,small_rect_edge_test_0007,0.0,0.1953028440475464,0.001221181359142065,0.005906400736421347,0,0
P00_rsbfilm_scalar_Pcyc,2,small_rect_edge_test_0008,0.0,0.13307785987854004,0.002297617495059967,0.008598921820521355,0,0
P00_rsbfilm_scalar_Pcyc,2,small_rect_edge_test_0009,0.0,0.1205693781375885,0.0013609685702249408,0.005277036689221859,0,0
P00_rsbfilm_scalar_Pcyc,2,point_cluster_test_0000,0.0,0.12056341767311096,0.0014026997378095984,0.005311828572303057,0,0
P00_rsbfilm_scalar_Pcyc,2,point_cluster_test_0001,0.0,0.15811342000961304,0.0017520247492939234,0.006755472626537085,0,0
P00_rsbfilm_scalar_Pcyc,2,point_cluster_test_0002,0.0,0.12065929174423218,0.001458523329347372,0.005632062442600727,0,0
P00_rsbfilm_scalar_Pcyc,2,point_cluster_test_0003,0.0,0.12077519297599792,0.001440364751033485,0.0056497384794056416,0,0
P00_rsbfilm_scalar_Pcyc,2,point_cluster_test_0004,0.0,0.12069310247898102,0.0017911872128024697,0.006755711976438761,0,0
P00_rsbfilm_scalar_Pcyc,2,point_cluster_test_0005,0.0,0.12079381942749023,0.0017987581668421626,0.006550269667059183,0,0
P00_rsbfilm_scalar_Pcyc,2,point_cluster_test_0006,0.0,0.20782285928726196,0.0013844675850123167,0.006013751495629549,0,0
P00_rsbfilm_scalar_Pcyc,2,point_cluster_test_0007,0.0,0.12077496945858002,0.0015277510974556208,0.0058573586866259575,0,0
P00_rsbfilm_scalar_Pcyc,2,point_cluster_test_0008,0.0,0.12077753245830536,0.0014217677526175976,0.005449017509818077,0,0
P00_rsbfilm_scalar_Pcyc,2,point_cluster_test_0009,0.0,0.12057925760746002,0.0013980164658278227,0.005757924634963274,0,0
P00_rsbfilm_scalar_Pcyc,2,point_cluster_test_0010,0.0,0.12070687115192413,0.001525703351944685,0.005603509955108166,0,0
P00_rsbfilm_scalar_Pcyc,2,point_cluster_test_0011,0.0,0.12058854103088379,0.001594339031726122,0.00585932657122612,0,0
P00_rsbfilm_scalar_Pcyc,2,point_cluster_test_0012,0.0,0.20922327041625977,0.0019243927672505379,0.00849542673677206,0,0
P00_rsbfilm_scalar_Pcyc,2,point_cluster_test_0013,0.0,0.1766708791255951,0.0024668974801898003,0.009181407280266285,0,0
P00_rsbfilm_scalar_Pcyc,2,point_cluster_test_0014,0.0,0.12070536613464355,0.0014614402316510677,0.006012784782797098,0,0
P00_rsbfilm_scalar_Pcyc,2,point_cluster_test_0015,0.0,0.18984586000442505,0.0016592704923823476,0.007519843056797981,0,0
P00_rsbfilm_scalar_Pcyc,2,point_cluster_test_0016,0.0,0.12057463824748993,0.0014872626634314656,0.0053857374005019665,0,0
P00_rsbfilm_scalar_Pcyc,2,point_cluster_test_0017,0.0,0.1869056224822998,0.0015143981436267495,0.006327282637357712,0,0
P00_rsbfilm_scalar_Pcyc,2,point_cluster_test_0018,0.0,0.19638431072235107,0.0016753756208345294,0.006844942457973957,0,0
P00_rsbfilm_scalar_Pcyc,2,point_cluster_test_0019,0.0,0.12078356742858887,0.00124640972353518,0.0051071117632091045,0,0
P01_rsbfilm_no_Pcyc,0,line_test_0000,0.0,0.05090498924255371,0.0009803479770198464,0.0017294272547587752,0,0
P01_rsbfilm_no_Pcyc,0,line_test_0001,0.0,0.04308830201625824,0.0014892206527292728,0.0030854367651045322,0,0
P01_rsbfilm_no_Pcyc,0,line_test_0002,0.0,0.046697214245796204,0.0013413141714408994,0.003082281444221735,0,0
P01_rsbfilm_no_Pcyc,0,line_test_0003,0.0,0.09044259786605835,0.0016347216442227364,0.005100587848573923,0,0
P01_rsbfilm_no_Pcyc,0,line_test_0004,0.0,0.09467452764511108,0.0009266285924240947,0.0014524292200803757,0,0
P01_rsbfilm_no_Pcyc,0,line_test_0005,0.0,0.02878129482269287,0.0010884505463764071,0.001796300639398396,0,0
P01_rsbfilm_no_Pcyc,0,line_test_0006,0.0,0.07077091932296753,0.0012698204955086112,0.003135404549539089,0,0
P01_rsbfilm_no_Pcyc,0,line_test_0007,0.0,0.03282518684864044,0.0011960009578615427,0.002145815407857299,0,0
P01_rsbfilm_no_Pcyc,0,line_test_0008,0.0,0.029553145170211792,0.0012594177387654781,0.0021821644622832537,0,0
P01_rsbfilm_no_Pcyc,0,line_test_0009,0.0,0.04739740490913391,0.0011356432223692536,0.002301576780155301,0,0
P01_rsbfilm_no_Pcyc,0,line_test_0010,0.0,0.05168426036834717,0.0011063037673011422,0.0022972221486270428,0,0
P01_rsbfilm_no_Pcyc,0,line_test_0011,0.0,0.270526647567749,0.0010629600146785378,0.0035219858400523663,0,0
P01_rsbfilm_no_Pcyc,0,line_test_0012,0.0,0.08338057994842529,0.0012121180770918727,0.002808069810271263,0,0
P01_rsbfilm_no_Pcyc,0,line_test_0013,0.0,0.03701014816761017,0.0012805984588339925,0.002561145229265094,0,0
P01_rsbfilm_no_Pcyc,0,line_test_0014,0.0,0.07774293422698975,0.0009421820868737996,0.001406033057719469,0,0
P01_rsbfilm_no_Pcyc,0,line_test_0015,0.0,0.0586702823638916,0.001146994880400598,0.002616147045046091,0,0
P01_rsbfilm_no_Pcyc,0,line_test_0016,0.0,0.034614503383636475,0.0013173820916563272,0.002589789917692542,0,0
P01_rsbfilm_no_Pcyc,0,line_test_0017,0.0,0.30838483572006226,0.0010086302645504475,0.004004423040896654,0,0
P01_rsbfilm_no_Pcyc,0,line_test_0018,0.0,0.04335850477218628,0.0012205002130940557,0.0025713795330375433,0,0
P01_rsbfilm_no_Pcyc,0,line_test_0019,0.0,0.03858250379562378,0.0012112592812627554,0.002177524147555232,0,0
P01_rsbfilm_no_Pcyc,0,cross_test_0000,0.0,0.05131405591964722,0.0013994653709232807,0.0032534897327423096,0,0
P01_rsbfilm_no_Pcyc,0,cross_test_0001,0.0,0.033445850014686584,0.001237282413057983,0.0020647416822612286,0,0
P01_rsbfilm_no_Pcyc,0,cross_test_0002,0.0,0.18079513311386108,0.001129288226366043,0.003102924907580018,0,0
P01_rsbfilm_no_Pcyc,0,cross_test_0003,0.0,0.037226490676403046,0.001258788164705038,0.002528162207454443,0,0
P01_rsbfilm_no_Pcyc,0,cross_test_0004,0.0,0.04300934076309204,0.0012663931120187044,0.0026706948410719633,0,0
P01_rsbfilm_no_Pcyc,0,cross_test_0005,0.0,0.050848692655563354,0.0016069968696683645,0.0035718842409551144,0,0
P01_rsbfilm_no_Pcyc,0,cross_test_0006,0.0,0.027992770075798035,0.0010382612235844135,0.0017374203307554126,0,0
P01_rsbfilm_no_Pcyc,0,cross_test_0007,0.0,0.04950140416622162,0.0010778078576549888,0.0022141679655760527,0,0
P01_rsbfilm_no_Pcyc,0,cross_test_0008,0.0,0.05633646249771118,0.0015157589223235846,0.003732087090611458,0,0
P01_rsbfilm_no_Pcyc,0,cross_test_0009,0.0,0.042609184980392456,0.0011028225999325514,0.002183391712605953,0,0
P01_rsbfilm_no_Pcyc,0,cross_test_0010,0.0,0.0540524423122406,0.001338205998763442,0.0027605555951595306,0,0
P01_rsbfilm_no_Pcyc,0,cross_test_0011,0.0,0.07123114168643951,0.0016646658768877387,0.004277451429516077,0,0
P01_rsbfilm_no_Pcyc,0,cross_test_0012,0.0,0.06512916088104248,0.001162563799880445,0.0027241711504757404,0,0
P01_rsbfilm_no_Pcyc,0,cross_test_0013,0.0,0.09763824939727783,0.0014428868889808655,0.003071647835895419,0,0
P01_rsbfilm_no_Pcyc,0,cross_test_0014,0.0,0.03717613220214844,0.001124624744988978,0.00207138922996819,0,0
P01_rsbfilm_no_Pcyc,0,L_shape_test_0000,0.0,0.0594555139541626,0.001686004106886685,0.0038818649481981993,0,0
P01_rsbfilm_no_Pcyc,0,L_shape_test_0001,0.0,0.037776827812194824,0.0011692921398207545,0.0019647583831101656,0,0
P01_rsbfilm_no_Pcyc,0,L_shape_test_0002,0.0,0.051666587591171265,0.0017288216622546315,0.003995469771325588,0,0
P01_rsbfilm_no_Pcyc,0,L_shape_test_0003,0.0,0.04632335901260376,0.0013567267451435328,0.002817342057824135,0,0
P01_rsbfilm_no_Pcyc,0,L_shape_test_0004,0.0,0.07982146739959717,0.001535991788841784,0.002824516734108329,0,0
P01_rsbfilm_no_Pcyc,0,L_shape_test_0005,0.0,0.03217029571533203,0.0013594627380371094,0.0027521136216819286,0,0
P01_rsbfilm_no_Pcyc,0,L_shape_test_0006,0.0,0.04928547143936157,0.0010524425888434052,0.0016120487125590444,0,0
P01_rsbfilm_no_Pcyc,0,L_shape_test_0007,0.0,0.039384156465530396,0.001289457082748413,0.0023515932261943817,0,0
P01_rsbfilm_no_Pcyc,0,L_shape_test_0008,0.0,0.04651936888694763,0.0011976762907579541,0.0021753523033112288,0,0
P01_rsbfilm_no_Pcyc,0,L_shape_test_0009,0.0,0.056011468172073364,0.001798026729375124,0.0034378475975245237,0,0
P01_rsbfilm_no_Pcyc,0,L_shape_test_0010,0.0,0.039897024631500244,0.001166467322036624,0.0023509643506258726,0,0
P01_rsbfilm_no_Pcyc,0,L_shape_test_0011,0.0,0.03338444232940674,0.0009924303740262985,0.0014258295996114612,0,0
P01_rsbfilm_no_Pcyc,0,L_shape_test_0012,0.0,0.03834939002990723,0.0011558555997908115,0.002049156231805682,0,0
P01_rsbfilm_no_Pcyc,0,L_shape_test_0013,0.0,0.025709500536322594,0.0011977443937212229,0.0020127776078879833,0,0
P01_rsbfilm_no_Pcyc,0,L_shape_test_0014,0.0,0.02829711139202118,0.0011009046575054526,0.001974908635020256,0,0
P01_rsbfilm_no_Pcyc,0,L_shape_test_0015,0.0,0.05398467183113098,0.001389657030813396,0.002380317309871316,0,0
P01_rsbfilm_no_Pcyc,0,L_shape_test_0016,0.0,0.028166785836219788,0.0012107966467738152,0.0021357163786888123,0,0
P01_rsbfilm_no_Pcyc,0,L_shape_test_0017,0.0,0.050149254500865936,0.0014543645083904266,0.0030240174382925034,0,0
P01_rsbfilm_no_Pcyc,0,L_shape_test_0018,0.0,0.03143107891082764,0.0012674150057137012,0.0021640504710376263,0,0
P01_rsbfilm_no_Pcyc,0,L_shape_test_0019,0.0,0.08030170202255249,0.001255390583537519,0.002713377820327878,0,0
P01_rsbfilm_no_Pcyc,0,double_line_test_0000,0.0,0.15594589710235596,0.0010894571896642447,0.002269523683935404,0,0
P01_rsbfilm_no_Pcyc,0,double_line_test_0001,0.0,0.07922786474227905,0.0016310953069478273,0.0046747224405407906,0,0
P01_rsbfilm_no_Pcyc,0,double_line_test_0002,0.0,0.14791399240493774,0.0009705364354886115,0.002022641710937023,0,0
P01_rsbfilm_no_Pcyc,0,double_line_test_0003,0.0,0.05706578493118286,0.001351275946944952,0.0021224264055490494,0,0
P01_rsbfilm_no_Pcyc,0,double_line_test_0004,0.0,0.06493812799453735,0.0013488988624885678,0.0029077373910695314,0,0
P01_rsbfilm_no_Pcyc,0,double_line_test_0005,0.0,0.23848199844360352,0.0010871832491829991,0.002735239453613758,0,0
P01_rsbfilm_no_Pcyc,0,double_line_test_0006,0.0,0.13105660676956177,0.0016311333747580647,0.004088659305125475,0,0
P01_rsbfilm_no_Pcyc,0,double_line_test_0007,0.0,0.03915750980377197,0.0014156231191009283,0.0026911566965281963,0,0
P01_rsbfilm_no_Pcyc,0,double_line_test_0008,0.0,0.062324464321136475,0.0015971171669661999,0.0030934198293834925,0,0
P01_rsbfilm_no_Pcyc,0,double_line_test_0009,0.0,0.02775174379348755,0.0012432083021849394,0.0020875094924122095,0,0
P01_rsbfilm_no_Pcyc,0,double_line_test_0010,0.0,0.03145182132720947,0.0013298318954184651,0.002200677525252104,0,0
P01_rsbfilm_no_Pcyc,0,double_line_test_0011,0.0,0.024564027786254883,0.0010853538988158107,0.0015074594411998987,0,0
P01_rsbfilm_no_Pcyc,0,double_line_test_0012,0.0,0.023406982421875,0.0011064258869737387,0.001834710594266653,0,0
P01_rsbfilm_no_Pcyc,0,double_line_test_0013,0.0,0.026173993945121765,0.0015204177470877767,0.002552493242546916,0,0
P01_rsbfilm_no_Pcyc,0,double_line_test_0014,0.0,0.08334112167358398,0.001719780033454299,0.0040857866406440735,0,0
P01_rsbfilm_no_Pcyc,0,small_rect_edge_test_0000,0.0,0.10766136646270752,0.0010232754284515977,0.002175249857828021,0,0
P01_rsbfilm_no_Pcyc,0,small_rect_edge_test_0001,0.0,0.05023810267448425,0.001256107701919973,0.00249764253385365,0,0
P01_rsbfilm_no_Pcyc,0,small_rect_edge_test_0002,0.0,0.2419176697731018,0.001176200807094574,0.003294509369879961,0,0
P01_rsbfilm_no_Pcyc,0,small_rect_edge_test_0003,0.0,0.033675551414489746,0.0014341247733682394,0.002743055112659931,0,0
P01_rsbfilm_no_Pcyc,0,small_rect_edge_test_0004,0.0,0.08563101291656494,0.001618713024072349,0.004434595815837383,0,0
P01_rsbfilm_no_Pcyc,0,small_rect_edge_test_0005,0.0,0.0875629186630249,0.0012956263963133097,0.003151847515255213,0,0
P01_rsbfilm_no_Pcyc,0,small_rect_edge_test_0006,0.0,0.040622979402542114,0.0012638510670512915,0.0025810878723859787,0,0
P01_rsbfilm_no_Pcyc,0,small_rect_edge_test_0007,0.0,0.18535339832305908,0.0010318359127268195,0.0025147898122668266,0,0
P01_rsbfilm_no_Pcyc,0,small_rect_edge_test_0008,0.0,0.1830756664276123,0.0017195931868627667,0.005321374163031578,0,0
P01_rsbfilm_no_Pcyc,0,small_rect_edge_test_0009,0.0,0.06975072622299194,0.0011615632101893425,0.0021880583371967077,0,0
P01_rsbfilm_no_Pcyc,0,point_cluster_test_0000,0.0,0.06144982576370239,0.0013120113871991634,0.002710748929530382,0,0
P01_rsbfilm_no_Pcyc,0,point_cluster_test_0001,0.0,0.07643955945968628,0.0012582371709868312,0.0027330820448696613,0,0
P01_rsbfilm_no_Pcyc,0,point_cluster_test_0002,0.0,0.0878792405128479,0.00120659323874861,0.0028391629457473755,0,0
P01_rsbfilm_no_Pcyc,0,point_cluster_test_0003,0.0,0.049652546644210815,0.0011585662141442299,0.0023566388990730047,0,0
P01_rsbfilm_no_Pcyc,0,point_cluster_test_0004,0.0,0.05393701791763306,0.0013921038480475545,0.003555562114343047,0,0
P01_rsbfilm_no_Pcyc,0,point_cluster_test_0005,0.0,0.05274462699890137,0.001302653574384749,0.0030159770976752043,0,0
P01_rsbfilm_no_Pcyc,0,point_cluster_test_0006,0.0,0.30105525255203247,0.0012221592478454113,0.0043412321247160435,0,0
P01_rsbfilm_no_Pcyc,0,point_cluster_test_0007,0.0,0.08118569850921631,0.0013098758645355701,0.0031936431769281626,0,0
P01_rsbfilm_no_Pcyc,0,point_cluster_test_0008,0.0,0.05313396453857422,0.001238975441083312,0.0028469369281083345,0,0
P01_rsbfilm_no_Pcyc,0,point_cluster_test_0009,0.0,0.0942075252532959,0.0010516608599573374,0.0020252077374607325,0,0
P01_rsbfilm_no_Pcyc,0,point_cluster_test_0010,0.0,0.03472746163606644,0.001285312231630087,0.0025884173810482025,0,0
P01_rsbfilm_no_Pcyc,0,point_cluster_test_0011,0.0,0.08764517307281494,0.0014932327903807163,0.004152180161327124,0,0
P01_rsbfilm_no_Pcyc,0,point_cluster_test_0012,0.0,0.15951192378997803,0.0012026111362501979,0.0031599041540175676,0,0
P01_rsbfilm_no_Pcyc,0,point_cluster_test_0013,0.0,0.0721956193447113,0.0017187680350616574,0.004522057715803385,0,0
P01_rsbfilm_no_Pcyc,0,point_cluster_test_0014,0.0,0.06313934922218323,0.0010678486432880163,0.002266074065119028,0,0
P01_rsbfilm_no_Pcyc,0,point_cluster_test_0015,0.0,0.0761021226644516,0.0011743376962840557,0.0030448383186012506,0,0
P01_rsbfilm_no_Pcyc,0,point_cluster_test_0016,0.0,0.04916858673095703,0.0013858621241524816,0.002859768457710743,0,0
P01_rsbfilm_no_Pcyc,0,point_cluster_test_0017,0.0,0.22501778602600098,0.0011249701492488384,0.0030818679369986057,0,0
P01_rsbfilm_no_Pcyc,0,point_cluster_test_0018,0.0,0.13961750268936157,0.0013541850494220853,0.003638544352725148,0,0
P01_rsbfilm_no_Pcyc,0,point_cluster_test_0019,0.0,0.031145989894866943,0.0011166239855811,0.0019878309685736895,0,0
P01_rsbfilm_no_Pcyc,1,line_test_0000,0.0,0.9137146472930908,0.004447659943252802,0.04073939099907875,0,0
P01_rsbfilm_no_Pcyc,1,line_test_0001,0.0,0.9999936819076538,0.017896387726068497,0.0791059136390686,0,0
P01_rsbfilm_no_Pcyc,1,line_test_0002,0.0,0.89578777551651,0.013148237019777298,0.06639998406171799,0,0
P01_rsbfilm_no_Pcyc,1,line_test_0003,0.0,0.8578812479972839,0.01732621341943741,0.09041604399681091,0,0
P01_rsbfilm_no_Pcyc,1,line_test_0004,0.0,0.8324792981147766,0.003705827286466956,0.0301920548081398,0,0
P01_rsbfilm_no_Pcyc,1,line_test_0005,0.0,0.8253445029258728,0.010303475894033909,0.06180712580680847,0,0
P01_rsbfilm_no_Pcyc,1,line_test_0006,0.0,0.9150055050849915,0.012965051457285881,0.08527253568172455,0,0
P01_rsbfilm_no_Pcyc,1,line_test_0007,0.0,0.9999936819076538,0.010637416504323483,0.06517800688743591,0,0
P01_rsbfilm_no_Pcyc,1,line_test_0008,0.0,0.9206607341766357,0.01378982700407505,0.06363584101200104,0,0
P01_rsbfilm_no_Pcyc,1,line_test_0009,0.0,0.8153916597366333,0.008524391800165176,0.04992237314581871,0,0
P01_rsbfilm_no_Pcyc,1,line_test_0010,0.0,0.8715642690658569,0.007741953711956739,0.052302878350019455,0,0
P01_rsbfilm_no_Pcyc,1,line_test_0011,0.0,0.9818615913391113,0.0052428776398301125,0.029309654608368874,0,0
P01_rsbfilm_no_Pcyc,1,line_test_0012,0.0,0.9225659370422363,0.010186268016695976,0.059480246156454086,0,0
P01_rsbfilm_no_Pcyc,1,line_test_0013,0.0,0.9999936819076538,0.01471648272126913,0.07845053821802139,0,0
P01_rsbfilm_no_Pcyc,1,line_test_0014,0.0,0.9271627068519592,0.004099349491298199,0.0283510722219944,0,0
P01_rsbfilm_no_Pcyc,1,line_test_0015,0.0,0.8995906114578247,0.008120768703520298,0.05658456310629845,0,0
P01_rsbfilm_no_Pcyc,1,line_test_0016,0.0,0.8615056276321411,0.013531209900975227,0.06766178458929062,0,0
P01_rsbfilm_no_Pcyc,1,line_test_0017,0.0,0.9732903242111206,0.003709787270054221,0.024342715740203857,0,0
P01_rsbfilm_no_Pcyc,1,line_test_0018,0.0,0.9472836852073669,0.011036471463739872,0.06373307853937149,0,0
P01_rsbfilm_no_Pcyc,1,line_test_0019,0.0,0.9999936819076538,0.013646312057971954,0.07861685752868652,0,0
P01_rsbfilm_no_Pcyc,1,cross_test_0000,0.0,0.8145329356193542,0.0168245080858469,0.08003460615873337,0,0
P01_rsbfilm_no_Pcyc,1,cross_test_0001,0.0,0.8541024327278137,0.01491619274020195,0.07020603865385056,0,0
P01_rsbfilm_no_Pcyc,1,cross_test_0002,0.0,0.9978871941566467,0.006939271930605173,0.04436688497662544,0,0
P01_rsbfilm_no_Pcyc,1,cross_test_0003,0.0,0.8964518308639526,0.011838909238576889,0.06415756791830063,0,0
P01_rsbfilm_no_Pcyc,1,cross_test_0004,0.0,0.9066596627235413,0.01319657452404499,0.07162182778120041,0,0
P01_rsbfilm_no_Pcyc,1,cross_test_0005,0.0,0.844709575176239,0.021382560953497887,0.0877007246017456,0,0
P01_rsbfilm_no_Pcyc,1,cross_test_0006,0.0,0.9704858064651489,0.006824946496635675,0.05660929158329964,0,0
P01_rsbfilm_no_Pcyc,1,cross_test_0007,0.0,0.8252927660942078,0.006916820537298918,0.05150151997804642,0,0
P01_rsbfilm_no_Pcyc,1,cross_test_0008,0.0,0.8056759834289551,0.016340259462594986,0.07234188914299011,0,0
P01_rsbfilm_no_Pcyc,1,cross_test_0009,0.0,0.9957726001739502,0.008145094849169254,0.05625440552830696,0,0
P01_rsbfilm_no_Pcyc,1,cross_test_0010,0.0,0.8442040085792542,0.016251513734459877,0.08231770992279053,0,0
P01_rsbfilm_no_Pcyc,1,cross_test_0011,0.0,0.8715817332267761,0.018154194578528404,0.07718676328659058,0,0
P01_rsbfilm_no_Pcyc,1,cross_test_0012,0.0,0.8547435402870178,0.007741441950201988,0.05213167518377304,0,0
P01_rsbfilm_no_Pcyc,1,cross_test_0013,0.0,0.8525376319885254,0.01719861477613449,0.07144766300916672,0,0
P01_rsbfilm_no_Pcyc,1,cross_test_0014,0.0,0.9314079880714417,0.009391932748258114,0.05345041677355766,0,0
P01_rsbfilm_no_Pcyc,1,L_shape_test_0000,0.0,0.895255982875824,0.018426159396767616,0.07510440051555634,0,0
P01_rsbfilm_no_Pcyc,1,L_shape_test_0001,0.0,0.9464892148971558,0.011297007091343403,0.06457967311143875,0,0
P01_rsbfilm_no_Pcyc,1,L_shape_test_0002,0.0,0.8925622701644897,0.023770257830619812,0.09532884508371353,0,0
P01_rsbfilm_no_Pcyc,1,L_shape_test_0003,0.0,0.8438007831573486,0.013520145788788795,0.06433805823326111,0,0
P01_rsbfilm_no_Pcyc,1,L_shape_test_0004,0.0,0.9609140753746033,0.017359089106321335,0.06808207929134369,0,0
P01_rsbfilm_no_Pcyc,1,L_shape_test_0005,0.0,0.9518995881080627,0.013695086352527142,0.0615900456905365,0,0
P01_rsbfilm_no_Pcyc,1,L_shape_test_0006,0.0,0.8865852952003479,0.007207388058304787,0.04396678879857063,0,0
P01_rsbfilm_no_Pcyc,1,L_shape_test_0007,0.0,0.8550921082496643,0.010769754648208618,0.05580882355570793,0,0
P01_rsbfilm_no_Pcyc,1,L_shape_test_0008,0.0,0.8598684668540955,0.010704170912504196,0.05375596135854721,0,0
P01_rsbfilm_no_Pcyc,1,L_shape_test_0009,0.0,0.9067895412445068,0.02904478646814823,0.10739171504974365,0,0
P01_rsbfilm_no_Pcyc,1,L_shape_test_0010,0.0,0.9384030103683472,0.007542099803686142,0.04671469330787659,0,0
P01_rsbfilm_no_Pcyc,1,L_shape_test_0011,0.0,0.8216742277145386,0.00549042783677578,0.031911831349134445,0,0
P01_rsbfilm_no_Pcyc,1,L_shape_test_0012,0.0,0.9235473871231079,0.0077182818204164505,0.042340006679296494,0,0
P01_rsbfilm_no_Pcyc,1,L_shape_test_0013,0.0,0.838349461555481,0.008241749368607998,0.043165963143110275,0,0
P01_rsbfilm_no_Pcyc,1,L_shape_test_0014,0.0,0.8143962621688843,0.0073529756627976894,0.04339611902832985,0,0
P01_rsbfilm_no_Pcyc,1,L_shape_test_0015,0.0,0.8619006872177124,0.018283655866980553,0.07345886528491974,0,0
P01_rsbfilm_no_Pcyc,1,L_shape_test_0016,0.0,0.8151982426643372,0.010026531293988228,0.05038013309240341,0,0
P01_rsbfilm_no_Pcyc,1,L_shape_test_0017,0.0,0.988254189491272,0.016189977526664734,0.07357147336006165,0,0
P01_rsbfilm_no_Pcyc,1,L_shape_test_0018,0.0,0.8322880268096924,0.01128114853054285,0.05648496747016907,0,0
P01_rsbfilm_no_Pcyc,1,L_shape_test_0019,0.0,0.8799763321876526,0.012905333191156387,0.07019458711147308,0,0
P01_rsbfilm_no_Pcyc,1,double_line_test_0000,0.0,0.9473231434822083,0.007598725613206625,0.04614784196019173,0,0
P01_rsbfilm_no_Pcyc,1,double_line_test_0001,0.0,0.843004047870636,0.01313383225351572,0.059657298028469086,0,0
P01_rsbfilm_no_Pcyc,1,double_line_test_0002,0.0,0.8675574660301208,0.0017863997491076589,0.01735224574804306,0,0
P01_rsbfilm_no_Pcyc,1,double_line_test_0003,0.0,0.9454789161682129,0.016475560143589973,0.06755350530147552,0,0
P01_rsbfilm_no_Pcyc,1,double_line_test_0004,0.0,0.9479786157608032,0.013139287941157818,0.05806846171617508,0,0
P01_rsbfilm_no_Pcyc,1,double_line_test_0005,0.0,0.88184654712677,0.002680575242266059,0.016250738874077797,0,0
P01_rsbfilm_no_Pcyc,1,double_line_test_0006,0.0,0.9999936819076538,0.016615653410553932,0.07675541192293167,0,0
P01_rsbfilm_no_Pcyc,1,double_line_test_0007,0.0,0.9651151299476624,0.01803651638329029,0.08426600694656372,0,0
P01_rsbfilm_no_Pcyc,1,double_line_test_0008,0.0,0.9097254872322083,0.022618386894464493,0.0917944610118866,0,0
P01_rsbfilm_no_Pcyc,1,double_line_test_0009,0.0,0.9895087480545044,0.013538343831896782,0.06857062131166458,0,0
P01_rsbfilm_no_Pcyc,1,double_line_test_0010,0.0,0.90132737159729,0.014349798671901226,0.07301931828260422,0,0
P01_rsbfilm_no_Pcyc,1,double_line_test_0011,0.0,0.8776201009750366,0.007581883575767279,0.035324349999427795,0,0
P01_rsbfilm_no_Pcyc,1,double_line_test_0012,0.0,0.915017306804657,0.009178269654512405,0.061041366308927536,0,0
P01_rsbfilm_no_Pcyc,1,double_line_test_0013,0.0,0.8775176405906677,0.018604962155222893,0.0802198201417923,0,0
P01_rsbfilm_no_Pcyc,1,double_line_test_0014,0.0,0.9475727081298828,0.020909376442432404,0.08059825003147125,0,0
P01_rsbfilm_no_Pcyc,1,small_rect_edge_test_0000,0.0,0.9390665888786316,0.004683711566030979,0.03665547072887421,0,0
P01_rsbfilm_no_Pcyc,1,small_rect_edge_test_0001,0.0,0.8869478106498718,0.012425637803971767,0.0668097659945488,0,0
P01_rsbfilm_no_Pcyc,1,small_rect_edge_test_0002,0.0,0.9805310368537903,0.007088839076459408,0.0382688082754612,0,0
P01_rsbfilm_no_Pcyc,1,small_rect_edge_test_0003,0.0,0.8694054484367371,0.0192277692258358,0.0906488224864006,0,0
P01_rsbfilm_no_Pcyc,1,small_rect_edge_test_0004,0.0,0.9564720392227173,0.018655113875865936,0.08717791736125946,0,0
P01_rsbfilm_no_Pcyc,1,small_rect_edge_test_0005,0.0,0.9999936819076538,0.008668031543493271,0.04839785397052765,0,0
P01_rsbfilm_no_Pcyc,1,small_rect_edge_test_0006,0.0,0.803930401802063,0.011951589025557041,0.05671711266040802,0,0
P01_rsbfilm_no_Pcyc,1,small_rect_edge_test_0007,0.0,0.9507492780685425,0.0028622320387512445,0.024081459268927574,0,0
P01_rsbfilm_no_Pcyc,1,small_rect_edge_test_0008,0.0,0.9607422351837158,0.01767120324075222,0.07887109369039536,0,0
P01_rsbfilm_no_Pcyc,1,small_rect_edge_test_0009,0.0,0.9578563570976257,0.008771095424890518,0.04573201388120651,0,0
P01_rsbfilm_no_Pcyc,1,point_cluster_test_0000,0.0,0.9999936819076538,0.013543535023927689,0.07344137877225876,0,0
P01_rsbfilm_no_Pcyc,1,point_cluster_test_0001,0.0,0.8365651965141296,0.009827294386923313,0.050773680210113525,0,0
P01_rsbfilm_no_Pcyc,1,point_cluster_test_0002,0.0,0.8779244422912598,0.01000449899584055,0.05738909915089607,0,0
P01_rsbfilm_no_Pcyc,1,point_cluster_test_0003,0.0,0.8373764157295227,0.010868288576602936,0.07019268721342087,0,0
P01_rsbfilm_no_Pcyc,1,point_cluster_test_0004,0.0,0.8266134858131409,0.010204932652413845,0.054602108895778656,0,0
P01_rsbfilm_no_Pcyc,1,point_cluster_test_0005,0.0,0.8446531295776367,0.011003165505826473,0.05356239154934883,0,0
P01_rsbfilm_no_Pcyc,1,point_cluster_test_0006,0.0,0.9999936819076538,0.011885740794241428,0.07242294400930405,0,0
P01_rsbfilm_no_Pcyc,1,point_cluster_test_0007,0.0,0.9999936819076538,0.013042498379945755,0.07524185627698898,0,0
P01_rsbfilm_no_Pcyc,1,point_cluster_test_0008,0.0,0.94464111328125,0.01221505831927061,0.0739532932639122,0,0
P01_rsbfilm_no_Pcyc,1,point_cluster_test_0009,0.0,0.9999936819076538,0.007293274626135826,0.05031084641814232,0,0
P01_rsbfilm_no_Pcyc,1,point_cluster_test_0010,0.0,0.8213934302330017,0.010347203351557255,0.05529513210058212,0,0
P01_rsbfilm_no_Pcyc,1,point_cluster_test_0011,0.0,0.9343670606613159,0.01685747690498829,0.09077699482440948,0,0
P01_rsbfilm_no_Pcyc,1,point_cluster_test_0012,0.0,0.9231825470924377,0.008425356820225716,0.057341985404491425,0,0
P01_rsbfilm_no_Pcyc,1,point_cluster_test_0013,0.0,0.8657098412513733,0.01772766374051571,0.07031270116567612,0,0
P01_rsbfilm_no_Pcyc,1,point_cluster_test_0014,0.0,0.8382461667060852,0.007169104181230068,0.04973527416586876,0,0
P01_rsbfilm_no_Pcyc,1,point_cluster_test_0015,0.0,0.8398498892784119,0.0066835153847932816,0.04788721725344658,0,0
P01_rsbfilm_no_Pcyc,1,point_cluster_test_0016,0.0,0.9999936819076538,0.015990927815437317,0.07045956701040268,0,0
P01_rsbfilm_no_Pcyc,1,point_cluster_test_0017,0.0,0.9999936819076538,0.0072712344117462635,0.04559214413166046,0,0
P01_rsbfilm_no_Pcyc,1,point_cluster_test_0018,0.0,0.9999936819076538,0.013343834318220615,0.08113858103752136,0,0
P01_rsbfilm_no_Pcyc,1,point_cluster_test_0019,0.0,0.9309355020523071,0.010388212278485298,0.0677543506026268,0,0
P01_rsbfilm_no_Pcyc,2,line_test_0000,0.0,0.007797271013259888,3.403317168704234e-05,0.0003178066690452397,0,0
P01_rsbfilm_no_Pcyc,2,line_test_0001,0.0,0.013894572854042053,0.00010065706737805158,0.0006260824739001691,0,0
P01_rsbfilm_no_Pcyc,2,line_test_0002,0.0,0.013072118163108826,9.046006744029e-05,0.000684211147017777,0,0
P01_rsbfilm_no_Pcyc,2,line_test_0003,0.0,0.03595477342605591,0.00020082315313629806,0.001703281537629664,0,0
P01_rsbfilm_no_Pcyc,2,line_test_0004,0.0,0.004242163151502609,2.326845242350828e-05,0.00020669281366281211,0,0
P01_rsbfilm_no_Pcyc,2,line_test_0005,0.0,0.011029690504074097,4.79375448776409e-05,0.0004208548925817013,0,0
P01_rsbfilm_no_Pcyc,2,line_test_0006,0.0,0.05756723880767822,9.56772273639217e-05,0.001280017546378076,0,0
P01_rsbfilm_no_Pcyc,2,line_test_0007,0.0,0.018307477235794067,8.42866938910447e-05,0.0006877021514810622,0,0
P01_rsbfilm_no_Pcyc,2,line_test_0008,0.0,0.00991886854171753,9.011813381221145e-05,0.0005776429316028953,0,0
P01_rsbfilm_no_Pcyc,2,line_test_0009,0.0,0.013687849044799805,7.941753574414179e-05,0.0006575054721906781,0,0
P01_rsbfilm_no_Pcyc,2,line_test_0010,0.0,0.02727329730987549,4.407824599184096e-05,0.0005129252094775438,0,0
P01_rsbfilm_no_Pcyc,2,line_test_0011,0.0,0.033527672290802,6.206232501426712e-05,0.0005799363716505468,0,0
P01_rsbfilm_no_Pcyc,2,line_test_0012,0.0,0.021326720714569092,7.025971717666835e-05,0.0006709573208354414,0,0
P01_rsbfilm_no_Pcyc,2,line_test_0013,0.0,0.008638143539428711,6.431412475649267e-05,0.00047249835915863514,0,0
P01_rsbfilm_no_Pcyc,2,line_test_0014,0.0,0.007731646299362183,2.9886634365539066e-05,0.0002881211112253368,0,0
P01_rsbfilm_no_Pcyc,2,line_test_0015,0.0,0.0357571542263031,5.9245387092232704e-05,0.000667571322992444,0,0
P01_rsbfilm_no_Pcyc,2,line_test_0016,0.0,0.015168055891990662,0.00010973044118145481,0.0008063366985879838,0,0
P01_rsbfilm_no_Pcyc,2,line_test_0017,0.0,0.16338539123535156,7.433692371705547e-05,0.002170781372115016,0,0
P01_rsbfilm_no_Pcyc,2,line_test_0018,0.0,0.013478696346282959,6.707001739414409e-05,0.0005988383200019598,0,0
P01_rsbfilm_no_Pcyc,2,line_test_0019,0.0,0.010020792484283447,5.394413528847508e-05,0.00044098825310356915,0,0
P01_rsbfilm_no_Pcyc,2,cross_test_0000,0.0,0.020190715789794922,0.00011319239274598658,0.0008614121470600367,0,0
P01_rsbfilm_no_Pcyc,2,cross_test_0001,0.0,0.010117586702108383,7.637822272954509e-05,0.0004818758461624384,0,0
P01_rsbfilm_no_Pcyc,2,cross_test_0002,0.0,0.034054338932037354,6.776377995265648e-05,0.0005738778854720294,0,0
P01_rsbfilm_no_Pcyc,2,cross_test_0003,0.0,0.020290017127990723,0.00010032037243945524,0.0006819171248935163,0,0
P01_rsbfilm_no_Pcyc,2,cross_test_0004,0.0,0.013507574796676636,9.29013331187889e-05,0.0006758979870937765,0,0
P01_rsbfilm_no_Pcyc,2,cross_test_0005,0.0,0.015912234783172607,0.00014380704669747502,0.0009011541260406375,0,0
P01_rsbfilm_no_Pcyc,2,cross_test_0006,0.0,0.011440634727478027,6.140641926322132e-05,0.0004952806630171835,0,0
P01_rsbfilm_no_Pcyc,2,cross_test_0007,0.0,0.015080057084560394,6.289914017543197e-05,0.0005919202230870724,0,0
P01_rsbfilm_no_Pcyc,2,cross_test_0008,0.0,0.023331671953201294,0.00015347765292972326,0.001035286346450448,0,0
P01_rsbfilm_no_Pcyc,2,cross_test_0009,0.0,0.017110586166381836,7.373286643996835e-05,0.0007096061017364264,0,0
P01_rsbfilm_no_Pcyc,2,cross_test_0010,0.0,0.012276262044906616,6.447503983508795e-05,0.0005458087543956935,0,0
P01_rsbfilm_no_Pcyc,2,cross_test_0011,0.0,0.042619287967681885,0.0002803814713843167,0.001870483160018921,0,0
P01_rsbfilm_no_Pcyc,2,cross_test_0012,0.0,0.024454236030578613,0.00010134295007446781,0.000878760009072721,0,0
P01_rsbfilm_no_Pcyc,2,cross_test_0013,0.0,0.030210137367248535,0.00014028603618498892,0.0008912181947380304,0,0
P01_rsbfilm_no_Pcyc,2,cross_test_0014,0.0,0.010464131832122803,5.0475759053369984e-05,0.00042597483843564987,0,0
P01_rsbfilm_no_Pcyc,2,L_shape_test_0000,0.0,0.017807938158512115,0.00017031579045578837,0.0010551158338785172,0,0
P01_rsbfilm_no_Pcyc,2,L_shape_test_0001,0.0,0.008093774318695068,4.9191243306268007e-05,0.0003905222692992538,0,0
P01_rsbfilm_no_Pcyc,2,L_shape_test_0002,0.0,0.020223543047904968,0.00020270688401069492,0.0012654820457100868,0,0
P01_rsbfilm_no_Pcyc,2,L_shape_test_0003,0.0,0.026569128036499023,0.0001376562286168337,0.0010310359066352248,0,0
P01_rsbfilm_no_Pcyc,2,L_shape_test_0004,0.0,0.011203765869140625,0.00010570057929726318,0.000589981209486723,0,0
P01_rsbfilm_no_Pcyc,2,L_shape_test_0005,0.0,0.058464229106903076,0.00013229977048467845,0.0010338822612538934,0,0
P01_rsbfilm_no_Pcyc,2,L_shape_test_0006,0.0,0.0065647512674331665,4.0876231651054695e-05,0.00031323503935709596,0,0
P01_rsbfilm_no_Pcyc,2,L_shape_test_0007,0.0,0.017843693494796753,0.00015616120072081685,0.0010055601596832275,0,0
P01_rsbfilm_no_Pcyc,2,L_shape_test_0008,0.0,0.011301904916763306,5.883813355467282e-05,0.00043473936966620386,0,0
P01_rsbfilm_no_Pcyc,2,L_shape_test_0009,0.0,0.03259241580963135,0.00016426012734882534,0.0009931568056344986,0,0
P01_rsbfilm_no_Pcyc,2,L_shape_test_0010,0.0,0.014139294624328613,7.273354276549071e-05,0.0005158543935976923,0,0
P01_rsbfilm_no_Pcyc,2,L_shape_test_0011,0.0,0.005043834447860718,3.5533208574634045e-05,0.0002789708669297397,0,0
P01_rsbfilm_no_Pcyc,2,L_shape_test_0012,0.0,0.012563664466142654,7.094123429851606e-05,0.0005130465142428875,0,0
P01_rsbfilm_no_Pcyc,2,L_shape_test_0013,0.0,0.01757514476776123,0.00011071927292505279,0.0007804706692695618,0,0
P01_rsbfilm_no_Pcyc,2,L_shape_test_0014,0.0,0.008111342787742615,4.86543940496631e-05,0.0004091241571586579,0,0
P01_rsbfilm_no_Pcyc,2,L_shape_test_0015,0.0,0.013478010892868042,0.0001132753532147035,0.0006568253156729043,0,0
P01_rsbfilm_no_Pcyc,2,L_shape_test_0016,0.0,0.01062619686126709,7.986506534507498e-05,0.0005328218685463071,0,0
P01_rsbfilm_no_Pcyc,2,L_shape_test_0017,0.0,0.01869139075279236,0.00015731379971839488,0.0009541421313770115,0,0
P01_rsbfilm_no_Pcyc,2,L_shape_test_0018,0.0,0.011500179767608643,6.782823038520291e-05,0.000458922004327178,0,0
P01_rsbfilm_no_Pcyc,2,L_shape_test_0019,0.0,0.01868465542793274,6.554210995091125e-05,0.0005852705799043179,0,0
P01_rsbfilm_no_Pcyc,2,double_line_test_0000,0.0,0.0739855170249939,5.687374869012274e-05,0.0009824373992159963,0,0
P01_rsbfilm_no_Pcyc,2,double_line_test_0001,0.0,0.03441810607910156,0.00023343086650129408,0.0015315396012738347,0,0
P01_rsbfilm_no_Pcyc,2,double_line_test_0002,0.0,0.02725428342819214,5.0514147005742416e-05,0.0004389081441331655,0,0
P01_rsbfilm_no_Pcyc,2,double_line_test_0003,0.0,0.010048091411590576,8.831416926113889e-05,0.0004774174594786018,0,0
P01_rsbfilm_no_Pcyc,2,double_line_test_0004,0.0,0.014554157853126526,0.00015312246978282928,0.0008704859064891934,0,0
P01_rsbfilm_no_Pcyc,2,double_line_test_0005,0.0,0.12808871269226074,7.716492109466344e-05,0.0012737485812976956,0,0
P01_rsbfilm_no_Pcyc,2,double_line_test_0006,0.0,0.02016472816467285,0.00016923935618251562,0.0010359645821154118,0,0
P01_rsbfilm_no_Pcyc,2,double_line_test_0007,0.0,0.010911107063293457,7.647444726899266e-05,0.0005545906606130302,0,0
P01_rsbfilm_no_Pcyc,2,double_line_test_0008,0.0,0.03477823734283447,0.00011170691141160205,0.0007951069273985922,0,0
P01_rsbfilm_no_Pcyc,2,double_line_test_0009,0.0,0.009309113025665283,8.925367728807032e-05,0.0005973736406303942,0,0
P01_rsbfilm_no_Pcyc,2,double_line_test_0010,0.0,0.014894247055053711,0.00010501517681404948,0.000668012595269829,0,0
P01_rsbfilm_no_Pcyc,2,double_line_test_0011,0.0,0.008305281400680542,6.135096919024363e-05,0.0003637777117546648,0,0
P01_rsbfilm_no_Pcyc,2,double_line_test_0012,0.0,0.008762478828430176,3.9528396882815287e-05,0.00034529366530478,0,0
P01_rsbfilm_no_Pcyc,2,double_line_test_0013,0.0,0.010436832904815674,0.00011875745985889807,0.0006232333835214376,0,0
P01_rsbfilm_no_Pcyc,2,double_line_test_0014,0.0,0.0462568998336792,0.00019714553491212428,0.001253578346222639,0,0
P01_rsbfilm_no_Pcyc,2,small_rect_edge_test_0000,0.0,0.08513128757476807,6.711406604154035e-05,0.0010474208975210786,0,0
P01_rsbfilm_no_Pcyc,2,small_rect_edge_test_0001,0.0,0.020620599389076233,7.003093196544796e-05,0.0006070162053219974,0,0
P01_rsbfilm_no_Pcyc,2,small_rect_edge_test_0002,0.0,0.13849550485610962,8.116773824440315e-05,0.0016381866298615932,0,0
P01_rsbfilm_no_Pcyc,2,small_rect_edge_test_0003,0.0,0.017293691635131836,8.16322208265774e-05,0.0006260082009248435,0,0
P01_rsbfilm_no_Pcyc,2,small_rect_edge_test_0004,0.0,0.06556263566017151,0.00017080077668651938,0.0013562474632635713,0,0
P01_rsbfilm_no_Pcyc,2,small_rect_edge_test_0005,0.0,0.01642918586730957,0.00011596734111662954,0.0008697636076249182,0,0
P01_rsbfilm_no_Pcyc,2,small_rect_edge_test_0006,0.0,0.011085808277130127,0.00010359882435295731,0.0006782660493627191,0,0
P01_rsbfilm_no_Pcyc,2,small_rect_edge_test_0007,0.0,0.04432559013366699,6.109861715231091e-05,0.0007221114938147366,0,0
P01_rsbfilm_no_Pcyc,2,small_rect_edge_test_0008,0.0,0.04152262210845947,0.00016658335516694933,0.001250100671313703,0,0
P01_rsbfilm_no_Pcyc,2,small_rect_edge_test_0009,0.0,0.009750932455062866,6.796987145207822e-05,0.0004955754848197103,0,0
P01_rsbfilm_no_Pcyc,2,point_cluster_test_0000,0.0,0.015663862228393555,8.445107960142195e-05,0.0006582671776413918,0,0
P01_rsbfilm_no_Pcyc,2,point_cluster_test_0001,0.0,0.021937966346740723,0.00013397623843047768,0.0008494461653754115,0,0
P01_rsbfilm_no_Pcyc,2,point_cluster_test_0002,0.0,0.01684582233428955,8.509153121849522e-05,0.000746128789614886,0,0
P01_rsbfilm_no_Pcyc,2,point_cluster_test_0003,0.0,0.01022842526435852,5.5924807384144515e-05,0.000524219824001193,0,0
P01_rsbfilm_no_Pcyc,2,point_cluster_test_0004,0.0,0.02752944827079773,0.0001702356239547953,0.001102734706364572,0,0
P01_rsbfilm_no_Pcyc,2,point_cluster_test_0005,0.0,0.017334401607513428,0.00011719358008122072,0.0007999793160706758,0,0
P01_rsbfilm_no_Pcyc,2,point_cluster_test_0006,0.0,0.05173921585083008,8.315363083966076e-05,0.000917541328817606,0,0
P01_rsbfilm_no_Pcyc,2,point_cluster_test_0007,0.0,0.023992061614990234,0.00011300304322503507,0.0009841484716162086,0,0
P01_rsbfilm_no_Pcyc,2,point_cluster_test_0008,0.0,0.02367156744003296,0.00013135847984813154,0.001131312339566648,0,0
P01_rsbfilm_no_Pcyc,2,point_cluster_test_0009,0.0,0.012546062469482422,4.8952224460663274e-05,0.0005094533553346992,0,0
P01_rsbfilm_no_Pcyc,2,point_cluster_test_0010,0.0,0.010081499814987183,0.00010766506602521986,0.0006270997691899538,0,0
P01_rsbfilm_no_Pcyc,2,point_cluster_test_0011,0.0,0.04773065447807312,0.00019813298422377557,0.0016936823958531022,0,0
P01_rsbfilm_no_Pcyc,2,point_cluster_test_0012,0.0,0.01582247018814087,7.030546839814633e-05,0.000598650483880192,0,0
P01_rsbfilm_no_Pcyc,2,point_cluster_test_0013,0.0,0.03330981731414795,0.00020935024076607078,0.0012911922531202435,0,0
P01_rsbfilm_no_Pcyc,2,point_cluster_test_0014,0.0,0.02575230598449707,5.5619562772335485e-05,0.0005976960528641939,0,0
P01_rsbfilm_no_Pcyc,2,point_cluster_test_0015,0.0,0.03694438934326172,0.00010989046131726354,0.0010007849195972085,0,0
P01_rsbfilm_no_Pcyc,2,point_cluster_test_0016,0.0,0.02168157696723938,0.00020128329924773425,0.001216307980939746,0,0
P01_rsbfilm_no_Pcyc,2,point_cluster_test_0017,0.0,0.033967673778533936,8.434538176516071e-05,0.0008205074700526893,0,0
P01_rsbfilm_no_Pcyc,2,point_cluster_test_0018,0.0,0.05903029441833496,0.0001079686262528412,0.0010592067847028375,0,0
P01_rsbfilm_no_Pcyc,2,point_cluster_test_0019,0.0,0.010754704475402832,3.955718784709461e-05,0.0003685941337607801,0,0
P02_rsbfilm_sincos_Pcyc,0,line_test_0000,0.0,0.08788882195949554,0.0006365369190461934,0.003815049771219492,0,0
P02_rsbfilm_sincos_Pcyc,0,line_test_0001,0.0,0.08796000480651855,0.00109123217407614,0.0047501446679234505,0,0
P02_rsbfilm_sincos_Pcyc,0,line_test_0002,0.0,0.08788181841373444,0.0010503510711714625,0.005009487736970186,0,0
P02_rsbfilm_sincos_Pcyc,0,line_test_0003,0.0,0.10519042611122131,0.0013183573028072715,0.006576936691999435,0,0
P02_rsbfilm_sincos_Pcyc,0,line_test_0004,0.0,0.0879521518945694,0.0005413767066784203,0.0035241171717643738,0,0
P02_rsbfilm_sincos_Pcyc,0,line_test_0005,0.0,0.08797059953212738,0.0006930012605153024,0.0038275509141385555,0,0
P02_rsbfilm_sincos_Pcyc,0,line_test_0006,0.0,0.1259179711341858,0.0010165912099182606,0.005686409305781126,0,0
P02_rsbfilm_sincos_Pcyc,0,line_test_0007,0.0,0.08795973658561707,0.0006719508673995733,0.003759994637221098,0,0
P02_rsbfilm_sincos_Pcyc,0,line_test_0008,0.0,0.08794978260993958,0.0008060368709266186,0.003898966358974576,0,0
P02_rsbfilm_sincos_Pcyc,0,line_test_0009,0.0,0.0878867357969284,0.0007828439702279866,0.004134549293667078,0,0
P02_rsbfilm_sincos_Pcyc,0,line_test_0010,0.0,0.08794541656970978,0.0007633286877535284,0.004202291369438171,0,0
P02_rsbfilm_sincos_Pcyc,0,line_test_0011,0.0,0.18539196252822876,0.0007543870015069842,0.004342758562415838,0,0
P02_rsbfilm_sincos_Pcyc,0,line_test_0012,0.0,0.09510284662246704,0.0009285915293730795,0.004804935306310654,0,0
P02_rsbfilm_sincos_Pcyc,0,line_test_0013,0.0,0.08797262609004974,0.000862860179040581,0.004225971642881632,0,0
P02_rsbfilm_sincos_Pcyc,0,line_test_0014,0.0,0.08796805143356323,0.000552348792552948,0.0034929707180708647,0,0
P02_rsbfilm_sincos_Pcyc,0,line_test_0015,0.0,0.09877645969390869,0.00080952636199072,0.004545620176941156,0,0
P02_rsbfilm_sincos_Pcyc,0,line_test_0016,0.0,0.08785736560821533,0.0011008945293724537,0.00507489126175642,0,0
P02_rsbfilm_sincos_Pcyc,0,line_test_0017,0.0,0.16744357347488403,0.0006367166643030941,0.004183345939964056,0,0
P02_rsbfilm_sincos_Pcyc,0,line_test_0018,0.0,0.08794434368610382,0.0008716979064047337,0.004400521516799927,0,0
P02_rsbfilm_sincos_Pcyc,0,line_test_0019,0.0,0.08786162734031677,0.0006716545321978629,0.003746217815205455,0,0
P02_rsbfilm_sincos_Pcyc,0,cross_test_0000,0.0,0.08787500858306885,0.0010173235787078738,0.004788497928529978,0,0
P02_rsbfilm_sincos_Pcyc,0,cross_test_0001,0.0,0.08795858919620514,0.0007277716067619622,0.003905816236510873,0,0
P02_rsbfilm_sincos_Pcyc,0,cross_test_0002,0.0,0.08797039091587067,0.0007518234779126942,0.004189446568489075,0,0
P02_rsbfilm_sincos_Pcyc,0,cross_test_0003,0.0,0.11160171031951904,0.0010653185890987515,0.0053535099141299725,0,0
P02_rsbfilm_sincos_Pcyc,0,cross_test_0004,0.0,0.10631349682807922,0.0010500942589715123,0.005381178110837936,0,0
P02_rsbfilm_sincos_Pcyc,0,cross_test_0005,0.0,0.08787259459495544,0.0011400921503081918,0.004782344680279493,0,0
P02_rsbfilm_sincos_Pcyc,0,cross_test_0006,0.0,0.08796115219593048,0.0005625389749184251,0.003512358060106635,0,0
P02_rsbfilm_sincos_Pcyc,0,cross_test_0007,0.0,0.08796937763690948,0.0006807747413404286,0.003925903234630823,0,0
P02_rsbfilm_sincos_Pcyc,0,cross_test_0008,0.0,0.10431545972824097,0.0013151003513485193,0.00599676975980401,0,0
P02_rsbfilm_sincos_Pcyc,0,cross_test_0009,0.0,0.08795201778411865,0.0007390686077997088,0.004081043414771557,0,0
P02_rsbfilm_sincos_Pcyc,0,cross_test_0010,0.0,0.0879431664943695,0.0009406464523635805,0.004626292735338211,0,0
P02_rsbfilm_sincos_Pcyc,0,cross_test_0011,0.0,0.12228602170944214,0.0017838702769950032,0.007976752705872059,0,0
P02_rsbfilm_sincos_Pcyc,0,cross_test_0012,0.0,0.08795879781246185,0.0007843402563594282,0.004282178822904825,0,0
P02_rsbfilm_sincos_Pcyc,0,cross_test_0013,0.0,0.09509235620498657,0.0010667056776583195,0.004790209699422121,0,0
P02_rsbfilm_sincos_Pcyc,0,cross_test_0014,0.0,0.08796359598636627,0.0007873702561482787,0.0040109059773385525,0,0
P02_rsbfilm_sincos_Pcyc,0,L_shape_test_0000,0.0,0.09050661325454712,0.0014783293008804321,0.0061109415255486965,0,0
P02_rsbfilm_sincos_Pcyc,0,L_shape_test_0001,0.0,0.08788704872131348,0.0007115782354958355,0.003756410675123334,0,0
P02_rsbfilm_sincos_Pcyc,0,L_shape_test_0002,0.0,0.10136792063713074,0.0013932323781773448,0.005957465153187513,0,0
P02_rsbfilm_sincos_Pcyc,0,L_shape_test_0003,0.0,0.09897363185882568,0.0009732430335134268,0.0044208429753780365,0,0
P02_rsbfilm_sincos_Pcyc,0,L_shape_test_0004,0.0,0.0878639817237854,0.0010644244030117989,0.004203993361443281,0,0
P02_rsbfilm_sincos_Pcyc,0,L_shape_test_0005,0.0,0.08923560380935669,0.001034567249007523,0.004673445597290993,0,0
P02_rsbfilm_sincos_Pcyc,0,L_shape_test_0006,0.0,0.08788593113422394,0.0006560338078998029,0.0037018796429038048,0,0
P02_rsbfilm_sincos_Pcyc,0,L_shape_test_0007,0.0,0.0878804624080658,0.0010409899987280369,0.004668855108320713,0,0
P02_rsbfilm_sincos_Pcyc,0,L_shape_test_0008,0.0,0.0879608690738678,0.00083747977623716,0.004003561567515135,0,0
P02_rsbfilm_sincos_Pcyc,0,L_shape_test_0009,0.0,0.08783864974975586,0.0010903000365942717,0.004585095681250095,0,0
P02_rsbfilm_sincos_Pcyc,0,L_shape_test_0010,0.0,0.08788599073886871,0.0007938914350233972,0.004180931020528078,0,0
P02_rsbfilm_sincos_Pcyc,0,L_shape_test_0011,0.0,0.08795736730098724,0.0006079882732592523,0.0035777378361672163,0,0
P02_rsbfilm_sincos_Pcyc,0,L_shape_test_0012,0.0,0.0878847986459732,0.0008088838658295572,0.004060452803969383,0,0
P02_rsbfilm_sincos_Pcyc,0,L_shape_test_0013,0.0,0.08786551654338837,0.0008160869474522769,0.00391497602686286,0,0
P02_rsbfilm_sincos_Pcyc,0,L_shape_test_0014,0.0,0.08794602751731873,0.0007904290687292814,0.003967855125665665,0,0
P02_rsbfilm_sincos_Pcyc,0,L_shape_test_0015,0.0,0.08786700665950775,0.0009080327581614256,0.004173704888671637,0,0
P02_rsbfilm_sincos_Pcyc,0,L_shape_test_0016,0.0,0.08787527680397034,0.0008278951281681657,0.003996779210865498,0,0
P02_rsbfilm_sincos_Pcyc,0,L_shape_test_0017,0.0,0.08779609203338623,0.0011114326771348715,0.00468678493052721,0,0
P02_rsbfilm_sincos_Pcyc,0,L_shape_test_0018,0.0,0.08787566423416138,0.0008426286512985826,0.003942825365811586,0,0
P02_rsbfilm_sincos_Pcyc,0,L_shape_test_0019,0.0,0.10490405559539795,0.0009353563655167818,0.004591464065015316,0,0
P02_rsbfilm_sincos_Pcyc,0,double_line_test_0000,0.0,0.10768342018127441,0.0007053289446048439,0.0040154289454221725,0,0
P02_rsbfilm_sincos_Pcyc,0,double_line_test_0001,0.0,0.1159435510635376,0.001483968342654407,0.006703114602714777,0,0
P02_rsbfilm_sincos_Pcyc,0,double_line_test_0002,0.0,0.08867460489273071,0.0005447649164125323,0.003822332015261054,0,0
P02_rsbfilm_sincos_Pcyc,0,double_line_test_0003,0.0,0.08787788450717926,0.0006970203830860555,0.0035952667240053415,0,0
P02_rsbfilm_sincos_Pcyc,0,double_line_test_0004,0.0,0.08787474036216736,0.0011034331982955337,0.005047986283898354,0,0
P02_rsbfilm_sincos_Pcyc,0,double_line_test_0005,0.0,0.2128961682319641,0.0006744012353010476,0.004357081837952137,0,0
P02_rsbfilm_sincos_Pcyc,0,double_line_test_0006,0.0,0.10046303272247314,0.0014486252330243587,0.0061479602009058,0,0
P02_rsbfilm_sincos_Pcyc,0,double_line_test_0007,0.0,0.08787508308887482,0.0009017833508551121,0.00416224729269743,0,0
P02_rsbfilm_sincos_Pcyc,0,double_line_test_0008,0.0,0.11005055904388428,0.0011098756222054362,0.0048160734586417675,0,0
P02_rsbfilm_sincos_Pcyc,0,double_line_test_0009,0.0,0.0878869891166687,0.0007529634167440236,0.0037882032338529825,0,0
P02_rsbfilm_sincos_Pcyc,0,double_line_test_0010,0.0,0.08789844810962677,0.0008173940004780889,0.0040475050918757915,0,0
P02_rsbfilm_sincos_Pcyc,0,double_line_test_0011,0.0,0.0879591554403305,0.0006214848253875971,0.0035211893264204264,0,0
P02_rsbfilm_sincos_Pcyc,0,double_line_test_0012,0.0,0.08793504536151886,0.0006256382912397385,0.003614165121689439,0,0
P02_rsbfilm_sincos_Pcyc,0,double_line_test_0013,0.0,0.08786819875240326,0.0007395766442641616,0.003655814565718174,0,0
P02_rsbfilm_sincos_Pcyc,0,double_line_test_0014,0.0,0.15115249156951904,0.001488500856794417,0.006184793543070555,0,0
P02_rsbfilm_sincos_Pcyc,0,small_rect_edge_test_0000,0.0,0.11910980939865112,0.0007028162945061922,0.004140536766499281,0,0
P02_rsbfilm_sincos_Pcyc,0,small_rect_edge_test_0001,0.0,0.0879422128200531,0.0007740292930975556,0.0040465062484145164,0,0
P02_rsbfilm_sincos_Pcyc,0,small_rect_edge_test_0002,0.0,0.12572693824768066,0.0007090896833688021,0.0040595559403300285,0,0
P02_rsbfilm_sincos_Pcyc,0,small_rect_edge_test_0003,0.0,0.0878511518239975,0.0008485204307362437,0.004061384592205286,0,0
P02_rsbfilm_sincos_Pcyc,0,small_rect_edge_test_0004,0.0,0.1407570242881775,0.001497285789810121,0.007017653435468674,0,0
P02_rsbfilm_sincos_Pcyc,0,small_rect_edge_test_0005,0.0,0.12322157621383667,0.0010051482822746038,0.004963001236319542,0,0
P02_rsbfilm_sincos_Pcyc,0,small_rect_edge_test_0006,0.0,0.08787737786769867,0.0008181914454326034,0.003981610294431448,0,0
P02_rsbfilm_sincos_Pcyc,0,small_rect_edge_test_0007,0.0,0.12777608633041382,0.0006191661232151091,0.004173014312982559,0,0
P02_rsbfilm_sincos_Pcyc,0,small_rect_edge_test_0008,0.0,0.19667518138885498,0.001484213280491531,0.006874637678265572,0,0
P02_rsbfilm_sincos_Pcyc,0,small_rect_edge_test_0009,0.0,0.08797018229961395,0.0007788896327838302,0.0039428165182471275,0,0
P02_rsbfilm_sincos_Pcyc,0,point_cluster_test_0000,0.0,0.087943434715271,0.0008200087468139827,0.004072520416229963,0,0
P02_rsbfilm_sincos_Pcyc,0,point_cluster_test_0001,0.0,0.11169648170471191,0.0010011481354013085,0.005048025865107775,0,0
P02_rsbfilm_sincos_Pcyc,0,point_cluster_test_0002,0.0,0.08796428143978119,0.0009107794030569494,0.004626539535820484,0,0
P02_rsbfilm_sincos_Pcyc,0,point_cluster_test_0003,0.0,0.10194188356399536,0.0008620862499810755,0.004613249097019434,0,0
P02_rsbfilm_sincos_Pcyc,0,point_cluster_test_0004,0.0,0.08796769380569458,0.0010673063807189465,0.0052156164310872555,0,0
P02_rsbfilm_sincos_Pcyc,0,point_cluster_test_0005,0.0,0.08796095848083496,0.0011183207388967276,0.005134547594934702,0,0
P02_rsbfilm_sincos_Pcyc,0,point_cluster_test_0006,0.0,0.20039618015289307,0.0008263724739663303,0.004598694853484631,0,0
P02_rsbfilm_sincos_Pcyc,0,point_cluster_test_0007,0.0,0.09338974952697754,0.0009472200181335211,0.004708159249275923,0,0
P02_rsbfilm_sincos_Pcyc,0,point_cluster_test_0008,0.0,0.09271413087844849,0.0010008375393226743,0.005017801653593779,0,0
P02_rsbfilm_sincos_Pcyc,0,point_cluster_test_0009,0.0,0.08797667920589447,0.0007016428280621767,0.0038803122006356716,0,0
P02_rsbfilm_sincos_Pcyc,0,point_cluster_test_0010,0.0,0.08794473111629486,0.0009462966118007898,0.004412274807691574,0,0
P02_rsbfilm_sincos_Pcyc,0,point_cluster_test_0011,0.0,0.14612466096878052,0.0012810886837542057,0.006658031139522791,0,0
P02_rsbfilm_sincos_Pcyc,0,point_cluster_test_0012,0.0,0.16988646984100342,0.00103379029314965,0.00555679714307189,0,0
P02_rsbfilm_sincos_Pcyc,0,point_cluster_test_0013,0.0,0.10847818851470947,0.0015364134451374412,0.006598863750696182,0,0
P02_rsbfilm_sincos_Pcyc,0,point_cluster_test_0014,0.0,0.10440176725387573,0.0008367972914129496,0.004713375121355057,0,0
P02_rsbfilm_sincos_Pcyc,0,point_cluster_test_0015,0.0,0.11659663915634155,0.0009623125661164522,0.005612519569694996,0,0
P02_rsbfilm_sincos_Pcyc,0,point_cluster_test_0016,0.0,0.08796791732311249,0.0010249755578115582,0.004605726804584265,0,0
P02_rsbfilm_sincos_Pcyc,0,point_cluster_test_0017,0.0,0.12080603837966919,0.0008490002364851534,0.004700664896517992,0,0
P02_rsbfilm_sincos_Pcyc,0,point_cluster_test_0018,0.0,0.1501801609992981,0.0010761350858956575,0.005706754047423601,0,0
P02_rsbfilm_sincos_Pcyc,0,point_cluster_test_0019,0.0,0.08793601393699646,0.0006621329812332988,0.0037681637331843376,0,0
P02_rsbfilm_sincos_Pcyc,1,line_test_0000,0.0,0.026424705982208252,0.0001133645127993077,0.00045053981011733413,0,0
P02_rsbfilm_sincos_Pcyc,1,line_test_0001,0.0,0.06930190324783325,0.00018558943702373654,0.0010135782649740577,0,0
P02_rsbfilm_sincos_Pcyc,1,line_test_0002,0.0,0.01750851608812809,0.00015717934002168477,0.0005808817222714424,0,0
P02_rsbfilm_sincos_Pcyc,1,line_test_0003,0.0,0.06524008512496948,0.00021197173919063061,0.0011908226879313588,0,0
P02_rsbfilm_sincos_Pcyc,1,line_test_0004,0.0,0.007252812385559082,8.89007278601639e-05,0.00017897198267746717,0,0
P02_rsbfilm_sincos_Pcyc,1,line_test_0005,0.0,0.008522748947143555,0.00010246801684843376,0.0002967345935758203,0,0
P02_rsbfilm_sincos_Pcyc,1,line_test_0006,0.0,0.11596393585205078,0.0002051291085081175,0.0019486957462504506,0,0
P02_rsbfilm_sincos_Pcyc,1,line_test_0007,0.0,0.02181488275527954,0.00011782540241256356,0.0004601387190632522,0,0
P02_rsbfilm_sincos_Pcyc,1,line_test_0008,0.0,0.01003485918045044,0.00013508752454072237,0.0004188871243968606,0,0
P02_rsbfilm_sincos_Pcyc,1,line_test_0009,0.0,0.0747021734714508,0.00011883783008670434,0.0007283046143129468,0,0
P02_rsbfilm_sincos_Pcyc,1,line_test_0010,0.0,0.04200470447540283,0.00013268964539747685,0.0006719180382788181,0,0
P02_rsbfilm_sincos_Pcyc,1,line_test_0011,0.0,0.2811899185180664,0.00017683033365756273,0.0034501925110816956,0,0
P02_rsbfilm_sincos_Pcyc,1,line_test_0012,0.0,0.051160573959350586,0.00015742827963549644,0.0008650771924294531,0,0
P02_rsbfilm_sincos_Pcyc,1,line_test_0013,0.0,0.01843554712831974,0.00012491285451687872,0.00044137690565548837,0,0
P02_rsbfilm_sincos_Pcyc,1,line_test_0014,0.0,0.021294355392456055,9.363303252030164e-05,0.00028637811192311347,0,0
P02_rsbfilm_sincos_Pcyc,1,line_test_0015,0.0,0.03401544690132141,0.00012598841567523777,0.000545984716154635,0,0
P02_rsbfilm_sincos_Pcyc,1,line_test_0016,0.0,0.013983011245727539,0.00013177965593058616,0.0004569121520034969,0,0
P02_rsbfilm_sincos_Pcyc,1,line_test_0017,0.0,0.39468228816986084,0.00021800359536428005,0.005258395802229643,0,0
P02_rsbfilm_sincos_Pcyc,1,line_test_0018,0.0,0.04068431258201599,0.00013474533625412732,0.0005800879443995655,0,0
P02_rsbfilm_sincos_Pcyc,1,line_test_0019,0.0,0.012714385986328125,9.453554230276495e-05,0.00029049967997707427,0,0
P02_rsbfilm_sincos_Pcyc,1,cross_test_0000,0.0,0.07583141326904297,0.00017493945779278874,0.0009606948005966842,0,0
P02_rsbfilm_sincos_Pcyc,1,cross_test_0001,0.0,0.011711690574884415,0.00011221263412153348,0.00038457001210190356,0,0
P02_rsbfilm_sincos_Pcyc,1,cross_test_0002,0.0,0.12285050749778748,0.0001803636841941625,0.0018531280802562833,0,0
P02_rsbfilm_sincos_Pcyc,1,cross_test_0003,0.0,0.016797304153442383,0.00016990203585010022,0.0006884207832626998,0,0
P02_rsbfilm_sincos_Pcyc,1,cross_test_0004,0.0,0.008634611964225769,0.00014159760030452162,0.0005071635823696852,0,0
P02_rsbfilm_sincos_Pcyc,1,cross_test_0005,0.0,0.03944176435470581,0.00018756091594696045,0.0008746004896238446,0,0
P02_rsbfilm_sincos_Pcyc,1,cross_test_0006,0.0,0.010172674432396889,9.819593833526596e-05,0.0002796826302073896,0,0
P02_rsbfilm_sincos_Pcyc,1,cross_test_0007,0.0,0.022957518696784973,0.00013061110803391784,0.0006704130792059004,0,0
P02_rsbfilm_sincos_Pcyc,1,cross_test_0008,0.0,0.02355736494064331,0.0002525490999687463,0.001133675454184413,0,0
P02_rsbfilm_sincos_Pcyc,1,cross_test_0009,0.0,0.01504504680633545,0.00010911637218669057,0.0003487362992018461,0,0
P02_rsbfilm_sincos_Pcyc,1,cross_test_0010,0.0,0.026322484016418457,0.00014495178766082972,0.0006083528278395534,0,0
P02_rsbfilm_sincos_Pcyc,1,cross_test_0011,0.0,0.025930702686309814,0.00026145775336772203,0.0010824104538187385,0,0
P02_rsbfilm_sincos_Pcyc,1,cross_test_0012,0.0,0.023978859186172485,0.00015166218508966267,0.0006831624777987599,0,0
P02_rsbfilm_sincos_Pcyc,1,cross_test_0013,0.0,0.0897977352142334,0.00019072509894613177,0.0015502672176808119,0,0
P02_rsbfilm_sincos_Pcyc,1,cross_test_0014,0.0,0.02768886089324951,0.00014002174430061132,0.0006038768915459514,0,0
P02_rsbfilm_sincos_Pcyc,1,L_shape_test_0000,0.0,0.08186674118041992,0.0002563094603829086,0.0014581774594262242,0,0
P02_rsbfilm_sincos_Pcyc,1,L_shape_test_0001,0.0,0.017365023493766785,0.00010566092532826588,0.00033112155506387353,0,0
P02_rsbfilm_sincos_Pcyc,1,L_shape_test_0002,0.0,0.06308424472808838,0.00020954608044121414,0.0012445420725271106,0,0
P02_rsbfilm_sincos_Pcyc,1,L_shape_test_0003,0.0,0.06244724988937378,0.00014583521988242865,0.0007201001862995327,0,0
P02_rsbfilm_sincos_Pcyc,1,L_shape_test_0004,0.0,0.01267993450164795,0.00013446919911075383,0.0003869631327688694,0,0
P02_rsbfilm_sincos_Pcyc,1,L_shape_test_0005,0.0,0.1472052037715912,0.00018270450527779758,0.0016439651371911168,0,0
P02_rsbfilm_sincos_Pcyc,1,L_shape_test_0006,0.0,0.01167057640850544,0.00010183824633713812,0.0002680269244592637,0,0
P02_rsbfilm_sincos_Pcyc,1,L_shape_test_0007,0.0,0.029522210359573364,0.00014981489221099764,0.0005998705746605992,0,0
P02_rsbfilm_sincos_Pcyc,1,L_shape_test_0008,0.0,0.026548922061920166,0.00013805809430778027,0.0005063099670223892,0,0
P02_rsbfilm_sincos_Pcyc,1,L_shape_test_0009,0.0,0.035003527998924255,0.00016286551544908434,0.0007518627098761499,0,0
P02_rsbfilm_sincos_Pcyc,1,L_shape_test_0010,0.0,0.015593960881233215,0.00013705070887226611,0.00044850847916677594,0,0
P02_rsbfilm_sincos_Pcyc,1,L_shape_test_0011,0.0,0.013274073600769043,9.83740683295764e-05,0.00027468768530525267,0,0
P02_rsbfilm_sincos_Pcyc,1,L_shape_test_0012,0.0,0.016249701380729675,0.00014003000978846103,0.00046514763380400836,0,0
P02_rsbfilm_sincos_Pcyc,1,L_shape_test_0013,0.0,0.014829866588115692,0.00014041813847143203,0.0004274437378626317,0,0
P02_rsbfilm_sincos_Pcyc,1,L_shape_test_0014,0.0,0.014024674892425537,0.00012004896416328847,0.0003764265275094658,0,0
P02_rsbfilm_sincos_Pcyc,1,L_shape_test_0015,0.0,0.028182148933410645,0.00011429110600147396,0.0004472609143704176,0,0
P02_rsbfilm_sincos_Pcyc,1,L_shape_test_0016,0.0,0.030602768063545227,0.0001251793873962015,0.00043566804379224777,0,0
P02_rsbfilm_sincos_Pcyc,1,L_shape_test_0017,0.0,0.014361739158630371,0.0001512112794443965,0.0005158866406418383,0,0
P02_rsbfilm_sincos_Pcyc,1,L_shape_test_0018,0.0,0.014028608798980713,0.00014153600204735994,0.00041460938518866897,0,0
P02_rsbfilm_sincos_Pcyc,1,L_shape_test_0019,0.0,0.028343886137008667,0.00013466629025060683,0.0005767876282334328,0,0
P02_rsbfilm_sincos_Pcyc,1,double_line_test_0000,0.0,0.09485495090484619,0.00012421494466252625,0.0009287656284868717,0,0
P02_rsbfilm_sincos_Pcyc,1,double_line_test_0001,0.0,0.17763751745224,0.00030336398049257696,0.002113603288307786,0,0
P02_rsbfilm_sincos_Pcyc,1,double_line_test_0002,0.0,0.17883384227752686,0.00015367350715678185,0.0024187166709452868,0,0
P02_rsbfilm_sincos_Pcyc,1,double_line_test_0003,0.0,0.008494853973388672,9.436578693566844e-05,0.00020982121350243688,0,0
P02_rsbfilm_sincos_Pcyc,1,double_line_test_0004,0.0,0.015146613121032715,0.00017853768076747656,0.0006442653248086572,0,0
P02_rsbfilm_sincos_Pcyc,1,double_line_test_0005,0.0,0.3691115975379944,0.00019348914793226868,0.0038691868539899588,0,0
P02_rsbfilm_sincos_Pcyc,1,double_line_test_0006,0.0,0.10468372702598572,0.0002632768591865897,0.0015168149257078767,0,0
P02_rsbfilm_sincos_Pcyc,1,double_line_test_0007,0.0,0.03743734210729599,0.00014046310388948768,0.0007861892227083445,0,0
P02_rsbfilm_sincos_Pcyc,1,double_line_test_0008,0.0,0.10019981861114502,0.00020379263150971383,0.0014882968971505761,0,0
P02_rsbfilm_sincos_Pcyc,1,double_line_test_0009,0.0,0.009528063237667084,0.00011037066724384204,0.0002977775293402374,0,0
P02_rsbfilm_sincos_Pcyc,1,double_line_test_0010,0.0,0.029913663864135742,0.0001358714362140745,0.0005086049786768854,0,0
P02_rsbfilm_sincos_Pcyc,1,double_line_test_0011,0.0,0.004296216648072004,0.00010078339255414903,0.00021085042681079358,0,0
P02_rsbfilm_sincos_Pcyc,1,double_line_test_0012,0.0,0.006546199321746826,9.990623948397115e-05,0.00026139707188121974,0,0
P02_rsbfilm_sincos_Pcyc,1,double_line_test_0013,0.0,0.014709681272506714,0.00013591964670922607,0.00040810852078720927,0,0
P02_rsbfilm_sincos_Pcyc,1,double_line_test_0014,0.0,0.15624645352363586,0.00023513476480729878,0.001682489993982017,0,0
P02_rsbfilm_sincos_Pcyc,1,small_rect_edge_test_0000,0.0,0.22798103094100952,0.0001566445134812966,0.002285066759213805,0,0
P02_rsbfilm_sincos_Pcyc,1,small_rect_edge_test_0001,0.0,0.046945810317993164,0.00013350600784178823,0.0006485229241661727,0,0
P02_rsbfilm_sincos_Pcyc,1,small_rect_edge_test_0002,0.0,0.34045135974884033,0.0002471394545864314,0.00424250029027462,0,0
P02_rsbfilm_sincos_Pcyc,1,small_rect_edge_test_0003,0.0,0.01483127474784851,0.00012079181033186615,0.00042845806456170976,0,0
P02_rsbfilm_sincos_Pcyc,1,small_rect_edge_test_0004,0.0,0.04095745086669922,0.00026883327518589795,0.001267032464966178,0,0
P02_rsbfilm_sincos_Pcyc,1,small_rect_edge_test_0005,0.0,0.03789961338043213,0.00019054806034546345,0.0009168833494186401,0,0
P02_rsbfilm_sincos_Pcyc,1,small_rect_edge_test_0006,0.0,0.026249945163726807,0.0001247700274689123,0.0004765174526255578,0,0
P02_rsbfilm_sincos_Pcyc,1,small_rect_edge_test_0007,0.0,0.06699889898300171,0.00014045591524336487,0.001266618724912405,0,0
P02_rsbfilm_sincos_Pcyc,1,small_rect_edge_test_0008,0.0,0.07390904426574707,0.0002557701081968844,0.0014358191983774304,0,0
P02_rsbfilm_sincos_Pcyc,1,small_rect_edge_test_0009,0.0,0.09349501132965088,0.00014533654029946774,0.0010851295664906502,0,0
P02_rsbfilm_sincos_Pcyc,1,point_cluster_test_0000,0.0,0.048897817730903625,0.00014210738299880177,0.0007905750535428524,0,0
P02_rsbfilm_sincos_Pcyc,1,point_cluster_test_0001,0.0,0.03070312738418579,0.00019006743968930095,0.0008377386839129031,0,0
P02_rsbfilm_sincos_Pcyc,1,point_cluster_test_0002,0.0,0.18751096725463867,0.00018479855498299003,0.002167594386264682,0,0
P02_rsbfilm_sincos_Pcyc,1,point_cluster_test_0003,0.0,0.040118277072906494,0.00012371820048429072,0.0005982972797937691,0,0
P02_rsbfilm_sincos_Pcyc,1,point_cluster_test_0004,0.0,0.014423556625843048,0.00019501743372529745,0.0008143210434354842,0,0
P02_rsbfilm_sincos_Pcyc,1,point_cluster_test_0005,0.0,0.13012048602104187,0.00019582279492169619,0.001534567098133266,0,0
P02_rsbfilm_sincos_Pcyc,1,point_cluster_test_0006,0.0,0.2418651580810547,0.00017629518697503954,0.0023809969425201416,0,0
P02_rsbfilm_sincos_Pcyc,1,point_cluster_test_0007,0.0,0.06287628412246704,0.0001708603376755491,0.000889577844645828,0,0
P02_rsbfilm_sincos_Pcyc,1,point_cluster_test_0008,0.0,0.02835637331008911,0.00016448198584839702,0.0008769602281972766,0,0
P02_rsbfilm_sincos_Pcyc,1,point_cluster_test_0009,0.0,0.018871724605560303,0.000123055258882232,0.0005063952994532883,0,0
P02_rsbfilm_sincos_Pcyc,1,point_cluster_test_0010,0.0,0.022285640239715576,0.0001575828209752217,0.0006499906303361058,0,0
P02_rsbfilm_sincos_Pcyc,1,point_cluster_test_0011,0.0,0.05799248814582825,0.000209728124900721,0.0013695809757336974,0,0
P02_rsbfilm_sincos_Pcyc,1,point_cluster_test_0012,0.0,0.11792826652526855,0.00017490892787463963,0.0016324433963745832,0,0
P02_rsbfilm_sincos_Pcyc,1,point_cluster_test_0013,0.0,0.04307818412780762,0.0002789899299386889,0.0013381632743403316,0,0
P02_rsbfilm_sincos_Pcyc,1,point_cluster_test_0014,0.0,0.03358137607574463,0.00013101387594360858,0.0006092417170293629,0,0
P02_rsbfilm_sincos_Pcyc,1,point_cluster_test_0015,0.0,0.03398352116346359,0.00018828483007382601,0.0010222572600468993,0,0
P02_rsbfilm_sincos_Pcyc,1,point_cluster_test_0016,0.0,0.02747926115989685,0.0001648152101552114,0.0006689669680781662,0,0
P02_rsbfilm_sincos_Pcyc,1,point_cluster_test_0017,0.0,0.23947513103485107,0.00017146307800430804,0.002376886084675789,0,0
P02_rsbfilm_sincos_Pcyc,1,point_cluster_test_0018,0.0,0.14762729406356812,0.00020025709818582982,0.0017721945187076926,0,0
P02_rsbfilm_sincos_Pcyc,1,point_cluster_test_0019,0.0,0.053558528423309326,0.00011008897126885131,0.0006244817632250488,0,0
P02_rsbfilm_sincos_Pcyc,2,line_test_0000,0.0,0.02939397096633911,0.00017293366545345634,0.0010538612259551883,0,0
P02_rsbfilm_sincos_Pcyc,2,line_test_0001,0.0,0.045125529170036316,0.0003653418680187315,0.001983670750632882,0,0
P02_rsbfilm_sincos_Pcyc,2,line_test_0002,0.0,0.03523695468902588,0.0002450276224408299,0.0014494715724140406,0,0
P02_rsbfilm_sincos_Pcyc,2,line_test_0003,0.0,0.08858257532119751,0.00035664185998030007,0.0026997465174645185,0,0
P02_rsbfilm_sincos_Pcyc,2,line_test_0004,0.0,0.02890080213546753,0.00011943258141400293,0.0006367972819134593,0,0
P02_rsbfilm_sincos_Pcyc,2,line_test_0005,0.0,0.02561311423778534,0.00012074293044861406,0.0005906784790568054,0,0
P02_rsbfilm_sincos_Pcyc,2,line_test_0006,0.0,0.07955241203308105,0.0002153334062313661,0.001838589902035892,0,0
P02_rsbfilm_sincos_Pcyc,2,line_test_0007,0.0,0.03964164853096008,0.00018559092131908983,0.0009412895306013525,0,0
P02_rsbfilm_sincos_Pcyc,2,line_test_0008,0.0,0.01890413463115692,0.00015961032477207482,0.000772447616327554,0,0
P02_rsbfilm_sincos_Pcyc,2,line_test_0009,0.0,0.04991227388381958,0.00020024777040816844,0.001216231845319271,0,0
P02_rsbfilm_sincos_Pcyc,2,line_test_0010,0.0,0.03349792957305908,0.00018360672402195632,0.001293454086408019,0,0
P02_rsbfilm_sincos_Pcyc,2,line_test_0011,0.0,0.14519792795181274,0.00022803845058660954,0.0022342263255268335,0,0
P02_rsbfilm_sincos_Pcyc,2,line_test_0012,0.0,0.03724446892738342,0.00019416837312746793,0.0013286643661558628,0,0
P02_rsbfilm_sincos_Pcyc,2,line_test_0013,0.0,0.03081899881362915,0.00017035569180734456,0.000911278126295656,0,0
P02_rsbfilm_sincos_Pcyc,2,line_test_0014,0.0,0.031844496726989746,0.00011247963993810117,0.0006910801166668534,0,0
P02_rsbfilm_sincos_Pcyc,2,line_test_0015,0.0,0.06887155771255493,0.00021391896007116884,0.001691556186415255,0,0
P02_rsbfilm_sincos_Pcyc,2,line_test_0016,0.0,0.06509053707122803,0.00027316712657921016,0.0016742541920393705,0,0
P02_rsbfilm_sincos_Pcyc,2,line_test_0017,0.0,0.19341307878494263,0.00017556427337694913,0.002389824716374278,0,0
P02_rsbfilm_sincos_Pcyc,2,line_test_0018,0.0,0.04692932963371277,0.00018202712817583233,0.0011760229244828224,0,0
P02_rsbfilm_sincos_Pcyc,2,line_test_0019,0.0,0.020921260118484497,0.00013653583300765604,0.0006779441609978676,0,0
P02_rsbfilm_sincos_Pcyc,2,cross_test_0000,0.0,0.03270485997200012,0.0002595878904685378,0.0015520493034273386,0,0
P02_rsbfilm_sincos_Pcyc,2,cross_test_0001,0.0,0.018329046666622162,0.00015362117846962065,0.0007325035985559225,0,0
P02_rsbfilm_sincos_Pcyc,2,cross_test_0002,0.0,0.07114303112030029,0.00019811291713267565,0.0013939006021246314,0,0
P02_rsbfilm_sincos_Pcyc,2,cross_test_0003,0.0,0.06284385919570923,0.00032988371094688773,0.0019239503890275955,0,0
P02_rsbfilm_sincos_Pcyc,2,cross_test_0004,0.0,0.02541550248861313,0.0002570530050434172,0.0014279282186180353,0,0
P02_rsbfilm_sincos_Pcyc,2,cross_test_0005,0.0,0.02194392681121826,0.00021501652372535318,0.0010297560365870595,0,0
P02_rsbfilm_sincos_Pcyc,2,cross_test_0006,0.0,0.018030285835266113,0.00017546869639772922,0.0009009689674712718,0,0
P02_rsbfilm_sincos_Pcyc,2,cross_test_0007,0.0,0.024132370948791504,0.0001667503238422796,0.0009621535427868366,0,0
P02_rsbfilm_sincos_Pcyc,2,cross_test_0008,0.0,0.06514886021614075,0.00046379989362321794,0.0029228823259472847,0,0
P02_rsbfilm_sincos_Pcyc,2,cross_test_0009,0.0,0.064419686794281,0.00017370062414556742,0.0012911746744066477,0,0
P02_rsbfilm_sincos_Pcyc,2,cross_test_0010,0.0,0.03493005037307739,0.0001880904019344598,0.0011047582374885678,0,0
P02_rsbfilm_sincos_Pcyc,2,cross_test_0011,0.0,0.07705768942832947,0.0006640455685555935,0.004207816906273365,0,0
P02_rsbfilm_sincos_Pcyc,2,cross_test_0012,0.0,0.04043862223625183,0.000252282596193254,0.0015037705888971686,0,0
P02_rsbfilm_sincos_Pcyc,2,cross_test_0013,0.0,0.03648689389228821,0.0002648502995725721,0.0014410148141905665,0,0
P02_rsbfilm_sincos_Pcyc,2,cross_test_0014,0.0,0.02705606073141098,0.00016844889614731073,0.0009662319207563996,0,0
P02_rsbfilm_sincos_Pcyc,2,L_shape_test_0000,0.0,0.0365271121263504,0.00042052584467455745,0.0021985345520079136,0,0
P02_rsbfilm_sincos_Pcyc,2,L_shape_test_0001,0.0,0.01234729215502739,0.00014326882956083864,0.0006579026812687516,0,0
P02_rsbfilm_sincos_Pcyc,2,L_shape_test_0002,0.0,0.03912055492401123,0.00032762528280727565,0.0017785015515983105,0,0
P02_rsbfilm_sincos_Pcyc,2,L_shape_test_0003,0.0,0.023896098136901855,0.00023598494590260088,0.0011797385523095727,0,0
P02_rsbfilm_sincos_Pcyc,2,L_shape_test_0004,0.0,0.0228252112865448,0.0002356398181291297,0.0010432286653667688,0,0
P02_rsbfilm_sincos_Pcyc,2,L_shape_test_0005,0.0,0.08295702934265137,0.00022884338977746665,0.0014759987825527787,0,0
P02_rsbfilm_sincos_Pcyc,2,L_shape_test_0006,0.0,0.03411179780960083,0.00014690271927975118,0.0006982185877859592,0,0
P02_rsbfilm_sincos_Pcyc,2,L_shape_test_0007,0.0,0.03395847976207733,0.000304892600979656,0.001600464340299368,0,0
P02_rsbfilm_sincos_Pcyc,2,L_shape_test_0008,0.0,0.022532254457473755,0.00017825579561758786,0.0009138246532529593,0,0
P02_rsbfilm_sincos_Pcyc,2,L_shape_test_0009,0.0,0.036399662494659424,0.0002478361420799047,0.0013981203082948923,0,0
P02_rsbfilm_sincos_Pcyc,2,L_shape_test_0010,0.0,0.04771900177001953,0.0003100836474914104,0.0019237882224842906,0,0
P02_rsbfilm_sincos_Pcyc,2,L_shape_test_0011,0.0,0.013872884213924408,0.00012301636161282659,0.000541878049261868,0,0
P02_rsbfilm_sincos_Pcyc,2,L_shape_test_0012,0.0,0.06588488817214966,0.0003030933439731598,0.0019014287972822785,0,0
P02_rsbfilm_sincos_Pcyc,2,L_shape_test_0013,0.0,0.018041441217064857,0.00023459353542421013,0.0010383926564827561,0,0
P02_rsbfilm_sincos_Pcyc,2,L_shape_test_0014,0.0,0.02239219844341278,0.0001720044092508033,0.0009334210189990699,0,0
P02_rsbfilm_sincos_Pcyc,2,L_shape_test_0015,0.0,0.02755323052406311,0.00020995376689825207,0.0009928516810759902,0,0
P02_rsbfilm_sincos_Pcyc,2,L_shape_test_0016,0.0,0.03029346466064453,0.0002448688028380275,0.001369617646560073,0,0
P02_rsbfilm_sincos_Pcyc,2,L_shape_test_0017,0.0,0.038345515727996826,0.0003908057406079024,0.001951453392393887,0,0
P02_rsbfilm_sincos_Pcyc,2,L_shape_test_0018,0.0,0.03336687386035919,0.00021902813750784844,0.0010807544458657503,0,0
P02_rsbfilm_sincos_Pcyc,2,L_shape_test_0019,0.0,0.05401737987995148,0.00018970562086906284,0.0012573046842589974,0,0
P02_rsbfilm_sincos_Pcyc,2,double_line_test_0000,0.0,0.12415856122970581,0.00020654284162446856,0.0017965902807191014,0,0
P02_rsbfilm_sincos_Pcyc,2,double_line_test_0001,0.0,0.07389724254608154,0.0005764990346506238,0.00354372663423419,0,0
P02_rsbfilm_sincos_Pcyc,2,double_line_test_0002,0.0,0.10088914632797241,0.00024003672297112644,0.0018049217760562897,0,0
P02_rsbfilm_sincos_Pcyc,2,double_line_test_0003,0.0,0.016690731048583984,0.00016992817108985037,0.0007404864300042391,0,0
P02_rsbfilm_sincos_Pcyc,2,double_line_test_0004,0.0,0.03812927007675171,0.0003371518396306783,0.0018115377752110362,0,0
P02_rsbfilm_sincos_Pcyc,2,double_line_test_0005,0.0,0.21591055393218994,0.00027108201174996793,0.0023014401085674763,0,0
P02_rsbfilm_sincos_Pcyc,2,double_line_test_0006,0.0,0.10866641998291016,0.00068961939541623,0.004144410602748394,0,0
P02_rsbfilm_sincos_Pcyc,2,double_line_test_0007,0.0,0.02509215474128723,0.0001867921237135306,0.0009218063787557185,0,0
P02_rsbfilm_sincos_Pcyc,2,double_line_test_0008,0.0,0.047179341316223145,0.0002573339152149856,0.0014269114471971989,0,0
P02_rsbfilm_sincos_Pcyc,2,double_line_test_0009,0.0,0.01653335988521576,0.00018032283696811646,0.0008511286578141153,0,0
P02_rsbfilm_sincos_Pcyc,2,double_line_test_0010,0.0,0.021320536732673645,0.0002386144333286211,0.0011008437722921371,0,0
P02_rsbfilm_sincos_Pcyc,2,double_line_test_0011,0.0,0.010473906993865967,0.00014687316433992237,0.0005932904314249754,0,0
P02_rsbfilm_sincos_Pcyc,2,double_line_test_0012,0.0,0.014345914125442505,0.00013030182162765414,0.0006152872811071575,0,0
P02_rsbfilm_sincos_Pcyc,2,double_line_test_0013,0.0,0.021204832941293716,0.00026036391500383615,0.0010799786541610956,0,0
P02_rsbfilm_sincos_Pcyc,2,double_line_test_0014,0.0,0.08847582340240479,0.0004956108750775456,0.002927679568529129,0,0
P02_rsbfilm_sincos_Pcyc,2,small_rect_edge_test_0000,0.0,0.11043477058410645,0.00021121191093698144,0.002146961400285363,0,0
P02_rsbfilm_sincos_Pcyc,2,small_rect_edge_test_0001,0.0,0.06804484128952026,0.00022047183301765472,0.0015828364994376898,0,0
P02_rsbfilm_sincos_Pcyc,2,small_rect_edge_test_0002,0.0,0.1714821457862854,0.0003006214974448085,0.0031933141872286797,0,0
P02_rsbfilm_sincos_Pcyc,2,small_rect_edge_test_0003,0.0,0.02855062484741211,0.0001824572100304067,0.0008972385548986495,0,0
P02_rsbfilm_sincos_Pcyc,2,small_rect_edge_test_0004,0.0,0.08381426334381104,0.0004702997102867812,0.0030313224997371435,0,0
P02_rsbfilm_sincos_Pcyc,2,small_rect_edge_test_0005,0.0,0.0761345624923706,0.00042402479448355734,0.0027191652916371822,0,0
P02_rsbfilm_sincos_Pcyc,2,small_rect_edge_test_0006,0.0,0.02363220602273941,0.00021638766338583082,0.0010466694366186857,0,0
P02_rsbfilm_sincos_Pcyc,2,small_rect_edge_test_0007,0.0,0.09003722667694092,0.00023814222367946059,0.0016456956509500742,0,0
P02_rsbfilm_sincos_Pcyc,2,small_rect_edge_test_0008,0.0,0.14763331413269043,0.0005546659231185913,0.003957880195230246,0,0
P02_rsbfilm_sincos_Pcyc,2,small_rect_edge_test_0009,0.0,0.062335431575775146,0.00017906619177665561,0.0012589978286996484,0,0
P02_rsbfilm_sincos_Pcyc,2,point_cluster_test_0000,0.0,0.032863497734069824,0.0001795938005670905,0.0009789851028472185,0,0
P02_rsbfilm_sincos_Pcyc,2,point_cluster_test_0001,0.0,0.1056244969367981,0.0004197299131192267,0.0027369270101189613,0,0
P02_rsbfilm_sincos_Pcyc,2,point_cluster_test_0002,0.0,0.036596015095710754,0.0002165756159229204,0.001374649815261364,0,0
P02_rsbfilm_sincos_Pcyc,2,point_cluster_test_0003,0.0,0.0452914834022522,0.00018120871391147375,0.0012453488307073712,0,0
P02_rsbfilm_sincos_Pcyc,2,point_cluster_test_0004,0.0,0.08126941323280334,0.0005153364618308842,0.003287139581516385,0,0
P02_rsbfilm_sincos_Pcyc,2,point_cluster_test_0005,0.0,0.06461721658706665,0.00039694851147942245,0.0024157981388270855,0,0
P02_rsbfilm_sincos_Pcyc,2,point_cluster_test_0006,0.0,0.1355000138282776,0.00018639986228663474,0.0019739384297281504,0,0
P02_rsbfilm_sincos_Pcyc,2,point_cluster_test_0007,0.0,0.0372791588306427,0.00022207283473107964,0.0014272708212956786,0,0
P02_rsbfilm_sincos_Pcyc,2,point_cluster_test_0008,0.0,0.051859498023986816,0.00022923319193068892,0.001477493206039071,0,0
P02_rsbfilm_sincos_Pcyc,2,point_cluster_test_0009,0.0,0.033413901925086975,0.00017917899822350591,0.0012061740271747112,0,0
P02_rsbfilm_sincos_Pcyc,2,point_cluster_test_0010,0.0,0.036159947514534,0.00034105274244211614,0.001767898560501635,0,0
P02_rsbfilm_sincos_Pcyc,2,point_cluster_test_0011,0.0,0.03816795349121094,0.0002673013659659773,0.0015725013799965382,0,0
P02_rsbfilm_sincos_Pcyc,2,point_cluster_test_0012,0.0,0.10299694538116455,0.0002989820495713502,0.0020945982541888952,0,0
P02_rsbfilm_sincos_Pcyc,2,point_cluster_test_0013,0.0,0.06582945585250854,0.0006078709266148508,0.003510464448481798,0,0
P02_rsbfilm_sincos_Pcyc,2,point_cluster_test_0014,0.0,0.05731591582298279,0.00019792870443779975,0.0015037806006148458,0,0
P02_rsbfilm_sincos_Pcyc,2,point_cluster_test_0015,0.0,0.10356956720352173,0.00045393500477075577,0.0035962543915957212,0,0
P02_rsbfilm_sincos_Pcyc,2,point_cluster_test_0016,0.0,0.043203920125961304,0.0002715378359425813,0.0014158044941723347,0,0
P02_rsbfilm_sincos_Pcyc,2,point_cluster_test_0017,0.0,0.0896834135055542,0.00024267641128972173,0.0018286558333784342,0,0
P02_rsbfilm_sincos_Pcyc,2,point_cluster_test_0018,0.0,0.07477307319641113,0.0002521491260267794,0.0017718204762786627,0,0
P02_rsbfilm_sincos_Pcyc,2,point_cluster_test_0019,0.0,0.015643596649169922,0.00011339262709952891,0.0005233759293332696,0,0
P03_rsbfilm_scalar_plus_sincos_Pcyc,0,line_test_0000,0.0,0.017126142978668213,5.700793190044351e-05,0.00040037918370217085,0,0
P03_rsbfilm_scalar_plus_sincos_Pcyc,0,line_test_0001,0.0,0.022160351276397705,0.00015520548913627863,0.0007494328310713172,0,0
P03_rsbfilm_scalar_plus_sincos_Pcyc,0,line_test_0002,0.0,0.012653470039367676,9.90697299130261e-05,0.0005224046180956066,0,0
P03_rsbfilm_scalar_plus_sincos_Pcyc,0,line_test_0003,0.0,0.10169664025306702,0.00021199771435931325,0.001771728741005063,0,0
P03_rsbfilm_scalar_plus_sincos_Pcyc,0,line_test_0004,0.0,0.006936728022992611,4.39562791143544e-05,0.0002679156023077667,0,0
P03_rsbfilm_scalar_plus_sincos_Pcyc,0,line_test_0005,0.0,0.011541485786437988,6.053160905139521e-05,0.0003262679383624345,0,0
P03_rsbfilm_scalar_plus_sincos_Pcyc,0,line_test_0006,0.0,0.07251602411270142,0.0001856509770732373,0.0014926510630175471,0,0
P03_rsbfilm_scalar_plus_sincos_Pcyc,0,line_test_0007,0.0,0.022484779357910156,0.00010631517943693325,0.0006209433195181191,0,0
P03_rsbfilm_scalar_plus_sincos_Pcyc,0,line_test_0008,0.0,0.0072052497416734695,7.510307477787137e-05,0.0003766302834264934,0,0
P03_rsbfilm_scalar_plus_sincos_Pcyc,0,line_test_0009,0.0,0.0233767032623291,7.883527723606676e-05,0.0005049177561886609,0,0
P03_rsbfilm_scalar_plus_sincos_Pcyc,0,line_test_0010,0.0,0.04838268458843231,9.951134416041896e-05,0.0007326740887947381,0,0
P03_rsbfilm_scalar_plus_sincos_Pcyc,0,line_test_0011,0.0,0.0754205584526062,7.780543091939762e-05,0.001002710429020226,0,0
P03_rsbfilm_scalar_plus_sincos_Pcyc,0,line_test_0012,0.0,0.04337766766548157,0.00010268924961565062,0.0006789074977859855,0,0
P03_rsbfilm_scalar_plus_sincos_Pcyc,0,line_test_0013,0.0,0.026337027549743652,9.190900163957849e-05,0.0005823680548928678,0,0
P03_rsbfilm_scalar_plus_sincos_Pcyc,0,line_test_0014,0.0,0.00492093525826931,3.5205386666348204e-05,0.00020456859783735126,0,0
P03_rsbfilm_scalar_plus_sincos_Pcyc,0,line_test_0015,0.0,0.02843037247657776,0.00011329958942951635,0.0008067616727203131,0,0
P03_rsbfilm_scalar_plus_sincos_Pcyc,0,line_test_0016,0.0,0.01161491870880127,0.00010387277143308893,0.0005264077335596085,0,0
P03_rsbfilm_scalar_plus_sincos_Pcyc,0,line_test_0017,0.0,0.15813803672790527,8.90126102603972e-05,0.002046280773356557,0,0
P03_rsbfilm_scalar_plus_sincos_Pcyc,0,line_test_0018,0.0,0.037643492221832275,0.00011042257392546162,0.0006895862170495093,0,0
P03_rsbfilm_scalar_plus_sincos_Pcyc,0,line_test_0019,0.0,0.0258600115776062,7.992324390215799e-05,0.0005097684334032238,0,0
P03_rsbfilm_scalar_plus_sincos_Pcyc,0,cross_test_0000,0.0,0.025484085083007812,0.00011552617070265114,0.0006095276330597699,0,0
P03_rsbfilm_scalar_plus_sincos_Pcyc,0,cross_test_0001,0.0,0.008315831422805786,8.861121023073792e-05,0.000468736223410815,0,0
P03_rsbfilm_scalar_plus_sincos_Pcyc,0,cross_test_0002,0.0,0.06780499219894409,0.00011004936823155731,0.0011330710258334875,0,0
P03_rsbfilm_scalar_plus_sincos_Pcyc,0,cross_test_0003,0.0,0.04128819704055786,0.00017097993986681104,0.0011539797997102141,0,0
P03_rsbfilm_scalar_plus_sincos_Pcyc,0,cross_test_0004,0.0,0.02527397871017456,0.00013070889690425247,0.000781086680945009,0,0
P03_rsbfilm_scalar_plus_sincos_Pcyc,0,cross_test_0005,0.0,0.0154246985912323,0.00014625725452788174,0.0006827204488217831,0,0
P03_rsbfilm_scalar_plus_sincos_Pcyc,0,cross_test_0006,0.0,0.02476423978805542,6.720991950714961e-05,0.00048795019392855465,0,0
P03_rsbfilm_scalar_plus_sincos_Pcyc,0,cross_test_0007,0.0,0.010420700535178185,7.793841359671205e-05,0.00048691974370740354,0,0
P03_rsbfilm_scalar_plus_sincos_Pcyc,0,cross_test_0008,0.0,0.062612384557724,0.00017190305516123772,0.0010499239433556795,0,0
P03_rsbfilm_scalar_plus_sincos_Pcyc,0,cross_test_0009,0.0,0.02754199504852295,8.186492050299421e-05,0.0005960240378044546,0,0
P03_rsbfilm_scalar_plus_sincos_Pcyc,0,cross_test_0010,0.0,0.03231421113014221,0.00013545103138312697,0.0007201579282991588,0,0
P03_rsbfilm_scalar_plus_sincos_Pcyc,0,cross_test_0011,0.0,0.09817731380462646,0.00029224634636193514,0.001871685148216784,0,0
P03_rsbfilm_scalar_plus_sincos_Pcyc,0,cross_test_0012,0.0,0.0172538161277771,0.00011599556455621496,0.0006741617689840496,0,0
P03_rsbfilm_scalar_plus_sincos_Pcyc,0,cross_test_0013,0.0,0.05367237329483032,0.0001392298290738836,0.0008220051531679928,0,0
P03_rsbfilm_scalar_plus_sincos_Pcyc,0,cross_test_0014,0.0,0.010973557829856873,8.878536755219102e-05,0.0004899642080999911,0,0
P03_rsbfilm_scalar_plus_sincos_Pcyc,0,L_shape_test_0000,0.0,0.0486677885055542,0.0001792425464373082,0.0009406555909663439,0,0
P03_rsbfilm_scalar_plus_sincos_Pcyc,0,L_shape_test_0001,0.0,0.009019196033477783,6.331727490760386e-05,0.00033579106093384326,0,0
P03_rsbfilm_scalar_plus_sincos_Pcyc,0,L_shape_test_0002,0.0,0.028723597526550293,0.00021051085786893964,0.0010069512063637376,0,0
P03_rsbfilm_scalar_plus_sincos_Pcyc,0,L_shape_test_0003,0.0,0.02049809694290161,0.00011459765664767474,0.0005534266820177436,0,0
P03_rsbfilm_scalar_plus_sincos_Pcyc,0,L_shape_test_0004,0.0,0.011254847049713135,0.00012619963672477752,0.0005404380499385297,0,0
P03_rsbfilm_scalar_plus_sincos_Pcyc,0,L_shape_test_0005,0.0,0.042174309492111206,0.00011500297841848806,0.0006923102191649377,0,0
P03_rsbfilm_scalar_plus_sincos_Pcyc,0,L_shape_test_0006,0.0,0.01137349009513855,5.8745274145621806e-05,0.000339771737344563,0,0
P03_rsbfilm_scalar_plus_sincos_Pcyc,0,L_shape_test_0007,0.0,0.015991419553756714,0.00014687242219224572,0.0007040700875222683,0,0
P03_rsbfilm_scalar_plus_sincos_Pcyc,0,L_shape_test_0008,0.0,0.018575608730316162,9.305431740358472e-05,0.0005258539458736777,0,0
P03_rsbfilm_scalar_plus_sincos_Pcyc,0,L_shape_test_0009,0.0,0.03343087434768677,0.00016654151841066778,0.0009187362738884985,0,0
P03_rsbfilm_scalar_plus_sincos_Pcyc,0,L_shape_test_0010,0.0,0.013971269130706787,0.00011700998584274203,0.0006579614127986133,0,0
P03_rsbfilm_scalar_plus_sincos_Pcyc,0,L_shape_test_0011,0.0,0.0056534335017204285,4.094747782801278e-05,0.00022416313004214317,0,0
P03_rsbfilm_scalar_plus_sincos_Pcyc,0,L_shape_test_0012,0.0,0.017547190189361572,0.00010631921759340912,0.0006009121425449848,0,0
P03_rsbfilm_scalar_plus_sincos_Pcyc,0,L_shape_test_0013,0.0,0.00873192586004734,9.719320223666728e-05,0.00046761680277995765,0,0
P03_rsbfilm_scalar_plus_sincos_Pcyc,0,L_shape_test_0014,0.0,0.01421692967414856,7.732845551799983e-05,0.0004328000359237194,0,0
P03_rsbfilm_scalar_plus_sincos_Pcyc,0,L_shape_test_0015,0.0,0.011416822671890259,9.668200800660998e-05,0.0004416312731336802,0,0
P03_rsbfilm_scalar_plus_sincos_Pcyc,0,L_shape_test_0016,0.0,0.011191967874765396,8.888911543181166e-05,0.00047559302765876055,0,0
P03_rsbfilm_scalar_plus_sincos_Pcyc,0,L_shape_test_0017,0.0,0.012500494718551636,0.00015038737910799682,0.0006854298990219831,0,0
P03_rsbfilm_scalar_plus_sincos_Pcyc,0,L_shape_test_0018,0.0,0.023865222930908203,8.537485700799152e-05,0.0004767307545989752,0,0
P03_rsbfilm_scalar_plus_sincos_Pcyc,0,L_shape_test_0019,0.0,0.016192495822906494,0.00011247451038798317,0.0006138033932074904,0,0
P03_rsbfilm_scalar_plus_sincos_Pcyc,0,double_line_test_0000,0.0,0.1236153244972229,8.183911995729432e-05,0.0013317716075107455,0,0
P03_rsbfilm_scalar_plus_sincos_Pcyc,0,double_line_test_0001,0.0,0.11158448457717896,0.0002529056218918413,0.0020973975770175457,0,0
P03_rsbfilm_scalar_plus_sincos_Pcyc,0,double_line_test_0002,0.0,0.08480560779571533,0.00011606667976593599,0.0011855976190418005,0,0
P03_rsbfilm_scalar_plus_sincos_Pcyc,0,double_line_test_0003,0.0,0.010082602500915527,9.646816761232913e-05,0.0004621602420229465,0,0
P03_rsbfilm_scalar_plus_sincos_Pcyc,0,double_line_test_0004,0.0,0.012301713228225708,0.00011821637599496171,0.0006341549451462924,0,0
P03_rsbfilm_scalar_plus_sincos_Pcyc,0,double_line_test_0005,0.0,0.15945911407470703,0.00012999218597542495,0.0018273076275363564,0,0
P03_rsbfilm_scalar_plus_sincos_Pcyc,0,double_line_test_0006,0.0,0.04910761117935181,0.00028137987828813493,0.0016509843990206718,0,0
P03_rsbfilm_scalar_plus_sincos_Pcyc,0,double_line_test_0007,0.0,0.013147950172424316,0.00010973239113809541,0.0005281222984194756,0,0
P03_rsbfilm_scalar_plus_sincos_Pcyc,0,double_line_test_0008,0.0,0.04337722063064575,0.0001697000116109848,0.0009100532624870539,0,0
P03_rsbfilm_scalar_plus_sincos_Pcyc,0,double_line_test_0009,0.0,0.008992314338684082,7.399397873086855e-05,0.0003696702769957483,0,0
P03_rsbfilm_scalar_plus_sincos_Pcyc,0,double_line_test_0010,0.0,0.02376997470855713,0.00012481730664148927,0.0006644123350270092,0,0
P03_rsbfilm_scalar_plus_sincos_Pcyc,0,double_line_test_0011,0.0,0.007146421819925308,6.074850898585282e-05,0.000325710978358984,0,0
P03_rsbfilm_scalar_plus_sincos_Pcyc,0,double_line_test_0012,0.0,0.007192492485046387,5.558472912525758e-05,0.0003123404167126864,0,0
P03_rsbfilm_scalar_plus_sincos_Pcyc,0,double_line_test_0013,0.0,0.011648396961390972,0.0001229835906997323,0.0005540901911444962,0,0
P03_rsbfilm_scalar_plus_sincos_Pcyc,0,double_line_test_0014,0.0,0.11113131046295166,0.00022572536545339972,0.00136832264252007,0,0
P03_rsbfilm_scalar_plus_sincos_Pcyc,0,small_rect_edge_test_0000,0.0,0.11058878898620605,7.885451486799866e-05,0.0012113323900848627,0,0
P03_rsbfilm_scalar_plus_sincos_Pcyc,0,small_rect_edge_test_0001,0.0,0.04709690809249878,9.936387505149469e-05,0.0007698314148001373,0,0
P03_rsbfilm_scalar_plus_sincos_Pcyc,0,small_rect_edge_test_0002,0.0,0.1490435004234314,0.0001129928496084176,0.0018178792670369148,0,0
P03_rsbfilm_scalar_plus_sincos_Pcyc,0,small_rect_edge_test_0003,0.0,0.011090397834777832,9.644007513998076e-05,0.0004550794546958059,0,0
P03_rsbfilm_scalar_plus_sincos_Pcyc,0,small_rect_edge_test_0004,0.0,0.09419819712638855,0.00022323495068121701,0.001623279182240367,0,0
P03_rsbfilm_scalar_plus_sincos_Pcyc,0,small_rect_edge_test_0005,0.0,0.049011409282684326,0.00015742758114356548,0.001320001669228077,0,0
P03_rsbfilm_scalar_plus_sincos_Pcyc,0,small_rect_edge_test_0006,0.0,0.029392242431640625,7.866909436415881e-05,0.00044909433927387,0,0
P03_rsbfilm_scalar_plus_sincos_Pcyc,0,small_rect_edge_test_0007,0.0,0.06825470924377441,0.00011979158443864435,0.0010285854805260897,0,0
P03_rsbfilm_scalar_plus_sincos_Pcyc,0,small_rect_edge_test_0008,0.0,0.1425601840019226,0.000244814989855513,0.0022709190379828215,0,0
P03_rsbfilm_scalar_plus_sincos_Pcyc,0,small_rect_edge_test_0009,0.0,0.02209782600402832,7.499335333704948e-05,0.0005228408263064921,0,0
P03_rsbfilm_scalar_plus_sincos_Pcyc,0,point_cluster_test_0000,0.0,0.0428735613822937,0.00010935142199741676,0.0008026337600313127,0,0
P03_rsbfilm_scalar_plus_sincos_Pcyc,0,point_cluster_test_0001,0.0,0.0232602059841156,0.00013814638077747077,0.000751988438423723,0,0
P03_rsbfilm_scalar_plus_sincos_Pcyc,0,point_cluster_test_0002,0.0,0.033752232789993286,0.00011909740715054795,0.0008508735336363316,0,0
P03_rsbfilm_scalar_plus_sincos_Pcyc,0,point_cluster_test_0003,0.0,0.027260810136795044,9.301174577558413e-05,0.0005998248234391212,0,0
P03_rsbfilm_scalar_plus_sincos_Pcyc,0,point_cluster_test_0004,0.0,0.01995629072189331,0.0001547049469081685,0.0008743071230128407,0,0
P03_rsbfilm_scalar_plus_sincos_Pcyc,0,point_cluster_test_0005,0.0,0.02179616689682007,0.00013767484051641077,0.0007678697002120316,0,0
P03_rsbfilm_scalar_plus_sincos_Pcyc,0,point_cluster_test_0006,0.0,0.10449564456939697,0.00012334964412730187,0.0013694600202143192,0,0
P03_rsbfilm_scalar_plus_sincos_Pcyc,0,point_cluster_test_0007,0.0,0.05249595642089844,0.00013020804908592254,0.0009699581423774362,0,0
P03_rsbfilm_scalar_plus_sincos_Pcyc,0,point_cluster_test_0008,0.0,0.054975420236587524,0.000114757742267102,0.0008877457003109157,0,0
P03_rsbfilm_scalar_plus_sincos_Pcyc,0,point_cluster_test_0009,0.0,0.019782543182373047,7.30718020349741e-05,0.0004928185953758657,0,0
P03_rsbfilm_scalar_plus_sincos_Pcyc,0,point_cluster_test_0010,0.0,0.025244608521461487,0.00016983726527541876,0.0009752620826475322,0,0
P03_rsbfilm_scalar_plus_sincos_Pcyc,0,point_cluster_test_0011,0.0,0.04847264289855957,0.0001912383595481515,0.0013223923742771149,0,0
P03_rsbfilm_scalar_plus_sincos_Pcyc,0,point_cluster_test_0012,0.0,0.061302781105041504,0.00014179198478814214,0.0011664865305647254,0,0
P03_rsbfilm_scalar_plus_sincos_Pcyc,0,point_cluster_test_0013,0.0,0.032213062047958374,0.00019647032604552805,0.0009664212702773511,0,0
P03_rsbfilm_scalar_plus_sincos_Pcyc,0,point_cluster_test_0014,0.0,0.022496983408927917,7.928777631605044e-05,0.0005446828436106443,0,0
P03_rsbfilm_scalar_plus_sincos_Pcyc,0,point_cluster_test_0015,0.0,0.05183762311935425,0.0001652872160775587,0.0011801738291978836,0,0
P03_rsbfilm_scalar_plus_sincos_Pcyc,0,point_cluster_test_0016,0.0,0.01981613039970398,0.00011652082321234047,0.0006202085060067475,0,0
P03_rsbfilm_scalar_plus_sincos_Pcyc,0,point_cluster_test_0017,0.0,0.07288217544555664,9.831403440330178e-05,0.001059170113876462,0,0
P03_rsbfilm_scalar_plus_sincos_Pcyc,0,point_cluster_test_0018,0.0,0.06295514106750488,0.00017100217519327998,0.0013146994169801474,0,0
P03_rsbfilm_scalar_plus_sincos_Pcyc,0,point_cluster_test_0019,0.0,0.011478960514068604,6.043667235644534e-05,0.00034621480153873563,0,0
P03_rsbfilm_scalar_plus_sincos_Pcyc,1,line_test_0000,0.0,0.0583316944539547,0.00037356189568527043,0.001963232411071658,0,0
P03_rsbfilm_scalar_plus_sincos_Pcyc,1,line_test_0001,0.0,0.07205010950565338,0.0008028942975215614,0.0036406388971954584,0,0
P03_rsbfilm_scalar_plus_sincos_Pcyc,1,line_test_0002,0.0,0.062323614954948425,0.0007213120115920901,0.003680624533444643,0,0
P03_rsbfilm_scalar_plus_sincos_Pcyc,1,line_test_0003,0.0,0.13289231061935425,0.0009112408733926713,0.005410904996097088,0,0
P03_rsbfilm_scalar_plus_sincos_Pcyc,1,line_test_0004,0.0,0.07125073671340942,0.00035622206632979214,0.0019000350730493665,0,0
P03_rsbfilm_scalar_plus_sincos_Pcyc,1,line_test_0005,0.0,0.031815946102142334,0.00032216202816925943,0.0013315958203747869,0,0
P03_rsbfilm_scalar_plus_sincos_Pcyc,1,line_test_0006,0.0,0.13321954011917114,0.0006075199344195426,0.0037929504178464413,0,0
P03_rsbfilm_scalar_plus_sincos_Pcyc,1,line_test_0007,0.0,0.04406803846359253,0.00045674413559027016,0.001938325585797429,0,0
P03_rsbfilm_scalar_plus_sincos_Pcyc,1,line_test_0008,0.0,0.02571415901184082,0.00044207932660356164,0.0016512126894667745,0,0
P03_rsbfilm_scalar_plus_sincos_Pcyc,1,line_test_0009,0.0,0.10739651322364807,0.0005039285169914365,0.0027736977208405733,0,0
P03_rsbfilm_scalar_plus_sincos_Pcyc,1,line_test_0010,0.0,0.054319828748703,0.0004327457572799176,0.002311490708962083,0,0
P03_rsbfilm_scalar_plus_sincos_Pcyc,1,line_test_0011,0.0,0.09246736764907837,0.0005917720263823867,0.0028014625422656536,0,0
P03_rsbfilm_scalar_plus_sincos_Pcyc,1,line_test_0012,0.0,0.058928899466991425,0.000546941184438765,0.0028366241604089737,0,0
P03_rsbfilm_scalar_plus_sincos_Pcyc,1,line_test_0013,0.0,0.17040479183197021,0.000584097346290946,0.0034598929341882467,0,0
P03_rsbfilm_scalar_plus_sincos_Pcyc,1,line_test_0014,0.0,0.05942666530609131,0.000281579268630594,0.0013980437070131302,0,0
P03_rsbfilm_scalar_plus_sincos_Pcyc,1,line_test_0015,0.0,0.0978546291589737,0.0004996880888938904,0.0031582596711814404,0,0
P03_rsbfilm_scalar_plus_sincos_Pcyc,1,line_test_0016,0.0,0.11647307872772217,0.0007029249682091177,0.0034787487238645554,0,0
P03_rsbfilm_scalar_plus_sincos_Pcyc,1,line_test_0017,0.0,0.2310023307800293,0.0004419813340064138,0.003314067842438817,0,0
P03_rsbfilm_scalar_plus_sincos_Pcyc,1,line_test_0018,0.0,0.05454793572425842,0.0004719602584373206,0.0022679639514535666,0,0
P03_rsbfilm_scalar_plus_sincos_Pcyc,1,line_test_0019,0.0,0.025703519582748413,0.0003853381203953177,0.0014255543937906623,0,0
P03_rsbfilm_scalar_plus_sincos_Pcyc,1,cross_test_0000,0.0,0.07818162441253662,0.0006567176315002143,0.0032414845190942287,0,0
P03_rsbfilm_scalar_plus_sincos_Pcyc,1,cross_test_0001,0.0,0.04677248001098633,0.00046237275819294155,0.0020012506283819675,0,0
P03_rsbfilm_scalar_plus_sincos_Pcyc,1,cross_test_0002,0.0,0.05832332372665405,0.0005154472310096025,0.002455134643241763,0,0
P03_rsbfilm_scalar_plus_sincos_Pcyc,1,cross_test_0003,0.0,0.12719279527664185,0.0009667205740697682,0.00533629022538662,0,0
P03_rsbfilm_scalar_plus_sincos_Pcyc,1,cross_test_0004,0.0,0.08204826712608337,0.0008172746165655553,0.004487990867346525,0,0
P03_rsbfilm_scalar_plus_sincos_Pcyc,1,cross_test_0005,0.0,0.09273576736450195,0.0006768378079868853,0.0028358413837850094,0,0
P03_rsbfilm_scalar_plus_sincos_Pcyc,1,cross_test_0006,0.0,0.03975224494934082,0.00033296842593699694,0.0016258571995422244,0,0
P03_rsbfilm_scalar_plus_sincos_Pcyc,1,cross_test_0007,0.0,0.042138516902923584,0.0003763970744330436,0.0019226990407332778,0,0
P03_rsbfilm_scalar_plus_sincos_Pcyc,1,cross_test_0008,0.0,0.11218065023422241,0.0010134646436199546,0.005011831875890493,0,0
P03_rsbfilm_scalar_plus_sincos_Pcyc,1,cross_test_0009,0.0,0.10643786191940308,0.0004455141315702349,0.002636122750118375,0,0
P03_rsbfilm_scalar_plus_sincos_Pcyc,1,cross_test_0010,0.0,0.0701911449432373,0.0005848665605299175,0.002688261214643717,0,0
P03_rsbfilm_scalar_plus_sincos_Pcyc,1,cross_test_0011,0.0,0.11184889078140259,0.0013510490534827113,0.006966291926801205,0,0
P03_rsbfilm_scalar_plus_sincos_Pcyc,1,cross_test_0012,0.0,0.05013465881347656,0.0005206502391956747,0.0027150760870426893,0,0
P03_rsbfilm_scalar_plus_sincos_Pcyc,1,cross_test_0013,0.0,0.10805702209472656,0.0007195958169177175,0.003419527318328619,0,0
P03_rsbfilm_scalar_plus_sincos_Pcyc,1,cross_test_0014,0.0,0.04085063934326172,0.00041895173490047455,0.0019734252709895372,0,0
P03_rsbfilm_scalar_plus_sincos_Pcyc,1,L_shape_test_0000,0.0,0.09588536620140076,0.0010607977164909244,0.004882499109953642,0,0
P03_rsbfilm_scalar_plus_sincos_Pcyc,1,L_shape_test_0001,0.0,0.025156036019325256,0.0003719385131262243,0.0014503246638923883,0,0
P03_rsbfilm_scalar_plus_sincos_Pcyc,1,L_shape_test_0002,0.0,0.08433210849761963,0.0009639972122386098,0.0041830833069980145,0,0
P03_rsbfilm_scalar_plus_sincos_Pcyc,1,L_shape_test_0003,0.0,0.06618240475654602,0.000610298418905586,0.0026280884630978107,0,0
P03_rsbfilm_scalar_plus_sincos_Pcyc,1,L_shape_test_0004,0.0,0.03343683481216431,0.0006602450739592314,0.002375606447458267,0,0
P03_rsbfilm_scalar_plus_sincos_Pcyc,1,L_shape_test_0005,0.0,0.07505849003791809,0.000661808589939028,0.002957181539386511,0,0
P03_rsbfilm_scalar_plus_sincos_Pcyc,1,L_shape_test_0006,0.0,0.08810847997665405,0.00041341560427099466,0.0019923902582377195,0,0
P03_rsbfilm_scalar_plus_sincos_Pcyc,1,L_shape_test_0007,0.0,0.05317080020904541,0.0007049248670227826,0.003017328679561615,0,0
P03_rsbfilm_scalar_plus_sincos_Pcyc,1,L_shape_test_0008,0.0,0.044084012508392334,0.0004877104074694216,0.002034842036664486,0,0
P03_rsbfilm_scalar_plus_sincos_Pcyc,1,L_shape_test_0009,0.0,0.09988236427307129,0.0008384920074604452,0.004001277033239603,0,0
P03_rsbfilm_scalar_plus_sincos_Pcyc,1,L_shape_test_0010,0.0,0.13975167274475098,0.0008572255610488355,0.005155937280505896,0,0
P03_rsbfilm_scalar_plus_sincos_Pcyc,1,L_shape_test_0011,0.0,0.030703365802764893,0.00033278472255915403,0.0014254014240577817,0,0
P03_rsbfilm_scalar_plus_sincos_Pcyc,1,L_shape_test_0012,0.0,0.1687917709350586,0.0007222812273539603,0.003905078861862421,0,0
P03_rsbfilm_scalar_plus_sincos_Pcyc,1,L_shape_test_0013,0.0,0.049600422382354736,0.0006476748967543244,0.002622127067297697,0,0
P03_rsbfilm_scalar_plus_sincos_Pcyc,1,L_shape_test_0014,0.0,0.043105289340019226,0.0004944300162605941,0.0023725577630102634,0,0
P03_rsbfilm_scalar_plus_sincos_Pcyc,1,L_shape_test_0015,0.0,0.047770559787750244,0.0005956253735348582,0.0022662742994725704,0,0
P03_rsbfilm_scalar_plus_sincos_Pcyc,1,L_shape_test_0016,0.0,0.06614166498184204,0.0006554627325385809,0.0028870271053165197,0,0
P03_rsbfilm_scalar_plus_sincos_Pcyc,1,L_shape_test_0017,0.0,0.05705428123474121,0.000771241495385766,0.00310344435274601,0,0
P03_rsbfilm_scalar_plus_sincos_Pcyc,1,L_shape_test_0018,0.0,0.0703774094581604,0.0005958192050457001,0.002483735326677561,0,0
P03_rsbfilm_scalar_plus_sincos_Pcyc,1,L_shape_test_0019,0.0,0.07773450016975403,0.0005364078679122031,0.002574475249275565,0,0
P03_rsbfilm_scalar_plus_sincos_Pcyc,1,double_line_test_0000,0.0,0.12424063682556152,0.0003906312049366534,0.0020588403567671776,0,0
P03_rsbfilm_scalar_plus_sincos_Pcyc,1,double_line_test_0001,0.0,0.1923912763595581,0.0012774171773344278,0.006621948909014463,0,0
P03_rsbfilm_scalar_plus_sincos_Pcyc,1,double_line_test_0002,0.0,0.15007716417312622,0.00040930917020887136,0.0023789498955011368,0,0
P03_rsbfilm_scalar_plus_sincos_Pcyc,1,double_line_test_0003,0.0,0.028233453631401062,0.000551748787984252,0.0019262093119323254,0,0
P03_rsbfilm_scalar_plus_sincos_Pcyc,1,double_line_test_0004,0.0,0.06641222536563873,0.0008306195377372205,0.003841844853013754,0,0
P03_rsbfilm_scalar_plus_sincos_Pcyc,1,double_line_test_0005,0.0,0.2739834785461426,0.0006848813500255346,0.0034882649779319763,0,0
P03_rsbfilm_scalar_plus_sincos_Pcyc,1,double_line_test_0006,0.0,0.16004157066345215,0.0013690433697775006,0.006703742314130068,0,0
P03_rsbfilm_scalar_plus_sincos_Pcyc,1,double_line_test_0007,0.0,0.03869393467903137,0.0005217496654950082,0.0020004657562822104,0,0
P03_rsbfilm_scalar_plus_sincos_Pcyc,1,double_line_test_0008,0.0,0.06929993629455566,0.0007399931782856584,0.003018021583557129,0,0
P03_rsbfilm_scalar_plus_sincos_Pcyc,1,double_line_test_0009,0.0,0.07727450132369995,0.00045092293294146657,0.002025139983743429,0,0
P03_rsbfilm_scalar_plus_sincos_Pcyc,1,double_line_test_0010,0.0,0.046897321939468384,0.000595347722992301,0.0023754294961690903,0,0
P03_rsbfilm_scalar_plus_sincos_Pcyc,1,double_line_test_0011,0.0,0.023023582994937897,0.0004939961363561451,0.0018280978547409177,0,0
P03_rsbfilm_scalar_plus_sincos_Pcyc,1,double_line_test_0012,0.0,0.03915971517562866,0.0003472792450338602,0.0015371014596894383,0,0
P03_rsbfilm_scalar_plus_sincos_Pcyc,1,double_line_test_0013,0.0,0.036450088024139404,0.0006805002340115607,0.0022121265064924955,0,0
P03_rsbfilm_scalar_plus_sincos_Pcyc,1,double_line_test_0014,0.0,0.128501296043396,0.0014038224471732974,0.006570438388735056,0,0
P03_rsbfilm_scalar_plus_sincos_Pcyc,1,small_rect_edge_test_0000,0.0,0.1522197723388672,0.0004196900990791619,0.0028559574857354164,0,0
P03_rsbfilm_scalar_plus_sincos_Pcyc,1,small_rect_edge_test_0001,0.0,0.05358564853668213,0.0004927971167489886,0.0022483186330646276,0,0
P03_rsbfilm_scalar_plus_sincos_Pcyc,1,small_rect_edge_test_0002,0.0,0.19680839776992798,0.0006519505404867232,0.003895284840837121,0,0
P03_rsbfilm_scalar_plus_sincos_Pcyc,1,small_rect_edge_test_0003,0.0,0.050371766090393066,0.0005101746646687388,0.0018965454073622823,0,0
P03_rsbfilm_scalar_plus_sincos_Pcyc,1,small_rect_edge_test_0004,0.0,0.15183961391448975,0.0011022738181054592,0.005819364450871944,0,0
P03_rsbfilm_scalar_plus_sincos_Pcyc,1,small_rect_edge_test_0005,0.0,0.09367400407791138,0.0008120851125568151,0.004126907791942358,0,0
P03_rsbfilm_scalar_plus_sincos_Pcyc,1,small_rect_edge_test_0006,0.0,0.03647487610578537,0.0004922301159240305,0.0019196069333702326,0,0
P03_rsbfilm_scalar_plus_sincos_Pcyc,1,small_rect_edge_test_0007,0.0,0.17843353748321533,0.0005334803136065602,0.003118551569059491,0,0
P03_rsbfilm_scalar_plus_sincos_Pcyc,1,small_rect_edge_test_0008,0.0,0.17213302850723267,0.0011657101567834616,0.006109166890382767,0,0
P03_rsbfilm_scalar_plus_sincos_Pcyc,1,small_rect_edge_test_0009,0.0,0.09820884466171265,0.00044819549657404423,0.0023417328484356403,0,0
P03_rsbfilm_scalar_plus_sincos_Pcyc,1,point_cluster_test_0000,0.0,0.101162850856781,0.0004669835034292191,0.0023925877176225185,0,0
P03_rsbfilm_scalar_plus_sincos_Pcyc,1,point_cluster_test_0001,0.0,0.13336068391799927,0.0008197145070880651,0.0043351976200938225,0,0
P03_rsbfilm_scalar_plus_sincos_Pcyc,1,point_cluster_test_0002,0.0,0.0870482325553894,0.0004657092213165015,0.0023348673712462187,0,0
P03_rsbfilm_scalar_plus_sincos_Pcyc,1,point_cluster_test_0003,0.0,0.08370552957057953,0.0004664573643822223,0.0024602541234344244,0,0
P03_rsbfilm_scalar_plus_sincos_Pcyc,1,point_cluster_test_0004,0.0,0.09790213406085968,0.0009315618663094938,0.0049413167871534824,0,0
P03_rsbfilm_scalar_plus_sincos_Pcyc,1,point_cluster_test_0005,0.0,0.08516168594360352,0.0009026962798088789,0.004690161906182766,0,0
P03_rsbfilm_scalar_plus_sincos_Pcyc,1,point_cluster_test_0006,0.0,0.21685510873794556,0.00043646860285662115,0.0028356630355119705,0,0
P03_rsbfilm_scalar_plus_sincos_Pcyc,1,point_cluster_test_0007,0.0,0.08361899852752686,0.0005702815833501518,0.0028152712620794773,0,0
P03_rsbfilm_scalar_plus_sincos_Pcyc,1,point_cluster_test_0008,0.0,0.05938982963562012,0.0005456100916489959,0.002753103617578745,0,0
P03_rsbfilm_scalar_plus_sincos_Pcyc,1,point_cluster_test_0009,0.0,0.06080099940299988,0.0004515974142123014,0.002578258514404297,0,0
P03_rsbfilm_scalar_plus_sincos_Pcyc,1,point_cluster_test_0010,0.0,0.09475761651992798,0.0008710771799087524,0.004525711759924889,0,0
P03_rsbfilm_scalar_plus_sincos_Pcyc,1,point_cluster_test_0011,0.0,0.17020130157470703,0.0006960563478060067,0.003624491859227419,0,0
P03_rsbfilm_scalar_plus_sincos_Pcyc,1,point_cluster_test_0012,0.0,0.1645013689994812,0.0008126182947307825,0.005511157214641571,0,0
P03_rsbfilm_scalar_plus_sincos_Pcyc,1,point_cluster_test_0013,0.0,0.13943105936050415,0.001306466176174581,0.006589964497834444,0,0
P03_rsbfilm_scalar_plus_sincos_Pcyc,1,point_cluster_test_0014,0.0,0.07015813887119293,0.00048771011643111706,0.0030717584304511547,0,0
P03_rsbfilm_scalar_plus_sincos_Pcyc,1,point_cluster_test_0015,0.0,0.18171697854995728,0.0008036021026782691,0.0064111556857824326,0,0
P03_rsbfilm_scalar_plus_sincos_Pcyc,1,point_cluster_test_0016,0.0,0.06728911399841309,0.0005969793419353664,0.0024097703862935305,0,0
P03_rsbfilm_scalar_plus_sincos_Pcyc,1,point_cluster_test_0017,0.0,0.12010860443115234,0.0005021353135816753,0.0031265628058463335,0,0
P03_rsbfilm_scalar_plus_sincos_Pcyc,1,point_cluster_test_0018,0.0,0.15505409240722656,0.0007413322455249727,0.004661225248128176,0,0
P03_rsbfilm_scalar_plus_sincos_Pcyc,1,point_cluster_test_0019,0.0,0.07709762454032898,0.0003927334619220346,0.002167292172089219,0,0
P03_rsbfilm_scalar_plus_sincos_Pcyc,2,line_test_0000,0.0,0.913729727268219,0.004456674680113792,0.04074005037546158,0,0
P03_rsbfilm_scalar_plus_sincos_Pcyc,2,line_test_0001,0.0,1.0000087022781372,0.01790565997362137,0.07910722494125366,0,0
P03_rsbfilm_scalar_plus_sincos_Pcyc,2,line_test_0002,0.0,0.8958028554916382,0.013157372362911701,0.0664011612534523,0,0
P03_rsbfilm_scalar_plus_sincos_Pcyc,2,line_test_0003,0.0,0.8578963279724121,0.017335299402475357,0.09041719138622284,0,0
P03_rsbfilm_scalar_plus_sincos_Pcyc,2,line_test_0004,0.0,0.8324943780899048,0.003714860649779439,0.030192792415618896,0,0
P03_rsbfilm_scalar_plus_sincos_Pcyc,2,line_test_0005,0.0,0.825359582901001,0.010312505066394806,0.061808131635189056,0,0
P03_rsbfilm_scalar_plus_sincos_Pcyc,2,line_test_0006,0.0,0.9150205850601196,0.012974009849131107,0.08527345210313797,0,0
P03_rsbfilm_scalar_plus_sincos_Pcyc,2,line_test_0007,0.0,1.0000087022781372,0.010646610520780087,0.06517896801233292,0,0
P03_rsbfilm_scalar_plus_sincos_Pcyc,2,line_test_0008,0.0,0.9206758141517639,0.013799025677144527,0.06363710761070251,0,0
P03_rsbfilm_scalar_plus_sincos_Pcyc,2,line_test_0009,0.0,0.8154067397117615,0.008533474057912827,0.04992339387536049,0,0
P03_rsbfilm_scalar_plus_sincos_Pcyc,2,line_test_0010,0.0,0.8715793490409851,0.007750936783850193,0.052303776144981384,0,0
P03_rsbfilm_scalar_plus_sincos_Pcyc,2,line_test_0011,0.0,0.9818766713142395,0.005252069793641567,0.02931070141494274,0,0
P03_rsbfilm_scalar_plus_sincos_Pcyc,2,line_test_0012,0.0,0.9225810170173645,0.010195301845669746,0.05948127806186676,0,0
P03_rsbfilm_scalar_plus_sincos_Pcyc,2,line_test_0013,0.0,1.0000087022781372,0.014725621789693832,0.07845164090394974,0,0
P03_rsbfilm_scalar_plus_sincos_Pcyc,2,line_test_0014,0.0,0.9271777868270874,0.004108382388949394,0.02835194393992424,0,0
P03_rsbfilm_scalar_plus_sincos_Pcyc,2,line_test_0015,0.0,0.8996056914329529,0.008129761554300785,0.05658543482422829,0,0
P03_rsbfilm_scalar_plus_sincos_Pcyc,2,line_test_0016,0.0,0.8615207076072693,0.01354039367288351,0.06766296178102493,0,0
P03_rsbfilm_scalar_plus_sincos_Pcyc,2,line_test_0017,0.0,0.9733054041862488,0.003718926338478923,0.024343617260456085,0,0
P03_rsbfilm_scalar_plus_sincos_Pcyc,2,line_test_0018,0.0,0.9472987651824951,0.011045519262552261,0.06373412162065506,0,0
P03_rsbfilm_scalar_plus_sincos_Pcyc,2,line_test_0019,0.0,1.0000087022781372,0.013655395247042179,0.0786178857088089,0,0
P03_rsbfilm_scalar_plus_sincos_Pcyc,2,cross_test_0000,0.0,0.8145480155944824,0.016833648085594177,0.08003585040569305,0,0
P03_rsbfilm_scalar_plus_sincos_Pcyc,2,cross_test_0001,0.0,0.8541175127029419,0.014925462193787098,0.07020726799964905,0,0
P03_rsbfilm_scalar_plus_sincos_Pcyc,2,cross_test_0002,0.0,0.9979022741317749,0.006948411464691162,0.04436780512332916,0,0
P03_rsbfilm_scalar_plus_sincos_Pcyc,2,cross_test_0003,0.0,0.8964669108390808,0.011848179623484612,0.06415863335132599,0,0
P03_rsbfilm_scalar_plus_sincos_Pcyc,2,cross_test_0004,0.0,0.9066747426986694,0.013205775059759617,0.07162290811538696,0,0
P03_rsbfilm_scalar_plus_sincos_Pcyc,2,cross_test_0005,0.0,0.8447246551513672,0.02139183133840561,0.08770213276147842,0,0
P03_rsbfilm_scalar_plus_sincos_Pcyc,2,cross_test_0006,0.0,0.9705008864402771,0.0068339756689965725,0.056610021740198135,0,0
P03_rsbfilm_scalar_plus_sincos_Pcyc,2,cross_test_0007,0.0,0.8253078460693359,0.006925850175321102,0.05150233209133148,0,0
P03_rsbfilm_scalar_plus_sincos_Pcyc,2,cross_test_0008,0.0,0.8056910634040833,0.016349460929632187,0.07234321534633636,0,0
P03_rsbfilm_scalar_plus_sincos_Pcyc,2,cross_test_0009,0.0,0.9957876801490784,0.008154124021530151,0.0562552809715271,0,0
P03_rsbfilm_scalar_plus_sincos_Pcyc,2,cross_test_0010,0.0,0.8442190885543823,0.01626058854162693,0.08231888711452484,0,0
P03_rsbfilm_scalar_plus_sincos_Pcyc,2,cross_test_0011,0.0,0.8715968132019043,0.018163463100790977,0.07718813419342041,0,0
P03_rsbfilm_scalar_plus_sincos_Pcyc,2,cross_test_0012,0.0,0.854758620262146,0.007750580552965403,0.052132558077573776,0,0
P03_rsbfilm_scalar_plus_sincos_Pcyc,2,cross_test_0013,0.0,0.8525527119636536,0.017207887023687363,0.07144906371831894,0,0
P03_rsbfilm_scalar_plus_sincos_Pcyc,2,cross_test_0014,0.0,0.9314230680465698,0.009401011280715466,0.05345146358013153,0,0
P03_rsbfilm_scalar_plus_sincos_Pcyc,2,L_shape_test_0000,0.0,0.8952710628509521,0.018435468897223473,0.07510580122470856,0,0
P03_rsbfilm_scalar_plus_sincos_Pcyc,2,L_shape_test_0001,0.0,0.9465042948722839,0.011306111700832844,0.06458070874214172,0,0
P03_rsbfilm_scalar_plus_sincos_Pcyc,2,L_shape_test_0002,0.0,0.8925773501396179,0.023779507726430893,0.09533029794692993,0,0
P03_rsbfilm_scalar_plus_sincos_Pcyc,2,L_shape_test_0003,0.0,0.8438158631324768,0.01352936215698719,0.0643392875790596,0,0
P03_rsbfilm_scalar_plus_sincos_Pcyc,2,L_shape_test_0004,0.0,0.9609291553497314,0.017368502914905548,0.0680835098028183,0,0
P03_rsbfilm_scalar_plus_sincos_Pcyc,2,L_shape_test_0005,0.0,0.9519146680831909,0.013704306446015835,0.06159134581685066,0,0
P03_rsbfilm_scalar_plus_sincos_Pcyc,2,L_shape_test_0006,0.0,0.8866003751754761,0.007216515485197306,0.04396775737404823,0,0
P03_rsbfilm_scalar_plus_sincos_Pcyc,2,L_shape_test_0007,0.0,0.8551071882247925,0.010779066011309624,0.055809929966926575,0,0
P03_rsbfilm_scalar_plus_sincos_Pcyc,2,L_shape_test_0008,0.0,0.8598835468292236,0.010713334195315838,0.05375713109970093,0,0
P03_rsbfilm_scalar_plus_sincos_Pcyc,2,L_shape_test_0009,0.0,0.906804621219635,0.029054129496216774,0.10739325731992722,0,0
P03_rsbfilm_scalar_plus_sincos_Pcyc,2,L_shape_test_0010,0.0,0.9384180903434753,0.007551321294158697,0.0467156358063221,0,0
P03_rsbfilm_scalar_plus_sincos_Pcyc,2,L_shape_test_0011,0.0,0.8216893076896667,0.005499531980603933,0.03191285580396652,0,0
P03_rsbfilm_scalar_plus_sincos_Pcyc,2,L_shape_test_0012,0.0,0.9235624670982361,0.007727562915533781,0.04234106093645096,0,0
P03_rsbfilm_scalar_plus_sincos_Pcyc,2,L_shape_test_0013,0.0,0.8383645415306091,0.008251099847257137,0.043167050927877426,0,0
P03_rsbfilm_scalar_plus_sincos_Pcyc,2,L_shape_test_0014,0.0,0.8144113421440125,0.007362056523561478,0.04339712858200073,0,0
P03_rsbfilm_scalar_plus_sincos_Pcyc,2,L_shape_test_0015,0.0,0.8619157671928406,0.018292998895049095,0.07346028834581375,0,0
P03_rsbfilm_scalar_plus_sincos_Pcyc,2,L_shape_test_0016,0.0,0.8152133226394653,0.010035812854766846,0.05038128420710564,0,0
P03_rsbfilm_scalar_plus_sincos_Pcyc,2,L_shape_test_0017,0.0,0.9882692694664001,0.016199318692088127,0.07357273250818253,0,0
P03_rsbfilm_scalar_plus_sincos_Pcyc,2,L_shape_test_0018,0.0,0.8323031067848206,0.01129040028899908,0.05648612603545189,0,0
P03_rsbfilm_scalar_plus_sincos_Pcyc,2,L_shape_test_0019,0.0,0.8799914121627808,0.01291440799832344,0.07019568979740143,0,0
P03_rsbfilm_scalar_plus_sincos_Pcyc,2,double_line_test_0000,0.0,0.9473382234573364,0.00760780880227685,0.04614882543683052,0,0
P03_rsbfilm_scalar_plus_sincos_Pcyc,2,double_line_test_0001,0.0,0.8430191278457642,0.013143152929842472,0.059658560901880264,0,0
P03_rsbfilm_scalar_plus_sincos_Pcyc,2,double_line_test_0002,0.0,0.867572546005249,0.0017956338124349713,0.017352845519781113,0,0
P03_rsbfilm_scalar_plus_sincos_Pcyc,2,double_line_test_0003,0.0,0.9454939961433411,0.016485026106238365,0.06755486130714417,0,0
P03_rsbfilm_scalar_plus_sincos_Pcyc,2,double_line_test_0004,0.0,0.9479936957359314,0.013148629106581211,0.05806975066661835,0,0
P03_rsbfilm_scalar_plus_sincos_Pcyc,2,double_line_test_0005,0.0,0.8818616271018982,0.002689995802938938,0.016251668334007263,0,0
P03_rsbfilm_scalar_plus_sincos_Pcyc,2,double_line_test_0006,0.0,1.0000087022781372,0.016625043004751205,0.07675662636756897,0,0
P03_rsbfilm_scalar_plus_sincos_Pcyc,2,double_line_test_0007,0.0,0.9651302099227905,0.018045708537101746,0.0842672660946846,0,0
P03_rsbfilm_scalar_plus_sincos_Pcyc,2,double_line_test_0008,0.0,0.9097405672073364,0.022627608850598335,0.0917958989739418,0,0
P03_rsbfilm_scalar_plus_sincos_Pcyc,2,double_line_test_0009,0.0,0.9895238280296326,0.013547537848353386,0.0685717761516571,0,0
P03_rsbfilm_scalar_plus_sincos_Pcyc,2,double_line_test_0010,0.0,0.9013424515724182,0.014359138906002045,0.07302044332027435,0,0
P03_rsbfilm_scalar_plus_sincos_Pcyc,2,double_line_test_0011,0.0,0.8776351809501648,0.007591203786432743,0.03532557934522629,0,0
P03_rsbfilm_scalar_plus_sincos_Pcyc,2,double_line_test_0012,0.0,0.9150323867797852,0.00918731652200222,0.061042267829179764,0,0
P03_rsbfilm_scalar_plus_sincos_Pcyc,2,double_line_test_0013,0.0,0.8775327205657959,0.01861456222832203,0.08022107928991318,0,0
P03_rsbfilm_scalar_plus_sincos_Pcyc,2,double_line_test_0014,0.0,0.947587788105011,0.020918695256114006,0.08059973269701004,0,0
P03_rsbfilm_scalar_plus_sincos_Pcyc,2,small_rect_edge_test_0000,0.0,0.9390816688537598,0.004692703485488892,0.03665624186396599,0,0
P03_rsbfilm_scalar_plus_sincos_Pcyc,2,small_rect_edge_test_0001,0.0,0.886962890625,0.012434722855687141,0.06681087613105774,0,0
P03_rsbfilm_scalar_plus_sincos_Pcyc,2,small_rect_edge_test_0002,0.0,0.9805461168289185,0.007098159287124872,0.03826986998319626,0,0
P03_rsbfilm_scalar_plus_sincos_Pcyc,2,small_rect_edge_test_0003,0.0,0.8694205284118652,0.019236961379647255,0.09065006673336029,0,0
P03_rsbfilm_scalar_plus_sincos_Pcyc,2,small_rect_edge_test_0004,0.0,0.9564871191978455,0.01866430789232254,0.08717917650938034,0,0
P03_rsbfilm_scalar_plus_sincos_Pcyc,2,small_rect_edge_test_0005,0.0,1.0000087022781372,0.0086772246286273,0.04839889705181122,0,0
P03_rsbfilm_scalar_plus_sincos_Pcyc,2,small_rect_edge_test_0006,0.0,0.8039454817771912,0.01196078211069107,0.05671834573149681,0,0
P03_rsbfilm_scalar_plus_sincos_Pcyc,2,small_rect_edge_test_0007,0.0,0.9507643580436707,0.0028715459629893303,0.024082139134407043,0,0
P03_rsbfilm_scalar_plus_sincos_Pcyc,2,small_rect_edge_test_0008,0.0,0.960757315158844,0.017680395394563675,0.07887240499258041,0,0
P03_rsbfilm_scalar_plus_sincos_Pcyc,2,small_rect_edge_test_0009,0.0,0.9578714370727539,0.008780288510024548,0.04573313146829605,0,0
P03_rsbfilm_scalar_plus_sincos_Pcyc,2,point_cluster_test_0000,0.0,1.0000087022781372,0.013552661053836346,0.0734424740076065,0,0
P03_rsbfilm_scalar_plus_sincos_Pcyc,2,point_cluster_test_0001,0.0,0.8365802764892578,0.009836559183895588,0.050774797797203064,0,0
P03_rsbfilm_scalar_plus_sincos_Pcyc,2,point_cluster_test_0002,0.0,0.8779395222663879,0.010013566352427006,0.05739014223217964,0,0
P03_rsbfilm_scalar_plus_sincos_Pcyc,2,point_cluster_test_0003,0.0,0.8373914957046509,0.010877275839447975,0.07019363343715668,0,0
P03_rsbfilm_scalar_plus_sincos_Pcyc,2,point_cluster_test_0004,0.0,0.826628565788269,0.010214196518063545,0.05460318550467491,0,0
P03_rsbfilm_scalar_plus_sincos_Pcyc,2,point_cluster_test_0005,0.0,0.8446682095527649,0.01101235207170248,0.053563594818115234,0,0
P03_rsbfilm_scalar_plus_sincos_Pcyc,2,point_cluster_test_0006,0.0,1.0000087022781372,0.011894768103957176,0.07242393493652344,0,0
P03_rsbfilm_scalar_plus_sincos_Pcyc,2,point_cluster_test_0007,0.0,1.0000087022781372,0.013051548041403294,0.07524289935827255,0,0
P03_rsbfilm_scalar_plus_sincos_Pcyc,2,point_cluster_test_0008,0.0,0.9446561932563782,0.012224090285599232,0.07395429164171219,0,0
P03_rsbfilm_scalar_plus_sincos_Pcyc,2,point_cluster_test_0009,0.0,1.0000087022781372,0.007302283775061369,0.05031172186136246,0,0
P03_rsbfilm_scalar_plus_sincos_Pcyc,2,point_cluster_test_0010,0.0,0.8214085102081299,0.010356521233916283,0.05529620498418808,0,0
P03_rsbfilm_scalar_plus_sincos_Pcyc,2,point_cluster_test_0011,0.0,0.9343821406364441,0.016866544261574745,0.09077811241149902,0,0
P03_rsbfilm_scalar_plus_sincos_Pcyc,2,point_cluster_test_0012,0.0,0.9231976270675659,0.00843445211648941,0.05734286084771156,0,0
P03_rsbfilm_scalar_plus_sincos_Pcyc,2,point_cluster_test_0013,0.0,0.8657249212265015,0.017737017944455147,0.07031413912773132,0,0
P03_rsbfilm_scalar_plus_sincos_Pcyc,2,point_cluster_test_0014,0.0,0.8382612466812134,0.00717809097841382,0.0497361496090889,0,0
P03_rsbfilm_scalar_plus_sincos_Pcyc,2,point_cluster_test_0015,0.0,0.83986496925354,0.006692578550428152,0.04788805544376373,0,0
P03_rsbfilm_scalar_plus_sincos_Pcyc,2,point_cluster_test_0016,0.0,1.0000087022781372,0.01600021868944168,0.07046087831258774,0,0
P03_rsbfilm_scalar_plus_sincos_Pcyc,2,point_cluster_test_0017,0.0,1.0000087022781372,0.0072802891954779625,0.045593105256557465,0,0
P03_rsbfilm_scalar_plus_sincos_Pcyc,2,point_cluster_test_0018,0.0,1.0000087022781372,0.013352871872484684,0.08113956451416016,0,0
P03_rsbfilm_scalar_plus_sincos_Pcyc,2,point_cluster_test_0019,0.0,0.9309505820274353,0.010397212579846382,0.06775527447462082,0,0
P04_generic_film_scalar_Pcyc,0,line_test_0000,0.0,0.02828359603881836,0.0002459089155308902,0.0006831258651800454,0,0
P04_generic_film_scalar_Pcyc,0,line_test_0001,0.0,0.02282916009426117,0.000384722399758175,0.0010313792154192924,0,0
P04_generic_film_scalar_Pcyc,0,line_test_0002,0.0,0.017933905124664307,0.0003296413633506745,0.0008897091029211879,0,0
P04_generic_film_scalar_Pcyc,0,line_test_0003,0.0,0.04666367173194885,0.0005245329812169075,0.0021763246040791273,0,0
P04_generic_film_scalar_Pcyc,0,line_test_0004,0.0,0.02966928482055664,0.00021637931058648974,0.0005428452859632671,0,0
P04_generic_film_scalar_Pcyc,0,line_test_0005,0.0,0.03246575593948364,0.00025626164278946817,0.0006702201208099723,0,0
P04_generic_film_scalar_Pcyc,0,line_test_0006,0.0,0.07219254970550537,0.00044468563282862306,0.002263803966343403,0,0
P04_generic_film_scalar_Pcyc,0,line_test_0007,0.0,0.021369099617004395,0.00030040013371035457,0.000812436337582767,0,0
P04_generic_film_scalar_Pcyc,0,line_test_0008,0.0,0.013784203678369522,0.0002978827978949994,0.0006930018425919116,0,0
P04_generic_film_scalar_Pcyc,0,line_test_0009,0.0,0.01966920495033264,0.0002937538956757635,0.0008668722584843636,0,0
P04_generic_film_scalar_Pcyc,0,line_test_0010,0.0,0.021692201495170593,0.00029183083097450435,0.0008762924117036164,0,0
P04_generic_film_scalar_Pcyc,0,line_test_0011,0.0,0.14266574382781982,0.000302501575788483,0.002336538629606366,0,0
P04_generic_film_scalar_Pcyc,0,line_test_0012,0.0,0.031118810176849365,0.00031540353666059673,0.0009985032957047224,0,0
P04_generic_film_scalar_Pcyc,0,line_test_0013,0.0,0.014618314802646637,0.00028976984322071075,0.0006985599175095558,0,0
P04_generic_film_scalar_Pcyc,0,line_test_0014,0.0,0.01645839214324951,0.00022066083329264075,0.0004916990292258561,0,0
P04_generic_film_scalar_Pcyc,0,line_test_0015,0.0,0.04132261872291565,0.0002856951905414462,0.0009262457024306059,0,0
P04_generic_film_scalar_Pcyc,0,line_test_0016,0.0,0.02115696668624878,0.0003287354775238782,0.0009042046731337905,0,0
P04_generic_film_scalar_Pcyc,0,line_test_0017,0.0,0.19375133514404297,0.0002909963659476489,0.002725673606619239,0,0
P04_generic_film_scalar_Pcyc,0,line_test_0018,0.0,0.042538076639175415,0.0003011085500475019,0.000864463159814477,0,0
P04_generic_film_scalar_Pcyc,0,line_test_0019,0.0,0.0150526762008667,0.00026825626264326274,0.0006151559646241367,0,0
P04_generic_film_scalar_Pcyc,0,cross_test_0000,0.0,0.050313085317611694,0.0003704350383486599,0.0012102448381483555,0,0
P04_generic_film_scalar_Pcyc,0,cross_test_0001,0.0,0.022246241569519043,0.000261280540144071,0.0005932202329859138,0,0
P04_generic_film_scalar_Pcyc,0,cross_test_0002,0.0,0.06103283166885376,0.0002923837455455214,0.0012016301043331623,0,0
P04_generic_film_scalar_Pcyc,0,cross_test_0003,0.0,0.024124860763549805,0.000342375977197662,0.000962465419434011,0,0
P04_generic_film_scalar_Pcyc,0,cross_test_0004,0.0,0.01700560748577118,0.00032176284003071487,0.0008828884456306696,0,0
P04_generic_film_scalar_Pcyc,0,cross_test_0005,0.0,0.019999563694000244,0.0004390466492623091,0.0011615032562986016,0,0
P04_generic_film_scalar_Pcyc,0,cross_test_0006,0.0,0.01378273218870163,0.0002513065410312265,0.0006611208082176745,0,0
P04_generic_film_scalar_Pcyc,0,cross_test_0007,0.0,0.01378273218870163,0.000266225979430601,0.0007039704942144454,0,0
P04_generic_film_scalar_Pcyc,0,cross_test_0008,0.0,0.05432337522506714,0.00044371100375428796,0.001497337594628334,0,0
P04_generic_film_scalar_Pcyc,0,cross_test_0009,0.0,0.02342367172241211,0.0002865600981749594,0.0008696317090652883,0,0
P04_generic_film_scalar_Pcyc,0,cross_test_0010,0.0,0.031835347414016724,0.0003524579224176705,0.001065678894519806,0,0
P04_generic_film_scalar_Pcyc,0,cross_test_0011,0.0,0.03714919090270996,0.0005157871637493372,0.0017054507043212652,0,0
P04_generic_film_scalar_Pcyc,0,cross_test_0012,0.0,0.022207260131835938,0.0003191156138200313,0.0009777924278751016,0,0
P04_generic_film_scalar_Pcyc,0,cross_test_0013,0.0,0.040854454040527344,0.0003685176488943398,0.0009840982966125011,0,0
P04_generic_film_scalar_Pcyc,0,cross_test_0014,0.0,0.030326038599014282,0.00029349743272177875,0.0008133936789818108,0,0
P04_generic_film_scalar_Pcyc,0,L_shape_test_0000,0.0,0.02547091245651245,0.0004555590567179024,0.0012178939068689942,0,0
P04_generic_film_scalar_Pcyc,0,L_shape_test_0001,0.0,0.02619078755378723,0.00025861914036795497,0.0006168464315123856,0,0
P04_generic_film_scalar_Pcyc,0,L_shape_test_0002,0.0,0.03232806921005249,0.0005170226795598865,0.0015942431055009365,0,0
P04_generic_film_scalar_Pcyc,0,L_shape_test_0003,0.0,0.05031806230545044,0.0003577785973902792,0.0010668348986655474,0,0
P04_generic_film_scalar_Pcyc,0,L_shape_test_0004,0.0,0.021765410900115967,0.00033637951128184795,0.0007996118511073291,0,0
P04_generic_film_scalar_Pcyc,0,L_shape_test_0005,0.0,0.04235994815826416,0.0003807460598181933,0.0011342820944264531,0,0
P04_generic_film_scalar_Pcyc,0,L_shape_test_0006,0.0,0.013792607933282852,0.0002369974972680211,0.0005027616862207651,0,0
P04_generic_film_scalar_Pcyc,0,L_shape_test_0007,0.0,0.016016526147723198,0.0003553126589395106,0.0009113698033615947,0,0
P04_generic_film_scalar_Pcyc,0,L_shape_test_0008,0.0,0.013785775750875473,0.00028408103389665484,0.0006401659338735044,0,0
P04_generic_film_scalar_Pcyc,0,L_shape_test_0009,0.0,0.050982534885406494,0.0004399069875944406,0.0011146770557388663,0,0
P04_generic_film_scalar_Pcyc,0,L_shape_test_0010,0.0,0.0251484215259552,0.00030385624268092215,0.0008572399383410811,0,0
P04_generic_film_scalar_Pcyc,0,L_shape_test_0011,0.0,0.01698601245880127,0.00023474570480175316,0.0005091549828648567,0,0
P04_generic_film_scalar_Pcyc,0,L_shape_test_0012,0.0,0.024585187435150146,0.0002931662311311811,0.0007639610557816923,0,0
P04_generic_film_scalar_Pcyc,0,L_shape_test_0013,0.0,0.013779513537883759,0.0003396555548533797,0.0008714310824871063,0,0
P04_generic_film_scalar_Pcyc,0,L_shape_test_0014,0.0,0.013783913105726242,0.0002710482804104686,0.000647858832962811,0,0
P04_generic_film_scalar_Pcyc,0,L_shape_test_0015,0.0,0.014895617961883545,0.00032050322624854743,0.0006917184218764305,0,0
P04_generic_film_scalar_Pcyc,0,L_shape_test_0016,0.0,0.02007487416267395,0.00029189884662628174,0.0006907308707013726,0,0
P04_generic_film_scalar_Pcyc,0,L_shape_test_0017,0.0,0.017718136310577393,0.0003701660898514092,0.0009136460721492767,0,0
P04_generic_film_scalar_Pcyc,0,L_shape_test_0018,0.0,0.013793379068374634,0.00032704381737858057,0.0007580902311019599,0,0
P04_generic_film_scalar_Pcyc,0,L_shape_test_0019,0.0,0.03547146916389465,0.0003156696620862931,0.0009258369682356715,0,0
P04_generic_film_scalar_Pcyc,0,double_line_test_0000,0.0,0.07199227809906006,0.00026677895220927894,0.0010803280165418983,0,0
P04_generic_film_scalar_Pcyc,0,double_line_test_0001,0.0,0.040770113468170166,0.00048303132643923163,0.0017224809853360057,0,0
P04_generic_film_scalar_Pcyc,0,double_line_test_0002,0.0,0.10963571071624756,0.0003358196991030127,0.001530345412902534,0,0
P04_generic_film_scalar_Pcyc,0,double_line_test_0003,0.0,0.02052086591720581,0.00031936450977809727,0.0006951135001145303,0,0
P04_generic_film_scalar_Pcyc,0,double_line_test_0004,0.0,0.025863319635391235,0.0003670915903057903,0.001019404619000852,0,0
P04_generic_film_scalar_Pcyc,0,double_line_test_0005,0.0,0.12109237909317017,0.00039044750155881047,0.0016404757043346763,0,0
P04_generic_film_scalar_Pcyc,0,double_line_test_0006,0.0,0.053549885749816895,0.00048638065345585346,0.0016808683285489678,0,0
P04_generic_film_scalar_Pcyc,0,double_line_test_0007,0.0,0.013790164142847061,0.0003086846845690161,0.0006834909436292946,0,0
P04_generic_film_scalar_Pcyc,0,double_line_test_0008,0.0,0.05885380506515503,0.00042245170334354043,0.0012747967848554254,0,0
P04_generic_film_scalar_Pcyc,0,double_line_test_0009,0.0,0.019964098930358887,0.0002968983317259699,0.0006519374437630177,0,0
P04_generic_film_scalar_Pcyc,0,double_line_test_0010,0.0,0.013804677873849869,0.00032818957697600126,0.0007470688433386385,0,0
P04_generic_film_scalar_Pcyc,0,double_line_test_0011,0.0,0.013791915029287338,0.00025563506642356515,0.0005240311147645116,0,0
P04_generic_film_scalar_Pcyc,0,double_line_test_0012,0.0,0.013779118657112122,0.00024788419250398874,0.000543622300028801,0,0
P04_generic_film_scalar_Pcyc,0,double_line_test_0013,0.0,0.02237337827682495,0.00036588910734280944,0.0007942401571199298,0,0
P04_generic_film_scalar_Pcyc,0,double_line_test_0014,0.0,0.0703657865524292,0.0005107240285724401,0.0015564842615276575,0,0
P04_generic_film_scalar_Pcyc,0,small_rect_edge_test_0000,0.0,0.06694871187210083,0.00026275269920006394,0.0010705920867621899,0,0
P04_generic_film_scalar_Pcyc,0,small_rect_edge_test_0001,0.0,0.04224824905395508,0.00031325643067248166,0.0009930202504619956,0,0
P04_generic_film_scalar_Pcyc,0,small_rect_edge_test_0002,0.0,0.1102641224861145,0.00033159853774122894,0.001777232508175075,0,0
P04_generic_film_scalar_Pcyc,0,small_rect_edge_test_0003,0.0,0.04192161560058594,0.0003353001084178686,0.000837006198707968,0,0
P04_generic_film_scalar_Pcyc,0,small_rect_edge_test_0004,0.0,0.0711965560913086,0.00048152601812034845,0.0018894834211096168,0,0
P04_generic_film_scalar_Pcyc,0,small_rect_edge_test_0005,0.0,0.06438696384429932,0.00037998403422534466,0.001355850137770176,0,0
P04_generic_film_scalar_Pcyc,0,small_rect_edge_test_0006,0.0,0.021955691277980804,0.0003539499011822045,0.0010130571899935603,0,0
P04_generic_film_scalar_Pcyc,0,small_rect_edge_test_0007,0.0,0.06620675325393677,0.00034445509663783014,0.0012101071188226342,0,0
P04_generic_film_scalar_Pcyc,0,small_rect_edge_test_0008,0.0,0.14033293724060059,0.0005315607995726168,0.00244642561301589,0,0
P04_generic_film_scalar_Pcyc,0,small_rect_edge_test_0009,0.0,0.016081511974334717,0.0002973709488287568,0.0007218804094009101,0,0
P04_generic_film_scalar_Pcyc,0,point_cluster_test_0000,0.0,0.022023528814315796,0.000331356335664168,0.000919368292670697,0,0
P04_generic_film_scalar_Pcyc,0,point_cluster_test_0001,0.0,0.047392427921295166,0.00038633530493825674,0.001309733372181654,0,0
P04_generic_film_scalar_Pcyc,0,point_cluster_test_0002,0.0,0.04112982749938965,0.0003613043809309602,0.0012950563104823232,0,0
P04_generic_film_scalar_Pcyc,0,point_cluster_test_0003,0.0,0.032572537660598755,0.0003038307768292725,0.0008943557040765882,0,0
P04_generic_film_scalar_Pcyc,0,point_cluster_test_0004,0.0,0.025038018822669983,0.0004632692434825003,0.0015817441744729877,0,0
P04_generic_film_scalar_Pcyc,0,point_cluster_test_0005,0.0,0.04175519943237305,0.0004123918479308486,0.0013780061854049563,0,0
P04_generic_film_scalar_Pcyc,0,point_cluster_test_0006,0.0,0.18634814023971558,0.0003624392265919596,0.0024956348352134228,0,0
P04_generic_film_scalar_Pcyc,0,point_cluster_test_0007,0.0,0.041154295206069946,0.0003893140237778425,0.001385651994496584,0,0
P04_generic_film_scalar_Pcyc,0,point_cluster_test_0008,0.0,0.027364730834960938,0.0003549183311406523,0.0012233740417286754,0,0
P04_generic_film_scalar_Pcyc,0,point_cluster_test_0009,0.0,0.05525901913642883,0.0002726419479586184,0.0008914850768633187,0,0
P04_generic_film_scalar_Pcyc,0,point_cluster_test_0010,0.0,0.01380942016839981,0.0003503785119391978,0.0009205822134390473,0,0
P04_generic_film_scalar_Pcyc,0,point_cluster_test_0011,0.0,0.05478709936141968,0.0004965540720149875,0.0020488284062594175,0,0
P04_generic_film_scalar_Pcyc,0,point_cluster_test_0012,0.0,0.05301171541213989,0.00033602133044041693,0.0012471919180825353,0,0
P04_generic_film_scalar_Pcyc,0,point_cluster_test_0013,0.0,0.03965085744857788,0.0006109210662543774,0.002145930426195264,0,0
P04_generic_film_scalar_Pcyc,0,point_cluster_test_0014,0.0,0.03041243553161621,0.0002855812490452081,0.0009251158335246146,0,0
P04_generic_film_scalar_Pcyc,0,point_cluster_test_0015,0.0,0.05619150400161743,0.00035487397690303624,0.0015156372683122754,0,0
P04_generic_film_scalar_Pcyc,0,point_cluster_test_0016,0.0,0.017466843128204346,0.0004260984424035996,0.0012005568714812398,0,0
P04_generic_film_scalar_Pcyc,0,point_cluster_test_0017,0.0,0.08676895499229431,0.00031789415515959263,0.0015407836763188243,0,0
P04_generic_film_scalar_Pcyc,0,point_cluster_test_0018,0.0,0.04155886173248291,0.0003616625617723912,0.0012204450322315097,0,0
P04_generic_film_scalar_Pcyc,0,point_cluster_test_0019,0.0,0.013782169669866562,0.0002634218253660947,0.0006091711693443358,0,0
P04_generic_film_scalar_Pcyc,1,line_test_0000,0.0,0.03971141576766968,0.0005558953853324056,0.002211945131421089,0,0
P04_generic_film_scalar_Pcyc,1,line_test_0001,0.0,0.04051215946674347,0.0009811423951759934,0.002973853377625346,0,0
P04_generic_film_scalar_Pcyc,1,line_test_0002,0.0,0.066298708319664,0.0009584761573933065,0.0037007988430559635,0,0
P04_generic_film_scalar_Pcyc,1,line_test_0003,0.0,0.11620131134986877,0.0012286531273275614,0.0054723224602639675,0,0
P04_generic_film_scalar_Pcyc,1,line_test_0004,0.0,0.036007702350616455,0.0004152089823037386,0.0012385506415739655,0,0
P04_generic_film_scalar_Pcyc,1,line_test_0005,0.0,0.027602165937423706,0.0005218302831053734,0.0015365497674793005,0,0
P04_generic_film_scalar_Pcyc,1,line_test_0006,0.0,0.07120272517204285,0.0007731356890872121,0.003117972519248724,0,0
P04_generic_film_scalar_Pcyc,1,line_test_0007,0.0,0.03365612030029297,0.0005656874272972345,0.0017529575852677226,0,0
P04_generic_film_scalar_Pcyc,1,line_test_0008,0.0,0.02166692167520523,0.0006229949649423361,0.0016885519726201892,0,0
P04_generic_film_scalar_Pcyc,1,line_test_0009,0.0,0.10759121179580688,0.0007724054739810526,0.0034282892011106014,0,0
P04_generic_film_scalar_Pcyc,1,line_test_0010,0.0,0.044373318552970886,0.0006259200745262206,0.0023429356515407562,0,0
P04_generic_film_scalar_Pcyc,1,line_test_0011,0.0,0.0695769190788269,0.0007422532071359456,0.0026078589726239443,0,0
P04_generic_film_scalar_Pcyc,1,line_test_0012,0.0,0.06729444861412048,0.0008582217269577086,0.0036428887397050858,0,0
P04_generic_film_scalar_Pcyc,1,line_test_0013,0.0,0.0471653938293457,0.0007898740004748106,0.0027156309224665165,0,0
P04_generic_film_scalar_Pcyc,1,line_test_0014,0.0,0.018864482641220093,0.000381549762096256,0.0009834166849032044,0,0
P04_generic_film_scalar_Pcyc,1,line_test_0015,0.0,0.05916030704975128,0.0006598304607905447,0.0027723119128495455,0,0
P04_generic_film_scalar_Pcyc,1,line_test_0016,0.0,0.08674806356430054,0.001172301941551268,0.00506277522072196,0,0
P04_generic_film_scalar_Pcyc,1,line_test_0017,0.0,0.1750538945198059,0.000572677468881011,0.003085657022893429,0,0
P04_generic_film_scalar_Pcyc,1,line_test_0018,0.0,0.05338186025619507,0.0006587454117834568,0.002137761330232024,0,0
P04_generic_film_scalar_Pcyc,1,line_test_0019,0.0,0.021029174327850342,0.0005343626253306866,0.001423480804078281,0,0
P04_generic_film_scalar_Pcyc,1,cross_test_0000,0.0,0.08049649000167847,0.0010839620372280478,0.004388078115880489,0,0
P04_generic_film_scalar_Pcyc,1,cross_test_0001,0.0,0.028483375906944275,0.0005707734380848706,0.0014662673929706216,0,0
P04_generic_film_scalar_Pcyc,1,cross_test_0002,0.0,0.05558294057846069,0.0005907579325139523,0.002098069293424487,0,0
P04_generic_film_scalar_Pcyc,1,cross_test_0003,0.0,0.15076109766960144,0.0011490978067740798,0.005707570817321539,0,0
P04_generic_film_scalar_Pcyc,1,cross_test_0004,0.0,0.07651025056838989,0.0009543080232106149,0.0038738439325243235,0,0
P04_generic_film_scalar_Pcyc,1,cross_test_0005,0.0,0.033684052526950836,0.0008493461646139622,0.0023471794556826353,0,0
P04_generic_film_scalar_Pcyc,1,cross_test_0006,0.0,0.03976893424987793,0.00039278625627048314,0.0010435560252517462,0,0
P04_generic_film_scalar_Pcyc,1,cross_test_0007,0.0,0.03618788719177246,0.00047743410686962306,0.0015625531086698174,0,0
P04_generic_film_scalar_Pcyc,1,cross_test_0008,0.0,0.10535192489624023,0.0014696576399728656,0.006115819793194532,0,0
P04_generic_film_scalar_Pcyc,1,cross_test_0009,0.0,0.0739750862121582,0.0006555967265740037,0.002694137627258897,0,0
P04_generic_film_scalar_Pcyc,1,cross_test_0010,0.0,0.07234254479408264,0.0008508667815476656,0.003116406500339508,0,0
P04_generic_film_scalar_Pcyc,1,cross_test_0011,0.0,0.11623823642730713,0.0018520435551181436,0.007747895549982786,0,0
P04_generic_film_scalar_Pcyc,1,cross_test_0012,0.0,0.06858491897583008,0.0007824398344382644,0.0033767481800168753,0,0
P04_generic_film_scalar_Pcyc,1,cross_test_0013,0.0,0.085482656955719,0.0010068862466141582,0.00331214745528996,0,0
P04_generic_film_scalar_Pcyc,1,cross_test_0014,0.0,0.033178627490997314,0.00058951904065907,0.0017664582701399922,0,0
P04_generic_film_scalar_Pcyc,1,L_shape_test_0000,0.0,0.07629868388175964,0.0015349900349974632,0.005523331928998232,0,0
P04_generic_film_scalar_Pcyc,1,L_shape_test_0001,0.0,0.019658103585243225,0.0005224421620368958,0.0013314478565007448,0,0
P04_generic_film_scalar_Pcyc,1,L_shape_test_0002,0.0,0.05654120445251465,0.0012268259888514876,0.003886882681399584,0,0
P04_generic_film_scalar_Pcyc,1,L_shape_test_0003,0.0,0.0663791298866272,0.0008968326728790998,0.003142313566058874,0,0
P04_generic_film_scalar_Pcyc,1,L_shape_test_0004,0.0,0.03248366713523865,0.0009244446409866214,0.002409490989521146,0,0
P04_generic_film_scalar_Pcyc,1,L_shape_test_0005,0.0,0.06875213980674744,0.0008887384319677949,0.002804763847962022,0,0
P04_generic_film_scalar_Pcyc,1,L_shape_test_0006,0.0,0.05384892225265503,0.00054426264250651,0.001776976278051734,0,0
P04_generic_film_scalar_Pcyc,1,L_shape_test_0007,0.0,0.11872071027755737,0.0011955862864851952,0.004976140800863504,0,0
P04_generic_film_scalar_Pcyc,1,L_shape_test_0008,0.0,0.04683348536491394,0.0006186540122143924,0.0017217884305864573,0,0
P04_generic_film_scalar_Pcyc,1,L_shape_test_0009,0.0,0.10435029864311218,0.0011285339714959264,0.004079731646925211,0,0
P04_generic_film_scalar_Pcyc,1,L_shape_test_0010,0.0,0.050282128155231476,0.0007438477477990091,0.002896072342991829,0,0
P04_generic_film_scalar_Pcyc,1,L_shape_test_0011,0.0,0.021156907081604004,0.00044081342639401555,0.0011510836193338037,0,0
P04_generic_film_scalar_Pcyc,1,L_shape_test_0012,0.0,0.05168672651052475,0.0008050001342780888,0.002836445812135935,0,0
P04_generic_film_scalar_Pcyc,1,L_shape_test_0013,0.0,0.04405364394187927,0.0008615971310064197,0.002812243066728115,0,0
P04_generic_film_scalar_Pcyc,1,L_shape_test_0014,0.0,0.036886438727378845,0.0006702021928504109,0.002141254721209407,0,0
P04_generic_film_scalar_Pcyc,1,L_shape_test_0015,0.0,0.05475392937660217,0.0009556244476698339,0.0031155776232481003,0,0
P04_generic_film_scalar_Pcyc,1,L_shape_test_0016,0.0,0.043286681175231934,0.0007748017669655383,0.002395506016910076,0,0
P04_generic_film_scalar_Pcyc,1,L_shape_test_0017,0.0,0.09052693843841553,0.0014654764672741294,0.006019915919750929,0,0
P04_generic_film_scalar_Pcyc,1,L_shape_test_0018,0.0,0.03581768274307251,0.0006936374702490866,0.001859583193436265,0,0
P04_generic_film_scalar_Pcyc,1,L_shape_test_0019,0.0,0.03722313046455383,0.0006923566688783467,0.0022400396410375834,0,0
P04_generic_film_scalar_Pcyc,1,double_line_test_0000,0.0,0.1773485541343689,0.0007919766940176487,0.0042686983942985535,0,0
P04_generic_film_scalar_Pcyc,1,double_line_test_0001,0.0,0.27893057465553284,0.001984958304092288,0.010938689112663269,0,0
P04_generic_film_scalar_Pcyc,1,double_line_test_0002,0.0,0.10822159051895142,0.0004360381863079965,0.0021401038393378258,0,0
P04_generic_film_scalar_Pcyc,1,double_line_test_0003,0.0,0.03180617094039917,0.0005822238745167851,0.001357307774014771,0,0
P04_generic_film_scalar_Pcyc,1,double_line_test_0004,0.0,0.12440758943557739,0.0012142992345616221,0.005290207453072071,0,0
P04_generic_film_scalar_Pcyc,1,double_line_test_0005,0.0,0.17186236381530762,0.0005502953426912427,0.0025769814383238554,0,0
P04_generic_film_scalar_Pcyc,1,double_line_test_0006,0.0,0.19396445155143738,0.001817552954889834,0.007922494783997536,0,0
P04_generic_film_scalar_Pcyc,1,double_line_test_0007,0.0,0.03357776999473572,0.0006862282170914114,0.001804717699997127,0,0
P04_generic_film_scalar_Pcyc,1,double_line_test_0008,0.0,0.0684823989868164,0.0009970634710043669,0.002985261846333742,0,0
P04_generic_film_scalar_Pcyc,1,double_line_test_0009,0.0,0.026332013309001923,0.000604080269113183,0.001525377156212926,0,0
P04_generic_film_scalar_Pcyc,1,double_line_test_0010,0.0,0.03041478991508484,0.0007361913449130952,0.0021133655682206154,0,0
P04_generic_film_scalar_Pcyc,1,double_line_test_0011,0.0,0.016515247523784637,0.0004744041943922639,0.0010989551665261388,0,0
P04_generic_film_scalar_Pcyc,1,double_line_test_0012,0.0,0.017592251300811768,0.00046873415703885257,0.0012399808038026094,0,0
P04_generic_film_scalar_Pcyc,1,double_line_test_0013,0.0,0.021949052810668945,0.0006423964514397085,0.0015384037978947163,0,0
P04_generic_film_scalar_Pcyc,1,double_line_test_0014,0.0,0.11270248889923096,0.0017805047100409865,0.006689377129077911,0,0
P04_generic_film_scalar_Pcyc,1,small_rect_edge_test_0000,0.0,0.0705108642578125,0.0006404449231922626,0.002803225303068757,0,0
P04_generic_film_scalar_Pcyc,1,small_rect_edge_test_0001,0.0,0.045382559299468994,0.0007804606575518847,0.002853731857612729,0,0
P04_generic_film_scalar_Pcyc,1,small_rect_edge_test_0002,0.0,0.12226557731628418,0.0005919662653468549,0.0024416912347078323,0,0
P04_generic_film_scalar_Pcyc,1,small_rect_edge_test_0003,0.0,0.04237008094787598,0.000655104115139693,0.0017287139780819416,0,0
P04_generic_film_scalar_Pcyc,1,small_rect_edge_test_0004,0.0,0.17051911354064941,0.001546281622722745,0.006795522756874561,0,0
P04_generic_film_scalar_Pcyc,1,small_rect_edge_test_0005,0.0,0.09494081139564514,0.0011810968862846494,0.005484681110829115,0,0
P04_generic_film_scalar_Pcyc,1,small_rect_edge_test_0006,0.0,0.024977363646030426,0.0005591589142568409,0.0014369222335517406,0,0
P04_generic_film_scalar_Pcyc,1,small_rect_edge_test_0007,0.0,0.14472639560699463,0.0005721767083741724,0.0033528469502925873,0,0
P04_generic_film_scalar_Pcyc,1,small_rect_edge_test_0008,0.0,0.1350651979446411,0.0017803957452997565,0.008070501498878002,0,0
P04_generic_film_scalar_Pcyc,1,small_rect_edge_test_0009,0.0,0.05395597219467163,0.0006313698831945658,0.0020692639518529177,0,0
P04_generic_film_scalar_Pcyc,1,point_cluster_test_0000,0.0,0.05728733539581299,0.0006521266768686473,0.0021330032031983137,0,0
P04_generic_film_scalar_Pcyc,1,point_cluster_test_0001,0.0,0.0959305465221405,0.0009842949220910668,0.0042071836069226265,0,0
P04_generic_film_scalar_Pcyc,1,point_cluster_test_0002,0.0,0.05082833766937256,0.0007106435368768871,0.0024680248461663723,0,0
P04_generic_film_scalar_Pcyc,1,point_cluster_test_0003,0.0,0.04974091053009033,0.0005832795868627727,0.0018592191627249122,0,0
P04_generic_film_scalar_Pcyc,1,point_cluster_test_0004,0.0,0.0918133556842804,0.001042417250573635,0.0044386545196175575,0,0
P04_generic_film_scalar_Pcyc,1,point_cluster_test_0005,0.0,0.06436732411384583,0.0009544272325001657,0.0035053046885877848,0,0
P04_generic_film_scalar_Pcyc,1,point_cluster_test_0006,0.0,0.10798412561416626,0.0006687049753963947,0.0025723117869347334,0,0
P04_generic_film_scalar_Pcyc,1,point_cluster_test_0007,0.0,0.048557430505752563,0.0007672144565731287,0.002635868266224861,0,0
P04_generic_film_scalar_Pcyc,1,point_cluster_test_0008,0.0,0.055281996726989746,0.0006929827504791319,0.0023592859506607056,0,0
P04_generic_film_scalar_Pcyc,1,point_cluster_test_0009,0.0,0.057140231132507324,0.0006174729205667973,0.0023781792260706425,0,0
P04_generic_film_scalar_Pcyc,1,point_cluster_test_0010,0.0,0.041099101305007935,0.0006675728945992887,0.0020314238499850035,0,0
P04_generic_film_scalar_Pcyc,1,point_cluster_test_0011,0.0,0.07579472661018372,0.0007883300422690809,0.0026813186705112457,0,0
P04_generic_film_scalar_Pcyc,1,point_cluster_test_0012,0.0,0.13546353578567505,0.0011059882817789912,0.006024548783898354,0,0
P04_generic_film_scalar_Pcyc,1,point_cluster_test_0013,0.0,0.11752516031265259,0.0014585022581741214,0.005660185124725103,0,0
P04_generic_film_scalar_Pcyc,1,point_cluster_test_0014,0.0,0.07737064361572266,0.0006899946602061391,0.003083685180172324,0,0
P04_generic_film_scalar_Pcyc,1,point_cluster_test_0015,0.0,0.10681706666946411,0.0008074295474216342,0.003990440163761377,0,0
P04_generic_film_scalar_Pcyc,1,point_cluster_test_0016,0.0,0.04041188955307007,0.0007215797086246312,0.0020351612474769354,0,0
P04_generic_film_scalar_Pcyc,1,point_cluster_test_0017,0.0,0.1335841417312622,0.0007557838107459247,0.00347712985239923,0,0
P04_generic_film_scalar_Pcyc,1,point_cluster_test_0018,0.0,0.09164297580718994,0.0009560734033584595,0.004201210103929043,0,0
P04_generic_film_scalar_Pcyc,1,point_cluster_test_0019,0.0,0.046489715576171875,0.0005644935299642384,0.0018570198444649577,0,0
P04_generic_film_scalar_Pcyc,2,line_test_0000,0.0,0.10445332527160645,0.0007961207302287221,0.004793388769030571,0,0
P04_generic_film_scalar_Pcyc,2,line_test_0001,0.0,0.11884632706642151,0.001424079411663115,0.006438172422349453,0,0
P04_generic_film_scalar_Pcyc,2,line_test_0002,0.0,0.10709112882614136,0.0012892493978142738,0.006199136842042208,0,0
P04_generic_film_scalar_Pcyc,2,line_test_0003,0.0,0.16387641429901123,0.0016523754457011819,0.008808347396552563,0,0
P04_generic_film_scalar_Pcyc,2,line_test_0004,0.0,0.13698309659957886,0.0006174369482323527,0.0038431931752711535,0,0
P04_generic_film_scalar_Pcyc,2,line_test_0005,0.0,0.0724363923072815,0.0007052546716295183,0.00381848169490695,0,0
P04_generic_film_scalar_Pcyc,2,line_test_0006,0.0,0.20670926570892334,0.0012372878845781088,0.007362167350947857,0,0
P04_generic_film_scalar_Pcyc,2,line_test_0007,0.0,0.0956878662109375,0.0008123007719404995,0.004265692550688982,0,0
P04_generic_film_scalar_Pcyc,2,line_test_0008,0.0,0.07234945893287659,0.0008585029281675816,0.004073320887982845,0,0
P04_generic_film_scalar_Pcyc,2,line_test_0009,0.0,0.1793113648891449,0.0010406216606497765,0.0062153395265340805,0,0
P04_generic_film_scalar_Pcyc,2,line_test_0010,0.0,0.09544101357460022,0.0009268015855923295,0.004966019652783871,0,0
P04_generic_film_scalar_Pcyc,2,line_test_0011,0.0,0.22191286087036133,0.0009955152636393905,0.005494365468621254,0,0
P04_generic_film_scalar_Pcyc,2,line_test_0012,0.0,0.1290971040725708,0.0012268893187865615,0.006704609841108322,0,0
P04_generic_film_scalar_Pcyc,2,line_test_0013,0.0,0.09042567014694214,0.00103671639226377,0.005180808249861002,0,0
P04_generic_film_scalar_Pcyc,2,line_test_0014,0.0,0.1110500693321228,0.0005993728409521282,0.003525420557707548,0,0
P04_generic_film_scalar_Pcyc,2,line_test_0015,0.0,0.12614059448242188,0.0009375915979035199,0.005320236552506685,0,0
P04_generic_film_scalar_Pcyc,2,line_test_0016,0.0,0.17778730392456055,0.0016868093516677618,0.009142347611486912,0,0
P04_generic_film_scalar_Pcyc,2,line_test_0017,0.0,0.32411497831344604,0.0007913099252618849,0.005959777627140284,0,0
P04_generic_film_scalar_Pcyc,2,line_test_0018,0.0,0.08900177478790283,0.0010169665329158306,0.005012838169932365,0,0
P04_generic_film_scalar_Pcyc,2,line_test_0019,0.0,0.0842018723487854,0.0007264473242685199,0.0038686783518642187,0,0
P04_generic_film_scalar_Pcyc,2,cross_test_0000,0.0,0.11785948276519775,0.001257249154150486,0.0060976725071668625,0,0
P04_generic_film_scalar_Pcyc,2,cross_test_0001,0.0,0.07244947552680969,0.0007060769130475819,0.0037197174970060587,0,0
P04_generic_film_scalar_Pcyc,2,cross_test_0002,0.0,0.13037168979644775,0.0009361517732031643,0.0051996223628520966,0,0
P04_generic_film_scalar_Pcyc,2,cross_test_0003,0.0,0.24677056074142456,0.001608547754585743,0.010060125030577183,0,0
P04_generic_film_scalar_Pcyc,2,cross_test_0004,0.0,0.12672770023345947,0.0013315810356289148,0.006922170519828796,0,0
P04_generic_film_scalar_Pcyc,2,cross_test_0005,0.0,0.14020001888275146,0.0013395313872024417,0.005812271498143673,0,0
P04_generic_film_scalar_Pcyc,2,cross_test_0006,0.0,0.07335501909255981,0.000579544750507921,0.0034346170723438263,0,0
P04_generic_film_scalar_Pcyc,2,cross_test_0007,0.0,0.08834302425384521,0.0007843877538107336,0.0045338780619204044,0,0
P04_generic_film_scalar_Pcyc,2,cross_test_0008,0.0,0.15253591537475586,0.0018824017606675625,0.009159979410469532,0,0
P04_generic_film_scalar_Pcyc,2,cross_test_0009,0.0,0.14274603128433228,0.0009607892716303468,0.005804026499390602,0,0
P04_generic_film_scalar_Pcyc,2,cross_test_0010,0.0,0.13404518365859985,0.0011579976417124271,0.005768043454736471,0,0
P04_generic_film_scalar_Pcyc,2,cross_test_0011,0.0,0.20900052785873413,0.002358613768592477,0.011495660059154034,0,0
P04_generic_film_scalar_Pcyc,2,cross_test_0012,0.0,0.095234215259552,0.001023229444399476,0.0055277589708566666,0,0
P04_generic_film_scalar_Pcyc,2,cross_test_0013,0.0,0.1513359546661377,0.0013785638147965074,0.006188167259097099,0,0
P04_generic_film_scalar_Pcyc,2,cross_test_0014,0.0,0.07730531692504883,0.0008663688786327839,0.004239015281200409,0,0
P04_generic_film_scalar_Pcyc,2,L_shape_test_0000,0.0,0.14581197500228882,0.0018973404075950384,0.008429965004324913,0,0
P04_generic_film_scalar_Pcyc,2,L_shape_test_0001,0.0,0.07245481014251709,0.0007652544882148504,0.0038134600035846233,0,0
P04_generic_film_scalar_Pcyc,2,L_shape_test_0002,0.0,0.1412677764892578,0.001789892208762467,0.007765749003738165,0,0
P04_generic_film_scalar_Pcyc,2,L_shape_test_0003,0.0,0.16432464122772217,0.0012608262477442622,0.00571343582123518,0,0
P04_generic_film_scalar_Pcyc,2,L_shape_test_0004,0.0,0.08898946642875671,0.001288286759518087,0.004971032962203026,0,0
P04_generic_film_scalar_Pcyc,2,L_shape_test_0005,0.0,0.15500956773757935,0.0012509077787399292,0.005545125808566809,0,0
P04_generic_film_scalar_Pcyc,2,L_shape_test_0006,0.0,0.15701109170913696,0.0007864719955250621,0.004320772364735603,0,0
P04_generic_film_scalar_Pcyc,2,L_shape_test_0007,0.0,0.21400266885757446,0.0015854145167395473,0.008346311748027802,0,0
P04_generic_film_scalar_Pcyc,2,L_shape_test_0008,0.0,0.10827982425689697,0.0009437201078981161,0.004316258244216442,0,0
P04_generic_film_scalar_Pcyc,2,L_shape_test_0009,0.0,0.1314343810081482,0.0013318309793248773,0.006322724279016256,0,0
P04_generic_film_scalar_Pcyc,2,L_shape_test_0010,0.0,0.12050247192382812,0.001096116378903389,0.005826054606586695,0,0
P04_generic_film_scalar_Pcyc,2,L_shape_test_0011,0.0,0.11941385269165039,0.0006995824514888227,0.0037900523748248816,0,0
P04_generic_film_scalar_Pcyc,2,L_shape_test_0012,0.0,0.1571946144104004,0.0011468947632238269,0.0056957220658659935,0,0
P04_generic_film_scalar_Pcyc,2,L_shape_test_0013,0.0,0.11805969476699829,0.0012087032664567232,0.005568417254835367,0,0
P04_generic_film_scalar_Pcyc,2,L_shape_test_0014,0.0,0.07904458045959473,0.000987960142083466,0.004747805651277304,0,0
P04_generic_film_scalar_Pcyc,2,L_shape_test_0015,0.0,0.12538492679595947,0.0011326475068926811,0.005014956463128328,0,0
P04_generic_film_scalar_Pcyc,2,L_shape_test_0016,0.0,0.11556074023246765,0.0010161736281588674,0.0046944874338805676,0,0
P04_generic_film_scalar_Pcyc,2,L_shape_test_0017,0.0,0.16835898160934448,0.0017255349084734917,0.008392669260501862,0,0
P04_generic_film_scalar_Pcyc,2,L_shape_test_0018,0.0,0.09096556901931763,0.001035320688970387,0.004441631026566029,0,0
P04_generic_film_scalar_Pcyc,2,L_shape_test_0019,0.0,0.12020593881607056,0.0010728368069976568,0.00513062858954072,0,0
P04_generic_film_scalar_Pcyc,2,double_line_test_0000,0.0,0.24888747930526733,0.0009666653932072222,0.005789964459836483,0,0
P04_generic_film_scalar_Pcyc,2,double_line_test_0001,0.0,0.30288636684417725,0.002273860387504101,0.013278976082801819,0,0
P04_generic_film_scalar_Pcyc,2,double_line_test_0002,0.0,0.26856350898742676,0.0006032214732840657,0.004991948138922453,0,0
P04_generic_film_scalar_Pcyc,2,double_line_test_0003,0.0,0.08243238925933838,0.0007438524626195431,0.0036906085442751646,0,0
P04_generic_film_scalar_Pcyc,2,double_line_test_0004,0.0,0.19250011444091797,0.0015933914110064507,0.008179840631783009,0,0
P04_generic_film_scalar_Pcyc,2,double_line_test_0005,0.0,0.35060542821884155,0.0007270806236192584,0.005301923956722021,0,0
P04_generic_film_scalar_Pcyc,2,double_line_test_0006,0.0,0.2619117498397827,0.0025239039678126574,0.013567754998803139,0,0
P04_generic_film_scalar_Pcyc,2,double_line_test_0007,0.0,0.09142571687698364,0.001007421058602631,0.0045961434952914715,0,0
P04_generic_film_scalar_Pcyc,2,double_line_test_0008,0.0,0.16702717542648315,0.0013124815886840224,0.006047503091394901,0,0
P04_generic_film_scalar_Pcyc,2,double_line_test_0009,0.0,0.07241809368133545,0.0008216570713557303,0.0038678895216435194,0,0
P04_generic_film_scalar_Pcyc,2,double_line_test_0010,0.0,0.09282416105270386,0.0010280796559527516,0.004715360701084137,0,0
P04_generic_film_scalar_Pcyc,2,double_line_test_0011,0.0,0.08970320224761963,0.0006822039722464979,0.0035513939801603556,0,0
P04_generic_film_scalar_Pcyc,2,double_line_test_0012,0.0,0.07241293787956238,0.0006771915359422565,0.003620326519012451,0,0
P04_generic_film_scalar_Pcyc,2,double_line_test_0013,0.0,0.07235053181648254,0.000781001232098788,0.0037001364398747683,0,0
P04_generic_film_scalar_Pcyc,2,double_line_test_0014,0.0,0.2220900058746338,0.0024007591418921947,0.010420423932373524,0,0
P04_generic_film_scalar_Pcyc,2,small_rect_edge_test_0000,0.0,0.2377227544784546,0.0008837010245770216,0.005585503298789263,0,0
P04_generic_film_scalar_Pcyc,2,small_rect_edge_test_0001,0.0,0.15107905864715576,0.00100242521148175,0.005108330864459276,0,0
P04_generic_film_scalar_Pcyc,2,small_rect_edge_test_0002,0.0,0.29867273569107056,0.0008559072739444673,0.005476283375173807,0,0
P04_generic_film_scalar_Pcyc,2,small_rect_edge_test_0003,0.0,0.08352851867675781,0.0009224823443219066,0.00425424100831151,0,0
P04_generic_film_scalar_Pcyc,2,small_rect_edge_test_0004,0.0,0.3287585377693176,0.001950145699083805,0.010422218590974808,0,0
P04_generic_film_scalar_Pcyc,2,small_rect_edge_test_0005,0.0,0.17335498332977295,0.0014813571469858289,0.007981499657034874,0,0
P04_generic_film_scalar_Pcyc,2,small_rect_edge_test_0006,0.0,0.07232695817947388,0.0008967147441580892,0.004201402422040701,0,0
P04_generic_film_scalar_Pcyc,2,small_rect_edge_test_0007,0.0,0.26643455028533936,0.0007258039549924433,0.005769718438386917,0,0
P04_generic_film_scalar_Pcyc,2,small_rect_edge_test_0008,0.0,0.21082240343093872,0.0020035477355122566,0.010288724675774574,0,0
P04_generic_film_scalar_Pcyc,2,small_rect_edge_test_0009,0.0,0.11154094338417053,0.0009321257821284235,0.004660217557102442,0,0
P04_generic_film_scalar_Pcyc,2,point_cluster_test_0000,0.0,0.13114005327224731,0.0009656392503529787,0.004679330624639988,0,0
P04_generic_film_scalar_Pcyc,2,point_cluster_test_0001,0.0,0.1821562647819519,0.0012755647767335176,0.006394458934664726,0,0
P04_generic_film_scalar_Pcyc,2,point_cluster_test_0002,0.0,0.17346090078353882,0.0010991962626576424,0.005775585304945707,0,0
P04_generic_film_scalar_Pcyc,2,point_cluster_test_0003,0.0,0.10090482234954834,0.0009506888454779983,0.005068005062639713,0,0
P04_generic_film_scalar_Pcyc,2,point_cluster_test_0004,0.0,0.12246179580688477,0.0013478866312652826,0.006721174344420433,0,0
P04_generic_film_scalar_Pcyc,2,point_cluster_test_0005,0.0,0.12835943698883057,0.0013472725404426455,0.006532701198011637,0,0
P04_generic_film_scalar_Pcyc,2,point_cluster_test_0006,0.0,0.28754788637161255,0.0009037266136147082,0.0056267003528773785,0,0
P04_generic_film_scalar_Pcyc,2,point_cluster_test_0007,0.0,0.12608519196510315,0.0011623421451076865,0.005982005037367344,0,0
P04_generic_film_scalar_Pcyc,2,point_cluster_test_0008,0.0,0.11209169030189514,0.0011027839500457048,0.005536659155040979,0,0
P04_generic_film_scalar_Pcyc,2,point_cluster_test_0009,0.0,0.12665632367134094,0.0009002849692478776,0.005166295450180769,0,0
P04_generic_film_scalar_Pcyc,2,point_cluster_test_0010,0.0,0.10680311918258667,0.0010526776313781738,0.004906102083623409,0,0
P04_generic_film_scalar_Pcyc,2,point_cluster_test_0011,0.0,0.15721702575683594,0.0014075902290642262,0.007541170809417963,0,0
P04_generic_film_scalar_Pcyc,2,point_cluster_test_0012,0.0,0.22934263944625854,0.0016213471535593271,0.010402639396488667,0,0
P04_generic_film_scalar_Pcyc,2,point_cluster_test_0013,0.0,0.19225770235061646,0.0020640974398702383,0.009624299593269825,0,0
P04_generic_film_scalar_Pcyc,2,point_cluster_test_0014,0.0,0.14226612448692322,0.0009724959963932633,0.0057291630655527115,0,0
P04_generic_film_scalar_Pcyc,2,point_cluster_test_0015,0.0,0.22306257486343384,0.0012049248907715082,0.007863661274313927,0,0
P04_generic_film_scalar_Pcyc,2,point_cluster_test_0016,0.0,0.09464120864868164,0.0010861462214961648,0.004945140797644854,0,0
P04_generic_film_scalar_Pcyc,2,point_cluster_test_0017,0.0,0.2966099977493286,0.0011419504880905151,0.007107642013579607,0,0
P04_generic_film_scalar_Pcyc,2,point_cluster_test_0018,0.0,0.2208036184310913,0.0013727998593822122,0.008000844158232212,0,0
P04_generic_film_scalar_Pcyc,2,point_cluster_test_0019,0.0,0.08401626348495483,0.0007573172333650291,0.004067129921168089,0,0
P05_generic_film_sincos_Pcyc,0,line_test_0000,0.0,0.0970134437084198,0.0008480290416628122,0.004236336797475815,0,0
P05_generic_film_sincos_Pcyc,0,line_test_0001,0.0,0.09697005152702332,0.0014593511587008834,0.005483120214194059,0,0
P05_generic_film_sincos_Pcyc,0,line_test_0002,0.0,0.09699572622776031,0.0013169922167435288,0.005505745764821768,0,0
P05_generic_film_sincos_Pcyc,0,line_test_0003,0.0,0.11790978908538818,0.0016412223922088742,0.0073464359156787395,0,0
P05_generic_film_sincos_Pcyc,0,line_test_0004,0.0,0.09699717164039612,0.0007500930223613977,0.0039049051702022552,0,0
P05_generic_film_sincos_Pcyc,0,line_test_0005,0.0,0.09700533747673035,0.0009092325926758349,0.004171168897300959,0,0
P05_generic_film_sincos_Pcyc,0,line_test_0006,0.0,0.13365405797958374,0.0013050185516476631,0.006448954809457064,0,0
P05_generic_film_sincos_Pcyc,0,line_test_0007,0.0,0.09698550403118134,0.0009301967802457511,0.004273771308362484,0,0
P05_generic_film_sincos_Pcyc,0,line_test_0008,0.0,0.09698930382728577,0.0010590864112600684,0.004385682754218578,0,0
P05_generic_film_sincos_Pcyc,0,line_test_0009,0.0,0.09700152277946472,0.0010516939219087362,0.0046719699166715145,0,0
P05_generic_film_sincos_Pcyc,0,line_test_0010,0.0,0.09701851010322571,0.0010401614708825946,0.0048710014671087265,0,0
P05_generic_film_sincos_Pcyc,0,line_test_0011,0.0,0.19670391082763672,0.0010184530401602387,0.00485841603949666,0,0
P05_generic_film_sincos_Pcyc,0,line_test_0012,0.0,0.10881662368774414,0.0012177973985671997,0.005456878803670406,0,0
P05_generic_film_sincos_Pcyc,0,line_test_0013,0.0,0.09699475765228271,0.0010950554860755801,0.004663205239921808,0,0
P05_generic_film_sincos_Pcyc,0,line_test_0014,0.0,0.0970204770565033,0.0007729730568826199,0.003879097057506442,0,0
P05_generic_film_sincos_Pcyc,0,line_test_0015,0.0,0.13208693265914917,0.0010547033743932843,0.005168379284441471,0,0
P05_generic_film_sincos_Pcyc,0,line_test_0016,0.0,0.09698736667633057,0.001439207117073238,0.005835015792399645,0,0
P05_generic_film_sincos_Pcyc,0,line_test_0017,0.0,0.20463883876800537,0.0008544684387743473,0.00469953054562211,0,0
P05_generic_film_sincos_Pcyc,0,line_test_0018,0.0,0.09699255228042603,0.0011395959882065654,0.0049803126603364944,0,0
P05_generic_film_sincos_Pcyc,0,line_test_0019,0.0,0.09699946641921997,0.0009178136242553592,0.004149951506406069,0,0
P05_generic_film_sincos_Pcyc,0,cross_test_0000,0.0,0.09699861705303192,0.0012726463610306382,0.0052341921254992485,0,0
P05_generic_film_sincos_Pcyc,0,cross_test_0001,0.0,0.0969768613576889,0.0009723469847813249,0.004339090082794428,0,0
P05_generic_film_sincos_Pcyc,0,cross_test_0002,0.0,0.09699785709381104,0.0010103897657245398,0.004704794846475124,0,0
P05_generic_film_sincos_Pcyc,0,cross_test_0003,0.0,0.13092243671417236,0.0013568331487476826,0.006105117965489626,0,0
P05_generic_film_sincos_Pcyc,0,cross_test_0004,0.0,0.10643604397773743,0.0013485049130395055,0.006010163109749556,0,0
P05_generic_film_sincos_Pcyc,0,cross_test_0005,0.0,0.09693115949630737,0.001456807367503643,0.005383784882724285,0,0
P05_generic_film_sincos_Pcyc,0,cross_test_0006,0.0,0.097010537981987,0.0007622818811796606,0.003869097214192152,0,0
P05_generic_film_sincos_Pcyc,0,cross_test_0007,0.0,0.09702950716018677,0.0009246584377251565,0.004511638078838587,0,0
P05_generic_film_sincos_Pcyc,0,cross_test_0008,0.0,0.12570852041244507,0.0016310005448758602,0.00679791672155261,0,0
P05_generic_film_sincos_Pcyc,0,cross_test_0009,0.0,0.09702615439891815,0.0009831631323322654,0.004655185155570507,0,0
P05_generic_film_sincos_Pcyc,0,cross_test_0010,0.0,0.09699989855289459,0.001262288773432374,0.00534252030774951,0,0
P05_generic_film_sincos_Pcyc,0,cross_test_0011,0.0,0.13854753971099854,0.002179137896746397,0.00900513119995594,0,0
P05_generic_film_sincos_Pcyc,0,cross_test_0012,0.0,0.09699714183807373,0.001072108163498342,0.004938803613185883,0,0
P05_generic_film_sincos_Pcyc,0,cross_test_0013,0.0,0.11952656507492065,0.0014006206765770912,0.005404425319284201,0,0
P05_generic_film_sincos_Pcyc,0,cross_test_0014,0.0,0.09699428081512451,0.001031936495564878,0.004484635777771473,0,0
P05_generic_film_sincos_Pcyc,0,L_shape_test_0000,0.0,0.10891085863113403,0.001820974051952362,0.006812643259763718,0,0
P05_generic_film_sincos_Pcyc,0,L_shape_test_0001,0.0,0.09699715673923492,0.0009838672121986747,0.0042140730656683445,0,0
P05_generic_film_sincos_Pcyc,0,L_shape_test_0002,0.0,0.12258878350257874,0.001763837761245668,0.006805374287068844,0,0
P05_generic_film_sincos_Pcyc,0,L_shape_test_0003,0.0,0.10610151290893555,0.0012853821972385049,0.004972589667886496,0,0
P05_generic_film_sincos_Pcyc,0,L_shape_test_0004,0.0,0.09694619476795197,0.0014381319051608443,0.004825009033083916,0,0
P05_generic_film_sincos_Pcyc,0,L_shape_test_0005,0.0,0.10530257225036621,0.0013484761584550142,0.005268231499940157,0,0
P05_generic_film_sincos_Pcyc,0,L_shape_test_0006,0.0,0.09697291254997253,0.0008964129956439137,0.004143554251641035,0,0
P05_generic_film_sincos_Pcyc,0,L_shape_test_0007,0.0,0.09793281555175781,0.001381616573780775,0.0054702782072126865,0,0
P05_generic_film_sincos_Pcyc,0,L_shape_test_0008,0.0,0.09698076546192169,0.0011255370918661356,0.004523407202214003,0,0
P05_generic_film_sincos_Pcyc,0,L_shape_test_0009,0.0,0.09693539142608643,0.0014428581343963742,0.005297570955008268,0,0
P05_generic_film_sincos_Pcyc,0,L_shape_test_0010,0.0,0.09692759811878204,0.0010445506777614355,0.004762426484376192,0,0
P05_generic_film_sincos_Pcyc,0,L_shape_test_0011,0.0,0.09699693322181702,0.000850304844789207,0.003974311053752899,0,0
P05_generic_film_sincos_Pcyc,0,L_shape_test_0012,0.0,0.09692521393299103,0.0010956812184304,0.004657459910959005,0,0
P05_generic_film_sincos_Pcyc,0,L_shape_test_0013,0.0,0.09694379568099976,0.0011266601504758,0.004480668343603611,0,0
P05_generic_film_sincos_Pcyc,0,L_shape_test_0014,0.0,0.09699566662311554,0.001056985347531736,0.004489579237997532,0,0
P05_generic_film_sincos_Pcyc,0,L_shape_test_0015,0.0,0.09701438248157501,0.0012106230715289712,0.004669676069170237,0,0
P05_generic_film_sincos_Pcyc,0,L_shape_test_0016,0.0,0.09692925214767456,0.0011094199726358056,0.004518636967986822,0,0
P05_generic_film_sincos_Pcyc,0,L_shape_test_0017,0.0,0.09693792462348938,0.0014156050747260451,0.005255193915218115,0,0
P05_generic_film_sincos_Pcyc,0,L_shape_test_0018,0.0,0.09697307646274567,0.0012004866730421782,0.004552911501377821,0,0
P05_generic_film_sincos_Pcyc,0,L_shape_test_0019,0.0,0.1287861466407776,0.0012407110771164298,0.005272143520414829,0,0
P05_generic_film_sincos_Pcyc,0,double_line_test_0000,0.0,0.13288313150405884,0.0009647441329434514,0.004541011527180672,0,0
P05_generic_film_sincos_Pcyc,0,double_line_test_0001,0.0,0.12447857856750488,0.001828858396038413,0.007340382784605026,0,0
P05_generic_film_sincos_Pcyc,0,double_line_test_0002,0.0,0.10460948944091797,0.0007898964686319232,0.0042930906638503075,0,0
P05_generic_film_sincos_Pcyc,0,double_line_test_0003,0.0,0.09693548083305359,0.0010052151046693325,0.004098992794752121,0,0
P05_generic_film_sincos_Pcyc,0,double_line_test_0004,0.0,0.09693042933940887,0.0014388365671038628,0.005642459727823734,0,0
P05_generic_film_sincos_Pcyc,0,double_line_test_0005,0.0,0.2567616105079651,0.0009439671994186938,0.004932922311127186,0,0
P05_generic_film_sincos_Pcyc,0,double_line_test_0006,0.0,0.13454395532608032,0.0018742537358775735,0.007291118614375591,0,0
P05_generic_film_sincos_Pcyc,0,double_line_test_0007,0.0,0.09698295593261719,0.0012111057294532657,0.004748803563416004,0,0
P05_generic_film_sincos_Pcyc,0,double_line_test_0008,0.0,0.1333225965499878,0.0014246456557884812,0.005517488811165094,0,0
P05_generic_film_sincos_Pcyc,0,double_line_test_0009,0.0,0.09698465466499329,0.0010618107626214623,0.004296008963137865,0,0
P05_generic_film_sincos_Pcyc,0,double_line_test_0010,0.0,0.09693165123462677,0.001107324962504208,0.004609609488397837,0,0
P05_generic_film_sincos_Pcyc,0,double_line_test_0011,0.0,0.09694495797157288,0.0008777692564763129,0.003922543954104185,0,0
P05_generic_film_sincos_Pcyc,0,double_line_test_0012,0.0,0.09701177477836609,0.0008675538701936603,0.004073441959917545,0,0
P05_generic_film_sincos_Pcyc,0,double_line_test_0013,0.0,0.09694691002368927,0.0010653334902599454,0.004147416912019253,0,0
P05_generic_film_sincos_Pcyc,0,double_line_test_0014,0.0,0.18169939517974854,0.0018619244219735265,0.007019250653684139,0,0
P05_generic_film_sincos_Pcyc,0,small_rect_edge_test_0000,0.0,0.1626254916191101,0.0009289905428886414,0.0046908012591302395,0,0
P05_generic_film_sincos_Pcyc,0,small_rect_edge_test_0001,0.0,0.09699979424476624,0.0010546845151111484,0.004607291892170906,0,0
P05_generic_film_sincos_Pcyc,0,small_rect_edge_test_0002,0.0,0.16951924562454224,0.0009999731555581093,0.0047437516041100025,0,0
P05_generic_film_sincos_Pcyc,0,small_rect_edge_test_0003,0.0,0.09698058664798737,0.0011261740000918508,0.004567648749798536,0,0
P05_generic_film_sincos_Pcyc,0,small_rect_edge_test_0004,0.0,0.15875458717346191,0.001778184319846332,0.007709654979407787,0,0
P05_generic_film_sincos_Pcyc,0,small_rect_edge_test_0005,0.0,0.14232206344604492,0.001299942727200687,0.005606905557215214,0,0
P05_generic_film_sincos_Pcyc,0,small_rect_edge_test_0006,0.0,0.09698489308357239,0.0010871069971472025,0.00448085181415081,0,0
P05_generic_film_sincos_Pcyc,0,small_rect_edge_test_0007,0.0,0.1304382085800171,0.0008637491264380515,0.004639181774109602,0,0
P05_generic_film_sincos_Pcyc,0,small_rect_edge_test_0008,0.0,0.23336392641067505,0.0018185666995123029,0.007709377910941839,0,0
P05_generic_film_sincos_Pcyc,0,small_rect_edge_test_0009,0.0,0.09699667990207672,0.0010513684246689081,0.004493358079344034,0,0
P05_generic_film_sincos_Pcyc,0,point_cluster_test_0000,0.0,0.09700003266334534,0.0010881497291848063,0.004572492092847824,0,0
P05_generic_film_sincos_Pcyc,0,point_cluster_test_0001,0.0,0.1379542350769043,0.0012826331658288836,0.005752764642238617,0,0
P05_generic_film_sincos_Pcyc,0,point_cluster_test_0002,0.0,0.09702835977077484,0.0012085095513612032,0.005331819411367178,0,0
P05_generic_film_sincos_Pcyc,0,point_cluster_test_0003,0.0,0.12379011511802673,0.0011544449953362346,0.005277547053992748,0,0
P05_generic_film_sincos_Pcyc,0,point_cluster_test_0004,0.0,0.09699898958206177,0.0013859671307727695,0.006107308901846409,0,0
P05_generic_film_sincos_Pcyc,0,point_cluster_test_0005,0.0,0.1039084792137146,0.0014320098562166095,0.0059075625613331795,0,0
P05_generic_film_sincos_Pcyc,0,point_cluster_test_0006,0.0,0.22186428308486938,0.0010854833526536822,0.005106618627905846,0,0
P05_generic_film_sincos_Pcyc,0,point_cluster_test_0007,0.0,0.10781019926071167,0.0012082959292456508,0.005303567741066217,0,0
P05_generic_film_sincos_Pcyc,0,point_cluster_test_0008,0.0,0.1175125241279602,0.001241621095687151,0.005612214095890522,0,0
P05_generic_film_sincos_Pcyc,0,point_cluster_test_0009,0.0,0.09707468748092651,0.0009668614366091788,0.0043873959220945835,0,0
P05_generic_film_sincos_Pcyc,0,point_cluster_test_0010,0.0,0.09692634642124176,0.0012922808527946472,0.005238512065261602,0,0
P05_generic_film_sincos_Pcyc,0,point_cluster_test_0011,0.0,0.16403168439865112,0.0015594459837302566,0.007416914217174053,0,0
P05_generic_film_sincos_Pcyc,0,point_cluster_test_0012,0.0,0.17559784650802612,0.0013028965331614017,0.006262465845793486,0,0
P05_generic_film_sincos_Pcyc,0,point_cluster_test_0013,0.0,0.12777695059776306,0.001956213265657425,0.007715478539466858,0,0
P05_generic_film_sincos_Pcyc,0,point_cluster_test_0014,0.0,0.12285462021827698,0.0010664641158655286,0.005215824116021395,0,0
P05_generic_film_sincos_Pcyc,0,point_cluster_test_0015,0.0,0.13019222021102905,0.0012762831756845117,0.006707268301397562,0,0
P05_generic_film_sincos_Pcyc,0,point_cluster_test_0016,0.0,0.09698756039142609,0.0013716107932850718,0.00520337326452136,0,0
P05_generic_film_sincos_Pcyc,0,point_cluster_test_0017,0.0,0.14362525939941406,0.0011248424416407943,0.00534764165058732,0,0
P05_generic_film_sincos_Pcyc,0,point_cluster_test_0018,0.0,0.17855894565582275,0.001372309634461999,0.006421713624149561,0,0
P05_generic_film_sincos_Pcyc,0,point_cluster_test_0019,0.0,0.0970725268125534,0.0009356272057630122,0.004232465289533138,0,0
P05_generic_film_sincos_Pcyc,1,line_test_0000,0.0,0.02740861475467682,6.48066052235663e-05,0.0007098203059285879,0,0
P05_generic_film_sincos_Pcyc,1,line_test_0001,0.0,0.05481891334056854,0.00023003974638413638,0.0015175796579569578,0,0
P05_generic_film_sincos_Pcyc,1,line_test_0002,0.0,0.026817068457603455,0.00018259842181578279,0.0013726454926654696,0,0
P05_generic_film_sincos_Pcyc,1,line_test_0003,0.0,0.08865195512771606,0.0002649081579875201,0.0024877593386918306,0,0
P05_generic_film_sincos_Pcyc,1,line_test_0004,0.0,0.01055828481912613,3.906679921783507e-05,0.00037775150849483907,0,0
P05_generic_film_sincos_Pcyc,1,line_test_0005,0.0,0.010811150074005127,5.817980854772031e-05,0.0005143136950209737,0,0
P05_generic_film_sincos_Pcyc,1,line_test_0006,0.0,0.10480135679244995,0.00014604923489969224,0.001979558262974024,0,0
P05_generic_film_sincos_Pcyc,1,line_test_0007,0.0,0.045734986662864685,9.255563782062382e-05,0.0008452545735053718,0,0
P05_generic_film_sincos_Pcyc,1,line_test_0008,0.0,0.011765927076339722,0.00011275698489043862,0.0007190595497377217,0,0
P05_generic_film_sincos_Pcyc,1,line_test_0009,0.0,0.048745930194854736,0.00011548233305802569,0.001065840246155858,0,0
P05_generic_film_sincos_Pcyc,1,line_test_0010,0.0,0.04720412194728851,9.494032565271482e-05,0.0010575935011729598,0,0
P05_generic_film_sincos_Pcyc,1,line_test_0011,0.0,0.2612355351448059,0.00016849800886120647,0.003442632732912898,0,0
P05_generic_film_sincos_Pcyc,1,line_test_0012,0.0,0.06600216031074524,0.00012930888624396175,0.0013423858908936381,0,0
P05_generic_film_sincos_Pcyc,1,line_test_0013,0.0,0.02216470241546631,0.0001389150129398331,0.001034357352182269,0,0
P05_generic_film_sincos_Pcyc,1,line_test_0014,0.0,0.017569780349731445,4.180998439551331e-05,0.0004297195700928569,0,0
P05_generic_film_sincos_Pcyc,1,line_test_0015,0.0,0.11780813336372375,0.00012378751125652343,0.0016014573629945517,0,0
P05_generic_film_sincos_Pcyc,1,line_test_0016,0.0,0.032116055488586426,0.00020195300749037415,0.0014985707821324468,0,0
P05_generic_film_sincos_Pcyc,1,line_test_0017,0.0,0.3975570797920227,0.000159016068209894,0.005344065837562084,0,0
P05_generic_film_sincos_Pcyc,1,line_test_0018,0.0,0.03885817527770996,9.933293767971918e-05,0.0009405112359672785,0,0
P05_generic_film_sincos_Pcyc,1,line_test_0019,0.0,0.010130763053894043,5.5100274039432406e-05,0.0004734910326078534,0,0
P05_generic_film_sincos_Pcyc,1,cross_test_0000,0.0,0.05303362011909485,0.000207912948098965,0.0016473409486934543,0,0
P05_generic_film_sincos_Pcyc,1,cross_test_0001,0.0,0.013408482074737549,0.00013669121835846454,0.0008218751754611731,0,0
P05_generic_film_sincos_Pcyc,1,cross_test_0002,0.0,0.12278428673744202,0.0001505742548033595,0.001970919780433178,0,0
P05_generic_film_sincos_Pcyc,1,cross_test_0003,0.0,0.055891454219818115,0.0002497189270798117,0.001682847854681313,0,0
P05_generic_film_sincos_Pcyc,1,cross_test_0004,0.0,0.029192112386226654,0.00019728858023881912,0.0013880013721063733,0,0
P05_generic_film_sincos_Pcyc,1,cross_test_0005,0.0,0.024544954299926758,0.00020242675964254886,0.0012553810374811292,0,0
P05_generic_film_sincos_Pcyc,1,cross_test_0006,0.0,0.022378742694854736,5.384015094023198e-05,0.0005392044549807906,0,0
P05_generic_film_sincos_Pcyc,1,cross_test_0007,0.0,0.015386462211608887,7.833652489352971e-05,0.0007139755762182176,0,0
P05_generic_film_sincos_Pcyc,1,cross_test_0008,0.0,0.09075674414634705,0.00035496961208991706,0.002606393536552787,0,0
P05_generic_film_sincos_Pcyc,1,cross_test_0009,0.0,0.05037426948547363,9.95229565887712e-05,0.0009994819993153214,0,0
P05_generic_film_sincos_Pcyc,1,cross_test_0010,0.0,0.026492953300476074,0.00013663832214660943,0.001147804083302617,0,0
P05_generic_film_sincos_Pcyc,1,cross_test_0011,0.0,0.10708564519882202,0.0005229716189205647,0.00361569388769567,0,0
P05_generic_film_sincos_Pcyc,1,cross_test_0012,0.0,0.02359187602996826,0.000144741396070458,0.0010604645358398557,0,0
P05_generic_film_sincos_Pcyc,1,cross_test_0013,0.0,0.1074945330619812,0.00023786761448718607,0.0018385545117780566,0,0
P05_generic_film_sincos_Pcyc,1,cross_test_0014,0.0,0.019358351826667786,9.180288179777563e-05,0.0007466080132871866,0,0
P05_generic_film_sincos_Pcyc,1,L_shape_test_0000,0.0,0.06962147355079651,0.000373414542991668,0.002384801395237446,0,0
P05_generic_film_sincos_Pcyc,1,L_shape_test_0001,0.0,0.013321947306394577,6.411260255845264e-05,0.0004996987408958375,0,0
P05_generic_film_sincos_Pcyc,1,L_shape_test_0002,0.0,0.04963299632072449,0.00027137089637108147,0.0018334666965529323,0,0
P05_generic_film_sincos_Pcyc,1,L_shape_test_0003,0.0,0.06028324365615845,0.00016194541240110993,0.0012483897153288126,0,0
P05_generic_film_sincos_Pcyc,1,L_shape_test_0004,0.0,0.018182218074798584,0.00016292148211505264,0.0009455417166464031,0,0
P05_generic_film_sincos_Pcyc,1,L_shape_test_0005,0.0,0.15407943725585938,0.00020245893392711878,0.002086187247186899,0,0
P05_generic_film_sincos_Pcyc,1,L_shape_test_0006,0.0,0.0216141939163208,7.409828685922548e-05,0.0006188853294588625,0,0
P05_generic_film_sincos_Pcyc,1,L_shape_test_0007,0.0,0.044495709240436554,0.00020599045092239976,0.0015403705183416605,0,0
P05_generic_film_sincos_Pcyc,1,L_shape_test_0008,0.0,0.022746890783309937,7.68911704653874e-05,0.000644353567622602,0,0
P05_generic_film_sincos_Pcyc,1,L_shape_test_0009,0.0,0.04287981986999512,0.00018334177730139345,0.001178228878416121,0,0
P05_generic_film_sincos_Pcyc,1,L_shape_test_0010,0.0,0.031203776597976685,0.0001339294103672728,0.0011167231714352965,0,0
P05_generic_film_sincos_Pcyc,1,L_shape_test_0011,0.0,0.014372676610946655,4.497746340348385e-05,0.00039393638144247234,0,0
P05_generic_film_sincos_Pcyc,1,L_shape_test_0012,0.0,0.04063679277896881,0.00014409993309527636,0.0011258459417149425,0,0
P05_generic_film_sincos_Pcyc,1,L_shape_test_0013,0.0,0.021709159016609192,0.00014572014333680272,0.0009609604603610933,0,0
P05_generic_film_sincos_Pcyc,1,L_shape_test_0014,0.0,0.016407229006290436,0.00010101497173309326,0.0008319131447933614,0,0
P05_generic_film_sincos_Pcyc,1,L_shape_test_0015,0.0,0.0296802818775177,0.0001855631999205798,0.0011529854964464903,0,0
P05_generic_film_sincos_Pcyc,1,L_shape_test_0016,0.0,0.05543521046638489,0.00014585352619178593,0.001095825107768178,0,0
P05_generic_film_sincos_Pcyc,1,L_shape_test_0017,0.0,0.027363821864128113,0.00021333919721655548,0.0013940262142568827,0,0
P05_generic_film_sincos_Pcyc,1,L_shape_test_0018,0.0,0.018785834312438965,0.0001340841845376417,0.0009128826786763966,0,0
P05_generic_film_sincos_Pcyc,1,L_shape_test_0019,0.0,0.05107966065406799,0.00010934258170891553,0.0010300690773874521,0,0
P05_generic_film_sincos_Pcyc,1,double_line_test_0000,0.0,0.1518598198890686,0.00010642331471899524,0.0016269508050754666,0,0
P05_generic_film_sincos_Pcyc,1,double_line_test_0001,0.0,0.1246982216835022,0.0004946899134665728,0.0035222244914621115,0,0
P05_generic_film_sincos_Pcyc,1,double_line_test_0002,0.0,0.1156427264213562,9.203390072798356e-05,0.001729858573526144,0,0
P05_generic_film_sincos_Pcyc,1,double_line_test_0003,0.0,0.014905378222465515,0.0001289767533307895,0.0006980038015171885,0,0
P05_generic_film_sincos_Pcyc,1,double_line_test_0004,0.0,0.0357985645532608,0.000278689170954749,0.0018226406536996365,0,0
P05_generic_film_sincos_Pcyc,1,double_line_test_0005,0.0,0.37365710735321045,0.0001474868186051026,0.003984983544796705,0,0
P05_generic_film_sincos_Pcyc,1,double_line_test_0006,0.0,0.10386139154434204,0.00038662509177811444,0.0028839819133281708,0,0
P05_generic_film_sincos_Pcyc,1,double_line_test_0007,0.0,0.0353451743721962,0.00013146981655154377,0.0009743294795043766,0,0
P05_generic_film_sincos_Pcyc,1,double_line_test_0008,0.0,0.052730411291122437,0.0001734512043185532,0.0013598673976957798,0,0
P05_generic_film_sincos_Pcyc,1,double_line_test_0009,0.0,0.012480050325393677,9.060993761522695e-05,0.0006608138210140169,0,0
P05_generic_film_sincos_Pcyc,1,double_line_test_0010,0.0,0.03691156208515167,0.00021091436792630702,0.0012085550697520375,0,0
P05_generic_film_sincos_Pcyc,1,double_line_test_0011,0.0,0.009406059980392456,7.683229341637343e-05,0.0005041655385866761,0,0
P05_generic_film_sincos_Pcyc,1,double_line_test_0012,0.0,0.011338353157043457,3.989194374298677e-05,0.00041862891521304846,0,0
P05_generic_film_sincos_Pcyc,1,double_line_test_0013,0.0,0.021211400628089905,0.00015536340652033687,0.0008689075475558639,0,0
P05_generic_film_sincos_Pcyc,1,double_line_test_0014,0.0,0.2112787663936615,0.0003569272521417588,0.0028454135172069073,0,0
P05_generic_film_sincos_Pcyc,1,small_rect_edge_test_0000,0.0,0.2630106210708618,0.00013936639879830182,0.002855710918083787,0,0
P05_generic_film_sincos_Pcyc,1,small_rect_edge_test_0001,0.0,0.07322974503040314,0.00012171905109426007,0.0011667065555229783,0,0
P05_generic_film_sincos_Pcyc,1,small_rect_edge_test_0002,0.0,0.3370906710624695,0.00016720750136300921,0.004051958676427603,0,0
P05_generic_film_sincos_Pcyc,1,small_rect_edge_test_0003,0.0,0.016196727752685547,9.689967555459589e-05,0.0007322377641685307,0,0
P05_generic_film_sincos_Pcyc,1,small_rect_edge_test_0004,0.0,0.07463100552558899,0.0004155332571826875,0.0030236130114644766,0,0
P05_generic_film_sincos_Pcyc,1,small_rect_edge_test_0005,0.0,0.07550972700119019,0.0002869708405341953,0.0022185402922332287,0,0
P05_generic_film_sincos_Pcyc,1,small_rect_edge_test_0006,0.0,0.02746637910604477,0.00010377750004408881,0.0007442674250341952,0,0
P05_generic_film_sincos_Pcyc,1,small_rect_edge_test_0007,0.0,0.11260777711868286,0.00010497976472834125,0.001381246722303331,0,0
P05_generic_film_sincos_Pcyc,1,small_rect_edge_test_0008,0.0,0.09553855657577515,0.0004365839122328907,0.003247170941904187,0,0
P05_generic_film_sincos_Pcyc,1,small_rect_edge_test_0009,0.0,0.02400994300842285,0.00010189897147938609,0.0007931092986837029,0,0
P05_generic_film_sincos_Pcyc,1,point_cluster_test_0000,0.0,0.042465850710868835,0.00011953685316257179,0.0009297521901316941,0,0
P05_generic_film_sincos_Pcyc,1,point_cluster_test_0001,0.0,0.060911357402801514,0.0002789233112707734,0.0020022045355290174,0,0
P05_generic_film_sincos_Pcyc,1,point_cluster_test_0002,0.0,0.11934524774551392,0.00014160119462758303,0.001715220627374947,0,0
P05_generic_film_sincos_Pcyc,1,point_cluster_test_0003,0.0,0.048914164304733276,8.112611976685002e-05,0.000913458876311779,0,0
P05_generic_film_sincos_Pcyc,1,point_cluster_test_0004,0.0,0.05149689316749573,0.0003101024776697159,0.002288483316078782,0,0
P05_generic_film_sincos_Pcyc,1,point_cluster_test_0005,0.0,0.13923227787017822,0.00029289349913597107,0.00247218762524426,0,0
P05_generic_film_sincos_Pcyc,1,point_cluster_test_0006,0.0,0.22720199823379517,0.00012793013593181968,0.00219551264308393,0,0
P05_generic_film_sincos_Pcyc,1,point_cluster_test_0007,0.0,0.05039328336715698,0.00012283529213164002,0.0011547977337613702,0,0
P05_generic_film_sincos_Pcyc,1,point_cluster_test_0008,0.0,0.06218588352203369,0.00011893314513145015,0.0011639009462669492,0,0
P05_generic_film_sincos_Pcyc,1,point_cluster_test_0009,0.0,0.025413721799850464,9.081498865270987e-05,0.0008996119722723961,0,0
P05_generic_film_sincos_Pcyc,1,point_cluster_test_0010,0.0,0.020874354988336563,0.00018090609228238463,0.0010919342748820782,0,0
P05_generic_film_sincos_Pcyc,1,point_cluster_test_0011,0.0,0.030822962522506714,0.00013783638132736087,0.0011130179045721889,0,0
P05_generic_film_sincos_Pcyc,1,point_cluster_test_0012,0.0,0.07138705253601074,0.0001848320389399305,0.001611347310245037,0,0
P05_generic_film_sincos_Pcyc,1,point_cluster_test_0013,0.0,0.06573879718780518,0.0005461323307827115,0.00330741167999804,0,0
P05_generic_film_sincos_Pcyc,1,point_cluster_test_0014,0.0,0.0443570613861084,0.00011976702808169648,0.0012544079218059778,0,0
P05_generic_film_sincos_Pcyc,1,point_cluster_test_0015,0.0,0.06588852405548096,0.00023940678511280566,0.002155005931854248,0,0
P05_generic_film_sincos_Pcyc,1,point_cluster_test_0016,0.0,0.032444730401039124,0.00021305267000570893,0.001255354261957109,0,0
P05_generic_film_sincos_Pcyc,1,point_cluster_test_0017,0.0,0.1593061089515686,0.00014889099111314863,0.001980819273740053,0,0
P05_generic_film_sincos_Pcyc,1,point_cluster_test_0018,0.0,0.14007568359375,0.00017870137526188046,0.002024059882387519,0,0
P05_generic_film_sincos_Pcyc,1,point_cluster_test_0019,0.0,0.01364976167678833,5.173615863895975e-05,0.0005164711619727314,0,0
P05_generic_film_sincos_Pcyc,2,line_test_0000,0.0,0.03632962703704834,0.0001862268545664847,0.0011873369803652167,0,0
P05_generic_film_sincos_Pcyc,2,line_test_0001,0.0,0.04708731174468994,0.0004932212177664042,0.002133410656824708,0,0
P05_generic_film_sincos_Pcyc,2,line_test_0002,0.0,0.0427173376083374,0.0003854563401546329,0.0020397694315761328,0,0
P05_generic_film_sincos_Pcyc,2,line_test_0003,0.0,0.10596233606338501,0.000556801212951541,0.0033989164512604475,0,0
P05_generic_film_sincos_Pcyc,2,line_test_0004,0.0,0.10737591981887817,0.00014929421013221145,0.0013586549321189523,0,0
P05_generic_film_sincos_Pcyc,2,line_test_0005,0.0,0.020655512809753418,0.00023823617084417492,0.0012517297873273492,0,0
P05_generic_film_sincos_Pcyc,2,line_test_0006,0.0,0.09123897552490234,0.00034217661595903337,0.002603938803076744,0,0
P05_generic_film_sincos_Pcyc,2,line_test_0007,0.0,0.03282982110977173,0.00031273768399842083,0.0014310714323073626,0,0
P05_generic_film_sincos_Pcyc,2,line_test_0008,0.0,0.01958969235420227,0.0003576738527044654,0.0014731168048456311,0,0
P05_generic_film_sincos_Pcyc,2,line_test_0009,0.0,0.028322309255599976,0.0002716133021749556,0.0015100908931344748,0,0
P05_generic_film_sincos_Pcyc,2,line_test_0010,0.0,0.08065074682235718,0.0002436674985801801,0.0016461176564916968,0,0
P05_generic_film_sincos_Pcyc,2,line_test_0011,0.0,0.2052404284477234,0.000248924974584952,0.0028005209751427174,0,0
P05_generic_film_sincos_Pcyc,2,line_test_0012,0.0,0.06566941738128662,0.0003105720388703048,0.0018940585432574153,0,0
P05_generic_film_sincos_Pcyc,2,line_test_0013,0.0,0.035254478454589844,0.00035393922007642686,0.0017388423439115286,0,0
P05_generic_film_sincos_Pcyc,2,line_test_0014,0.0,0.04617500305175781,0.0001358808221993968,0.0009004564490169287,0,0
P05_generic_film_sincos_Pcyc,2,line_test_0015,0.0,0.0693589448928833,0.00027448864420875907,0.00185490888543427,0,0
P05_generic_film_sincos_Pcyc,2,line_test_0016,0.0,0.06820470094680786,0.00041327395592816174,0.0021649268455803394,0,0
P05_generic_film_sincos_Pcyc,2,line_test_0017,0.0,0.217839777469635,0.00020275742281228304,0.0028045240323990583,0,0
P05_generic_film_sincos_Pcyc,2,line_test_0018,0.0,0.03523832559585571,0.000288069189991802,0.0015769876772537827,0,0
P05_generic_film_sincos_Pcyc,2,line_test_0019,0.0,0.01937037706375122,0.0003191992291249335,0.0015448806807398796,0,0
P05_generic_film_sincos_Pcyc,2,cross_test_0000,0.0,0.04253166913986206,0.0004555547784548253,0.00230002892203629,0,0
P05_generic_film_sincos_Pcyc,2,cross_test_0001,0.0,0.05329781770706177,0.0003807011235039681,0.0016756976256147027,0,0
P05_generic_film_sincos_Pcyc,2,cross_test_0002,0.0,0.05517399311065674,0.0002706416416913271,0.0015459377318620682,0,0
P05_generic_film_sincos_Pcyc,2,cross_test_0003,0.0,0.10563582181930542,0.00047200184781104326,0.0026467677671462297,0,0
P05_generic_film_sincos_Pcyc,2,cross_test_0004,0.0,0.03285956382751465,0.00041271510417573154,0.002158424351364374,0,0
P05_generic_film_sincos_Pcyc,2,cross_test_0005,0.0,0.07587110996246338,0.0005227624205872416,0.0022643497213721275,0,0
P05_generic_film_sincos_Pcyc,2,cross_test_0006,0.0,0.019839823246002197,0.00018977632862515748,0.0010916634928435087,0,0
P05_generic_film_sincos_Pcyc,2,cross_test_0007,0.0,0.02189815044403076,0.00021589298557955772,0.0012628294061869383,0,0
P05_generic_film_sincos_Pcyc,2,cross_test_0008,0.0,0.04987230896949768,0.0005615886766463518,0.002940788399428129,0,0
P05_generic_film_sincos_Pcyc,2,cross_test_0009,0.0,0.10088866949081421,0.00024292424495797604,0.00168533343821764,0,0
P05_generic_film_sincos_Pcyc,2,cross_test_0010,0.0,0.03651431202888489,0.00037473408156074584,0.0019464502111077309,0,0
P05_generic_film_sincos_Pcyc,2,cross_test_0011,0.0,0.06330180168151855,0.000652404734864831,0.0033156040590256453,0,0
P05_generic_film_sincos_Pcyc,2,cross_test_0012,0.0,0.03755432367324829,0.0003390921337995678,0.0019427083898335695,0,0
P05_generic_film_sincos_Pcyc,2,cross_test_0013,0.0,0.07922935485839844,0.00045349530410021544,0.0020868333522230387,0,0
P05_generic_film_sincos_Pcyc,2,cross_test_0014,0.0,0.020410239696502686,0.00024703709641471505,0.001302906428463757,0,0
P05_generic_film_sincos_Pcyc,2,L_shape_test_0000,0.0,0.05535316467285156,0.0005995313986204565,0.0025305014569312334,0,0
P05_generic_film_sincos_Pcyc,2,L_shape_test_0001,0.0,0.022931396961212158,0.00028946049860678613,0.001424205838702619,0,0
P05_generic_film_sincos_Pcyc,2,L_shape_test_0002,0.0,0.05024904012680054,0.0006242605741135776,0.0026287438813596964,0,0
P05_generic_film_sincos_Pcyc,2,L_shape_test_0003,0.0,0.07318252325057983,0.0003933021507691592,0.0018606677185744047,0,0
P05_generic_film_sincos_Pcyc,2,L_shape_test_0004,0.0,0.03654295206069946,0.00047227871255017817,0.00178729637991637,0,0
P05_generic_film_sincos_Pcyc,2,L_shape_test_0005,0.0,0.0903969407081604,0.0004251260543242097,0.002089213114231825,0,0
P05_generic_film_sincos_Pcyc,2,L_shape_test_0006,0.0,0.044040679931640625,0.0002104118320858106,0.0011472203768789768,0,0
P05_generic_film_sincos_Pcyc,2,L_shape_test_0007,0.0,0.03120829164981842,0.00036624728818424046,0.0015888492343947291,0,0
P05_generic_film_sincos_Pcyc,2,L_shape_test_0008,0.0,0.03751933574676514,0.0003207471454516053,0.0015594998840242624,0,0
P05_generic_film_sincos_Pcyc,2,L_shape_test_0009,0.0,0.10642188787460327,0.0006804846925660968,0.002739125629886985,0,0
P05_generic_film_sincos_Pcyc,2,L_shape_test_0010,0.0,0.08495032787322998,0.00030305064865387976,0.0017073419876396656,0,0
P05_generic_film_sincos_Pcyc,2,L_shape_test_0011,0.0,0.06019693613052368,0.00017629181093070656,0.0010432313429191709,0,0
P05_generic_film_sincos_Pcyc,2,L_shape_test_0012,0.0,0.05566143989562988,0.00031526130624115467,0.0016446361551061273,0,0
P05_generic_film_sincos_Pcyc,2,L_shape_test_0013,0.0,0.02678811550140381,0.00031818595016375184,0.001319197122938931,0,0
P05_generic_film_sincos_Pcyc,2,L_shape_test_0014,0.0,0.023265689611434937,0.00024470992502756417,0.0012729907175526023,0,0
P05_generic_film_sincos_Pcyc,2,L_shape_test_0015,0.0,0.06309401988983154,0.0004240463313180953,0.001679405802860856,0,0
P05_generic_film_sincos_Pcyc,2,L_shape_test_0016,0.0,0.03598320484161377,0.00032274131081067026,0.0014625431504100561,0,0
P05_generic_film_sincos_Pcyc,2,L_shape_test_0017,0.0,0.04500240087509155,0.0004530111327767372,0.001944858580827713,0,0
P05_generic_film_sincos_Pcyc,2,L_shape_test_0018,0.0,0.03593522310256958,0.00034055489231832325,0.001526638981886208,0,0
P05_generic_film_sincos_Pcyc,2,L_shape_test_0019,0.0,0.06659908592700958,0.00033191978582181036,0.0018226001411676407,0,0
P05_generic_film_sincos_Pcyc,2,double_line_test_0000,0.0,0.13446515798568726,0.00025794014800339937,0.001957810716703534,0,0
P05_generic_film_sincos_Pcyc,2,double_line_test_0001,0.0,0.09756290912628174,0.0006015013786964118,0.0033235615119338036,0,0
P05_generic_film_sincos_Pcyc,2,double_line_test_0002,0.0,0.20718729496002197,0.00023108300229068846,0.0027770530432462692,0,0
P05_generic_film_sincos_Pcyc,2,double_line_test_0003,0.0,0.05121612548828125,0.00043711383477784693,0.0016596951754763722,0,0
P05_generic_film_sincos_Pcyc,2,double_line_test_0004,0.0,0.049609363079071045,0.0004209381004329771,0.0020272417459636927,0,0
P05_generic_film_sincos_Pcyc,2,double_line_test_0005,0.0,0.23299217224121094,0.00027817743830382824,0.0027154325507581234,0,0
P05_generic_film_sincos_Pcyc,2,double_line_test_0006,0.0,0.12025183439254761,0.0006850307108834386,0.00372808868996799,0,0
P05_generic_film_sincos_Pcyc,2,double_line_test_0007,0.0,0.03189682960510254,0.0004437557654455304,0.0019266322487965226,0,0
P05_generic_film_sincos_Pcyc,2,double_line_test_0008,0.0,0.040580034255981445,0.0005759760388173163,0.0023039544466882944,0,0
P05_generic_film_sincos_Pcyc,2,double_line_test_0009,0.0,0.025628209114074707,0.00033539277501404285,0.0014280038885772228,0,0
P05_generic_film_sincos_Pcyc,2,double_line_test_0010,0.0,0.034190237522125244,0.0004462938813958317,0.001747746835462749,0,0
P05_generic_film_sincos_Pcyc,2,double_line_test_0011,0.0,0.01400899887084961,0.0002354751486564055,0.0009427432087250054,0,0
P05_generic_film_sincos_Pcyc,2,double_line_test_0012,0.0,0.023900151252746582,0.00025587010895833373,0.0013862613122910261,0,0
P05_generic_film_sincos_Pcyc,2,double_line_test_0013,0.0,0.018133819103240967,0.0005102611030451953,0.0016594462795183063,0,0
P05_generic_film_sincos_Pcyc,2,double_line_test_0014,0.0,0.10581153631210327,0.0006186001119203866,0.0028966600075364113,0,0
P05_generic_film_sincos_Pcyc,2,small_rect_edge_test_0000,0.0,0.14288437366485596,0.00022386980708688498,0.002309216186404228,0,0
P05_generic_film_sincos_Pcyc,2,small_rect_edge_test_0001,0.0,0.05963486433029175,0.00035809079417958856,0.0019051040289923549,0,0
P05_generic_film_sincos_Pcyc,2,small_rect_edge_test_0002,0.0,0.16179579496383667,0.0003374511143192649,0.0028697866946458817,0,0
P05_generic_film_sincos_Pcyc,2,small_rect_edge_test_0003,0.0,0.04736506938934326,0.0004347400099504739,0.0018379447283223271,0,0
P05_generic_film_sincos_Pcyc,2,small_rect_edge_test_0004,0.0,0.12492334842681885,0.0006035680416971445,0.003349261125549674,0,0
P05_generic_film_sincos_Pcyc,2,small_rect_edge_test_0005,0.0,0.13877588510513306,0.00041781808249652386,0.002660860773175955,0,0
P05_generic_film_sincos_Pcyc,2,small_rect_edge_test_0006,0.0,0.019735008478164673,0.00031832605600357056,0.0013940195785835385,0,0
P05_generic_film_sincos_Pcyc,2,small_rect_edge_test_0007,0.0,0.14506381750106812,0.00026359548792243004,0.002464085118845105,0,0
P05_generic_film_sincos_Pcyc,2,small_rect_edge_test_0008,0.0,0.1696208119392395,0.0006769414176233113,0.004132565576583147,0,0
P05_generic_film_sincos_Pcyc,2,small_rect_edge_test_0009,0.0,0.06943416595458984,0.0002893850614782423,0.0016335360705852509,0,0
P05_generic_film_sincos_Pcyc,2,point_cluster_test_0000,0.0,0.030734658241271973,0.0003292920009698719,0.0016168286092579365,0,0
P05_generic_film_sincos_Pcyc,2,point_cluster_test_0001,0.0,0.1555042862892151,0.0004145718412473798,0.002711197128519416,0,0
P05_generic_film_sincos_Pcyc,2,point_cluster_test_0002,0.0,0.04075944423675537,0.0002828710130415857,0.001543276710435748,0,0
P05_generic_film_sincos_Pcyc,2,point_cluster_test_0003,0.0,0.051773130893707275,0.00028242258122190833,0.0018023723969236016,0,0
P05_generic_film_sincos_Pcyc,2,point_cluster_test_0004,0.0,0.04064255952835083,0.00047878583427518606,0.002523379633203149,0,0
P05_generic_film_sincos_Pcyc,2,point_cluster_test_0005,0.0,0.09520965814590454,0.0004244539886713028,0.00238726451061666,0,0
P05_generic_film_sincos_Pcyc,2,point_cluster_test_0006,0.0,0.2261521816253662,0.00034650153247639537,0.0032355033326894045,0,0
P05_generic_film_sincos_Pcyc,2,point_cluster_test_0007,0.0,0.05815887451171875,0.0003705891140270978,0.002087994944304228,0,0
P05_generic_film_sincos_Pcyc,2,point_cluster_test_0008,0.0,0.04062873125076294,0.00032591287163086236,0.0018254882888868451,0,0
P05_generic_film_sincos_Pcyc,2,point_cluster_test_0009,0.0,0.04958665370941162,0.00021503109019249678,0.0014817331684753299,0,0
P05_generic_film_sincos_Pcyc,2,point_cluster_test_0010,0.0,0.06477886438369751,0.0003785370208788663,0.001870240201242268,0,0
P05_generic_film_sincos_Pcyc,2,point_cluster_test_0011,0.0,0.07915091514587402,0.0004349216178525239,0.0024135690182447433,0,0
P05_generic_film_sincos_Pcyc,2,point_cluster_test_0012,0.0,0.16041356325149536,0.00032523920526728034,0.0026205647736787796,0,0
P05_generic_film_sincos_Pcyc,2,point_cluster_test_0013,0.0,0.07975012063980103,0.0007334370748139918,0.003683593589812517,0,0
P05_generic_film_sincos_Pcyc,2,point_cluster_test_0014,0.0,0.03366446495056152,0.00022961841023061424,0.001537134638056159,0,0
P05_generic_film_sincos_Pcyc,2,point_cluster_test_0015,0.0,0.12733131647109985,0.00033875874942168593,0.00246820948086679,0,0
P05_generic_film_sincos_Pcyc,2,point_cluster_test_0016,0.0,0.028874456882476807,0.00040113984141498804,0.001670875120908022,0,0
P05_generic_film_sincos_Pcyc,2,point_cluster_test_0017,0.0,0.11282825469970703,0.000283132481854409,0.0022480248007923365,0,0
P05_generic_film_sincos_Pcyc,2,point_cluster_test_0018,0.0,0.06833004951477051,0.00039807267603464425,0.0023913071490824223,0,0
P05_generic_film_sincos_Pcyc,2,point_cluster_test_0019,0.0,0.03617027401924133,0.0002531547215767205,0.0014471599133685231,0,0
P06_concat_scalar_plus_sincos_Pcyc,0,line_test_0000,0.0,0.039648208767175674,0.000331922376062721,0.0012627089163288474,0,0
P06_concat_scalar_plus_sincos_Pcyc,0,line_test_0001,0.0,0.04272936284542084,0.0005611146916635334,0.002163821132853627,0,0
P06_concat_scalar_plus_sincos_Pcyc,0,line_test_0002,0.0,0.05408170819282532,0.0005124814924784005,0.002389567205682397,0,0
P06_concat_scalar_plus_sincos_Pcyc,0,line_test_0003,0.0,0.06512147188186646,0.000587150570936501,0.003039209870621562,0,0
P06_concat_scalar_plus_sincos_Pcyc,0,line_test_0004,0.0,0.02294565737247467,0.00031596675398759544,0.0010420922189950943,0,0
P06_concat_scalar_plus_sincos_Pcyc,0,line_test_0005,0.0,0.021354064345359802,0.0003021079464815557,0.000902472180314362,0,0
P06_concat_scalar_plus_sincos_Pcyc,0,line_test_0006,0.0,0.061855971813201904,0.00041608058381825686,0.00215276051312685,0,0
P06_concat_scalar_plus_sincos_Pcyc,0,line_test_0007,0.0,0.025479406118392944,0.0003985776274930686,0.0013100721407681704,0,0
P06_concat_scalar_plus_sincos_Pcyc,0,line_test_0008,0.0,0.018598586320877075,0.00034489110112190247,0.0010500559583306313,0,0
P06_concat_scalar_plus_sincos_Pcyc,0,line_test_0009,0.0,0.059375643730163574,0.0004192319174762815,0.0017929654568433762,0,0
P06_concat_scalar_plus_sincos_Pcyc,0,line_test_0010,0.0,0.045628637075424194,0.00036498712142929435,0.0015835543163120747,0,0
P06_concat_scalar_plus_sincos_Pcyc,0,line_test_0011,0.0,0.11001855134963989,0.0003680584777612239,0.0016332679660990834,0,0
P06_concat_scalar_plus_sincos_Pcyc,0,line_test_0012,0.0,0.03939872980117798,0.0003886700433213264,0.001638077083043754,0,0
P06_concat_scalar_plus_sincos_Pcyc,0,line_test_0013,0.0,0.08653837442398071,0.0004701333527918905,0.0022399714216589928,0,0
P06_concat_scalar_plus_sincos_Pcyc,0,line_test_0014,0.0,0.015401899814605713,0.00024479744024574757,0.000607547874096781,0,0
P06_concat_scalar_plus_sincos_Pcyc,0,line_test_0015,0.0,0.058728888630867004,0.0003918752772733569,0.0021390311885625124,0,0
P06_concat_scalar_plus_sincos_Pcyc,0,line_test_0016,0.0,0.03297983855009079,0.00045136859989725053,0.001735130907036364,0,0
P06_concat_scalar_plus_sincos_Pcyc,0,line_test_0017,0.0,0.09541589021682739,0.00030079277348704636,0.0013990895822644234,0,0
P06_concat_scalar_plus_sincos_Pcyc,0,line_test_0018,0.0,0.03510838747024536,0.00035436899634078145,0.0013515311293303967,0,0
P06_concat_scalar_plus_sincos_Pcyc,0,line_test_0019,0.0,0.028049588203430176,0.00031237772782333195,0.0009233490563929081,0,0
P06_concat_scalar_plus_sincos_Pcyc,0,cross_test_0000,0.0,0.04355683922767639,0.00045182948815636337,0.001900550676509738,0,0
P06_concat_scalar_plus_sincos_Pcyc,0,cross_test_0001,0.0,0.024571508169174194,0.00041444486123509705,0.0014389368006959558,0,0
P06_concat_scalar_plus_sincos_Pcyc,0,cross_test_0002,0.0,0.04588580131530762,0.00036584664485417306,0.0013120793737471104,0,0
P06_concat_scalar_plus_sincos_Pcyc,0,cross_test_0003,0.0,0.08089292049407959,0.0007792070973664522,0.0037904009222984314,0,0
P06_concat_scalar_plus_sincos_Pcyc,0,cross_test_0004,0.0,0.04875039681792259,0.000562791246920824,0.002601723885163665,0,0
P06_concat_scalar_plus_sincos_Pcyc,0,cross_test_0005,0.0,0.031314194202423096,0.0005438727093860507,0.0020743892528116703,0,0
P06_concat_scalar_plus_sincos_Pcyc,0,cross_test_0006,0.0,0.027698218822479248,0.00030882054124958813,0.0010365329217165709,0,0
P06_concat_scalar_plus_sincos_Pcyc,0,cross_test_0007,0.0,0.035688817501068115,0.00036435553920455277,0.0014534734655171633,0,0
P06_concat_scalar_plus_sincos_Pcyc,0,cross_test_0008,0.0,0.0792618989944458,0.000703759491443634,0.0035654644016176462,0,0
P06_concat_scalar_plus_sincos_Pcyc,0,cross_test_0009,0.0,0.03234843909740448,0.0003226896224077791,0.0011976546375080943,0,0
P06_concat_scalar_plus_sincos_Pcyc,0,cross_test_0010,0.0,0.04991614818572998,0.0003869868232868612,0.0015631825663149357,0,0
P06_concat_scalar_plus_sincos_Pcyc,0,cross_test_0011,0.0,0.06513208150863647,0.0008025206043384969,0.003821072168648243,0,0
P06_concat_scalar_plus_sincos_Pcyc,0,cross_test_0012,0.0,0.028367474675178528,0.000446584599558264,0.0017126057064160705,0,0
P06_concat_scalar_plus_sincos_Pcyc,0,cross_test_0013,0.0,0.0428747832775116,0.0004606209695339203,0.0017026086570695043,0,0
P06_concat_scalar_plus_sincos_Pcyc,0,cross_test_0014,0.0,0.03503727912902832,0.0003233787138015032,0.001093023456633091,0,0
P06_concat_scalar_plus_sincos_Pcyc,0,L_shape_test_0000,0.0,0.05994975566864014,0.0006700606318190694,0.00276452605612576,0,0
P06_concat_scalar_plus_sincos_Pcyc,0,L_shape_test_0001,0.0,0.017657265067100525,0.00035040450165979564,0.0010781860910356045,0,0
P06_concat_scalar_plus_sincos_Pcyc,0,L_shape_test_0002,0.0,0.04319274425506592,0.0005762301734648645,0.002280463231727481,0,0
P06_concat_scalar_plus_sincos_Pcyc,0,L_shape_test_0003,0.0,0.034124746918678284,0.00043546847882680595,0.0016460169572383165,0,0
P06_concat_scalar_plus_sincos_Pcyc,0,L_shape_test_0004,0.0,0.026947569102048874,0.0004949338617734611,0.0015564067289233208,0,0
P06_concat_scalar_plus_sincos_Pcyc,0,L_shape_test_0005,0.0,0.05230936408042908,0.00044585191062651575,0.0016698879189789295,0,0
P06_concat_scalar_plus_sincos_Pcyc,0,L_shape_test_0006,0.0,0.044297635555267334,0.00031825885525904596,0.0009805388981476426,0,0
P06_concat_scalar_plus_sincos_Pcyc,0,L_shape_test_0007,0.0,0.027126088738441467,0.00047849214752204716,0.0016076478641480207,0,0
P06_concat_scalar_plus_sincos_Pcyc,0,L_shape_test_0008,0.0,0.023531459271907806,0.00033536404953338206,0.0010602647671476007,0,0
P06_concat_scalar_plus_sincos_Pcyc,0,L_shape_test_0009,0.0,0.03850585222244263,0.00047022741637192667,0.0015620785998180509,0,0
P06_concat_scalar_plus_sincos_Pcyc,0,L_shape_test_0010,0.0,0.08766716718673706,0.0005603220779448748,0.00284061417914927,0,0
P06_concat_scalar_plus_sincos_Pcyc,0,L_shape_test_0011,0.0,0.015032485127449036,0.00026928444276563823,0.000672497320920229,0,0
P06_concat_scalar_plus_sincos_Pcyc,0,L_shape_test_0012,0.0,0.0420854277908802,0.0005152092780917883,0.0019186324207112193,0,0
P06_concat_scalar_plus_sincos_Pcyc,0,L_shape_test_0013,0.0,0.026162192225456238,0.00048144959146156907,0.0015345035353675485,0,0
P06_concat_scalar_plus_sincos_Pcyc,0,L_shape_test_0014,0.0,0.02883179485797882,0.0003539381141308695,0.00131197739392519,0,0
P06_concat_scalar_plus_sincos_Pcyc,0,L_shape_test_0015,0.0,0.052616000175476074,0.0004268760094419122,0.0013490471756085753,0,0
P06_concat_scalar_plus_sincos_Pcyc,0,L_shape_test_0016,0.0,0.03369723632931709,0.0004894454614259303,0.0017897139769047499,0,0
P06_concat_scalar_plus_sincos_Pcyc,0,L_shape_test_0017,0.0,0.022788360714912415,0.00047868784167803824,0.0015784968854859471,0,0
P06_concat_scalar_plus_sincos_Pcyc,0,L_shape_test_0018,0.0,0.05559128522872925,0.0004388379165902734,0.0015658308984711766,0,0
P06_concat_scalar_plus_sincos_Pcyc,0,L_shape_test_0019,0.0,0.04373171180486679,0.00043361459393054247,0.0017782793147489429,0,0
P06_concat_scalar_plus_sincos_Pcyc,0,double_line_test_0000,0.0,0.03356283903121948,0.00032459746580570936,0.0010794311529025435,0,0
P06_concat_scalar_plus_sincos_Pcyc,0,double_line_test_0001,0.0,0.1167026162147522,0.0008901938563212752,0.004686766769737005,0,0
P06_concat_scalar_plus_sincos_Pcyc,0,double_line_test_0002,0.0,0.09529894590377808,0.0002828636788763106,0.0013214257778599858,0,0
P06_concat_scalar_plus_sincos_Pcyc,0,double_line_test_0003,0.0,0.023847520351409912,0.000410287466365844,0.0011550396448001266,0,0
P06_concat_scalar_plus_sincos_Pcyc,0,double_line_test_0004,0.0,0.045854680240154266,0.0006553817656822503,0.002659892663359642,0,0
P06_concat_scalar_plus_sincos_Pcyc,0,double_line_test_0005,0.0,0.10748004913330078,0.0003535405558068305,0.001479212543927133,0,0
P06_concat_scalar_plus_sincos_Pcyc,0,double_line_test_0006,0.0,0.059032753109931946,0.0008094352087937295,0.0033011147752404213,0,0
P06_concat_scalar_plus_sincos_Pcyc,0,double_line_test_0007,0.0,0.03221917152404785,0.00039201381150633097,0.0012892213417217135,0,0
P06_concat_scalar_plus_sincos_Pcyc,0,double_line_test_0008,0.0,0.05646038055419922,0.00047792948316782713,0.001708577387034893,0,0
P06_concat_scalar_plus_sincos_Pcyc,0,double_line_test_0009,0.0,0.020440250635147095,0.00036849026218988,0.0011295811273157597,0,0
P06_concat_scalar_plus_sincos_Pcyc,0,double_line_test_0010,0.0,0.02306489460170269,0.0004982254467904568,0.0015157924499362707,0,0
P06_concat_scalar_plus_sincos_Pcyc,0,double_line_test_0011,0.0,0.018916010856628418,0.00031096593011170626,0.0008128324407152832,0,0
P06_concat_scalar_plus_sincos_Pcyc,0,double_line_test_0012,0.0,0.017229512333869934,0.00029808803810738027,0.0008937789243645966,0,0
P06_concat_scalar_plus_sincos_Pcyc,0,double_line_test_0013,0.0,0.023327574133872986,0.0005031591863371432,0.0013438797323033214,0,0
P06_concat_scalar_plus_sincos_Pcyc,0,double_line_test_0014,0.0,0.09171390533447266,0.0007050000131130219,0.003002530662342906,0,0
P06_concat_scalar_plus_sincos_Pcyc,0,small_rect_edge_test_0000,0.0,0.04550039768218994,0.0003126899537164718,0.0013235555961728096,0,0
P06_concat_scalar_plus_sincos_Pcyc,0,small_rect_edge_test_0001,0.0,0.03541380167007446,0.0003752914781216532,0.001403000671416521,0,0
P06_concat_scalar_plus_sincos_Pcyc,0,small_rect_edge_test_0002,0.0,0.05397838354110718,0.00034653174225240946,0.0014578687259927392,0,0
P06_concat_scalar_plus_sincos_Pcyc,0,small_rect_edge_test_0003,0.0,0.027770578861236572,0.0004089097783435136,0.0014935772633180022,0,0
P06_concat_scalar_plus_sincos_Pcyc,0,small_rect_edge_test_0004,0.0,0.05712932348251343,0.0006615978782065213,0.0031282342970371246,0,0
P06_concat_scalar_plus_sincos_Pcyc,0,small_rect_edge_test_0005,0.0,0.06295692920684814,0.0005053140921518207,0.002273380756378174,0,0
P06_concat_scalar_plus_sincos_Pcyc,0,small_rect_edge_test_0006,0.0,0.02740579843521118,0.0003854552051052451,0.0013418173184618354,0,0
P06_concat_scalar_plus_sincos_Pcyc,0,small_rect_edge_test_0007,0.0,0.08695685863494873,0.0003274858754593879,0.001585893682204187,0,0
P06_concat_scalar_plus_sincos_Pcyc,0,small_rect_edge_test_0008,0.0,0.08284741640090942,0.0006708450964652002,0.0031638487707823515,0,0
P06_concat_scalar_plus_sincos_Pcyc,0,small_rect_edge_test_0009,0.0,0.03055793046951294,0.0003435951075516641,0.001176104648038745,0,0
P06_concat_scalar_plus_sincos_Pcyc,0,point_cluster_test_0000,0.0,0.050481557846069336,0.00043426366755738854,0.0017423356184735894,0,0
P06_concat_scalar_plus_sincos_Pcyc,0,point_cluster_test_0001,0.0,0.06835773587226868,0.0006459875730797648,0.0029539328534156084,0,0
P06_concat_scalar_plus_sincos_Pcyc,0,point_cluster_test_0002,0.0,0.03535911440849304,0.00038637444959022105,0.0016365052433684468,0,0
P06_concat_scalar_plus_sincos_Pcyc,0,point_cluster_test_0003,0.0,0.03512805700302124,0.0003417611005716026,0.0013448079116642475,0,0
P06_concat_scalar_plus_sincos_Pcyc,0,point_cluster_test_0004,0.0,0.07227987051010132,0.0006883849855512381,0.003298202995210886,0,0
P06_concat_scalar_plus_sincos_Pcyc,0,point_cluster_test_0005,0.0,0.06634852290153503,0.0006050951778888702,0.002815448911860585,0,0
P06_concat_scalar_plus_sincos_Pcyc,0,point_cluster_test_0006,0.0,0.07912731170654297,0.000355186261003837,0.0016903369687497616,0,0
P06_concat_scalar_plus_sincos_Pcyc,0,point_cluster_test_0007,0.0,0.037975430488586426,0.00043338522664271295,0.0018521270249038935,0,0
P06_concat_scalar_plus_sincos_Pcyc,0,point_cluster_test_0008,0.0,0.04936867952346802,0.0004779530572704971,0.0023739133030176163,0,0
P06_concat_scalar_plus_sincos_Pcyc,0,point_cluster_test_0009,0.0,0.02674637734889984,0.0003461778105702251,0.001315147033892572,0,0
P06_concat_scalar_plus_sincos_Pcyc,0,point_cluster_test_0010,0.0,0.029500067234039307,0.0005327485268935561,0.0018471016082912683,0,0
P06_concat_scalar_plus_sincos_Pcyc,0,point_cluster_test_0011,0.0,0.08017921447753906,0.0006589819677174091,0.0036704225931316614,0,0
P06_concat_scalar_plus_sincos_Pcyc,0,point_cluster_test_0012,0.0,0.1195337176322937,0.000678292999509722,0.004123901017010212,0,0
P06_concat_scalar_plus_sincos_Pcyc,0,point_cluster_test_0013,0.0,0.0860511064529419,0.0010246288729831576,0.004962818697094917,0,0
P06_concat_scalar_plus_sincos_Pcyc,0,point_cluster_test_0014,0.0,0.05139455199241638,0.000374693627236411,0.0018842535791918635,0,0
P06_concat_scalar_plus_sincos_Pcyc,0,point_cluster_test_0015,0.0,0.12795990705490112,0.0005797503981739283,0.003464482259005308,0,0
P06_concat_scalar_plus_sincos_Pcyc,0,point_cluster_test_0016,0.0,0.04338178038597107,0.0005771826254203916,0.0021211241837590933,0,0
P06_concat_scalar_plus_sincos_Pcyc,0,point_cluster_test_0017,0.0,0.09857761859893799,0.00036270811688154936,0.0016767795896157622,0,0
P06_concat_scalar_plus_sincos_Pcyc,0,point_cluster_test_0018,0.0,0.11072695255279541,0.0005598568823188543,0.003230700269341469,0,0
P06_concat_scalar_plus_sincos_Pcyc,0,point_cluster_test_0019,0.0,0.03133991360664368,0.00026980083202943206,0.0008267909288406372,0,0
P06_concat_scalar_plus_sincos_Pcyc,1,line_test_0000,0.0,0.5231736898422241,0.0022524355445057154,0.01320341695100069,0,0
P06_concat_scalar_plus_sincos_Pcyc,1,line_test_0001,0.0,0.6094527244567871,0.004984734114259481,0.026313800364732742,0,0
P06_concat_scalar_plus_sincos_Pcyc,1,line_test_0002,0.0,0.5052468776702881,0.003364688018336892,0.017995063215494156,0,0
P06_concat_scalar_plus_sincos_Pcyc,1,line_test_0003,0.0,0.4673403203487396,0.005878171417862177,0.02977559342980385,0,0
P06_concat_scalar_plus_sincos_Pcyc,1,line_test_0004,0.0,0.4419383704662323,0.0018481112783774734,0.007910278625786304,0,0
P06_concat_scalar_plus_sincos_Pcyc,1,line_test_0005,0.0,0.4348035752773285,0.002755529247224331,0.014613538049161434,0,0
P06_concat_scalar_plus_sincos_Pcyc,1,line_test_0006,0.0,0.5244646072387695,0.005592722445726395,0.031059490516781807,0,0
P06_concat_scalar_plus_sincos_Pcyc,1,line_test_0007,0.0,0.6094527244567871,0.003629692830145359,0.02350979670882225,0,0
P06_concat_scalar_plus_sincos_Pcyc,1,line_test_0008,0.0,0.530119776725769,0.0027370438911020756,0.01448090560734272,0,0
P06_concat_scalar_plus_sincos_Pcyc,1,line_test_0009,0.0,0.424850732088089,0.0025983229279518127,0.011984273791313171,0,0
P06_concat_scalar_plus_sincos_Pcyc,1,line_test_0010,0.0,0.4810233414173126,0.0026365688536316156,0.013945461250841618,0,0
P06_concat_scalar_plus_sincos_Pcyc,1,line_test_0011,0.0,0.5913206338882446,0.0020298268646001816,0.00867052935063839,0,0
P06_concat_scalar_plus_sincos_Pcyc,1,line_test_0012,0.0,0.5320249795913696,0.002987590618431568,0.01692788302898407,0,0
P06_concat_scalar_plus_sincos_Pcyc,1,line_test_0013,0.0,0.6094527244567871,0.004357668571174145,0.02651791088283062,0,0
P06_concat_scalar_plus_sincos_Pcyc,1,line_test_0014,0.0,0.5366218090057373,0.0016948188422247767,0.00632066885009408,0,0
P06_concat_scalar_plus_sincos_Pcyc,1,line_test_0015,0.0,0.509049654006958,0.003056125482544303,0.01797717623412609,0,0
P06_concat_scalar_plus_sincos_Pcyc,1,line_test_0016,0.0,0.4709646999835968,0.00326602254062891,0.016881074756383896,0,0
P06_concat_scalar_plus_sincos_Pcyc,1,line_test_0017,0.0,0.5827493667602539,0.001748348819091916,0.008208160288631916,0,0
P06_concat_scalar_plus_sincos_Pcyc,1,line_test_0018,0.0,0.556742787361145,0.003083199029788375,0.018755851313471794,0,0
P06_concat_scalar_plus_sincos_Pcyc,1,line_test_0019,0.0,0.6094527244567871,0.0046361652202904224,0.027662435546517372,0,0
P06_concat_scalar_plus_sincos_Pcyc,1,cross_test_0000,0.0,0.42399200797080994,0.00393764628097415,0.02072216384112835,0,0
P06_concat_scalar_plus_sincos_Pcyc,1,cross_test_0001,0.0,0.4635615050792694,0.0032315226271748543,0.01685047149658203,0,0
P06_concat_scalar_plus_sincos_Pcyc,1,cross_test_0002,0.0,0.6073462963104248,0.0025460312608629465,0.014860549010336399,0,0
P06_concat_scalar_plus_sincos_Pcyc,1,cross_test_0003,0.0,0.5059108734130859,0.00351979723200202,0.020940512418746948,0,0
P06_concat_scalar_plus_sincos_Pcyc,1,cross_test_0004,0.0,0.5161187648773193,0.004015419632196426,0.022187264636158943,0,0
P06_concat_scalar_plus_sincos_Pcyc,1,cross_test_0005,0.0,0.4541686475276947,0.004322174470871687,0.020916130393743515,0,0
P06_concat_scalar_plus_sincos_Pcyc,1,cross_test_0006,0.0,0.5799448490142822,0.003317274386063218,0.024805620312690735,0,0
P06_concat_scalar_plus_sincos_Pcyc,1,cross_test_0007,0.0,0.43475183844566345,0.002888105344027281,0.017341630533337593,0,0
P06_concat_scalar_plus_sincos_Pcyc,1,cross_test_0008,0.0,0.41513505578041077,0.0035119836684316397,0.016131829470396042,0,0
P06_concat_scalar_plus_sincos_Pcyc,1,cross_test_0009,0.0,0.6052316427230835,0.0029606791213154793,0.01731206849217415,0,0
P06_concat_scalar_plus_sincos_Pcyc,1,cross_test_0010,0.0,0.45366308093070984,0.004262098111212254,0.01994001492857933,0,0
P06_concat_scalar_plus_sincos_Pcyc,1,cross_test_0011,0.0,0.4810408055782318,0.004120711237192154,0.01997661404311657,0,0
P06_concat_scalar_plus_sincos_Pcyc,1,cross_test_0012,0.0,0.4642026126384735,0.0028714851941913366,0.0166196059435606,0,0
P06_concat_scalar_plus_sincos_Pcyc,1,cross_test_0013,0.0,0.4619967043399811,0.0032235444523394108,0.013016518205404282,0,0
P06_concat_scalar_plus_sincos_Pcyc,1,cross_test_0014,0.0,0.5408670902252197,0.0024616618175059557,0.012179402634501457,0,0
P06_concat_scalar_plus_sincos_Pcyc,1,L_shape_test_0000,0.0,0.504715085029602,0.003787898924201727,0.018344786018133163,0,0
P06_concat_scalar_plus_sincos_Pcyc,1,L_shape_test_0001,0.0,0.5559482574462891,0.0035730430390685797,0.020379656925797462,0,0
P06_concat_scalar_plus_sincos_Pcyc,1,L_shape_test_0002,0.0,0.502021312713623,0.005174299236387014,0.023953795433044434,0,0
P06_concat_scalar_plus_sincos_Pcyc,1,L_shape_test_0003,0.0,0.4532598555088043,0.0031939309556037188,0.016211828216910362,0,0
P06_concat_scalar_plus_sincos_Pcyc,1,L_shape_test_0004,0.0,0.5703731775283813,0.0036887098103761673,0.01599961705505848,0,0
P06_concat_scalar_plus_sincos_Pcyc,1,L_shape_test_0005,0.0,0.5613586902618408,0.0027847723104059696,0.013040825724601746,0,0
P06_concat_scalar_plus_sincos_Pcyc,1,L_shape_test_0006,0.0,0.4960443675518036,0.0019829075317829847,0.01007493119686842,0,0
P06_concat_scalar_plus_sincos_Pcyc,1,L_shape_test_0007,0.0,0.46455118060112,0.0029205139726400375,0.01569429226219654,0,0
P06_concat_scalar_plus_sincos_Pcyc,1,L_shape_test_0008,0.0,0.46932753920555115,0.002680914243683219,0.012321731075644493,0,0
P06_concat_scalar_plus_sincos_Pcyc,1,L_shape_test_0009,0.0,0.5162485837936401,0.006173279602080584,0.028539370745420456,0,0
P06_concat_scalar_plus_sincos_Pcyc,1,L_shape_test_0010,0.0,0.5478620529174805,0.002580152591690421,0.015048476867377758,0,0
P06_concat_scalar_plus_sincos_Pcyc,1,L_shape_test_0011,0.0,0.43113330006599426,0.0017849140567705035,0.006281812209635973,0,0
P06_concat_scalar_plus_sincos_Pcyc,1,L_shape_test_0012,0.0,0.5330064296722412,0.0024200081825256348,0.01180809736251831,0,0
P06_concat_scalar_plus_sincos_Pcyc,1,L_shape_test_0013,0.0,0.44780853390693665,0.0022944260854274035,0.010906687937676907,0,0
P06_concat_scalar_plus_sincos_Pcyc,1,L_shape_test_0014,0.0,0.42385533452033997,0.0022488196846097708,0.00945548340678215,0,0
P06_concat_scalar_plus_sincos_Pcyc,1,L_shape_test_0015,0.0,0.4713597595691681,0.0031645684503018856,0.016602054238319397,0,0
P06_concat_scalar_plus_sincos_Pcyc,1,L_shape_test_0016,0.0,0.42465731501579285,0.002560873283073306,0.012287722900509834,0,0
P06_concat_scalar_plus_sincos_Pcyc,1,L_shape_test_0017,0.0,0.5977132320404053,0.0038240025751292706,0.021290626376867294,0,0
P06_concat_scalar_plus_sincos_Pcyc,1,L_shape_test_0018,0.0,0.44174709916114807,0.003281776560470462,0.01629193313419819,0,0
P06_concat_scalar_plus_sincos_Pcyc,1,L_shape_test_0019,0.0,0.4894354045391083,0.0037981304340064526,0.0202350877225399,0,0
P06_concat_scalar_plus_sincos_Pcyc,1,double_line_test_0000,0.0,0.5567822456359863,0.0022777332924306393,0.012606755830347538,0,0
P06_concat_scalar_plus_sincos_Pcyc,1,double_line_test_0001,0.0,0.4524631202220917,0.0034248316660523415,0.01583314687013626,0,0
P06_concat_scalar_plus_sincos_Pcyc,1,double_line_test_0002,0.0,0.47701653838157654,0.0015035556862130761,0.006005305331200361,0,0
P06_concat_scalar_plus_sincos_Pcyc,1,double_line_test_0003,0.0,0.5549379587173462,0.0031477767042815685,0.018094567582011223,0,0
P06_concat_scalar_plus_sincos_Pcyc,1,double_line_test_0004,0.0,0.5574376583099365,0.0032945042476058006,0.01630846969783306,0,0
P06_concat_scalar_plus_sincos_Pcyc,1,double_line_test_0005,0.0,0.4913056194782257,0.0016053387662395835,0.005753818433731794,0,0
P06_concat_scalar_plus_sincos_Pcyc,1,double_line_test_0006,0.0,0.6094527244567871,0.0045302677899599075,0.025348525494337082,0,0
P06_concat_scalar_plus_sincos_Pcyc,1,double_line_test_0007,0.0,0.5745742321014404,0.00480025727301836,0.026428932324051857,0,0
P06_concat_scalar_plus_sincos_Pcyc,1,double_line_test_0008,0.0,0.5191845893859863,0.0044111218303442,0.022687925025820732,0,0
P06_concat_scalar_plus_sincos_Pcyc,1,double_line_test_0009,0.0,0.5989677906036377,0.003939471207559109,0.023758430033922195,0,0
P06_concat_scalar_plus_sincos_Pcyc,1,double_line_test_0010,0.0,0.5107864141464233,0.0039000632241368294,0.021719424054026604,0,0
P06_concat_scalar_plus_sincos_Pcyc,1,double_line_test_0011,0.0,0.4870791733264923,0.001973598962649703,0.006990992464125156,0,0
P06_concat_scalar_plus_sincos_Pcyc,1,double_line_test_0012,0.0,0.5244764089584351,0.0033333690371364355,0.019628066569566727,0,0
P06_concat_scalar_plus_sincos_Pcyc,1,double_line_test_0013,0.0,0.4869767129421234,0.004532671999186277,0.02524992823600769,0,0
P06_concat_scalar_plus_sincos_Pcyc,1,double_line_test_0014,0.0,0.5570317506790161,0.004037558566778898,0.017556337639689445,0,0
P06_concat_scalar_plus_sincos_Pcyc,1,small_rect_edge_test_0000,0.0,0.5485256910324097,0.0021533702965825796,0.011490525677800179,0,0
P06_concat_scalar_plus_sincos_Pcyc,1,small_rect_edge_test_0001,0.0,0.4964068830013275,0.003194766119122505,0.017478570342063904,0,0
P06_concat_scalar_plus_sincos_Pcyc,1,small_rect_edge_test_0002,0.0,0.5899901390075684,0.0023508446756750345,0.011924692429602146,0,0
P06_concat_scalar_plus_sincos_Pcyc,1,small_rect_edge_test_0003,0.0,0.47886452078819275,0.005331793799996376,0.02845381572842598,0,0
P06_concat_scalar_plus_sincos_Pcyc,1,small_rect_edge_test_0004,0.0,0.5659310817718506,0.005085723474621773,0.02806651033461094,0,0
P06_concat_scalar_plus_sincos_Pcyc,1,small_rect_edge_test_0005,0.0,0.6094527244567871,0.0026901254896074533,0.014766901731491089,0,0
P06_concat_scalar_plus_sincos_Pcyc,1,small_rect_edge_test_0006,0.0,0.4133894741535187,0.002339201280847192,0.008665773086249828,0,0
P06_concat_scalar_plus_sincos_Pcyc,1,small_rect_edge_test_0007,0.0,0.5602083206176758,0.0016665810253471136,0.008682438172399998,0,0
P06_concat_scalar_plus_sincos_Pcyc,1,small_rect_edge_test_0008,0.0,0.5702012777328491,0.0037487309891730547,0.018158497288823128,0,0
P06_concat_scalar_plus_sincos_Pcyc,1,small_rect_edge_test_0009,0.0,0.5673154592514038,0.002234645653516054,0.011322936974465847,0,0
P06_concat_scalar_plus_sincos_Pcyc,1,point_cluster_test_0000,0.0,0.6094527244567871,0.0043152254074811935,0.025521617382764816,0,0
P06_concat_scalar_plus_sincos_Pcyc,1,point_cluster_test_0001,0.0,0.4460242688655853,0.0025076756719499826,0.012511348351836205,0,0
P06_concat_scalar_plus_sincos_Pcyc,1,point_cluster_test_0002,0.0,0.48738351464271545,0.0029359906911849976,0.01590018719434738,0,0
P06_concat_scalar_plus_sincos_Pcyc,1,point_cluster_test_0003,0.0,0.4468354880809784,0.00409308448433876,0.023025821894407272,0,0
P06_concat_scalar_plus_sincos_Pcyc,1,point_cluster_test_0004,0.0,0.43607255816459656,0.00298303528688848,0.014830527827143669,0,0
P06_concat_scalar_plus_sincos_Pcyc,1,point_cluster_test_0005,0.0,0.4541122019290924,0.002803776180371642,0.012538119219243526,0,0
P06_concat_scalar_plus_sincos_Pcyc,1,point_cluster_test_0006,0.0,0.6094527244567871,0.003993134945631027,0.022220429033041,0,0
P06_concat_scalar_plus_sincos_Pcyc,1,point_cluster_test_0007,0.0,0.6094527244567871,0.004329883959144354,0.025411570444703102,0,0
P06_concat_scalar_plus_sincos_Pcyc,1,point_cluster_test_0008,0.0,0.5541001558303833,0.004264828283339739,0.025228001177310944,0,0
P06_concat_scalar_plus_sincos_Pcyc,1,point_cluster_test_0009,0.0,0.6094527244567871,0.0027135973796248436,0.016044147312641144,0,0
P06_concat_scalar_plus_sincos_Pcyc,1,point_cluster_test_0010,0.0,0.4308525025844574,0.003124662907794118,0.014565618708729744,0,0
P06_concat_scalar_plus_sincos_Pcyc,1,point_cluster_test_0011,0.0,0.5438261032104492,0.006002380512654781,0.033216193318367004,0,0
P06_concat_scalar_plus_sincos_Pcyc,1,point_cluster_test_0012,0.0,0.5326416492462158,0.0033700698986649513,0.021661613136529922,0,0
P06_concat_scalar_plus_sincos_Pcyc,1,point_cluster_test_0013,0.0,0.475168913602829,0.0034286549780517817,0.01586647517979145,0,0
P06_concat_scalar_plus_sincos_Pcyc,1,point_cluster_test_0014,0.0,0.4477052390575409,0.002516299020498991,0.012872667983174324,0,0
P06_concat_scalar_plus_sincos_Pcyc,1,point_cluster_test_0015,0.0,0.44930896162986755,0.0026175749953836203,0.01386668998748064,0,0
P06_concat_scalar_plus_sincos_Pcyc,1,point_cluster_test_0016,0.0,0.6094527244567871,0.003968607634305954,0.021276278421282768,0,0
P06_concat_scalar_plus_sincos_Pcyc,1,point_cluster_test_0017,0.0,0.6094527244567871,0.0024677172768861055,0.01286337524652481,0,0
P06_concat_scalar_plus_sincos_Pcyc,1,point_cluster_test_0018,0.0,0.6094527244567871,0.005262353923171759,0.03145230561494827,0,0
P06_concat_scalar_plus_sincos_Pcyc,1,point_cluster_test_0019,0.0,0.5403945446014404,0.00399498688057065,0.022074049338698387,0,0
P06_concat_scalar_plus_sincos_Pcyc,2,line_test_0000,0.0,0.7450612783432007,0.002038040664047003,0.026365963742136955,0,0
P06_concat_scalar_plus_sincos_Pcyc,2,line_test_0001,0.0,0.8313403129577637,0.007806562352925539,0.049208249896764755,0,0
P06_concat_scalar_plus_sincos_Pcyc,2,line_test_0002,0.0,0.7271344065666199,0.005460405256599188,0.038930632174015045,0,0
P06_concat_scalar_plus_sincos_Pcyc,2,line_test_0003,0.0,0.6892278790473938,0.010526488535106182,0.06081809848546982,0,0
P06_concat_scalar_plus_sincos_Pcyc,2,line_test_0004,0.0,0.6638259291648865,0.00107842858415097,0.0167371928691864,0,0
P06_concat_scalar_plus_sincos_Pcyc,2,line_test_0005,0.0,0.6566911339759827,0.005077993497252464,0.0369025319814682,0,0
P06_concat_scalar_plus_sincos_Pcyc,2,line_test_0006,0.0,0.7463521361351013,0.009014698676764965,0.06053732708096504,0,0
P06_concat_scalar_plus_sincos_Pcyc,2,line_test_0007,0.0,0.8313403129577637,0.004920720122754574,0.04360196739435196,0,0
P06_concat_scalar_plus_sincos_Pcyc,2,line_test_0008,0.0,0.7520073652267456,0.0050502982921898365,0.03435404226183891,0,0
P06_concat_scalar_plus_sincos_Pcyc,2,line_test_0009,0.0,0.6467382907867432,0.0030494052916765213,0.027366412803530693,0,0
P06_concat_scalar_plus_sincos_Pcyc,2,line_test_0010,0.0,0.7029109001159668,0.0035046818666160107,0.030525285750627518,0,0
P06_concat_scalar_plus_sincos_Pcyc,2,line_test_0011,0.0,0.8132082223892212,0.0008947606547735631,0.014091276563704014,0,0
P06_concat_scalar_plus_sincos_Pcyc,2,line_test_0012,0.0,0.7539125680923462,0.004557947162538767,0.03417225927114487,0,0
P06_concat_scalar_plus_sincos_Pcyc,2,line_test_0013,0.0,0.8313403129577637,0.007615253329277039,0.05174008384346962,0,0
P06_concat_scalar_plus_sincos_Pcyc,2,line_test_0014,0.0,0.7585093379020691,0.000801161746494472,0.012944222427904606,0,0
P06_concat_scalar_plus_sincos_Pcyc,2,line_test_0015,0.0,0.7309372425079346,0.003913525957614183,0.03588883578777313,0,0
P06_concat_scalar_plus_sincos_Pcyc,2,line_test_0016,0.0,0.692852258682251,0.005847754422575235,0.04033908247947693,0,0
P06_concat_scalar_plus_sincos_Pcyc,2,line_test_0017,0.0,0.8046369552612305,0.0005132284131832421,0.01229628175497055,0,0
P06_concat_scalar_plus_sincos_Pcyc,2,line_test_0018,0.0,0.7786303162574768,0.005167687777429819,0.03840359300374985,0,0
P06_concat_scalar_plus_sincos_Pcyc,2,line_test_0019,0.0,0.8313403129577637,0.007531180512160063,0.05319299176335335,0,0
P06_concat_scalar_plus_sincos_Pcyc,2,cross_test_0000,0.0,0.6458795666694641,0.008515740744769573,0.049028441309928894,0,0
P06_concat_scalar_plus_sincos_Pcyc,2,cross_test_0001,0.0,0.6854490637779236,0.006430041044950485,0.0418977327644825,0,0
P06_concat_scalar_plus_sincos_Pcyc,2,cross_test_0002,0.0,0.8292338252067566,0.00223716301843524,0.026450853794813156,0,0
P06_concat_scalar_plus_sincos_Pcyc,2,cross_test_0003,0.0,0.7277984619140625,0.005145073868334293,0.040535569190979004,0,0
P06_concat_scalar_plus_sincos_Pcyc,2,cross_test_0004,0.0,0.7380062937736511,0.0064933705143630505,0.04655010998249054,0,0
P06_concat_scalar_plus_sincos_Pcyc,2,cross_test_0005,0.0,0.6760562062263489,0.010463769547641277,0.052812859416007996,0,0
P06_concat_scalar_plus_sincos_Pcyc,2,cross_test_0006,0.0,0.8018324375152588,0.0034513231366872787,0.04028046503663063,0,0
P06_concat_scalar_plus_sincos_Pcyc,2,cross_test_0007,0.0,0.6566393971443176,0.003212753916159272,0.03337185084819794,0,0
P06_concat_scalar_plus_sincos_Pcyc,2,cross_test_0008,0.0,0.6370226144790649,0.0069882748648524284,0.04043175280094147,0,0
P06_concat_scalar_plus_sincos_Pcyc,2,cross_test_0009,0.0,0.8271192312240601,0.003949902951717377,0.035885848104953766,0,0
P06_concat_scalar_plus_sincos_Pcyc,2,cross_test_0010,0.0,0.675550639629364,0.009447033517062664,0.05128191411495209,0,0
P06_concat_scalar_plus_sincos_Pcyc,2,cross_test_0011,0.0,0.702928364276886,0.007870879024267197,0.04501832276582718,0,0
P06_concat_scalar_plus_sincos_Pcyc,2,cross_test_0012,0.0,0.6860901713371277,0.003305955557152629,0.033251747488975525,0,0
P06_concat_scalar_plus_sincos_Pcyc,2,cross_test_0013,0.0,0.6838842630386353,0.007013521622866392,0.037326399236917496,0,0
P06_concat_scalar_plus_sincos_Pcyc,2,cross_test_0014,0.0,0.7627546191215515,0.0035781199112534523,0.02944193221628666,0,0
P06_concat_scalar_plus_sincos_Pcyc,2,L_shape_test_0000,0.0,0.7266026139259338,0.007323022466152906,0.04251130297780037,0,0
P06_concat_scalar_plus_sincos_Pcyc,2,L_shape_test_0001,0.0,0.7778358459472656,0.004996613599359989,0.04088238254189491,0,0
P06_concat_scalar_plus_sincos_Pcyc,2,L_shape_test_0002,0.0,0.7239089012145996,0.012527686543762684,0.05871206149458885,0,0
P06_concat_scalar_plus_sincos_Pcyc,2,L_shape_test_0003,0.0,0.6751474142074585,0.00511738657951355,0.036895979195833206,0,0
P06_concat_scalar_plus_sincos_Pcyc,2,L_shape_test_0004,0.0,0.7922607064247131,0.005818147212266922,0.03712264075875282,0,0
P06_concat_scalar_plus_sincos_Pcyc,2,L_shape_test_0005,0.0,0.7832462191581726,0.004729697480797768,0.03233509138226509,0,0
P06_concat_scalar_plus_sincos_Pcyc,2,L_shape_test_0006,0.0,0.7179319262504578,0.0022969197016209364,0.02373160794377327,0,0
P06_concat_scalar_plus_sincos_Pcyc,2,L_shape_test_0007,0.0,0.6864387392997742,0.0037536451127380133,0.032717928290367126,0,0
P06_concat_scalar_plus_sincos_Pcyc,2,L_shape_test_0008,0.0,0.6912150979042053,0.0034444620832800865,0.028017332777380943,0,0
P06_concat_scalar_plus_sincos_Pcyc,2,L_shape_test_0009,0.0,0.7381361722946167,0.01597217656672001,0.06762254983186722,0,0
P06_concat_scalar_plus_sincos_Pcyc,2,L_shape_test_0010,0.0,0.769749641418457,0.002568041207268834,0.028348274528980255,0,0
P06_concat_scalar_plus_sincos_Pcyc,2,L_shape_test_0011,0.0,0.6530208587646484,0.0009890212677419186,0.01349575538188219,0,0
P06_concat_scalar_plus_sincos_Pcyc,2,L_shape_test_0012,0.0,0.7548940181732178,0.002070424612611532,0.023229584097862244,0,0
P06_concat_scalar_plus_sincos_Pcyc,2,L_shape_test_0013,0.0,0.6696960926055908,0.0021015091333538294,0.022876016795635223,0,0
P06_concat_scalar_plus_sincos_Pcyc,2,L_shape_test_0014,0.0,0.6457428932189941,0.0022064149379730225,0.022175302729010582,0,0
P06_concat_scalar_plus_sincos_Pcyc,2,L_shape_test_0015,0.0,0.6932473182678223,0.006768488325178623,0.041060127317905426,0,0
P06_concat_scalar_plus_sincos_Pcyc,2,L_shape_test_0016,0.0,0.646544873714447,0.0030323818791657686,0.027456769719719887,0,0
P06_concat_scalar_plus_sincos_Pcyc,2,L_shape_test_0017,0.0,0.8196008205413818,0.006762276869267225,0.045282524079084396,0,0
P06_concat_scalar_plus_sincos_Pcyc,2,L_shape_test_0018,0.0,0.6636346578598022,0.003774594981223345,0.03362444043159485,0,0
P06_concat_scalar_plus_sincos_Pcyc,2,L_shape_test_0019,0.0,0.7113229632377625,0.006301402114331722,0.04320000112056732,0,0
P06_concat_scalar_plus_sincos_Pcyc,2,double_line_test_0000,0.0,0.7786697745323181,0.0023355321027338505,0.025806961581110954,0,0
P06_concat_scalar_plus_sincos_Pcyc,2,double_line_test_0001,0.0,0.6743506789207458,0.0045288484543561935,0.03279779851436615,0,0
P06_concat_scalar_plus_sincos_Pcyc,2,double_line_test_0002,0.0,0.6989040970802307,0.000381161633413285,0.009766497649252415,0,0
P06_concat_scalar_plus_sincos_Pcyc,2,double_line_test_0003,0.0,0.7768255472183228,0.005388848017901182,0.038776546716690063,0,0
P06_concat_scalar_plus_sincos_Pcyc,2,double_line_test_0004,0.0,0.7793252468109131,0.0040543884970247746,0.031834933906793594,0,0
P06_concat_scalar_plus_sincos_Pcyc,2,double_line_test_0005,0.0,0.7131931781768799,0.0003935658896807581,0.008272353559732437,0,0
P06_concat_scalar_plus_sincos_Pcyc,2,double_line_test_0006,0.0,0.8313403129577637,0.007370884995907545,0.04924609512090683,0,0
P06_concat_scalar_plus_sincos_Pcyc,2,double_line_test_0007,0.0,0.7964617609977722,0.00900716707110405,0.053805600851774216,0,0
P06_concat_scalar_plus_sincos_Pcyc,2,double_line_test_0008,0.0,0.7410721182823181,0.011665945872664452,0.055260248482227325,0,0
P06_concat_scalar_plus_sincos_Pcyc,2,double_line_test_0009,0.0,0.8208553791046143,0.0052650305442512035,0.04338286444544792,0,0
P06_concat_scalar_plus_sincos_Pcyc,2,double_line_test_0010,0.0,0.7326740026473999,0.006796692963689566,0.046627115458250046,0,0
P06_concat_scalar_plus_sincos_Pcyc,2,double_line_test_0011,0.0,0.7089667320251465,0.0011968319304287434,0.014877516776323318,0,0
P06_concat_scalar_plus_sincos_Pcyc,2,double_line_test_0012,0.0,0.7463639378547668,0.00446524890139699,0.039996661245822906,0,0
P06_concat_scalar_plus_sincos_Pcyc,2,double_line_test_0013,0.0,0.7088642716407776,0.007934103719890118,0.051712192595005035,0,0
P06_concat_scalar_plus_sincos_Pcyc,2,double_line_test_0014,0.0,0.7789193391799927,0.008778993040323257,0.04460829868912697,0,0
P06_concat_scalar_plus_sincos_Pcyc,2,small_rect_edge_test_0000,0.0,0.7704132199287415,0.001506612985394895,0.021205568686127663,0,0
P06_concat_scalar_plus_sincos_Pcyc,2,small_rect_edge_test_0001,0.0,0.7182944416999817,0.005832127761095762,0.039690569043159485,0,0
P06_concat_scalar_plus_sincos_Pcyc,2,small_rect_edge_test_0002,0.0,0.8118776679039001,0.0014938635285943747,0.02052367478609085,0,0
P06_concat_scalar_plus_sincos_Pcyc,2,small_rect_edge_test_0003,0.0,0.7007520794868469,0.01046622171998024,0.05985834449529648,0,0
P06_concat_scalar_plus_sincos_Pcyc,2,small_rect_edge_test_0004,0.0,0.7878186702728271,0.009591133333742619,0.05673064664006233,0,0
P06_concat_scalar_plus_sincos_Pcyc,2,small_rect_edge_test_0005,0.0,0.8313403129577637,0.0026680072769522667,0.027675312012434006,0,0
P06_concat_scalar_plus_sincos_Pcyc,2,small_rect_edge_test_0006,0.0,0.6352770328521729,0.004330430645495653,0.027597835287451744,0,0
P06_concat_scalar_plus_sincos_Pcyc,2,small_rect_edge_test_0007,0.0,0.7820959091186523,0.0006819553673267365,0.015111267566680908,0,0
P06_concat_scalar_plus_sincos_Pcyc,2,small_rect_edge_test_0008,0.0,0.7920888662338257,0.008578361943364143,0.04613543674349785,0,0
P06_concat_scalar_plus_sincos_Pcyc,2,small_rect_edge_test_0009,0.0,0.7892029881477356,0.0023604396265000105,0.023651793599128723,0,0
P06_concat_scalar_plus_sincos_Pcyc,2,point_cluster_test_0000,0.0,0.8313403129577637,0.006387905217707157,0.04800264537334442,0,0
P06_concat_scalar_plus_sincos_Pcyc,2,point_cluster_test_0001,0.0,0.6679118275642395,0.0032301926985383034,0.027714742347598076,0,0
P06_concat_scalar_plus_sincos_Pcyc,2,point_cluster_test_0002,0.0,0.7092710733413696,0.004100280348211527,0.03316912055015564,0,0
P06_concat_scalar_plus_sincos_Pcyc,2,point_cluster_test_0003,0.0,0.6687230467796326,0.006282838527113199,0.04622649401426315,0,0
P06_concat_scalar_plus_sincos_Pcyc,2,point_cluster_test_0004,0.0,0.6579601168632507,0.0037407351192086935,0.03213464841246605,0,0
P06_concat_scalar_plus_sincos_Pcyc,2,point_cluster_test_0005,0.0,0.6759997606277466,0.003550892695784569,0.027594616636633873,0,0
P06_concat_scalar_plus_sincos_Pcyc,2,point_cluster_test_0006,0.0,0.8313403129577637,0.006925567984580994,0.04764826223254204,0,0
P06_concat_scalar_plus_sincos_Pcyc,2,point_cluster_test_0007,0.0,0.8313403129577637,0.007087519858032465,0.049332864582538605,0,0
P06_concat_scalar_plus_sincos_Pcyc,2,point_cluster_test_0008,0.0,0.7759877443313599,0.006816741544753313,0.049149591475725174,0,0
P06_concat_scalar_plus_sincos_Pcyc,2,point_cluster_test_0009,0.0,0.8313403129577637,0.0030263846274465322,0.03056599572300911,0,0
P06_concat_scalar_plus_sincos_Pcyc,2,point_cluster_test_0010,0.0,0.6527400612831116,0.004007122479379177,0.03247489407658577,0,0
P06_concat_scalar_plus_sincos_Pcyc,2,point_cluster_test_0011,0.0,0.7657136917114258,0.010260502807796001,0.06230095028877258,0,0
P06_concat_scalar_plus_sincos_Pcyc,2,point_cluster_test_0012,0.0,0.7545291781425476,0.0038885909598320723,0.03791612759232521,0,0
P06_concat_scalar_plus_sincos_Pcyc,2,point_cluster_test_0013,0.0,0.6970564723014832,0.006548384670168161,0.037629783153533936,0,0
P06_concat_scalar_plus_sincos_Pcyc,2,point_cluster_test_0014,0.0,0.6695927977561951,0.0031584666576236486,0.029104510322213173,0,0
P06_concat_scalar_plus_sincos_Pcyc,2,point_cluster_test_0015,0.0,0.6711965203285217,0.002986837876960635,0.029285548254847527,0,0
P06_concat_scalar_plus_sincos_Pcyc,2,point_cluster_test_0016,0.0,0.8313403129577637,0.006173404399305582,0.04162215068936348,0,0
P06_concat_scalar_plus_sincos_Pcyc,2,point_cluster_test_0017,0.0,0.8313403129577637,0.002448892220854759,0.02512911707162857,0,0
P06_concat_scalar_plus_sincos_Pcyc,2,point_cluster_test_0018,0.0,0.8313403129577637,0.007861053571105003,0.056579604744911194,0,0
P06_concat_scalar_plus_sincos_Pcyc,2,point_cluster_test_0019,0.0,0.762282133102417,0.00570477731525898,0.04471829533576965,0,0
