table_method,method,seed,sample_id,family,NMSE,PSNR,SSIM,MAE,runtime_per_sample,network_runtime_per_sample,end_to_end_runtime_per_sample,source
T01_BP,BP,0,line_test_0000,line,2.389944403315463,27.0571359274007,0.4353113309898147,0.005397009197622538,17.887677035992965,,17.887677035992965,workspace.eval.task_real_struc_003a_table1.true_bp_exact_k_domain
T01_BP,BP,0,line_test_0001,line,0.901324107937025,26.361414893775077,0.5383765318582636,0.007850871421396732,57.65398354199715,,57.65398354199715,workspace.eval.task_real_struc_003a_table1.true_bp_exact_k_domain
T01_BP,BP,0,line_test_0002,line,2.355465492763185,26.481532940924296,0.3809893716353224,0.006575450301170349,18.315837601025123,,18.315837601025123,workspace.eval.task_real_struc_003a_table1.true_bp_exact_k_domain
T01_BP,BP,0,line_test_0003,line,3.8831760282195784,28.019244583290053,0.37283812295043733,0.00534179387614131,23.660176725999918,,23.660176725999918,workspace.eval.task_real_struc_003a_table1.true_bp_exact_k_domain
T01_BP,BP,0,line_test_0004,line,5.992241880023041,28.86251301583541,0.4177826529384111,0.004030469339340925,14.843800455040764,,14.843800455040764,workspace.eval.task_real_struc_003a_table1.true_bp_exact_k_domain
T01_BP,BP,0,line_test_0005,line,2.400168016859154,28.614594316980696,0.5071853060421659,0.004392769653350115,12.53548147395486,,12.53548147395486,workspace.eval.task_real_struc_003a_table1.true_bp_exact_k_domain
T01_BP,BP,0,line_test_0006,line,1.587102344212478,29.592991869913476,0.575968995186167,0.0033636700827628374,19.1661116820178,,19.1661116820178,workspace.eval.task_real_struc_003a_table1.true_bp_exact_k_domain
T01_BP,BP,0,line_test_0007,line,1.7676301931813871,27.314988697930428,0.4277475996545124,0.006707326043397188,31.713391695986502,,31.713391695986502,workspace.eval.task_real_struc_003a_table1.true_bp_exact_k_domain
T01_BP,BP,0,line_test_0008,line,0.787880910546376,26.856140365170642,0.5715011421655982,0.007277112919837236,21.885043855989352,,21.885043855989352,workspace.eval.task_real_struc_003a_table1.true_bp_exact_k_domain
T01_BP,BP,0,line_test_0009,line,1.3369618159911725,28.94562966888934,0.5399058536273917,0.004419590346515179,25.000098777003586,,25.000098777003586,workspace.eval.task_real_struc_003a_table1.true_bp_exact_k_domain
T01_BP,BP,0,line_test_0010,line,1.958343459470435,29.500786884943103,0.5665337614709368,0.003567863954231143,17.35148835799191,,17.35148835799191,workspace.eval.task_real_struc_003a_table1.true_bp_exact_k_domain
T01_BP,BP,0,line_test_0011,line,1.285169068850354,26.657286892091726,0.44443005933010066,0.007202399894595146,21.84770258498611,,21.84770258498611,workspace.eval.task_real_struc_003a_table1.true_bp_exact_k_domain
T01_BP,BP,0,line_test_0012,line,1.3849036053163577,28.2677242289125,0.540039201642269,0.004522813018411398,20.38874697603751,,20.38874697603751,workspace.eval.task_real_struc_003a_table1.true_bp_exact_k_domain
T01_BP,BP,0,line_test_0013,line,1.0686318920018698,26.72545360127153,0.5242032630853334,0.006575808394700289,19.908726540976204,,19.908726540976204,workspace.eval.task_real_struc_003a_table1.true_bp_exact_k_domain
T01_BP,BP,0,line_test_0014,line,2.3837478588092536,31.057357706505904,0.6088769387742303,0.002860981272533536,10.078747060964815,,10.078747060964815,workspace.eval.task_real_struc_003a_table1.true_bp_exact_k_domain
T01_BP,BP,0,line_test_0015,line,4.668987757098808,28.696868561006852,0.4165038251608999,0.004207106307148933,9.55858532601269,,9.55858532601269,workspace.eval.task_real_struc_003a_table1.true_bp_exact_k_domain
T01_BP,BP,0,line_test_0016,line,1.177401815290371,27.49376350623679,0.4905194589694851,0.0066183628514409065,28.61892340099439,,28.61892340099439,workspace.eval.task_real_struc_003a_table1.true_bp_exact_k_domain
T01_BP,BP,0,line_test_0017,line,2.4081627133733843,28.278144680128566,0.44914689169034505,0.0053305369801819324,14.503487018984742,,14.503487018984742,workspace.eval.task_real_struc_003a_table1.true_bp_exact_k_domain
T01_BP,BP,0,line_test_0018,line,1.1768776971756079,28.661290209988152,0.585370853872023,0.004689395427703857,15.409735745983198,,15.409735745983198,workspace.eval.task_real_struc_003a_table1.true_bp_exact_k_domain
T01_BP,BP,0,line_test_0019,line,1.495947722828754,27.551924455216504,0.5157395186419071,0.005323084536939859,16.43633650697302,,16.43633650697302,workspace.eval.task_real_struc_003a_table1.true_bp_exact_k_domain
T01_BP,BP,0,cross_test_0000,cross,1.8248216803502633,29.56816004806463,0.5418169910567312,0.004413927439600229,18.671912351972423,,18.671912351972423,workspace.eval.task_real_struc_003a_table1.true_bp_exact_k_domain
T01_BP,BP,0,cross_test_0001,cross,1.063215746299907,26.234460355534758,0.4837987866353345,0.00858283694833517,33.16778026201064,,33.16778026201064,workspace.eval.task_real_struc_003a_table1.true_bp_exact_k_domain
T01_BP,BP,0,cross_test_0002,cross,1.6176147892626922,28.276237128054436,0.5108326251564299,0.005066320300102234,16.920545729983132,,16.920545729983132,workspace.eval.task_real_struc_003a_table1.true_bp_exact_k_domain
T01_BP,BP,0,cross_test_0003,cross,1.3804864952301412,26.232579376108113,0.420824977252342,0.008290075697004795,40.59329572803108,,40.59329572803108,workspace.eval.task_real_struc_003a_table1.true_bp_exact_k_domain
T01_BP,BP,0,cross_test_0004,cross,1.8972700059200436,25.08439790822444,0.35164767730020946,0.009583807550370693,31.113765763002448,,31.113765763002448,workspace.eval.task_real_struc_003a_table1.true_bp_exact_k_domain
T01_BP,BP,0,cross_test_0005,cross,2.65741786049603,26.920113387812982,0.3704700021095438,0.007138524670153856,26.140032863011584,,26.140032863011584,workspace.eval.task_real_struc_003a_table1.true_bp_exact_k_domain
T01_BP,BP,0,cross_test_0006,cross,1.0046084407825557,28.700274332226286,0.6317065810062819,0.0042236982844769955,14.560733573976904,,14.560733573976904,workspace.eval.task_real_struc_003a_table1.true_bp_exact_k_domain
T01_BP,BP,0,cross_test_0007,cross,3.908342291731974,28.011398513948276,0.4375973722412918,0.004589391406625509,16.018836992036086,,16.018836992036086,workspace.eval.task_real_struc_003a_table1.true_bp_exact_k_domain
T01_BP,BP,0,cross_test_0008,cross,1.3575226705934338,26.63856315205866,0.44801611683721915,0.007568177301436663,21.523540835012682,,21.523540835012682,workspace.eval.task_real_struc_003a_table1.true_bp_exact_k_domain
T01_BP,BP,0,cross_test_0009,cross,2.9236328476177995,28.22037121777391,0.4457545746592817,0.004770071245729923,14.403103599965107,,14.403103599965107,workspace.eval.task_real_struc_003a_table1.true_bp_exact_k_domain
T01_BP,BP,0,cross_test_0010,cross,1.9012883283741207,29.257036828411827,0.5361545782402288,0.0040628924034535885,37.47081501199864,,37.47081501199864,workspace.eval.task_real_struc_003a_table1.true_bp_exact_k_domain
T01_BP,BP,0,cross_test_0011,cross,1.162586872595438,26.65990518456287,0.4318796175933745,0.007651313208043575,26.95133456599433,,26.95133456599433,workspace.eval.task_real_struc_003a_table1.true_bp_exact_k_domain
T01_BP,BP,0,cross_test_0012,cross,1.8579547387638795,28.976251711827622,0.5122316757474286,0.004705946426838636,23.860273761034478,,23.860273761034478,workspace.eval.task_real_struc_003a_table1.true_bp_exact_k_domain
T01_BP,BP,0,cross_test_0013,cross,2.9069791272261667,27.027821454750523,0.35177281380870806,0.00670144148170948,51.07073505100561,,51.07073505100561,workspace.eval.task_real_struc_003a_table1.true_bp_exact_k_domain
T01_BP,BP,0,cross_test_0014,cross,1.1393331400301698,27.137016786550486,0.5360180730250715,0.005990430247038603,14.209934020007495,,14.209934020007495,workspace.eval.task_real_struc_003a_table1.true_bp_exact_k_domain
T01_BP,BP,0,L_shape_test_0000,L-shape,1.3004548199807677,25.03122147221724,0.3874670377494061,0.009870066307485104,33.038827317010146,,33.038827317010146,workspace.eval.task_real_struc_003a_table1.true_bp_exact_k_domain
T01_BP,BP,0,L_shape_test_0001,L-shape,1.3760640104565214,26.277067435221678,0.48014943757568523,0.006629759445786476,27.99943358200835,,27.99943358200835,workspace.eval.task_real_struc_003a_table1.true_bp_exact_k_domain
T01_BP,BP,0,L_shape_test_0002,L-shape,1.251128555932299,26.307901263690145,0.4438899245839444,0.008506657555699348,28.181163589993957,,28.181163589993957,workspace.eval.task_real_struc_003a_table1.true_bp_exact_k_domain
T01_BP,BP,0,L_shape_test_0003,L-shape,1.0870091331090435,27.125966952525978,0.5055314379896567,0.007135511375963688,27.298574114975054,,27.298574114975054,workspace.eval.task_real_struc_003a_table1.true_bp_exact_k_domain
T01_BP,BP,0,L_shape_test_0004,L-shape,1.0923901191863445,25.396607414747127,0.41935149837114366,0.010601084679365158,86.90132613998139,,86.90132613998139,workspace.eval.task_real_struc_003a_table1.true_bp_exact_k_domain
T01_BP,BP,0,L_shape_test_0005,L-shape,1.3069354444102925,25.977178108511474,0.43346669670823296,0.008533542044460773,25.960176354041323,,25.960176354041323,workspace.eval.task_real_struc_003a_table1.true_bp_exact_k_domain
T01_BP,BP,0,L_shape_test_0006,L-shape,2.3518611520403985,27.446963818862077,0.4425863712334385,0.005604410544037819,19.783084096969105,,19.783084096969105,workspace.eval.task_real_struc_003a_table1.true_bp_exact_k_domain
T01_BP,BP,0,L_shape_test_0007,L-shape,1.2092779454227247,26.174260037443673,0.434415308474186,0.008597228676080704,38.17883891897509,,38.17883891897509,workspace.eval.task_real_struc_003a_table1.true_bp_exact_k_domain
T01_BP,BP,0,L_shape_test_0008,L-shape,1.4253991421948642,28.93504333199147,0.5565402701431611,0.004726794082671404,20.549706220976077,,20.549706220976077,workspace.eval.task_real_struc_003a_table1.true_bp_exact_k_domain
T01_BP,BP,0,L_shape_test_0009,L-shape,1.2531762033179583,25.423118592766592,0.408100992078152,0.009803161956369877,79.867210951983,,79.867210951983,workspace.eval.task_real_struc_003a_table1.true_bp_exact_k_domain
T01_BP,BP,0,L_shape_test_0010,L-shape,1.4071001611276235,29.119202051744946,0.5141613098847437,0.0045740967616438866,29.43696366500808,,29.43696366500808,workspace.eval.task_real_struc_003a_table1.true_bp_exact_k_domain
T01_BP,BP,0,L_shape_test_0011,L-shape,4.588907979522006,26.762750043719684,0.358544792639892,0.005611652508378029,14.13357545499457,,14.13357545499457,workspace.eval.task_real_struc_003a_table1.true_bp_exact_k_domain
T01_BP,BP,0,L_shape_test_0012,L-shape,1.315888084713139,25.566149694211923,0.39948984479786986,0.00904751569032669,45.70206051599234,,45.70206051599234,workspace.eval.task_real_struc_003a_table1.true_bp_exact_k_domain
T01_BP,BP,0,L_shape_test_0013,L-shape,1.0174905088197712,27.186889691243813,0.4949823003109453,0.007076730486005545,53.375667149957735,,53.375667149957735,workspace.eval.task_real_struc_003a_table1.true_bp_exact_k_domain
T01_BP,BP,0,L_shape_test_0014,L-shape,1.3146247508830384,31.004779888159085,0.6510062447810604,0.0032286213245242834,14.339507944008801,,14.339507944008801,workspace.eval.task_real_struc_003a_table1.true_bp_exact_k_domain
T01_BP,BP,0,L_shape_test_0015,L-shape,1.0750770117584156,25.551227716836028,0.42588165347086265,0.00914886686950922,36.84172107599443,,36.84172107599443,workspace.eval.task_real_struc_003a_table1.true_bp_exact_k_domain
T01_BP,BP,0,L_shape_test_0016,L-shape,1.2653137513887507,26.388771676702724,0.4349687217619256,0.008436920121312141,43.9384297169745,,43.9384297169745,workspace.eval.task_real_struc_003a_table1.true_bp_exact_k_domain
T01_BP,BP,0,L_shape_test_0017,L-shape,1.2941445418890771,25.180293778452743,0.39124701786052934,0.010255164466798306,40.33130186796188,,40.33130186796188,workspace.eval.task_real_struc_003a_table1.true_bp_exact_k_domain
T01_BP,BP,0,L_shape_test_0018,L-shape,1.344531079888979,24.91394489965376,0.4363081473810942,0.00897419173270464,55.94351185898995,,55.94351185898995,workspace.eval.task_real_struc_003a_table1.true_bp_exact_k_domain
T01_BP,BP,0,L_shape_test_0019,L-shape,4.887592329254627,26.43905850144636,0.3164010979161489,0.006394864059984684,28.382623966026586,,28.382623966026586,workspace.eval.task_real_struc_003a_table1.true_bp_exact_k_domain
T01_BP,BP,0,double_line_test_0000,double-line,1.3460439195672909,24.941974333641266,0.4253019661760168,0.00804217904806137,20.235330922005232,,20.235330922005232,workspace.eval.task_real_struc_003a_table1.true_bp_exact_k_domain
T01_BP,BP,0,double_line_test_0001,double-line,1.3564504546335923,25.313071122866774,0.38111632223279285,0.00916814710944891,54.34538617101498,,54.34538617101498,workspace.eval.task_real_struc_003a_table1.true_bp_exact_k_domain
T01_BP,BP,0,double_line_test_0002,double-line,1.9947039402998405,28.247046506251905,0.4187400087262189,0.006868839729577303,22.681879165000282,,22.681879165000282,workspace.eval.task_real_struc_003a_table1.true_bp_exact_k_domain
T01_BP,BP,0,double_line_test_0003,double-line,1.4325137548894495,24.06630050039532,0.34818210838740765,0.012831385247409344,52.0381835619919,,52.0381835619919,workspace.eval.task_real_struc_003a_table1.true_bp_exact_k_domain
T01_BP,BP,0,double_line_test_0004,double-line,1.1169343336834616,25.414846685346998,0.44040390808396784,0.010015450417995453,56.65978655702202,,56.65978655702202,workspace.eval.task_real_struc_003a_table1.true_bp_exact_k_domain
T01_BP,BP,0,double_line_test_0005,double-line,1.3334660123266007,24.74447834736423,0.3619235345290585,0.011272543109953403,33.91693364101229,,33.91693364101229,workspace.eval.task_real_struc_003a_table1.true_bp_exact_k_domain
T01_BP,BP,0,double_line_test_0006,double-line,1.1675242180731749,24.63011743368177,0.3777298198879513,0.011520122177898884,59.94042681297287,,59.94042681297287,workspace.eval.task_real_struc_003a_table1.true_bp_exact_k_domain
T01_BP,BP,0,double_line_test_0007,double-line,2.656901249310781,27.69865273934912,0.414716160923827,0.006028658710420132,24.935090696963016,,24.935090696963016,workspace.eval.task_real_struc_003a_table1.true_bp_exact_k_domain
T01_BP,BP,0,double_line_test_0008,double-line,1.234554784634151,27.45239034522081,0.5004468365081118,0.006843923591077328,27.34810722497059,,27.34810722497059,workspace.eval.task_real_struc_003a_table1.true_bp_exact_k_domain
T01_BP,BP,0,double_line_test_0009,double-line,1.4146040697515945,26.463703002305014,0.45909395475432174,0.007392659317702055,43.14023840700975,,43.14023840700975,workspace.eval.task_real_struc_003a_table1.true_bp_exact_k_domain
T01_BP,BP,0,double_line_test_0010,double-line,1.8092782984561586,23.76548971181796,0.30779186869876757,0.012187076732516289,55.70420411799569,,55.70420411799569,workspace.eval.task_real_struc_003a_table1.true_bp_exact_k_domain
T01_BP,BP,0,double_line_test_0011,double-line,1.3655565586677425,26.62910118026025,0.44474180251039486,0.008105698972940445,30.040828755008988,,30.040828755008988,workspace.eval.task_real_struc_003a_table1.true_bp_exact_k_domain
T01_BP,BP,0,double_line_test_0012,double-line,4.203308088356743,24.412862789941464,0.28411993532312624,0.007926380261778831,23.869237679988146,,23.869237679988146,workspace.eval.task_real_struc_003a_table1.true_bp_exact_k_domain
T01_BP,BP,0,double_line_test_0013,double-line,1.2299622649434743,24.113481099828796,0.3593320977934149,0.01399382296949625,70.39532755600521,,70.39532755600521,workspace.eval.task_real_struc_003a_table1.true_bp_exact_k_domain
T01_BP,BP,0,double_line_test_0014,double-line,1.3719821507789087,24.40448356894883,0.34272153544561784,0.012433663941919804,34.8851996390149,,34.8851996390149,workspace.eval.task_real_struc_003a_table1.true_bp_exact_k_domain
T01_BP,BP,0,small_rect_edge_test_0000,small_rect_edge,1.2982395266886257,28.75531982829412,0.5674305981443784,0.004097465891391039,8.75494626199361,,8.75494626199361,workspace.eval.task_real_struc_003a_table1.true_bp_exact_k_domain
T01_BP,BP,0,small_rect_edge_test_0001,small_rect_edge,1.3736160975339686,29.41851569293903,0.5334330476392863,0.004033023491501808,14.687551653012633,,14.687551653012633,workspace.eval.task_real_struc_003a_table1.true_bp_exact_k_domain
T01_BP,BP,0,small_rect_edge_test_0002,small_rect_edge,1.6416245036731176,25.569100663787996,0.36836898594361295,0.009162550792098045,28.211253399029374,,28.211253399029374,workspace.eval.task_real_struc_003a_table1.true_bp_exact_k_domain
T01_BP,BP,0,small_rect_edge_test_0003,small_rect_edge,1.7872264573645216,27.98738260134637,0.47188166721800223,0.005707832518965006,23.746640090015717,,23.746640090015717,workspace.eval.task_real_struc_003a_table1.true_bp_exact_k_domain
T01_BP,BP,0,small_rect_edge_test_0004,small_rect_edge,2.0698383214361855,25.991992962620355,0.3610857313215708,0.007902980782091618,22.6405809429707,,22.6405809429707,workspace.eval.task_real_struc_003a_table1.true_bp_exact_k_domain
T01_BP,BP,0,small_rect_edge_test_0005,small_rect_edge,1.614106429735114,27.382396330404685,0.4535396283827859,0.0056973774917423725,19.35075015295297,,19.35075015295297,workspace.eval.task_real_struc_003a_table1.true_bp_exact_k_domain
T01_BP,BP,0,small_rect_edge_test_0006,small_rect_edge,1.8089723340633455,27.39085241661599,0.44408405500365944,0.006293134763836861,21.73603595996974,,21.73603595996974,workspace.eval.task_real_struc_003a_table1.true_bp_exact_k_domain
T01_BP,BP,0,small_rect_edge_test_0007,small_rect_edge,1.8491949517947388,26.407854451228403,0.3723190164832887,0.007986090146005154,26.668046845996287,,26.668046845996287,workspace.eval.task_real_struc_003a_table1.true_bp_exact_k_domain
T01_BP,BP,0,small_rect_edge_test_0008,small_rect_edge,2.1739693329175984,25.04964279732497,0.31119763966565145,0.008973957970738411,21.30808533501113,,21.30808533501113,workspace.eval.task_real_struc_003a_table1.true_bp_exact_k_domain
T01_BP,BP,0,small_rect_edge_test_0009,small_rect_edge,2.378463801456864,27.132847367365223,0.4072903679016667,0.006392098031938076,21.56190264498582,,21.56190264498582,workspace.eval.task_real_struc_003a_table1.true_bp_exact_k_domain
T01_BP,BP,0,point_cluster_test_0000,point_cluster,3.917530569317084,26.988200529928456,0.34533862570966556,0.00647332426160574,28.794967484020162,,28.794967484020162,workspace.eval.task_real_struc_003a_table1.true_bp_exact_k_domain
T01_BP,BP,0,point_cluster_test_0001,point_cluster,3.2063750171301533,26.611025123368123,0.3116979290402883,0.008093958720564842,29.25200166000286,,29.25200166000286,workspace.eval.task_real_struc_003a_table1.true_bp_exact_k_domain
T01_BP,BP,0,point_cluster_test_0002,point_cluster,4.4945250019049094,29.07880062262302,0.46744316679162845,0.0041655576787889,12.819370876008179,,12.819370876008179,workspace.eval.task_real_struc_003a_table1.true_bp_exact_k_domain
T01_BP,BP,0,point_cluster_test_0003,point_cluster,3.79712371195383,30.06954327408952,0.533846155427629,0.0031571839936077595,13.827326161030214,,13.827326161030214,workspace.eval.task_real_struc_003a_table1.true_bp_exact_k_domain
T01_BP,BP,0,point_cluster_test_0004,point_cluster,4.324896733682589,25.058631978778074,0.2275761537315647,0.009887862019240856,32.29040468897438,,32.29040468897438,workspace.eval.task_real_struc_003a_table1.true_bp_exact_k_domain
T01_BP,BP,0,point_cluster_test_0005,point_cluster,2.1737256186950566,27.99390394532494,0.4169557601171858,0.006436259485781193,19.072140105010476,,19.072140105010476,workspace.eval.task_real_struc_003a_table1.true_bp_exact_k_domain
T01_BP,BP,0,point_cluster_test_0006,point_cluster,4.989268928287733,28.087612386437385,0.39694973131518474,0.004856407176703215,23.98072738898918,,23.98072738898918,workspace.eval.task_real_struc_003a_table1.true_bp_exact_k_domain
T01_BP,BP,0,point_cluster_test_0007,point_cluster,5.873433902670398,27.919191572450682,0.3854530914301356,0.004972711205482483,13.583262222993653,,13.583262222993653,workspace.eval.task_real_struc_003a_table1.true_bp_exact_k_domain
T01_BP,BP,0,point_cluster_test_0008,point_cluster,3.0000560195238037,29.978748027768066,0.5449458459337199,0.003317361930385232,11.816387787053827,,11.816387787053827,workspace.eval.task_real_struc_003a_table1.true_bp_exact_k_domain
T01_BP,BP,0,point_cluster_test_0009,point_cluster,6.191404274819664,28.16152424760389,0.39406516665949615,0.004405048210173845,15.864013382990379,,15.864013382990379,workspace.eval.task_real_struc_003a_table1.true_bp_exact_k_domain
T01_BP,BP,0,point_cluster_test_0010,point_cluster,3.4359271774082196,25.92221162999948,0.28961535223524276,0.008890727534890175,42.14248442300595,,42.14248442300595,workspace.eval.task_real_struc_003a_table1.true_bp_exact_k_domain
T01_BP,BP,0,point_cluster_test_0011,point_cluster,2.157914179860932,31.56670678939556,0.6181822705751385,0.0030225154478102922,13.53184210305335,,13.53184210305335,workspace.eval.task_real_struc_003a_table1.true_bp_exact_k_domain
T01_BP,BP,0,point_cluster_test_0012,point_cluster,3.84677842634007,27.803774667014224,0.3720439504192353,0.005728074349462986,19.239098777004983,,19.239098777004983,workspace.eval.task_real_struc_003a_table1.true_bp_exact_k_domain
T01_BP,BP,0,point_cluster_test_0013,point_cluster,3.0710039010204215,27.487812991857545,0.34395933951951074,0.007510519586503506,36.069330783968326,,36.069330783968326,workspace.eval.task_real_struc_003a_table1.true_bp_exact_k_domain
T01_BP,BP,0,point_cluster_test_0014,point_cluster,2.1482887165498816,30.940827550752896,0.6025753646032073,0.0030488204210996628,8.335736951965373,,8.335736951965373,workspace.eval.task_real_struc_003a_table1.true_bp_exact_k_domain
T01_BP,BP,0,point_cluster_test_0015,point_cluster,4.198529492717052,28.164812559872992,0.4049166676593914,0.00517549691721797,17.951258838002104,,17.951258838002104,workspace.eval.task_real_struc_003a_table1.true_bp_exact_k_domain
T01_BP,BP,0,point_cluster_test_0016,point_cluster,4.2431388376869466,25.601824380023636,0.25848124120043375,0.00901827123016119,48.634591035021,,48.634591035021,workspace.eval.task_real_struc_003a_table1.true_bp_exact_k_domain
T01_BP,BP,0,point_cluster_test_0017,point_cluster,4.326374659353974,29.785467366610856,0.4908480224133773,0.004056144040077925,11.797282761021052,,11.797282761021052,workspace.eval.task_real_struc_003a_table1.true_bp_exact_k_domain
T01_BP,BP,0,point_cluster_test_0018,point_cluster,7.096747801078697,27.2250504571428,0.3311673541422235,0.005591448862105608,18.688295806001406,,18.688295806001406,workspace.eval.task_real_struc_003a_table1.true_bp_exact_k_domain
T01_BP,BP,0,point_cluster_test_0019,point_cluster,4.425069002771896,28.4346760328952,0.44050587023119714,0.004156913608312607,21.20765559701249,,21.20765559701249,workspace.eval.task_real_struc_003a_table1.true_bp_exact_k_domain
T02_ref3,ref3,0,line_test_0000,line,2.3802509444870017,27.07478623842836,0.3825261612118287,0.004847067408263683,0.34164145501563326,,0.34164145501563326,workspace.recon.cyl_fast_reference_engine.reconstruct_cylindrical_reference
T02_ref3,ref3,0,line_test_0001,line,2.8095012944802833,21.423931945356394,0.13889635238782713,0.018482092767953873,0.45409886399284005,,0.45409886399284005,workspace.recon.cyl_fast_reference_engine.reconstruct_cylindrical_reference
T02_ref3,ref3,0,line_test_0002,line,4.807651813460952,23.382970345778627,0.13800560093434078,0.013160272501409054,0.21702675201231614,,0.21702675201231614,workspace.recon.cyl_fast_reference_engine.reconstruct_cylindrical_reference
T02_ref3,ref3,0,line_test_0003,line,20.815884979731333,20.72716650864688,0.03983880943284683,0.017313355579972267,0.3304224419989623,,0.3304224419989623,workspace.recon.cyl_fast_reference_engine.reconstruct_cylindrical_reference
T02_ref3,ref3,0,line_test_0004,line,4.649641262704731,29.964212165871572,0.4553805125801917,0.0038088178262114525,0.24237951199756935,,0.24237951199756935,workspace.recon.cyl_fast_reference_engine.reconstruct_cylindrical_reference
T02_ref3,ref3,0,line_test_0005,line,6.786229838878678,24.1007251453845,0.15493485578576247,0.010280394926667213,0.24046650901436806,,0.24046650901436806,workspace.recon.cyl_fast_reference_engine.reconstruct_cylindrical_reference
T02_ref3,ref3,0,line_test_0006,line,10.60137618062908,21.345418914537504,0.08446241488050694,0.01284397765994072,0.4917398009565659,,0.4917398009565659,workspace.recon.cyl_fast_reference_engine.reconstruct_cylindrical_reference
T02_ref3,ref3,0,line_test_0007,line,4.426647906072224,23.32815268619378,0.16619566648424866,0.010784328915178776,0.4686154220253229,,0.4686154220253229,workspace.recon.cyl_fast_reference_engine.reconstruct_cylindrical_reference
T02_ref3,ref3,0,line_test_0008,line,1.8135518536743036,23.235446376161633,0.23123112055233644,0.014363869093358517,0.2902895219740458,,0.2902895219740458,workspace.recon.cyl_fast_reference_engine.reconstruct_cylindrical_reference
T02_ref3,ref3,0,line_test_0009,line,3.072263364576465,25.33223538731692,0.23050864512863198,0.008944889530539513,0.41388777404790744,,0.41388777404790744,workspace.recon.cyl_fast_reference_engine.reconstruct_cylindrical_reference
T02_ref3,ref3,0,line_test_0010,line,4.9294071940408974,25.491728215192296,0.23530805952593553,0.007784923072904348,0.5093038510531187,,0.5093038510531187,workspace.recon.cyl_fast_reference_engine.reconstruct_cylindrical_reference
T02_ref3,ref3,0,line_test_0011,line,1.3147859913230748,26.558338904591263,0.3291600565470073,0.006723260506987572,0.30247091699857265,,0.30247091699857265,workspace.recon.cyl_fast_reference_engine.reconstruct_cylindrical_reference
T02_ref3,ref3,0,line_test_0012,line,3.5992917109430396,24.119749132379656,0.18949062841425662,0.010440508835017681,0.42518056102562696,,0.42518056102562696,workspace.recon.cyl_fast_reference_engine.reconstruct_cylindrical_reference
T02_ref3,ref3,0,line_test_0013,line,3.117376110988589,22.07584341427855,0.19016827927944632,0.01393706165254116,0.2907590679824352,,0.2907590679824352,workspace.recon.cyl_fast_reference_engine.reconstruct_cylindrical_reference
T02_ref3,ref3,0,line_test_0014,line,3.1051062043979045,29.90919653102088,0.4446150998744279,0.004324931651353836,0.21684394998010248,,0.21684394998010248,workspace.recon.cyl_fast_reference_engine.reconstruct_cylindrical_reference
T02_ref3,ref3,0,line_test_0015,line,11.342034748113198,24.8421861212335,0.16921340935711962,0.008140262216329575,0.19673008902464062,,0.19673008902464062,workspace.recon.cyl_fast_reference_engine.reconstruct_cylindrical_reference
T02_ref3,ref3,0,line_test_0016,line,3.4204998338397994,22.862114676284474,0.1443160330839841,0.014005864039063454,0.2894182489835657,,0.2894182489835657,workspace.recon.cyl_fast_reference_engine.reconstruct_cylindrical_reference
T02_ref3,ref3,0,line_test_0017,line,1.7248491085084598,29.72749163043329,0.4591276436787117,0.004199373535811901,0.18184581998502836,,0.18184581998502836,workspace.recon.cyl_fast_reference_engine.reconstruct_cylindrical_reference
T02_ref3,ref3,0,line_test_0018,line,3.847254494079633,23.517094010274405,0.16841588996073928,0.011343679390847683,0.24996516801184043,,0.24996516801184043,workspace.recon.cyl_fast_reference_engine.reconstruct_cylindrical_reference
T02_ref3,ref3,0,line_test_0019,line,5.588556219707127,21.82809236699163,0.11150610035696375,0.013699670322239399,0.22517912497278303,,0.22517912497278303,workspace.recon.cyl_fast_reference_engine.reconstruct_cylindrical_reference
T02_ref3,ref3,0,cross_test_0000,cross,10.753727009748326,21.864774348822444,0.06885125524766704,0.016591349616646767,0.2172356640221551,,0.2172356640221551,workspace.recon.cyl_fast_reference_engine.reconstruct_cylindrical_reference
T02_ref3,ref3,0,cross_test_0001,cross,2.15543072326895,23.165333476123813,0.2303705837373378,0.014476739801466465,0.30971105297794566,,0.30971105297794566,workspace.recon.cyl_fast_reference_engine.reconstruct_cylindrical_reference
T02_ref3,ref3,0,cross_test_0002,cross,2.701914913956144,26.048271501408237,0.26968484183952673,0.007455948740243912,0.23128980997717008,,0.23128980997717008,workspace.recon.cyl_fast_reference_engine.reconstruct_cylindrical_reference
T02_ref3,ref3,0,cross_test_0003,cross,2.373120475336822,23.879702903179798,0.24715704033249272,0.01165051106363535,0.3564549820148386,,0.3564549820148386,workspace.recon.cyl_fast_reference_engine.reconstruct_cylindrical_reference
T02_ref3,ref3,0,cross_test_0004,cross,2.891044503253579,23.25514144506613,0.2198308381926557,0.012470589950680733,0.31296250701416284,,0.31296250701416284,workspace.recon.cyl_fast_reference_engine.reconstruct_cylindrical_reference
T02_ref3,ref3,0,cross_test_0005,cross,10.671320116224576,20.88253055030414,0.043164886577722134,0.021378768607974052,0.25418032601010054,,0.25418032601010054,workspace.recon.cyl_fast_reference_engine.reconstruct_cylindrical_reference
T02_ref3,ref3,0,cross_test_0006,cross,2.25428169229143,25.19016074646297,0.3660811784891298,0.00659990357235074,0.24821419100044295,,0.24821419100044295,workspace.recon.cyl_fast_reference_engine.reconstruct_cylindrical_reference
T02_ref3,ref3,0,cross_test_0007,cross,6.200106690590632,26.007332704804927,0.27205166423574995,0.006666935048997402,0.25992189202224836,,0.25992189202224836,workspace.recon.cyl_fast_reference_engine.reconstruct_cylindrical_reference
T02_ref3,ref3,0,cross_test_0008,cross,3.7173170649120486,22.263738013022415,0.1142077031346542,0.016891146078705788,0.2383529719663784,,0.2383529719663784,workspace.recon.cyl_fast_reference_engine.reconstruct_cylindrical_reference
T02_ref3,ref3,0,cross_test_0009,cross,6.4984573299944435,24.75149696445634,0.1838999514997055,0.008267752826213837,0.24651737901149318,,0.24651737901149318,workspace.recon.cyl_fast_reference_engine.reconstruct_cylindrical_reference
T02_ref3,ref3,0,cross_test_0010,cross,11.41240889185101,21.47374336267915,0.05837932900363861,0.016331734135746956,0.4893685469869524,,0.4893685469869524,workspace.recon.cyl_fast_reference_engine.reconstruct_cylindrical_reference
T02_ref3,ref3,0,cross_test_0011,cross,3.645834490222038,21.69618971048582,0.10496867248424277,0.018717769533395767,0.2471220400184393,,0.2471220400184393,workspace.recon.cyl_fast_reference_engine.reconstruct_cylindrical_reference
T02_ref3,ref3,0,cross_test_0012,cross,3.8658607119766355,25.79414091708026,0.2786096213203514,0.007573322393000126,0.3012531640124507,,0.3012531640124507,workspace.recon.cyl_fast_reference_engine.reconstruct_cylindrical_reference
T02_ref3,ref3,0,cross_test_0013,cross,8.182413694702488,22.533426337619055,0.06693676175344941,0.017392681911587715,0.49225775798549876,,0.49225775798549876,workspace.recon.cyl_fast_reference_engine.reconstruct_cylindrical_reference
T02_ref3,ref3,0,cross_test_0014,cross,2.19688149928185,24.28545770831958,0.229496313676244,0.010209028609097004,0.2066536369966343,,0.2066536369966343,workspace.recon.cyl_fast_reference_engine.reconstruct_cylindrical_reference
T02_ref3,ref3,0,L_shape_test_0000,L-shape,3.0429111770592057,21.339281504715245,0.09227929327432895,0.0199446938931942,0.28603874205145985,,0.28603874205145985,workspace.recon.cyl_fast_reference_engine.reconstruct_cylindrical_reference
T02_ref3,ref3,0,L_shape_test_0001,L-shape,2.5611217491567078,23.57915155505416,0.22686428053173077,0.011385496705770493,0.41443137399619445,,0.41443137399619445,workspace.recon.cyl_fast_reference_engine.reconstruct_cylindrical_reference
T02_ref3,ref3,0,L_shape_test_0002,L-shape,5.243198565646372,20.084957506129122,0.06497218249078694,0.023905368521809578,0.2653931799577549,,0.2653931799577549,workspace.recon.cyl_fast_reference_engine.reconstruct_cylindrical_reference
T02_ref3,ref3,0,L_shape_test_0003,L-shape,2.864450051882877,22.91788644436342,0.14939910995875008,0.014397700317203999,0.2873729189741425,,0.2873729189741425,workspace.recon.cyl_fast_reference_engine.reconstruct_cylindrical_reference
T02_ref3,ref3,0,L_shape_test_0004,L-shape,2.4443019889460547,21.898836214355015,0.1180024371881098,0.019108491018414497,0.6752179720206186,,0.6752179720206186,workspace.recon.cyl_fast_reference_engine.reconstruct_cylindrical_reference
T02_ref3,ref3,0,L_shape_test_0005,L-shape,2.6114448965110353,22.970910897310183,0.14126028470119179,0.014901294372975826,0.25930995895760134,,0.25930995895760134,workspace.recon.cyl_fast_reference_engine.reconstruct_cylindrical_reference
T02_ref3,ref3,0,L_shape_test_0006,L-shape,3.0155357082981524,26.36743583509655,0.273437965604994,0.007584443781524897,0.24157332500908524,,0.24157332500908524,workspace.recon.cyl_fast_reference_engine.reconstruct_cylindrical_reference
T02_ref3,ref3,0,L_shape_test_0007,L-shape,2.0580469676245943,23.864968329970143,0.22518585411396555,0.011804604902863503,0.31072910700459033,,0.31072910700459033,workspace.recon.cyl_fast_reference_engine.reconstruct_cylindrical_reference
T02_ref3,ref3,0,L_shape_test_0008,L-shape,3.9257124046223932,24.535223746564444,0.1517940992573826,0.011288892477750778,0.22388757800217718,,0.22388757800217718,workspace.recon.cyl_fast_reference_engine.reconstruct_cylindrical_reference
T02_ref3,ref3,0,L_shape_test_0009,L-shape,5.426535435410413,19.05801342341531,0.055014476954555934,0.02903236262500286,0.5828002589987591,,0.5828002589987591,workspace.recon.cyl_fast_reference_engine.reconstruct_cylindrical_reference
T02_ref3,ref3,0,L_shape_test_0010,L-shape,2.991112256922217,25.844124880245033,0.2557087740372253,0.00795796886086464,0.31236361601622775,,0.31236361601622775,workspace.recon.cyl_fast_reference_engine.reconstruct_cylindrical_reference
T02_ref3,ref3,0,L_shape_test_0011,L-shape,2.9436238075839745,28.691020540287305,0.3587993153961883,0.005845237988978624,0.20867820002604276,,0.20867820002604276,workspace.recon.cyl_fast_reference_engine.reconstruct_cylindrical_reference
T02_ref3,ref3,0,L_shape_test_0012,L-shape,1.4944414723816883,25.0135498933495,0.2895905895943398,0.009194079786539078,0.4486849679960869,,0.4486849679960869,workspace.recon.cyl_fast_reference_engine.reconstruct_cylindrical_reference
T02_ref3,ref3,0,L_shape_test_0013,L-shape,1.6815826113718695,25.005011336679388,0.2601414049761634,0.009763726033270359,0.42514269397361204,,0.42514269397361204,workspace.recon.cyl_fast_reference_engine.reconstruct_cylindrical_reference
T02_ref3,ref3,0,L_shape_test_0014,L-shape,3.748547361567417,26.454167979392377,0.24751686536190284,0.007755553349852562,0.2298451560200192,,0.2298451560200192,workspace.recon.cyl_fast_reference_engine.reconstruct_cylindrical_reference
T02_ref3,ref3,0,L_shape_test_0015,L-shape,2.5847282716709543,21.741474533725725,0.1267341368016889,0.019355561584234238,0.3338083399576135,,0.3338083399576135,workspace.recon.cyl_fast_reference_engine.reconstruct_cylindrical_reference
T02_ref3,ref3,0,L_shape_test_0016,L-shape,1.9683844789345752,24.469654597883007,0.2327814117408584,0.01114949956536293,0.3756870820070617,,0.3756870820070617,workspace.recon.cyl_fast_reference_engine.reconstruct_cylindrical_reference
T02_ref3,ref3,0,L_shape_test_0017,L-shape,2.7173505052346063,21.958664994118116,0.1454454158288662,0.016943052411079407,0.350842029962223,,0.350842029962223,workspace.recon.cyl_fast_reference_engine.reconstruct_cylindrical_reference
T02_ref3,ref3,0,L_shape_test_0018,L-shape,2.0331411919772306,23.11797808350686,0.18169766669027637,0.013153130188584328,0.47173417400335893,,0.47173417400335893,workspace.recon.cyl_fast_reference_engine.reconstruct_cylindrical_reference
T02_ref3,ref3,0,L_shape_test_0019,L-shape,11.131529136575391,22.864459928916983,0.0865607709487707,0.012968703173100948,0.39184097497491166,,0.39184097497491166,workspace.recon.cyl_fast_reference_engine.reconstruct_cylindrical_reference
T02_ref3,ref3,0,double_line_test_0000,double-line,1.4189561916965179,24.712876898541637,0.32368730959949105,0.00894961878657341,0.2539398660301231,,0.2539398660301231,workspace.recon.cyl_fast_reference_engine.reconstruct_cylindrical_reference
T02_ref3,ref3,0,double_line_test_0001,double-line,2.2537478413249934,23.108057155720658,0.16796838724166624,0.014489470981061459,0.4291419019573368,,0.4291419019573368,workspace.recon.cyl_fast_reference_engine.reconstruct_cylindrical_reference
T02_ref3,ref3,0,double_line_test_0002,double-line,1.347697752556682,29.949906212283317,0.47839494157162543,0.002656852826476097,0.2215553559944965,,0.2215553559944965,workspace.recon.cyl_fast_reference_engine.reconstruct_cylindrical_reference
T02_ref3,ref3,0,double_line_test_0003,double-line,2.032300334940617,22.547409483099422,0.18892443253079708,0.017394784837961197,0.3541705639800057,,0.3541705639800057,workspace.recon.cyl_fast_reference_engine.reconstruct_cylindrical_reference
T02_ref3,ref3,0,double_line_test_0004,double-line,1.8021684738711559,23.337169241489132,0.2183967914429537,0.01453909371048212,0.40289778501028195,,0.40289778501028195,workspace.recon.cyl_fast_reference_engine.reconstruct_cylindrical_reference
T02_ref3,ref3,0,double_line_test_0005,double-line,1.0515953789530075,25.77581109340973,0.27927709485082103,0.005461409222334623,0.2781422699918039,,0.2781422699918039,workspace.recon.cyl_fast_reference_engine.reconstruct_cylindrical_reference
T02_ref3,ref3,0,double_line_test_0006,double-line,2.4569996535427463,21.398725187332026,0.16274390659856275,0.01755886897444725,0.40643147099763155,,0.40643147099763155,workspace.recon.cyl_fast_reference_engine.reconstruct_cylindrical_reference
T02_ref3,ref3,0,double_line_test_0007,double-line,11.619962046353578,21.290359695995093,0.052719236633647824,0.01798316091299057,0.2652777449693531,,0.2652777449693531,workspace.recon.cyl_fast_reference_engine.reconstruct_cylindrical_reference
T02_ref3,ref3,0,double_line_test_0008,double-line,6.393358612580016,20.31020316479955,0.050341055234826786,0.023033034056425095,2.4624688230105676,,2.4624688230105676,workspace.recon.cyl_fast_reference_engine.reconstruct_cylindrical_reference
T02_ref3,ref3,0,double_line_test_0009,double-line,3.1704852829823147,22.958794699562993,0.16987633294568028,0.013805760070681572,0.4926087739877403,,0.4926087739877403,workspace.recon.cyl_fast_reference_engine.reconstruct_cylindrical_reference
T02_ref3,ref3,0,double_line_test_0010,double-line,2.6369076156483358,22.12959430612617,0.1698501690578966,0.015006392262876034,0.4251660450245254,,0.4251660450245254,workspace.recon.cyl_fast_reference_engine.reconstruct_cylindrical_reference
T02_ref3,ref3,0,double_line_test_0011,double-line,1.4646527779402727,26.32485132930425,0.31041127943150254,0.00885059218853712,0.28408933099126443,,0.28408933099126443,workspace.recon.cyl_fast_reference_engine.reconstruct_cylindrical_reference
T02_ref3,ref3,0,double_line_test_0012,double-line,4.420801937316856,24.193764470762286,0.20729718341099165,0.0091761015355587,0.4110388190019876,,0.4110388190019876,workspace.recon.cyl_fast_reference_engine.reconstruct_cylindrical_reference
T02_ref3,ref3,0,double_line_test_0013,double-line,2.3514124392668077,21.29911080047188,0.16378248031260403,0.01952323131263256,0.3983036759891547,,0.3983036759891547,workspace.recon.cyl_fast_reference_engine.reconstruct_cylindrical_reference
T02_ref3,ref3,0,double_line_test_0014,double-line,2.9171887998746624,21.12832268280541,0.11072322031668859,0.02182207815349102,0.3007134459912777,,0.3007134459912777,workspace.recon.cyl_fast_reference_engine.reconstruct_cylindrical_reference
T02_ref3,ref3,0,small_rect_edge_test_0000,small_rect_edge,1.856671688444159,27.201516902172813,0.37691903834900436,0.005248184781521559,0.17589697299990803,,0.17589697299990803,workspace.recon.cyl_fast_reference_engine.reconstruct_cylindrical_reference
T02_ref3,ref3,0,small_rect_edge_test_0001,small_rect_edge,5.7986830179431585,23.163875436528567,0.11760286424456741,0.012604792602360249,0.20894830301404,,0.20894830301404,workspace.recon.cyl_fast_reference_engine.reconstruct_cylindrical_reference
T02_ref3,ref3,0,small_rect_edge_test_0002,small_rect_edge,1.6127609362147655,25.646138968452775,0.27356527273553055,0.008388127200305462,0.24791963200550526,,0.24791963200550526,workspace.recon.cyl_fast_reference_engine.reconstruct_cylindrical_reference
T02_ref3,ref3,0,small_rect_edge_test_0003,small_rect_edge,9.547541992756518,20.71026289060194,0.05477431927618206,0.019123908132314682,0.25342843000544235,,0.25342843000544235,workspace.recon.cyl_fast_reference_engine.reconstruct_cylindrical_reference
T02_ref3,ref3,0,small_rect_edge_test_0004,small_rect_edge,6.6098219594095715,20.94945943833032,0.0685004309697104,0.01872633583843708,0.2710864740074612,,0.2710864740074612,workspace.recon.cyl_fast_reference_engine.reconstruct_cylindrical_reference
T02_ref3,ref3,0,small_rect_edge_test_0005,small_rect_edge,2.9980905746778514,24.69327025592589,0.17736509973458756,0.00955373514443636,0.26773494004737586,,0.26773494004737586,workspace.recon.cyl_fast_reference_engine.reconstruct_cylindrical_reference
T02_ref3,ref3,0,small_rect_edge_test_0006,small_rect_edge,3.6680777450172832,24.32078624508793,0.15753848932898692,0.01232131291180849,0.2572790330159478,,0.2572790330159478,workspace.recon.cyl_fast_reference_engine.reconstruct_cylindrical_reference
T02_ref3,ref3,0,small_rect_edge_test_0007,small_rect_edge,1.3565659458700565,27.753272021894357,0.3750632077676366,0.004069554153829813,0.23434310202719644,,0.23434310202719644,workspace.recon.cyl_fast_reference_engine.reconstruct_cylindrical_reference
T02_ref3,ref3,0,small_rect_edge_test_0008,small_rect_edge,4.878457563904861,21.539351598518117,0.07739700115420987,0.018167076632380486,0.2500170230050571,,0.2500170230050571,workspace.recon.cyl_fast_reference_engine.reconstruct_cylindrical_reference
T02_ref3,ref3,0,small_rect_edge_test_0009,small_rect_edge,3.255285294039051,25.76992229834135,0.209368462672205,0.00932644959539175,0.22774648299673572,,0.22774648299673572,workspace.recon.cyl_fast_reference_engine.reconstruct_cylindrical_reference
T02_ref3,ref3,0,point_cluster_test_0000,point_cluster,13.364726545708512,21.658723684496497,0.08247248450220265,0.01346984039992094,0.3791010990389623,,0.3791010990389623,workspace.recon.cyl_fast_reference_engine.reconstruct_cylindrical_reference
T02_ref3,ref3,0,point_cluster_test_0001,point_cluster,3.9558694141407313,25.698748756379928,0.22076768391511112,0.009851604700088501,0.3385529210208915,,0.3385529210208915,workspace.recon.cyl_fast_reference_engine.reconstruct_cylindrical_reference
T02_ref3,ref3,0,point_cluster_test_0002,point_cluster,12.368916055710809,24.68232246130341,0.13840100875980121,0.01001445110887289,0.192990691983141,,0.192990691983141,workspace.recon.cyl_fast_reference_engine.reconstruct_cylindrical_reference
T02_ref3,ref3,0,point_cluster_test_0003,point_cluster,18.9885798124762,23.079165960302905,0.10246053228788736,0.01072299387305975,0.29053776001092046,,0.29053776001092046,workspace.recon.cyl_fast_reference_engine.reconstruct_cylindrical_reference
T02_ref3,ref3,0,point_cluster_test_0004,point_cluster,4.35650517309383,25.027007013016235,0.19403024276224157,0.010260539129376411,0.2882143210154027,,0.2882143210154027,workspace.recon.cyl_fast_reference_engine.reconstruct_cylindrical_reference
T02_ref3,ref3,0,point_cluster_test_0005,point_cluster,4.571261306511319,24.76559073774483,0.15102242666042043,0.011394094675779343,0.2167565769632347,,0.2167565769632347,workspace.recon.cyl_fast_reference_engine.reconstruct_cylindrical_reference
T02_ref3,ref3,0,point_cluster_test_0006,point_cluster,20.145060345877898,22.02629511088358,0.0809879593410838,0.011867261491715908,0.4506944309687242,,0.4506944309687242,workspace.recon.cyl_fast_reference_engine.reconstruct_cylindrical_reference
T02_ref3,ref3,0,point_cluster_test_0007,point_cluster,24.531646415725273,21.710846067372906,0.06880111609285798,0.012977169826626778,0.21525535703403875,,0.21525535703403875,workspace.recon.cyl_fast_reference_engine.reconstruct_cylindrical_reference
T02_ref3,ref3,0,point_cluster_test_0008,point_cluster,16.457929954995468,22.586289316674133,0.08743811776850305,0.0120964664965868,0.2126784339779988,,0.2126784339779988,workspace.recon.cyl_fast_reference_engine.reconstruct_cylindrical_reference
T02_ref3,ref3,0,point_cluster_test_0009,point_cluster,13.941082898513537,24.63645022794963,0.18961836630456239,0.007390833459794521,0.29117186699295416,,0.29117186699295416,workspace.recon.cyl_fast_reference_engine.reconstruct_cylindrical_reference
T02_ref3,ref3,0,point_cluster_test_0010,point_cluster,4.550754424658355,24.701817352694523,0.1715421267870638,0.010643248446285725,0.3369244039640762,,0.3369244039640762,workspace.recon.cyl_fast_reference_engine.reconstruct_cylindrical_reference
T02_ref3,ref3,0,point_cluster_test_0011,point_cluster,26.124335208885793,20.736596137980314,0.040056444696771526,0.016767136752605438,0.2259571859613061,,0.2259571859613061,workspace.recon.cyl_fast_reference_engine.reconstruct_cylindrical_reference
T02_ref3,ref3,0,point_cluster_test_0012,point_cluster,8.104192872300578,24.567648761043323,0.1633324286417862,0.008592503145337105,0.26044836395885795,,0.26044836395885795,workspace.recon.cyl_fast_reference_engine.reconstruct_cylindrical_reference
T02_ref3,ref3,0,point_cluster_test_0013,point_cluster,9.40680057842769,22.626197096828502,0.0588850085506696,0.017972636967897415,0.3071227199980058,,0.3071227199980058,workspace.recon.cyl_fast_reference_engine.reconstruct_cylindrical_reference
T02_ref3,ref3,0,point_cluster_test_0014,point_cluster,6.964103870402129,25.833101628329782,0.2204103895467587,0.0072594559751451015,0.20376100298017263,,0.20376100298017263,workspace.recon.cyl_fast_reference_engine.reconstruct_cylindrical_reference
T02_ref3,ref3,0,point_cluster_test_0015,point_cluster,6.869029789407138,26.026830862394853,0.22542482987555842,0.006856473162770271,0.2601819689734839,,0.2601819689734839,workspace.recon.cyl_fast_reference_engine.reconstruct_cylindrical_reference
T02_ref3,ref3,0,point_cluster_test_0016,point_cluster,9.044329245940753,22.31493343524932,0.08136752199193524,0.01594388671219349,0.3901334429974668,,0.3901334429974668,workspace.recon.cyl_fast_reference_engine.reconstruct_cylindrical_reference
T02_ref3,ref3,0,point_cluster_test_0017,point_cluster,14.309402495942228,24.590493656888967,0.23099226033744255,0.007245099171996117,0.18394343799445778,,0.18394343799445778,workspace.recon.cyl_fast_reference_engine.reconstruct_cylindrical_reference
T02_ref3,ref3,0,point_cluster_test_0018,point_cluster,28.063406684234053,21.25424015705494,0.060916420684482143,0.013240963220596313,0.28415828105062246,,0.28415828105062246,workspace.recon.cyl_fast_reference_engine.reconstruct_cylindrical_reference
T02_ref3,ref3,0,point_cluster_test_0019,point_cluster,14.510070626051228,23.277181112413906,0.10792015601908729,0.010377067141234875,0.40805138600990176,,0.40805138600990176,workspace.recon.cyl_fast_reference_engine.reconstruct_cylindrical_reference
T03_ref5,ref5,0,line_test_0000,line,2.0925285163046436,27.63429989213893,0.4131796774319509,0.004482114687561989,0.46405948500614613,,0.46405948500614613,workspace.recon.cyl_fast_reference_engine.reconstruct_cylindrical_reference
T03_ref5,ref5,0,line_test_0001,line,2.0699017221459943,22.750726994932478,0.27714981110385467,0.012947146780788898,0.6088857520371675,,0.6088857520371675,workspace.recon.cyl_fast_reference_engine.reconstruct_cylindrical_reference
T03_ref5,ref5,0,line_test_0002,line,2.466324158545566,26.281798825181873,0.32081301598064765,0.007061689160764217,0.2872499650111422,,0.2872499650111422,workspace.recon.cyl_fast_reference_engine.reconstruct_cylindrical_reference
T03_ref5,ref5,0,line_test_0003,line,7.0832008156056245,25.408819777327444,0.19973932818211942,0.008165333420038223,0.44782172702252865,,0.44782172702252865,workspace.recon.cyl_fast_reference_engine.reconstruct_cylindrical_reference
T03_ref5,ref5,0,line_test_0004,line,4.788909481732351,29.83604018633944,0.45025492779933646,0.0036109457723796368,0.3227520369691774,,0.3227520369691774,workspace.recon.cyl_fast_reference_engine.reconstruct_cylindrical_reference
T03_ref5,ref5,0,line_test_0005,line,2.4548050294327295,28.516840903924184,0.3972536970294961,0.0042427415028214455,0.31721862399717793,,0.31721862399717793,workspace.recon.cyl_fast_reference_engine.reconstruct_cylindrical_reference
T03_ref5,ref5,0,line_test_0006,line,2.9438419804875164,26.90989630717175,0.3772039869810894,0.0053940704092383385,0.619364618032705,,0.619364618032705,workspace.recon.cyl_fast_reference_engine.reconstruct_cylindrical_reference
T03_ref5,ref5,0,line_test_0007,line,3.658489755792604,24.155883835201035,0.2076683859817737,0.00960262306034565,0.499314846994821,,0.499314846994821,workspace.recon.cyl_fast_reference_engine.reconstruct_cylindrical_reference
T03_ref5,ref5,0,line_test_0008,line,1.263578460330537,24.804723681683928,0.366754538014695,0.009425184689462185,0.29845351399853826,,0.29845351399853826,workspace.recon.cyl_fast_reference_engine.reconstruct_cylindrical_reference
T03_ref5,ref5,0,line_test_0009,line,2.2080853239918947,26.7666610877772,0.3104113344480675,0.007047180086374283,0.4260769209940918,,0.4260769209940918,workspace.recon.cyl_fast_reference_engine.reconstruct_cylindrical_reference
T03_ref5,ref5,0,line_test_0010,line,2.9798487257441626,27.67773301483792,0.3987530695990282,0.0042694634757936,0.5550889010191895,,0.5550889010191895,workspace.recon.cyl_fast_reference_engine.reconstruct_cylindrical_reference
T03_ref5,ref5,0,line_test_0011,line,1.7823982723132616,25.236841775049147,0.25876097064432046,0.00956282764673233,0.3173995479592122,,0.3173995479592122,workspace.recon.cyl_fast_reference_engine.reconstruct_cylindrical_reference
T03_ref5,ref5,0,line_test_0012,line,1.7098771804000923,27.352270403677625,0.4290156865728529,0.0051648891530931,0.4443529599811882,,0.4443529599811882,workspace.recon.cyl_fast_reference_engine.reconstruct_cylindrical_reference
T03_ref5,ref5,0,line_test_0013,line,1.991104910136386,24.022793863744166,0.2540698680714719,0.01021378394216299,0.30164207599591464,,0.30164207599591464,workspace.recon.cyl_fast_reference_engine.reconstruct_cylindrical_reference
T03_ref5,ref5,0,line_test_0014,line,6.205532654073863,26.90217008326982,0.2852906078695455,0.0058693611063063145,0.22606092900969088,,0.22606092900969088,workspace.recon.cyl_fast_reference_engine.reconstruct_cylindrical_reference
T03_ref5,ref5,0,line_test_0015,line,3.1130684247247693,30.457209008028077,0.5024219556096522,0.002902682637795806,0.25046161701902747,,0.25046161701902747,workspace.recon.cyl_fast_reference_engine.reconstruct_cylindrical_reference
T03_ref5,ref5,0,line_test_0016,line,2.6392541069989104,23.98819838735978,0.18913086812581031,0.011861676350235939,0.37626695301150903,,0.37626695301150903,workspace.recon.cyl_fast_reference_engine.reconstruct_cylindrical_reference
T03_ref5,ref5,0,line_test_0017,line,1.9799603314737975,29.12843782633719,0.4437233518923525,0.005125883966684341,0.23874017497291788,,0.23874017497291788,workspace.recon.cyl_fast_reference_engine.reconstruct_cylindrical_reference
T03_ref5,ref5,0,line_test_0018,line,3.0534949288442403,24.52063123810866,0.26844574886181627,0.008455652743577957,0.33688359102234244,,0.33688359102234244,workspace.recon.cyl_fast_reference_engine.reconstruct_cylindrical_reference
T03_ref5,ref5,0,line_test_0019,line,1.8817982196922096,26.55535818087863,0.3680197728510122,0.006055990234017372,0.30022114200983196,,0.30022114200983196,workspace.recon.cyl_fast_reference_engine.reconstruct_cylindrical_reference
T03_ref5,ref5,0,cross_test_0000,cross,2.1380382086097147,28.880210032385225,0.4377643820279506,0.004725122824311256,0.3020215679425746,,0.3020215679425746,workspace.recon.cyl_fast_reference_engine.reconstruct_cylindrical_reference
T03_ref5,ref5,0,cross_test_0001,cross,1.692544912100766,24.215272262387025,0.29383300690429,0.012090581469237804,0.4122463279636577,,0.4122463279636577,workspace.recon.cyl_fast_reference_engine.reconstruct_cylindrical_reference
T03_ref5,ref5,0,cross_test_0002,cross,2.5440561071392964,26.309721345120508,0.2798114377010849,0.007371621206402779,0.30614909302676097,,0.30614909302676097,workspace.recon.cyl_fast_reference_engine.reconstruct_cylindrical_reference
T03_ref5,ref5,0,cross_test_0003,cross,1.893626148010553,24.85995838291423,0.3045877410152867,0.010241477750241756,0.4824074700009078,,0.4824074700009078,workspace.recon.cyl_fast_reference_engine.reconstruct_cylindrical_reference
T03_ref5,ref5,0,cross_test_0004,cross,2.1687018546524204,24.503690727789355,0.2862779945705304,0.01075862068682909,0.42184604197973385,,0.42184604197973385,workspace.recon.cyl_fast_reference_engine.reconstruct_cylindrical_reference
T03_ref5,ref5,0,cross_test_0005,cross,3.591641940329363,25.611781581050757,0.23033282637846492,0.009094477631151676,0.3340563870151527,,0.3340563870151527,workspace.recon.cyl_fast_reference_engine.reconstruct_cylindrical_reference
T03_ref5,ref5,0,cross_test_0006,cross,1.8712291877985625,25.998972832983394,0.4118892613462048,0.00593968341127038,0.33532406197628006,,0.33532406197628006,workspace.recon.cyl_fast_reference_engine.reconstruct_cylindrical_reference
T03_ref5,ref5,0,cross_test_0007,cross,4.645303247324762,27.26118375088717,0.3388719412546749,0.005674249026924372,0.35929746797773987,,0.35929746797773987,workspace.recon.cyl_fast_reference_engine.reconstruct_cylindrical_reference
T03_ref5,ref5,0,cross_test_0008,cross,1.3278118929832678,26.73466846668564,0.44819832999245024,0.007271676789969206,0.31418434099759907,,0.31418434099759907,workspace.recon.cyl_fast_reference_engine.reconstruct_cylindrical_reference
T03_ref5,ref5,0,cross_test_0009,cross,5.113609997759415,25.79232344541709,0.23233449301415074,0.007188601419329643,0.33023026102455333,,0.33023026102455333,workspace.recon.cyl_fast_reference_engine.reconstruct_cylindrical_reference
T03_ref5,ref5,0,cross_test_0010,cross,4.464108167894595,25.550169601828834,0.22885498873150587,0.007962839677929878,0.6906811539665796,,0.6906811539665796,workspace.recon.cyl_fast_reference_engine.reconstruct_cylindrical_reference
T03_ref5,ref5,0,cross_test_0011,cross,1.76849570700379,24.838119047934974,0.26733090798111886,0.009289146400988102,0.3283083849819377,,0.3283083849819377,workspace.recon.cyl_fast_reference_engine.reconstruct_cylindrical_reference
T03_ref5,ref5,0,cross_test_0012,cross,3.0075712163356543,26.884443714928263,0.34385583409186504,0.0066588036715984344,0.4013392300112173,,0.4013392300112173,workspace.recon.cyl_fast_reference_engine.reconstruct_cylindrical_reference
T03_ref5,ref5,0,cross_test_0013,cross,4.054974893657096,25.58235882527054,0.218468961312802,0.009126677177846432,0.6697315970086493,,0.6697315970086493,workspace.recon.cyl_fast_reference_engine.reconstruct_cylindrical_reference
T03_ref5,ref5,0,cross_test_0014,cross,2.032873509347496,24.62242053436075,0.30738489392319546,0.009607110172510147,0.27943280700128525,,0.27943280700128525,workspace.recon.cyl_fast_reference_engine.reconstruct_cylindrical_reference
T03_ref5,ref5,0,L_shape_test_0000,L-shape,1.579416561244517,24.18720738906934,0.2691937499811355,0.010877853259444237,0.3778432519757189,,0.3778432519757189,workspace.recon.cyl_fast_reference_engine.reconstruct_cylindrical_reference
T03_ref5,ref5,0,L_shape_test_0001,L-shape,1.8422261093518708,25.010024254064945,0.33526496787610716,0.007955553010106087,0.5540556600317359,,0.5540556600317359,workspace.recon.cyl_fast_reference_engine.reconstruct_cylindrical_reference
T03_ref5,ref5,0,L_shape_test_0002,L-shape,2.2796770816242065,23.702187217104857,0.21127696464894907,0.012399764731526375,0.3540420010103844,,0.3540420010103844,workspace.recon.cyl_fast_reference_engine.reconstruct_cylindrical_reference
T03_ref5,ref5,0,L_shape_test_0003,L-shape,1.642061050922646,25.334405742829205,0.3147795915244075,0.00814421009272337,0.38298890000442043,,0.38298890000442043,workspace.recon.cyl_fast_reference_engine.reconstruct_cylindrical_reference
T03_ref5,ref5,0,L_shape_test_0004,L-shape,2.6746587961047505,21.507701152484366,0.12878150786823145,0.017604496330022812,0.9161187040153891,,0.9161187040153891,workspace.recon.cyl_fast_reference_engine.reconstruct_cylindrical_reference
T03_ref5,ref5,0,L_shape_test_0005,L-shape,2.30378034043579,23.515308978006672,0.20739757747952364,0.012402703054249287,0.3449174289708026,,0.3449174289708026,workspace.recon.cyl_fast_reference_engine.reconstruct_cylindrical_reference
T03_ref5,ref5,0,L_shape_test_0006,L-shape,1.9482395423648329,28.264657142268792,0.4074450473745248,0.00409429706633091,0.3251654759515077,,0.3251654759515077,workspace.recon.cyl_fast_reference_engine.reconstruct_cylindrical_reference
T03_ref5,ref5,0,L_shape_test_0007,L-shape,1.6083205631893887,24.935795241867616,0.27744183541026096,0.009646083228290081,0.40359916898887604,,0.40359916898887604,workspace.recon.cyl_fast_reference_engine.reconstruct_cylindrical_reference
T03_ref5,ref5,0,L_shape_test_0008,L-shape,3.240081215842707,25.368849476976564,0.20979339012229134,0.008445300161838531,0.300504409999121,,0.300504409999121,workspace.recon.cyl_fast_reference_engine.reconstruct_cylindrical_reference
T03_ref5,ref5,0,L_shape_test_0009,L-shape,2.3013417115541537,22.783428652016976,0.1882439984111371,0.014666843228042126,0.7616048519848846,,0.7616048519848846,workspace.recon.cyl_fast_reference_engine.reconstruct_cylindrical_reference
T03_ref5,ref5,0,L_shape_test_0010,L-shape,2.3670464724863165,26.86038428504763,0.3149938570594403,0.006839008070528507,0.42205054796068,,0.42205054796068,workspace.recon.cyl_fast_reference_engine.reconstruct_cylindrical_reference
T03_ref5,ref5,0,L_shape_test_0011,L-shape,3.1503867393184093,28.396205181400905,0.3835085501157759,0.004799406975507736,0.2781219120370224,,0.2781219120370224,workspace.recon.cyl_fast_reference_engine.reconstruct_cylindrical_reference
T03_ref5,ref5,0,L_shape_test_0012,L-shape,1.3816060271032895,25.354496859668316,0.2979095247799308,0.0088049890473485,0.615781127999071,,0.615781127999071,workspace.recon.cyl_fast_reference_engine.reconstruct_cylindrical_reference
T03_ref5,ref5,0,L_shape_test_0013,L-shape,1.4445433380673907,25.664887604095213,0.3062487016437032,0.008513134904205799,0.5755115199717693,,0.5755115199717693,workspace.recon.cyl_fast_reference_engine.reconstruct_cylindrical_reference
T03_ref5,ref5,0,L_shape_test_0014,L-shape,2.388536717953543,28.411478512448358,0.3976958929229189,0.004924201872199774,0.308457113977056,,0.308457113977056,workspace.recon.cyl_fast_reference_engine.reconstruct_cylindrical_reference
T03_ref5,ref5,0,L_shape_test_0015,L-shape,1.3967030595731174,24.414582658791943,0.29531207556721684,0.009839494712650776,0.43823342700488865,,0.43823342700488865,workspace.recon.cyl_fast_reference_engine.reconstruct_cylindrical_reference
T03_ref5,ref5,0,L_shape_test_0016,L-shape,1.6558403597773854,25.220569322384584,0.2751611973612604,0.009823616594076157,0.5069859329960309,,0.5069859329960309,workspace.recon.cyl_fast_reference_engine.reconstruct_cylindrical_reference
T03_ref5,ref5,0,L_shape_test_0017,L-shape,1.741721653172538,23.89033386066531,0.23615104348279672,0.011575598269701004,0.4613997529959306,,0.4613997529959306,workspace.recon.cyl_fast_reference_engine.reconstruct_cylindrical_reference
T03_ref5,ref5,0,L_shape_test_0018,L-shape,1.6474128091450706,24.031629218326298,0.2758965765974092,0.011271613650023937,0.6316374150337651,,0.6316374150337651,workspace.recon.cyl_fast_reference_engine.reconstruct_cylindrical_reference
T03_ref5,ref5,0,L_shape_test_0019,L-shape,5.237120463362654,26.139082834212203,0.2519430195562612,0.006616886239498854,0.5528815020225011,,0.5528815020225011,workspace.recon.cyl_fast_reference_engine.reconstruct_cylindrical_reference
T03_ref5,ref5,0,double_line_test_0000,double-line,1.2183606053497162,25.37480823526868,0.36138964160178944,0.0071833785623312,0.346773645025678,,0.346773645025678,workspace.recon.cyl_fast_reference_engine.reconstruct_cylindrical_reference
T03_ref5,ref5,0,double_line_test_0001,double-line,2.3605201810264806,22.90703310094411,0.14988849561238882,0.0152693260461092,0.573704426002223,,0.573704426002223,workspace.recon.cyl_fast_reference_engine.reconstruct_cylindrical_reference
T03_ref5,ref5,0,double_line_test_0002,double-line,1.3462272375768218,29.95464728104444,0.47816393141818686,0.0025631010066717863,0.2909967669984326,,0.2909967669984326,workspace.recon.cyl_fast_reference_engine.reconstruct_cylindrical_reference
T03_ref5,ref5,0,double_line_test_0003,double-line,2.0230932725228437,22.567129108695415,0.20691013613151993,0.015181051567196846,0.469728694006335,,0.469728694006335,workspace.recon.cyl_fast_reference_engine.reconstruct_cylindrical_reference
T03_ref5,ref5,0,double_line_test_0004,double-line,1.3231226169585317,24.679122441166427,0.3583044704427949,0.010572755709290504,0.5450342249823734,,0.5450342249823734,workspace.recon.cyl_fast_reference_engine.reconstruct_cylindrical_reference
T03_ref5,ref5,0,double_line_test_0005,double-line,1.011665621289288,25.94392787393889,0.3377358940277675,0.007171450182795525,0.3690077859791927,,0.3690077859791927,workspace.recon.cyl_fast_reference_engine.reconstruct_cylindrical_reference
T03_ref5,ref5,0,double_line_test_0006,double-line,1.9521988091540694,22.397535828828513,0.20487965512741327,0.014885006472468376,0.5530108529492281,,0.5530108529492281,workspace.recon.cyl_fast_reference_engine.reconstruct_cylindrical_reference
T03_ref5,ref5,0,double_line_test_0007,double-line,3.9388244555434233,25.988740702585034,0.252528319776126,0.0073722293600440025,0.37564444198505953,,0.37564444198505953,workspace.recon.cyl_fast_reference_engine.reconstruct_cylindrical_reference
T03_ref5,ref5,0,double_line_test_0008,double-line,7.360724016127495,19.69828847750645,0.042849739887541274,0.025314411148428917,3.5504937850055285,,3.5504937850055285,workspace.recon.cyl_fast_reference_engine.reconstruct_cylindrical_reference
T03_ref5,ref5,0,double_line_test_0009,double-line,2.4920716080689798,24.004446870718468,0.25593773937829534,0.010077320039272308,0.6793024819926359,,0.6793024819926359,workspace.recon.cyl_fast_reference_engine.reconstruct_cylindrical_reference
T03_ref5,ref5,0,double_line_test_0010,double-line,2.0968306242330415,23.124909871593864,0.21366491216603642,0.01286272518336773,0.5774105879827403,,0.5774105879827403,workspace.recon.cyl_fast_reference_engine.reconstruct_cylindrical_reference
T03_ref5,ref5,0,double_line_test_0011,double-line,1.8001004499438802,25.429230690888648,0.2974151502868076,0.008917118422687054,0.36808419099543244,,0.36808419099543244,workspace.recon.cyl_fast_reference_engine.reconstruct_cylindrical_reference
T03_ref5,ref5,0,double_line_test_0012,double-line,3.8308128408140667,24.815865783401108,0.22855148526955693,0.008790203370153904,0.5752181999851018,,0.5752181999851018,workspace.recon.cyl_fast_reference_engine.reconstruct_cylindrical_reference
T03_ref5,ref5,0,double_line_test_0013,double-line,1.6813456503171038,22.755829074926037,0.24047455131035864,0.015484463423490524,0.5093007159885019,,0.5093007159885019,workspace.recon.cyl_fast_reference_engine.reconstruct_cylindrical_reference
T03_ref5,ref5,0,double_line_test_0014,double-line,2.4701534928628535,21.850728583354044,0.15138133600405293,0.016530398279428482,0.39617194200400263,,0.39617194200400263,workspace.recon.cyl_fast_reference_engine.reconstruct_cylindrical_reference
T03_ref5,ref5,0,small_rect_edge_test_0000,small_rect_edge,1.8086837213442026,27.3152418151516,0.3874715438935692,0.005364433396607637,0.2378422889742069,,0.2378422889742069,workspace.recon.cyl_fast_reference_engine.reconstruct_cylindrical_reference
T03_ref5,ref5,0,small_rect_edge_test_0001,small_rect_edge,2.3574331904507844,27.07277539397233,0.33325059648568583,0.0061629768460989,0.2779287769808434,,0.2779287769808434,workspace.recon.cyl_fast_reference_engine.reconstruct_cylindrical_reference
T03_ref5,ref5,0,small_rect_edge_test_0002,small_rect_edge,1.9431139066715732,24.8368561825287,0.22442316182596525,0.01062509324401617,0.33928632899187505,,0.33928632899187505,workspace.recon.cyl_fast_reference_engine.reconstruct_cylindrical_reference
T03_ref5,ref5,0,small_rect_edge_test_0003,small_rect_edge,3.619304141075947,24.922927736252735,0.21632423065304981,0.009070191532373428,0.3398321699933149,,0.3398321699933149,workspace.recon.cyl_fast_reference_engine.reconstruct_cylindrical_reference
T03_ref5,ref5,0,small_rect_edge_test_0004,small_rect_edge,3.7957933318782517,23.35833160357961,0.15994907714431716,0.01164100132882595,0.3637233849731274,,0.3637233849731274,workspace.recon.cyl_fast_reference_engine.reconstruct_cylindrical_reference
T03_ref5,ref5,0,small_rect_edge_test_0005,small_rect_edge,3.0951133759410348,24.554952105423922,0.22655741466145174,0.008740871213376522,0.36237619299208745,,0.36237619299208745,workspace.recon.cyl_fast_reference_engine.reconstruct_cylindrical_reference
T03_ref5,ref5,0,small_rect_edge_test_0006,small_rect_edge,2.3468764416433343,26.260269574265777,0.30062606725055224,0.0068388571962714195,0.34172208805102855,,0.34172208805102855,workspace.recon.cyl_fast_reference_engine.reconstruct_cylindrical_reference
T03_ref5,ref5,0,small_rect_edge_test_0007,small_rect_edge,1.3689861827402336,27.71369061478329,0.3774686737791275,0.004700064659118652,0.3151852369774133,,0.3151852369774133,workspace.recon.cyl_fast_reference_engine.reconstruct_cylindrical_reference
T03_ref5,ref5,0,small_rect_edge_test_0008,small_rect_edge,3.6380862523320756,22.813446898269923,0.15456963178472785,0.01233793143182993,0.3325798030127771,,0.3325798030127771,workspace.recon.cyl_fast_reference_engine.reconstruct_cylindrical_reference
T03_ref5,ref5,0,small_rect_edge_test_0009,small_rect_edge,2.50766684964453,26.90311460418636,0.30518697650643717,0.0066210804507136345,0.30010999098885804,,0.30010999098885804,workspace.recon.cyl_fast_reference_engine.reconstruct_cylindrical_reference
T03_ref5,ref5,0,point_cluster_test_0000,point_cluster,7.021560016239638,24.453988501129473,0.20497459653122815,0.0080405967310071,0.5034849139628932,,0.5034849139628932,workspace.recon.cyl_fast_reference_engine.reconstruct_cylindrical_reference
T03_ref5,ref5,0,point_cluster_test_0001,point_cluster,3.1011297206165143,26.755968916451074,0.28150129444620303,0.00837493035942316,0.45075199200073257,,0.45075199200073257,workspace.recon.cyl_fast_reference_engine.reconstruct_cylindrical_reference
T03_ref5,ref5,0,point_cluster_test_0002,point_cluster,6.717120918453617,27.333807218609515,0.2683667003286769,0.00683446042239666,0.2649629259831272,,0.2649629259831272,workspace.recon.cyl_fast_reference_engine.reconstruct_cylindrical_reference
T03_ref5,ref5,0,point_cluster_test_0003,point_cluster,5.378732642399485,28.557291319159887,0.4041885312059555,0.003891777014359832,0.3972727039945312,,0.3972727039945312,workspace.recon.cyl_fast_reference_engine.reconstruct_cylindrical_reference
T03_ref5,ref5,0,point_cluster_test_0004,point_cluster,3.3606461540782773,26.154161501061385,0.25543004242179035,0.008678034879267216,0.3875288279959932,,0.3875288279959932,workspace.recon.cyl_fast_reference_engine.reconstruct_cylindrical_reference
T03_ref5,ref5,0,point_cluster_test_0005,point_cluster,2.6825771344752742,27.08042889200496,0.32921792173487524,0.006448413711041212,0.2760246660327539,,0.2760246660327539,workspace.recon.cyl_fast_reference_engine.reconstruct_cylindrical_reference
T03_ref5,ref5,0,point_cluster_test_0006,point_cluster,5.4631487022745695,27.69355054819274,0.36574487444466774,0.00522553501650691,0.6310859840014018,,0.6310859840014018,workspace.recon.cyl_fast_reference_engine.reconstruct_cylindrical_reference
T03_ref5,ref5,0,point_cluster_test_0007,point_cluster,8.679659101252982,26.223086262739457,0.2926532577056836,0.00563404057174921,0.29499200399732217,,0.29499200399732217,workspace.recon.cyl_fast_reference_engine.reconstruct_cylindrical_reference
T03_ref5,ref5,0,point_cluster_test_0008,point_cluster,4.5601511703333815,28.160249073755985,0.3726483491365968,0.004270824603736401,0.2925125139881857,,0.2925125139881857,workspace.recon.cyl_fast_reference_engine.reconstruct_cylindrical_reference
T03_ref5,ref5,0,point_cluster_test_0009,point_cluster,8.130892302888798,26.978033566035695,0.35474751156842443,0.004406890831887722,0.40797763696173206,,0.40797763696173206,workspace.recon.cyl_fast_reference_engine.reconstruct_cylindrical_reference
T03_ref5,ref5,0,point_cluster_test_0010,point_cluster,3.9860172022814475,25.277259415563766,0.19988515922954855,0.009836121462285519,0.4426321580540389,,0.4426321580540389,workspace.recon.cyl_fast_reference_engine.reconstruct_cylindrical_reference
T03_ref5,ref5,0,point_cluster_test_0011,point_cluster,3.7653870874742,29.148952193892544,0.4551235272826935,0.004020778462290764,0.345081334002316,,0.345081334002316,workspace.recon.cyl_fast_reference_engine.reconstruct_cylindrical_reference
T03_ref5,ref5,0,point_cluster_test_0012,point_cluster,6.307105251806305,25.65644574022508,0.212350280961187,0.007542246021330357,0.4615738110151142,,0.4615738110151142,workspace.recon.cyl_fast_reference_engine.reconstruct_cylindrical_reference
T03_ref5,ref5,0,point_cluster_test_0013,point_cluster,2.6039513458257164,28.204287851327802,0.35439561254613106,0.006446105428040028,0.5189370139851235,,0.5189370139851235,workspace.recon.cyl_fast_reference_engine.reconstruct_cylindrical_reference
T03_ref5,ref5,0,point_cluster_test_0014,point_cluster,5.531204631054628,26.833556392318275,0.2875240338322644,0.005875207018107176,0.31156486802501604,,0.31156486802501604,workspace.recon.cyl_fast_reference_engine.reconstruct_cylindrical_reference
T03_ref5,ref5,0,point_cluster_test_0015,point_cluster,6.10855118169303,26.536402570044075,0.25252762887152225,0.006395548116415739,0.3583181949798018,,0.3583181949798018,workspace.recon.cyl_fast_reference_engine.reconstruct_cylindrical_reference
T03_ref5,ref5,0,point_cluster_test_0016,point_cluster,8.839750864716734,22.414296660840307,0.10701238580933962,0.01341648306697607,0.5296143119921908,,0.5296143119921908,workspace.recon.cyl_fast_reference_engine.reconstruct_cylindrical_reference
T03_ref5,ref5,0,point_cluster_test_0017,point_cluster,30.759766055112433,21.26687852569298,0.08975846578574564,0.011195803061127663,0.24891518597723916,,0.24891518597723916,workspace.recon.cyl_fast_reference_engine.reconstruct_cylindrical_reference
T03_ref5,ref5,0,point_cluster_test_0018,point_cluster,13.349721675930413,24.480921876450793,0.18476236763134768,0.007556361146271229,0.3947202319977805,,0.3947202319977805,workspace.recon.cyl_fast_reference_engine.reconstruct_cylindrical_reference
T03_ref5,ref5,0,point_cluster_test_0019,point_cluster,6.780647077293301,26.5811651813944,0.27730768523833893,0.005775101948529482,0.5646057960111648,,0.5646057960111648,workspace.recon.cyl_fast_reference_engine.reconstruct_cylindrical_reference
T04_ref7,ref7,0,line_test_0000,line,1.8946322180782926,28.06576462619253,0.4354102790756148,0.004390959162265062,0.6018702629953623,,0.6018702629953623,workspace.recon.cyl_fast_reference_engine.reconstruct_cylindrical_reference
T04_ref7,ref7,0,line_test_0001,line,1.4044498632443732,24.435161846111477,0.3487093804821605,0.009971539489924908,0.7716780519695021,,0.7716780519695021,workspace.recon.cyl_fast_reference_engine.reconstruct_cylindrical_reference
T04_ref7,ref7,0,line_test_0002,line,1.8817116116120405,27.456769613576064,0.39077043015675483,0.0057175965048372746,0.36739400401711464,,0.36739400401711464,workspace.recon.cyl_fast_reference_engine.reconstruct_cylindrical_reference
T04_ref7,ref7,0,line_test_0003,line,4.4980101755609585,27.38091089689253,0.3130095730513523,0.005606698803603649,0.5710502529982477,,0.5710502529982477,workspace.recon.cyl_fast_reference_engine.reconstruct_cylindrical_reference
T04_ref7,ref7,0,line_test_0004,line,4.40611204266127,30.19785130074879,0.48081965333262033,0.00339241954497993,0.4118452810216695,,0.4118452810216695,workspace.recon.cyl_fast_reference_engine.reconstruct_cylindrical_reference
T04_ref7,ref7,0,line_test_0005,line,3.437259303211023,27.0548879052716,0.3497420546011965,0.005600112024694681,0.4108223770163022,,0.4108223770163022,workspace.recon.cyl_fast_reference_engine.reconstruct_cylindrical_reference
T04_ref7,ref7,0,line_test_0006,line,1.5172648659209274,29.788427380005686,0.5672942561546457,0.003089098958298564,0.7927780469763093,,0.7927780469763093,workspace.recon.cyl_fast_reference_engine.reconstruct_cylindrical_reference
T04_ref7,ref7,0,line_test_0007,line,3.333623259860471,24.559737200726588,0.22988808675197767,0.00911659188568592,0.6395362939801998,,0.6395362939801998,workspace.recon.cyl_fast_reference_engine.reconstruct_cylindrical_reference
T04_ref7,ref7,0,line_test_0008,line,1.1021498473384816,25.398339472632337,0.44914732827689985,0.00826383288949728,0.37212554196594283,,0.37212554196594283,workspace.recon.cyl_fast_reference_engine.reconstruct_cylindrical_reference
T04_ref7,ref7,0,line_test_0009,line,1.7195983500353362,27.852549598307583,0.4045284491922899,0.00522896321490407,0.5443580669816583,,0.5443580669816583,workspace.recon.cyl_fast_reference_engine.reconstruct_cylindrical_reference
T04_ref7,ref7,0,line_test_0010,line,3.233512862020543,27.322929270771922,0.3699077916154421,0.004990876652300358,0.7051613149815239,,0.7051613149815239,workspace.recon.cyl_fast_reference_engine.reconstruct_cylindrical_reference
T04_ref7,ref7,0,line_test_0011,line,1.860334706439866,25.050978471086566,0.2745667873322338,0.008857258595526218,0.3888040669844486,,0.3888040669844486,workspace.recon.cyl_fast_reference_engine.reconstruct_cylindrical_reference
T04_ref7,ref7,0,line_test_0012,line,1.6985207817234738,27.38121076468296,0.4001036987551807,0.004938698373734951,0.5623928949935362,,0.5623928949935362,workspace.recon.cyl_fast_reference_engine.reconstruct_cylindrical_reference
T04_ref7,ref7,0,line_test_0013,line,1.278616601522371,25.946332169516342,0.4667582553523317,0.00606554513797164,0.3836927429656498,,0.3836927429656498,workspace.recon.cyl_fast_reference_engine.reconstruct_cylindrical_reference
T04_ref7,ref7,0,line_test_0014,line,4.922365222884613,27.908222681185414,0.35549941697172854,0.004734171088784933,0.28083597298245877,,0.28083597298245877,workspace.recon.cyl_fast_reference_engine.reconstruct_cylindrical_reference
T04_ref7,ref7,0,line_test_0015,line,6.379858278154291,27.340985452896504,0.3042895215452744,0.005608883686363697,0.3255881280056201,,0.3255881280056201,workspace.recon.cyl_fast_reference_engine.reconstruct_cylindrical_reference
T04_ref7,ref7,0,line_test_0016,line,2.34729700994933,24.497329934858435,0.20794422789734704,0.010897325351834297,0.481864039960783,,0.481864039960783,workspace.recon.cyl_fast_reference_engine.reconstruct_cylindrical_reference
T04_ref7,ref7,0,line_test_0017,line,1.974825416465649,29.13971586837439,0.490722748003656,0.004173546563833952,0.2872633730294183,,0.2872633730294183,workspace.recon.cyl_fast_reference_engine.reconstruct_cylindrical_reference
T04_ref7,ref7,0,line_test_0018,line,1.5640394153316712,27.426126564233712,0.41878440749697077,0.0053379409946501255,0.4316796630155295,,0.4316796630155295,workspace.recon.cyl_fast_reference_engine.reconstruct_cylindrical_reference
T04_ref7,ref7,0,line_test_0019,line,2.3431140389428653,25.60315439694367,0.329351488576409,0.007154825143516064,0.3874322940246202,,0.3874322940246202,workspace.recon.cyl_fast_reference_engine.reconstruct_cylindrical_reference
T04_ref7,ref7,0,cross_test_0000,cross,2.6966405595808305,27.872133765511713,0.3836268761654029,0.005637100897729397,0.3681497709476389,,0.3681497709476389,workspace.recon.cyl_fast_reference_engine.reconstruct_cylindrical_reference
T04_ref7,ref7,0,cross_test_0001,cross,1.6967678796073393,24.204449807660197,0.3176054932102009,0.010781007818877697,0.5313646409776993,,0.5313646409776993,workspace.recon.cyl_fast_reference_engine.reconstruct_cylindrical_reference
T04_ref7,ref7,0,cross_test_0002,cross,2.8992725635047094,25.742097933245326,0.2977431830623278,0.0073078530840575695,0.3912593990098685,,0.3912593990098685,workspace.recon.cyl_fast_reference_engine.reconstruct_cylindrical_reference
T04_ref7,ref7,0,cross_test_0003,cross,1.611460290483962,25.560704885745118,0.3484242444389429,0.009190891869366169,0.6187436750042252,,0.6187436750042252,workspace.recon.cyl_fast_reference_engine.reconstruct_cylindrical_reference
T04_ref7,ref7,0,cross_test_0004,cross,1.752081708899476,25.430145705999685,0.3468925370609496,0.009412269107997417,0.5359363139723428,,0.5359363139723428,workspace.recon.cyl_fast_reference_engine.reconstruct_cylindrical_reference
T04_ref7,ref7,0,cross_test_0005,cross,2.5949421429421426,27.02343526244025,0.29930493791805185,0.007301286328583956,0.41861070098821074,,0.41861070098821074,workspace.recon.cyl_fast_reference_engine.reconstruct_cylindrical_reference
T04_ref7,ref7,0,cross_test_0006,cross,1.6443790576386639,26.560223084574236,0.4441851291409736,0.005436507053673267,0.42566131200874224,,0.42566131200874224,workspace.recon.cyl_fast_reference_engine.reconstruct_cylindrical_reference
T04_ref7,ref7,0,cross_test_0007,cross,4.269776585124214,27.627273078199153,0.3490368152223696,0.0055587864480912685,0.45559491199674085,,0.45559491199674085,workspace.recon.cyl_fast_reference_engine.reconstruct_cylindrical_reference
T04_ref7,ref7,0,cross_test_0008,cross,1.7181176099876292,25.615505351436433,0.34528605523185024,0.008512543514370918,0.39381044200854376,,0.39381044200854376,workspace.recon.cyl_fast_reference_engine.reconstruct_cylindrical_reference
T04_ref7,ref7,0,cross_test_0009,cross,5.310170456165001,25.628514783331976,0.22453093510396788,0.007089858874678612,0.42248306301189587,,0.42248306301189587,workspace.recon.cyl_fast_reference_engine.reconstruct_cylindrical_reference
T04_ref7,ref7,0,cross_test_0010,cross,2.6894281773702575,27.75091703522754,0.38494566765339977,0.005148907657712698,0.876715496997349,,0.876715496997349,workspace.recon.cyl_fast_reference_engine.reconstruct_cylindrical_reference
T04_ref7,ref7,0,cross_test_0011,cross,1.5260754382963402,25.478398939795678,0.310244389655272,0.00855694618076086,0.411541264038533,,0.411541264038533,workspace.recon.cyl_fast_reference_engine.reconstruct_cylindrical_reference
T04_ref7,ref7,0,cross_test_0012,cross,2.5432366959959323,27.612735219365497,0.3918585027967951,0.0060705323703587055,0.5114404839696363,,0.5114404839696363,workspace.recon.cyl_fast_reference_engine.reconstruct_cylindrical_reference
T04_ref7,ref7,0,cross_test_0013,cross,2.8668623894858136,27.088171926262653,0.2980925081744005,0.007793473545461893,0.8404898570152,,0.8404898570152,workspace.recon.cyl_fast_reference_engine.reconstruct_cylindrical_reference
T04_ref7,ref7,0,cross_test_0014,cross,1.7500114241814948,25.273115417090995,0.4000801321244892,0.007603468839079142,0.3551767379976809,,0.3551767379976809,workspace.recon.cyl_fast_reference_engine.reconstruct_cylindrical_reference
T04_ref7,ref7,0,L_shape_test_0000,L-shape,1.565217838562634,24.226426258429754,0.2664290171955149,0.01097754668444395,0.4704376090085134,,0.4704376090085134,workspace.recon.cyl_fast_reference_engine.reconstruct_cylindrical_reference
T04_ref7,ref7,0,L_shape_test_0001,L-shape,1.651299273827094,25.48519576307416,0.35548784319846655,0.007437941152602434,0.7207927459967323,,0.7207927459967323,workspace.recon.cyl_fast_reference_engine.reconstruct_cylindrical_reference
T04_ref7,ref7,0,L_shape_test_0002,L-shape,1.5270062593615406,25.442512713202618,0.31040399868647867,0.009022271260619164,0.441044085950125,,0.441044085950125,workspace.recon.cyl_fast_reference_engine.reconstruct_cylindrical_reference
T04_ref7,ref7,0,L_shape_test_0003,L-shape,1.8447232171942818,24.828986646005255,0.2701292725074188,0.010298239067196846,0.48814304400002584,,0.48814304400002584,workspace.recon.cyl_fast_reference_engine.reconstruct_cylindrical_reference
T04_ref7,ref7,0,L_shape_test_0004,L-shape,2.0817788555935146,22.59603890359143,0.16832079998542762,0.014977364800870419,1.1611002549761906,,1.1611002549761906,workspace.recon.cyl_fast_reference_engine.reconstruct_cylindrical_reference
T04_ref7,ref7,0,L_shape_test_0005,L-shape,1.7985987916312447,24.590376358355325,0.2853764608296382,0.00938583817332983,0.43276393396081403,,0.43276393396081403,workspace.recon.cyl_fast_reference_engine.reconstruct_cylindrical_reference
T04_ref7,ref7,0,L_shape_test_0006,L-shape,2.581694240157175,27.042032540060426,0.34439798875052496,0.005658917594701052,0.4107658270513639,,0.4107658270513639,workspace.recon.cyl_fast_reference_engine.reconstruct_cylindrical_reference
T04_ref7,ref7,0,L_shape_test_0007,L-shape,1.7157200373288841,24.655057009775277,0.274182886952086,0.01034917589277029,0.5076544510084204,,0.5076544510084204,workspace.recon.cyl_fast_reference_engine.reconstruct_cylindrical_reference
T04_ref7,ref7,0,L_shape_test_0008,L-shape,1.7218004948483063,28.114580255437712,0.3717974603483507,0.003266281448304653,0.37801203096751124,,0.37801203096751124,workspace.recon.cyl_fast_reference_engine.reconstruct_cylindrical_reference
T04_ref7,ref7,0,L_shape_test_0009,L-shape,1.5834996607552954,24.40706004785752,0.28400805762155806,0.010008386336266994,0.957062525965739,,0.957062525965739,workspace.recon.cyl_fast_reference_engine.reconstruct_cylindrical_reference
T04_ref7,ref7,0,L_shape_test_0010,L-shape,2.1746727417209515,27.228513139058357,0.33695944477450585,0.006517729256302118,0.5356888379901648,,0.5356888379901648,workspace.recon.cyl_fast_reference_engine.reconstruct_cylindrical_reference
T04_ref7,ref7,0,L_shape_test_0011,L-shape,4.297761708728062,27.04742065252716,0.30531179607174785,0.00587348360568285,0.35688562801806256,,0.35688562801806256,workspace.recon.cyl_fast_reference_engine.reconstruct_cylindrical_reference
T04_ref7,ref7,0,L_shape_test_0012,L-shape,1.891856918106159,23.989455976966706,0.22867157908945993,0.011277073062956333,0.7666486370144412,,0.7666486370144412,workspace.recon.cyl_fast_reference_engine.reconstruct_cylindrical_reference
T04_ref7,ref7,0,L_shape_test_0013,L-shape,1.3455804723902272,25.97309669504062,0.33151736929701575,0.007822173647582531,0.7276674349559471,,0.7276674349559471,workspace.recon.cyl_fast_reference_engine.reconstruct_cylindrical_reference
T04_ref7,ref7,0,L_shape_test_0014,L-shape,1.9072547111020026,29.388710777679243,0.4761473106246664,0.0034054804127663374,0.3964874990051612,,0.3964874990051612,workspace.recon.cyl_fast_reference_engine.reconstruct_cylindrical_reference
T04_ref7,ref7,0,L_shape_test_0015,L-shape,1.435370087804335,24.29598466023965,0.2866926805525584,0.011350847780704498,0.5594342380063608,,0.5594342380063608,workspace.recon.cyl_fast_reference_engine.reconstruct_cylindrical_reference
T04_ref7,ref7,0,L_shape_test_0016,L-shape,1.7148268415954067,25.068551231490225,0.2570936556713401,0.010234258137643337,0.6388085520011373,,0.6388085520011373,workspace.recon.cyl_fast_reference_engine.reconstruct_cylindrical_reference
T04_ref7,ref7,0,L_shape_test_0017,L-shape,1.5007255475979833,24.53710889224783,0.27646520588416534,0.01036604680120945,0.5849672069889493,,0.5849672069889493,workspace.recon.cyl_fast_reference_engine.reconstruct_cylindrical_reference
T04_ref7,ref7,0,L_shape_test_0018,L-shape,1.6847043280287577,23.934416629245877,0.2578133731740855,0.01019966509193182,0.7894187900237739,,0.7894187900237739,workspace.recon.cyl_fast_reference_engine.reconstruct_cylindrical_reference
T04_ref7,ref7,0,L_shape_test_0019,L-shape,4.179417602613194,27.118850793214758,0.3009339601260228,0.0058584013022482395,0.6791112080099992,,0.6791112080099992,workspace.recon.cyl_fast_reference_engine.reconstruct_cylindrical_reference
T04_ref7,ref7,0,double_line_test_0000,double-line,1.4298104480503813,24.67978209825727,0.34506822693112654,0.008148979395627975,0.4436621680506505,,0.4436621680506505,workspace.recon.cyl_fast_reference_engine.reconstruct_cylindrical_reference
T04_ref7,ref7,0,double_line_test_0001,double-line,1.4907581679806392,24.9030386142326,0.30117844368219976,0.01003965176641941,0.7036352020222694,,0.7036352020222694,workspace.recon.cyl_fast_reference_engine.reconstruct_cylindrical_reference
T04_ref7,ref7,0,double_line_test_0002,double-line,1.3944981784913415,29.8016514664464,0.4794290412713325,0.0036896467208862305,0.36821544799022377,,0.36821544799022377,workspace.recon.cyl_fast_reference_engine.reconstruct_cylindrical_reference
T04_ref7,ref7,0,double_line_test_0003,double-line,1.9783083545218585,22.6643485213952,0.21219643078473555,0.015832440927624702,0.5741463989834301,,0.5741463989834301,workspace.recon.cyl_fast_reference_engine.reconstruct_cylindrical_reference
T04_ref7,ref7,0,double_line_test_0004,double-line,0.9521774602080874,26.107944147178586,0.4764760841845279,0.009091241285204887,0.683321044954937,,0.683321044954937,workspace.recon.cyl_fast_reference_engine.reconstruct_cylindrical_reference
T04_ref7,ref7,0,double_line_test_0005,double-line,1.6541580876056097,23.8085275864117,0.2628563790484189,0.012836217880249023,0.4485669669811614,,0.4485669669811614,workspace.recon.cyl_fast_reference_engine.reconstruct_cylindrical_reference
T04_ref7,ref7,0,double_line_test_0006,double-line,1.953386995206532,22.39489310060289,0.1913281341600894,0.01563061773777008,0.6865697710309178,,0.6865697710309178,workspace.recon.cyl_fast_reference_engine.reconstruct_cylindrical_reference
T04_ref7,ref7,0,double_line_test_0007,double-line,6.180512007360426,24.03216244485449,0.15812212021531769,0.010196221061050892,0.44909016002202407,,0.44909016002202407,workspace.recon.cyl_fast_reference_engine.reconstruct_cylindrical_reference
T04_ref7,ref7,0,double_line_test_0008,double-line,5.52744065956808,20.942253074120792,0.058890628319043,0.02119431644678116,4.609561385004781,,4.609561385004781,workspace.recon.cyl_fast_reference_engine.reconstruct_cylindrical_reference
T04_ref7,ref7,0,double_line_test_0009,double-line,2.423351557951427,24.12588790737186,0.25437585992529255,0.010626905597746372,0.8463070489815436,,0.8463070489815436,workspace.recon.cyl_fast_reference_engine.reconstruct_cylindrical_reference
T04_ref7,ref7,0,double_line_test_0010,double-line,2.0324730821742936,23.260295446384806,0.21860968299836403,0.012782774865627289,0.711276629997883,,0.711276629997883,workspace.recon.cyl_fast_reference_engine.reconstruct_cylindrical_reference
T04_ref7,ref7,0,double_line_test_0011,double-line,3.398262006156718,22.669629643678523,0.155915091045051,0.014470163732767105,0.4607849160092883,,0.4607849160092883,workspace.recon.cyl_fast_reference_engine.reconstruct_cylindrical_reference
T04_ref7,ref7,0,double_line_test_0012,double-line,4.174670948603902,24.44255272533413,0.20305231629274162,0.009285541251301765,0.730211878020782,,0.730211878020782,workspace.recon.cyl_fast_reference_engine.reconstruct_cylindrical_reference
T04_ref7,ref7,0,double_line_test_0013,double-line,1.6387935983421402,22.867156305328802,0.24338361030479552,0.015762116760015488,0.6293519089813344,,0.6293519089813344,workspace.recon.cyl_fast_reference_engine.reconstruct_cylindrical_reference
T04_ref7,ref7,0,double_line_test_0014,double-line,1.3986511834241937,24.32087375503645,0.27509427520740665,0.010786078870296478,0.49490756198065355,,0.49490756198065355,workspace.recon.cyl_fast_reference_engine.reconstruct_cylindrical_reference
T04_ref7,ref7,0,small_rect_edge_test_0000,small_rect_edge,1.6541076500204466,27.7032304382171,0.42484839660035134,0.004395617172122002,0.3041118489927612,,0.3041118489927612,workspace.recon.cyl_fast_reference_engine.reconstruct_cylindrical_reference
T04_ref7,ref7,0,small_rect_edge_test_0001,small_rect_edge,1.9576034391224606,27.87992222215914,0.38956954024410484,0.005313116125762463,0.35286526300478727,,0.35286526300478727,workspace.recon.cyl_fast_reference_engine.reconstruct_cylindrical_reference
T04_ref7,ref7,0,small_rect_edge_test_0002,small_rect_edge,1.818776441265538,25.1240458536428,0.27191880000439805,0.008795352652668953,0.4070585339795798,,0.4070585339795798,workspace.recon.cyl_fast_reference_engine.reconstruct_cylindrical_reference
T04_ref7,ref7,0,small_rect_edge_test_0003,small_rect_edge,2.1214275730136953,27.242896365027505,0.36679629653510354,0.005816336255520582,0.4279742119833827,,0.4279742119833827,workspace.recon.cyl_fast_reference_engine.reconstruct_cylindrical_reference
T04_ref7,ref7,0,small_rect_edge_test_0004,small_rect_edge,2.519888237078326,25.137544335835557,0.2493359876677318,0.00838255975395441,0.45306013099616393,,0.45306013099616393,workspace.recon.cyl_fast_reference_engine.reconstruct_cylindrical_reference
T04_ref7,ref7,0,small_rect_edge_test_0005,small_rect_edge,2.233769122213239,25.97133484372284,0.31891514333272014,0.006658659316599369,0.4548015820328146,,0.4548015820328146,workspace.recon.cyl_fast_reference_engine.reconstruct_cylindrical_reference
T04_ref7,ref7,0,small_rect_edge_test_0006,small_rect_edge,2.2090319006085712,26.523151625838217,0.31694808391701423,0.006854646373540163,0.4327540880185552,,0.4327540880185552,workspace.recon.cyl_fast_reference_engine.reconstruct_cylindrical_reference
T04_ref7,ref7,0,small_rect_edge_test_0007,small_rect_edge,1.5513738097662604,27.170516767034854,0.33562463109006485,0.005748298950493336,0.3788560649845749,,0.3788560649845749,workspace.recon.cyl_fast_reference_engine.reconstruct_cylindrical_reference
T04_ref7,ref7,0,small_rect_edge_test_0008,small_rect_edge,2.721261399367425,24.074474392626794,0.20990960433656447,0.009801133535802364,0.4194455239921808,,0.4194455239921808,workspace.recon.cyl_fast_reference_engine.reconstruct_cylindrical_reference
T04_ref7,ref7,0,small_rect_edge_test_0009,small_rect_edge,5.883729381684473,23.19928597417526,0.13289090300542503,0.011923925019800663,0.38202260999241844,,0.38202260999241844,workspace.recon.cyl_fast_reference_engine.reconstruct_cylindrical_reference
T04_ref7,ref7,0,point_cluster_test_0000,point_cluster,5.72899498765213,25.337539953623942,0.2458412294262935,0.007346344646066427,0.6397649520076811,,0.6397649520076811,workspace.recon.cyl_fast_reference_engine.reconstruct_cylindrical_reference
T04_ref7,ref7,0,point_cluster_test_0001,point_cluster,3.2953909442324916,26.492098877120643,0.27238183294939117,0.008563040755689144,0.5876104589551687,,0.5876104589551687,workspace.recon.cyl_fast_reference_engine.reconstruct_cylindrical_reference
T04_ref7,ref7,0,point_cluster_test_0002,point_cluster,6.32915046488411,27.592184535278793,0.31202060238871776,0.005730094853788614,0.3297193350153975,,0.3297193350153975,workspace.recon.cyl_fast_reference_engine.reconstruct_cylindrical_reference
T04_ref7,ref7,0,point_cluster_test_0003,point_cluster,5.05451260309011,28.827297971632603,0.3895394454622597,0.004300281871110201,0.5063201930024661,,0.5063201930024661,workspace.recon.cyl_fast_reference_engine.reconstruct_cylindrical_reference
T04_ref7,ref7,0,point_cluster_test_0004,point_cluster,2.8020126041661766,26.943688435775655,0.3058458719221038,0.0075865741819143295,0.48574056098004803,,0.48574056098004803,workspace.recon.cyl_fast_reference_engine.reconstruct_cylindrical_reference
T04_ref7,ref7,0,point_cluster_test_0005,point_cluster,2.073660462045101,28.19857494011742,0.3910529654071626,0.005537139717489481,0.3508785800077021,,0.3508785800077021,workspace.recon.cyl_fast_reference_engine.reconstruct_cylindrical_reference
T04_ref7,ref7,0,point_cluster_test_0006,point_cluster,9.496481377449983,25.292353786520366,0.23648616158173744,0.006892474368214607,0.8081322920043021,,0.8081322920043021,workspace.recon.cyl_fast_reference_engine.reconstruct_cylindrical_reference
T04_ref7,ref7,0,point_cluster_test_0007,point_cluster,6.109127820938161,27.748320860358398,0.37438109791575186,0.004598054103553295,0.377600614039693,,0.377600614039693,workspace.recon.cyl_fast_reference_engine.reconstruct_cylindrical_reference
T04_ref7,ref7,0,point_cluster_test_0008,point_cluster,7.337424131644298,26.094605208413437,0.23643703345834688,0.00684981606900692,0.3699802180053666,,0.3699802180053666,workspace.recon.cyl_fast_reference_engine.reconstruct_cylindrical_reference
T04_ref7,ref7,0,point_cluster_test_0009,point_cluster,10.518201396409825,25.860000704838235,0.3031413955027983,0.004990047309547663,0.519102482998278,,0.519102482998278,workspace.recon.cyl_fast_reference_engine.reconstruct_cylindrical_reference
T04_ref7,ref7,0,point_cluster_test_0010,point_cluster,3.490136935131236,25.854226657590644,0.23123025755647728,0.009035439230501652,0.5623361399630085,,0.5623361399630085,workspace.recon.cyl_fast_reference_engine.reconstruct_cylindrical_reference
T04_ref7,ref7,0,point_cluster_test_0011,point_cluster,3.6515279572065578,29.28230213650503,0.43014135622245286,0.004564523231238127,0.38671529601560906,,0.38671529601560906,workspace.recon.cyl_fast_reference_engine.reconstruct_cylindrical_reference
T04_ref7,ref7,0,point_cluster_test_0012,point_cluster,5.3729467178725665,26.352621110924524,0.24983554617253897,0.006855746265500784,0.445895022014156,,0.445895022014156,workspace.recon.cyl_fast_reference_engine.reconstruct_cylindrical_reference
T04_ref7,ref7,0,point_cluster_test_0013,point_cluster,3.131784076668521,27.402698482702462,0.32122428430865113,0.006138070486485958,0.5021228709956631,,0.5021228709956631,workspace.recon.cyl_fast_reference_engine.reconstruct_cylindrical_reference
T04_ref7,ref7,0,point_cluster_test_0014,point_cluster,3.4344636857024327,28.903164525332844,0.4268767425184134,0.003683327231556177,0.3414169050520286,,0.3414169050520286,workspace.recon.cyl_fast_reference_engine.reconstruct_cylindrical_reference
T04_ref7,ref7,0,point_cluster_test_0015,point_cluster,5.524526993909814,26.97283394609414,0.2770940977657447,0.0060040573589503765,0.45820385398110375,,0.45820385398110375,workspace.recon.cyl_fast_reference_engine.reconstruct_cylindrical_reference
T04_ref7,ref7,0,point_cluster_test_0016,point_cluster,5.036792556713238,24.85715633820442,0.21358565066365762,0.009256375953555107,0.6685212940210477,,0.6685212940210477,workspace.recon.cyl_fast_reference_engine.reconstruct_cylindrical_reference
T04_ref7,ref7,0,point_cluster_test_0017,point_cluster,15.826477454075247,24.152865976868913,0.23235489555365546,0.006591078359633684,0.31936029403004795,,0.31936029403004795,workspace.recon.cyl_fast_reference_engine.reconstruct_cylindrical_reference
T04_ref7,ref7,0,point_cluster_test_0018,point_cluster,8.931487832687974,26.22640581580655,0.28792691381513236,0.005413981154561043,0.5014822339871898,,0.5014822339871898,workspace.recon.cyl_fast_reference_engine.reconstruct_cylindrical_reference
T04_ref7,ref7,0,point_cluster_test_0019,point_cluster,5.488303750577567,27.499495040508336,0.3432360681833831,0.004718845710158348,0.7149088130099699,,0.7149088130099699,workspace.recon.cyl_fast_reference_engine.reconstruct_cylindrical_reference
T05_ref9,ref9,0,line_test_0000,line,2.3727012426319876,27.088583103751663,0.37938576005746516,0.0053777252323925495,0.7261403890443034,,0.7261403890443034,workspace.recon.cyl_fast_reference_engine.reconstruct_cylindrical_reference
T05_ref9,ref9,0,line_test_0001,line,1.252488264421937,24.93248756340402,0.43055801932472376,0.009389691054821014,0.9289677419583313,,0.9289677419583313,workspace.recon.cyl_fast_reference_engine.reconstruct_cylindrical_reference
T05_ref9,ref9,0,line_test_0002,line,2.339535778939339,26.511003172979542,0.3332016557592625,0.006868604104965925,0.43681337300222367,,0.43681337300222367,workspace.recon.cyl_fast_reference_engine.reconstruct_cylindrical_reference
T05_ref9,ref9,0,line_test_0003,line,2.6693395731895895,29.647077017585243,0.4464678872498297,0.004263304639607668,0.6805193480104208,,0.6805193480104208,workspace.recon.cyl_fast_reference_engine.reconstruct_cylindrical_reference
T05_ref9,ref9,0,line_test_0004,line,4.040294885863716,30.57427604932017,0.5061571815013752,0.003170238109305501,0.5047100399970077,,0.5047100399970077,workspace.recon.cyl_fast_reference_engine.reconstruct_cylindrical_reference
T05_ref9,ref9,0,line_test_0005,line,2.444166047836354,28.53570358464348,0.4160698645765999,0.00455191545188427,0.4936598700005561,,0.4936598700005561,workspace.recon.cyl_fast_reference_engine.reconstruct_cylindrical_reference
T05_ref9,ref9,0,line_test_0006,line,1.626758757648878,29.485809885044524,0.5289260652498124,0.0029907403513789177,0.9649958119844086,,0.9649958119844086,workspace.recon.cyl_fast_reference_engine.reconstruct_cylindrical_reference
T05_ref9,ref9,0,line_test_0007,line,4.028908022583405,23.737028963429157,0.18771433961023745,0.010645448230206966,0.7686446119914763,,0.7686446119914763,workspace.recon.cyl_fast_reference_engine.reconstruct_cylindrical_reference
T05_ref9,ref9,0,line_test_0008,line,1.105666690701175,25.38450371038502,0.40248151997908743,0.007897941395640373,0.4485472930246033,,0.4485472930246033,workspace.recon.cyl_fast_reference_engine.reconstruct_cylindrical_reference
T05_ref9,ref9,0,line_test_0009,line,1.7563544269213887,27.76069816508736,0.4068461904945502,0.005188462790101767,0.6505301339784637,,0.6505301339784637,workspace.recon.cyl_fast_reference_engine.reconstruct_cylindrical_reference
T05_ref9,ref9,0,line_test_0010,line,2.446042280005192,28.535035644056105,0.4459557058438191,0.004000366665422916,0.8585911469999701,,0.8585911469999701,workspace.recon.cyl_fast_reference_engine.reconstruct_cylindrical_reference
T05_ref9,ref9,0,line_test_0011,line,1.9078370556791475,24.941476792842025,0.27942031590825966,0.009327911771833897,0.4664396250154823,,0.4664396250154823,workspace.recon.cyl_fast_reference_engine.reconstruct_cylindrical_reference
T05_ref9,ref9,0,line_test_0012,line,1.3468024857564853,28.38888044394992,0.49304744747585033,0.004422328434884548,0.6773745270329528,,0.6773745270329528,workspace.recon.cyl_fast_reference_engine.reconstruct_cylindrical_reference
T05_ref9,ref9,0,line_test_0013,line,1.0561862972988183,26.77633026983921,0.5476890493577965,0.005969325080513954,0.4571758509846404,,0.4571758509846404,workspace.recon.cyl_fast_reference_engine.reconstruct_cylindrical_reference
T05_ref9,ref9,0,line_test_0014,line,3.1954761531897296,29.7846051108932,0.4633323485031188,0.003775359131395817,0.33956046897219494,,0.33956046897219494,workspace.recon.cyl_fast_reference_engine.reconstruct_cylindrical_reference
T05_ref9,ref9,0,line_test_0015,line,4.531949451709998,28.826245244103255,0.3997405581876079,0.004244005773216486,0.3957098009996116,,0.3957098009996116,workspace.recon.cyl_fast_reference_engine.reconstruct_cylindrical_reference
T05_ref9,ref9,0,line_test_0016,line,1.7178213048456155,25.85323063864403,0.3130481443271635,0.008030070923268795,0.5747395619982854,,0.5747395619982854,workspace.recon.cyl_fast_reference_engine.reconstruct_cylindrical_reference
T05_ref9,ref9,0,line_test_0017,line,2.3340557916313394,28.413890631695264,0.4505860819394259,0.004680547397583723,0.3476269480306655,,0.3476269480306655,workspace.recon.cyl_fast_reference_engine.reconstruct_cylindrical_reference
T05_ref9,ref9,0,line_test_0018,line,2.474646369636573,25.433472025885333,0.3240691597049041,0.007452142424881458,0.5126002160250209,,0.5126002160250209,workspace.recon.cyl_fast_reference_engine.reconstruct_cylindrical_reference
T05_ref9,ref9,0,line_test_0019,line,2.0883340630332023,26.103089193702917,0.35980008858776713,0.006298643536865711,0.46409331302857026,,0.46409331302857026,workspace.recon.cyl_fast_reference_engine.reconstruct_cylindrical_reference
T05_ref9,ref9,0,cross_test_0000,cross,1.7440649300869093,29.764737956377925,0.4927663386434103,0.004229913465678692,0.43340935598826036,,0.43340935598826036,workspace.recon.cyl_fast_reference_engine.reconstruct_cylindrical_reference
T05_ref9,ref9,0,cross_test_0001,cross,0.9683038273177668,26.640557579216836,0.502633869903878,0.007264774292707443,0.6196395499864593,,0.6196395499864593,workspace.recon.cyl_fast_reference_engine.reconstruct_cylindrical_reference
T05_ref9,ref9,0,cross_test_0002,cross,2.8494971964586533,25.81730600919589,0.314145825689438,0.0072102597914636135,0.4625426339916885,,0.4625426339916885,workspace.recon.cyl_fast_reference_engine.reconstruct_cylindrical_reference
T05_ref9,ref9,0,cross_test_0003,cross,1.5771876101490352,25.654067112711886,0.3553551566295164,0.009238330647349358,0.7376623880118132,,0.7376623880118132,workspace.recon.cyl_fast_reference_engine.reconstruct_cylindrical_reference
T05_ref9,ref9,0,cross_test_0004,cross,1.6765670823697123,25.621480142542886,0.35789308904427375,0.009075706824660301,0.6323297219933011,,0.6323297219933011,workspace.recon.cyl_fast_reference_engine.reconstruct_cylindrical_reference
T05_ref9,ref9,0,cross_test_0005,cross,2.6309929663329936,26.96351479022054,0.31261544396066426,0.0075055318884551525,0.4841122850193642,,0.4841122850193642,workspace.recon.cyl_fast_reference_engine.reconstruct_cylindrical_reference
T05_ref9,ref9,0,cross_test_0006,cross,1.5423800936566856,26.838328531708168,0.4577129106131023,0.0051030488684773445,0.5074815090047196,,0.5074815090047196,workspace.recon.cyl_fast_reference_engine.reconstruct_cylindrical_reference
T05_ref9,ref9,0,cross_test_0007,cross,3.999242675894844,27.911546855041102,0.3547719694914482,0.005265424028038979,0.5502640440245159,,0.5502640440245159,workspace.recon.cyl_fast_reference_engine.reconstruct_cylindrical_reference
T05_ref9,ref9,0,cross_test_0008,cross,0.9565499582278809,28.158957398536874,0.5505529020086845,0.005751130636781454,0.46626255399314687,,0.46626255399314687,workspace.recon.cyl_fast_reference_engine.reconstruct_cylindrical_reference
T05_ref9,ref9,0,cross_test_0009,cross,3.789872881848953,27.09335302075025,0.30671967879075324,0.0061245388351380825,0.5025650490424596,,0.5025650490424596,workspace.recon.cyl_fast_reference_engine.reconstruct_cylindrical_reference
T05_ref9,ref9,0,cross_test_0010,cross,1.9952527648999863,29.04753723855857,0.4408454062009132,0.0041680773720145226,1.0630858259974048,,1.0630858259974048,workspace.recon.cyl_fast_reference_engine.reconstruct_cylindrical_reference
T05_ref9,ref9,0,cross_test_0011,cross,1.3608398199021818,25.976089036216333,0.3410411402779393,0.007474093697965145,0.4863025600207038,,0.4863025600207038,workspace.recon.cyl_fast_reference_engine.reconstruct_cylindrical_reference
T05_ref9,ref9,0,cross_test_0012,cross,2.243335239671915,28.15766114542608,0.43142110358739166,0.005530237685889006,0.6103262639953755,,0.6103262639953755,workspace.recon.cyl_fast_reference_engine.reconstruct_cylindrical_reference
T05_ref9,ref9,0,cross_test_0013,cross,3.1254070885267997,26.71317452055206,0.2757230723942668,0.007740456145256758,1.020698468957562,,1.020698468957562,workspace.recon.cyl_fast_reference_engine.reconstruct_cylindrical_reference
T05_ref9,ref9,0,cross_test_0014,cross,1.7356576108547364,25.308883558471493,0.36095403539739745,0.008091751486063004,0.4245809119893238,,0.4245809119893238,workspace.recon.cyl_fast_reference_engine.reconstruct_cylindrical_reference
T05_ref9,ref9,0,L_shape_test_0000,L-shape,1.2520128115857105,25.1960865537861,0.33540086952139236,0.008918378502130508,0.5487055430421606,,0.5487055430421606,workspace.recon.cyl_fast_reference_engine.reconstruct_cylindrical_reference
T05_ref9,ref9,0,L_shape_test_0001,L-shape,1.9768403908584016,24.703737405431344,0.3234313850510432,0.008164559490978718,0.8545295200310647,,0.8545295200310647,workspace.recon.cyl_fast_reference_engine.reconstruct_cylindrical_reference
T05_ref9,ref9,0,L_shape_test_0002,L-shape,1.632415065432279,25.152614763052625,0.306014202149631,0.009711657650768757,0.5178674290073104,,0.5178674290073104,workspace.recon.cyl_fast_reference_engine.reconstruct_cylindrical_reference
T05_ref9,ref9,0,L_shape_test_0003,L-shape,1.3277791835063388,26.257040360282936,0.3821839972538145,0.00732145830988884,0.5772376900422387,,0.5772376900422387,workspace.recon.cyl_fast_reference_engine.reconstruct_cylindrical_reference
T05_ref9,ref9,0,L_shape_test_0004,L-shape,2.153595225860836,22.44874404025726,0.1745800445946006,0.015163176693022251,1.395928445039317,,1.395928445039317,workspace.recon.cyl_fast_reference_engine.reconstruct_cylindrical_reference
T05_ref9,ref9,0,L_shape_test_0005,L-shape,1.9943330670634878,24.14174249233461,0.23656738557524185,0.011143418028950691,0.5124481589882635,,0.5124481589882635,workspace.recon.cyl_fast_reference_engine.reconstruct_cylindrical_reference
T05_ref9,ref9,0,L_shape_test_0006,L-shape,2.2075052843830734,27.72206298952353,0.3866255238697377,0.005239835474640131,0.48670142801711336,,0.48670142801711336,workspace.recon.cyl_fast_reference_engine.reconstruct_cylindrical_reference
T05_ref9,ref9,0,L_shape_test_0007,L-shape,1.4914164097598739,25.263531994103264,0.3099432338308575,0.009481600485742092,0.5986589210224338,,0.5986589210224338,workspace.recon.cyl_fast_reference_engine.reconstruct_cylindrical_reference
T05_ref9,ref9,0,L_shape_test_0008,L-shape,2.5821143851859185,26.354653536060457,0.2770845403141426,0.00669116759672761,0.44275128399021924,,0.44275128399021924,workspace.recon.cyl_fast_reference_engine.reconstruct_cylindrical_reference
T05_ref9,ref9,0,L_shape_test_0009,L-shape,1.799094716733821,23.852699356268165,0.24577499730578373,0.012244286015629768,1.1609842469915748,,1.1609842469915748,workspace.recon.cyl_fast_reference_engine.reconstruct_cylindrical_reference
T05_ref9,ref9,0,L_shape_test_0010,L-shape,2.0758055653936687,27.43058546002124,0.3477211551042638,0.0063150725327432156,0.6296148480032571,,0.6296148480032571,workspace.recon.cyl_fast_reference_engine.reconstruct_cylindrical_reference
T05_ref9,ref9,0,L_shape_test_0011,L-shape,4.896079666481165,26.48135888852815,0.28066029857402586,0.006184149533510208,0.42299455002648756,,0.42299455002648756,workspace.recon.cyl_fast_reference_engine.reconstruct_cylindrical_reference
T05_ref9,ref9,0,L_shape_test_0012,L-shape,1.6495653546341036,24.584643777650726,0.28071555269980836,0.010239485651254654,0.9081078330054879,,0.9081078330054879,workspace.recon.cyl_fast_reference_engine.reconstruct_cylindrical_reference
T05_ref9,ref9,0,L_shape_test_0013,L-shape,1.292377270234794,26.148300192358555,0.34384235231926435,0.007323761936277151,0.8675099500105716,,0.8675099500105716,workspace.recon.cyl_fast_reference_engine.reconstruct_cylindrical_reference
T05_ref9,ref9,0,L_shape_test_0014,L-shape,1.7312702339535613,29.80914948042264,0.49032948199292453,0.0030241033528000116,0.46870413498254493,,0.46870413498254493,workspace.recon.cyl_fast_reference_engine.reconstruct_cylindrical_reference
T05_ref9,ref9,0,L_shape_test_0015,L-shape,1.392632902132773,24.427257081658222,0.2958683496784202,0.010627416893839836,0.6572773209773004,,0.6572773209773004,workspace.recon.cyl_fast_reference_engine.reconstruct_cylindrical_reference
T05_ref9,ref9,0,L_shape_test_0016,L-shape,2.0072644446509433,24.384708007571867,0.23942522355728293,0.011276141740381718,0.7544426799868234,,0.7544426799868234,workspace.recon.cyl_fast_reference_engine.reconstruct_cylindrical_reference
T05_ref9,ref9,0,L_shape_test_0017,L-shape,1.9596318430109096,23.378376626610663,0.21672724185341022,0.01326714362949133,0.6966020049876533,,0.6966020049876533,workspace.recon.cyl_fast_reference_engine.reconstruct_cylindrical_reference
T05_ref9,ref9,0,L_shape_test_0018,L-shape,1.7040578354184717,23.884810074083177,0.2741995019806709,0.010069075971841812,0.9434609219897538,,0.9434609219897538,workspace.recon.cyl_fast_reference_engine.reconstruct_cylindrical_reference
T05_ref9,ref9,0,L_shape_test_0019,L-shape,3.7092085321248423,27.63719573088197,0.34160870226796214,0.005229155067354441,0.8125317440135404,,0.8125317440135404,workspace.recon.cyl_fast_reference_engine.reconstruct_cylindrical_reference
T05_ref9,ref9,0,double_line_test_0000,double-line,1.587610464183641,24.225127044131018,0.3341715429457247,0.008982216008007526,0.5338865379453637,,0.5338865379453637,workspace.recon.cyl_fast_reference_engine.reconstruct_cylindrical_reference
T05_ref9,ref9,0,double_line_test_0001,double-line,1.391358049034871,25.202721304728687,0.3368167473659726,0.008910639211535454,0.8459290129831061,,0.8459290129831061,workspace.recon.cyl_fast_reference_engine.reconstruct_cylindrical_reference
T05_ref9,ref9,0,double_line_test_0002,double-line,1.396718839925303,29.794741174454767,0.47460950242434974,0.003697524080052972,0.43160773697309196,,0.43160773697309196,workspace.recon.cyl_fast_reference_engine.reconstruct_cylindrical_reference
T05_ref9,ref9,0,double_line_test_0003,double-line,2.054100263215866,22.50107182761616,0.21264535331422832,0.01584196835756302,0.6810780119849369,,0.6810780119849369,workspace.recon.cyl_fast_reference_engine.reconstruct_cylindrical_reference
T05_ref9,ref9,0,double_line_test_0004,double-line,1.1249137290209466,25.383931144924485,0.43101977411837905,0.009674866683781147,0.8179332129657269,,0.8179332129657269,workspace.recon.cyl_fast_reference_engine.reconstruct_cylindrical_reference
T05_ref9,ref9,0,double_line_test_0005,double-line,1.2827043387237278,24.91303212269003,0.3244457646421086,0.009818597696721554,0.5261092850123532,,0.5261092850123532,workspace.recon.cyl_fast_reference_engine.reconstruct_cylindrical_reference
T05_ref9,ref9,0,double_line_test_0006,double-line,2.3656296992927652,21.563308545695474,0.16324147604969758,0.017692765220999718,0.8218312760000117,,0.8218312760000117,workspace.recon.cyl_fast_reference_engine.reconstruct_cylindrical_reference
T05_ref9,ref9,0,double_line_test_0007,double-line,5.16097584975926,24.8150886037552,0.1945657898258622,0.00905235018581152,0.5362262539565563,,0.5362262539565563,workspace.recon.cyl_fast_reference_engine.reconstruct_cylindrical_reference
T05_ref9,ref9,0,double_line_test_0008,double-line,8.35896189666505,19.145970359498893,0.03652945758904934,0.027122922241687775,5.666427724994719,,5.666427724994719,workspace.recon.cyl_fast_reference_engine.reconstruct_cylindrical_reference
T05_ref9,ref9,0,double_line_test_0009,double-line,2.282839111820803,24.38529916671623,0.2765365324898452,0.009430439211428165,1.0164102819981053,,1.0164102819981053,workspace.recon.cyl_fast_reference_engine.reconstruct_cylindrical_reference
T05_ref9,ref9,0,double_line_test_0010,double-line,2.033404136729029,23.25830625422875,0.22583936569895197,0.01280469074845314,0.8444823900354095,,0.8444823900354095,workspace.recon.cyl_fast_reference_engine.reconstruct_cylindrical_reference
T05_ref9,ref9,0,double_line_test_0011,double-line,2.209720686558707,24.538824338623204,0.24380038423134867,0.01091365423053503,0.5479957729694434,,0.5479957729694434,workspace.recon.cyl_fast_reference_engine.reconstruct_cylindrical_reference
T05_ref9,ref9,0,double_line_test_0012,double-line,3.8081449091751187,24.841640377143843,0.24541000623786938,0.008010935969650745,0.8816914570052177,,0.8816914570052177,workspace.recon.cyl_fast_reference_engine.reconstruct_cylindrical_reference
T05_ref9,ref9,0,double_line_test_0013,double-line,1.8197356445763313,22.412316026614004,0.2234897875005003,0.01699921116232872,0.7363636040245183,,0.7363636040245183,workspace.recon.cyl_fast_reference_engine.reconstruct_cylindrical_reference
T05_ref9,ref9,0,double_line_test_0014,double-line,2.002472378069411,22.762302522218818,0.19731222802155277,0.014377033337950706,0.5848985189804807,,0.5848985189804807,workspace.recon.cyl_fast_reference_engine.reconstruct_cylindrical_reference
T05_ref9,ref9,0,small_rect_edge_test_0000,small_rect_edge,2.2441328987759213,26.378382272922867,0.359169108435523,0.005720862653106451,0.36305483302567154,,0.36305483302567154,workspace.recon.cyl_fast_reference_engine.reconstruct_cylindrical_reference
T05_ref9,ref9,0,small_rect_edge_test_0001,small_rect_edge,2.224118699959731,27.325589736527593,0.3561363180280474,0.006112993229180574,0.4231468699872494,,0.4231468699872494,workspace.recon.cyl_fast_reference_engine.reconstruct_cylindrical_reference
T05_ref9,ref9,0,small_rect_edge_test_0002,small_rect_edge,1.8789532118765047,24.98267932106348,0.262745057446682,0.009370563551783562,0.482703601999674,,0.482703601999674,workspace.recon.cyl_fast_reference_engine.reconstruct_cylindrical_reference
T05_ref9,ref9,0,small_rect_edge_test_0003,small_rect_edge,3.0303405263440393,25.69426405082226,0.2653039361404477,0.007852801121771336,0.5109040740062483,,0.5109040740062483,workspace.recon.cyl_fast_reference_engine.reconstruct_cylindrical_reference
T05_ref9,ref9,0,small_rect_edge_test_0004,small_rect_edge,2.3814730748885284,25.3829004378957,0.24707230808519276,0.008668594062328339,0.5413310889853165,,0.5413310889853165,workspace.recon.cyl_fast_reference_engine.reconstruct_cylindrical_reference
T05_ref9,ref9,0,small_rect_edge_test_0005,small_rect_edge,2.88468286051822,24.860736954615607,0.2613695923817562,0.00836600549519062,0.5468662740313448,,0.5468662740313448,workspace.recon.cyl_fast_reference_engine.reconstruct_cylindrical_reference
T05_ref9,ref9,0,small_rect_edge_test_0006,small_rect_edge,2.1285475337128763,26.68433794618481,0.32662269699194685,0.006555355153977871,0.5185522199608386,,0.5185522199608386,workspace.recon.cyl_fast_reference_engine.reconstruct_cylindrical_reference
T05_ref9,ref9,0,small_rect_edge_test_0007,small_rect_edge,1.5122017184462027,27.2815841203876,0.34052268146608167,0.00555136613547802,0.44669221801450476,,0.44669221801450476,workspace.recon.cyl_fast_reference_engine.reconstruct_cylindrical_reference
T05_ref9,ref9,0,small_rect_edge_test_0008,small_rect_edge,2.5998180725649496,24.272747363295704,0.22091291095050788,0.009688506834208965,0.5010795739945024,,0.5010795739945024,workspace.recon.cyl_fast_reference_engine.reconstruct_cylindrical_reference
T05_ref9,ref9,0,small_rect_edge_test_0009,small_rect_edge,2.412312203688481,27.07147742217309,0.33502566349413315,0.006406222004443407,0.4536548430332914,,0.4536548430332914,workspace.recon.cyl_fast_reference_engine.reconstruct_cylindrical_reference
T05_ref9,ref9,0,point_cluster_test_0000,point_cluster,5.033117360557763,25.899954045854148,0.27002645908239475,0.006557118613272905,0.7716713360277936,,0.7716713360277936,workspace.recon.cyl_fast_reference_engine.reconstruct_cylindrical_reference
T05_ref9,ref9,0,point_cluster_test_0001,point_cluster,3.6992310942185416,25.99005344366603,0.24684443771405765,0.008880537003278732,0.7018701999913901,,0.7018701999913901,workspace.recon.cyl_fast_reference_engine.reconstruct_cylindrical_reference
T05_ref9,ref9,0,point_cluster_test_0002,point_cluster,2.9325120585383195,30.93324059116957,0.5324544048453433,0.003010174259543419,0.38869879802223295,,0.38869879802223295,workspace.recon.cyl_fast_reference_engine.reconstruct_cylindrical_reference
T05_ref9,ref9,0,point_cluster_test_0003,point_cluster,4.173660635381187,29.658919666563243,0.4740362235822108,0.0033091725781559944,0.6106912060058676,,0.6106912060058676,workspace.recon.cyl_fast_reference_engine.reconstruct_cylindrical_reference
T05_ref9,ref9,0,point_cluster_test_0004,point_cluster,3.033729280391284,26.59862132096943,0.27848473819360303,0.008383498527109623,0.5827942249597982,,0.5827942249597982,workspace.recon.cyl_fast_reference_engine.reconstruct_cylindrical_reference
T05_ref9,ref9,0,point_cluster_test_0005,point_cluster,2.9269833567085586,26.70174900577553,0.31093453412103134,0.007253448013216257,0.41518205899046734,,0.41518205899046734,workspace.recon.cyl_fast_reference_engine.reconstruct_cylindrical_reference
T05_ref9,ref9,0,point_cluster_test_0006,point_cluster,6.988656602543523,26.624044004262544,0.29866355418120555,0.005452146753668785,0.9850262679974549,,0.9850262679974549,workspace.recon.cyl_fast_reference_engine.reconstruct_cylindrical_reference
T05_ref9,ref9,0,point_cluster_test_0007,point_cluster,6.30684470472837,27.609991680072678,0.37581934446346205,0.004778821021318436,0.44773390097543597,,0.44773390097543597,workspace.recon.cyl_fast_reference_engine.reconstruct_cylindrical_reference
T05_ref9,ref9,0,point_cluster_test_0008,point_cluster,3.5116362026169186,29.29494628141263,0.44466387971879856,0.003636552020907402,0.44260063802357763,,0.44260063802357763,workspace.recon.cyl_fast_reference_engine.reconstruct_cylindrical_reference
T05_ref9,ref9,0,point_cluster_test_0009,point_cluster,5.894711693954473,28.37478963531602,0.4434511733736837,0.003678656183183193,0.6270653389510699,,0.6270653389510699,workspace.recon.cyl_fast_reference_engine.reconstruct_cylindrical_reference
T05_ref9,ref9,0,point_cluster_test_0010,point_cluster,3.182891334763844,26.254433276877045,0.25402342102782155,0.008528427220880985,0.6721135770203546,,0.6721135770203546,workspace.recon.cyl_fast_reference_engine.reconstruct_cylindrical_reference
T05_ref9,ref9,0,point_cluster_test_0011,point_cluster,2.6343306178659716,30.70034577383244,0.5527570880909953,0.0033133451361209154,0.4625267140218057,,0.4625267140218057,workspace.recon.cyl_fast_reference_engine.reconstruct_cylindrical_reference
T05_ref9,ref9,0,point_cluster_test_0012,point_cluster,4.7087177971262015,26.925719903516647,0.28612951574342643,0.006239828187972307,0.5290205720230006,,0.5290205720230006,workspace.recon.cyl_fast_reference_engine.reconstruct_cylindrical_reference
T05_ref9,ref9,0,point_cluster_test_0013,point_cluster,3.1047530295991845,27.44034588967111,0.30716708143656796,0.0071862610056996346,0.5912951669888571,,0.5912951669888571,workspace.recon.cyl_fast_reference_engine.reconstruct_cylindrical_reference
T05_ref9,ref9,0,point_cluster_test_0014,point_cluster,2.0756117169297803,31.09029280904752,0.5438578556927447,0.002883392386138439,0.41637040104251355,,0.41637040104251355,workspace.recon.cyl_fast_reference_engine.reconstruct_cylindrical_reference
T05_ref9,ref9,0,point_cluster_test_0015,point_cluster,4.912339406473522,27.482901041387777,0.3100134501513969,0.005429943557828665,0.5556115880026482,,0.5556115880026482,workspace.recon.cyl_fast_reference_engine.reconstruct_cylindrical_reference
T05_ref9,ref9,0,point_cluster_test_0016,point_cluster,6.273089558069177,23.903882152718115,0.1681261962514767,0.010522977448999882,0.8088552409899421,,0.8088552409899421,workspace.recon.cyl_fast_reference_engine.reconstruct_cylindrical_reference
T05_ref9,ref9,0,point_cluster_test_0017,point_cluster,10.809630686844613,25.808600178193927,0.3319660759825208,0.004685977473855019,0.3828585689770989,,0.3828585689770989,workspace.recon.cyl_fast_reference_engine.reconstruct_cylindrical_reference
T05_ref9,ref9,0,point_cluster_test_0018,point_cluster,8.706187843154733,26.337363411094803,0.28493490126363114,0.00579240033403039,0.6078753370093182,,0.6078753370093182,workspace.recon.cyl_fast_reference_engine.reconstruct_cylindrical_reference
T05_ref9,ref9,0,point_cluster_test_0019,point_cluster,7.527622291646137,26.12729839905696,0.2320593775794226,0.0065347193740308285,0.872238764015492,,0.872238764015492,workspace.recon.cyl_fast_reference_engine.reconstruct_cylindrical_reference
T06_ref31,ref31,0,line_test_0000,line,2.2823657150261427,27.257161231875642,0.38538562196795195,0.005425859242677689,2.154152308998164,,2.154152308998164,workspace.recon.cyl_fast_reference_engine.reconstruct_cylindrical_reference
T06_ref31,ref31,0,line_test_0001,line,0.8577826717100119,26.576451640923803,0.5512713983864614,0.007646769750863314,2.6929959720000625,,2.6929959720000625,workspace.recon.cyl_fast_reference_engine.reconstruct_cylindrical_reference
T06_ref31,ref31,0,line_test_0002,line,2.3533391217073887,26.48545524166915,0.33156342463012606,0.00656265439465642,1.2213789079687558,,1.2213789079687558,workspace.recon.cyl_fast_reference_engine.reconstruct_cylindrical_reference
T06_ref31,ref31,0,line_test_0003,line,2.6694806575613543,29.646847224166866,0.4582922140345935,0.004059819504618645,1.9216428830404766,,1.9216428830404766,workspace.recon.cyl_fast_reference_engine.reconstruct_cylindrical_reference
T06_ref31,ref31,0,line_test_0004,line,4.674482262443298,29.941071471111794,0.46295104589883046,0.003568946849554777,1.4043364109820686,,1.4043364109820686,workspace.recon.cyl_fast_reference_engine.reconstruct_cylindrical_reference
T06_ref31,ref31,0,line_test_0005,line,2.415883129590521,28.58625154963443,0.46852065294969913,0.004289555829018354,1.428511862992309,,1.428511862992309,workspace.recon.cyl_fast_reference_engine.reconstruct_cylindrical_reference
T06_ref31,ref31,0,line_test_0006,line,1.2049081516070463,30.789501737423116,0.6198315626894746,0.0028437206055969,2.857536218012683,,2.857536218012683,workspace.recon.cyl_fast_reference_engine.reconstruct_cylindrical_reference
T06_ref31,ref31,0,line_test_0007,line,2.272035166831806,26.22475187566105,0.33109082807817525,0.00753936218097806,2.22920962999342,,2.22920962999342,workspace.recon.cyl_fast_reference_engine.reconstruct_cylindrical_reference
T06_ref31,ref31,0,line_test_0008,line,0.7834916028802437,26.88040252091412,0.5765818227718844,0.007030543405562639,1.228907739976421,,1.228907739976421,workspace.recon.cyl_fast_reference_engine.reconstruct_cylindrical_reference
T06_ref31,ref31,0,line_test_0009,line,1.4814280591788933,28.50001400107207,0.46573008082662937,0.004495170433074236,1.8548065359937027,,1.8548065359937027,workspace.recon.cyl_fast_reference_engine.reconstruct_cylindrical_reference
T06_ref31,ref31,0,line_test_0010,line,2.053149034020431,29.29547069644673,0.5058554088963453,0.003818037686869502,2.5714909940143116,,2.5714909940143116,workspace.recon.cyl_fast_reference_engine.reconstruct_cylindrical_reference
T06_ref31,ref31,0,line_test_0011,line,1.6200129070597373,25.65170464846776,0.33561675396577645,0.008140509016811848,1.2700334599940106,,1.2700334599940106,workspace.recon.cyl_fast_reference_engine.reconstruct_cylindrical_reference
T06_ref31,ref31,0,line_test_0012,line,1.6211211345344194,27.58376497772257,0.4488739906484881,0.005077426787465811,1.9421099499450065,,1.9421099499450065,workspace.recon.cyl_fast_reference_engine.reconstruct_cylindrical_reference
T06_ref31,ref31,0,line_test_0013,line,0.9985202059270728,27.020166854945142,0.553980249075121,0.0060379840433597565,1.2616901650326326,,1.2616901650326326,workspace.recon.cyl_fast_reference_engine.reconstruct_cylindrical_reference
T06_ref31,ref31,0,line_test_0014,line,2.6193097781337795,30.648092284755954,0.5457640932170542,0.003238435136154294,0.9434786590281874,,0.9434786590281874,workspace.recon.cyl_fast_reference_engine.reconstruct_cylindrical_reference
T06_ref31,ref31,0,line_test_0015,line,4.105567759767723,29.255363481655014,0.4275921239886305,0.0038592186756432056,1.1583009170135483,,1.1583009170135483,workspace.recon.cyl_fast_reference_engine.reconstruct_cylindrical_reference
T06_ref31,ref31,0,line_test_0016,line,1.3695266961208206,26.8373052448039,0.4002919217169062,0.007009102962911129,1.6795947140199132,,1.6795947140199132,workspace.recon.cyl_fast_reference_engine.reconstruct_cylindrical_reference
T06_ref31,ref31,0,line_test_0017,line,2.6775072663045054,27.817696287016002,0.42152637296095957,0.00534771429374814,0.914218574995175,,0.914218574995175,workspace.recon.cyl_fast_reference_engine.reconstruct_cylindrical_reference
T06_ref31,ref31,0,line_test_0018,line,1.488088045740284,27.642317161040943,0.47212594777878336,0.005365233868360519,1.4782088399515487,,1.4782088399515487,workspace.recon.cyl_fast_reference_engine.reconstruct_cylindrical_reference
T06_ref31,ref31,0,line_test_0019,line,1.944866785959768,26.412190336367185,0.39841343726598694,0.005987673066556454,1.2974234190187417,,1.2974234190187417,workspace.recon.cyl_fast_reference_engine.reconstruct_cylindrical_reference
T06_ref31,ref31,0,cross_test_0000,cross,1.7264806859270985,29.808747420927407,0.5272825309380964,0.00432583736255765,1.2101898289984092,,1.2101898289984092,workspace.recon.cyl_fast_reference_engine.reconstruct_cylindrical_reference
T06_ref31,ref31,0,cross_test_0001,cross,0.9765947373231915,26.60353057655147,0.4986146622766269,0.008078200742602348,1.7513020759797655,,1.7513020759797655,workspace.recon.cyl_fast_reference_engine.reconstruct_cylindrical_reference
T06_ref31,ref31,0,cross_test_0002,cross,2.712024860070347,26.03205143474635,0.3450692631999127,0.007192931603640318,1.3128319070092402,,1.3128319070092402,workspace.recon.cyl_fast_reference_engine.reconstruct_cylindrical_reference
T06_ref31,ref31,0,cross_test_0003,cross,1.1262318499480573,27.116622924127544,0.46380922301818084,0.00764435576274991,2.1418399380054325,,2.1418399380054325,workspace.recon.cyl_fast_reference_engine.reconstruct_cylindrical_reference
T06_ref31,ref31,0,cross_test_0004,cross,1.4172368045896482,26.351265234164423,0.4164914252310394,0.008422375656664371,1.7907067529740743,,1.7907067529740743,workspace.recon.cyl_fast_reference_engine.reconstruct_cylindrical_reference
T06_ref31,ref31,0,cross_test_0005,cross,2.3959902154876236,27.369861497850753,0.3694154084104873,0.0066358125768601894,1.3073091639671475,,1.3073091639671475,workspace.recon.cyl_fast_reference_engine.reconstruct_cylindrical_reference
T06_ref31,ref31,0,cross_test_0006,cross,1.4682417113676858,27.052267110082738,0.5020483461888564,0.004929328337311745,1.4648517140303738,,1.4648517140303738,workspace.recon.cyl_fast_reference_engine.reconstruct_cylindrical_reference
T06_ref31,ref31,0,cross_test_0007,cross,2.6971494167192382,29.622274626857653,0.5210139456696218,0.0038660061545670033,1.6031839600182138,,1.6031839600182138,workspace.recon.cyl_fast_reference_engine.reconstruct_cylindrical_reference
T06_ref31,ref31,0,cross_test_0008,cross,1.0897138250022484,27.592909461376287,0.5008613509824359,0.006425606552511454,1.28909354301868,,1.28909354301868,workspace.recon.cyl_fast_reference_engine.reconstruct_cylindrical_reference
T06_ref31,ref31,0,cross_test_0009,cross,4.184604682191987,26.663055410793362,0.30328745444219835,0.005666006822139025,1.4371190230012871,,1.4371190230012871,workspace.recon.cyl_fast_reference_engine.reconstruct_cylindrical_reference
T06_ref31,ref31,0,cross_test_0010,cross,2.0128471372830274,29.009408822923717,0.47533067800558876,0.004289924632757902,3.092973025981337,,3.092973025981337,workspace.recon.cyl_fast_reference_engine.reconstruct_cylindrical_reference
T06_ref31,ref31,0,cross_test_0011,cross,1.407734462620337,25.82895169755262,0.3436573496624118,0.007919796742498875,1.3232750649913214,,1.3232750649913214,workspace.recon.cyl_fast_reference_engine.reconstruct_cylindrical_reference
T06_ref31,ref31,0,cross_test_0012,cross,1.5632176110062674,29.726408664604747,0.5489558135916652,0.004422320984303951,1.7532503890106454,,1.7532503890106454,workspace.recon.cyl_fast_reference_engine.reconstruct_cylindrical_reference
T06_ref31,ref31,0,cross_test_0013,cross,2.135979377991264,28.366269893422427,0.4071602457686482,0.005656857043504715,2.9660886749625206,,2.9660886749625206,workspace.recon.cyl_fast_reference_engine.reconstruct_cylindrical_reference
T06_ref31,ref31,0,cross_test_0014,cross,1.1366471157315456,27.147267699130563,0.5337046587545855,0.005933031905442476,1.1960324530373327,,1.1960324530373327,workspace.recon.cyl_fast_reference_engine.reconstruct_cylindrical_reference
T06_ref31,ref31,0,L_shape_test_0000,L-shape,1.5168838430550573,24.362650994059862,0.29171501224056257,0.01087245810776949,1.5094521240098402,,1.5094521240098402,workspace.recon.cyl_fast_reference_engine.reconstruct_cylindrical_reference
T06_ref31,ref31,0,L_shape_test_0001,L-shape,1.7074030056220153,25.3400933085701,0.3726218723162974,0.007571162655949593,2.471271421003621,,2.471271421003621,workspace.recon.cyl_fast_reference_engine.reconstruct_cylindrical_reference
T06_ref31,ref31,0,L_shape_test_0002,L-shape,1.7011113524257173,24.973593466109783,0.328964925742598,0.009656105190515518,1.4398716560099274,,1.4398716560099274,workspace.recon.cyl_fast_reference_engine.reconstruct_cylindrical_reference
T06_ref31,ref31,0,L_shape_test_0003,L-shape,1.5207918095286117,25.66760104641981,0.364120384138308,0.008336242288351059,1.6208424750366248,,1.6208424750366248,workspace.recon.cyl_fast_reference_engine.reconstruct_cylindrical_reference
T06_ref31,ref31,0,L_shape_test_0004,L-shape,1.9825556767053385,22.808130918686697,0.1966248808446626,0.014524743892252445,4.054539003001992,,4.054539003001992,workspace.recon.cyl_fast_reference_engine.reconstruct_cylindrical_reference
T06_ref31,ref31,0,L_shape_test_0005,L-shape,1.8912296793150527,24.372276796268192,0.29942747440019146,0.00998105388134718,1.4285245620412752,,1.4285245620412752,workspace.recon.cyl_fast_reference_engine.reconstruct_cylindrical_reference
T06_ref31,ref31,0,L_shape_test_0006,L-shape,2.5539194567330705,27.089008803977407,0.3602229476721387,0.006123094819486141,1.3554602360236458,,1.3554602360236458,workspace.recon.cyl_fast_reference_engine.reconstruct_cylindrical_reference
T06_ref31,ref31,0,L_shape_test_0007,L-shape,1.2815474987469089,25.922174066387985,0.3734529114836742,0.008462696336209774,1.6347623759647831,,1.6347623759647831,workspace.recon.cyl_fast_reference_engine.reconstruct_cylindrical_reference
T06_ref31,ref31,0,L_shape_test_0008,L-shape,2.149105836222751,27.151830417927133,0.3331657433751245,0.005227058660238981,1.2264740469981916,,1.2264740469981916,workspace.recon.cyl_fast_reference_engine.reconstruct_cylindrical_reference
T06_ref31,ref31,0,L_shape_test_0009,L-shape,1.546729240936345,24.509096897009126,0.3050732302714346,0.010680262930691242,3.286127422004938,,3.286127422004938,workspace.recon.cyl_fast_reference_engine.reconstruct_cylindrical_reference
T06_ref31,ref31,0,L_shape_test_0010,L-shape,1.6576933839986279,28.407410133138328,0.4379292915787853,0.004791459999978542,1.790300099994056,,1.790300099994056,workspace.recon.cyl_fast_reference_engine.reconstruct_cylindrical_reference
T06_ref31,ref31,0,L_shape_test_0011,L-shape,4.102952715301918,27.24887859730356,0.3438615582483951,0.00553207378834486,1.1774573199800216,,1.1774573199800216,workspace.recon.cyl_fast_reference_engine.reconstruct_cylindrical_reference
T06_ref31,ref31,0,L_shape_test_0012,L-shape,1.67452619001345,24.519419600766575,0.2761538566311037,0.010515703819692135,2.5942533149500377,,2.5942533149500377,workspace.recon.cyl_fast_reference_engine.reconstruct_cylindrical_reference
T06_ref31,ref31,0,L_shape_test_0013,L-shape,1.1470244319155896,26.666466512586567,0.41062746083882934,0.007140754722058773,2.5017138510011137,,2.5017138510011137,workspace.recon.cyl_fast_reference_engine.reconstruct_cylindrical_reference
T06_ref31,ref31,0,L_shape_test_0014,L-shape,2.2492880254310186,28.672347327018358,0.4470301018582132,0.004081311635673046,1.3376616250025108,,1.3376616250025108,workspace.recon.cyl_fast_reference_engine.reconstruct_cylindrical_reference
T06_ref31,ref31,0,L_shape_test_0015,L-shape,1.2400238325856368,24.93132326772482,0.3342538411611156,0.009489466436207294,1.8415309760021046,,1.8415309760021046,workspace.recon.cyl_fast_reference_engine.reconstruct_cylindrical_reference
T06_ref31,ref31,0,L_shape_test_0016,L-shape,1.5985438882382204,25.373508218054948,0.3047339018520643,0.009281090460717678,2.1420359640032984,,2.1420359640032984,workspace.recon.cyl_fast_reference_engine.reconstruct_cylindrical_reference
T06_ref31,ref31,0,L_shape_test_0017,L-shape,1.6349522652423054,24.165070761661497,0.28368215001632635,0.011506186798214912,1.97140112798661,,1.97140112798661,workspace.recon.cyl_fast_reference_engine.reconstruct_cylindrical_reference
T06_ref31,ref31,0,L_shape_test_0018,L-shape,1.7353470121660117,23.805790363999684,0.2735421085216601,0.010147239081561565,2.683831347967498,,2.683831347967498,workspace.recon.cyl_fast_reference_engine.reconstruct_cylindrical_reference
T06_ref31,ref31,0,L_shape_test_0019,L-shape,4.041768058365346,27.264294578138077,0.3263369866726328,0.0058770012110471725,2.339075474999845,,2.339075474999845,workspace.recon.cyl_fast_reference_engine.reconstruct_cylindrical_reference
T06_ref31,ref31,0,double_line_test_0000,double-line,1.845067810706683,23.572443516792152,0.28256285061929465,0.009908115491271019,1.5040410889778286,,1.5040410889778286,workspace.recon.cyl_fast_reference_engine.reconstruct_cylindrical_reference
T06_ref31,ref31,0,double_line_test_0001,double-line,1.4671141656780533,24.9724713820088,0.3046753800163507,0.009790753945708275,2.3711305250180885,,2.3711305250180885,workspace.recon.cyl_fast_reference_engine.reconstruct_cylindrical_reference
T06_ref31,ref31,0,double_line_test_0002,double-line,1.4386207966476754,29.666367953547294,0.47951443350377077,0.004365907981991768,1.171792919980362,,1.171792919980362,workspace.recon.cyl_fast_reference_engine.reconstruct_cylindrical_reference
T06_ref31,ref31,0,double_line_test_0003,double-line,1.9144138417274008,22.806930016868883,0.23397500463094753,0.015084285289049149,1.8632591780042276,,1.8632591780042276,workspace.recon.cyl_fast_reference_engine.reconstruct_cylindrical_reference
T06_ref31,ref31,0,double_line_test_0004,double-line,1.128449069774692,25.37030375213189,0.43627205247248707,0.009941200725734234,2.3179946680320427,,2.3179946680320427,workspace.recon.cyl_fast_reference_engine.reconstruct_cylindrical_reference
T06_ref31,ref31,0,double_line_test_0005,double-line,1.357291948604917,24.667565160145443,0.31814108436224325,0.010785178281366825,1.4372106560040265,,1.4372106560040265,workspace.recon.cyl_fast_reference_engine.reconstruct_cylindrical_reference
T06_ref31,ref31,0,double_line_test_0006,double-line,1.6444665816362514,23.14252544574551,0.250039512383654,0.013664256781339645,2.3174842669977807,,2.3174842669977807,workspace.recon.cyl_fast_reference_engine.reconstruct_cylindrical_reference
T06_ref31,ref31,0,double_line_test_0007,double-line,3.1916488601602664,26.90225580518149,0.3276517424302747,0.006740660406649113,1.5078802449861541,,1.5078802449861541,workspace.recon.cyl_fast_reference_engine.reconstruct_cylindrical_reference
T06_ref31,ref31,0,double_line_test_0008,double-line,6.51202952788828,20.230330398784737,0.049817783469349404,0.022445784881711006,19.38414927897975,,19.38414927897975,workspace.recon.cyl_fast_reference_engine.reconstruct_cylindrical_reference
T06_ref31,ref31,0,double_line_test_0009,double-line,2.0595535034823196,24.832321211793005,0.31798670614462415,0.009077220223844051,2.9805670810164884,,2.9805670810164884,workspace.recon.cyl_fast_reference_engine.reconstruct_cylindrical_reference
T06_ref31,ref31,0,double_line_test_0010,double-line,1.9801083925252194,23.37365363115017,0.25207309191310906,0.012426100671291351,2.36395182099659,,2.36395182099659,workspace.recon.cyl_fast_reference_engine.reconstruct_cylindrical_reference
T06_ref31,ref31,0,double_line_test_0011,double-line,1.8574779503875618,25.292961629883525,0.3147436376881749,0.009503538720309734,1.5116778800147586,,1.5116778800147586,workspace.recon.cyl_fast_reference_engine.reconstruct_cylindrical_reference
T06_ref31,ref31,0,double_line_test_0012,double-line,4.301138058523511,24.31294131026535,0.23870165845708177,0.008368591777980328,2.6300179560203105,,2.6300179560203105,workspace.recon.cyl_fast_reference_engine.reconstruct_cylindrical_reference
T06_ref31,ref31,0,double_line_test_0013,double-line,1.4890808118287508,23.283216209203758,0.290122734629903,0.014751655049622059,1.996819855994545,,1.996819855994545,workspace.recon.cyl_fast_reference_engine.reconstruct_cylindrical_reference
T06_ref31,ref31,0,double_line_test_0014,double-line,1.7473523133529438,23.354163109068345,0.23554464731350558,0.013473544269800186,1.6053249290562235,,1.6053249290562235,workspace.recon.cyl_fast_reference_engine.reconstruct_cylindrical_reference
T06_ref31,ref31,0,small_rect_edge_test_0000,small_rect_edge,1.7185241191916496,27.53731160729208,0.44710800850931487,0.0047261896543204784,1.0180004719877616,,1.0180004719877616,workspace.recon.cyl_fast_reference_engine.reconstruct_cylindrical_reference
T06_ref31,ref31,0,small_rect_edge_test_0001,small_rect_edge,1.4613847582678954,29.149523700093507,0.4795079841008024,0.004047979135066271,1.1554869929677807,,1.1554869929677807,workspace.recon.cyl_fast_reference_engine.reconstruct_cylindrical_reference
T06_ref31,ref31,0,small_rect_edge_test_0002,small_rect_edge,2.1242843899659074,24.449712287556878,0.2591471701402092,0.010670439340174198,1.3222328679985367,,1.3222328679985367,workspace.recon.cyl_fast_reference_engine.reconstruct_cylindrical_reference
T06_ref31,ref31,0,small_rect_edge_test_0003,small_rect_edge,2.1922257026250276,27.100325836456967,0.3699674028935392,0.006443760823458433,1.4436869400087744,,1.4436869400087744,workspace.recon.cyl_fast_reference_engine.reconstruct_cylindrical_reference
T06_ref31,ref31,0,small_rect_edge_test_0004,small_rect_edge,2.3818167024080994,25.382273611025603,0.2738823786099118,0.00861672405153513,1.5232335969922133,,1.5232335969922133,workspace.recon.cyl_fast_reference_engine.reconstruct_cylindrical_reference
T06_ref31,ref31,0,small_rect_edge_test_0005,small_rect_edge,2.070541979905143,26.300877230799543,0.3534373638399704,0.006481236312538385,1.5867828920017928,,1.5867828920017928,workspace.recon.cyl_fast_reference_engine.reconstruct_cylindrical_reference
T06_ref31,ref31,0,small_rect_edge_test_0006,small_rect_edge,2.1132805953149094,26.715599840525805,0.3413119511935727,0.006915635894984007,1.476705880020745,,1.476705880020745,workspace.recon.cyl_fast_reference_engine.reconstruct_cylindrical_reference
T06_ref31,ref31,0,small_rect_edge_test_0007,small_rect_edge,2.411662155900286,25.25451654073892,0.253799846091058,0.009046820923686028,1.2266993789817207,,1.2266993789817207,workspace.recon.cyl_fast_reference_engine.reconstruct_cylindrical_reference
T06_ref31,ref31,0,small_rect_edge_test_0008,small_rect_edge,2.931882173730479,23.750711962587637,0.2089412323245499,0.010747422464191914,1.4214481589733623,,1.4214481589733623,workspace.recon.cyl_fast_reference_engine.reconstruct_cylindrical_reference
T06_ref31,ref31,0,small_rect_edge_test_0009,small_rect_edge,2.7002432302769184,26.581783726199486,0.33020463883873946,0.006941220723092556,1.2690702059771866,,1.2690702059771866,workspace.recon.cyl_fast_reference_engine.reconstruct_cylindrical_reference
T06_ref31,ref31,0,point_cluster_test_0000,point_cluster,5.0797865040494035,25.859869659824266,0.28678072219628864,0.006547453813254833,2.2157025070046075,,2.2157025070046075,workspace.recon.cyl_fast_reference_engine.reconstruct_cylindrical_reference
T06_ref31,ref31,0,point_cluster_test_0001,point_cluster,2.2675734543426334,28.115554769644522,0.38645519462948,0.0068526905961334705,2.0326725320192054,,2.0326725320192054,workspace.recon.cyl_fast_reference_engine.reconstruct_cylindrical_reference
T06_ref31,ref31,0,point_cluster_test_0002,point_cluster,4.738534355799894,28.8491982978892,0.42393944356050506,0.004330189898610115,1.0808096390101127,,1.0808096390101127,workspace.recon.cyl_fast_reference_engine.reconstruct_cylindrical_reference
T06_ref31,ref31,0,point_cluster_test_0003,point_cluster,3.5701144787014076,30.337269441195744,0.5164825292527622,0.003039981471374631,1.7485851040109992,,1.7485851040109992,workspace.recon.cyl_fast_reference_engine.reconstruct_cylindrical_reference
T06_ref31,ref31,0,point_cluster_test_0004,point_cluster,3.3423440146176597,26.17787781721377,0.27310943300453494,0.00885161105543375,1.6592793479794636,,1.6592793479794636,workspace.recon.cyl_fast_reference_engine.reconstruct_cylindrical_reference
T06_ref31,ref31,0,point_cluster_test_0005,point_cluster,1.9938195667231977,28.369092865261077,0.41738856087818776,0.005805635824799538,1.129822036018595,,1.129822036018595,workspace.recon.cyl_fast_reference_engine.reconstruct_cylindrical_reference
T06_ref31,ref31,0,point_cluster_test_0006,point_cluster,8.207139246495965,25.92606292195985,0.29696697602242,0.0058827996253967285,2.9363972209976055,,2.9363972209976055,workspace.recon.cyl_fast_reference_engine.reconstruct_cylindrical_reference
T06_ref31,ref31,0,point_cluster_test_0007,point_cluster,6.758634781484201,27.309523126408845,0.3731970922531078,0.004965198691934347,1.2890599660458975,,1.2890599660458975,workspace.recon.cyl_fast_reference_engine.reconstruct_cylindrical_reference
T06_ref31,ref31,0,point_cluster_test_0008,point_cluster,3.307552132139458,29.5549745410375,0.4664676806162822,0.003652650397270918,1.2719546529697254,,1.2719546529697254,workspace.recon.cyl_fast_reference_engine.reconstruct_cylindrical_reference
T06_ref31,ref31,0,point_cluster_test_0009,point_cluster,8.968151289200714,26.552386357203495,0.3487010066310092,0.004723741672933102,1.8492439240217209,,1.8492439240217209,workspace.recon.cyl_fast_reference_engine.reconstruct_cylindrical_reference
T06_ref31,ref31,0,point_cluster_test_0010,point_cluster,3.0863768846710014,26.388161529899342,0.2706517085069876,0.007854699157178402,1.8898894320009276,,1.8898894320009276,workspace.recon.cyl_fast_reference_engine.reconstruct_cylindrical_reference
T06_ref31,ref31,0,point_cluster_test_0011,point_cluster,2.222026243580075,31.43955663707406,0.6062683319342617,0.0031034257262945175,1.3198100590379909,,1.3198100590379909,workspace.recon.cyl_fast_reference_engine.reconstruct_cylindrical_reference
T06_ref31,ref31,0,point_cluster_test_0012,point_cluster,4.120808061957693,27.50492274815423,0.32503937679126127,0.005960692185908556,1.5013918349868618,,1.5013918349868618,workspace.recon.cyl_fast_reference_engine.reconstruct_cylindrical_reference
T06_ref31,ref31,0,point_cluster_test_0013,point_cluster,2.848767607223068,27.814046422270433,0.33663924434330106,0.006966870278120041,1.613754163030535,,1.613754163030535,workspace.recon.cyl_fast_reference_engine.reconstruct_cylindrical_reference
T06_ref31,ref31,0,point_cluster_test_0014,point_cluster,2.4532326247061467,30.364366569424636,0.5247996621360118,0.003039867850020528,1.2051119409734383,,1.2051119409734383,workspace.recon.cyl_fast_reference_engine.reconstruct_cylindrical_reference
T06_ref31,ref31,0,point_cluster_test_0015,point_cluster,4.004616452870192,28.370175531702234,0.37659661839937375,0.0048841615207493305,1.6357850229833275,,1.6357850229833275,workspace.recon.cyl_fast_reference_engine.reconstruct_cylindrical_reference
T06_ref31,ref31,0,point_cluster_test_0016,point_cluster,3.5623383961873993,26.361345165158742,0.31294738728695404,0.007703032810240984,2.276471117977053,,2.276471117977053,workspace.recon.cyl_fast_reference_engine.reconstruct_cylindrical_reference
T06_ref31,ref31,0,point_cluster_test_0017,point_cluster,10.797785376847047,25.813361915912377,0.3383068650976827,0.004774733912199736,1.0842844770522788,,1.0842844770522788,workspace.recon.cyl_fast_reference_engine.reconstruct_cylindrical_reference
T06_ref31,ref31,0,point_cluster_test_0018,point_cluster,8.845182582845798,26.268576135154152,0.2888018047645775,0.006016314495354891,1.7578303400077857,,1.7578303400077857,workspace.recon.cyl_fast_reference_engine.reconstruct_cylindrical_reference
T06_ref31,ref31,0,point_cluster_test_0019,point_cluster,4.70048613291644,28.172448736471722,0.38361433126466904,0.004515704233199358,2.5978513209847733,,2.5978513209847733,workspace.recon.cyl_fast_reference_engine.reconstruct_cylindrical_reference
T07_ref3_plus_residual_UNet,ref3 + residual U-Net,0,line_test_0000,line,1.365879467004493,29.48688973620083,0.49629645809402145,0.002545042196288705,0.36016794001625385,0.018526485000620596,0.36016794001625385,/home/superws/2026_Projects/Codex_reference_plane_real/exp/task_real_struc_001b_full_structure_diagnosis/20260515_001000_fullrunner/per_sample_metrics.csv
T07_ref3_plus_residual_UNet,ref3 + residual U-Net,0,line_test_0001,line,1.3280877010445937,24.677956850902223,0.3347472132046017,0.007740357890725136,0.455080874991836,0.0009820109989959747,0.455080874991836,/home/superws/2026_Projects/Codex_reference_plane_real/exp/task_real_struc_001b_full_structure_diagnosis/20260515_001000_fullrunner/per_sample_metrics.csv
T07_ref3_plus_residual_UNet,ref3 + residual U-Net,0,line_test_0002,line,1.6510385139859685,28.024728178133135,0.43016958912750264,0.004759584087878466,0.21792387501409394,0.0008971230017777998,0.21792387501409394,/home/superws/2026_Projects/Codex_reference_plane_real/exp/task_real_struc_001b_full_structure_diagnosis/20260515_001000_fullrunner/per_sample_metrics.csv
T07_ref3_plus_residual_UNet,ref3 + residual U-Net,0,line_test_0003,line,7.443669857475446,25.193244326427454,0.16717333653796781,0.009079944342374802,0.33133147999978974,0.0009090380008274224,0.33133147999978974,/home/superws/2026_Projects/Codex_reference_plane_real/exp/task_real_struc_001b_full_structure_diagnosis/20260515_001000_fullrunner/per_sample_metrics.csv
T07_ref3_plus_residual_UNet,ref3 + residual U-Net,0,line_test_0004,line,1.6993118889727241,34.33567570156919,0.7175259295518394,0.001049910206347704,0.24325297599716578,0.0008734639995964244,0.24325297599716578,/home/superws/2026_Projects/Codex_reference_plane_real/exp/task_real_struc_001b_full_structure_diagnosis/20260515_001000_fullrunner/per_sample_metrics.csv
T07_ref3_plus_residual_UNet,ref3 + residual U-Net,0,line_test_0005,line,2.0777388493249624,29.24110105274974,0.46026750379068415,0.004300204571336508,0.24144831501325825,0.000981805998890195,0.24144831501325825,/home/superws/2026_Projects/Codex_reference_plane_real/exp/task_real_struc_001b_full_structure_diagnosis/20260515_001000_fullrunner/per_sample_metrics.csv
T07_ref3_plus_residual_UNet,ref3 + residual U-Net,0,line_test_0006,line,4.54727924184403,25.021525196835825,0.2072503030699531,0.00823476817458868,0.49268251095782034,0.0009427100012544543,0.49268251095782034,/home/superws/2026_Projects/Codex_reference_plane_real/exp/task_real_struc_001b_full_structure_diagnosis/20260515_001000_fullrunner/per_sample_metrics.csv
T07_ref3_plus_residual_UNet,ref3 + residual U-Net,0,line_test_0007,line,2.0039604182038575,26.770011026408266,0.3706801578568781,0.00487920455634594,0.46948363102274016,0.0008682089974172413,0.46948363102274016,/home/superws/2026_Projects/Codex_reference_plane_real/exp/task_real_struc_001b_full_structure_diagnosis/20260515_001000_fullrunner/per_sample_metrics.csv
T07_ref3_plus_residual_UNet,ref3 + residual U-Net,0,line_test_0008,line,0.9544403178124763,26.023258180168966,0.41631411776975763,0.005515367724001408,0.29117176897489117,0.000882247000845382,0.29117176897489117,/home/superws/2026_Projects/Codex_reference_plane_real/exp/task_real_struc_001b_full_structure_diagnosis/20260515_001000_fullrunner/per_sample_metrics.csv
T07_ref3_plus_residual_UNet,ref3 + residual U-Net,0,line_test_0009,line,1.3291345268650736,28.971130294271404,0.4554010922919478,0.003266537096351385,0.4147673250481603,0.0008795510002528317,0.4147673250481603,/home/superws/2026_Projects/Codex_reference_plane_real/exp/task_real_struc_001b_full_structure_diagnosis/20260515_001000_fullrunner/per_sample_metrics.csv
T07_ref3_plus_residual_UNet,ref3 + residual U-Net,0,line_test_0010,line,1.7117265126399732,30.08533162204508,0.5185440601587135,0.003122018650174141,0.5102490510544158,0.000945200001297053,0.5102490510544158,/home/superws/2026_Projects/Codex_reference_plane_real/exp/task_real_struc_001b_full_structure_diagnosis/20260515_001000_fullrunner/per_sample_metrics.csv
T07_ref3_plus_residual_UNet,ref3 + residual U-Net,0,line_test_0011,line,1.0689458407746668,27.457332359485545,0.33701110365492043,0.00259895296767354,0.3033493510010885,0.0008784340025158599,0.3033493510010885,/home/superws/2026_Projects/Codex_reference_plane_real/exp/task_real_struc_001b_full_structure_diagnosis/20260515_001000_fullrunner/per_sample_metrics.csv
T07_ref3_plus_residual_UNet,ref3 + residual U-Net,0,line_test_0012,line,1.4304614047475537,28.12715795686611,0.42971586792705196,0.004137355834245682,0.4260609450248012,0.0008803839991742279,0.4260609450248012,/home/superws/2026_Projects/Codex_reference_plane_real/exp/task_real_struc_001b_full_structure_diagnosis/20260515_001000_fullrunner/per_sample_metrics.csv
T07_ref3_plus_residual_UNet,ref3 + residual U-Net,0,line_test_0013,line,1.2624158834303605,26.00171096273441,0.45501668059713785,0.006528789177536964,0.29163480698116473,0.0008757389987295028,0.29163480698116473,/home/superws/2026_Projects/Codex_reference_plane_real/exp/task_real_struc_001b_full_structure_diagnosis/20260515_001000_fullrunner/per_sample_metrics.csv
T07_ref3_plus_residual_UNet,ref3 + residual U-Net,0,line_test_0014,line,1.3016877891606944,33.68489258544051,0.6803570593567481,0.0009557127486914396,0.2177816549774434,0.0009377049973409157,0.2177816549774434,/home/superws/2026_Projects/Codex_reference_plane_real/exp/task_real_struc_001b_full_structure_diagnosis/20260515_001000_fullrunner/per_sample_metrics.csv
T07_ref3_plus_residual_UNet,ref3 + residual U-Net,0,line_test_0015,line,3.8471067623844877,29.53775346756961,0.4484761087364684,0.003423212328925729,0.19766407702627475,0.000933988001634134,0.19766407702627475,/home/superws/2026_Projects/Codex_reference_plane_real/exp/task_real_struc_001b_full_structure_diagnosis/20260515_001000_fullrunner/per_sample_metrics.csv
T07_ref3_plus_residual_UNet,ref3 + residual U-Net,0,line_test_0016,line,1.5101491718497264,26.412812029861946,0.33340036841648935,0.006081202067434788,0.29033391998382285,0.0009156710002571344,0.29033391998382285,/home/superws/2026_Projects/Codex_reference_plane_real/exp/task_real_struc_001b_full_structure_diagnosis/20260515_001000_fullrunner/per_sample_metrics.csv
T07_ref3_plus_residual_UNet,ref3 + residual U-Net,0,line_test_0017,line,1.1739627355457047,31.39845966365462,0.5569712466903464,0.001140758628025651,0.1827157759835245,0.0008699559984961525,0.1827157759835245,/home/superws/2026_Projects/Codex_reference_plane_real/exp/task_real_struc_001b_full_structure_diagnosis/20260515_001000_fullrunner/per_sample_metrics.csv
T07_ref3_plus_residual_UNet,ref3 + residual U-Net,0,line_test_0018,line,1.6714133140918048,27.137764783050017,0.358129037978842,0.005006034392863512,0.25083478701344575,0.0008696190016053151,0.25083478701344575,/home/superws/2026_Projects/Codex_reference_plane_real/exp/task_real_struc_001b_full_structure_diagnosis/20260515_001000_fullrunner/per_sample_metrics.csv
T07_ref3_plus_residual_UNet,ref3 + residual U-Net,0,line_test_0019,line,2.4258517979898673,25.452446238165216,0.2830009703413586,0.006940047722309828,0.2260506159727811,0.0008714909999980591,0.2260506159727811,/home/superws/2026_Projects/Codex_reference_plane_real/exp/task_real_struc_001b_full_structure_diagnosis/20260515_001000_fullrunner/per_sample_metrics.csv
T07_ref3_plus_residual_UNet,ref3 + residual U-Net,0,cross_test_0000,cross,3.135383430413447,27.21745797894245,0.3174447328297776,0.006896673701703548,0.21811116802200559,0.0008755039998504799,0.21811116802200559,/home/superws/2026_Projects/Codex_reference_plane_real/exp/task_real_struc_001b_full_structure_diagnosis/20260515_001000_fullrunner/per_sample_metrics.csv
T07_ref3_plus_residual_UNet,ref3 + residual U-Net,0,cross_test_0001,cross,0.9318512531660398,26.807208303941422,0.5013473928576457,0.005991089623421431,0.31058461297652684,0.0008735599985811859,0.31058461297652684,/home/superws/2026_Projects/Codex_reference_plane_real/exp/task_real_struc_001b_full_structure_diagnosis/20260515_001000_fullrunner/per_sample_metrics.csv
T07_ref3_plus_residual_UNet,ref3 + residual U-Net,0,cross_test_0002,cross,1.3980139976710968,28.90987307942074,0.4490465466992755,0.0027839699760079384,0.23223554797732504,0.0009457380001549609,0.23223554797732504,/home/superws/2026_Projects/Codex_reference_plane_real/exp/task_real_struc_001b_full_structure_diagnosis/20260515_001000_fullrunner/per_sample_metrics.csv
T07_ref3_plus_residual_UNet,ref3 + residual U-Net,0,cross_test_0003,cross,1.126096571051933,27.117144575730592,0.47704743595995874,0.0050242189317941666,0.357322997013398,0.0008680149985593744,0.357322997013398,/home/superws/2026_Projects/Codex_reference_plane_real/exp/task_real_struc_001b_full_structure_diagnosis/20260515_001000_fullrunner/per_sample_metrics.csv
T07_ref3_plus_residual_UNet,ref3 + residual U-Net,0,cross_test_0004,cross,1.1913891772237808,27.10515280751752,0.48517270768775617,0.005854433868080378,0.3139000500123075,0.0009375429981446359,0.3139000500123075,/home/superws/2026_Projects/Codex_reference_plane_real/exp/task_real_struc_001b_full_structure_diagnosis/20260515_001000_fullrunner/per_sample_metrics.csv
T07_ref3_plus_residual_UNet,ref3 + residual U-Net,0,cross_test_0005,cross,3.156517464913681,26.172629877662818,0.2340384274887214,0.008751999586820602,0.255046256010246,0.000865930000145454,0.255046256010246,/home/superws/2026_Projects/Codex_reference_plane_real/exp/task_real_struc_001b_full_structure_diagnosis/20260515_001000_fullrunner/per_sample_metrics.csv
T07_ref3_plus_residual_UNet,ref3 + residual U-Net,0,cross_test_0006,cross,1.3084219057490076,27.552764423702833,0.49679577995935637,0.0035097661893814802,0.24908849200073746,0.0008743010002945084,0.24908849200073746,/home/superws/2026_Projects/Codex_reference_plane_real/exp/task_real_struc_001b_full_structure_diagnosis/20260515_001000_fullrunner/per_sample_metrics.csv
T07_ref3_plus_residual_UNet,ref3 + residual U-Net,0,cross_test_0007,cross,2.150075199383522,30.606787899121638,0.5698226623962,0.0027270440477877855,0.2608317100239219,0.0009098180016735569,0.2608317100239219,/home/superws/2026_Projects/Codex_reference_plane_real/exp/task_real_struc_001b_full_structure_diagnosis/20260515_001000_fullrunner/per_sample_metrics.csv
T07_ref3_plus_residual_UNet,ref3 + residual U-Net,0,cross_test_0008,cross,1.4285909992059551,26.416954984230088,0.3345607121082933,0.006747137289494276,0.23923336696680053,0.0008803950004221406,0.23923336696680053,/home/superws/2026_Projects/Codex_reference_plane_real/exp/task_real_struc_001b_full_structure_diagnosis/20260515_001000_fullrunner/per_sample_metrics.csv
T07_ref3_plus_residual_UNet,ref3 + residual U-Net,0,cross_test_0009,cross,2.5325359781166914,28.84404351725329,0.41999380349425747,0.0037139595951884985,0.24740724501316436,0.0008898660016711801,0.24740724501316436,/home/superws/2026_Projects/Codex_reference_plane_real/exp/task_real_struc_001b_full_structure_diagnosis/20260515_001000_fullrunner/per_sample_metrics.csv
T07_ref3_plus_residual_UNet,ref3 + residual U-Net,0,cross_test_0010,cross,3.67126684720694,26.399357225503095,0.23178179077083272,0.008085916750133038,0.4905700419876666,0.0012014950007142033,0.4905700419876666,/home/superws/2026_Projects/Codex_reference_plane_real/exp/task_real_struc_001b_full_structure_diagnosis/20260515_001000_fullrunner/per_sample_metrics.csv
T07_ref3_plus_residual_UNet,ref3 + residual U-Net,0,cross_test_0011,cross,1.5187836004194166,25.49920018683412,0.2891805675140451,0.007904555648565292,0.24800953601879883,0.0008874960003595334,0.24800953601879883,/home/superws/2026_Projects/Codex_reference_plane_real/exp/task_real_struc_001b_full_structure_diagnosis/20260515_001000_fullrunner/per_sample_metrics.csv
T07_ref3_plus_residual_UNet,ref3 + residual U-Net,0,cross_test_0012,cross,1.5186140417243572,29.85212881932856,0.5483274372798282,0.0031859350856393576,0.3021414830109279,0.0008883189984771889,0.3021414830109279,/home/superws/2026_Projects/Codex_reference_plane_real/exp/task_real_struc_001b_full_structure_diagnosis/20260515_001000_fullrunner/per_sample_metrics.csv
T07_ref3_plus_residual_UNet,ref3 + residual U-Net,0,cross_test_0013,cross,2.0526845259775306,28.53901846482179,0.3734939369774629,0.005614632274955511,0.49313465198792983,0.0008768940024310723,0.49313465198792983,/home/superws/2026_Projects/Codex_reference_plane_real/exp/task_real_struc_001b_full_structure_diagnosis/20260515_001000_fullrunner/per_sample_metrics.csv
T07_ref3_plus_residual_UNet,ref3 + residual U-Net,0,cross_test_0014,cross,1.1975748373334263,26.920497512567096,0.3581712323329749,0.004280317574739456,0.20753885899466695,0.0008852219980326481,0.20753885899466695,/home/superws/2026_Projects/Codex_reference_plane_real/exp/task_real_struc_001b_full_structure_diagnosis/20260515_001000_fullrunner/per_sample_metrics.csv
T07_ref3_plus_residual_UNet,ref3 + residual U-Net,0,L_shape_test_0000,L-shape,1.414554376544999,24.665977537116966,0.2351108924528019,0.008097340352833271,0.2868988180489396,0.0008600759974797256,0.2868988180489396,/home/superws/2026_Projects/Codex_reference_plane_real/exp/task_real_struc_001b_full_structure_diagnosis/20260515_001000_fullrunner/per_sample_metrics.csv
T07_ref3_plus_residual_UNet,ref3 + residual U-Net,0,L_shape_test_0001,L-shape,1.262524499551688,26.651055534061573,0.42431331157118096,0.00502085592597723,0.41531484999723034,0.0008834760010358877,0.41531484999723034,/home/superws/2026_Projects/Codex_reference_plane_real/exp/task_real_struc_001b_full_structure_diagnosis/20260515_001000_fullrunner/per_sample_metrics.csv
T07_ref3_plus_residual_UNet,ref3 + residual U-Net,0,L_shape_test_0002,L-shape,1.9329018981103134,24.418822657754045,0.22126523763323538,0.011256097815930843,0.2662754469565698,0.0008822669988148846,0.2662754469565698,/home/superws/2026_Projects/Codex_reference_plane_real/exp/task_real_struc_001b_full_structure_diagnosis/20260515_001000_fullrunner/per_sample_metrics.csv
T07_ref3_plus_residual_UNet,ref3 + residual U-Net,0,L_shape_test_0003,L-shape,1.3649478345717379,26.13713842104049,0.3210426638873304,0.005850390065461397,0.28824567897390807,0.0008727599997655489,0.28824567897390807,/home/superws/2026_Projects/Codex_reference_plane_real/exp/task_real_struc_001b_full_structure_diagnosis/20260515_001000_fullrunner/per_sample_metrics.csv
T07_ref3_plus_residual_UNet,ref3 + residual U-Net,0,L_shape_test_0004,L-shape,1.2991632306065908,24.64374761611177,0.22927919181847917,0.007154420949518681,0.6761498440209834,0.0009318720003648195,0.6761498440209834,/home/superws/2026_Projects/Codex_reference_plane_real/exp/task_real_struc_001b_full_structure_diagnosis/20260515_001000_fullrunner/per_sample_metrics.csv
T07_ref3_plus_residual_UNet,ref3 + residual U-Net,0,L_shape_test_0005,L-shape,1.257260731045442,26.14546616065185,0.30501658857044367,0.005523324012756348,0.26018787595967297,0.0008779170020716265,0.26018787595967297,/home/superws/2026_Projects/Codex_reference_plane_real/exp/task_real_struc_001b_full_structure_diagnosis/20260515_001000_fullrunner/per_sample_metrics.csv
T07_ref3_plus_residual_UNet,ref3 + residual U-Net,0,L_shape_test_0006,L-shape,1.3692865478690104,29.796137018470354,0.48529684185331334,0.0025273996870964766,0.24244417800946394,0.0008708530003787018,0.24244417800946394,/home/superws/2026_Projects/Codex_reference_plane_real/exp/task_real_struc_001b_full_structure_diagnosis/20260515_001000_fullrunner/per_sample_metrics.csv
T07_ref3_plus_residual_UNet,ref3 + residual U-Net,0,L_shape_test_0007,L-shape,1.2188624157845935,26.13997450515175,0.3345789045855698,0.005166014190763235,0.31167564500356093,0.000946537998970598,0.31167564500356093,/home/superws/2026_Projects/Codex_reference_plane_real/exp/task_real_struc_001b_full_structure_diagnosis/20260515_001000_fullrunner/per_sample_metrics.csv
T07_ref3_plus_residual_UNet,ref3 + residual U-Net,0,L_shape_test_0008,L-shape,1.5308913997419717,28.624964593477497,0.40039164698508484,0.003419813234359026,0.2247946960014815,0.0009071179993043188,0.2247946960014815,/home/superws/2026_Projects/Codex_reference_plane_real/exp/task_real_struc_001b_full_structure_diagnosis/20260515_001000_fullrunner/per_sample_metrics.csv
T07_ref3_plus_residual_UNet,ref3 + residual U-Net,0,L_shape_test_0009,L-shape,2.0312862106826497,23.325528733708193,0.18508720575654375,0.014062141999602318,0.5836795020004502,0.0008792430016910657,0.5836795020004502,/home/superws/2026_Projects/Codex_reference_plane_real/exp/task_real_struc_001b_full_structure_diagnosis/20260515_001000_fullrunner/per_sample_metrics.csv
T07_ref3_plus_residual_UNet,ref3 + residual U-Net,0,L_shape_test_0010,L-shape,1.4857741822970012,28.882924117135587,0.44864920385609913,0.0029475518967956305,0.31324149501597276,0.0008778789997450076,0.31324149501597276,/home/superws/2026_Projects/Codex_reference_plane_real/exp/task_real_struc_001b_full_structure_diagnosis/20260515_001000_fullrunner/per_sample_metrics.csv
T07_ref3_plus_residual_UNet,ref3 + residual U-Net,0,L_shape_test_0011,L-shape,1.2366872123414518,32.45724512804055,0.6148263865363447,0.0012727658031508327,0.20956725602445658,0.0008890559984138235,0.20956725602445658,/home/superws/2026_Projects/Codex_reference_plane_real/exp/task_real_struc_001b_full_structure_diagnosis/20260515_001000_fullrunner/per_sample_metrics.csv
T07_ref3_plus_residual_UNet,ref3 + residual U-Net,0,L_shape_test_0012,L-shape,1.0844232307699886,26.406350819977394,0.32449702593656027,0.0038962149992585182,0.4496204089955427,0.00093544099945575,0.4496204089955427,/home/superws/2026_Projects/Codex_reference_plane_real/exp/task_real_struc_001b_full_structure_diagnosis/20260515_001000_fullrunner/per_sample_metrics.csv
T07_ref3_plus_residual_UNet,ref3 + residual U-Net,0,L_shape_test_0013,L-shape,1.1207636575851332,26.76705301038263,0.32967747534634967,0.0039930506609380245,0.42601874597312417,0.0008760519995121285,0.42601874597312417,/home/superws/2026_Projects/Codex_reference_plane_real/exp/task_real_struc_001b_full_structure_diagnosis/20260515_001000_fullrunner/per_sample_metrics.csv
T07_ref3_plus_residual_UNet,ref3 + residual U-Net,0,L_shape_test_0014,L-shape,1.4721589254337177,30.513250923701882,0.5108522176948652,0.002436818787828088,0.23070653702234267,0.0008613810023234691,0.23070653702234267,/home/superws/2026_Projects/Codex_reference_plane_real/exp/task_real_struc_001b_full_structure_diagnosis/20260515_001000_fullrunner/per_sample_metrics.csv
T07_ref3_plus_residual_UNet,ref3 + residual U-Net,0,L_shape_test_0015,L-shape,1.2781168806408452,24.799917970985106,0.27555665538491336,0.007455259561538696,0.3346846169588389,0.0008762770012253895,0.3346846169588389,/home/superws/2026_Projects/Codex_reference_plane_real/exp/task_real_struc_001b_full_structure_diagnosis/20260515_001000_fullrunner/per_sample_metrics.csv
T07_ref3_plus_residual_UNet,ref3 + residual U-Net,0,L_shape_test_0016,L-shape,1.198333735300439,26.624975914726544,0.3272261150044026,0.004360985476523638,0.3766185740096262,0.0009314920025644824,0.3766185740096262,/home/superws/2026_Projects/Codex_reference_plane_real/exp/task_real_struc_001b_full_structure_diagnosis/20260515_001000_fullrunner/per_sample_metrics.csv
T07_ref3_plus_residual_UNet,ref3 + residual U-Net,0,L_shape_test_0017,L-shape,1.3472881518141568,25.005516530281632,0.31394341213286725,0.007520085200667381,0.351722910960234,0.00088088099801098,0.351722910960234,/home/superws/2026_Projects/Codex_reference_plane_real/exp/task_real_struc_001b_full_structure_diagnosis/20260515_001000_fullrunner/per_sample_metrics.csv
T07_ref3_plus_residual_UNet,ref3 + residual U-Net,0,L_shape_test_0018,L-shape,1.3039266150611084,25.047122019816207,0.2406128755653901,0.005770587362349033,0.472613881003781,0.0008797070004220586,0.472613881003781,/home/superws/2026_Projects/Codex_reference_plane_real/exp/task_real_struc_001b_full_structure_diagnosis/20260515_001000_fullrunner/per_sample_metrics.csv
T07_ref3_plus_residual_UNet,ref3 + residual U-Net,0,L_shape_test_0019,L-shape,3.553135537527061,27.823890675465464,0.33677341385894427,0.005221780855208635,0.39272085697666625,0.000879882001754595,0.39272085697666625,/home/superws/2026_Projects/Codex_reference_plane_real/exp/task_real_struc_001b_full_structure_diagnosis/20260515_001000_fullrunner/per_sample_metrics.csv
T07_ref3_plus_residual_UNet,ref3 + residual U-Net,0,double_line_test_0000,double-line,1.0718480793533758,25.93123432477816,0.3186623018696172,0.004215562716126442,0.25481806003153906,0.0008781940014159773,0.25481806003153906,/home/superws/2026_Projects/Codex_reference_plane_real/exp/task_real_struc_001b_full_structure_diagnosis/20260515_001000_fullrunner/per_sample_metrics.csv
T07_ref3_plus_residual_UNet,ref3 + residual U-Net,0,double_line_test_0001,double-line,1.233122262895557,25.727048871095217,0.2934716604399229,0.005966939963400364,0.4300866369558207,0.0009447349984839093,0.4300866369558207,/home/superws/2026_Projects/Codex_reference_plane_real/exp/task_real_struc_001b_full_structure_diagnosis/20260515_001000_fullrunner/per_sample_metrics.csv
T07_ref3_plus_residual_UNet,ref3 + residual U-Net,0,double_line_test_0002,double-line,1.0928988647807116,30.86003119013412,0.5230282242940225,0.0013846943620592356,0.22244490799494088,0.0008895520004443824,0.22244490799494088,/home/superws/2026_Projects/Codex_reference_plane_real/exp/task_real_struc_001b_full_structure_diagnosis/20260515_001000_fullrunner/per_sample_metrics.csv
T07_ref3_plus_residual_UNet,ref3 + residual U-Net,0,double_line_test_0003,double-line,1.1495672771403116,25.021944256165472,0.33009255258849995,0.006581989582628012,0.3550433579766832,0.0008727939966775011,0.3550433579766832,/home/superws/2026_Projects/Codex_reference_plane_real/exp/task_real_struc_001b_full_structure_diagnosis/20260515_001000_fullrunner/per_sample_metrics.csv
T07_ref3_plus_residual_UNet,ref3 + residual U-Net,0,double_line_test_0004,double-line,1.0748885715670282,25.58148867595793,0.3380326288233307,0.005683625116944313,0.4037727760078269,0.0008749909975449555,0.4037727760078269,/home/superws/2026_Projects/Codex_reference_plane_real/exp/task_real_struc_001b_full_structure_diagnosis/20260515_001000_fullrunner/per_sample_metrics.csv
T07_ref3_plus_residual_UNet,ref3 + residual U-Net,0,double_line_test_0005,double-line,1.0145759649955368,25.93145225701106,0.2502687119760068,0.0034310256596654654,0.2790921829910076,0.0009499129992036615,0.2790921829910076,/home/superws/2026_Projects/Codex_reference_plane_real/exp/task_real_struc_001b_full_structure_diagnosis/20260515_001000_fullrunner/per_sample_metrics.csv
T07_ref3_plus_residual_UNet,ref3 + residual U-Net,0,double_line_test_0006,double-line,1.390961845346095,23.869623937277776,0.2742205989347981,0.008873271755874157,0.4073026669975661,0.0008711959999345709,0.4073026669975661,/home/superws/2026_Projects/Codex_reference_plane_real/exp/task_real_struc_001b_full_structure_diagnosis/20260515_001000_fullrunner/per_sample_metrics.csv
T07_ref3_plus_residual_UNet,ref3 + residual U-Net,0,double_line_test_0007,double-line,3.937282399892176,25.990441037167848,0.23826660027635793,0.0076000685803592205,0.2661454869703448,0.0008677420009917114,0.2661454869703448,/home/superws/2026_Projects/Codex_reference_plane_real/exp/task_real_struc_001b_full_structure_diagnosis/20260515_001000_fullrunner/per_sample_metrics.csv
T07_ref3_plus_residual_UNet,ref3 + residual U-Net,0,double_line_test_0008,double-line,2.246210126232219,24.85299023512693,0.1960898061601841,0.010233133099973202,2.463342813010968,0.0008739900004002266,2.463342813010968,/home/superws/2026_Projects/Codex_reference_plane_real/exp/task_real_struc_001b_full_structure_diagnosis/20260515_001000_fullrunner/per_sample_metrics.csv
T07_ref3_plus_residual_UNet,ref3 + residual U-Net,0,double_line_test_0009,double-line,1.5060505398132498,26.191656717541264,0.3761189167230012,0.0054706367664039135,0.4936646089881833,0.0010558350004430395,0.4936646089881833,/home/superws/2026_Projects/Codex_reference_plane_real/exp/task_real_struc_001b_full_structure_diagnosis/20260515_001000_fullrunner/per_sample_metrics.csv
T07_ref3_plus_residual_UNet,ref3 + residual U-Net,0,double_line_test_0010,double-line,1.381591330974286,24.93674748104482,0.31299049346188296,0.007603919133543968,0.4260365820264269,0.000870537001901539,0.4260365820264269,/home/superws/2026_Projects/Codex_reference_plane_real/exp/task_real_struc_001b_full_structure_diagnosis/20260515_001000_fullrunner/per_sample_metrics.csv
T07_ref3_plus_residual_UNet,ref3 + residual U-Net,0,double_line_test_0011,double-line,1.0548050420565387,27.750476069145307,0.3579455498093139,0.002792946994304657,0.2849784669924702,0.0008891360012057703,0.2849784669924702,/home/superws/2026_Projects/Codex_reference_plane_real/exp/task_real_struc_001b_full_structure_diagnosis/20260515_001000_fullrunner/per_sample_metrics.csv
T07_ref3_plus_residual_UNet,ref3 + residual U-Net,0,double_line_test_0012,double-line,1.9714487296927519,27.700920290311927,0.40509205480050037,0.0044049290008842945,0.4119247689995973,0.000885949997609714,0.4119247689995973,/home/superws/2026_Projects/Codex_reference_plane_real/exp/task_real_struc_001b_full_structure_diagnosis/20260515_001000_fullrunner/per_sample_metrics.csv
T07_ref3_plus_residual_UNet,ref3 + residual U-Net,0,double_line_test_0013,double-line,1.2295509598285888,24.114933547101916,0.34154671160910555,0.008990946225821972,0.39917486598642427,0.0008711899972695392,0.39917486598642427,/home/superws/2026_Projects/Codex_reference_plane_real/exp/task_real_struc_001b_full_structure_diagnosis/20260515_001000_fullrunner/per_sample_metrics.csv
T07_ref3_plus_residual_UNet,ref3 + residual U-Net,0,double_line_test_0014,double-line,1.2340189452258215,24.864749821475975,0.30198418302394664,0.008920213207602501,0.3016569989886193,0.0009435529973416124,0.3016569989886193,/home/superws/2026_Projects/Codex_reference_plane_real/exp/task_real_struc_001b_full_structure_diagnosis/20260515_001000_fullrunner/per_sample_metrics.csv
T07_ref3_plus_residual_UNet,ref3 + residual U-Net,0,small_rect_edge_test_0000,small_rect_edge,1.1577955768009733,29.252549044648617,0.47353119903964797,0.0022126990370452404,0.17680412799745682,0.0009071549975487869,0.17680412799745682,/home/superws/2026_Projects/Codex_reference_plane_real/exp/task_real_struc_001b_full_structure_diagnosis/20260515_001000_fullrunner/per_sample_metrics.csv
T07_ref3_plus_residual_UNet,ref3 + residual U-Net,0,small_rect_edge_test_0001,small_rect_edge,2.0947316987856563,27.58588515673057,0.34710799080553556,0.005196550861001015,0.20982598501359462,0.0008776819995546248,0.20982598501359462,/home/superws/2026_Projects/Codex_reference_plane_real/exp/task_real_struc_001b_full_structure_diagnosis/20260515_001000_fullrunner/per_sample_metrics.csv
T07_ref3_plus_residual_UNet,ref3 + residual U-Net,0,small_rect_edge_test_0002,small_rect_edge,1.1519975268477538,27.107323371459188,0.3290975148810927,0.0030614007264375687,0.2489644860070257,0.0010448540015204344,0.2489644860070257,/home/superws/2026_Projects/Codex_reference_plane_real/exp/task_real_struc_001b_full_structure_diagnosis/20260515_001000_fullrunner/per_sample_metrics.csv
T07_ref3_plus_residual_UNet,ref3 + residual U-Net,0,small_rect_edge_test_0003,small_rect_edge,3.4928296648442,25.077404548271463,0.2135933345787498,0.009052987210452557,0.2543760330081568,0.0009476030027144589,0.2543760330081568,/home/superws/2026_Projects/Codex_reference_plane_real/exp/task_real_struc_001b_full_structure_diagnosis/20260515_001000_fullrunner/per_sample_metrics.csv
T07_ref3_plus_residual_UNet,ref3 + residual U-Net,0,small_rect_edge_test_0004,small_rect_edge,2.5658889313693294,25.05897846237336,0.2355301604196644,0.008681438863277435,0.27195864500754396,0.0008721710000827443,0.27195864500754396,/home/superws/2026_Projects/Codex_reference_plane_real/exp/task_real_struc_001b_full_structure_diagnosis/20260515_001000_fullrunner/per_sample_metrics.csv
T07_ref3_plus_residual_UNet,ref3 + residual U-Net,0,small_rect_edge_test_0005,small_rect_edge,1.5111308159691208,27.66869706944358,0.353266809545336,0.0034680436365306377,0.26859522904851474,0.0008602890011388808,0.26859522904851474,/home/superws/2026_Projects/Codex_reference_plane_real/exp/task_real_struc_001b_full_structure_diagnosis/20260515_001000_fullrunner/per_sample_metrics.csv
T07_ref3_plus_residual_UNet,ref3 + residual U-Net,0,small_rect_edge_test_0006,small_rect_edge,1.2095994389356155,29.138755873231027,0.46570074093258024,0.003920214716345072,0.2581491860146343,0.0008701529986865353,0.2581491860146343,/home/superws/2026_Projects/Codex_reference_plane_real/exp/task_real_struc_001b_full_structure_diagnosis/20260515_001000_fullrunner/per_sample_metrics.csv
T07_ref3_plus_residual_UNet,ref3 + residual U-Net,0,small_rect_edge_test_0007,small_rect_edge,1.1409105205825614,28.505165493645322,0.3887376811072538,0.0020880133379250765,0.23522118202527054,0.0008780799980740994,0.23522118202527054,/home/superws/2026_Projects/Codex_reference_plane_real/exp/task_real_struc_001b_full_structure_diagnosis/20260515_001000_fullrunner/per_sample_metrics.csv
T07_ref3_plus_residual_UNet,ref3 + residual U-Net,0,small_rect_edge_test_0008,small_rect_edge,1.7719285066051664,25.9377151489215,0.2682832020278633,0.007850822992622852,0.2509018080017995,0.0008847849967423826,0.2509018080017995,/home/superws/2026_Projects/Codex_reference_plane_real/exp/task_real_struc_001b_full_structure_diagnosis/20260515_001000_fullrunner/per_sample_metrics.csv
T07_ref3_plus_residual_UNet,ref3 + residual U-Net,0,small_rect_edge_test_0009,small_rect_edge,1.3968843020571837,29.444208471067313,0.4548353982292347,0.0026774031575769186,0.2286233259983419,0.0008768430016061757,0.2286233259983419,/home/superws/2026_Projects/Codex_reference_plane_real/exp/task_real_struc_001b_full_structure_diagnosis/20260515_001000_fullrunner/per_sample_metrics.csv
T07_ref3_plus_residual_UNet,ref3 + residual U-Net,0,point_cluster_test_0000,point_cluster,4.693734059834344,26.203139544931844,0.3113006185618608,0.00548820523545146,0.37998179904025164,0.0008807000012893695,0.37998179904025164,/home/superws/2026_Projects/Codex_reference_plane_real/exp/task_real_struc_001b_full_structure_diagnosis/20260515_001000_fullrunner/per_sample_metrics.csv
T07_ref3_plus_residual_UNet,ref3 + residual U-Net,0,point_cluster_test_0001,point_cluster,1.37008364952089,30.30369730053682,0.5449828161694555,0.003019933821633458,0.3394892680225894,0.0009363470016978681,0.3394892680225894,/home/superws/2026_Projects/Codex_reference_plane_real/exp/task_real_struc_001b_full_structure_diagnosis/20260515_001000_fullrunner/per_sample_metrics.csv
T07_ref3_plus_residual_UNet,ref3 + residual U-Net,0,point_cluster_test_0002,point_cluster,3.398090798190125,30.2932888581271,0.48578292615052826,0.003416533814743161,0.19400292998398072,0.0010122380008397158,0.19400292998398072,/home/superws/2026_Projects/Codex_reference_plane_real/exp/task_real_struc_001b_full_structure_diagnosis/20260515_001000_fullrunner/per_sample_metrics.csv
T07_ref3_plus_residual_UNet,ref3 + residual U-Net,0,point_cluster_test_0003,point_cluster,6.270761509089894,27.890887906164327,0.340076481010543,0.005141144618391991,0.29152020601395634,0.000982446003035875,0.29152020601395634,/home/superws/2026_Projects/Codex_reference_plane_real/exp/task_real_struc_001b_full_structure_diagnosis/20260515_001000_fullrunner/per_sample_metrics.csv
T07_ref3_plus_residual_UNet,ref3 + residual U-Net,0,point_cluster_test_0004,point_cluster,1.6013985672917606,29.37339512854573,0.4895926569885026,0.0036723956000059843,0.2891084580151073,0.0008941369997046422,0.2891084580151073,/home/superws/2026_Projects/Codex_reference_plane_real/exp/task_real_struc_001b_full_structure_diagnosis/20260515_001000_fullrunner/per_sample_metrics.csv
T07_ref3_plus_residual_UNet,ref3 + residual U-Net,0,point_cluster_test_0005,point_cluster,1.5498747888737816,29.46298526946661,0.4560032408636712,0.003403439186513424,0.21764208096283255,0.0008855039995978586,0.21764208096283255,/home/superws/2026_Projects/Codex_reference_plane_real/exp/task_real_struc_001b_full_structure_diagnosis/20260515_001000_fullrunner/per_sample_metrics.csv
T07_ref3_plus_residual_UNet,ref3 + residual U-Net,0,point_cluster_test_0006,point_cluster,6.913591622461821,26.670943720699736,0.28022898963488757,0.0059134396724402905,0.451560465968214,0.0008660349994897842,0.451560465968214,/home/superws/2026_Projects/Codex_reference_plane_real/exp/task_real_struc_001b_full_structure_diagnosis/20260515_001000_fullrunner/per_sample_metrics.csv
T07_ref3_plus_residual_UNet,ref3 + residual U-Net,0,point_cluster_test_0007,point_cluster,8.147661065585808,26.49778330491578,0.2786098496579072,0.005920103285461664,0.2161353430346935,0.0008799860006547533,0.2161353430346935,/home/superws/2026_Projects/Codex_reference_plane_real/exp/task_real_struc_001b_full_structure_diagnosis/20260515_001000_fullrunner/per_sample_metrics.csv
T07_ref3_plus_residual_UNet,ref3 + residual U-Net,0,point_cluster_test_0008,point_cluster,5.727450184842598,27.17042821858127,0.30287270923184917,0.005724939983338118,0.21355883997966885,0.0008804060016700532,0.21355883997966885,/home/superws/2026_Projects/Codex_reference_plane_real/exp/task_real_struc_001b_full_structure_diagnosis/20260515_001000_fullrunner/per_sample_metrics.csv
T07_ref3_plus_residual_UNet,ref3 + residual U-Net,0,point_cluster_test_0009,point_cluster,4.406039796543328,29.63893139753307,0.506678379472846,0.0026437032502144575,0.2922012029957841,0.0010293360028299503,0.2922012029957841,/home/superws/2026_Projects/Codex_reference_plane_real/exp/task_real_struc_001b_full_structure_diagnosis/20260515_001000_fullrunner/per_sample_metrics.csv
T07_ref3_plus_residual_UNet,ref3 + residual U-Net,0,point_cluster_test_0010,point_cluster,1.694493443825473,28.99225238432892,0.4496763882068556,0.003910648170858622,0.3377974049653858,0.0008730010013096035,0.3377974049653858,/home/superws/2026_Projects/Codex_reference_plane_real/exp/task_real_struc_001b_full_structure_diagnosis/20260515_001000_fullrunner/per_sample_metrics.csv
T07_ref3_plus_residual_UNet,ref3 + residual U-Net,0,point_cluster_test_0011,point_cluster,9.708219216106986,25.035652801355425,0.16453548464446902,0.008745760656893253,0.2268998939616722,0.0009427080003661104,0.2268998939616722,/home/superws/2026_Projects/Codex_reference_plane_real/exp/task_real_struc_001b_full_structure_diagnosis/20260515_001000_fullrunner/per_sample_metrics.csv
T07_ref3_plus_residual_UNet,ref3 + residual U-Net,0,point_cluster_test_0012,point_cluster,3.3605005298670783,28.390706892892883,0.3815355459616981,0.003692522644996643,0.2613318019575672,0.0008834379987092689,0.2613318019575672,/home/superws/2026_Projects/Codex_reference_plane_real/exp/task_real_struc_001b_full_structure_diagnosis/20260515_001000_fullrunner/per_sample_metrics.csv
T07_ref3_plus_residual_UNet,ref3 + residual U-Net,0,point_cluster_test_0013,point_cluster,2.467194168569982,28.438583358155384,0.3568008493811659,0.005373301915824413,0.30799810999815236,0.0008753900001465809,0.30799810999815236,/home/superws/2026_Projects/Codex_reference_plane_real/exp/task_real_struc_001b_full_structure_diagnosis/20260515_001000_fullrunner/per_sample_metrics.csv
T07_ref3_plus_residual_UNet,ref3 + residual U-Net,0,point_cluster_test_0014,point_cluster,2.2874992269790067,30.668144227269064,0.5202373928134331,0.0027883974835276604,0.2046365859787329,0.0008755829985602759,0.2046365859787329,/home/superws/2026_Projects/Codex_reference_plane_real/exp/task_real_struc_001b_full_structure_diagnosis/20260515_001000_fullrunner/per_sample_metrics.csv
T07_ref3_plus_residual_UNet,ref3 + residual U-Net,0,point_cluster_test_0015,point_cluster,2.5679423414142724,30.299931958271745,0.4838826993564408,0.0029073208570480347,0.2610641949759156,0.0008822260024317075,0.2610641949759156,/home/superws/2026_Projects/Codex_reference_plane_real/exp/task_real_struc_001b_full_structure_diagnosis/20260515_001000_fullrunner/per_sample_metrics.csv
T07_ref3_plus_residual_UNet,ref3 + residual U-Net,0,point_cluster_test_0016,point_cluster,2.6571223336291556,27.634581558892418,0.38924545853452747,0.005108410492539406,0.39100836199941114,0.0008749190019443631,0.39100836199941114,/home/superws/2026_Projects/Codex_reference_plane_real/exp/task_real_struc_001b_full_structure_diagnosis/20260515_001000_fullrunner/per_sample_metrics.csv
T07_ref3_plus_residual_UNet,ref3 + residual U-Net,0,point_cluster_test_0017,point_cluster,3.4512318091538665,30.7669676228904,0.6421253987919083,0.002082433085888624,0.1848356909940776,0.0008922529996198136,0.1848356909940776,/home/superws/2026_Projects/Codex_reference_plane_real/exp/task_real_struc_001b_full_structure_diagnosis/20260515_001000_fullrunner/per_sample_metrics.csv
T07_ref3_plus_residual_UNet,ref3 + residual U-Net,0,point_cluster_test_0018,point_cluster,10.92031543876988,25.353292216380602,0.2139167610191806,0.006781581789255142,0.2850954980494862,0.0009372169988637324,0.2850954980494862,/home/superws/2026_Projects/Codex_reference_plane_real/exp/task_real_struc_001b_full_structure_diagnosis/20260515_001000_fullrunner/per_sample_metrics.csv
T07_ref3_plus_residual_UNet,ref3 + residual U-Net,0,point_cluster_test_0019,point_cluster,5.200355525276793,27.733546031236816,0.32824958182242364,0.004900827072560787,0.4089277200073411,0.0008763339974393602,0.4089277200073411,/home/superws/2026_Projects/Codex_reference_plane_real/exp/task_real_struc_001b_full_structure_diagnosis/20260515_001000_fullrunner/per_sample_metrics.csv
T07_ref3_plus_residual_UNet,ref3 + residual U-Net,1,line_test_0000,line,0.9876898079777637,30.894808092208965,0.5289020406313334,0.0014169455971568823,0.3424968900180829,0.0008554350024496671,0.3424968900180829,/home/superws/2026_Projects/Codex_reference_plane_real/exp/task_real_struc_001b_full_structure_diagnosis/20260515_001000_fullrunner/per_sample_metrics.csv
T07_ref3_plus_residual_UNet,ref3 + residual U-Net,1,line_test_0001,line,0.9867980184358777,25.967941473896005,0.270030894394713,0.004017618019133806,0.4549913199916773,0.0008924559988372494,0.4549913199916773,/home/superws/2026_Projects/Codex_reference_plane_real/exp/task_real_struc_001b_full_structure_diagnosis/20260515_001000_fullrunner/per_sample_metrics.csv
T07_ref3_plus_residual_UNet,ref3 + residual U-Net,1,line_test_0002,line,0.9786427638081653,30.296058378195532,0.5035292752940352,0.0019179554656147957,0.2179226040134381,0.0008958520011219662,0.2179226040134381,/home/superws/2026_Projects/Codex_reference_plane_real/exp/task_real_struc_001b_full_structure_diagnosis/20260515_001000_fullrunner/per_sample_metrics.csv
T07_ref3_plus_residual_UNet,ref3 + residual U-Net,1,line_test_0003,line,1.0995713564768035,33.498881114829246,0.6717900678572286,0.001584306126460433,0.3313076259983063,0.000885183999344008,0.3313076259983063,/home/superws/2026_Projects/Codex_reference_plane_real/exp/task_real_struc_001b_full_structure_diagnosis/20260515_001000_fullrunner/per_sample_metrics.csv
T07_ref3_plus_residual_UNet,ref3 + residual U-Net,1,line_test_0004,line,1.0215873867755745,36.54565132644747,0.8029657385336653,0.0005982113652862608,0.24323122299756506,0.0008517109999957029,0.24323122299756506,/home/superws/2026_Projects/Codex_reference_plane_real/exp/task_real_struc_001b_full_structure_diagnosis/20260515_001000_fullrunner/per_sample_metrics.csv
T07_ref3_plus_residual_UNet,ref3 + residual U-Net,1,line_test_0005,line,0.9995996360435823,32.41874983684089,0.6119918367881875,0.001006272272206843,0.24139838901464827,0.0009318800002802163,0.24139838901464827,/home/superws/2026_Projects/Codex_reference_plane_real/exp/task_real_struc_001b_full_structure_diagnosis/20260515_001000_fullrunner/per_sample_metrics.csv
T07_ref3_plus_residual_UNet,ref3 + residual U-Net,1,line_test_0006,line,0.9842805956935005,31.667852189568315,0.5863816672854845,0.0015253254678100348,0.49262801895747543,0.0008882180009095464,0.49262801895747543,/home/superws/2026_Projects/Codex_reference_plane_real/exp/task_real_struc_001b_full_structure_diagnosis/20260515_001000_fullrunner/per_sample_metrics.csv
T07_ref3_plus_residual_UNet,ref3 + residual U-Net,1,line_test_0007,line,0.9977936099865051,29.79849532792413,0.4746265783204847,0.0016306368634104729,0.46949010302341776,0.0008746809980948456,0.46949010302341776,/home/superws/2026_Projects/Codex_reference_plane_real/exp/task_real_struc_001b_full_structure_diagnosis/20260515_001000_fullrunner/per_sample_metrics.csv
T07_ref3_plus_residual_UNet,ref3 + residual U-Net,1,line_test_0008,line,0.9822576612200756,25.89849153847772,0.25837287629016636,0.0033209016546607018,0.29124198997669737,0.0009524680026515853,0.29124198997669737,/home/superws/2026_Projects/Codex_reference_plane_real/exp/task_real_struc_001b_full_structure_diagnosis/20260515_001000_fullrunner/per_sample_metrics.csv
T07_ref3_plus_residual_UNet,ref3 + residual U-Net,1,line_test_0009,line,0.9929574366915218,30.237513398663516,0.4940806395068475,0.0016448835376650095,0.414772984047886,0.0008852099999785423,0.414772984047886,/home/superws/2026_Projects/Codex_reference_plane_real/exp/task_real_struc_001b_full_structure_diagnosis/20260515_001000_fullrunner/per_sample_metrics.csv
T07_ref3_plus_residual_UNet,ref3 + residual U-Net,1,line_test_0010,line,1.009677977993498,32.377846674232444,0.6109312702120906,0.0011682441690936685,0.5101908800534147,0.0008870290002960246,0.5101908800534147,/home/superws/2026_Projects/Codex_reference_plane_real/exp/task_real_struc_001b_full_structure_diagnosis/20260515_001000_fullrunner/per_sample_metrics.csv
T07_ref3_plus_residual_UNet,ref3 + residual U-Net,1,line_test_0011,line,0.9996049697271693,27.748605473257836,0.34871036522836313,0.0024124549236148596,0.30335170199759887,0.0008807849990262184,0.30335170199759887,/home/superws/2026_Projects/Codex_reference_plane_real/exp/task_real_struc_001b_full_structure_diagnosis/20260515_001000_fullrunner/per_sample_metrics.csv
T07_ref3_plus_residual_UNet,ref3 + residual U-Net,1,line_test_0012,line,0.9698237266062062,29.814991524009137,0.480975559553498,0.0019006100483238697,0.42605555502450443,0.0008749939988774713,0.42605555502450443,/home/superws/2026_Projects/Codex_reference_plane_real/exp/task_real_struc_001b_full_structure_diagnosis/20260515_001000_fullrunner/per_sample_metrics.csv
T07_ref3_plus_residual_UNet,ref3 + residual U-Net,1,line_test_0013,line,0.9808885188794474,27.097539044402854,0.3469202580122827,0.002901711966842413,0.2916330449843372,0.0008739770019019488,0.2916330449843372,/home/superws/2026_Projects/Codex_reference_plane_real/exp/task_real_struc_001b_full_structure_diagnosis/20260515_001000_fullrunner/per_sample_metrics.csv
T07_ref3_plus_residual_UNet,ref3 + residual U-Net,1,line_test_0014,line,0.9993475866420047,34.83279517209954,0.733583577177276,0.0006533741252496839,0.21771873197940295,0.0008747819993004669,0.21771873197940295,/home/superws/2026_Projects/Codex_reference_plane_real/exp/task_real_struc_001b_full_structure_diagnosis/20260515_001000_fullrunner/per_sample_metrics.csv
T07_ref3_plus_residual_UNet,ref3 + residual U-Net,1,line_test_0015,line,1.0503672488239761,35.175684240184225,0.7484776405181498,0.0008516322122886777,0.19760659702660632,0.0008765080019657034,0.19760659702660632,/home/superws/2026_Projects/Codex_reference_plane_real/exp/task_real_struc_001b_full_structure_diagnosis/20260515_001000_fullrunner/per_sample_metrics.csv
T07_ref3_plus_residual_UNet,ref3 + residual U-Net,1,line_test_0016,line,0.9765397352367275,28.306111317139564,0.39748697270880834,0.002701714402064681,0.2902927159811952,0.0008744669976294972,0.2902927159811952,/home/superws/2026_Projects/Codex_reference_plane_real/exp/task_real_struc_001b_full_structure_diagnosis/20260515_001000_fullrunner/per_sample_metrics.csv
T07_ref3_plus_residual_UNet,ref3 + residual U-Net,1,line_test_0017,line,1.0292275991734294,31.969888710334796,0.586519554155768,0.0010856343433260918,0.1827208189861267,0.0008749990010983311,0.1827208189861267,/home/superws/2026_Projects/Codex_reference_plane_real/exp/task_real_struc_001b_full_structure_diagnosis/20260515_001000_fullrunner/per_sample_metrics.csv
T07_ref3_plus_residual_UNet,ref3 + residual U-Net,1,line_test_0018,line,0.9901274362567557,29.411692616320238,0.44588714952653274,0.001978494692593813,0.2508439550110779,0.0008787869992374908,0.2508439550110779,/home/superws/2026_Projects/Codex_reference_plane_real/exp/task_real_struc_001b_full_structure_diagnosis/20260515_001000_fullrunner/per_sample_metrics.csv
T07_ref3_plus_residual_UNet,ref3 + residual U-Net,1,line_test_0019,line,0.9868038334320942,29.358780434900584,0.44809911617182857,0.0017056092619895935,0.22605091997320415,0.0008717950004211161,0.22605091997320415,/home/superws/2026_Projects/Codex_reference_plane_real/exp/task_real_struc_001b_full_structure_diagnosis/20260515_001000_fullrunner/per_sample_metrics.csv
T07_ref3_plus_residual_UNet,ref3 + residual U-Net,1,cross_test_0000,cross,1.0160075386444931,32.11139540204813,0.6000223649774878,0.001677238498814404,0.21817178001947468,0.0009361159973195754,0.21817178001947468,/home/superws/2026_Projects/Codex_reference_plane_real/exp/task_real_struc_001b_full_structure_diagnosis/20260515_001000_fullrunner/per_sample_metrics.csv
T07_ref3_plus_residual_UNet,ref3 + residual U-Net,1,cross_test_0001,cross,0.9947176230271052,26.523676128651232,0.2797492473385081,0.0032371918205171824,0.31065963297805865,0.0009485800001129974,0.31065963297805865,/home/superws/2026_Projects/Codex_reference_plane_real/exp/task_real_struc_001b_full_structure_diagnosis/20260515_001000_fullrunner/per_sample_metrics.csv
T07_ref3_plus_residual_UNet,ref3 + residual U-Net,1,cross_test_0002,cross,1.0064138609869613,30.337222176687604,0.4990785233637349,0.0016448028618469834,0.23219462698034476,0.0009048170031746849,0.23219462698034476,/home/superws/2026_Projects/Codex_reference_plane_real/exp/task_real_struc_001b_full_structure_diagnosis/20260515_001000_fullrunner/per_sample_metrics.csv
T07_ref3_plus_residual_UNet,ref3 + residual U-Net,1,cross_test_0003,cross,0.9433486222752028,27.88617872154405,0.3932797703027644,0.0031146227847784758,0.35734682201291434,0.0008918399980757385,0.35734682201291434,/home/superws/2026_Projects/Codex_reference_plane_real/exp/task_real_struc_001b_full_structure_diagnosis/20260515_001000_fullrunner/per_sample_metrics.csv
T07_ref3_plus_residual_UNet,ref3 + residual U-Net,1,cross_test_0004,cross,0.9910614854269388,27.904683214053367,0.36976504096679863,0.003041000571101904,0.31386414701410104,0.0009016399999381974,0.31386414701410104,/home/superws/2026_Projects/Codex_reference_plane_real/exp/task_real_struc_001b_full_structure_diagnosis/20260515_001000_fullrunner/per_sample_metrics.csv
T07_ref3_plus_residual_UNet,ref3 + residual U-Net,1,cross_test_0005,cross,1.0143690740569558,31.102751695170028,0.5440662074846666,0.0019506821408867836,0.25506668401067145,0.0008863580005709082,0.25506668401067145,/home/superws/2026_Projects/Codex_reference_plane_real/exp/task_real_struc_001b_full_structure_diagnosis/20260515_001000_fullrunner/per_sample_metrics.csv
T07_ref3_plus_residual_UNet,ref3 + residual U-Net,1,cross_test_0006,cross,0.9234980538952887,29.06588259247277,0.4524755300498011,0.002077863086014986,0.2491055829996185,0.0008913919991755392,0.2491055829996185,/home/superws/2026_Projects/Codex_reference_plane_real/exp/task_real_struc_001b_full_structure_diagnosis/20260515_001000_fullrunner/per_sample_metrics.csv
T07_ref3_plus_residual_UNet,ref3 + residual U-Net,1,cross_test_0007,cross,0.9974319207844026,33.94249174995731,0.694840729859362,0.0010357528226450086,0.26080719002493424,0.0008852980026858859,0.26080719002493424,/home/superws/2026_Projects/Codex_reference_plane_real/exp/task_real_struc_001b_full_structure_diagnosis/20260515_001000_fullrunner/per_sample_metrics.csv
T07_ref3_plus_residual_UNet,ref3 + residual U-Net,1,cross_test_0008,cross,0.997822513939528,27.97550118629134,0.3766487169933655,0.0031805767212063074,0.2392592929681996,0.0009063210018211976,0.2392592929681996,/home/superws/2026_Projects/Codex_reference_plane_real/exp/task_real_struc_001b_full_structure_diagnosis/20260515_001000_fullrunner/per_sample_metrics.csv
T07_ref3_plus_residual_UNet,ref3 + residual U-Net,1,cross_test_0009,cross,1.0082255874227568,32.84402236426565,0.6373348506348693,0.001073117251507938,0.24739400601174566,0.0008766270002524834,0.24739400601174566,/home/superws/2026_Projects/Codex_reference_plane_real/exp/task_real_struc_001b_full_structure_diagnosis/20260515_001000_fullrunner/per_sample_metrics.csv
T07_ref3_plus_residual_UNet,ref3 + residual U-Net,1,cross_test_0010,cross,0.9867293853807317,32.10553601311162,0.6018641078652149,0.0014391313306987286,0.49031224898499204,0.0009437019980396144,0.49031224898499204,/home/superws/2026_Projects/Codex_reference_plane_real/exp/task_real_struc_001b_full_structure_diagnosis/20260515_001000_fullrunner/per_sample_metrics.csv
T07_ref3_plus_residual_UNet,ref3 + residual U-Net,1,cross_test_0011,cross,0.9964382319482021,27.32965539073939,0.35594823506403955,0.003912989515811205,0.24800901701746625,0.000886976999026956,0.24800901701746625,/home/superws/2026_Projects/Codex_reference_plane_real/exp/task_real_struc_001b_full_structure_diagnosis/20260515_001000_fullrunner/per_sample_metrics.csv
T07_ref3_plus_residual_UNet,ref3 + residual U-Net,1,cross_test_0012,cross,0.9695637548825276,31.800839163397207,0.5893948773284271,0.0015212326543405652,0.30211915001200396,0.0008659859995532315,0.30211915001200396,/home/superws/2026_Projects/Codex_reference_plane_real/exp/task_real_struc_001b_full_structure_diagnosis/20260515_001000_fullrunner/per_sample_metrics.csv
T07_ref3_plus_residual_UNet,ref3 + residual U-Net,1,cross_test_0013,cross,0.9991963178509744,31.665732326033883,0.5772550781339176,0.0017407871782779694,0.4931243599858135,0.0008666020003147423,0.4931243599858135,/home/superws/2026_Projects/Codex_reference_plane_real/exp/task_real_struc_001b_full_structure_diagnosis/20260515_001000_fullrunner/per_sample_metrics.csv
T07_ref3_plus_residual_UNet,ref3 + residual U-Net,1,cross_test_0014,cross,0.9897109186066078,27.7484404947728,0.34971646951713825,0.00232622935436666,0.20754010499513242,0.0008864679984981194,0.20754010499513242,/home/superws/2026_Projects/Codex_reference_plane_real/exp/task_real_struc_001b_full_structure_diagnosis/20260515_001000_fullrunner/per_sample_metrics.csv
T07_ref3_plus_residual_UNet,ref3 + residual U-Net,1,L_shape_test_0000,L-shape,0.9925171643336347,26.204793682975843,0.28223171898228444,0.003918172791600227,0.28690476005431265,0.0008660180028527975,0.28690476005431265,/home/superws/2026_Projects/Codex_reference_plane_real/exp/task_real_struc_001b_full_structure_diagnosis/20260515_001000_fullrunner/per_sample_metrics.csv
T07_ref3_plus_residual_UNet,ref3 + residual U-Net,1,L_shape_test_0001,L-shape,0.9867198089147338,27.721515139474498,0.34748691607920873,0.00231495825573802,0.41530867599431076,0.0008773019981163088,0.41530867599431076,/home/superws/2026_Projects/Codex_reference_plane_real/exp/task_real_struc_001b_full_structure_diagnosis/20260515_001000_fullrunner/per_sample_metrics.csv
T07_ref3_plus_residual_UNet,ref3 + residual U-Net,1,L_shape_test_0002,L-shape,0.9690238028070555,27.417576198163857,0.3534021626339404,0.0033386563882231712,0.2663356029588613,0.0009424230011063628,0.2663356029588613,/home/superws/2026_Projects/Codex_reference_plane_real/exp/task_real_struc_001b_full_structure_diagnosis/20260515_001000_fullrunner/per_sample_metrics.csv
T07_ref3_plus_residual_UNet,ref3 + residual U-Net,1,L_shape_test_0003,L-shape,0.9704590387446785,27.61852670152786,0.3536084771154,0.0028930443804711103,0.2882592979767651,0.0008863790026225615,0.2882592979767651,/home/superws/2026_Projects/Codex_reference_plane_real/exp/task_real_struc_001b_full_structure_diagnosis/20260515_001000_fullrunner/per_sample_metrics.csv
T07_ref3_plus_residual_UNet,ref3 + residual U-Net,1,L_shape_test_0004,L-shape,0.9851904767872464,25.845182907710182,0.2568537387583351,0.0038564177230000496,0.6761506030197779,0.0009326309991593007,0.6761506030197779,/home/superws/2026_Projects/Codex_reference_plane_real/exp/task_real_struc_001b_full_structure_diagnosis/20260515_001000_fullrunner/per_sample_metrics.csv
T07_ref3_plus_residual_UNet,ref3 + residual U-Net,1,L_shape_test_0005,L-shape,0.9831448092890601,27.213544673781776,0.32719130318121536,0.0028972881846129894,0.2601922099602234,0.0008822510026220698,0.2601922099602234,/home/superws/2026_Projects/Codex_reference_plane_real/exp/task_real_struc_001b_full_structure_diagnosis/20260515_001000_fullrunner/per_sample_metrics.csv
T07_ref3_plus_residual_UNet,ref3 + residual U-Net,1,L_shape_test_0006,L-shape,0.9911808573192143,31.19955164279251,0.5455036207578473,0.0012973165139555931,0.24245795901151723,0.0008846340024319943,0.24245795901151723,/home/superws/2026_Projects/Codex_reference_plane_real/exp/task_real_struc_001b_full_structure_diagnosis/20260515_001000_fullrunner/per_sample_metrics.csv
T07_ref3_plus_residual_UNet,ref3 + residual U-Net,1,L_shape_test_0007,L-shape,0.9898130171596772,27.04398977718972,0.3248032053902276,0.0034695619251579046,0.3116104980035743,0.0008813909989839885,0.3116104980035743,/home/superws/2026_Projects/Codex_reference_plane_real/exp/task_real_struc_001b_full_structure_diagnosis/20260515_001000_fullrunner/per_sample_metrics.csv
T07_ref3_plus_residual_UNet,ref3 + residual U-Net,1,L_shape_test_0008,L-shape,0.9626069620746229,30.639918436998546,0.5199709837707898,0.0013976508053019643,0.2247660260036355,0.0008784480014583096,0.2247660260036355,/home/superws/2026_Projects/Codex_reference_plane_real/exp/task_real_struc_001b_full_structure_diagnosis/20260515_001000_fullrunner/per_sample_metrics.csv
T07_ref3_plus_residual_UNet,ref3 + residual U-Net,1,L_shape_test_0009,L-shape,0.9671514617535627,26.54829489722339,0.30202165800634206,0.0035617644898593426,0.5836791209985677,0.0008788619998085778,0.5836791209985677,/home/superws/2026_Projects/Codex_reference_plane_real/exp/task_real_struc_001b_full_structure_diagnosis/20260515_001000_fullrunner/per_sample_metrics.csv
T07_ref3_plus_residual_UNet,ref3 + residual U-Net,1,L_shape_test_0010,L-shape,1.008360794896769,30.566292533390325,0.5143685809502386,0.0017641985323280096,0.31330351601718576,0.000939900000958005,0.31330351601718576,/home/superws/2026_Projects/Codex_reference_plane_real/exp/task_real_struc_001b_full_structure_diagnosis/20260515_001000_fullrunner/per_sample_metrics.csv
T07_ref3_plus_residual_UNet,ref3 + residual U-Net,1,L_shape_test_0011,L-shape,1.0025685223472258,33.36870300562942,0.6622629423417022,0.0008579730638302863,0.2095581120265706,0.0008799120005278382,0.2095581120265706,/home/superws/2026_Projects/Codex_reference_plane_real/exp/task_real_struc_001b_full_structure_diagnosis/20260515_001000_fullrunner/per_sample_metrics.csv
T07_ref3_plus_residual_UNet,ref3 + residual U-Net,1,L_shape_test_0012,L-shape,0.9899888616871592,26.80203586708,0.30513764625493656,0.00316483317874372,0.44957127099405625,0.0008863029979693238,0.44957127099405625,/home/superws/2026_Projects/Codex_reference_plane_real/exp/task_real_struc_001b_full_structure_diagnosis/20260515_001000_fullrunner/per_sample_metrics.csv
T07_ref3_plus_residual_UNet,ref3 + residual U-Net,1,L_shape_test_0013,L-shape,0.9943128943792954,27.286962605715637,0.32406477465321587,0.0029860560316592455,0.42608593597469735,0.0009432420010853093,0.42608593597469735,/home/superws/2026_Projects/Codex_reference_plane_real/exp/task_real_struc_001b_full_structure_diagnosis/20260515_001000_fullrunner/per_sample_metrics.csv
T07_ref3_plus_residual_UNet,ref3 + residual U-Net,1,L_shape_test_0014,L-shape,0.9943651253389517,32.21733892046383,0.6035514100816423,0.001247015898115933,0.23070710401952965,0.0008619479995104484,0.23070710401952965,/home/superws/2026_Projects/Codex_reference_plane_real/exp/task_real_struc_001b_full_structure_diagnosis/20260515_001000_fullrunner/per_sample_metrics.csv
T07_ref3_plus_residual_UNet,ref3 + residual U-Net,1,L_shape_test_0015,L-shape,0.9838422823044907,25.936368543151886,0.26152015441937565,0.0035857295151799917,0.33469170495664,0.0008833649990265258,0.33469170495664,/home/superws/2026_Projects/Codex_reference_plane_real/exp/task_real_struc_001b_full_structure_diagnosis/20260515_001000_fullrunner/per_sample_metrics.csv
T07_ref3_plus_residual_UNet,ref3 + residual U-Net,1,L_shape_test_0016,L-shape,0.9929726310914826,27.4413810910638,0.33152961053133345,0.0028406833298504353,0.3765685940088588,0.0008815120017970912,0.3765685940088588,/home/superws/2026_Projects/Codex_reference_plane_real/exp/task_real_struc_001b_full_structure_diagnosis/20260515_001000_fullrunner/per_sample_metrics.csv
T07_ref3_plus_residual_UNet,ref3 + residual U-Net,1,L_shape_test_0017,L-shape,0.9956934479879122,26.318865269877357,0.29585709616745803,0.004122995305806398,0.3517154449618829,0.0008734149996598717,0.3517154449618829,/home/superws/2026_Projects/Codex_reference_plane_real/exp/task_real_struc_001b_full_structure_diagnosis/20260515_001000_fullrunner/per_sample_metrics.csv
T07_ref3_plus_residual_UNet,ref3 + residual U-Net,1,L_shape_test_0018,L-shape,0.9865279436212264,26.25855938971146,0.27018097857687373,0.003417910309508443,0.47277969600327197,0.001045521999913035,0.47277969600327197,/home/superws/2026_Projects/Codex_reference_plane_real/exp/task_real_struc_001b_full_structure_diagnosis/20260515_001000_fullrunner/per_sample_metrics.csv
T07_ref3_plus_residual_UNet,ref3 + residual U-Net,1,L_shape_test_0019,L-shape,1.0234767854157725,33.22922839822624,0.6564572912650556,0.0011605111649259925,0.3927403339766897,0.0008993590017780662,0.3927403339766897,/home/superws/2026_Projects/Codex_reference_plane_real/exp/task_real_struc_001b_full_structure_diagnosis/20260515_001000_fullrunner/per_sample_metrics.csv
T07_ref3_plus_residual_UNet,ref3 + residual U-Net,1,double_line_test_0000,double-line,0.9774971094567521,26.33141173606667,0.28731632303875904,0.003276848467066884,0.25481909803056624,0.0008792320004431531,0.25481909803056624,/home/superws/2026_Projects/Codex_reference_plane_real/exp/task_real_struc_001b_full_structure_diagnosis/20260515_001000_fullrunner/per_sample_metrics.csv
T07_ref3_plus_residual_UNet,ref3 + residual U-Net,1,double_line_test_0001,double-line,1.0064702683276334,26.60910071502706,0.30868514789794316,0.004004204645752907,0.4300280579554965,0.0008861559981596656,0.4300280579554965,/home/superws/2026_Projects/Codex_reference_plane_real/exp/task_real_struc_001b_full_structure_diagnosis/20260515_001000_fullrunner/per_sample_metrics.csv
T07_ref3_plus_residual_UNet,ref3 + residual U-Net,1,double_line_test_0002,double-line,1.0104114298716866,31.20084869454725,0.5418059650706615,0.001303745317272842,0.22250213099687244,0.0009467750023759436,0.22250213099687244,/home/superws/2026_Projects/Codex_reference_plane_real/exp/task_real_struc_001b_full_structure_diagnosis/20260515_001000_fullrunner/per_sample_metrics.csv
T07_ref3_plus_residual_UNet,ref3 + residual U-Net,1,double_line_test_0003,double-line,0.9874644010221877,25.68207400411581,0.2402898313172961,0.0038953779730945826,0.3550443619787984,0.0008737979987927247,0.3550443619787984,/home/superws/2026_Projects/Codex_reference_plane_real/exp/task_real_struc_001b_full_structure_diagnosis/20260515_001000_fullrunner/per_sample_metrics.csv
T07_ref3_plus_residual_UNet,ref3 + residual U-Net,1,double_line_test_0004,double-line,0.9472979221615669,26.130257481580657,0.2940463242655185,0.004065623041242361,0.4037762160114653,0.000878431001183344,0.4037762160114653,/home/superws/2026_Projects/Codex_reference_plane_real/exp/task_real_struc_001b_full_structure_diagnosis/20260515_001000_fullrunner/per_sample_metrics.csv
T07_ref3_plus_residual_UNet,ref3 + residual U-Net,1,double_line_test_0005,double-line,1.0040184400395071,25.976880988905727,0.2489460158565628,0.003416952909901738,0.2790130839894118,0.000870813997607911,0.2790130839894118,/home/superws/2026_Projects/Codex_reference_plane_real/exp/task_real_struc_001b_full_structure_diagnosis/20260515_001000_fullrunner/per_sample_metrics.csv
T07_ref3_plus_residual_UNet,ref3 + residual U-Net,1,double_line_test_0006,double-line,0.9957341790939769,25.32134199456602,0.26669573123511076,0.005191949661821127,0.40743277100045816,0.0010013000028266106,0.40743277100045816,/home/superws/2026_Projects/Codex_reference_plane_real/exp/task_real_struc_001b_full_structure_diagnosis/20260515_001000_fullrunner/per_sample_metrics.csv
T07_ref3_plus_residual_UNet,ref3 + residual U-Net,1,double_line_test_0007,double-line,0.9982093509942821,31.95019058885924,0.590557234445899,0.001441997941583395,0.2662154849676881,0.0009377399983350188,0.2662154849676881,/home/superws/2026_Projects/Codex_reference_plane_real/exp/task_real_struc_001b_full_structure_diagnosis/20260515_001000_fullrunner/per_sample_metrics.csv
T07_ref3_plus_residual_UNet,ref3 + residual U-Net,1,double_line_test_0008,double-line,0.9992981460842868,28.370543081385314,0.3869780441650299,0.0025151954032480717,2.4633640400097647,0.0008952169991971459,2.4633640400097647,/home/superws/2026_Projects/Codex_reference_plane_real/exp/task_real_struc_001b_full_structure_diagnosis/20260515_001000_fullrunner/per_sample_metrics.csv
T07_ref3_plus_residual_UNet,ref3 + residual U-Net,1,double_line_test_0009,double-line,0.9921708610262756,28.004187289178063,0.36337531346926494,0.0025838238652795553,0.4935035919879738,0.0008948180002334993,0.4935035919879738,/home/superws/2026_Projects/Codex_reference_plane_real/exp/task_real_struc_001b_full_structure_diagnosis/20260515_001000_fullrunner/per_sample_metrics.csv
T07_ref3_plus_residual_UNet,ref3 + residual U-Net,1,double_line_test_0010,double-line,0.9922753126892232,26.37422152574061,0.2764812552962466,0.0033524474129080772,0.42606108502150164,0.0008950399969762657,0.42606108502150164,/home/superws/2026_Projects/Codex_reference_plane_real/exp/task_real_struc_001b_full_structure_diagnosis/20260515_001000_fullrunner/per_sample_metrics.csv
T07_ref3_plus_residual_UNet,ref3 + residual U-Net,1,double_line_test_0011,double-line,0.9928596961549139,28.013319264750976,0.3577043009100559,0.002346313325688243,0.28502830699289916,0.0009389760016347282,0.28502830699289916,/home/superws/2026_Projects/Codex_reference_plane_real/exp/task_real_struc_001b_full_structure_diagnosis/20260515_001000_fullrunner/per_sample_metrics.csv
T07_ref3_plus_residual_UNet,ref3 + residual U-Net,1,double_line_test_0012,double-line,0.9873877649496113,30.70389761499145,0.5156867268719346,0.0014915516367182136,0.41192093800054863,0.0008821189985610545,0.41192093800054863,/home/superws/2026_Projects/Codex_reference_plane_real/exp/task_real_struc_001b_full_structure_diagnosis/20260515_001000_fullrunner/per_sample_metrics.csv
T07_ref3_plus_residual_UNet,ref3 + residual U-Net,1,double_line_test_0013,double-line,0.9915260644926193,25.049357535897073,0.2121960294789692,0.0044913818128407,0.3991893519887526,0.0008856759995978791,0.3991893519887526,/home/superws/2026_Projects/Codex_reference_plane_real/exp/task_real_struc_001b_full_structure_diagnosis/20260515_001000_fullrunner/per_sample_metrics.csv
T07_ref3_plus_residual_UNet,ref3 + residual U-Net,1,double_line_test_0014,double-line,0.9824135069543845,25.855024727395964,0.28691239851028294,0.004919835831969976,0.3015906959917629,0.0008772500004852191,0.3015906959917629,/home/superws/2026_Projects/Codex_reference_plane_real/exp/task_real_struc_001b_full_structure_diagnosis/20260515_001000_fullrunner/per_sample_metrics.csv
T07_ref3_plus_residual_UNet,ref3 + residual U-Net,1,small_rect_edge_test_0000,small_rect_edge,0.9859726446261846,29.95021959012508,0.4803081933016741,0.0015569488750770688,0.17683278399999836,0.0009358110000903253,0.17683278399999836,/home/superws/2026_Projects/Codex_reference_plane_real/exp/task_real_struc_001b_full_structure_diagnosis/20260515_001000_fullrunner/per_sample_metrics.csv
T07_ref3_plus_residual_UNet,ref3 + residual U-Net,1,small_rect_edge_test_0001,small_rect_edge,1.0043357048513781,30.77838043301279,0.5236670511800036,0.0016311929794028401,0.20982899101363728,0.0008806879995972849,0.20982899101363728,/home/superws/2026_Projects/Codex_reference_plane_real/exp/task_real_struc_001b_full_structure_diagnosis/20260515_001000_fullrunner/per_sample_metrics.csv
T07_ref3_plus_residual_UNet,ref3 + residual U-Net,1,small_rect_edge_test_0002,small_rect_edge,1.01006865593956,27.67832987507765,0.34135519416214827,0.0023386627435684204,0.24879753800632898,0.0008779060008237138,0.24879753800632898,/home/superws/2026_Projects/Codex_reference_plane_real/exp/task_real_struc_001b_full_structure_diagnosis/20260515_001000_fullrunner/per_sample_metrics.csv
T07_ref3_plus_residual_UNet,ref3 + residual U-Net,1,small_rect_edge_test_0003,small_rect_edge,0.9745724164367655,30.621037468787208,0.5180363588898848,0.0016591714229434729,0.2543052100081695,0.0008767800027271733,0.2543052100081695,/home/superws/2026_Projects/Codex_reference_plane_real/exp/task_real_struc_001b_full_structure_diagnosis/20260515_001000_fullrunner/per_sample_metrics.csv
T07_ref3_plus_residual_UNet,ref3 + residual U-Net,1,small_rect_edge_test_0004,small_rect_edge,1.02422744237963,29.047393103601024,0.4397476297627661,0.0028137725312262774,0.27196947000629734,0.0008829959988361225,0.27196947000629734,/home/superws/2026_Projects/Codex_reference_plane_real/exp/task_real_struc_001b_full_structure_diagnosis/20260515_001000_fullrunner/per_sample_metrics.csv
T07_ref3_plus_residual_UNet,ref3 + residual U-Net,1,small_rect_edge_test_0005,small_rect_edge,1.0189209001750137,29.380313058966998,0.4679485128602424,0.002357089426368475,0.2686216310466989,0.0008866909993230365,0.2686216310466989,/home/superws/2026_Projects/Codex_reference_plane_real/exp/task_real_struc_001b_full_structure_diagnosis/20260515_001000_fullrunner/per_sample_metrics.csv
T07_ref3_plus_residual_UNet,ref3 + residual U-Net,1,small_rect_edge_test_0006,small_rect_edge,0.9745294848581266,30.07722183295956,0.48672038862282035,0.001684590708464384,0.25813973201729823,0.0008606990013504401,0.25813973201729823,/home/superws/2026_Projects/Codex_reference_plane_real/exp/task_real_struc_001b_full_structure_diagnosis/20260515_001000_fullrunner/per_sample_metrics.csv
T07_ref3_plus_residual_UNet,ref3 + residual U-Net,1,small_rect_edge_test_0007,small_rect_edge,1.0129364915279309,29.021859002203847,0.41616428456623444,0.0018822780111804605,0.2352309500274714,0.0008878480002749711,0.2352309500274714,/home/superws/2026_Projects/Codex_reference_plane_real/exp/task_real_struc_001b_full_structure_diagnosis/20260515_001000_fullrunner/per_sample_metrics.csv
T07_ref3_plus_residual_UNet,ref3 + residual U-Net,1,small_rect_edge_test_0008,small_rect_edge,1.0446579947474428,28.232435595012717,0.38194492102369554,0.0029351143166422844,0.2509604160040908,0.0009433929990336765,0.2509604160040908,/home/superws/2026_Projects/Codex_reference_plane_real/exp/task_real_struc_001b_full_structure_diagnosis/20260515_001000_fullrunner/per_sample_metrics.csv
T07_ref3_plus_residual_UNet,ref3 + residual U-Net,1,small_rect_edge_test_0009,small_rect_edge,0.9851658020569659,30.960719406872983,0.5348550851872513,0.001423087902367115,0.2286972049951146,0.0009507219983788673,0.2286972049951146,/home/superws/2026_Projects/Codex_reference_plane_real/exp/task_real_struc_001b_full_structure_diagnosis/20260515_001000_fullrunner/per_sample_metrics.csv
T07_ref3_plus_residual_UNet,ref3 + residual U-Net,1,point_cluster_test_0000,point_cluster,1.039917911421757,32.74833379422205,0.6797095176078466,0.0012328819138929248,0.379981526039046,0.0008804270000837278,0.379981526039046,/home/superws/2026_Projects/Codex_reference_plane_real/exp/task_real_struc_001b_full_structure_diagnosis/20260515_001000_fullrunner/per_sample_metrics.csv
T07_ref3_plus_residual_UNet,ref3 + residual U-Net,1,point_cluster_test_0001,point_cluster,0.9913998837152617,31.70867961608621,0.5838642370060518,0.0018578812014311552,0.3394337510217156,0.0008808300008240622,0.3394337510217156,/home/superws/2026_Projects/Codex_reference_plane_real/exp/task_real_struc_001b_full_structure_diagnosis/20260515_001000_fullrunner/per_sample_metrics.csv
T07_ref3_plus_residual_UNet,ref3 + residual U-Net,1,point_cluster_test_0002,point_cluster,1.0747261999347095,35.29266052930381,0.7531500676004009,0.0010836339788511395,0.19385286898250342,0.0008621769993624184,0.19385286898250342,/home/superws/2026_Projects/Codex_reference_plane_real/exp/task_real_struc_001b_full_structure_diagnosis/20260515_001000_fullrunner/per_sample_metrics.csv
T07_ref3_plus_residual_UNet,ref3 + residual U-Net,1,point_cluster_test_0003,point_cluster,1.0533360208639606,35.63842148382093,0.7670911055022902,0.0008142756996676326,0.291415556010179,0.0008777959992585238,0.291415556010179,/home/superws/2026_Projects/Codex_reference_plane_real/exp/task_real_struc_001b_full_structure_diagnosis/20260515_001000_fullrunner/per_sample_metrics.csv
T07_ref3_plus_residual_UNet,ref3 + residual U-Net,1,point_cluster_test_0004,point_cluster,0.975348917407027,31.526789462123695,0.5806009967350786,0.002016352256760001,0.28910532701411285,0.0008910059987101704,0.28910532701411285,/home/superws/2026_Projects/Codex_reference_plane_real/exp/task_real_struc_001b_full_structure_diagnosis/20260515_001000_fullrunner/per_sample_metrics.csv
T07_ref3_plus_residual_UNet,ref3 + residual U-Net,1,point_cluster_test_0005,point_cluster,1.0052505148470374,31.343208155635907,0.5598652814236798,0.0018298322102054954,0.21763519796149922,0.0008786209982645232,0.21763519796149922,/home/superws/2026_Projects/Codex_reference_plane_real/exp/task_real_struc_001b_full_structure_diagnosis/20260515_001000_fullrunner/per_sample_metrics.csv
T07_ref3_plus_residual_UNet,ref3 + residual U-Net,1,point_cluster_test_0006,point_cluster,1.1215707286941599,34.569714212660465,0.7518635556760145,0.0009936788119375706,0.45172947796891094,0.0010350470001867507,0.45172947796891094,/home/superws/2026_Projects/Codex_reference_plane_real/exp/task_real_struc_001b_full_structure_diagnosis/20260515_001000_fullrunner/per_sample_metrics.csv
T07_ref3_plus_residual_UNet,ref3 + residual U-Net,1,point_cluster_test_0007,point_cluster,1.1655880510649785,34.942662214617684,0.7657267070179129,0.0012032852973788977,0.2161385670369782,0.0008832100029394496,0.2161385670369782,/home/superws/2026_Projects/Codex_reference_plane_real/exp/task_real_struc_001b_full_structure_diagnosis/20260515_001000_fullrunner/per_sample_metrics.csv
T07_ref3_plus_residual_UNet,ref3 + residual U-Net,1,point_cluster_test_0008,point_cluster,1.0408628448442283,34.576106488337594,0.7238913372260168,0.0011220885207876563,0.2136215509781323,0.0009431170001334976,0.2136215509781323,/home/superws/2026_Projects/Codex_reference_plane_real/exp/task_real_struc_001b_full_structure_diagnosis/20260515_001000_fullrunner/per_sample_metrics.csv
T07_ref3_plus_residual_UNet,ref3 + residual U-Net,1,point_cluster_test_0009,point_cluster,1.0925673008508014,35.69493362416316,0.8134100066041112,0.0008891209145076573,0.29205687399371527,0.0008850070007611066,0.29205687399371527,/home/superws/2026_Projects/Codex_reference_plane_real/exp/task_real_struc_001b_full_structure_diagnosis/20260515_001000_fullrunner/per_sample_metrics.csv
T07_ref3_plus_residual_UNet,ref3 + residual U-Net,1,point_cluster_test_0010,point_cluster,0.9744140272886805,31.39521608397349,0.567391528927555,0.001865700469352305,0.3378070469625527,0.0008826429984765127,0.3378070469625527,/home/superws/2026_Projects/Codex_reference_plane_real/exp/task_real_struc_001b_full_structure_diagnosis/20260515_001000_fullrunner/per_sample_metrics.csv
T07_ref3_plus_residual_UNet,ref3 + residual U-Net,1,point_cluster_test_0011,point_cluster,1.1457807411833738,34.3160333443281,0.7088905018801609,0.0014869706938043237,0.22684793696316774,0.0008907510018616449,0.22684793696316774,/home/superws/2026_Projects/Codex_reference_plane_real/exp/task_real_struc_001b_full_structure_diagnosis/20260515_001000_fullrunner/per_sample_metrics.csv
T07_ref3_plus_residual_UNet,ref3 + residual U-Net,1,point_cluster_test_0012,point_cluster,1.1348009209284171,33.10554945296174,0.6539302194819275,0.001637966837733984,0.26133823795680655,0.0008898739979485981,0.26133823795680655,/home/superws/2026_Projects/Codex_reference_plane_real/exp/task_real_struc_001b_full_structure_diagnosis/20260515_001000_fullrunner/per_sample_metrics.csv
T07_ref3_plus_residual_UNet,ref3 + residual U-Net,1,point_cluster_test_0013,point_cluster,1.1025421026543532,31.93666492588791,0.5872462315152468,0.0023249995429068804,0.3080153929986409,0.0008926730006351136,0.3080153929986409,/home/superws/2026_Projects/Codex_reference_plane_real/exp/task_real_struc_001b_full_structure_diagnosis/20260515_001000_fullrunner/per_sample_metrics.csv
T07_ref3_plus_residual_UNet,ref3 + residual U-Net,1,point_cluster_test_0014,point_cluster,1.0528851887787778,34.03794386374273,0.6964562651243302,0.0009794404031708837,0.2046780629789282,0.0009170599987555761,0.2046780629789282,/home/superws/2026_Projects/Codex_reference_plane_real/exp/task_real_struc_001b_full_structure_diagnosis/20260515_001000_fullrunner/per_sample_metrics.csv
T07_ref3_plus_residual_UNet,ref3 + residual U-Net,1,point_cluster_test_0015,point_cluster,1.1819619886735102,33.669749661646264,0.6751032650905203,0.0013546652626246214,0.26106559897380066,0.0008836300003167707,0.26106559897380066,/home/superws/2026_Projects/Codex_reference_plane_real/exp/task_real_struc_001b_full_structure_diagnosis/20260515_001000_fullrunner/per_sample_metrics.csv
T07_ref3_plus_residual_UNet,ref3 + residual U-Net,1,point_cluster_test_0016,point_cluster,1.0275480629262894,31.760675716103414,0.6121109711357615,0.0017610975774005055,0.3910194259988202,0.000885983001353452,0.3910194259988202,/home/superws/2026_Projects/Codex_reference_plane_real/exp/task_real_struc_001b_full_structure_diagnosis/20260515_001000_fullrunner/per_sample_metrics.csv
T07_ref3_plus_residual_UNet,ref3 + residual U-Net,1,point_cluster_test_0017,point_cluster,1.2319480849295177,35.24078462679451,0.831176593619156,0.0009520672610960901,0.18489131499518408,0.0009478770007262938,0.18489131499518408,/home/superws/2026_Projects/Codex_reference_plane_real/exp/task_real_struc_001b_full_structure_diagnosis/20260515_001000_fullrunner/per_sample_metrics.csv
T07_ref3_plus_residual_UNet,ref3 + residual U-Net,1,point_cluster_test_0018,point_cluster,1.3026270811239873,34.58744308638141,0.7413094645112157,0.0013930315617471933,0.2850397790498391,0.0008814979992166627,0.2850397790498391,/home/superws/2026_Projects/Codex_reference_plane_real/exp/task_real_struc_001b_full_structure_diagnosis/20260515_001000_fullrunner/per_sample_metrics.csv
T07_ref3_plus_residual_UNet,ref3 + residual U-Net,1,point_cluster_test_0019,point_cluster,0.9998966422019046,34.89432528936242,0.7364584739241369,0.0007137224311009049,0.408924677009054,0.000873290999152232,0.408924677009054,/home/superws/2026_Projects/Codex_reference_plane_real/exp/task_real_struc_001b_full_structure_diagnosis/20260515_001000_fullrunner/per_sample_metrics.csv
T07_ref3_plus_residual_UNet,ref3 + residual U-Net,2,line_test_0000,line,0.996528158621183,30.85611785929048,0.5189883312071687,0.0010543866083025932,0.3424966360180406,0.0008551810024073347,0.3424966360180406,/home/superws/2026_Projects/Codex_reference_plane_real/exp/task_real_struc_001b_full_structure_diagnosis/20260515_001000_fullrunner/per_sample_metrics.csv
T07_ref3_plus_residual_UNet,ref3 + residual U-Net,2,line_test_0001,line,0.9952343244343324,25.93097097032217,0.24542889771889892,0.0031128106638789177,0.45510242699310766,0.0010035630002676044,0.45510242699310766,/home/superws/2026_Projects/Codex_reference_plane_real/exp/task_real_struc_001b_full_structure_diagnosis/20260515_001000_fullrunner/per_sample_metrics.csv
T07_ref3_plus_residual_UNet,ref3 + residual U-Net,2,line_test_0002,line,0.9922587662031144,30.236050736712954,0.48440968137496365,0.0012539011659100652,0.21791108701290796,0.0008843350005918182,0.21791108701290796,/home/superws/2026_Projects/Codex_reference_plane_real/exp/task_real_struc_001b_full_structure_diagnosis/20260515_001000_fullrunner/per_sample_metrics.csv
T07_ref3_plus_residual_UNet,ref3 + residual U-Net,2,line_test_0003,line,0.9933153002264324,33.94024397062192,0.6914339032798745,0.0006521790055558085,0.33130731499841204,0.0008848729994497262,0.33130731499841204,/home/superws/2026_Projects/Codex_reference_plane_real/exp/task_real_struc_001b_full_structure_diagnosis/20260515_001000_fullrunner/per_sample_metrics.csv
T07_ref3_plus_residual_UNet,ref3 + residual U-Net,2,line_test_0004,line,0.9970373185243918,36.65129252711171,0.8060666937799221,0.0002786736295092851,0.24325495099765249,0.0008754390000831336,0.24325495099765249,/home/superws/2026_Projects/Codex_reference_plane_real/exp/task_real_struc_001b_full_structure_diagnosis/20260515_001000_fullrunner/per_sample_metrics.csv
T07_ref3_plus_residual_UNet,ref3 + residual U-Net,2,line_test_0005,line,0.9970397860551969,32.42988597269396,0.6100722238603824,0.0006817824905738235,0.2414163600151369,0.000949851000768831,0.2414163600151369,/home/superws/2026_Projects/Codex_reference_plane_real/exp/task_real_struc_001b_full_structure_diagnosis/20260515_001000_fullrunner/per_sample_metrics.csv
T07_ref3_plus_residual_UNet,ref3 + residual U-Net,2,line_test_0006,line,0.9855686465296368,31.66217248241622,0.5698720388507656,0.0008843439281918108,0.49261926395774935,0.000879463001183467,0.49261926395774935,/home/superws/2026_Projects/Codex_reference_plane_real/exp/task_real_struc_001b_full_structure_diagnosis/20260515_001000_fullrunner/per_sample_metrics.csv
T07_ref3_plus_residual_UNet,ref3 + residual U-Net,2,line_test_0007,line,0.9939293562074278,29.815347332648432,0.46927672793574593,0.0011619433062151074,0.4694895580250886,0.0008741359997657128,0.4694895580250886,/home/superws/2026_Projects/Codex_reference_plane_real/exp/task_real_struc_001b_full_structure_diagnosis/20260515_001000_fullrunner/per_sample_metrics.csv
T07_ref3_plus_residual_UNet,ref3 + residual U-Net,2,line_test_0008,line,0.9960424180095162,25.837967492793567,0.2413482908325782,0.00288778287358582,0.29117546597262844,0.0008859439985826612,0.29117546597262844,/home/superws/2026_Projects/Codex_reference_plane_real/exp/task_real_struc_001b_full_structure_diagnosis/20260515_001000_fullrunner/per_sample_metrics.csv
T07_ref3_plus_residual_UNet,ref3 + residual U-Net,2,line_test_0009,line,0.9936839194441947,30.234337227183595,0.48416292912377995,0.0011345663806423545,0.41477034904892207,0.0008825750010146294,0.41477034904892207,/home/superws/2026_Projects/Codex_reference_plane_real/exp/task_real_struc_001b_full_structure_diagnosis/20260515_001000_fullrunner/per_sample_metrics.csv
T07_ref3_plus_residual_UNet,ref3 + residual U-Net,2,line_test_0010,line,0.9952961934312969,32.440151905527365,0.6104888781362824,0.0007355378475040197,0.5101888810531818,0.000885030000063125,0.5101888810531818,/home/superws/2026_Projects/Codex_reference_plane_real/exp/task_real_struc_001b_full_structure_diagnosis/20260515_001000_fullrunner/per_sample_metrics.csv
T07_ref3_plus_residual_UNet,ref3 + residual U-Net,2,line_test_0011,line,0.9979082284723266,27.755983525010727,0.33959566032825766,0.00192988570779562,0.30338024299635435,0.000909325997781707,0.30338024299635435,/home/superws/2026_Projects/Codex_reference_plane_real/exp/task_real_struc_001b_full_structure_diagnosis/20260515_001000_fullrunner/per_sample_metrics.csv
T07_ref3_plus_residual_UNet,ref3 + residual U-Net,2,line_test_0012,line,0.9909261524410853,29.72150665007063,0.45513080109425863,0.0012840874260291457,0.42604702302560327,0.000866461999976309,0.42604702302560327,/home/superws/2026_Projects/Codex_reference_plane_real/exp/task_real_struc_001b_full_structure_diagnosis/20260515_001000_fullrunner/per_sample_metrics.csv
T07_ref3_plus_residual_UNet,ref3 + residual U-Net,2,line_test_0013,line,0.9930930598420954,27.043835848896588,0.3221421592120019,0.002172326436266303,0.2916983609793533,0.0009392929969180841,0.2916983609793533,/home/superws/2026_Projects/Codex_reference_plane_real/exp/task_real_struc_001b_full_structure_diagnosis/20260515_001000_fullrunner/per_sample_metrics.csv
T07_ref3_plus_residual_UNet,ref3 + residual U-Net,2,line_test_0014,line,0.9946954178867947,34.85305986438293,0.7330221589405881,0.00040467060171067715,0.21779492797941202,0.0009509779993095435,0.21779492797941202,/home/superws/2026_Projects/Codex_reference_plane_real/exp/task_real_struc_001b_full_structure_diagnosis/20260515_001000_fullrunner/per_sample_metrics.csv
T07_ref3_plus_residual_UNet,ref3 + residual U-Net,2,line_test_0015,line,0.9955094911209447,35.40864183593678,0.757603546931371,0.0003896373091265559,0.19760824702461832,0.0008781579999777023,0.19760824702461832,/home/superws/2026_Projects/Codex_reference_plane_real/exp/task_real_struc_001b_full_structure_diagnosis/20260515_001000_fullrunner/per_sample_metrics.csv
T07_ref3_plus_residual_UNet,ref3 + residual U-Net,2,line_test_0016,line,0.9931833791067349,28.232715942735407,0.3674587947880917,0.0018424659501761198,0.29047489998629317,0.001056651002727449,0.29047489998629317,/home/superws/2026_Projects/Codex_reference_plane_real/exp/task_real_struc_001b_full_structure_diagnosis/20260515_001000_fullrunner/per_sample_metrics.csv
T07_ref3_plus_residual_UNet,ref3 + residual U-Net,2,line_test_0017,line,1.0064690452284388,32.06699855790446,0.5898550586651284,0.0007391210529021919,0.18279820198222296,0.0009523819971946068,0.18279820198222296,/home/superws/2026_Projects/Codex_reference_plane_real/exp/task_real_struc_001b_full_structure_diagnosis/20260515_001000_fullrunner/per_sample_metrics.csv
T07_ref3_plus_residual_UNet,ref3 + residual U-Net,2,line_test_0018,line,0.9935599450053518,29.39666280075036,0.4338888947684676,0.0014562604483217,0.2509090750099858,0.000943906998145394,0.2509090750099858,/home/superws/2026_Projects/Codex_reference_plane_real/exp/task_real_struc_001b_full_structure_diagnosis/20260515_001000_fullrunner/per_sample_metrics.csv
T07_ref3_plus_residual_UNet,ref3 + residual U-Net,2,line_test_0019,line,0.9946083567223502,29.324567790345657,0.4364232643234354,0.0012757426593452692,0.22606627497225418,0.0008871499994711485,0.22606627497225418,/home/superws/2026_Projects/Codex_reference_plane_real/exp/task_real_struc_001b_full_structure_diagnosis/20260515_001000_fullrunner/per_sample_metrics.csv
T07_ref3_plus_residual_UNet,ref3 + residual U-Net,2,cross_test_0000,cross,0.990927275854165,32.21994656992133,0.5991276445828785,0.0008663318585604429,0.2181137080224289,0.0008780440002738032,0.2181137080224289,/home/superws/2026_Projects/Codex_reference_plane_real/exp/task_real_struc_001b_full_structure_diagnosis/20260515_001000_fullrunner/per_sample_metrics.csv
T07_ref3_plus_residual_UNet,ref3 + residual U-Net,2,cross_test_0001,cross,0.9974179552490868,26.51190211198399,0.2702564472851964,0.0027670725248754025,0.3105936399770144,0.0008825869990687352,0.3105936399770144,/home/superws/2026_Projects/Codex_reference_plane_real/exp/task_real_struc_001b_full_structure_diagnosis/20260515_001000_fullrunner/per_sample_metrics.csv
T07_ref3_plus_residual_UNet,ref3 + residual U-Net,2,cross_test_0002,cross,0.9952628761571337,30.385610119900505,0.4931282401030494,0.0010643333662301302,0.2321873959772347,0.0008975860000646207,0.2321873959772347,/home/superws/2026_Projects/Codex_reference_plane_real/exp/task_real_struc_001b_full_structure_diagnosis/20260515_001000_fullrunner/per_sample_metrics.csv
T07_ref3_plus_residual_UNet,ref3 + residual U-Net,2,cross_test_0003,cross,0.9955305164709439,27.652354967142383,0.3342635729611284,0.0021770696621388197,0.3573313270135259,0.0008763449986872729,0.3573313270135259,/home/superws/2026_Projects/Codex_reference_plane_real/exp/task_real_struc_001b_full_structure_diagnosis/20260515_001000_fullrunner/per_sample_metrics.csv
T07_ref3_plus_residual_UNet,ref3 + residual U-Net,2,cross_test_0004,cross,0.9914775149104225,27.902860750483832,0.34886949453749855,0.0021252522710710764,0.31384674001310486,0.000884232998942025,0.31384674001310486,/home/superws/2026_Projects/Codex_reference_plane_real/exp/task_real_struc_001b_full_structure_diagnosis/20260515_001000_fullrunner/per_sample_metrics.csv
T07_ref3_plus_residual_UNet,ref3 + residual U-Net,2,cross_test_0005,cross,0.9914587130083875,31.201965429143588,0.5417901286806975,0.0010851883562281728,0.2551354190109123,0.0009550930008117575,0.2551354190109123,/home/superws/2026_Projects/Codex_reference_plane_real/exp/task_real_struc_001b_full_structure_diagnosis/20260515_001000_fullrunner/per_sample_metrics.csv
T07_ref3_plus_residual_UNet,ref3 + residual U-Net,2,cross_test_0006,cross,0.9966829337867629,28.734672425199854,0.39435147358843,0.0016012968262657523,0.24909908799963887,0.0008848969991959166,0.24909908799963887,/home/superws/2026_Projects/Codex_reference_plane_real/exp/task_real_struc_001b_full_structure_diagnosis/20260515_001000_fullrunner/per_sample_metrics.csv
T07_ref3_plus_residual_UNet,ref3 + residual U-Net,2,cross_test_0007,cross,0.9946993282584585,33.954406282588195,0.6904313614044763,0.0005684311618097126,0.2608697630239476,0.0009478710016992409,0.2608697630239476,/home/superws/2026_Projects/Codex_reference_plane_real/exp/task_real_struc_001b_full_structure_diagnosis/20260515_001000_fullrunner/per_sample_metrics.csv
T07_ref3_plus_residual_UNet,ref3 + residual U-Net,2,cross_test_0008,cross,0.9901667186081884,28.008950820020964,0.3554718681182827,0.002068418776616454,0.23923704796470702,0.0008840759983286262,0.23923704796470702,/home/superws/2026_Projects/Codex_reference_plane_real/exp/task_real_struc_001b_full_structure_diagnosis/20260515_001000_fullrunner/per_sample_metrics.csv
T07_ref3_plus_residual_UNet,ref3 + residual U-Net,2,cross_test_0009,cross,0.9971082552022628,32.89217648678337,0.6357244469580421,0.0006138557218946517,0.2474018050088489,0.00088442599735572,0.2474018050088489,/home/superws/2026_Projects/Codex_reference_plane_real/exp/task_real_struc_001b_full_structure_diagnosis/20260515_001000_fullrunner/per_sample_metrics.csv
T07_ref3_plus_residual_UNet,ref3 + residual U-Net,2,cross_test_0010,cross,0.9930036149775189,32.078008382298634,0.5909554322996575,0.0008355663157999516,0.4902530449871847,0.00088449800023227,0.4902530449871847,/home/superws/2026_Projects/Codex_reference_plane_real/exp/task_real_struc_001b_full_structure_diagnosis/20260515_001000_fullrunner/per_sample_metrics.csv
T07_ref3_plus_residual_UNet,ref3 + residual U-Net,2,cross_test_0011,cross,0.9877430367928554,27.36771924429032,0.3241736525276126,0.002507006749510765,0.24800218701784615,0.0008801469994068611,0.24800218701784615,/home/superws/2026_Projects/Codex_reference_plane_real/exp/task_real_struc_001b_full_structure_diagnosis/20260515_001000_fullrunner/per_sample_metrics.csv
T07_ref3_plus_residual_UNet,ref3 + residual U-Net,2,cross_test_0012,cross,0.9971821085510388,31.67885810721351,0.5677392091041322,0.0008691810071468353,0.30213750201437506,0.0008843380019243341,0.30213750201437506,/home/superws/2026_Projects/Codex_reference_plane_real/exp/task_real_struc_001b_full_structure_diagnosis/20260515_001000_fullrunner/per_sample_metrics.csv
T07_ref3_plus_residual_UNet,ref3 + residual U-Net,2,cross_test_0013,cross,0.9862106553584322,31.722543753962746,0.572334192838127,0.0009784410940483212,0.4931880819822254,0.0009303239967266563,0.4931880819822254,/home/superws/2026_Projects/Codex_reference_plane_real/exp/task_real_struc_001b_full_structure_diagnosis/20260515_001000_fullrunner/per_sample_metrics.csv
T07_ref3_plus_residual_UNet,ref3 + residual U-Net,2,cross_test_0014,cross,0.9947216215604863,27.726508485447958,0.33957755131506695,0.0018924884498119354,0.20751550499699079,0.0008618680003564805,0.20751550499699079,/home/superws/2026_Projects/Codex_reference_plane_real/exp/task_real_struc_001b_full_structure_diagnosis/20260515_001000_fullrunner/per_sample_metrics.csv
T07_ref3_plus_residual_UNet,ref3 + residual U-Net,2,L_shape_test_0000,L-shape,0.9927273608416524,26.20387426058356,0.26129813127758705,0.002881590509787202,0.286921572049323,0.0008828299978631549,0.286921572049323,/home/superws/2026_Projects/Codex_reference_plane_real/exp/task_real_struc_001b_full_structure_diagnosis/20260515_001000_fullrunner/per_sample_metrics.csv
T07_ref3_plus_residual_UNet,ref3 + residual U-Net,2,L_shape_test_0001,L-shape,0.9949578939633845,27.685406621763512,0.3363101809085363,0.001944016432389617,0.4153713669984427,0.0009399930022482295,0.4153713669984427,/home/superws/2026_Projects/Codex_reference_plane_real/exp/task_real_struc_001b_full_structure_diagnosis/20260515_001000_fullrunner/per_sample_metrics.csv
T07_ref3_plus_residual_UNet,ref3 + residual U-Net,2,L_shape_test_0002,L-shape,0.9940665607504713,27.30676619367869,0.31696842268797454,0.0024137094151228666,0.2662681049587263,0.000874925000971416,0.2662681049587263,/home/superws/2026_Projects/Codex_reference_plane_real/exp/task_real_struc_001b_full_structure_diagnosis/20260515_001000_fullrunner/per_sample_metrics.csv
T07_ref3_plus_residual_UNet,ref3 + residual U-Net,2,L_shape_test_0003,L-shape,0.9951465994392674,27.509428278475873,0.3255602045455969,0.002314956160262227,0.28826405997460824,0.0008911410004657228,0.28826405997460824,/home/superws/2026_Projects/Codex_reference_plane_real/exp/task_real_struc_001b_full_structure_diagnosis/20260515_001000_fullrunner/per_sample_metrics.csv
T07_ref3_plus_residual_UNet,ref3 + residual U-Net,2,L_shape_test_0004,L-shape,0.9964324506105261,25.795906147098027,0.23649438882817986,0.00317000481300056,0.6760985240216542,0.0008805520010355394,0.6760985240216542,/home/superws/2026_Projects/Codex_reference_plane_real/exp/task_real_struc_001b_full_structure_diagnosis/20260515_001000_fullrunner/per_sample_metrics.csv
T07_ref3_plus_residual_UNet,ref3 + residual U-Net,2,L_shape_test_0005,L-shape,0.9947332572466973,27.16265301256952,0.3090095894816416,0.0023240679875016212,0.260191049954301,0.0008810909966996405,0.260191049954301,/home/superws/2026_Projects/Codex_reference_plane_real/exp/task_real_struc_001b_full_structure_diagnosis/20260515_001000_fullrunner/per_sample_metrics.csv
T07_ref3_plus_residual_UNet,ref3 + residual U-Net,2,L_shape_test_0006,L-shape,0.9978776842376801,31.170307411919683,0.537617147863756,0.0009432955412194133,0.24244526101028896,0.0008719360012037214,0.24244526101028896,/home/superws/2026_Projects/Codex_reference_plane_real/exp/task_real_struc_001b_full_structure_diagnosis/20260515_001000_fullrunner/per_sample_metrics.csv
T07_ref3_plus_residual_UNet,ref3 + residual U-Net,2,L_shape_test_0007,L-shape,0.9929137369318425,27.030406100378453,0.2999906203712699,0.0025269438046962023,0.31167762000404764,0.0009485129994573072,0.31167762000404764,/home/superws/2026_Projects/Codex_reference_plane_real/exp/task_real_struc_001b_full_structure_diagnosis/20260515_001000_fullrunner/per_sample_metrics.csv
T07_ref3_plus_residual_UNet,ref3 + residual U-Net,2,L_shape_test_0008,L-shape,0.998845907666069,30.479423381841716,0.4972699940748258,0.0010709288762882352,0.22477320400139433,0.0008856259992171545,0.22477320400139433,/home/superws/2026_Projects/Codex_reference_plane_real/exp/task_real_struc_001b_full_structure_diagnosis/20260515_001000_fullrunner/per_sample_metrics.csv
T07_ref3_plus_residual_UNet,ref3 + residual U-Net,2,L_shape_test_0009,L-shape,0.992759385341815,26.434799643898135,0.2702474772863669,0.0028360115829855204,0.58368207899548,0.0008818199967208784,0.58368207899548,/home/superws/2026_Projects/Codex_reference_plane_real/exp/task_real_struc_001b_full_structure_diagnosis/20260515_001000_fullrunner/per_sample_metrics.csv
T07_ref3_plus_residual_UNet,ref3 + residual U-Net,2,L_shape_test_0010,L-shape,0.9922256717201565,30.636347686074153,0.5084361978781593,0.0010423160856589675,0.31329840701437206,0.0009347909981443081,0.31329840701437206,/home/superws/2026_Projects/Codex_reference_plane_real/exp/task_real_struc_001b_full_structure_diagnosis/20260515_001000_fullrunner/per_sample_metrics.csv
T07_ref3_plus_residual_UNet,ref3 + residual U-Net,2,L_shape_test_0011,L-shape,0.9973131731431119,33.391528242541604,0.6614361395911362,0.0005698827444575727,0.20956660002775607,0.0008884000017133076,0.20956660002775607,/home/superws/2026_Projects/Codex_reference_plane_real/exp/task_real_struc_001b_full_structure_diagnosis/20260515_001000_fullrunner/per_sample_metrics.csv
T07_ref3_plus_residual_UNet,ref3 + residual U-Net,2,L_shape_test_0012,L-shape,0.9966213544656353,26.773037102533955,0.28620813878469215,0.0024955717381089926,0.4495697079983074,0.0008847400022204965,0.4495697079983074,/home/superws/2026_Projects/Codex_reference_plane_real/exp/task_real_struc_001b_full_structure_diagnosis/20260515_001000_fullrunner/per_sample_metrics.csv
T07_ref3_plus_residual_UNet,ref3 + residual U-Net,2,L_shape_test_0013,L-shape,0.9967968896620768,27.2761266883745,0.31098862380684394,0.0023724401835352182,0.42602479497509194,0.0008821010014798958,0.42602479497509194,/home/superws/2026_Projects/Codex_reference_plane_real/exp/task_real_struc_001b_full_structure_diagnosis/20260515_001000_fullrunner/per_sample_metrics.csv
T07_ref3_plus_residual_UNet,ref3 + residual U-Net,2,L_shape_test_0014,L-shape,0.9957534128829513,32.211279835666474,0.5976469321569171,0.0008019779925234616,0.23091022702283226,0.0010650710028130561,0.23091022702283226,/home/superws/2026_Projects/Codex_reference_plane_real/exp/task_real_struc_001b_full_structure_diagnosis/20260515_001000_fullrunner/per_sample_metrics.csv
T07_ref3_plus_residual_UNet,ref3 + residual U-Net,2,L_shape_test_0015,L-shape,0.9948808296159434,25.887912911672352,0.24336508622501418,0.002987966872751713,0.3346908139574225,0.0008824739998090081,0.3346908139574225,/home/superws/2026_Projects/Codex_reference_plane_real/exp/task_real_struc_001b_full_structure_diagnosis/20260515_001000_fullrunner/per_sample_metrics.csv
T07_ref3_plus_residual_UNet,ref3 + residual U-Net,2,L_shape_test_0016,L-shape,0.9934031527348864,27.439498503966107,0.32177779159143577,0.0022923368960618973,0.3765665590071876,0.0008794770001259167,0.3765665590071876,/home/superws/2026_Projects/Codex_reference_plane_real/exp/task_real_struc_001b_full_structure_diagnosis/20260515_001000_fullrunner/per_sample_metrics.csv
T07_ref3_plus_residual_UNet,ref3 + residual U-Net,2,L_shape_test_0017,L-shape,0.9943359376609102,26.324790161113185,0.2639011975587126,0.002848829375579953,0.35171627996169263,0.0008742499994696118,0.35171627996169263,/home/superws/2026_Projects/Codex_reference_plane_real/exp/task_real_struc_001b_full_structure_diagnosis/20260515_001000_fullrunner/per_sample_metrics.csv
T07_ref3_plus_residual_UNet,ref3 + residual U-Net,2,L_shape_test_0018,L-shape,0.9976300278371356,26.209958554330967,0.25445666284259805,0.0029788652900606394,0.4726115680023213,0.0008773939989623614,0.4726115680023213,/home/superws/2026_Projects/Codex_reference_plane_real/exp/task_real_struc_001b_full_structure_diagnosis/20260515_001000_fullrunner/per_sample_metrics.csv
T07_ref3_plus_residual_UNet,ref3 + residual U-Net,2,L_shape_test_0019,L-shape,0.9974751888910025,33.34098737370031,0.6591586740014721,0.0006201707292348146,0.39277319297616486,0.0009322180012532044,0.39277319297616486,/home/superws/2026_Projects/Codex_reference_plane_real/exp/task_real_struc_001b_full_structure_diagnosis/20260515_001000_fullrunner/per_sample_metrics.csv
T07_ref3_plus_residual_UNet,ref3 + residual U-Net,2,double_line_test_0000,double-line,0.9979391840832988,26.24152597432238,0.25895350048980653,0.0027316531632095575,0.2548235530266538,0.0008836869965307415,0.2548235530266538,/home/superws/2026_Projects/Codex_reference_plane_real/exp/task_real_struc_001b_full_structure_diagnosis/20260515_001000_fullrunner/per_sample_metrics.csv
T07_ref3_plus_residual_UNet,ref3 + residual U-Net,2,double_line_test_0001,double-line,0.9925475067502985,26.669597550750566,0.28311071677495625,0.002794113242998719,0.4300191399597679,0.0008772380024311133,0.4300191399597679,/home/superws/2026_Projects/Codex_reference_plane_real/exp/task_real_struc_001b_full_structure_diagnosis/20260515_001000_fullrunner/per_sample_metrics.csv
T07_ref3_plus_residual_UNet,ref3 + residual U-Net,2,double_line_test_0002,double-line,0.9992136421144233,31.249247451981557,0.5418076545693632,0.0009747878066264093,0.22244163799405214,0.0008862819995556492,0.22244163799405214,/home/superws/2026_Projects/Codex_reference_plane_real/exp/task_real_struc_001b_full_structure_diagnosis/20260515_001000_fullrunner/per_sample_metrics.csv
T07_ref3_plus_residual_UNet,ref3 + residual U-Net,2,double_line_test_0003,double-line,0.9952449333682452,25.647988700682962,0.22656862485099966,0.003425947157666087,0.3550736949800921,0.0009031310000864323,0.3550736949800921,/home/superws/2026_Projects/Codex_reference_plane_real/exp/task_real_struc_001b_full_structure_diagnosis/20260515_001000_fullrunner/per_sample_metrics.csv
T07_ref3_plus_residual_UNet,ref3 + residual U-Net,2,double_line_test_0004,double-line,0.9904825255424016,25.936654969405897,0.2451224508917753,0.00334849301725626,0.4037834340088011,0.0008856489985191729,0.4037834340088011,/home/superws/2026_Projects/Codex_reference_plane_real/exp/task_real_struc_001b_full_structure_diagnosis/20260515_001000_fullrunner/per_sample_metrics.csv
T07_ref3_plus_residual_UNet,ref3 + residual U-Net,2,double_line_test_0005,double-line,0.9995871518314405,25.996091377135976,0.2450098907522413,0.003022772492840886,0.2790114429917594,0.0008691729999554809,0.2790114429917594,/home/superws/2026_Projects/Codex_reference_plane_real/exp/task_real_struc_001b_full_structure_diagnosis/20260515_001000_fullrunner/per_sample_metrics.csv
T07_ref3_plus_residual_UNet,ref3 + residual U-Net,2,double_line_test_0006,double-line,0.9907889370947452,25.342964695049478,0.2233174594217895,0.003622505348175764,0.40731297199818073,0.0008815010005491786,0.40731297199818073,/home/superws/2026_Projects/Codex_reference_plane_real/exp/task_real_struc_001b_full_structure_diagnosis/20260515_001000_fullrunner/per_sample_metrics.csv
T07_ref3_plus_residual_UNet,ref3 + residual U-Net,2,double_line_test_0007,double-line,0.9945659046444831,31.96607112785975,0.5840490505996502,0.0008576857508160174,0.26614975796837825,0.0008720129990251735,0.26614975796837825,/home/superws/2026_Projects/Codex_reference_plane_real/exp/task_real_struc_001b_full_structure_diagnosis/20260515_001000_fullrunner/per_sample_metrics.csv
T07_ref3_plus_residual_UNet,ref3 + residual U-Net,2,double_line_test_0008,double-line,0.9911976453028021,28.405891514812524,0.37912672657536317,0.00175565539393574,2.4633441650112218,0.0008753420006542001,2.4633441650112218,/home/superws/2026_Projects/Codex_reference_plane_real/exp/task_real_struc_001b_full_structure_diagnosis/20260515_001000_fullrunner/per_sample_metrics.csv
T07_ref3_plus_residual_UNet,ref3 + residual U-Net,2,double_line_test_0009,double-line,0.9936571481235813,27.99768652508179,0.35168785236189565,0.0020825176034122705,0.49348862198894494,0.0008798480012046639,0.49348862198894494,/home/superws/2026_Projects/Codex_reference_plane_real/exp/task_real_struc_001b_full_structure_diagnosis/20260515_001000_fullrunner/per_sample_metrics.csv
T07_ref3_plus_residual_UNet,ref3 + residual U-Net,2,double_line_test_0010,double-line,0.9963603798977929,26.35637883040715,0.2647564737988443,0.0028132712468504906,0.42604623902298044,0.00088019399845507,0.42604623902298044,/home/superws/2026_Projects/Codex_reference_plane_real/exp/task_real_struc_001b_full_structure_diagnosis/20260515_001000_fullrunner/per_sample_metrics.csv
T07_ref3_plus_residual_UNet,ref3 + residual U-Net,2,double_line_test_0011,double-line,0.9976756753428921,27.992304455136697,0.34970539956164387,0.0020425578113645315,0.28503517299031955,0.0009458419990551192,0.28503517299031955,/home/superws/2026_Projects/Codex_reference_plane_real/exp/task_real_struc_001b_full_structure_diagnosis/20260515_001000_fullrunner/per_sample_metrics.csv
T07_ref3_plus_residual_UNet,ref3 + residual U-Net,2,double_line_test_0012,double-line,0.9985620071918027,30.655024746322862,0.5058104412166263,0.0011791494907811284,0.41209550000348827,0.0010566810015006922,0.41209550000348827,/home/superws/2026_Projects/Codex_reference_plane_real/exp/task_real_struc_001b_full_structure_diagnosis/20260515_001000_fullrunner/per_sample_metrics.csv
T07_ref3_plus_residual_UNet,ref3 + residual U-Net,2,double_line_test_0013,double-line,0.9969302636553069,25.025751063562524,0.19831576105969265,0.0038737328723073006,0.3991848229889001,0.0008811469997453969,0.3991848229889001,/home/superws/2026_Projects/Codex_reference_plane_real/exp/task_real_struc_001b_full_structure_diagnosis/20260515_001000_fullrunner/per_sample_metrics.csv
T07_ref3_plus_residual_UNet,ref3 + residual U-Net,2,double_line_test_0014,double-line,0.9925870410479621,25.810281996456187,0.24035546585125994,0.003320874646306038,0.3015883719926933,0.000874926001415588,0.3015883719926933,/home/superws/2026_Projects/Codex_reference_plane_real/exp/task_real_struc_001b_full_structure_diagnosis/20260515_001000_fullrunner/per_sample_metrics.csv
T07_ref3_plus_residual_UNet,ref3 + residual U-Net,2,small_rect_edge_test_0000,small_rect_edge,0.9926140598475768,29.92106402235121,0.46695540271698177,0.001152052078396082,0.17678252900077496,0.0008855560008669272,0.17678252900077496,/home/superws/2026_Projects/Codex_reference_plane_real/exp/task_real_struc_001b_full_structure_diagnosis/20260515_001000_fullrunner/per_sample_metrics.csv
T07_ref3_plus_residual_UNet,ref3 + residual U-Net,2,small_rect_edge_test_0001,small_rect_edge,0.9914767911854422,30.834343797686937,0.5195136203574687,0.0010045532835647464,0.20981181401657523,0.0008635110025352333,0.20981181401657523,/home/superws/2026_Projects/Codex_reference_plane_real/exp/task_real_struc_001b_full_structure_diagnosis/20260515_001000_fullrunner/per_sample_metrics.csv
T07_ref3_plus_residual_UNet,ref3 + residual U-Net,2,small_rect_edge_test_0002,small_rect_edge,0.9980596435665322,27.7302740545622,0.3391762906784384,0.0018739918014034629,0.2488055800058646,0.000885948000359349,0.2488055800058646,/home/superws/2026_Projects/Codex_reference_plane_real/exp/task_real_struc_001b_full_structure_diagnosis/20260515_001000_fullrunner/per_sample_metrics.csv
T07_ref3_plus_residual_UNet,ref3 + residual U-Net,2,small_rect_edge_test_0003,small_rect_edge,0.9938334760847621,30.53604226915219,0.5018968899800716,0.0011192387901246548,0.2543265440071991,0.0008981140017567668,0.2543265440071991,/home/superws/2026_Projects/Codex_reference_plane_real/exp/task_real_struc_001b_full_structure_diagnosis/20260515_001000_fullrunner/per_sample_metrics.csv
T07_ref3_plus_residual_UNet,ref3 + residual U-Net,2,small_rect_edge_test_0004,small_rect_edge,0.9909209932468886,29.190966736407354,0.4262122091801793,0.0016111767617985606,0.2720197620074032,0.0009332879999419674,0.2720197620074032,/home/superws/2026_Projects/Codex_reference_plane_real/exp/task_real_struc_001b_full_structure_diagnosis/20260515_001000_fullrunner/per_sample_metrics.csv
T07_ref3_plus_residual_UNet,ref3 + residual U-Net,2,small_rect_edge_test_0005,small_rect_edge,0.9973683762360271,29.47316198125336,0.4503967771969918,0.0012774979695677757,0.26860208105063066,0.000867141003254801,0.26860208105063066,/home/superws/2026_Projects/Codex_reference_plane_real/exp/task_real_struc_001b_full_structure_diagnosis/20260515_001000_fullrunner/per_sample_metrics.csv
T07_ref3_plus_residual_UNet,ref3 + residual U-Net,2,small_rect_edge_test_0006,small_rect_edge,0.9957094157228822,29.983845584092215,0.4688822739670656,0.0012442312436178327,0.2582134240146843,0.0009343909987364896,0.2582134240146843,/home/superws/2026_Projects/Codex_reference_plane_real/exp/task_real_struc_001b_full_structure_diagnosis/20260515_001000_fullrunner/per_sample_metrics.csv
T07_ref3_plus_residual_UNet,ref3 + residual U-Net,2,small_rect_edge_test_0007,small_rect_edge,1.000471178608098,29.07563524522192,0.4148865799237185,0.0014402492670342326,0.23522479902749183,0.0008816970002953894,0.23522479902749183,/home/superws/2026_Projects/Codex_reference_plane_real/exp/task_real_struc_001b_full_structure_diagnosis/20260515_001000_fullrunner/per_sample_metrics.csv
T07_ref3_plus_residual_UNet,ref3 + residual U-Net,2,small_rect_edge_test_0008,small_rect_edge,0.9976235836749129,28.43250994719091,0.38174465839960725,0.0017131000058725476,0.25089329100592295,0.0008762680008658208,0.25089329100592295,/home/superws/2026_Projects/Codex_reference_plane_real/exp/task_real_struc_001b_full_structure_diagnosis/20260515_001000_fullrunner/per_sample_metrics.csv
T07_ref3_plus_residual_UNet,ref3 + residual U-Net,2,small_rect_edge_test_0009,small_rect_edge,0.9946449657029671,30.919132040648183,0.5241448355346345,0.000998769304715097,0.22862054999859538,0.0008740670018596575,0.22862054999859538,/home/superws/2026_Projects/Codex_reference_plane_real/exp/task_real_struc_001b_full_structure_diagnosis/20260515_001000_fullrunner/per_sample_metrics.csv
T07_ref3_plus_residual_UNet,ref3 + residual U-Net,2,point_cluster_test_0000,point_cluster,0.9980741387902784,32.92669628095017,0.685437223776481,0.0006298231310211122,0.3799878350364452,0.0008867359974829014,0.3799878350364452,/home/superws/2026_Projects/Codex_reference_plane_real/exp/task_real_struc_001b_full_structure_diagnosis/20260515_001000_fullrunner/per_sample_metrics.csv
T07_ref3_plus_residual_UNet,ref3 + residual U-Net,2,point_cluster_test_0001,point_cluster,0.9937056076925201,31.698590998260677,0.5695208665774841,0.0010159681551158428,0.3394309020222863,0.0008779810013948008,0.3394309020222863,/home/superws/2026_Projects/Codex_reference_plane_real/exp/task_real_struc_001b_full_structure_diagnosis/20260515_001000_fullrunner/per_sample_metrics.csv
T07_ref3_plus_residual_UNet,ref3 + residual U-Net,2,point_cluster_test_0002,point_cluster,0.9904969407222888,35.64710715899212,0.7680210886972128,0.0004607244918588549,0.19393279298310517,0.0009421009999641683,0.19393279298310517,/home/superws/2026_Projects/Codex_reference_plane_real/exp/task_real_struc_001b_full_structure_diagnosis/20260515_001000_fullrunner/per_sample_metrics.csv
T07_ref3_plus_residual_UNet,ref3 + residual U-Net,2,point_cluster_test_0003,point_cluster,0.9991691856166306,35.86770039499916,0.7762731228877031,0.00036903444561176,0.29142195801250637,0.0008841980015859008,0.29142195801250637,/home/superws/2026_Projects/Codex_reference_plane_real/exp/task_real_struc_001b_full_structure_diagnosis/20260515_001000_fullrunner/per_sample_metrics.csv
T07_ref3_plus_residual_UNet,ref3 + residual U-Net,2,point_cluster_test_0004,point_cluster,0.9956811426470887,31.437186651376862,0.5543431465192954,0.0010546306148171425,0.289097622015106,0.0008833009997033514,0.289097622015106,/home/superws/2026_Projects/Codex_reference_plane_real/exp/task_real_struc_001b_full_structure_diagnosis/20260515_001000_fullrunner/per_sample_metrics.csv
T07_ref3_plus_residual_UNet,ref3 + residual U-Net,2,point_cluster_test_0005,point_cluster,0.9963407964908151,31.38187220365486,0.5511248990811222,0.0010094429599121213,0.21772567896550754,0.000969102002272848,0.21772567896550754,/home/superws/2026_Projects/Codex_reference_plane_real/exp/task_real_struc_001b_full_structure_diagnosis/20260515_001000_fullrunner/per_sample_metrics.csv
T07_ref3_plus_residual_UNet,ref3 + residual U-Net,2,point_cluster_test_0006,point_cluster,0.9943252685890156,35.09269602204506,0.7719615695695443,0.0004028569965157658,0.45157273296717904,0.0008783019984548446,0.45157273296717904,/home/superws/2026_Projects/Codex_reference_plane_real/exp/task_real_struc_001b_full_structure_diagnosis/20260515_001000_fullrunner/per_sample_metrics.csv
T07_ref3_plus_residual_UNet,ref3 + residual U-Net,2,point_cluster_test_0007,point_cluster,0.9949309832520402,35.63018327320113,0.7933699710323908,0.0004053042794112116,0.2161370160356455,0.0008816590016067494,0.2161370160356455,/home/superws/2026_Projects/Codex_reference_plane_real/exp/task_real_struc_001b_full_structure_diagnosis/20260515_001000_fullrunner/per_sample_metrics.csv
T07_ref3_plus_residual_UNet,ref3 + residual U-Net,2,point_cluster_test_0008,point_cluster,0.9853428621443876,34.81416764513455,0.7326770736477326,0.0005451905308291316,0.2135461129801115,0.000867679002112709,0.2135461129801115,/home/superws/2026_Projects/Codex_reference_plane_real/exp/task_real_struc_001b_full_structure_diagnosis/20260515_001000_fullrunner/per_sample_metrics.csv
T07_ref3_plus_residual_UNet,ref3 + residual U-Net,2,point_cluster_test_0009,point_cluster,0.992955851176957,36.11011616423952,0.8261267657327299,0.0002947524772025645,0.29204576499250834,0.000873897999554174,0.29204576499250834,/home/superws/2026_Projects/Codex_reference_plane_real/exp/task_real_struc_001b_full_structure_diagnosis/20260515_001000_fullrunner/per_sample_metrics.csv
T07_ref3_plus_residual_UNet,ref3 + residual U-Net,2,point_cluster_test_0010,point_cluster,0.9953455866029044,31.302912150590785,0.5462968256205647,0.0010833718115463853,0.33780321596350404,0.0008788119994278532,0.33780321596350404,/home/superws/2026_Projects/Codex_reference_plane_real/exp/task_real_struc_001b_full_structure_diagnosis/20260515_001000_fullrunner/per_sample_metrics.csv
T07_ref3_plus_residual_UNet,ref3 + residual U-Net,2,point_cluster_test_0011,point_cluster,0.996010505973448,34.92440937414672,0.7376215934476597,0.0006047750939615071,0.22688269696300267,0.0009255110016965773,0.22688269696300267,/home/superws/2026_Projects/Codex_reference_plane_real/exp/task_real_struc_001b_full_structure_diagnosis/20260515_001000_fullrunner/per_sample_metrics.csv
T07_ref3_plus_residual_UNet,ref3 + residual U-Net,2,point_cluster_test_0012,point_cluster,1.0027557278558414,33.642794994295734,0.6745887768954117,0.0006408948102034628,0.26132951496038004,0.0008811510015220847,0.26132951496038004,/home/superws/2026_Projects/Codex_reference_plane_real/exp/task_real_struc_001b_full_structure_diagnosis/20260515_001000_fullrunner/per_sample_metrics.csv
T07_ref3_plus_residual_UNet,ref3 + residual U-Net,2,point_cluster_test_0013,point_cluster,0.9988651921449903,32.365547962493494,0.6074076794275969,0.0009513428085483611,0.3080040239983646,0.0008813040003587957,0.3080040239983646,/home/superws/2026_Projects/Codex_reference_plane_real/exp/task_real_struc_001b_full_structure_diagnosis/20260515_001000_fullrunner/per_sample_metrics.csv
T07_ref3_plus_residual_UNet,ref3 + residual U-Net,2,point_cluster_test_0014,point_cluster,0.9997002704833793,34.26305578917959,0.7056144228209864,0.0004941753577440977,0.20475910098321037,0.0009980980030377395,0.20475910098321037,/home/superws/2026_Projects/Codex_reference_plane_real/exp/task_real_struc_001b_full_structure_diagnosis/20260515_001000_fullrunner/per_sample_metrics.csv
T07_ref3_plus_residual_UNet,ref3 + residual U-Net,2,point_cluster_test_0015,point_cluster,0.9946681108265609,34.419002794200004,0.7136169976279361,0.0005483061540871859,0.26106511597390636,0.0008831470004224684,0.26106511597390636,/home/superws/2026_Projects/Codex_reference_plane_real/exp/task_real_struc_001b_full_structure_diagnosis/20260515_001000_fullrunner/per_sample_metrics.csv
T07_ref3_plus_residual_UNet,ref3 + residual U-Net,2,point_cluster_test_0016,point_cluster,0.994149152327485,31.90418154168222,0.6117994776013581,0.0009129193495027721,0.39101310199839645,0.0008796590009296779,0.39101310199839645,/home/superws/2026_Projects/Codex_reference_plane_real/exp/task_real_struc_001b_full_structure_diagnosis/20260515_001000_fullrunner/per_sample_metrics.csv
T07_ref3_plus_residual_UNet,ref3 + residual U-Net,2,point_cluster_test_0017,point_cluster,1.0048114543393036,36.12586288836119,0.8587050981318982,0.0003292132751084864,0.18484232099581277,0.0008988830013549887,0.18484232099581277,/home/superws/2026_Projects/Codex_reference_plane_real/exp/task_real_struc_001b_full_structure_diagnosis/20260515_001000_fullrunner/per_sample_metrics.csv
T07_ref3_plus_residual_UNet,ref3 + residual U-Net,2,point_cluster_test_0018,point_cluster,1.0032866420391975,35.721393697550305,0.7905898396607752,0.0004561580717563629,0.28504262504793587,0.0008843439973134082,0.28504262504793587,/home/superws/2026_Projects/Codex_reference_plane_real/exp/task_real_struc_001b_full_structure_diagnosis/20260515_001000_fullrunner/per_sample_metrics.csv
T07_ref3_plus_residual_UNet,ref3 + residual U-Net,2,point_cluster_test_0019,point_cluster,0.9998609832294152,34.89448015862919,0.734551204176138,0.00039812762406654656,0.4089185820084822,0.0008671959985804278,0.4089185820084822,/home/superws/2026_Projects/Codex_reference_plane_real/exp/task_real_struc_001b_full_structure_diagnosis/20260515_001000_fullrunner/per_sample_metrics.csv
T08_ref3_plus_ReMiCNet_R04,ref3 + ReMiC-Net R04,0,line_test_0000,line,1.00572034135997,30.816241245912394,0.523397133885307,0.0017473605694249272,0.3435616440110607,0.001920188995427452,0.3435616440110607,/home/superws/2026_Projects/Codex_reference_plane_real/exp/task_real_struc_002b_film_variant_search/20260516_104031/per_sample_metrics.csv
T08_ref3_plus_ReMiCNet_R04,ref3 + ReMiC-Net R04,0,line_test_0001,line,0.993971597117317,25.93648453551865,0.2630189881812673,0.00419157650321722,0.4560236779943807,0.0019248140015406534,0.4560236779943807,/home/superws/2026_Projects/Codex_reference_plane_real/exp/task_real_struc_002b_film_variant_search/20260516_104031/per_sample_metrics.csv
T08_ref3_plus_ReMiCNet_R04,ref3 + ReMiC-Net R04,0,line_test_0002,line,1.000653306185286,30.199463923071814,0.4922938166802553,0.0022548185661435127,0.2189411930157803,0.0019144410034641623,0.2189411930157803,/home/superws/2026_Projects/Codex_reference_plane_real/exp/task_real_struc_002b_film_variant_search/20260516_104031/per_sample_metrics.csv
T08_ref3_plus_ReMiCNet_R04,ref3 + ReMiC-Net R04,0,line_test_0003,line,1.0873152671199748,33.547560478083376,0.6682239561379573,0.0018808237509801984,0.33233708700572606,0.0019146450067637488,0.33233708700572606,/home/superws/2026_Projects/Codex_reference_plane_real/exp/task_real_struc_002b_film_variant_search/20260516_104031/per_sample_metrics.csv
T08_ref3_plus_ReMiCNet_R04,ref3 + ReMiC-Net R04,0,line_test_0004,line,1.0461738811123835,36.442367930224705,0.7984340032479246,0.0008503671269863844,0.24433644900273066,0.0019569370051613078,0.24433644900273066,/home/superws/2026_Projects/Codex_reference_plane_real/exp/task_real_struc_002b_film_variant_search/20260516_104031/per_sample_metrics.csv
T08_ref3_plus_ReMiCNet_R04,ref3 + ReMiC-Net R04,0,line_test_0005,line,1.0222737880458805,32.32133847964524,0.6064855610211896,0.0014099577674642205,0.2423928180214716,0.001926309007103555,0.2423928180214716,/home/superws/2026_Projects/Codex_reference_plane_real/exp/task_real_struc_002b_film_variant_search/20260516_104031/per_sample_metrics.csv
T08_ref3_plus_ReMiCNet_R04,ref3 + ReMiC-Net R04,0,line_test_0006,line,1.050450917486875,31.38528353601004,0.5531263173485748,0.0019104426028206944,0.493631764955353,0.001891963998787105,0.493631764955353,/home/superws/2026_Projects/Codex_reference_plane_real/exp/task_real_struc_002b_film_variant_search/20260516_104031/per_sample_metrics.csv
T08_ref3_plus_ReMiCNet_R04,ref3 + ReMiC-Net R04,0,line_test_0007,line,1.0107063969748638,29.742652035342143,0.4693291126392099,0.0019390962552279234,0.47057719802251086,0.0019617759971879423,0.47057719802251086,/home/superws/2026_Projects/Codex_reference_plane_real/exp/task_real_struc_002b_film_variant_search/20260516_104031/per_sample_metrics.csv
T08_ref3_plus_ReMiCNet_R04,ref3 + ReMiC-Net R04,0,line_test_0008,line,0.9973861384802389,25.83211276565699,0.2520519138232281,0.0036929678171873093,0.2921878639754141,0.0018983420013682917,0.2921878639754141,/home/superws/2026_Projects/Codex_reference_plane_real/exp/task_real_struc_002b_film_variant_search/20260516_104031/per_sample_metrics.csv
T08_ref3_plus_ReMiCNet_R04,ref3 + ReMiC-Net R04,0,line_test_0009,line,1.0044626487585,30.187481748439886,0.48822169292299633,0.0019379971781745553,0.4158552020526258,0.0019674280047183856,0.4158552020526258,/home/superws/2026_Projects/Codex_reference_plane_real/exp/task_real_struc_002b_film_variant_search/20260516_104031/per_sample_metrics.csv
T08_ref3_plus_ReMiCNet_R04,ref3 + ReMiC-Net R04,0,line_test_0010,line,1.0215761994142452,32.32696781776167,0.6076242801784996,0.0015124010387808084,0.5112925210560206,0.0019886700029019266,0.5112925210560206,/home/superws/2026_Projects/Codex_reference_plane_real/exp/task_real_struc_002b_film_variant_search/20260516_104031/per_sample_metrics.csv
T08_ref3_plus_ReMiCNet_R04,ref3 + ReMiC-Net R04,0,line_test_0011,line,1.0075739047436214,27.714120394384544,0.34524101938631574,0.002694535767659545,0.3043743089947384,0.0019033919961657375,0.3043743089947384,/home/superws/2026_Projects/Codex_reference_plane_real/exp/task_real_struc_002b_film_variant_search/20260516_104031/per_sample_metrics.csv
T08_ref3_plus_ReMiCNet_R04,ref3 + ReMiC-Net R04,0,line_test_0012,line,1.0089341414020536,29.643291404436617,0.45723493773781504,0.002200168324634433,0.4271454020199599,0.001964840994332917,0.4271454020199599,/home/superws/2026_Projects/Codex_reference_plane_real/exp/task_real_struc_002b_film_variant_search/20260516_104031/per_sample_metrics.csv
T08_ref3_plus_ReMiCNet_R04,ref3 + ReMiC-Net R04,0,line_test_0013,line,0.9928019986553804,27.0451091272629,0.3362962235076921,0.0031238386873155832,0.2927110129821813,0.001951944999746047,0.2927110129821813,/home/superws/2026_Projects/Codex_reference_plane_real/exp/task_real_struc_002b_film_variant_search/20260516_104031/per_sample_metrics.csv
T08_ref3_plus_ReMiCNet_R04,ref3 + ReMiC-Net R04,0,line_test_0014,line,1.0300549632029259,34.70135709916298,0.7269552059082695,0.0009792582131922245,0.21881707698048558,0.0019731270003831014,0.21881707698048558,/home/superws/2026_Projects/Codex_reference_plane_real/exp/task_real_struc_002b_film_variant_search/20260516_104031/per_sample_metrics.csv
T08_ref3_plus_ReMiCNet_R04,ref3 + ReMiC-Net R04,0,line_test_0015,line,1.0630407676524654,35.12359651085308,0.744339458233039,0.0011970199411734939,0.19868840702110901,0.001958317996468395,0.19868840702110901,/home/superws/2026_Projects/Codex_reference_plane_real/exp/task_real_struc_002b_film_variant_search/20260516_104031/per_sample_metrics.csv
T08_ref3_plus_ReMiCNet_R04,ref3 + ReMiC-Net R04,0,line_test_0016,line,0.9991346724594301,28.206770231551065,0.380297871166555,0.0030145510099828243,0.2913093219831353,0.0018910729995695874,0.2913093219831353,/home/superws/2026_Projects/Codex_reference_plane_real/exp/task_real_struc_002b_film_variant_search/20260516_104031/per_sample_metrics.csv
T08_ref3_plus_ReMiCNet_R04,ref3 + ReMiC-Net R04,0,line_test_0017,line,1.026540340396422,31.981242753201652,0.5876207294396689,0.0013826362555846572,0.18373880998115055,0.0018929899961221963,0.18373880998115055,/home/superws/2026_Projects/Codex_reference_plane_real/exp/task_real_struc_002b_film_variant_search/20260516_104031/per_sample_metrics.csv
T08_ref3_plus_ReMiCNet_R04,ref3 + ReMiC-Net R04,0,line_test_0018,line,1.0116108297911206,29.318468717135616,0.43568886095840687,0.002336427103728056,0.2518799680110533,0.0019147999992128462,0.2518799680110533,/home/superws/2026_Projects/Codex_reference_plane_real/exp/task_real_struc_002b_film_variant_search/20260516_104031/per_sample_metrics.csv
T08_ref3_plus_ReMiCNet_R04,ref3 + ReMiC-Net R04,0,line_test_0019,line,1.0110710380686319,29.25327218880977,0.43640265858053723,0.0020046939607709646,0.22705473196401726,0.0018756069912342355,0.22705473196401726,/home/superws/2026_Projects/Codex_reference_plane_real/exp/task_real_struc_002b_film_variant_search/20260516_104031/per_sample_metrics.csv
T08_ref3_plus_ReMiCNet_R04,ref3 + ReMiC-Net R04,0,cross_test_0000,cross,1.0389781571463785,32.01430051408061,0.5887185214751023,0.0019198490772396326,0.219200522013125,0.0019648579909699038,0.219200522013125,/home/superws/2026_Projects/Codex_reference_plane_real/exp/task_real_struc_002b_film_variant_search/20260516_104031/per_sample_metrics.csv
T08_ref3_plus_ReMiCNet_R04,ref3 + ReMiC-Net R04,0,cross_test_0001,cross,1.0000130060741743,26.500617515227574,0.2815408670287815,0.0035963004920631647,0.3116170829744078,0.0019060299964621663,0.3116170829744078,/home/superws/2026_Projects/Codex_reference_plane_real/exp/task_real_struc_002b_film_variant_search/20260516_104031/per_sample_metrics.csv
T08_ref3_plus_ReMiCNet_R04,ref3 + ReMiC-Net R04,0,cross_test_0002,cross,1.0159211241716626,30.296388284410693,0.49206048379454664,0.0018653119914233685,0.23319913298473693,0.0019093230075668544,0.23319913298473693,/home/superws/2026_Projects/Codex_reference_plane_real/exp/task_real_struc_002b_film_variant_search/20260516_104031/per_sample_metrics.csv
T08_ref3_plus_ReMiCNet_R04,ref3 + ReMiC-Net R04,0,cross_test_0003,cross,0.9939071697174535,27.659442569823444,0.3529600862936885,0.0032892506569623947,0.3583844440145185,0.0019294619996799156,0.3583844440145185,/home/superws/2026_Projects/Codex_reference_plane_real/exp/task_real_struc_002b_film_variant_search/20260516_104031/per_sample_metrics.csv
T08_ref3_plus_ReMiCNet_R04,ref3 + ReMiC-Net R04,0,cross_test_0004,cross,0.9957328491444073,27.884260880062357,0.3645330422951477,0.0032401829957962036,0.3148688380169915,0.001906331002828665,0.3148688380169915,/home/superws/2026_Projects/Codex_reference_plane_real/exp/task_real_struc_002b_film_variant_search/20260516_104031/per_sample_metrics.csv
T08_ref3_plus_ReMiCNet_R04,ref3 + ReMiC-Net R04,0,cross_test_0005,cross,1.0228173582086848,31.066730965956904,0.5367642892613631,0.0021937948185950518,0.2560877950163558,0.001907469006255269,0.2560877950163558,/home/superws/2026_Projects/Codex_reference_plane_real/exp/task_real_struc_002b_film_variant_search/20260516_104031/per_sample_metrics.csv
T08_ref3_plus_ReMiCNet_R04,ref3 + ReMiC-Net R04,0,cross_test_0006,cross,0.9998176024618917,28.7210348865247,0.40162836059579643,0.0022237387020140886,0.25011801900109276,0.0019038280006498098,0.25011801900109276,/home/superws/2026_Projects/Codex_reference_plane_real/exp/task_real_struc_002b_film_variant_search/20260516_104031/per_sample_metrics.csv
T08_ref3_plus_ReMiCNet_R04,ref3 + ReMiC-Net R04,0,cross_test_0007,cross,1.0358233916775221,33.778467473371244,0.682711646857556,0.001294599613174796,0.26188718201592565,0.0019652899936772883,0.26188718201592565,/home/superws/2026_Projects/Codex_reference_plane_real/exp/task_real_struc_002b_film_variant_search/20260516_104031/per_sample_metrics.csv
T08_ref3_plus_ReMiCNet_R04,ref3 + ReMiC-Net R04,0,cross_test_0008,cross,0.984374168618174,28.03443207623463,0.3788330700815426,0.003304541576653719,0.2402739669632865,0.0019209949969081208,0.2402739669632865,/home/superws/2026_Projects/Codex_reference_plane_real/exp/task_real_struc_002b_film_variant_search/20260516_104031/per_sample_metrics.csv
T08_ref3_plus_ReMiCNet_R04,ref3 + ReMiC-Net R04,0,cross_test_0009,cross,1.0258274220520107,32.76885650829705,0.6311277993767723,0.0013997455826029181,0.24841855200065766,0.001901172989164479,0.24841855200065766,/home/superws/2026_Projects/Codex_reference_plane_real/exp/task_real_struc_002b_film_variant_search/20260516_104031/per_sample_metrics.csv
T08_ref3_plus_ReMiCNet_R04,ref3 + ReMiC-Net R04,0,cross_test_0010,cross,1.0319449592212568,31.910951247162885,0.5835707064339712,0.0018160237232223153,0.4912796779826749,0.0019111309957224876,0.4912796779826749,/home/superws/2026_Projects/Codex_reference_plane_real/exp/task_real_struc_002b_film_variant_search/20260516_104031/per_sample_metrics.csv
T08_ref3_plus_ReMiCNet_R04,ref3 + ReMiC-Net R04,0,cross_test_0011,cross,1.015603596394764,27.24691695232494,0.3322808081840997,0.004114508628845215,0.24901671301631723,0.001894672997877933,0.24901671301631723,/home/superws/2026_Projects/Codex_reference_plane_real/exp/task_real_struc_002b_film_variant_search/20260516_104031/per_sample_metrics.csv
T08_ref3_plus_ReMiCNet_R04,ref3 + ReMiC-Net R04,0,cross_test_0012,cross,1.0213502184728007,31.574856025715896,0.5658369367946057,0.0017452766187489033,0.30322052200790495,0.001967357995454222,0.30322052200790495,/home/superws/2026_Projects/Codex_reference_plane_real/exp/task_real_struc_002b_film_variant_search/20260516_104031/per_sample_metrics.csv
T08_ref3_plus_ReMiCNet_R04,ref3 + ReMiC-Net R04,0,cross_test_0013,cross,1.0166363722160996,31.59058429021624,0.5682515948090735,0.002021585591137409,0.4941770449950127,0.001919287009513937,0.4941770449950127,/home/superws/2026_Projects/Codex_reference_plane_real/exp/task_real_struc_002b_film_variant_search/20260516_104031/per_sample_metrics.csv
T08_ref3_plus_ReMiCNet_R04,ref3 + ReMiC-Net R04,0,cross_test_0014,cross,0.9996010074094946,27.705257446261626,0.3477077517861467,0.002694321796298027,0.20860632699623238,0.0019526899995980784,0.20860632699623238,/home/superws/2026_Projects/Codex_reference_plane_real/exp/task_real_struc_002b_film_variant_search/20260516_104031/per_sample_metrics.csv
T08_ref3_plus_ReMiCNet_R04,ref3 + ReMiC-Net R04,0,L_shape_test_0000,L-shape,1.0011887132590147,26.167014681278545,0.2756300464933014,0.004280946683138609,0.28793257105280645,0.001893829001346603,0.28793257105280645,/home/superws/2026_Projects/Codex_reference_plane_real/exp/task_real_struc_002b_film_variant_search/20260516_104031/per_sample_metrics.csv
T08_ref3_plus_ReMiCNet_R04,ref3 + ReMiC-Net R04,0,L_shape_test_0001,L-shape,1.003975517527812,27.64622240665348,0.3411498973300245,0.0026943183038383722,0.4163442379940534,0.001912863997858949,0.4163442379940534,/home/superws/2026_Projects/Codex_reference_plane_real/exp/task_real_struc_002b_film_variant_search/20260516_104031/per_sample_metrics.csv
T08_ref3_plus_ReMiCNet_R04,ref3 + ReMiC-Net R04,0,L_shape_test_0002,L-shape,1.0089899387519365,27.24205234560046,0.3264293400097488,0.0037486786022782326,0.26728061996982433,0.001887440012069419,0.26728061996982433,/home/superws/2026_Projects/Codex_reference_plane_real/exp/task_real_struc_002b_film_variant_search/20260516_104031/per_sample_metrics.csv
T08_ref3_plus_ReMiCNet_R04,ref3 + ReMiC-Net R04,0,L_shape_test_0003,L-shape,1.0040867239120221,27.470586536483623,0.3338738843565583,0.0032680255826562643,0.2893427159724524,0.001969796998309903,0.2893427159724524,/home/superws/2026_Projects/Codex_reference_plane_real/exp/task_real_struc_002b_film_variant_search/20260516_104031/per_sample_metrics.csv
T08_ref3_plus_ReMiCNet_R04,ref3 + ReMiC-Net R04,0,L_shape_test_0004,L-shape,0.9979028545407939,25.78950220984747,0.2508566617071779,0.0042691002599895,0.6771081600163598,0.0018901879957411438,0.6771081600163598,/home/superws/2026_Projects/Codex_reference_plane_real/exp/task_real_struc_002b_film_variant_search/20260516_104031/per_sample_metrics.csv
T08_ref3_plus_ReMiCNet_R04,ref3 + ReMiC-Net R04,0,L_shape_test_0005,L-shape,1.003884429873917,27.122882190634673,0.316852248469465,0.0033070913050323725,0.26121968096413184,0.001909722006530501,0.26121968096413184,/home/superws/2026_Projects/Codex_reference_plane_real/exp/task_real_struc_002b_film_variant_search/20260516_104031/per_sample_metrics.csv
T08_ref3_plus_ReMiCNet_R04,ref3 + ReMiC-Net R04,0,L_shape_test_0006,L-shape,1.0120713412472242,31.1089691129489,0.5388651713688933,0.0016411112155765295,0.24353303300449625,0.0019597079954110086,0.24353303300449625,/home/superws/2026_Projects/Codex_reference_plane_real/exp/task_real_struc_002b_film_variant_search/20260516_104031/per_sample_metrics.csv
T08_ref3_plus_ReMiCNet_R04,ref3 + ReMiC-Net R04,0,L_shape_test_0007,L-shape,0.9983927699608517,27.006507131969194,0.3132259318302516,0.003640958573669195,0.3126965600094991,0.001967453004908748,0.3126965600094991,/home/superws/2026_Projects/Codex_reference_plane_real/exp/task_real_struc_002b_film_variant_search/20260516_104031/per_sample_metrics.csv
T08_ref3_plus_ReMiCNet_R04,ref3 + ReMiC-Net R04,0,L_shape_test_0008,L-shape,1.0049676449390033,30.452887644962917,0.5029944278481279,0.0019062586361542344,0.22578018800413702,0.001892610001959838,0.22578018800413702,/home/superws/2026_Projects/Codex_reference_plane_real/exp/task_real_struc_002b_film_variant_search/20260516_104031/per_sample_metrics.csv
T08_ref3_plus_ReMiCNet_R04,ref3 + ReMiC-Net R04,0,L_shape_test_0009,L-shape,1.0038484694752725,26.38655821212959,0.27860525325780955,0.003976660314947367,0.584760120997089,0.0019598619983298704,0.584760120997089,/home/superws/2026_Projects/Codex_reference_plane_real/exp/task_real_struc_002b_film_variant_search/20260516_104031/per_sample_metrics.csv
T08_ref3_plus_ReMiCNet_R04,ref3 + ReMiC-Net R04,0,L_shape_test_0010,L-shape,1.0094729416586132,30.561505431199393,0.5092001393765584,0.0019110703142359853,0.3142631490190979,0.0018995330028701574,0.3142631490190979,/home/superws/2026_Projects/Codex_reference_plane_real/exp/task_real_struc_002b_film_variant_search/20260516_104031/per_sample_metrics.csv
T08_ref3_plus_ReMiCNet_R04,ref3 + ReMiC-Net R04,0,L_shape_test_0011,L-shape,1.0280948046516765,33.25951207180645,0.6560771197204063,0.00120949384290725,0.21060007401683833,0.001921873990795575,0.21060007401683833,/home/superws/2026_Projects/Codex_reference_plane_real/exp/task_real_struc_002b_film_variant_search/20260516_104031/per_sample_metrics.csv
T08_ref3_plus_ReMiCNet_R04,ref3 + ReMiC-Net R04,0,L_shape_test_0012,L-shape,0.9976607515459962,26.768510062250424,0.2985609321239154,0.0033701767679303885,0.45059595799830277,0.00191099000221584,0.45059595799830277,/home/superws/2026_Projects/Codex_reference_plane_real/exp/task_real_struc_002b_film_variant_search/20260516_104031/per_sample_metrics.csv
T08_ref3_plus_ReMiCNet_R04,ref3 + ReMiC-Net R04,0,L_shape_test_0013,L-shape,0.9998844567944787,27.262695276472098,0.32285488700205117,0.0033190737012773752,0.4270559949800372,0.001913301006425172,0.4270559949800372,/home/superws/2026_Projects/Codex_reference_plane_real/exp/task_real_struc_002b_film_variant_search/20260516_104031/per_sample_metrics.csv
T08_ref3_plus_ReMiCNet_R04,ref3 + ReMiC-Net R04,0,L_shape_test_0014,L-shape,1.01996614891812,32.106940165916534,0.5950739911810498,0.001602074014954269,0.23179857702052686,0.00195342100050766,0.23179857702052686,/home/superws/2026_Projects/Codex_reference_plane_real/exp/task_real_struc_002b_film_variant_search/20260516_104031/per_sample_metrics.csv
T08_ref3_plus_ReMiCNet_R04,ref3 + ReMiC-Net R04,0,L_shape_test_0015,L-shape,0.9970737555472577,25.87835059855307,0.25570798397541505,0.003945303149521351,0.3357757209596457,0.001967381002032198,0.3357757209596457,/home/superws/2026_Projects/Codex_reference_plane_real/exp/task_real_struc_002b_film_variant_search/20260516_104031/per_sample_metrics.csv
T08_ref3_plus_ReMiCNet_R04,ref3 + ReMiC-Net R04,0,L_shape_test_0016,L-shape,0.996433298447156,27.426271635606994,0.33315993941363675,0.0031941041816025972,0.3776485760026844,0.0019614939956227317,0.3776485760026844,/home/superws/2026_Projects/Codex_reference_plane_real/exp/task_real_struc_002b_film_variant_search/20260516_104031/per_sample_metrics.csv
T08_ref3_plus_ReMiCNet_R04,ref3 + ReMiC-Net R04,0,L_shape_test_0017,L-shape,1.0050704164338016,26.27815655906645,0.27309808862597673,0.004004930146038532,0.35275381596875377,0.0019117860065307468,0.35275381596875377,/home/superws/2026_Projects/Codex_reference_plane_real/exp/task_real_struc_002b_film_variant_search/20260516_104031/per_sample_metrics.csv
T08_ref3_plus_ReMiCNet_R04,ref3 + ReMiC-Net R04,0,L_shape_test_0018,L-shape,1.0015140721985423,26.193082761755363,0.26488245634403046,0.003835910465568304,0.47375019000901375,0.0020160160056548193,0.47375019000901375,/home/superws/2026_Projects/Codex_reference_plane_real/exp/task_real_struc_002b_film_variant_search/20260516_104031/per_sample_metrics.csv
T08_ref3_plus_ReMiCNet_R04,ref3 + ReMiC-Net R04,0,L_shape_test_0019,L-shape,1.044727644011941,33.13997757441876,0.6490705075800581,0.0015643646474927664,0.3937923039775342,0.001951329002622515,0.3937923039775342,/home/superws/2026_Projects/Codex_reference_plane_real/exp/task_real_struc_002b_film_variant_search/20260516_104031/per_sample_metrics.csv
T08_ref3_plus_ReMiCNet_R04,ref3 + ReMiC-Net R04,0,double_line_test_0000,double-line,1.0037308174094308,26.21639409781149,0.2659799340055365,0.0034594337921589613,0.2558748160372488,0.0019349500071257353,0.2558748160372488,/home/superws/2026_Projects/Codex_reference_plane_real/exp/task_real_struc_002b_film_variant_search/20260516_104031/per_sample_metrics.csv
T08_ref3_plus_ReMiCNet_R04,ref3 + ReMiC-Net R04,0,double_line_test_0001,double-line,1.0043672180364709,26.618184975827425,0.29846676719085186,0.004213008098304272,0.43112185096833855,0.001979949011001736,0.43112185096833855,/home/superws/2026_Projects/Codex_reference_plane_real/exp/task_real_struc_002b_film_variant_search/20260516_104031/per_sample_metrics.csv
T08_ref3_plus_ReMiCNet_R04,ref3 + ReMiC-Net R04,0,double_line_test_0002,double-line,1.0199059017463403,31.160230001691332,0.5402296555245533,0.0015763221308588982,0.2236116729909554,0.002056316996458918,0.2236116729909554,/home/superws/2026_Projects/Codex_reference_plane_real/exp/task_real_struc_002b_film_variant_search/20260516_104031/per_sample_metrics.csv
T08_ref3_plus_ReMiCNet_R04,ref3 + ReMiC-Net R04,0,double_line_test_0003,double-line,1.00142189226101,25.621117475702498,0.2343594885843931,0.004206978715956211,0.356120092983474,0.0019495290034683421,0.356120092983474,/home/superws/2026_Projects/Codex_reference_plane_real/exp/task_real_struc_002b_film_variant_search/20260516_104031/per_sample_metrics.csv
T08_ref3_plus_ReMiCNet_R04,ref3 + ReMiC-Net R04,0,double_line_test_0004,double-line,0.9782488824985773,25.990629825804895,0.2708934368556093,0.00431993929669261,0.40482370801328216,0.0019259230030002072,0.40482370801328216,/home/superws/2026_Projects/Codex_reference_plane_real/exp/task_real_struc_002b_film_variant_search/20260516_104031/per_sample_metrics.csv
T08_ref3_plus_ReMiCNet_R04,ref3 + ReMiC-Net R04,0,double_line_test_0005,double-line,1.0065914177828985,25.965765633819725,0.25158252697225525,0.0037248556036502123,0.28007511199393775,0.0019328420021338388,0.28007511199393775,/home/superws/2026_Projects/Codex_reference_plane_real/exp/task_real_struc_002b_film_variant_search/20260516_104031/per_sample_metrics.csv
T08_ref3_plus_ReMiCNet_R04,ref3 + ReMiC-Net R04,0,double_line_test_0006,double-line,0.9963074982790948,25.3188420478473,0.24370094867898676,0.005112943705171347,0.40833892399678007,0.0019074529991485178,0.40833892399678007,/home/superws/2026_Projects/Codex_reference_plane_real/exp/task_real_struc_002b_film_variant_search/20260516_104031/per_sample_metrics.csv
T08_ref3_plus_ReMiCNet_R04,ref3 + ReMiC-Net R04,0,double_line_test_0007,double-line,1.027226151330225,31.82574595232985,0.5783375435036232,0.0018127701478078961,0.2672455609717872,0.0019678160024341196,0.2672455609717872,/home/superws/2026_Projects/Codex_reference_plane_real/exp/task_real_struc_002b_film_variant_search/20260516_104031/per_sample_metrics.csv
T08_ref3_plus_ReMiCNet_R04,ref3 + ReMiC-Net R04,0,double_line_test_0008,double-line,1.0112231254043236,28.319023869208756,0.38093599871960526,0.0029319217428565025,2.4643824950035196,0.001913671992952004,2.4643824950035196,/home/superws/2026_Projects/Codex_reference_plane_real/exp/task_real_struc_002b_film_variant_search/20260516_104031/per_sample_metrics.csv
T08_ref3_plus_ReMiCNet_R04,ref3 + ReMiC-Net R04,0,double_line_test_0009,double-line,1.0030898102659958,27.956653971886443,0.35727092210661365,0.002845223294571042,0.4945290939795086,0.0019203199917683378,0.4945290939795086,/home/superws/2026_Projects/Codex_reference_plane_real/exp/task_real_struc_002b_film_variant_search/20260516_104031/per_sample_metrics.csv
T08_ref3_plus_ReMiCNet_R04,ref3 + ReMiC-Net R04,0,double_line_test_0010,double-line,0.9935406010957285,26.368687213928016,0.28046301364492904,0.003728720359504223,0.4270799430232728,0.0019138979987474158,0.4270799430232728,/home/superws/2026_Projects/Codex_reference_plane_real/exp/task_real_struc_002b_film_variant_search/20260516_104031/per_sample_metrics.csv
T08_ref3_plus_ReMiCNet_R04,ref3 + ReMiC-Net R04,0,double_line_test_0011,double-line,1.004501000207773,27.962694403542407,0.3555305817619358,0.0026870672591030598,0.2860205920005683,0.001931261009303853,0.2860205920005683,/home/superws/2026_Projects/Codex_reference_plane_real/exp/task_real_struc_002b_film_variant_search/20260516_104031/per_sample_metrics.csv
T08_ref3_plus_ReMiCNet_R04,ref3 + ReMiC-Net R04,0,double_line_test_0012,double-line,1.006655683067326,30.619965771915318,0.5107364299367539,0.0018563190242275596,0.41295298500335775,0.0019141660013701767,0.41295298500335775,/home/superws/2026_Projects/Codex_reference_plane_real/exp/task_real_struc_002b_film_variant_search/20260516_104031/per_sample_metrics.csv
T08_ref3_plus_ReMiCNet_R04,ref3 + ReMiC-Net R04,0,double_line_test_0013,double-line,0.9939067335022664,25.038942809459893,0.21390291786886856,0.0047615207731723785,0.40026214698445983,0.001958470995305106,0.40026214698445983,/home/superws/2026_Projects/Codex_reference_plane_real/exp/task_real_struc_002b_film_variant_search/20260516_104031/per_sample_metrics.csv
T08_ref3_plus_ReMiCNet_R04,ref3 + ReMiC-Net R04,0,double_line_test_0014,double-line,0.9995423918999752,25.77995568526174,0.25732986594492857,0.004733314272016287,0.30261366299237125,0.0019002170010935515,0.30261366299237125,/home/superws/2026_Projects/Codex_reference_plane_real/exp/task_real_struc_002b_film_variant_search/20260516_104031/per_sample_metrics.csv
T08_ref3_plus_ReMiCNet_R04,ref3 + ReMiC-Net R04,0,small_rect_edge_test_0000,small_rect_edge,1.0032047790538177,29.874972102843316,0.4701275335614806,0.0018415192607790232,0.17783725599292666,0.0019402829930186272,0.17783725599292666,/home/superws/2026_Projects/Codex_reference_plane_real/exp/task_real_struc_002b_film_variant_search/20260516_104031/per_sample_metrics.csv
T08_ref3_plus_ReMiCNet_R04,ref3 + ReMiC-Net R04,0,small_rect_edge_test_0001,small_rect_edge,1.0179917370544023,30.719726738797974,0.5157128407012538,0.0018165867077186704,0.21090621102484874,0.001957908010808751,0.21090621102484874,/home/superws/2026_Projects/Codex_reference_plane_real/exp/task_real_struc_002b_film_variant_search/20260516_104031/per_sample_metrics.csv
T08_ref3_plus_ReMiCNet_R04,ref3 + ReMiC-Net R04,0,small_rect_edge_test_0002,small_rect_edge,1.0072123807200501,27.69062833037117,0.34372197588877906,0.0026122601702809334,0.24989980200189166,0.001980169996386394,0.24989980200189166,/home/superws/2026_Projects/Codex_reference_plane_real/exp/task_real_struc_002b_film_variant_search/20260516_104031/per_sample_metrics.csv
T08_ref3_plus_ReMiCNet_R04,ref3 + ReMiC-Net R04,0,small_rect_edge_test_0003,small_rect_edge,1.0136003585515811,30.450510960155817,0.5013060303751525,0.0020094963256269693,0.2553438370086951,0.001915407003252767,0.2553438370086951,/home/superws/2026_Projects/Codex_reference_plane_real/exp/task_real_struc_002b_film_variant_search/20260516_104031/per_sample_metrics.csv
T08_ref3_plus_ReMiCNet_R04,ref3 + ReMiC-Net R04,0,small_rect_edge_test_0004,small_rect_edge,1.0248329894220445,29.044826272586555,0.4257131286755872,0.0029907766729593277,0.27307720700628124,0.0019907329988200217,0.27307720700628124,/home/superws/2026_Projects/Codex_reference_plane_real/exp/task_real_struc_002b_film_variant_search/20260516_104031/per_sample_metrics.csv
T08_ref3_plus_ReMiCNet_R04,ref3 + ReMiC-Net R04,0,small_rect_edge_test_0005,small_rect_edge,1.017170720721569,29.38777917510645,0.4511674216554444,0.0022311049979180098,0.26971090503502637,0.0019759649876505136,0.26971090503502637,/home/superws/2026_Projects/Codex_reference_plane_real/exp/task_real_struc_002b_film_variant_search/20260516_104031/per_sample_metrics.csv
T08_ref3_plus_ReMiCNet_R04,ref3 + ReMiC-Net R04,0,small_rect_edge_test_0006,small_rect_edge,1.009336152615658,29.92481356023077,0.47094366804507165,0.0020442709792405367,0.25923831600812264,0.001959282992174849,0.25923831600812264,/home/superws/2026_Projects/Codex_reference_plane_real/exp/task_real_struc_002b_film_variant_search/20260516_104031/per_sample_metrics.csv
T08_ref3_plus_ReMiCNet_R04,ref3 + ReMiC-Net R04,0,small_rect_edge_test_0007,small_rect_edge,1.0136324925124631,29.018876011480774,0.41687360561536063,0.0020787077955901623,0.23623964402941056,0.0018965420022141188,0.23623964402941056,/home/superws/2026_Projects/Codex_reference_plane_real/exp/task_real_struc_002b_film_variant_search/20260516_104031/per_sample_metrics.csv
T08_ref3_plus_ReMiCNet_R04,ref3 + ReMiC-Net R04,0,small_rect_edge_test_0008,small_rect_edge,1.0321384667149127,28.284797402660352,0.37879399422515503,0.0031007016077637672,0.25192551499640103,0.001908491991343908,0.25192551499640103,/home/superws/2026_Projects/Codex_reference_plane_real/exp/task_real_struc_002b_film_variant_search/20260516_104031/per_sample_metrics.csv
T08_ref3_plus_ReMiCNet_R04,ref3 + ReMiC-Net R04,0,small_rect_edge_test_0009,small_rect_edge,1.0151803131179802,30.830380998374686,0.5225664943247582,0.0017761245835572481,0.22965554500115104,0.0019090620044153184,0.22965554500115104,/home/superws/2026_Projects/Codex_reference_plane_real/exp/task_real_struc_002b_film_variant_search/20260516_104031/per_sample_metrics.csv
T08_ref3_plus_ReMiCNet_R04,ref3 + ReMiC-Net R04,0,point_cluster_test_0000,point_cluster,1.0357547018852948,32.76575541966234,0.6784352808773406,0.0014605894684791565,0.381280380039243,0.0021792810002807528,0.381280380039243,/home/superws/2026_Projects/Codex_reference_plane_real/exp/task_real_struc_002b_film_variant_search/20260516_104031/per_sample_metrics.csv
T08_ref3_plus_ReMiCNet_R04,ref3 + ReMiC-Net R04,0,point_cluster_test_0001,point_cluster,1.0096751815020404,31.629351359487764,0.5730402895748776,0.0020164577290415764,0.34051979902142193,0.0019668780005304143,0.34051979902142193,/home/superws/2026_Projects/Codex_reference_plane_real/exp/task_real_struc_002b_film_variant_search/20260516_104031/per_sample_metrics.csv
T08_ref3_plus_ReMiCNet_R04,ref3 + ReMiC-Net R04,0,point_cluster_test_0002,point_cluster,1.0722723574541424,35.30258748869556,0.7510830986184036,0.001331509556621313,0.19495460897451267,0.0019639169913716614,0.19495460897451267,/home/superws/2026_Projects/Codex_reference_plane_real/exp/task_real_struc_002b_film_variant_search/20260516_104031/per_sample_metrics.csv
T08_ref3_plus_ReMiCNet_R04,ref3 + ReMiC-Net R04,0,point_cluster_test_0003,point_cluster,1.0823990192860373,35.520216977423836,0.7600103544968164,0.001236387644894421,0.2925254940055311,0.0019877339946106076,0.2925254940055311,/home/superws/2026_Projects/Codex_reference_plane_real/exp/task_real_struc_002b_film_variant_search/20260516_104031/per_sample_metrics.csv
T08_ref3_plus_ReMiCNet_R04,ref3 + ReMiC-Net R04,0,point_cluster_test_0004,point_cluster,1.011576882613258,31.368400486994517,0.5580660901125623,0.002150503220036626,0.29011295302188955,0.0018986320064868778,0.29011295302188955,/home/superws/2026_Projects/Codex_reference_plane_real/exp/task_real_struc_002b_film_variant_search/20260516_104031/per_sample_metrics.csv
T08_ref3_plus_ReMiCNet_R04,ref3 + ReMiC-Net R04,0,point_cluster_test_0005,point_cluster,1.0266846527742903,31.25158077418675,0.547585341056843,0.002067785942927003,0.21866783696168568,0.001911259998450987,0.21866783696168568,/home/superws/2026_Projects/Codex_reference_plane_real/exp/task_real_struc_002b_film_variant_search/20260516_104031/per_sample_metrics.csv
T08_ref3_plus_ReMiCNet_R04,ref3 + ReMiC-Net R04,0,point_cluster_test_0006,point_cluster,1.0830691995119481,34.7214187878305,0.7547651167658722,0.0012653219746425748,0.45260942696768325,0.001914995998959057,0.45260942696768325,/home/superws/2026_Projects/Codex_reference_plane_real/exp/task_real_struc_002b_film_variant_search/20260516_104031/per_sample_metrics.csv
T08_ref3_plus_ReMiCNet_R04,ref3 + ReMiC-Net R04,0,point_cluster_test_0007,point_cluster,1.1076632010501322,35.16403556066136,0.7710355042709297,0.001349998521618545,0.21714462303498294,0.0018892660009441897,0.21714462303498294,/home/superws/2026_Projects/Codex_reference_plane_real/exp/task_real_struc_002b_film_variant_search/20260516_104031/per_sample_metrics.csv
T08_ref3_plus_ReMiCNet_R04,ref3 + ReMiC-Net R04,0,point_cluster_test_0008,point_cluster,1.0645077181309424,34.478553375659295,0.7146376683244329,0.001488015754148364,0.2146359409816796,0.001957507003680803,0.2146359409816796,/home/superws/2026_Projects/Codex_reference_plane_real/exp/task_real_struc_002b_film_variant_search/20260516_104031/per_sample_metrics.csv
T08_ref3_plus_ReMiCNet_R04,ref3 + ReMiC-Net R04,0,point_cluster_test_0009,point_cluster,1.0494690373276176,35.869719230918214,0.8175054997506674,0.0010163001716136932,0.2931237970042275,0.0019519300112733617,0.2931237970042275,/home/superws/2026_Projects/Codex_reference_plane_real/exp/task_real_struc_002b_film_variant_search/20260516_104031/per_sample_metrics.csv
T08_ref3_plus_ReMiCNet_R04,ref3 + ReMiC-Net R04,0,point_cluster_test_0010,point_cluster,1.0139957742763772,31.222289752535218,0.547366743290283,0.002120658755302429,0.3388365999708185,0.001912196006742306,0.3388365999708185,/home/superws/2026_Projects/Codex_reference_plane_real/exp/task_real_struc_002b_film_variant_search/20260516_104031/per_sample_metrics.csv
T08_ref3_plus_ReMiCNet_R04,ref3 + ReMiC-Net R04,0,point_cluster_test_0011,point_cluster,1.1304387098149313,34.37457825575989,0.7061387142161771,0.001763880718499422,0.2278509959578514,0.0018938099965453148,0.2278509959578514,/home/superws/2026_Projects/Codex_reference_plane_real/exp/task_real_struc_002b_film_variant_search/20260516_104031/per_sample_metrics.csv
T08_ref3_plus_ReMiCNet_R04,ref3 + ReMiC-Net R04,0,point_cluster_test_0012,point_cluster,1.0594158356282617,33.404081935787616,0.6636416701937022,0.0017177609261125326,0.2623666789586423,0.001918314999784343,0.2623666789586423,/home/superws/2026_Projects/Codex_reference_plane_real/exp/task_real_struc_002b_film_variant_search/20260516_104031/per_sample_metrics.csv
T08_ref3_plus_ReMiCNet_R04,ref3 + ReMiC-Net R04,0,point_cluster_test_0013,point_cluster,1.0827486633454289,32.015340135002006,0.5843864448394116,0.0024496305268257856,0.3091127899970161,0.001990069999010302,0.3091127899970161,/home/superws/2026_Projects/Codex_reference_plane_real/exp/task_real_struc_002b_film_variant_search/20260516_104031/per_sample_metrics.csv
T08_ref3_plus_ReMiCNet_R04,ref3 + ReMiC-Net R04,0,point_cluster_test_0014,point_cluster,1.067948322471575,33.976251541487336,0.6903561851528756,0.0013109801802784204,0.20567485797801055,0.001913854997837916,0.20567485797801055,/home/superws/2026_Projects/Codex_reference_plane_real/exp/task_real_struc_002b_film_variant_search/20260516_104031/per_sample_metrics.csv
T08_ref3_plus_ReMiCNet_R04,ref3 + ReMiC-Net R04,0,point_cluster_test_0015,point_cluster,1.09705143054969,33.9935147187886,0.6906523128211077,0.0015371277695521712,0.2620689619652694,0.0018869929917855188,0.2620689619652694,/home/superws/2026_Projects/Codex_reference_plane_real/exp/task_real_struc_002b_film_variant_search/20260516_104031/per_sample_metrics.csv
T08_ref3_plus_ReMiCNet_R04,ref3 + ReMiC-Net R04,0,point_cluster_test_0016,point_cluster,1.0176691762212993,31.80263060742447,0.6101651699100061,0.001873160945251584,0.3920523169945227,0.0019188739970559254,0.3920523169945227,/home/superws/2026_Projects/Codex_reference_plane_real/exp/task_real_struc_002b_film_variant_search/20260516_104031/per_sample_metrics.csv
T08_ref3_plus_ReMiCNet_R04,ref3 + ReMiC-Net R04,0,point_cluster_test_0017,point_cluster,1.1501730408610686,35.53907688257722,0.8383118637951913,0.0011667021317407489,0.18585032598639373,0.001906887991935946,0.18585032598639373,/home/superws/2026_Projects/Codex_reference_plane_real/exp/task_real_struc_002b_film_variant_search/20260516_104031/per_sample_metrics.csv
T08_ref3_plus_ReMiCNet_R04,ref3 + ReMiC-Net R04,0,point_cluster_test_0018,point_cluster,1.1248117228080825,35.22484551626233,0.7666697697171099,0.0014631855301558971,0.2860503980482463,0.0018921169976238161,0.2860503980482463,/home/superws/2026_Projects/Codex_reference_plane_real/exp/task_real_struc_002b_film_variant_search/20260516_104031/per_sample_metrics.csv
T08_ref3_plus_ReMiCNet_R04,ref3 + ReMiC-Net R04,0,point_cluster_test_0019,point_cluster,1.0422418317000617,34.71419148984503,0.7266202329948233,0.0011141343275085092,0.4100197080115322,0.0019683220016304404,0.4100197080115322,/home/superws/2026_Projects/Codex_reference_plane_real/exp/task_real_struc_002b_film_variant_search/20260516_104031/per_sample_metrics.csv
T08_ref3_plus_ReMiCNet_R04,ref3 + ReMiC-Net R04,1,line_test_0000,line,0.9842142825923624,30.91011717309702,0.526356287406186,0.0011898481752723455,0.34354010502283927,0.0018986500072060153,0.34354010502283927,/home/superws/2026_Projects/Codex_reference_plane_real/exp/task_real_struc_002b_film_variant_search/20260516_104031/per_sample_metrics.csv
T08_ref3_plus_ReMiCNet_R04,ref3 + ReMiC-Net R04,1,line_test_0001,line,0.980193384752942,25.9971067293446,0.2599796178438794,0.003352964296936989,0.45608711399836466,0.0019882500055246055,0.45608711399836466,/home/superws/2026_Projects/Codex_reference_plane_real/exp/task_real_struc_002b_film_variant_search/20260516_104031/per_sample_metrics.csv
T08_ref3_plus_ReMiCNet_R04,ref3 + ReMiC-Net R04,1,line_test_0002,line,0.9783713660068561,30.297262833056987,0.49420747417817384,0.0014739884063601494,0.2189492150064325,0.0019224629941163585,0.2189492150064325,/home/superws/2026_Projects/Codex_reference_plane_real/exp/task_real_struc_002b_film_variant_search/20260516_104031/per_sample_metrics.csv
T08_ref3_plus_ReMiCNet_R04,ref3 + ReMiC-Net R04,1,line_test_0003,line,0.9844948105651936,33.9789808968398,0.6954034472712755,0.0008251752587966621,0.3323619800066808,0.001939538007718511,0.3323619800066808,/home/superws/2026_Projects/Codex_reference_plane_real/exp/task_real_struc_002b_film_variant_search/20260516_104031/per_sample_metrics.csv
T08_ref3_plus_ReMiCNet_R04,ref3 + ReMiC-Net R04,1,line_test_0004,line,0.9887651771708219,36.687475061770634,0.8080473466418444,0.0004096315533388406,0.24429117499676067,0.0019116629991913214,0.24429117499676067,/home/superws/2026_Projects/Codex_reference_plane_real/exp/task_real_struc_002b_film_variant_search/20260516_104031/per_sample_metrics.csv
T08_ref3_plus_ReMiCNet_R04,ref3 + ReMiC-Net R04,1,line_test_0005,line,0.9861793495724315,32.477451653270116,0.615276240821094,0.0008143306476995349,0.2423906750191236,0.0019241660047555342,0.2423906750191236,/home/superws/2026_Projects/Codex_reference_plane_real/exp/task_real_struc_002b_film_variant_search/20260516_104031/per_sample_metrics.csv
T08_ref3_plus_ReMiCNet_R04,ref3 + ReMiC-Net R04,1,line_test_0006,line,0.9896367736518795,31.644282902045585,0.5699981093004827,0.0010101540246978402,0.4936587389674969,0.001918938010931015,0.4936587389674969,/home/superws/2026_Projects/Codex_reference_plane_real/exp/task_real_struc_002b_film_variant_search/20260516_104031/per_sample_metrics.csv
T08_ref3_plus_ReMiCNet_R04,ref3 + ReMiC-Net R04,1,line_test_0007,line,0.9785005966425152,29.883291224555787,0.4797248994413285,0.0013820333406329155,0.47056178603088483,0.001946364005561918,0.47056178603088483,/home/superws/2026_Projects/Codex_reference_plane_real/exp/task_real_struc_002b_film_variant_search/20260516_104031/per_sample_metrics.csv
T08_ref3_plus_ReMiCNet_R04,ref3 + ReMiC-Net R04,1,line_test_0008,line,0.9860552237805045,25.88173352160236,0.2509358410045102,0.003064611693844199,0.2922448419703869,0.0019553199963411316,0.2922448419703869,/home/superws/2026_Projects/Codex_reference_plane_real/exp/task_real_struc_002b_film_variant_search/20260516_104031/per_sample_metrics.csv
T08_ref3_plus_ReMiCNet_R04,ref3 + ReMiC-Net R04,1,line_test_0009,line,0.9824414885103413,30.283752851247293,0.49190553629440076,0.0013018494937568903,0.4158334490493871,0.0019456750014796853,0.4158334490493871,/home/superws/2026_Projects/Codex_reference_plane_real/exp/task_real_struc_002b_film_variant_search/20260516_104031/per_sample_metrics.csv
T08_ref3_plus_ReMiCNet_R04,ref3 + ReMiC-Net R04,1,line_test_0010,line,0.9827111007593784,32.49541688399121,0.6166847495422891,0.0008705338113941252,0.5112769140541786,0.001973063001059927,0.5112769140541786,/home/superws/2026_Projects/Codex_reference_plane_real/exp/task_real_struc_002b_film_variant_search/20260516_104031/per_sample_metrics.csv
T08_ref3_plus_ReMiCNet_R04,ref3 + ReMiC-Net R04,1,line_test_0011,line,0.9933942068686878,27.775673175437696,0.34638359558894116,0.002139585791155696,0.30439347799983807,0.0019225610012654215,0.30439347799983807,/home/superws/2026_Projects/Codex_reference_plane_real/exp/task_real_struc_002b_film_variant_search/20260516_104031/per_sample_metrics.csv
T08_ref3_plus_ReMiCNet_R04,ref3 + ReMiC-Net R04,1,line_test_0012,line,0.9822261583011789,29.75980447119195,0.46175649433863536,0.001438741572201252,0.4271007760253269,0.0019202149996999651,0.4271007760253269,/home/superws/2026_Projects/Codex_reference_plane_real/exp/task_real_struc_002b_film_variant_search/20260516_104031/per_sample_metrics.csv
T08_ref3_plus_ReMiCNet_R04,ref3 + ReMiC-Net R04,1,line_test_0013,line,0.9751467304365645,27.123035773190825,0.3365956845706021,0.0023473023902624846,0.2927509829751216,0.001991914992686361,0.2927509829751216,/home/superws/2026_Projects/Codex_reference_plane_real/exp/task_real_struc_002b_film_variant_search/20260516_104031/per_sample_metrics.csv
T08_ref3_plus_ReMiCNet_R04,ref3 + ReMiC-Net R04,1,line_test_0014,line,0.9899414013228387,34.873866031987966,0.7348730189300364,0.0005287495441734791,0.21880301897181198,0.0019590689917095006,0.21880301897181198,/home/superws/2026_Projects/Codex_reference_plane_real/exp/task_real_struc_002b_film_variant_search/20260516_104031/per_sample_metrics.csv
T08_ref3_plus_ReMiCNet_R04,ref3 + ReMiC-Net R04,1,line_test_0015,line,0.9872298469472478,35.44491310028454,0.7603558720837869,0.0005327753606252372,0.19864136101386975,0.0019112719892291352,0.19864136101386975,/home/superws/2026_Projects/Codex_reference_plane_real/exp/task_real_struc_002b_film_variant_search/20260516_104031/per_sample_metrics.csv
T08_ref3_plus_ReMiCNet_R04,ref3 + ReMiC-Net R04,1,line_test_0016,line,0.974994989656799,28.3129866967555,0.3818682437970712,0.0020653405226767063,0.29140854098659474,0.001990292003029026,0.29140854098659474,/home/superws/2026_Projects/Codex_reference_plane_real/exp/task_real_struc_002b_film_variant_search/20260516_104031/per_sample_metrics.csv
T08_ref3_plus_ReMiCNet_R04,ref3 + ReMiC-Net R04,1,line_test_0017,line,1.0585365559278486,31.847944278270283,0.5797443866721183,0.0009604163933545351,0.18380759897991084,0.0019617789948824793,0.18380759897991084,/home/superws/2026_Projects/Codex_reference_plane_real/exp/task_real_struc_002b_film_variant_search/20260516_104031/per_sample_metrics.csv
T08_ref3_plus_ReMiCNet_R04,ref3 + ReMiC-Net R04,1,line_test_0018,line,0.9810335131012391,29.451765065248363,0.443213359617741,0.0016262064455077052,0.25187061000906397,0.0019054419972235337,0.25187061000906397,/home/superws/2026_Projects/Codex_reference_plane_real/exp/task_real_struc_002b_film_variant_search/20260516_104031/per_sample_metrics.csv
T08_ref3_plus_ReMiCNet_R04,ref3 + ReMiC-Net R04,1,line_test_0019,line,0.9778332130660455,29.3984410535399,0.44817645375878473,0.0014904742129147053,0.22710570797789842,0.0019265830051153898,0.22710570797789842,/home/superws/2026_Projects/Codex_reference_plane_real/exp/task_real_struc_002b_film_variant_search/20260516_104031/per_sample_metrics.csv
T08_ref3_plus_ReMiCNet_R04,ref3 + ReMiC-Net R04,1,cross_test_0000,cross,0.9754531318756741,32.288300495482645,0.6081180818049611,0.001141009503044188,0.21915045601781458,0.0019147919956594706,0.21915045601781458,/home/superws/2026_Projects/Codex_reference_plane_real/exp/task_real_struc_002b_film_variant_search/20260516_104031/per_sample_metrics.csv
T08_ref3_plus_ReMiCNet_R04,ref3 + ReMiC-Net R04,1,cross_test_0001,cross,0.9820503847917623,26.57933629531758,0.2844041570597808,0.0030040836427360773,0.3116122419742169,0.0019011889962712303,0.3116122419742169,/home/superws/2026_Projects/Codex_reference_plane_real/exp/task_real_struc_002b_film_variant_search/20260516_104031/per_sample_metrics.csv
T08_ref3_plus_ReMiCNet_R04,ref3 + ReMiC-Net R04,1,cross_test_0002,cross,0.9904194274001151,30.406796796619417,0.4978968405257611,0.0012580796610563993,0.23346186298294924,0.002172053005779162,0.23346186298294924,/home/superws/2026_Projects/Codex_reference_plane_real/exp/task_real_struc_002b_film_variant_search/20260516_104031/per_sample_metrics.csv
T08_ref3_plus_ReMiCNet_R04,ref3 + ReMiC-Net R04,1,cross_test_0003,cross,0.9826307017334327,27.708997466764856,0.3459383642902179,0.00239410693757236,0.3585475460276939,0.0020925640128552914,0.3585475460276939,/home/superws/2026_Projects/Codex_reference_plane_real/exp/task_real_struc_002b_film_variant_search/20260516_104031/per_sample_metrics.csv
T08_ref3_plus_ReMiCNet_R04,ref3 + ReMiC-Net R04,1,cross_test_0004,cross,0.9811523197968999,27.948324875217597,0.35796168873044726,0.0022924880031496286,0.31485346001863945,0.0018909530044766143,0.31485346001863945,/home/superws/2026_Projects/Codex_reference_plane_real/exp/task_real_struc_002b_film_variant_search/20260516_104031/per_sample_metrics.csv
T08_ref3_plus_ReMiCNet_R04,ref3 + ReMiC-Net R04,1,cross_test_0005,cross,0.9826183916677907,31.240863104552968,0.5481360868602634,0.0013356658164411783,0.2561001790163573,0.0019198530062567443,0.2561001790163573,/home/superws/2026_Projects/Codex_reference_plane_real/exp/task_real_struc_002b_film_variant_search/20260516_104031/per_sample_metrics.csv
T08_ref3_plus_ReMiCNet_R04,ref3 + ReMiC-Net R04,1,cross_test_0006,cross,0.9803717642033977,28.806334770480106,0.4055578818406383,0.001712443889118731,0.25011897199146915,0.0019047809910262004,0.25011897199146915,/home/superws/2026_Projects/Codex_reference_plane_real/exp/task_real_struc_002b_film_variant_search/20260516_104031/per_sample_metrics.csv
T08_ref3_plus_ReMiCNet_R04,ref3 + ReMiC-Net R04,1,cross_test_0007,cross,0.9877146337956674,33.985009494689955,0.6932670369275278,0.0006702773971483111,0.2618747640226502,0.0019528720004018396,0.2618747640226502,/home/superws/2026_Projects/Codex_reference_plane_real/exp/task_real_struc_002b_film_variant_search/20260516_104031/per_sample_metrics.csv
T08_ref3_plus_ReMiCNet_R04,ref3 + ReMiC-Net R04,1,cross_test_0008,cross,0.9723936332307652,28.087613037444477,0.3726152041967703,0.002406420186161995,0.2402657509665005,0.0019127790001221001,0.2402657509665005,/home/superws/2026_Projects/Codex_reference_plane_real/exp/task_real_struc_002b_film_variant_search/20260516_104031/per_sample_metrics.csv
T08_ref3_plus_ReMiCNet_R04,ref3 + ReMiC-Net R04,1,cross_test_0009,cross,0.9865757920566472,32.93829489172017,0.640559706432408,0.0007513574091717601,0.24848806000954937,0.0019706809980561957,0.24848806000954937,/home/superws/2026_Projects/Codex_reference_plane_real/exp/task_real_struc_002b_film_variant_search/20260516_104031/per_sample_metrics.csv
T08_ref3_plus_ReMiCNet_R04,ref3 + ReMiC-Net R04,1,cross_test_0010,cross,0.976259402915635,32.15186425770942,0.5995306152017563,0.0010229621548205614,0.491336565988604,0.0019680190016515553,0.491336565988604,/home/superws/2026_Projects/Codex_reference_plane_real/exp/task_real_struc_002b_film_variant_search/20260516_104031/per_sample_metrics.csv
T08_ref3_plus_ReMiCNet_R04,ref3 + ReMiC-Net R04,1,cross_test_0011,cross,0.9717479752307583,27.43862269066099,0.33920598295667603,0.0027588645461946726,0.2490237790188985,0.0019017390004592016,0.2490237790188985,/home/superws/2026_Projects/Codex_reference_plane_real/exp/task_real_struc_002b_film_variant_search/20260516_104031/per_sample_metrics.csv
T08_ref3_plus_ReMiCNet_R04,ref3 + ReMiC-Net R04,1,cross_test_0012,cross,0.9705317753737797,31.796505436090207,0.5809524134993519,0.0010382399195805192,0.3031594670173945,0.0019063030049437657,0.3031594670173945,/home/superws/2026_Projects/Codex_reference_plane_real/exp/task_real_struc_002b_film_variant_search/20260516_104031/per_sample_metrics.csv
T08_ref3_plus_ReMiCNet_R04,ref3 + ReMiC-Net R04,1,cross_test_0013,cross,0.9772865971004296,31.762021147956013,0.5794473093136323,0.0012451809598132968,0.4941590219823411,0.0019012639968423173,0.4941590219823411,/home/superws/2026_Projects/Codex_reference_plane_real/exp/task_real_struc_002b_film_variant_search/20260516_104031/per_sample_metrics.csv
T08_ref3_plus_ReMiCNet_R04,ref3 + ReMiC-Net R04,1,cross_test_0014,cross,0.9829431683962975,27.778240169103547,0.3492941163824358,0.002051417948678136,0.20861610400606878,0.0019624670094344765,0.20861610400606878,/home/superws/2026_Projects/Codex_reference_plane_real/exp/task_real_struc_002b_film_variant_search/20260516_104031/per_sample_metrics.csv
T08_ref3_plus_ReMiCNet_R04,ref3 + ReMiC-Net R04,1,L_shape_test_0000,L-shape,0.9826545018628213,26.248165776041606,0.273504493289076,0.0032075403723865747,0.28797463605587836,0.0019358940044185147,0.28797463605587836,/home/superws/2026_Projects/Codex_reference_plane_real/exp/task_real_struc_002b_film_variant_search/20260516_104031/per_sample_metrics.csv
T08_ref3_plus_ReMiCNet_R04,ref3 + ReMiC-Net R04,1,L_shape_test_0001,L-shape,0.9784408778524929,27.75810772319465,0.34967764969692555,0.0021428095642477274,0.4163396079966333,0.0019082340004388243,0.4163396079966333,/home/superws/2026_Projects/Codex_reference_plane_real/exp/task_real_struc_002b_film_variant_search/20260516_104031/per_sample_metrics.csv
T08_ref3_plus_ReMiCNet_R04,ref3 + ReMiC-Net R04,1,L_shape_test_0002,L-shape,0.9715273113781198,27.40637063361223,0.33572359635636867,0.0026394922751933336,0.26736163794703316,0.0019684579892782494,0.26736163794703316,/home/superws/2026_Projects/Codex_reference_plane_real/exp/task_real_struc_002b_film_variant_search/20260516_104031/per_sample_metrics.csv
T08_ref3_plus_ReMiCNet_R04,ref3 + ReMiC-Net R04,1,L_shape_test_0003,L-shape,0.9806931815455551,27.572967355031576,0.33780792302562407,0.002496897242963314,0.28928623597312253,0.001913316998980008,0.28928623597312253,/home/superws/2026_Projects/Codex_reference_plane_real/exp/task_real_struc_002b_film_variant_search/20260516_104031/per_sample_metrics.csv
T08_ref3_plus_ReMiCNet_R04,ref3 + ReMiC-Net R04,1,L_shape_test_0004,L-shape,0.9844536560096315,25.848432010187203,0.2495380736450924,0.0034812921658158302,0.6771412310190499,0.0019232589984312654,0.6771412310190499,/home/superws/2026_Projects/Codex_reference_plane_real/exp/task_real_struc_002b_film_variant_search/20260516_104031/per_sample_metrics.csv
T08_ref3_plus_ReMiCNet_R04,ref3 + ReMiC-Net R04,1,L_shape_test_0005,L-shape,0.9849030324332209,27.205784686040253,0.3187101616705795,0.0025197742506861687,0.2612865489645628,0.0019765900069614872,0.2612865489645628,/home/superws/2026_Projects/Codex_reference_plane_real/exp/task_real_struc_002b_film_variant_search/20260516_104031/per_sample_metrics.csv
T08_ref3_plus_ReMiCNet_R04,ref3 + ReMiC-Net R04,1,L_shape_test_0006,L-shape,0.9854910645881756,31.224553669760397,0.5448305270116446,0.0011087220627814531,0.24346915000933222,0.0018958250002469867,0.24346915000933222,/home/superws/2026_Projects/Codex_reference_plane_real/exp/task_real_struc_002b_film_variant_search/20260516_104031/per_sample_metrics.csv
T08_ref3_plus_ReMiCNet_R04,ref3 + ReMiC-Net R04,1,L_shape_test_0007,L-shape,0.9794895459521199,27.08952352765573,0.3128738696896842,0.002783257747069001,0.31264157200348563,0.0019124649988953024,0.31264157200348563,/home/superws/2026_Projects/Codex_reference_plane_real/exp/task_real_struc_002b_film_variant_search/20260516_104031/per_sample_metrics.csv
T08_ref3_plus_ReMiCNet_R04,ref3 + ReMiC-Net R04,1,L_shape_test_0008,L-shape,0.9870082660958456,30.53120067132111,0.5050390688727524,0.00126529554836452,0.22584817200549878,0.001960594003321603,0.22584817200549878,/home/superws/2026_Projects/Codex_reference_plane_real/exp/task_real_struc_002b_film_variant_search/20260516_104031/per_sample_metrics.csv
T08_ref3_plus_ReMiCNet_R04,ref3 + ReMiC-Net R04,1,L_shape_test_0009,L-shape,0.9700160403623985,26.535450731252176,0.29102537915477755,0.0031534091103821993,0.5847121480037458,0.0019118890049867332,0.5847121480037458,/home/superws/2026_Projects/Codex_reference_plane_real/exp/task_real_struc_002b_film_variant_search/20260516_104031/per_sample_metrics.csv
T08_ref3_plus_ReMiCNet_R04,ref3 + ReMiC-Net R04,1,L_shape_test_0010,L-shape,0.9811570653494973,30.68506677124409,0.5159447038687136,0.0012604257790371776,0.3142775060259737,0.0019138900097459555,0.3142775060259737,/home/superws/2026_Projects/Codex_reference_plane_real/exp/task_real_struc_002b_film_variant_search/20260516_104031/per_sample_metrics.csv
T08_ref3_plus_ReMiCNet_R04,ref3 + ReMiC-Net R04,1,L_shape_test_0011,L-shape,0.9914089894299556,33.417315242369,0.6644156432375926,0.0007293486269190907,0.2106779600289883,0.00199976000294555,0.2106779600289883,/home/superws/2026_Projects/Codex_reference_plane_real/exp/task_real_struc_002b_film_variant_search/20260516_104031/per_sample_metrics.csv
T08_ref3_plus_ReMiCNet_R04,ref3 + ReMiC-Net R04,1,L_shape_test_0012,L-shape,0.9865556005488956,26.81712319711246,0.2963373429507408,0.0027238966431468725,0.45061217999318615,0.0019272119970992208,0.45061217999318615,/home/superws/2026_Projects/Codex_reference_plane_real/exp/task_real_struc_002b_film_variant_search/20260516_104031/per_sample_metrics.csv
T08_ref3_plus_ReMiCNet_R04,ref3 + ReMiC-Net R04,1,L_shape_test_0013,L-shape,0.9860506370117635,27.32320114016225,0.3219543929735391,0.002642239211127162,0.42706113496387843,0.0019184409902663901,0.42706113496387843,/home/superws/2026_Projects/Codex_reference_plane_real/exp/task_real_struc_002b_film_variant_search/20260516_104031/per_sample_metrics.csv
T08_ref3_plus_ReMiCNet_R04,ref3 + ReMiC-Net R04,1,L_shape_test_0014,L-shape,0.9915787204527651,32.229526015578415,0.6005984022643209,0.0009550916729494929,0.23175314802210778,0.0019079920020885766,0.23175314802210778,/home/superws/2026_Projects/Codex_reference_plane_real/exp/task_real_struc_002b_film_variant_search/20260516_104031/per_sample_metrics.csv
T08_ref3_plus_ReMiCNet_R04,ref3 + ReMiC-Net R04,1,L_shape_test_0015,L-shape,0.9793817672198571,25.956103478304705,0.2583910207436695,0.003264153376221657,0.3357124519534409,0.0019041119958274066,0.3357124519534409,/home/superws/2026_Projects/Codex_reference_plane_real/exp/task_real_struc_002b_film_variant_search/20260516_104031/per_sample_metrics.csv
T08_ref3_plus_ReMiCNet_R04,ref3 + ReMiC-Net R04,1,L_shape_test_0016,L-shape,0.9857398826843332,27.473130507991872,0.33027458600833254,0.0025336910039186478,0.3775790370127652,0.001891955005703494,0.3775790370127652,/home/superws/2026_Projects/Codex_reference_plane_real/exp/task_real_struc_002b_film_variant_search/20260516_104031/per_sample_metrics.csv
T08_ref3_plus_ReMiCNet_R04,ref3 + ReMiC-Net R04,1,L_shape_test_0017,L-shape,0.9800761345281601,26.387523300664878,0.2782464902585974,0.0031387386843562126,0.35280863696243614,0.0019666070002131164,0.35280863696243614,/home/superws/2026_Projects/Codex_reference_plane_real/exp/task_real_struc_002b_film_variant_search/20260516_104031/per_sample_metrics.csv
T08_ref3_plus_ReMiCNet_R04,ref3 + ReMiC-Net R04,1,L_shape_test_0018,L-shape,0.9846240521807668,26.26694924643944,0.2668741428843204,0.0031980457715690136,0.47368338600790594,0.0019492120045470074,0.47368338600790594,/home/superws/2026_Projects/Codex_reference_plane_real/exp/task_real_struc_002b_film_variant_search/20260516_104031/per_sample_metrics.csv
T08_ref3_plus_ReMiCNet_R04,ref3 + ReMiC-Net R04,1,L_shape_test_0019,L-shape,0.9829131750420805,33.40485672630015,0.6654796102962482,0.0008056705119088292,0.39378163997025695,0.001940664995345287,0.39378163997025695,/home/superws/2026_Projects/Codex_reference_plane_real/exp/task_real_struc_002b_film_variant_search/20260516_104031/per_sample_metrics.csv
T08_ref3_plus_ReMiCNet_R04,ref3 + ReMiC-Net R04,1,double_line_test_0000,double-line,0.9842084083977978,26.301695988534284,0.27120801943045625,0.002888505579903722,0.2558687300333986,0.001928864003275521,0.2558687300333986,/home/superws/2026_Projects/Codex_reference_plane_real/exp/task_real_struc_002b_film_variant_search/20260516_104031/per_sample_metrics.csv
T08_ref3_plus_ReMiCNet_R04,ref3 + ReMiC-Net R04,1,double_line_test_0001,double-line,0.988091174796185,26.689140357752656,0.2951427638612079,0.0032250359654426575,0.43110657794750296,0.0019646759901661426,0.43110657794750296,/home/superws/2026_Projects/Codex_reference_plane_real/exp/task_real_struc_002b_film_variant_search/20260516_104031/per_sample_metrics.csv
T08_ref3_plus_ReMiCNet_R04,ref3 + ReMiC-Net R04,1,double_line_test_0002,double-line,0.9998994535381557,31.24626763947439,0.5441685607541094,0.0011603665770962834,0.22347164098755457,0.0019162849930580705,0.22347164098755457,/home/superws/2026_Projects/Codex_reference_plane_real/exp/task_real_struc_002b_film_variant_search/20260516_104031/per_sample_metrics.csv
T08_ref3_plus_ReMiCNet_R04,ref3 + ReMiC-Net R04,1,double_line_test_0003,double-line,0.976388401722699,25.73106202942515,0.245849679945473,0.003807193599641323,0.3560957259760471,0.0019251619960414246,0.3560957259760471,/home/superws/2026_Projects/Codex_reference_plane_real/exp/task_real_struc_002b_film_variant_search/20260516_104031/per_sample_metrics.csv
T08_ref3_plus_ReMiCNet_R04,ref3 + ReMiC-Net R04,1,double_line_test_0004,double-line,0.9811371641007789,25.977826075940705,0.255116335989269,0.0035521630197763443,0.4048790100059705,0.0019812249956885353,0.4048790100059705,/home/superws/2026_Projects/Codex_reference_plane_real/exp/task_real_struc_002b_film_variant_search/20260516_104031/per_sample_metrics.csv
T08_ref3_plus_ReMiCNet_R04,ref3 + ReMiC-Net R04,1,double_line_test_0005,double-line,0.9999377930077955,25.994568140438687,0.2509727321505111,0.0032696945127099752,0.2801207919983426,0.0019785220065386966,0.2801207919983426,/home/superws/2026_Projects/Codex_reference_plane_real/exp/task_real_struc_002b_film_variant_search/20260516_104031/per_sample_metrics.csv
T08_ref3_plus_ReMiCNet_R04,ref3 + ReMiC-Net R04,1,double_line_test_0006,double-line,0.9712232792828156,25.429585416355213,0.24500987691157905,0.004046704154461622,0.4083493770012865,0.0019179060036549345,0.4083493770012865,/home/superws/2026_Projects/Codex_reference_plane_real/exp/task_real_struc_002b_film_variant_search/20260516_104031/per_sample_metrics.csv
T08_ref3_plus_ReMiCNet_R04,ref3 + ReMiC-Net R04,1,double_line_test_0007,double-line,0.9788213351792584,32.03537261592113,0.5931211001837277,0.0011481103720143437,0.267245175971766,0.0019674310024129227,0.267245175971766,/home/superws/2026_Projects/Codex_reference_plane_real/exp/task_real_struc_002b_film_variant_search/20260516_104031/per_sample_metrics.csv
T08_ref3_plus_ReMiCNet_R04,ref3 + ReMiC-Net R04,1,double_line_test_0008,double-line,0.9946724285386118,28.390693280669417,0.380469471673028,0.0020340948831290007,2.464374436021899,0.0019056130113312975,2.464374436021899,/home/superws/2026_Projects/Codex_reference_plane_real/exp/task_real_struc_002b_film_variant_search/20260516_104031/per_sample_metrics.csv
T08_ref3_plus_ReMiCNet_R04,ref3 + ReMiC-Net R04,1,double_line_test_0009,double-line,0.9778978880733988,28.06711699458999,0.3644478126513407,0.0022765081375837326,0.4945126639941009,0.001903890006360598,0.4945126639941009,/home/superws/2026_Projects/Codex_reference_plane_real/exp/task_real_struc_002b_film_variant_search/20260516_104031/per_sample_metrics.csv
T08_ref3_plus_ReMiCNet_R04,ref3 + ReMiC-Net R04,1,double_line_test_0010,double-line,0.9830037393080209,26.41499196956508,0.2770493537641507,0.0030167505610734224,0.42714965902268887,0.0019836139981634915,0.42714965902268887,/home/superws/2026_Projects/Codex_reference_plane_real/exp/task_real_struc_002b_film_variant_search/20260516_104031/per_sample_metrics.csv
T08_ref3_plus_ReMiCNet_R04,ref3 + ReMiC-Net R04,1,double_line_test_0011,double-line,0.9871116982395148,28.038535281743016,0.3593443544721462,0.0022679464891552925,0.28601197198440786,0.0019226409931434318,0.28601197198440786,/home/superws/2026_Projects/Codex_reference_plane_real/exp/task_real_struc_002b_film_variant_search/20260516_104031/per_sample_metrics.csv
T08_ref3_plus_ReMiCNet_R04,ref3 + ReMiC-Net R04,1,double_line_test_0012,double-line,0.9761497614398589,30.753610581306503,0.5186966369397984,0.0013386394130066037,0.4129961930011632,0.0019573739991756156,0.4129961930011632,/home/superws/2026_Projects/Codex_reference_plane_real/exp/task_real_struc_002b_film_variant_search/20260516_104031/per_sample_metrics.csv
T08_ref3_plus_ReMiCNet_R04,ref3 + ReMiC-Net R04,1,double_line_test_0013,double-line,0.9828715047816181,25.08743141906979,0.21360499264161575,0.004220877308398485,0.4002168719889596,0.0019131959998048842,0.4002168719889596,/home/superws/2026_Projects/Codex_reference_plane_real/exp/task_real_struc_002b_film_variant_search/20260516_104031/per_sample_metrics.csv
T08_ref3_plus_ReMiCNet_R04,ref3 + ReMiC-Net R04,1,double_line_test_0014,double-line,0.9842965475848482,25.846708256989924,0.252151758195794,0.0036406605504453182,0.30261844900087453,0.0019050030095968395,0.30261844900087453,/home/superws/2026_Projects/Codex_reference_plane_real/exp/task_real_struc_002b_film_variant_search/20260516_104031/per_sample_metrics.csv
T08_ref3_plus_ReMiCNet_R04,ref3 + ReMiC-Net R04,1,small_rect_edge_test_0000,small_rect_edge,0.9941268468211877,29.914450003647623,0.46947771324096327,0.0012913666432723403,0.17779696799698286,0.0018999949970748276,0.17779696799698286,/home/superws/2026_Projects/Codex_reference_plane_real/exp/task_real_struc_002b_film_variant_search/20260516_104031/per_sample_metrics.csv
T08_ref3_plus_ReMiCNet_R04,ref3 + ReMiC-Net R04,1,small_rect_edge_test_0001,small_rect_edge,0.9741156538845317,30.91106399502663,0.530241213617796,0.001222071936354041,0.21090331200684886,0.001955008992808871,0.21090331200684886,/home/superws/2026_Projects/Codex_reference_plane_real/exp/task_real_struc_002b_film_variant_search/20260516_104031/per_sample_metrics.csv
T08_ref3_plus_ReMiCNet_R04,ref3 + ReMiC-Net R04,1,small_rect_edge_test_0002,small_rect_edge,1.0014396508974752,27.71559104618889,0.3452877466040447,0.0021791313774883747,0.24988887400832027,0.001969242002815008,0.24988887400832027,/home/superws/2026_Projects/Codex_reference_plane_real/exp/task_real_struc_002b_film_variant_search/20260516_104031/per_sample_metrics.csv
T08_ref3_plus_ReMiCNet_R04,ref3 + ReMiC-Net R04,1,small_rect_edge_test_0003,small_rect_edge,0.976729202739074,30.61143691628624,0.512776938604168,0.0013606763677671552,0.25534465101372916,0.0019162210082868114,0.25534465101372916,/home/superws/2026_Projects/Codex_reference_plane_real/exp/task_real_struc_002b_film_variant_search/20260516_104031/per_sample_metrics.csv
T08_ref3_plus_ReMiCNet_R04,ref3 + ReMiC-Net R04,1,small_rect_edge_test_0004,small_rect_edge,0.9792678441469314,29.242342120318572,0.43751835396193867,0.001915500033646822,0.2730586300167488,0.0019721560092875734,0.2730586300167488,/home/superws/2026_Projects/Codex_reference_plane_real/exp/task_real_struc_002b_film_variant_search/20260516_104031/per_sample_metrics.csv
T08_ref3_plus_ReMiCNet_R04,ref3 + ReMiC-Net R04,1,small_rect_edge_test_0005,small_rect_edge,0.994899747545031,29.483924695899315,0.45473964891398616,0.0015363214770331979,0.2696718950464856,0.0019369549991097301,0.2696718950464856,/home/superws/2026_Projects/Codex_reference_plane_real/exp/task_real_struc_002b_film_variant_search/20260516_104031/per_sample_metrics.csv
T08_ref3_plus_ReMiCNet_R04,ref3 + ReMiC-Net R04,1,small_rect_edge_test_0006,small_rect_edge,0.9827467801113006,30.040755560901715,0.47773862738738576,0.0014314736472442746,0.25919078302104026,0.0019117500050924718,0.25919078302104026,/home/superws/2026_Projects/Codex_reference_plane_real/exp/task_real_struc_002b_film_variant_search/20260516_104031/per_sample_metrics.csv
T08_ref3_plus_ReMiCNet_R04,ref3 + ReMiC-Net R04,1,small_rect_edge_test_0007,small_rect_edge,0.994686381710848,29.100819633680803,0.41965449011700057,0.0016174212796613574,0.2365698110224912,0.002226708995294757,0.2365698110224912,/home/superws/2026_Projects/Codex_reference_plane_real/exp/task_real_struc_002b_film_variant_search/20260516_104031/per_sample_metrics.csv
T08_ref3_plus_ReMiCNet_R04,ref3 + ReMiC-Net R04,1,small_rect_edge_test_0008,small_rect_edge,0.99085297026131,28.462084745834137,0.3901537683650536,0.002024970715865493,0.25192468499881215,0.0019076619937550277,0.25192468499881215,/home/superws/2026_Projects/Codex_reference_plane_real/exp/task_real_struc_002b_film_variant_search/20260516_104031/per_sample_metrics.csv
T08_ref3_plus_ReMiCNet_R04,ref3 + ReMiC-Net R04,1,small_rect_edge_test_0009,small_rect_edge,0.9867366324671437,30.953800402177073,0.5297330974161332,0.0011915514478459954,0.22966092299611773,0.0019144399993820116,0.22966092299611773,/home/superws/2026_Projects/Codex_reference_plane_real/exp/task_real_struc_002b_film_variant_search/20260516_104031/per_sample_metrics.csv
T08_ref3_plus_ReMiCNet_R04,ref3 + ReMiC-Net R04,1,point_cluster_test_0000,point_cluster,0.9853854766115404,32.98226292026873,0.6905762875352097,0.0008046342991292477,0.3810665660421364,0.001965467003174126,0.3810665660421364,/home/superws/2026_Projects/Codex_reference_plane_real/exp/task_real_struc_002b_film_variant_search/20260516_104031/per_sample_metrics.csv
T08_ref3_plus_ReMiCNet_R04,ref3 + ReMiC-Net R04,1,point_cluster_test_0001,point_cluster,0.9844468289730955,31.73924569214759,0.5769344426974709,0.0013153781183063984,0.340453928016359,0.001901006995467469,0.340453928016359,/home/superws/2026_Projects/Codex_reference_plane_real/exp/task_real_struc_002b_film_variant_search/20260516_104031/per_sample_metrics.csv
T08_ref3_plus_ReMiCNet_R04,ref3 + ReMiC-Net R04,1,point_cluster_test_0002,point_cluster,1.008477782492582,35.56897526692006,0.7654118965797387,0.0006148679531179368,0.19500020398118068,0.0020095119980396703,0.19500020398118068,/home/superws/2026_Projects/Codex_reference_plane_real/exp/task_real_struc_002b_film_variant_search/20260516_104031/per_sample_metrics.csv
T08_ref3_plus_ReMiCNet_R04,ref3 + ReMiC-Net R04,1,point_cluster_test_0003,point_cluster,0.9861867875689049,35.924498877505464,0.7797911162598244,0.0005143377929925919,0.2924965670099482,0.001958806999027729,0.2924965670099482,/home/superws/2026_Projects/Codex_reference_plane_real/exp/task_real_struc_002b_film_variant_search/20260516_104031/per_sample_metrics.csv
T08_ref3_plus_ReMiCNet_R04,ref3 + ReMiC-Net R04,1,point_cluster_test_0004,point_cluster,0.9843053750890427,31.48709078588871,0.5625472715280447,0.0013313944218680263,0.29012431601586286,0.0019099950004601851,0.29012431601586286,/home/superws/2026_Projects/Codex_reference_plane_real/exp/task_real_struc_002b_film_variant_search/20260516_104031/per_sample_metrics.csv
T08_ref3_plus_ReMiCNet_R04,ref3 + ReMiC-Net R04,1,point_cluster_test_0005,point_cluster,0.9904253928011503,31.407733713197672,0.5561275501866909,0.001212600152939558,0.2186598929547472,0.0019033159915124997,0.2186598929547472,/home/superws/2026_Projects/Codex_reference_plane_real/exp/task_real_struc_002b_film_variant_search/20260516_104031/per_sample_metrics.csv
T08_ref3_plus_ReMiCNet_R04,ref3 + ReMiC-Net R04,1,point_cluster_test_0006,point_cluster,1.0034448702673389,35.05304584064695,0.7709289052649979,0.0005557955009862781,0.4525894369726302,0.001895006003906019,0.4525894369726302,/home/superws/2026_Projects/Codex_reference_plane_real/exp/task_real_struc_002b_film_variant_search/20260516_104031/per_sample_metrics.csv
T08_ref3_plus_ReMiCNet_R04,ref3 + ReMiC-Net R04,1,point_cluster_test_0007,point_cluster,0.9960829627047985,35.62515771953285,0.7936701423008877,0.0005505643202923238,0.21717181903659366,0.0019164620025549084,0.21717181903659366,/home/superws/2026_Projects/Codex_reference_plane_real/exp/task_real_struc_002b_film_variant_search/20260516_104031/per_sample_metrics.csv
T08_ref3_plus_ReMiCNet_R04,ref3 + ReMiC-Net R04,1,point_cluster_test_0008,point_cluster,0.9898090805175549,34.79452731162973,0.7320019861971191,0.0006634541205130517,0.21457275896682404,0.0018943249888252467,0.21457275896682404,/home/superws/2026_Projects/Codex_reference_plane_real/exp/task_real_struc_002b_film_variant_search/20260516_104031/per_sample_metrics.csv
T08_ref3_plus_ReMiCNet_R04,ref3 + ReMiC-Net R04,1,point_cluster_test_0009,point_cluster,0.9939426111816116,36.10580254801542,0.8264476735957605,0.0004409730318002403,0.29308192199096084,0.0019100549980066717,0.29308192199096084,/home/superws/2026_Projects/Codex_reference_plane_real/exp/task_real_struc_002b_film_variant_search/20260516_104031/per_sample_metrics.csv
T08_ref3_plus_ReMiCNet_R04,ref3 + ReMiC-Net R04,1,point_cluster_test_0010,point_cluster,0.989645726054562,31.327853642821935,0.5508055239518899,0.0012966764625161886,0.33890025597065687,0.0019758520065806806,0.33890025597065687,/home/superws/2026_Projects/Codex_reference_plane_real/exp/task_real_struc_002b_film_variant_search/20260516_104031/per_sample_metrics.csv
T08_ref3_plus_ReMiCNet_R04,ref3 + ReMiC-Net R04,1,point_cluster_test_0011,point_cluster,0.9861107611490302,34.96779129406809,0.7403705122918512,0.0006769339088350534,0.22790744896337856,0.001950263002072461,0.22790744896337856,/home/superws/2026_Projects/Codex_reference_plane_real/exp/task_real_struc_002b_film_variant_search/20260516_104031/per_sample_metrics.csv
T08_ref3_plus_ReMiCNet_R04,ref3 + ReMiC-Net R04,1,point_cluster_test_0012,point_cluster,0.9950190921196612,33.67643240178795,0.6783065675750063,0.0008115150267258286,0.2623516439634841,0.00190328000462614,0.2623516439634841,/home/superws/2026_Projects/Codex_reference_plane_real/exp/task_real_struc_002b_film_variant_search/20260516_104031/per_sample_metrics.csv
T08_ref3_plus_ReMiCNet_R04,ref3 + ReMiC-Net R04,1,point_cluster_test_0013,point_cluster,1.0068644470115236,32.3309066473471,0.6079865081160049,0.00136178033426404,0.30909565500041936,0.0019729350024135783,0.30909565500041936,/home/superws/2026_Projects/Codex_reference_plane_real/exp/task_real_struc_002b_film_variant_search/20260516_104031/per_sample_metrics.csv
T08_ref3_plus_ReMiCNet_R04,ref3 + ReMiC-Net R04,1,point_cluster_test_0014,point_cluster,0.9897184585526556,34.306637020600824,0.7093017944356759,0.000615396595094353,0.20571192298666574,0.0019509200064931065,0.20571192298666574,/home/superws/2026_Projects/Codex_reference_plane_real/exp/task_real_struc_002b_film_variant_search/20260516_104031/per_sample_metrics.csv
T08_ref3_plus_ReMiCNet_R04,ref3 + ReMiC-Net R04,1,point_cluster_test_0015,point_cluster,0.9792035631725079,34.48705499442,0.7193164719466308,0.0007095382898114622,0.2620871149847517,0.0019051460112677887,0.2620871149847517,/home/superws/2026_Projects/Codex_reference_plane_real/exp/task_real_struc_002b_film_variant_search/20260516_104031/per_sample_metrics.csv
T08_ref3_plus_ReMiCNet_R04,ref3 + ReMiC-Net R04,1,point_cluster_test_0016,point_cluster,0.9924448473675571,31.911633029383076,0.6142611437094544,0.001144827576354146,0.39211005199467763,0.0019766089972108603,0.39211005199467763,/home/superws/2026_Projects/Codex_reference_plane_real/exp/task_real_struc_002b_film_variant_search/20260516_104031/per_sample_metrics.csv
T08_ref3_plus_ReMiCNet_R04,ref3 + ReMiC-Net R04,1,point_cluster_test_0017,point_cluster,1.0398325491120748,35.97707453856234,0.8550328750507152,0.00046939984895288944,0.18589783000061288,0.0019543920061551034,0.18589783000061288,/home/superws/2026_Projects/Codex_reference_plane_real/exp/task_real_struc_002b_film_variant_search/20260516_104031/per_sample_metrics.csv
T08_ref3_plus_ReMiCNet_R04,ref3 + ReMiC-Net R04,1,point_cluster_test_0018,point_cluster,0.9924100553281856,35.76873244773712,0.7937023446559546,0.0005833260947838426,0.28607154604105745,0.0019132649904349819,0.28607154604105745,/home/superws/2026_Projects/Codex_reference_plane_real/exp/task_real_struc_002b_film_variant_search/20260516_104031/per_sample_metrics.csv
T08_ref3_plus_ReMiCNet_R04,ref3 + ReMiC-Net R04,1,point_cluster_test_0019,point_cluster,0.9894604850682497,34.93989179402258,0.738101919384228,0.0005594867980107665,0.4099303570110351,0.0018789710011333227,0.4099303570110351,/home/superws/2026_Projects/Codex_reference_plane_real/exp/task_real_struc_002b_film_variant_search/20260516_104031/per_sample_metrics.csv
T08_ref3_plus_ReMiCNet_R04,ref3 + ReMiC-Net R04,2,line_test_0000,line,0.9922243178265365,30.874914918564826,0.5227624232402339,0.0012465663021430373,0.3435586170235183,0.0019171620078850538,0.3435586170235183,/home/superws/2026_Projects/Codex_reference_plane_real/exp/task_real_struc_002b_film_variant_search/20260516_104031/per_sample_metrics.csv
T08_ref3_plus_ReMiCNet_R04,ref3 + ReMiC-Net R04,2,line_test_0001,line,0.995466926374661,25.92995611874297,0.24745959345436708,0.003290274180471897,0.4560392309940653,0.0019403670012252405,0.4560392309940653,/home/superws/2026_Projects/Codex_reference_plane_real/exp/task_real_struc_002b_film_variant_search/20260516_104031/per_sample_metrics.csv
T08_ref3_plus_ReMiCNet_R04,ref3 + ReMiC-Net R04,2,line_test_0002,line,0.993376737225924,30.231160444130623,0.4854931909656098,0.001439544023014605,0.2189929300075164,0.001966177995200269,0.2189929300075164,/home/superws/2026_Projects/Codex_reference_plane_real/exp/task_real_struc_002b_film_variant_search/20260516_104031/per_sample_metrics.csv
T08_ref3_plus_ReMiCNet_R04,ref3 + ReMiC-Net R04,2,line_test_0003,line,0.9949196892916294,33.93323496544002,0.6911089046985557,0.0008098644320853055,0.33231747800891753,0.00189503600995522,0.33231747800891753,/home/superws/2026_Projects/Codex_reference_plane_real/exp/task_real_struc_002b_film_variant_search/20260516_104031/per_sample_metrics.csv
T08_ref3_plus_ReMiCNet_R04,ref3 + ReMiC-Net R04,2,line_test_0004,line,0.9974890656125118,36.64932518695514,0.8063188167858916,0.00043914845446124673,0.24428232200443745,0.0019028100068680942,0.24428232200443745,/home/superws/2026_Projects/Codex_reference_plane_real/exp/task_real_struc_002b_film_variant_search/20260516_104031/per_sample_metrics.csv
T08_ref3_plus_ReMiCNet_R04,ref3 + ReMiC-Net R04,2,line_test_0005,line,0.9962763684767341,32.43321273448515,0.611238995176949,0.0008350302232429385,0.2423659340129234,0.0018994249985553324,0.2423659340129234,/home/superws/2026_Projects/Codex_reference_plane_real/exp/task_real_struc_002b_film_variant_search/20260516_104031/per_sample_metrics.csv
T08_ref3_plus_ReMiCNet_R04,ref3 + ReMiC-Net R04,2,line_test_0006,line,0.9951143793129222,31.620311431469275,0.5671090558849086,0.0010975685436278582,0.4936436789575964,0.0019038780010305345,0.4936436789575964,/home/superws/2026_Projects/Codex_reference_plane_real/exp/task_real_struc_002b_film_variant_search/20260516_104031/per_sample_metrics.csv
T08_ref3_plus_ReMiCNet_R04,ref3 + ReMiC-Net R04,2,line_test_0007,line,0.9949547460726119,29.81086928733753,0.4704532156808531,0.0013651209883391857,0.47057836603198666,0.001962944006663747,0.47057836603198666,/home/superws/2026_Projects/Codex_reference_plane_real/exp/task_real_struc_002b_film_variant_search/20260516_104031/per_sample_metrics.csv
T08_ref3_plus_ReMiCNet_R04,ref3 + ReMiC-Net R04,2,line_test_0008,line,0.9967871724714019,25.834721556561767,0.24247246657289942,0.003033889690414071,0.2921719269652385,0.0018824049911927432,0.2921719269652385,/home/superws/2026_Projects/Codex_reference_plane_real/exp/task_real_struc_002b_film_variant_search/20260516_104031/per_sample_metrics.csv
T08_ref3_plus_ReMiCNet_R04,ref3 + ReMiC-Net R04,2,line_test_0009,line,0.992792981428418,30.23823276375282,0.48610900472247914,0.0013056225143373013,0.41584709705784917,0.001959323009941727,0.41584709705784917,/home/superws/2026_Projects/Codex_reference_plane_real/exp/task_real_struc_002b_film_variant_search/20260516_104031/per_sample_metrics.csv
T08_ref3_plus_ReMiCNet_R04,ref3 + ReMiC-Net R04,2,line_test_0010,line,0.9922426361403218,32.45349650787967,0.6127654356929702,0.0009016317781060934,0.5112242490577046,0.001920398004585877,0.5112242490577046,/home/superws/2026_Projects/Codex_reference_plane_real/exp/task_real_struc_002b_film_variant_search/20260516_104031/per_sample_metrics.csv
T08_ref3_plus_ReMiCNet_R04,ref3 + ReMiC-Net R04,2,line_test_0011,line,0.9938215951305562,27.773805021214972,0.3444357223202885,0.0021111750975251198,0.3043812959949719,0.0019103789963992313,0.3043812959949719,/home/superws/2026_Projects/Codex_reference_plane_real/exp/task_real_struc_002b_film_variant_search/20260516_104031/per_sample_metrics.csv
T08_ref3_plus_ReMiCNet_R04,ref3 + ReMiC-Net R04,2,line_test_0012,line,0.9934898469720026,29.710285415271173,0.4557179793579017,0.001485526328906417,0.42707967101887334,0.001899109993246384,0.42707967101887334,/home/superws/2026_Projects/Codex_reference_plane_real/exp/task_real_struc_002b_film_variant_search/20260516_104031/per_sample_metrics.csv
T08_ref3_plus_ReMiCNet_R04,ref3 + ReMiC-Net R04,2,line_test_0013,line,0.9949747919547,27.035614693637267,0.323280850647918,0.002372730290517211,0.2926639659854118,0.0019048980029765517,0.2926639659854118,/home/superws/2026_Projects/Codex_reference_plane_real/exp/task_real_struc_002b_film_variant_search/20260516_104031/per_sample_metrics.csv
T08_ref3_plus_ReMiCNet_R04,ref3 + ReMiC-Net R04,2,line_test_0014,line,0.9949008966276117,34.85216272936804,0.7335010808985161,0.0005529586342163384,0.21874130697688088,0.0018973569967783988,0.21874130697688088,/home/superws/2026_Projects/Codex_reference_plane_real/exp/task_real_struc_002b_film_variant_search/20260516_104031/per_sample_metrics.csv
T08_ref3_plus_ReMiCNet_R04,ref3 + ReMiC-Net R04,2,line_test_0015,line,0.9889490413733376,35.437356780294735,0.7595548205942506,0.0005385589320212603,0.19885071202588733,0.002120623001246713,0.19885071202588733,/home/superws/2026_Projects/Codex_reference_plane_real/exp/task_real_struc_002b_film_variant_search/20260516_104031/per_sample_metrics.csv
T08_ref3_plus_ReMiCNet_R04,ref3 + ReMiC-Net R04,2,line_test_0016,line,0.9915587234566506,28.239825926103848,0.37084977310930095,0.002052438212558627,0.2913270129793091,0.0019087639957433566,0.2913270129793091,/home/superws/2026_Projects/Codex_reference_plane_real/exp/task_real_struc_002b_film_variant_search/20260516_104031/per_sample_metrics.csv
T08_ref3_plus_ReMiCNet_R04,ref3 + ReMiC-Net R04,2,line_test_0017,line,1.0011720855880577,32.08991570118022,0.5925851320313964,0.0009121447801589966,0.18374557598144747,0.0018997559964191169,0.18374557598144747,/home/superws/2026_Projects/Codex_reference_plane_real/exp/task_real_struc_002b_film_variant_search/20260516_104031/per_sample_metrics.csv
T08_ref3_plus_ReMiCNet_R04,ref3 + ReMiC-Net R04,2,line_test_0018,line,0.9927668685774803,29.400130569174653,0.43596536934071867,0.001617846661247313,0.25231903401436284,0.002353866002522409,0.25231903401436284,/home/superws/2026_Projects/Codex_reference_plane_real/exp/task_real_struc_002b_film_variant_search/20260516_104031/per_sample_metrics.csv
T08_ref3_plus_ReMiCNet_R04,ref3 + ReMiC-Net R04,2,line_test_0019,line,0.9955192892717359,29.320591756455798,0.4374997368299529,0.0014511708868667483,0.2271456429734826,0.0019665180006995797,0.2271456429734826,/home/superws/2026_Projects/Codex_reference_plane_real/exp/task_real_struc_002b_film_variant_search/20260516_104031/per_sample_metrics.csv
T08_ref3_plus_ReMiCNet_R04,ref3 + ReMiC-Net R04,2,cross_test_0000,cross,0.9950929970179997,32.20172791702967,0.5986114009402175,0.001038796966895461,0.21912998602783773,0.0018943220056826249,0.21912998602783773,/home/superws/2026_Projects/Codex_reference_plane_real/exp/task_real_struc_002b_film_variant_search/20260516_104031/per_sample_metrics.csv
T08_ref3_plus_ReMiCNet_R04,ref3 + ReMiC-Net R04,2,cross_test_0001,cross,0.9939016305610123,26.52724033803382,0.2748475203775913,0.00293372618034482,0.31161514297127724,0.0019040899933315814,0.31161514297127724,/home/superws/2026_Projects/Codex_reference_plane_real/exp/task_real_struc_002b_film_variant_search/20260516_104031/per_sample_metrics.csv
T08_ref3_plus_ReMiCNet_R04,ref3 + ReMiC-Net R04,2,cross_test_0002,cross,0.9959880165743025,30.382447211778718,0.49433082979088955,0.0012491383822634816,0.233264711976517,0.001974901999346912,0.233264711976517,/home/superws/2026_Projects/Codex_reference_plane_real/exp/task_real_struc_002b_film_variant_search/20260516_104031/per_sample_metrics.csv
T08_ref3_plus_ReMiCNet_R04,ref3 + ReMiC-Net R04,2,cross_test_0003,cross,0.9887504917959455,27.682033722956856,0.3411601505245211,0.0023811699356883764,0.35835997702088207,0.001904995006043464,0.35835997702088207,/home/superws/2026_Projects/Codex_reference_plane_real/exp/task_real_struc_002b_film_variant_search/20260516_104031/per_sample_metrics.csv
T08_ref3_plus_ReMiCNet_R04,ref3 + ReMiC-Net R04,2,cross_test_0004,cross,0.9931487228172953,27.895546457765942,0.3503229563828193,0.0023355542216449976,0.3148679790174356,0.0019054720032727346,0.3148679790174356,/home/superws/2026_Projects/Codex_reference_plane_real/exp/task_real_struc_002b_film_variant_search/20260516_104031/per_sample_metrics.csv
T08_ref3_plus_ReMiCNet_R04,ref3 + ReMiC-Net R04,2,cross_test_0005,cross,0.9949373439596781,31.18675454541819,0.5410148112509707,0.0012198620242998004,0.25610074801079463,0.0019204220006940886,0.25610074801079463,/home/superws/2026_Projects/Codex_reference_plane_real/exp/task_real_struc_002b_film_variant_search/20260516_104031/per_sample_metrics.csv
T08_ref3_plus_ReMiCNet_R04,ref3 + ReMiC-Net R04,2,cross_test_0006,cross,0.9909282143917598,28.759820801883226,0.39971944372245827,0.001778304111212492,0.25012008399062324,0.0019058929901802912,0.25012008399062324,/home/superws/2026_Projects/Codex_reference_plane_real/exp/task_real_struc_002b_film_variant_search/20260516_104031/per_sample_metrics.csv
T08_ref3_plus_ReMiCNet_R04,ref3 + ReMiC-Net R04,2,cross_test_0007,cross,0.9926003123960155,33.963580523740994,0.691886413686398,0.0007371665560640395,0.26182241502101533,0.0019005229987669736,0.26182241502101533,/home/superws/2026_Projects/Codex_reference_plane_real/exp/task_real_struc_002b_film_variant_search/20260516_104031/per_sample_metrics.csv
T08_ref3_plus_ReMiCNet_R04,ref3 + ReMiC-Net R04,2,cross_test_0008,cross,0.9897370777789385,28.010835630045353,0.3585188572072707,0.002295452170073986,0.2402567159588216,0.0019037439924431965,0.2402567159588216,/home/superws/2026_Projects/Codex_reference_plane_real/exp/task_real_struc_002b_film_variant_search/20260516_104031/per_sample_metrics.csv
T08_ref3_plus_ReMiCNet_R04,ref3 + ReMiC-Net R04,2,cross_test_0009,cross,0.9958038304806096,32.897861552581304,0.6368871569653904,0.0007607467705383897,0.24848177201056387,0.0019643929990706965,0.24848177201056387,/home/superws/2026_Projects/Codex_reference_plane_real/exp/task_real_struc_002b_film_variant_search/20260516_104031/per_sample_metrics.csv
T08_ref3_plus_ReMiCNet_R04,ref3 + ReMiC-Net R04,2,cross_test_0010,cross,0.985072064655844,32.112836402341586,0.5953861946331541,0.001007147948257625,0.49131930999283213,0.0019507630058797076,0.49131930999283213,/home/superws/2026_Projects/Codex_reference_plane_real/exp/task_real_struc_002b_film_variant_search/20260516_104031/per_sample_metrics.csv
T08_ref3_plus_ReMiCNet_R04,ref3 + ReMiC-Net R04,2,cross_test_0011,cross,0.9908532000418585,27.354066062951468,0.32315601323405735,0.002631877548992634,0.24913822101370897,0.0020161809952696785,0.24913822101370897,/home/superws/2026_Projects/Codex_reference_plane_real/exp/task_real_struc_002b_film_variant_search/20260516_104031/per_sample_metrics.csv
T08_ref3_plus_ReMiCNet_R04,ref3 + ReMiC-Net R04,2,cross_test_0012,cross,0.9946994802660474,31.689684209525435,0.5703138964876683,0.0010797892464324832,0.30317097101942636,0.0019178070069756359,0.30317097101942636,/home/superws/2026_Projects/Codex_reference_plane_real/exp/task_real_struc_002b_film_variant_search/20260516_104031/per_sample_metrics.csv
T08_ref3_plus_ReMiCNet_R04,ref3 + ReMiC-Net R04,2,cross_test_0013,cross,0.9951125605150359,31.683518453768965,0.5700437581726036,0.0011810034047812223,0.49417239798640367,0.0019146400009049103,0.49417239798640367,/home/superws/2026_Projects/Codex_reference_plane_real/exp/task_real_struc_002b_film_variant_search/20260516_104031/per_sample_metrics.csv
T08_ref3_plus_ReMiCNet_R04,ref3 + ReMiC-Net R04,2,cross_test_0014,cross,0.9958662351117284,27.721513942717706,0.3404283768811778,0.002045899396762252,0.20857157099817414,0.0019179340015398338,0.20857157099817414,/home/superws/2026_Projects/Codex_reference_plane_real/exp/task_real_struc_002b_film_variant_search/20260516_104031/per_sample_metrics.csv
T08_ref3_plus_ReMiCNet_R04,ref3 + ReMiC-Net R04,2,L_shape_test_0000,L-shape,0.9889065621086379,26.22062143384185,0.26722032527283235,0.0031229981686919928,0.28795022604754195,0.0019114839960820973,0.28795022604754195,/home/superws/2026_Projects/Codex_reference_plane_real/exp/task_real_struc_002b_film_variant_search/20260516_104031/per_sample_metrics.csv
T08_ref3_plus_ReMiCNet_R04,ref3 + ReMiC-Net R04,2,L_shape_test_0001,L-shape,0.9953259914704725,27.683800223392247,0.3379010826395525,0.002111933659762144,0.41633520799223334,0.001903833996038884,0.41633520799223334,/home/superws/2026_Projects/Codex_reference_plane_real/exp/task_real_struc_002b_film_variant_search/20260516_104031/per_sample_metrics.csv
T08_ref3_plus_ReMiCNet_R04,ref3 + ReMiC-Net R04,2,L_shape_test_0002,L-shape,0.9902353132808328,27.323536632978936,0.3211017074045848,0.0025611429009586573,0.2673651709483238,0.0019719909905688837,0.2673651709483238,/home/superws/2026_Projects/Codex_reference_plane_real/exp/task_real_struc_002b_film_variant_search/20260516_104031/per_sample_metrics.csv
T08_ref3_plus_ReMiCNet_R04,ref3 + ReMiC-Net R04,2,L_shape_test_0003,L-shape,0.9937282321633916,27.515622500251737,0.3282084041766419,0.002465846948325634,0.289282055964577,0.0019091369904344901,0.289282055964577,/home/superws/2026_Projects/Codex_reference_plane_real/exp/task_real_struc_002b_film_variant_search/20260516_104031/per_sample_metrics.csv
T08_ref3_plus_ReMiCNet_R04,ref3 + ReMiC-Net R04,2,L_shape_test_0004,L-shape,0.9941356167988599,25.805928595292066,0.2400968860418009,0.003327006008476019,0.6771856740233488,0.0019677020027302206,0.6771856740233488,/home/superws/2026_Projects/Codex_reference_plane_real/exp/task_real_struc_002b_film_variant_search/20260516_104031/per_sample_metrics.csv
T08_ref3_plus_ReMiCNet_R04,ref3 + ReMiC-Net R04,2,L_shape_test_0005,L-shape,0.9951535140682474,27.1608185356987,0.3101907598390405,0.0024608909152448177,0.26122711395146325,0.0019171549938619137,0.26122711395146325,/home/superws/2026_Projects/Codex_reference_plane_real/exp/task_real_struc_002b_film_variant_search/20260516_104031/per_sample_metrics.csv
T08_ref3_plus_ReMiCNet_R04,ref3 + ReMiC-Net R04,2,L_shape_test_0006,L-shape,0.9958700151671585,31.17905395381023,0.5399690658684045,0.0011218765284866095,0.24350282902014442,0.00192950401105918,0.24350282902014442,/home/superws/2026_Projects/Codex_reference_plane_real/exp/task_real_struc_002b_film_variant_search/20260516_104031/per_sample_metrics.csv
T08_ref3_plus_ReMiCNet_R04,ref3 + ReMiC-Net R04,2,L_shape_test_0007,L-shape,0.9926714597084805,27.031466219239952,0.3028604434937743,0.0027396816294640303,0.31262490201334003,0.001895795008749701,0.31262490201334003,/home/superws/2026_Projects/Codex_reference_plane_real/exp/task_real_struc_002b_film_variant_search/20260516_104031/per_sample_metrics.csv
T08_ref3_plus_ReMiCNet_R04,ref3 + ReMiC-Net R04,2,L_shape_test_0008,L-shape,0.988183288761394,30.526033454048644,0.5040677980888284,0.0012388249160721898,0.22586435900302604,0.0019767810008488595,0.22586435900302604,/home/superws/2026_Projects/Codex_reference_plane_real/exp/task_real_struc_002b_film_variant_search/20260516_104031/per_sample_metrics.csv
T08_ref3_plus_ReMiCNet_R04,ref3 + ReMiC-Net R04,2,L_shape_test_0009,L-shape,0.9942222630200832,26.428405182991646,0.27104230019055786,0.002991873538121581,0.584711204006453,0.0019109450076939538,0.584711204006453,/home/superws/2026_Projects/Codex_reference_plane_real/exp/task_real_struc_002b_film_variant_search/20260516_104031/per_sample_metrics.csv
T08_ref3_plus_ReMiCNet_R04,ref3 + ReMiC-Net R04,2,L_shape_test_0010,L-shape,0.9957325043336281,30.62102521932891,0.5083928481379998,0.0012589566176757216,0.31427459001133684,0.0019109739951090887,0.31427459001133684,/home/superws/2026_Projects/Codex_reference_plane_real/exp/task_real_struc_002b_film_variant_search/20260516_104031/per_sample_metrics.csv
T08_ref3_plus_ReMiCNet_R04,ref3 + ReMiC-Net R04,2,L_shape_test_0011,L-shape,0.9966231010622401,33.39453421979363,0.6625124724173548,0.0007291532238014042,0.2106905640248442,0.0020123639988014475,0.2106905640248442,/home/superws/2026_Projects/Codex_reference_plane_real/exp/task_real_struc_002b_film_variant_search/20260516_104031/per_sample_metrics.csv
T08_ref3_plus_ReMiCNet_R04,ref3 + ReMiC-Net R04,2,L_shape_test_0012,L-shape,0.9947287766215572,26.781292329234322,0.28980874896324715,0.002686460269615054,0.4506040279957233,0.0019190599996363744,0.4506040279957233,/home/superws/2026_Projects/Codex_reference_plane_real/exp/task_real_struc_002b_film_variant_search/20260516_104031/per_sample_metrics.csv
T08_ref3_plus_ReMiCNet_R04,ref3 + ReMiC-Net R04,2,L_shape_test_0013,L-shape,0.9947243104593396,27.285166060580114,0.31552625773237425,0.0026232076343148947,0.4270617389702238,0.001919044996611774,0.4270617389702238,/home/superws/2026_Projects/Codex_reference_plane_real/exp/task_real_struc_002b_film_variant_search/20260516_104031/per_sample_metrics.csv
T08_ref3_plus_ReMiCNet_R04,ref3 + ReMiC-Net R04,2,L_shape_test_0014,L-shape,0.9956703167982742,32.21164242734897,0.5987822342279228,0.0009670758154243231,0.231758959023864,0.001913803003844805,0.231758959023864,/home/superws/2026_Projects/Codex_reference_plane_real/exp/task_real_struc_002b_film_variant_search/20260516_104031/per_sample_metrics.csv
T08_ref3_plus_ReMiCNet_R04,ref3 + ReMiC-Net R04,2,L_shape_test_0015,L-shape,0.9935819451760783,25.893586494404865,0.24604830686739085,0.0031358341220766306,0.33576267295575235,0.0019543329981388524,0.33576267295575235,/home/superws/2026_Projects/Codex_reference_plane_real/exp/task_real_struc_002b_film_variant_search/20260516_104031/per_sample_metrics.csv
T08_ref3_plus_ReMiCNet_R04,ref3 + ReMiC-Net R04,2,L_shape_test_0016,L-shape,0.995195092661307,27.43167151283382,0.32279189349072307,0.002475976012647152,0.3777103650063509,0.002023282999289222,0.3777103650063509,/home/superws/2026_Projects/Codex_reference_plane_real/exp/task_real_struc_002b_film_variant_search/20260516_104031/per_sample_metrics.csv
T08_ref3_plus_ReMiCNet_R04,ref3 + ReMiC-Net R04,2,L_shape_test_0017,L-shape,0.9934306953426094,26.32874574186068,0.266716770973936,0.0030251203570514917,0.35289170396572445,0.0020496740035014227,0.35289170396572445,/home/superws/2026_Projects/Codex_reference_plane_real/exp/task_real_struc_002b_film_variant_search/20260516_104031/per_sample_metrics.csv
T08_ref3_plus_ReMiCNet_R04,ref3 + ReMiC-Net R04,2,L_shape_test_0018,L-shape,0.9937521948180311,26.226872609321305,0.2597752307845196,0.0031632734462618828,0.473810962997959,0.002076788994600065,0.473810962997959,/home/superws/2026_Projects/Codex_reference_plane_real/exp/task_real_struc_002b_film_variant_search/20260516_104031/per_sample_metrics.csv
T08_ref3_plus_ReMiCNet_R04,ref3 + ReMiC-Net R04,2,L_shape_test_0019,L-shape,0.9940455566486283,33.35594551916316,0.6610828496901743,0.0007767230272293091,0.3938465629762504,0.002005588001338765,0.3938465629762504,/home/superws/2026_Projects/Codex_reference_plane_real/exp/task_real_struc_002b_film_variant_search/20260516_104031/per_sample_metrics.csv
T08_ref3_plus_ReMiCNet_R04,ref3 + ReMiC-Net R04,2,double_line_test_0000,double-line,0.993000458036329,26.263072194330874,0.26417184962159096,0.0028881090693175793,0.25586553901666775,0.0019256729865446687,0.25586553901666775,/home/superws/2026_Projects/Codex_reference_plane_real/exp/task_real_struc_002b_film_variant_search/20260516_104031/per_sample_metrics.csv
T08_ref3_plus_ReMiCNet_R04,ref3 + ReMiC-Net R04,2,double_line_test_0001,double-line,0.9936874779361624,26.664612147185196,0.28618707498504414,0.003061932511627674,0.43124845196143724,0.002106550004100427,0.43124845196143724,/home/superws/2026_Projects/Codex_reference_plane_real/exp/task_real_struc_002b_film_variant_search/20260516_104031/per_sample_metrics.csv
T08_ref3_plus_ReMiCNet_R04,ref3 + ReMiC-Net R04,2,double_line_test_0002,double-line,0.997983096797839,31.25459933153121,0.5443758871297645,0.0012166210217401385,0.22347485499631148,0.0019194990018149838,0.22347485499631148,/home/superws/2026_Projects/Codex_reference_plane_real/exp/task_real_struc_002b_film_variant_search/20260516_104031/per_sample_metrics.csv
T08_ref3_plus_ReMiCNet_R04,ref3 + ReMiC-Net R04,2,double_line_test_0003,double-line,0.9944387608858479,25.651507741565858,0.22973676121793798,0.003619265742599964,0.3561592169717187,0.0019886529917130247,0.3561592169717187,/home/superws/2026_Projects/Codex_reference_plane_real/exp/task_real_struc_002b_film_variant_search/20260516_104031/per_sample_metrics.csv
T08_ref3_plus_ReMiCNet_R04,ref3 + ReMiC-Net R04,2,double_line_test_0004,double-line,0.9900565860412527,25.93852315408897,0.24785958310405845,0.0035289886873215437,0.40486989900819026,0.001972113997908309,0.40486989900819026,/home/superws/2026_Projects/Codex_reference_plane_real/exp/task_real_struc_002b_film_variant_search/20260516_104031/per_sample_metrics.csv
T08_ref3_plus_ReMiCNet_R04,ref3 + ReMiC-Net R04,2,double_line_test_0005,double-line,0.9974020078046997,26.005595514678905,0.2497364753555815,0.003281849203631282,0.280068747990299,0.001926477998495102,0.280068747990299,/home/superws/2026_Projects/Codex_reference_plane_real/exp/task_real_struc_002b_film_variant_search/20260516_104031/per_sample_metrics.csv
T08_ref3_plus_ReMiCNet_R04,ref3 + ReMiC-Net R04,2,double_line_test_0006,double-line,0.9904169494351835,25.3445953159944,0.22765780591023463,0.0039035016670823097,0.4083592189999763,0.0019277480023447424,0.4083592189999763,/home/superws/2026_Projects/Codex_reference_plane_real/exp/task_real_struc_002b_film_variant_search/20260516_104031/per_sample_metrics.csv
T08_ref3_plus_ReMiCNet_R04,ref3 + ReMiC-Net R04,2,double_line_test_0007,double-line,0.9933864888647611,31.971224204684503,0.5858584638420657,0.001039921771734953,0.26724418297817465,0.0019664380088215694,0.26724418297817465,/home/superws/2026_Projects/Codex_reference_plane_real/exp/task_real_struc_002b_film_variant_search/20260516_104031/per_sample_metrics.csv
T08_ref3_plus_ReMiCNet_R04,ref3 + ReMiC-Net R04,2,double_line_test_0008,double-line,0.9952522538577075,28.38816214880636,0.3792671545219353,0.0019875599537044764,2.4643928350124042,0.0019240120018366724,2.4643928350124042,/home/superws/2026_Projects/Codex_reference_plane_real/exp/task_real_struc_002b_film_variant_search/20260516_104031/per_sample_metrics.csv
T08_ref3_plus_ReMiCNet_R04,ref3 + ReMiC-Net R04,2,double_line_test_0009,double-line,0.9931873392650648,27.99974029438649,0.3538663175787504,0.002239547437056899,0.4945471419923706,0.0019383680046303198,0.4945471419923706,/home/superws/2026_Projects/Codex_reference_plane_real/exp/task_real_struc_002b_film_variant_search/20260516_104031/per_sample_metrics.csv
T08_ref3_plus_ReMiCNet_R04,ref3 + ReMiC-Net R04,2,double_line_test_0010,double-line,0.994642158877371,26.363874709138525,0.26881375811965263,0.0030365607235580683,0.42707897201762535,0.0019129269930999726,0.42707897201762535,/home/superws/2026_Projects/Codex_reference_plane_real/exp/task_real_struc_002b_film_variant_search/20260516_104031/per_sample_metrics.csv
T08_ref3_plus_ReMiCNet_R04,ref3 + ReMiC-Net R04,2,double_line_test_0011,double-line,0.9970823912357535,27.994887755545825,0.35220892844046847,0.0022193097975105047,0.2859890619874932,0.0018997309962287545,0.2859890619874932,/home/superws/2026_Projects/Codex_reference_plane_real/exp/task_real_struc_002b_film_variant_search/20260516_104031/per_sample_metrics.csv
T08_ref3_plus_ReMiCNet_R04,ref3 + ReMiC-Net R04,2,double_line_test_0012,double-line,0.9950293446013716,30.67041622948558,0.509042233606261,0.001336298300884664,0.4129537690023426,0.0019149500003550202,0.4129537690023426,/home/superws/2026_Projects/Codex_reference_plane_real/exp/task_real_struc_002b_film_variant_search/20260516_104031/per_sample_metrics.csv
T08_ref3_plus_ReMiCNet_R04,ref3 + ReMiC-Net R04,2,double_line_test_0013,double-line,0.9949391968523553,25.034433670574078,0.20315377553004832,0.00412686076015234,0.4003137619874906,0.0020100859983358532,0.4003137619874906,/home/superws/2026_Projects/Codex_reference_plane_real/exp/task_real_struc_002b_film_variant_search/20260516_104031/per_sample_metrics.csv
T08_ref3_plus_ReMiCNet_R04,ref3 + ReMiC-Net R04,2,double_line_test_0014,double-line,0.993814983951331,25.804912800670294,0.24172390612853442,0.0034945800434798002,0.30268239199358504,0.001968946002307348,0.30268239199358504,/home/superws/2026_Projects/Codex_reference_plane_real/exp/task_real_struc_002b_film_variant_search/20260516_104031/per_sample_metrics.csv
T08_ref3_plus_ReMiCNet_R04,ref3 + ReMiC-Net R04,2,small_rect_edge_test_0000,small_rect_edge,0.9929037467517113,29.919796696471423,0.4682229864282837,0.0013143039541319013,0.17781526400358416,0.0019182910036761314,0.17781526400358416,/home/superws/2026_Projects/Codex_reference_plane_real/exp/task_real_struc_002b_film_variant_search/20260516_104031/per_sample_metrics.csv
T08_ref3_plus_ReMiCNet_R04,ref3 + ReMiC-Net R04,2,small_rect_edge_test_0001,small_rect_edge,0.9965639441659746,30.812117541344108,0.5186796196419267,0.0012006228789687157,0.21087077700940426,0.001922473995364271,0.21087077700940426,/home/superws/2026_Projects/Codex_reference_plane_real/exp/task_real_struc_002b_film_variant_search/20260516_104031/per_sample_metrics.csv
T08_ref3_plus_ReMiCNet_R04,ref3 + ReMiC-Net R04,2,small_rect_edge_test_0002,small_rect_edge,0.9963330586746931,27.737793379254025,0.3424144049924709,0.002070376882329583,0.24982044300122652,0.0019008109957212582,0.24982044300122652,/home/superws/2026_Projects/Codex_reference_plane_real/exp/task_real_struc_002b_film_variant_search/20260516_104031/per_sample_metrics.csv
T08_ref3_plus_ReMiCNet_R04,ref3 + ReMiC-Net R04,2,small_rect_edge_test_0003,small_rect_edge,0.990081032489708,30.552471214723496,0.5049328739340196,0.0012690885923802853,0.255358737995266,0.001930307989823632,0.255358737995266,/home/superws/2026_Projects/Codex_reference_plane_real/exp/task_real_struc_002b_film_variant_search/20260516_104031/per_sample_metrics.csv
T08_ref3_plus_ReMiCNet_R04,ref3 + ReMiC-Net R04,2,small_rect_edge_test_0004,small_rect_edge,0.9828404128205164,29.226526925149464,0.4330847140685891,0.0018254737369716167,0.27299697800481226,0.001910503997351043,0.27299697800481226,/home/superws/2026_Projects/Codex_reference_plane_real/exp/task_real_struc_002b_film_variant_search/20260516_104031/per_sample_metrics.csv
T08_ref3_plus_ReMiCNet_R04,ref3 + ReMiC-Net R04,2,small_rect_edge_test_0005,small_rect_edge,0.9953043438917044,29.4821589248114,0.4534948729442398,0.0014881211100146174,0.26973030205408577,0.001995362006709911,0.26973030205408577,/home/superws/2026_Projects/Codex_reference_plane_real/exp/task_real_struc_002b_film_variant_search/20260516_104031/per_sample_metrics.csv
T08_ref3_plus_ReMiCNet_R04,ref3 + ReMiC-Net R04,2,small_rect_edge_test_0006,small_rect_edge,0.995404191927115,29.985177088932335,0.4702817961020458,0.0013915401650592685,0.2592483460175572,0.0019693130016094074,0.2592483460175572,/home/superws/2026_Projects/Codex_reference_plane_real/exp/task_real_struc_002b_film_variant_search/20260516_104031/per_sample_metrics.csv
T08_ref3_plus_ReMiCNet_R04,ref3 + ReMiC-Net R04,2,small_rect_edge_test_0007,small_rect_edge,0.9982522989063677,29.08527796637971,0.4194840005716233,0.0017142994329333305,0.23631552801816724,0.0019724259909708053,0.23631552801816724,/home/superws/2026_Projects/Codex_reference_plane_real/exp/task_real_struc_002b_film_variant_search/20260516_104031/per_sample_metrics.csv
T08_ref3_plus_ReMiCNet_R04,ref3 + ReMiC-Net R04,2,small_rect_edge_test_0008,small_rect_edge,0.996944881705382,28.435465539242635,0.38383114884433644,0.0019087771652266383,0.2519268890173407,0.0019098660122836009,0.2519268890173407,/home/superws/2026_Projects/Codex_reference_plane_real/exp/task_real_struc_002b_film_variant_search/20260516_104031/per_sample_metrics.csv
T08_ref3_plus_ReMiCNet_R04,ref3 + ReMiC-Net R04,2,small_rect_edge_test_0009,small_rect_edge,0.9944206946010067,30.92011113739787,0.5253922599905849,0.00115120317786932,0.22964629798661917,0.0018998149898834527,0.22964629798661917,/home/superws/2026_Projects/Codex_reference_plane_real/exp/task_real_struc_002b_film_variant_search/20260516_104031/per_sample_metrics.csv
T08_ref3_plus_ReMiCNet_R04,ref3 + ReMiC-Net R04,2,point_cluster_test_0000,point_cluster,0.9951073914635208,32.939625003246476,0.6871931712032513,0.0007930142455734313,0.3809954770404147,0.0018943780014524236,0.3809954770404147,/home/superws/2026_Projects/Codex_reference_plane_real/exp/task_real_struc_002b_film_variant_search/20260516_104031/per_sample_metrics.csv
T08_ref3_plus_ReMiCNet_R04,ref3 + ReMiC-Net R04,2,point_cluster_test_0001,point_cluster,0.9922437379426621,31.70498446008859,0.5716561697723279,0.0012191326823085546,0.3404820060241036,0.0019290850032120943,0.3404820060241036,/home/superws/2026_Projects/Codex_reference_plane_real/exp/task_real_struc_002b_film_variant_search/20260516_104031/per_sample_metrics.csv
T08_ref3_plus_ReMiCNet_R04,ref3 + ReMiC-Net R04,2,point_cluster_test_0002,point_cluster,0.998853397959617,35.61062120252463,0.7662581994338745,0.0005984340677969158,0.19490205598413013,0.0019113640009891242,0.19490205598413013,/home/superws/2026_Projects/Codex_reference_plane_real/exp/task_real_struc_002b_film_variant_search/20260516_104031/per_sample_metrics.csv
T08_ref3_plus_ReMiCNet_R04,ref3 + ReMiC-Net R04,2,point_cluster_test_0003,point_cluster,0.9922092435799934,35.89805839034372,0.7782077274054312,0.0005323176737874746,0.2924561800027732,0.0019184199918527156,0.2924561800027732,/home/superws/2026_Projects/Codex_reference_plane_real/exp/task_real_struc_002b_film_variant_search/20260516_104031/per_sample_metrics.csv
T08_ref3_plus_ReMiCNet_R04,ref3 + ReMiC-Net R04,2,point_cluster_test_0004,point_cluster,0.9986158158293856,31.424404993601165,0.5549103236956134,0.0012891775695607066,0.2901302560203476,0.001915935004944913,0.2901302560203476,/home/superws/2026_Projects/Codex_reference_plane_real/exp/task_real_struc_002b_film_variant_search/20260516_104031/per_sample_metrics.csv
T08_ref3_plus_ReMiCNet_R04,ref3 + ReMiC-Net R04,2,point_cluster_test_0005,point_cluster,0.995282000928875,31.386489771803724,0.5525445335444624,0.0011552745709195733,0.21866349995252676,0.0019069229892920703,0.21866349995252676,/home/superws/2026_Projects/Codex_reference_plane_real/exp/task_real_struc_002b_film_variant_search/20260516_104031/per_sample_metrics.csv
T08_ref3_plus_ReMiCNet_R04,ref3 + ReMiC-Net R04,2,point_cluster_test_0006,point_cluster,1.00133612288561,35.06218193250658,0.7710811062395427,0.0006020746659487486,0.4526110139704542,0.0019165830017300323,0.4526110139704542,/home/superws/2026_Projects/Codex_reference_plane_real/exp/task_real_struc_002b_film_variant_search/20260516_104031/per_sample_metrics.csv
T08_ref3_plus_ReMiCNet_R04,ref3 + ReMiC-Net R04,2,point_cluster_test_0007,point_cluster,0.99154700704343,35.644979778089954,0.794301982823257,0.000571746495552361,0.2172275730408728,0.00197221600683406,0.2172275730408728,/home/superws/2026_Projects/Codex_reference_plane_real/exp/task_real_struc_002b_film_variant_search/20260516_104031/per_sample_metrics.csv
T08_ref3_plus_ReMiCNet_R04,ref3 + ReMiC-Net R04,2,point_cluster_test_0008,point_cluster,0.9943862051918889,34.774490781916626,0.7307648427717517,0.0007339080329984426,0.2145854369737208,0.0019070029957219958,0.2145854369737208,/home/superws/2026_Projects/Codex_reference_plane_real/exp/task_real_struc_002b_film_variant_search/20260516_104031/per_sample_metrics.csv
T08_ref3_plus_ReMiCNet_R04,ref3 + ReMiC-Net R04,2,point_cluster_test_0009,point_cluster,0.9914538113239435,36.11669079040612,0.8267478963083116,0.00045884144492447376,0.2930810090037994,0.001909142010845244,0.2930810090037994,/home/superws/2026_Projects/Codex_reference_plane_real/exp/task_real_struc_002b_film_variant_search/20260516_104031/per_sample_metrics.csv
T08_ref3_plus_ReMiCNet_R04,ref3 + ReMiC-Net R04,2,point_cluster_test_0010,point_cluster,0.9955977952826462,31.301812142941024,0.5476301371719625,0.0012799410615116358,0.338837352959672,0.001912948995595798,0.338837352959672,/home/superws/2026_Projects/Codex_reference_plane_real/exp/task_real_struc_002b_film_variant_search/20260516_104031/per_sample_metrics.csv
T08_ref3_plus_ReMiCNet_R04,ref3 + ReMiC-Net R04,2,point_cluster_test_0011,point_cluster,0.9889251662909777,34.955414176493726,0.7396345093045076,0.0007741129957139492,0.22787125995091628,0.0019140739896101877,0.22787125995091628,/home/superws/2026_Projects/Codex_reference_plane_real/exp/task_real_struc_002b_film_variant_search/20260516_104031/per_sample_metrics.csv
T08_ref3_plus_ReMiCNet_R04,ref3 + ReMiC-Net R04,2,point_cluster_test_0012,point_cluster,1.0020319261757415,33.645930918337065,0.6761771616318459,0.0008686984656378627,0.26237002295965794,0.0019216590007999912,0.26237002295965794,/home/superws/2026_Projects/Codex_reference_plane_real/exp/task_real_struc_002b_film_variant_search/20260516_104031/per_sample_metrics.csv
T08_ref3_plus_ReMiCNet_R04,ref3 + ReMiC-Net R04,2,point_cluster_test_0013,point_cluster,1.0006072029883928,32.35798023305495,0.6077133736908881,0.0011335340095683932,0.30902201699791476,0.0018992969999089837,0.30902201699791476,/home/superws/2026_Projects/Codex_reference_plane_real/exp/task_real_struc_002b_film_variant_search/20260516_104031/per_sample_metrics.csv
T08_ref3_plus_ReMiCNet_R04,ref3 + ReMiC-Net R04,2,point_cluster_test_0014,point_cluster,1.0003933202187851,34.260045928296876,0.7057898142438579,0.0006319067324511707,0.20573425097973086,0.0019732479995582253,0.20573425097973086,/home/superws/2026_Projects/Codex_reference_plane_real/exp/task_real_struc_002b_film_variant_search/20260516_104031/per_sample_metrics.csv
T08_ref3_plus_ReMiCNet_R04,ref3 + ReMiC-Net R04,2,point_cluster_test_0015,point_cluster,0.9950957781093872,34.41713605924667,0.7140138718314571,0.0007290783687494695,0.2620851239771582,0.0019031550036743283,0.2620851239771582,/home/superws/2026_Projects/Codex_reference_plane_real/exp/task_real_struc_002b_film_variant_search/20260516_104031/per_sample_metrics.csv
T08_ref3_plus_ReMiCNet_R04,ref3 + ReMiC-Net R04,2,point_cluster_test_0016,point_cluster,0.9963613215813912,31.894528505405255,0.6119669626247047,0.0010810798266902566,0.39210754999658093,0.0019741069991141558,0.39210754999658093,/home/superws/2026_Projects/Codex_reference_plane_real/exp/task_real_struc_002b_film_variant_search/20260516_104031/per_sample_metrics.csv
T08_ref3_plus_ReMiCNet_R04,ref3 + ReMiC-Net R04,2,point_cluster_test_0017,point_cluster,0.9976075097761077,36.15711176917491,0.8598271374837678,0.000471055565867573,0.18589976899966132,0.0019563310052035376,0.18589976899966132,/home/superws/2026_Projects/Codex_reference_plane_real/exp/task_real_struc_002b_film_variant_search/20260516_104031/per_sample_metrics.csv
T08_ref3_plus_ReMiCNet_R04,ref3 + ReMiC-Net R04,2,point_cluster_test_0018,point_cluster,1.0071583024475945,35.70466648910097,0.7901534426971318,0.0006326678558252752,0.2860743890487356,0.001916107998113148,0.2860743890487356,/home/superws/2026_Projects/Codex_reference_plane_real/exp/task_real_struc_002b_film_variant_search/20260516_104031/per_sample_metrics.csv
T08_ref3_plus_ReMiCNet_R04,ref3 + ReMiC-Net R04,2,point_cluster_test_0019,point_cluster,1.0014533958516267,34.88756908348722,0.7348640995304411,0.0005893267225474119,0.4099654220190132,0.0019140360091114417,0.4099654220190132,/home/superws/2026_Projects/Codex_reference_plane_real/exp/task_real_struc_002b_film_variant_search/20260516_104031/per_sample_metrics.csv
