variant,seed,sample_id,pred_min,pred_max,pred_mean,pred_std,nan_count,inf_count
G00_generic_film_sincos_Pcyc,0,line_test_0000,0.0,0.10681313276290894,0.0011881826212629676,0.00428086519241333,0,0
G00_generic_film_sincos_Pcyc,0,line_test_0001,0.0,0.10677188634872437,0.001829303801059723,0.005628547165542841,0,0
G00_generic_film_sincos_Pcyc,0,line_test_0002,0.0,0.1067328155040741,0.0016712435754016042,0.005593594629317522,0,0
G00_generic_film_sincos_Pcyc,0,line_test_0003,0.0,0.12589439749717712,0.0019447667291387916,0.007291063666343689,0,0
G00_generic_film_sincos_Pcyc,0,line_test_0004,0.0,0.10682836174964905,0.0010927858529612422,0.003936084918677807,0,0
G00_generic_film_sincos_Pcyc,0,line_test_0005,0.0,0.10682836174964905,0.001250968431122601,0.004260308109223843,0,0
G00_generic_film_sincos_Pcyc,0,line_test_0006,0.0,0.1344051957130432,0.001616492634639144,0.006291705183684826,0,0
G00_generic_film_sincos_Pcyc,0,line_test_0007,0.0,0.1067606657743454,0.001271835877560079,0.004281173460185528,0,0
G00_generic_film_sincos_Pcyc,0,line_test_0008,0.0,0.106826052069664,0.001445412402972579,0.004449913743883371,0,0
G00_generic_film_sincos_Pcyc,0,line_test_0009,0.0,0.10674911737442017,0.0013990146107971668,0.004755467642098665,0,0
G00_generic_film_sincos_Pcyc,0,line_test_0010,0.0,0.1067606657743454,0.0013633976923301816,0.004844114650040865,0,0
G00_generic_film_sincos_Pcyc,0,line_test_0011,0.0,0.1641685962677002,0.0013554553734138608,0.0047147576697170734,0,0
G00_generic_film_sincos_Pcyc,0,line_test_0012,0.0,0.1068117618560791,0.0015512100653722882,0.005440124776214361,0,0
G00_generic_film_sincos_Pcyc,0,line_test_0013,0.0,0.1067592054605484,0.0014622987946495414,0.004790457896888256,0,0
G00_generic_film_sincos_Pcyc,0,line_test_0014,0.0,0.10677187144756317,0.0011104411678388715,0.003889417042955756,0,0
G00_generic_film_sincos_Pcyc,0,line_test_0015,0.0,0.11855077743530273,0.0013804055051878095,0.005143077578395605,0,0
G00_generic_film_sincos_Pcyc,0,line_test_0016,0.0,0.1067270040512085,0.0017799846827983856,0.005854761693626642,0,0
G00_generic_film_sincos_Pcyc,0,line_test_0017,0.0,0.17370760440826416,0.001197192701511085,0.004554613493382931,0,0
G00_generic_film_sincos_Pcyc,0,line_test_0018,0.0,0.1067560464143753,0.001479162136092782,0.005002811085432768,0,0
G00_generic_film_sincos_Pcyc,0,line_test_0019,0.0,0.10673211514949799,0.001259567798115313,0.004159552976489067,0,0
G00_generic_film_sincos_Pcyc,0,cross_test_0000,0.0,0.10681046545505524,0.0016552036395296454,0.005488095339387655,0,0
G00_generic_film_sincos_Pcyc,0,cross_test_0001,0.0,0.10681329667568207,0.001380966859869659,0.004506721161305904,0,0
G00_generic_film_sincos_Pcyc,0,cross_test_0002,0.0,0.10676929354667664,0.0013395935529842973,0.004693725146353245,0,0
G00_generic_film_sincos_Pcyc,0,cross_test_0003,0.0,0.11830425262451172,0.001707038376480341,0.006089646369218826,0,0
G00_generic_film_sincos_Pcyc,0,cross_test_0004,0.0,0.10675279796123505,0.001692757592536509,0.006012286525219679,0,0
G00_generic_film_sincos_Pcyc,0,cross_test_0005,0.0,0.10674263536930084,0.0018327487632632256,0.005491440184414387,0,0
G00_generic_film_sincos_Pcyc,0,cross_test_0006,0.0,0.10676290094852448,0.0011122574796900153,0.003915105480700731,0,0
G00_generic_film_sincos_Pcyc,0,cross_test_0007,0.0,0.10675691068172455,0.001222240156494081,0.004384543281048536,0,0
G00_generic_film_sincos_Pcyc,0,cross_test_0008,0.0,0.1312369704246521,0.002008107490837574,0.007004505023360252,0,0
G00_generic_film_sincos_Pcyc,0,cross_test_0009,0.0,0.10677169263362885,0.0013101391959935427,0.004661405924707651,0,0
G00_generic_film_sincos_Pcyc,0,cross_test_0010,0.0,0.10675060749053955,0.0016112865414470434,0.005341802723705769,0,0
G00_generic_film_sincos_Pcyc,0,cross_test_0011,0.0,0.11957424879074097,0.002545788884162903,0.009046390652656555,0,0
G00_generic_film_sincos_Pcyc,0,cross_test_0012,0.0,0.10677187144756317,0.0013881170889362693,0.004955425392836332,0,0
G00_generic_film_sincos_Pcyc,0,cross_test_0013,0.0,0.11126142740249634,0.0017735844012349844,0.005530920810997486,0,0
G00_generic_film_sincos_Pcyc,0,cross_test_0014,0.0,0.10677208006381989,0.0013940902426838875,0.004554959945380688,0,0
G00_generic_film_sincos_Pcyc,0,L_shape_test_0000,0.0,0.1067580133676529,0.002221810631453991,0.0070377374067902565,0,0
G00_generic_film_sincos_Pcyc,0,L_shape_test_0001,0.0,0.10681194067001343,0.0012946208007633686,0.00420788861811161,0,0
G00_generic_film_sincos_Pcyc,0,L_shape_test_0002,0.0,0.12501171231269836,0.002097911899909377,0.00672818161547184,0,0
G00_generic_film_sincos_Pcyc,0,L_shape_test_0003,0.0,0.11135578155517578,0.0016307414043694735,0.0050660050474107265,0,0
G00_generic_film_sincos_Pcyc,0,L_shape_test_0004,0.0,0.10682348906993866,0.002004616428166628,0.005389631260186434,0,0
G00_generic_film_sincos_Pcyc,0,L_shape_test_0005,0.0,0.10676030814647675,0.0017107342137023807,0.005344944074749947,0,0
G00_generic_film_sincos_Pcyc,0,L_shape_test_0006,0.0,0.10681276023387909,0.0012314715422689915,0.0041360557079315186,0,0
G00_generic_film_sincos_Pcyc,0,L_shape_test_0007,0.0,0.10672730207443237,0.0017085798317566514,0.005419053137302399,0,0
G00_generic_film_sincos_Pcyc,0,L_shape_test_0008,0.0,0.10675708949565887,0.0014541720738634467,0.004504992160946131,0,0
G00_generic_film_sincos_Pcyc,0,L_shape_test_0009,0.0,0.10679250955581665,0.0018308705184608698,0.005280161742120981,0,0
G00_generic_film_sincos_Pcyc,0,L_shape_test_0010,0.0,0.10675854980945587,0.0013909521512687206,0.004791502375155687,0,0
G00_generic_film_sincos_Pcyc,0,L_shape_test_0011,0.0,0.10679885745048523,0.0011882452527061105,0.004006901290267706,0,0
G00_generic_film_sincos_Pcyc,0,L_shape_test_0012,0.0,0.1068105399608612,0.0014341475907713175,0.004707795102149248,0,0
G00_generic_film_sincos_Pcyc,0,L_shape_test_0013,0.0,0.10674034059047699,0.001458153361454606,0.0045186178758740425,0,0
G00_generic_film_sincos_Pcyc,0,L_shape_test_0014,0.0,0.10676977038383484,0.001397330081090331,0.004573790356516838,0,0
G00_generic_film_sincos_Pcyc,0,L_shape_test_0015,0.0,0.10672368109226227,0.0016272247303277254,0.0047608595341444016,0,0
G00_generic_film_sincos_Pcyc,0,L_shape_test_0016,0.0,0.10682366788387299,0.0014511810149997473,0.004569314420223236,0,0
G00_generic_film_sincos_Pcyc,0,L_shape_test_0017,0.0,0.10678735375404358,0.0017643055180087686,0.0052619571797549725,0,0
G00_generic_film_sincos_Pcyc,0,L_shape_test_0018,0.0,0.10681100189685822,0.0015305711422115564,0.004530744627118111,0,0
G00_generic_film_sincos_Pcyc,0,L_shape_test_0019,0.0,0.12126055359840393,0.001573206391185522,0.005266503896564245,0,0
G00_generic_film_sincos_Pcyc,0,double_line_test_0000,0.0,0.13805407285690308,0.0012784518767148256,0.004465839825570583,0,0
G00_generic_film_sincos_Pcyc,0,double_line_test_0001,0.0,0.11353117227554321,0.0021598280873149633,0.007335237693041563,0,0
G00_generic_film_sincos_Pcyc,0,double_line_test_0002,0.0,0.10677169263362885,0.001120308181270957,0.004248885437846184,0,0
G00_generic_film_sincos_Pcyc,0,double_line_test_0003,0.0,0.10675852000713348,0.001353550236672163,0.004080930724740028,0,0
G00_generic_film_sincos_Pcyc,0,double_line_test_0004,0.0,0.10681331157684326,0.001805695123039186,0.00576055608689785,0,0
G00_generic_film_sincos_Pcyc,0,double_line_test_0005,0.0,0.25077617168426514,0.0012743682600557804,0.004832044243812561,0,0
G00_generic_film_sincos_Pcyc,0,double_line_test_0006,0.0,0.13800352811813354,0.0021988588850945234,0.007255963981151581,0,0
G00_generic_film_sincos_Pcyc,0,double_line_test_0007,0.0,0.1067560613155365,0.0015434055821970105,0.0047138165682554245,0,0
G00_generic_film_sincos_Pcyc,0,double_line_test_0008,0.0,0.11788254976272583,0.001780643011443317,0.005477082449942827,0,0
G00_generic_film_sincos_Pcyc,0,double_line_test_0009,0.0,0.1067204624414444,0.0014041096437722445,0.004315041936933994,0,0
G00_generic_film_sincos_Pcyc,0,double_line_test_0010,0.0,0.10675939917564392,0.0014872817555442452,0.004639897495508194,0,0
G00_generic_film_sincos_Pcyc,0,double_line_test_0011,0.0,0.10675807297229767,0.0012314231134951115,0.003943231422454119,0,0
G00_generic_film_sincos_Pcyc,0,double_line_test_0012,0.0,0.1068144291639328,0.0012008382473140955,0.004062439780682325,0,0
G00_generic_film_sincos_Pcyc,0,double_line_test_0013,0.0,0.10675430297851562,0.0014077721862122416,0.004202340263873339,0,0
G00_generic_film_sincos_Pcyc,0,double_line_test_0014,0.0,0.15640544891357422,0.0022322272416204214,0.0069842408411204815,0,0
G00_generic_film_sincos_Pcyc,0,small_rect_edge_test_0000,0.0,0.14875680208206177,0.0012647032272070646,0.004684902727603912,0,0
G00_generic_film_sincos_Pcyc,0,small_rect_edge_test_0001,0.0,0.1067708432674408,0.001392277074046433,0.004605603404343128,0,0
G00_generic_film_sincos_Pcyc,0,small_rect_edge_test_0002,0.0,0.14894241094589233,0.0013233496574684978,0.004606124944984913,0,0
G00_generic_film_sincos_Pcyc,0,small_rect_edge_test_0003,0.0,0.10672971606254578,0.0014652134850621223,0.00451998133212328,0,0
G00_generic_film_sincos_Pcyc,0,small_rect_edge_test_0004,0.0,0.1616992950439453,0.002164052566513419,0.007716828491538763,0,0
G00_generic_film_sincos_Pcyc,0,small_rect_edge_test_0005,0.0,0.12323057651519775,0.0016321925213560462,0.005627542268484831,0,0
G00_generic_film_sincos_Pcyc,0,small_rect_edge_test_0006,0.0,0.10675588250160217,0.001429938361980021,0.0044938973151147366,0,0
G00_generic_film_sincos_Pcyc,0,small_rect_edge_test_0007,0.0,0.12770378589630127,0.0011872105533257127,0.004500985611230135,0,0
G00_generic_film_sincos_Pcyc,0,small_rect_edge_test_0008,0.0,0.18924814462661743,0.0021695729810744524,0.007821377366781235,0,0
G00_generic_film_sincos_Pcyc,0,small_rect_edge_test_0009,0.0,0.10677056014537811,0.0013815192505717278,0.004454378038644791,0,0
G00_generic_film_sincos_Pcyc,0,point_cluster_test_0000,0.0,0.10675939917564392,0.001413520541973412,0.0045360722579061985,0,0
G00_generic_film_sincos_Pcyc,0,point_cluster_test_0001,0.0,0.1326419711112976,0.001599353738129139,0.005766411777585745,0,0
G00_generic_film_sincos_Pcyc,0,point_cluster_test_0002,0.0,0.10677188634872437,0.0015029824571684003,0.005189257208257914,0,0
G00_generic_film_sincos_Pcyc,0,point_cluster_test_0003,0.0,0.11697584390640259,0.0014451703755185008,0.005165691487491131,0,0
G00_generic_film_sincos_Pcyc,0,point_cluster_test_0004,0.0,0.10675710439682007,0.0017199983121827245,0.0061921230517327785,0,0
G00_generic_film_sincos_Pcyc,0,point_cluster_test_0005,0.0,0.10677118599414825,0.0017931698821485043,0.006083300337195396,0,0
G00_generic_film_sincos_Pcyc,0,point_cluster_test_0006,0.0,0.24707883596420288,0.0014368247939273715,0.005297073628753424,0,0
G00_generic_film_sincos_Pcyc,0,point_cluster_test_0007,0.0,0.11053955554962158,0.0015270814765244722,0.005345221143215895,0,0
G00_generic_film_sincos_Pcyc,0,point_cluster_test_0008,0.0,0.10681423544883728,0.001558835618197918,0.005525842308998108,0,0
G00_generic_film_sincos_Pcyc,0,point_cluster_test_0009,0.0,0.10677418112754822,0.0012761912075802684,0.004440820310264826,0,0
G00_generic_film_sincos_Pcyc,0,point_cluster_test_0010,0.0,0.10681046545505524,0.0016153118340298533,0.005268476903438568,0,0
G00_generic_film_sincos_Pcyc,0,point_cluster_test_0011,0.0,0.13785380125045776,0.001865230966359377,0.007130078040063381,0,0
G00_generic_film_sincos_Pcyc,0,point_cluster_test_0012,0.0,0.16559505462646484,0.0016299012349918485,0.0062280758284032345,0,0
G00_generic_film_sincos_Pcyc,0,point_cluster_test_0013,0.0,0.11822131276130676,0.0023057926446199417,0.00783613696694374,0,0
G00_generic_film_sincos_Pcyc,0,point_cluster_test_0014,0.0,0.10676497220993042,0.0014035500353202224,0.005303707905113697,0,0
G00_generic_film_sincos_Pcyc,0,point_cluster_test_0015,0.0,0.1434364914894104,0.0016040898626670241,0.00669377064332366,0,0
G00_generic_film_sincos_Pcyc,0,point_cluster_test_0016,0.0,0.10676169395446777,0.0016764551401138306,0.0051925708539783955,0,0
G00_generic_film_sincos_Pcyc,0,point_cluster_test_0017,0.0,0.11672437191009521,0.001429824042133987,0.005298512522131205,0,0
G00_generic_film_sincos_Pcyc,0,point_cluster_test_0018,0.0,0.143693208694458,0.0016826367937028408,0.006285922601819038,0,0
G00_generic_film_sincos_Pcyc,0,point_cluster_test_0019,0.0,0.10677000880241394,0.0012573092244565487,0.004182124976068735,0,0
G00_generic_film_sincos_Pcyc,1,line_test_0000,0.0,0.015781491994857788,6.978720193728805e-05,0.0005700175534002483,0,0
G00_generic_film_sincos_Pcyc,1,line_test_0001,0.0,0.03898489475250244,0.0002353590534767136,0.0012026226613670588,0,0
G00_generic_film_sincos_Pcyc,1,line_test_0002,0.0,0.031088098883628845,0.0002358105411985889,0.0015439080307260156,0,0
G00_generic_film_sincos_Pcyc,1,line_test_0003,0.0,0.05615586042404175,0.0002507313620299101,0.001812657224945724,0,0
G00_generic_film_sincos_Pcyc,1,line_test_0004,0.0,0.0197904109954834,5.156367478775792e-05,0.0004052674921695143,0,0
G00_generic_film_sincos_Pcyc,1,line_test_0005,0.0,0.009548097848892212,7.005211955402046e-05,0.00042602242319844663,0,0
G00_generic_film_sincos_Pcyc,1,line_test_0006,0.0,0.08890742063522339,0.0001772166433511302,0.0015508627984672785,0,0
G00_generic_film_sincos_Pcyc,1,line_test_0007,0.0,0.03379690647125244,0.00010093693708768114,0.0006556695443578064,0,0
G00_generic_film_sincos_Pcyc,1,line_test_0008,0.0,0.007952630519866943,0.00011184269533259794,0.0005488606984727085,0,0
G00_generic_film_sincos_Pcyc,1,line_test_0009,0.0,0.03999292850494385,0.00010924742673523724,0.0007690740167163312,0,0
G00_generic_film_sincos_Pcyc,1,line_test_0010,0.0,0.02720731496810913,0.00011376015754649416,0.0008696591248735785,0,0
G00_generic_film_sincos_Pcyc,1,line_test_0011,0.0,0.19628781080245972,0.00014396999904420227,0.0023979416582733393,0,0
G00_generic_film_sincos_Pcyc,1,line_test_0012,0.0,0.02720734477043152,0.0001359245798084885,0.0009878278942778707,0,0
G00_generic_film_sincos_Pcyc,1,line_test_0013,0.0,0.017167389392852783,0.00017533790378365666,0.000984915066510439,0,0
G00_generic_film_sincos_Pcyc,1,line_test_0014,0.0,0.008475590497255325,5.0875220040325075e-05,0.00035899708746001124,0,0
G00_generic_film_sincos_Pcyc,1,line_test_0015,0.0,0.0929872989654541,0.0001293397945119068,0.0012670163996517658,0,0
G00_generic_film_sincos_Pcyc,1,line_test_0016,0.0,0.02453199028968811,0.000144135148730129,0.0008972648647613823,0,0
G00_generic_film_sincos_Pcyc,1,line_test_0017,0.0,0.32966476678848267,0.00015992978296708316,0.004465257283300161,0,0
G00_generic_film_sincos_Pcyc,1,line_test_0018,0.0,0.025384455919265747,0.00013963341189082712,0.0009093992994166911,0,0
G00_generic_film_sincos_Pcyc,1,line_test_0019,0.0,0.013998717069625854,9.262341336579993e-05,0.0005323721561580896,0,0
G00_generic_film_sincos_Pcyc,1,cross_test_0000,0.0,0.019416600465774536,0.0001644571457291022,0.0009041393059305847,0,0
G00_generic_film_sincos_Pcyc,1,cross_test_0001,0.0,0.013498127460479736,0.00013957904593553394,0.0007027534884400666,0,0
G00_generic_film_sincos_Pcyc,1,cross_test_0002,0.0,0.07805180549621582,0.00015516646089963615,0.0012377385282889009,0,0
G00_generic_film_sincos_Pcyc,1,cross_test_0003,0.0,0.038483381271362305,0.0002718802716117352,0.0016078875632956624,0,0
G00_generic_film_sincos_Pcyc,1,cross_test_0004,0.0,0.03893008083105087,0.0002757316979113966,0.0016382363392040133,0,0
G00_generic_film_sincos_Pcyc,1,cross_test_0005,0.0,0.022280991077423096,0.0001939986104844138,0.0008986508473753929,0,0
G00_generic_film_sincos_Pcyc,1,cross_test_0006,0.0,0.01393592357635498,6.562879570992664e-05,0.0004745768674183637,0,0
G00_generic_film_sincos_Pcyc,1,cross_test_0007,0.0,0.012775976210832596,8.033736958168447e-05,0.0005633090622723103,0,0
G00_generic_film_sincos_Pcyc,1,cross_test_0008,0.0,0.07777348160743713,0.0002981398720294237,0.0017317991005256772,0,0
G00_generic_film_sincos_Pcyc,1,cross_test_0009,0.0,0.03425395488739014,8.831523155095056e-05,0.0006409627385437489,0,0
G00_generic_film_sincos_Pcyc,1,cross_test_0010,0.0,0.016920387744903564,0.0001628313330002129,0.0009498803410679102,0,0
G00_generic_film_sincos_Pcyc,1,cross_test_0011,0.0,0.06283748149871826,0.00032066789572127163,0.0016801463207229972,0,0
G00_generic_film_sincos_Pcyc,1,cross_test_0012,0.0,0.01610708236694336,0.00011679526505758986,0.0006969753303565085,0,0
G00_generic_film_sincos_Pcyc,1,cross_test_0013,0.0,0.03929495811462402,0.00020608464546967298,0.0010919569758698344,0,0
G00_generic_film_sincos_Pcyc,1,cross_test_0014,0.0,0.013127237558364868,0.00011978927796008065,0.0006961273611523211,0,0
G00_generic_film_sincos_Pcyc,1,L_shape_test_0000,0.0,0.043318554759025574,0.00029418341000564396,0.00156900763977319,0,0
G00_generic_film_sincos_Pcyc,1,L_shape_test_0001,0.0,0.01011127233505249,8.76245612744242e-05,0.0005108845653012395,0,0
G00_generic_film_sincos_Pcyc,1,L_shape_test_0002,0.0,0.028222739696502686,0.00028003379702568054,0.0014765510568395257,0,0
G00_generic_film_sincos_Pcyc,1,L_shape_test_0003,0.0,0.015570029616355896,0.00014627007476519793,0.000783648167271167,0,0
G00_generic_film_sincos_Pcyc,1,L_shape_test_0004,0.0,0.014321506023406982,0.00018963997717946768,0.0008924814756028354,0,0
G00_generic_film_sincos_Pcyc,1,L_shape_test_0005,0.0,0.1359911859035492,0.0002189123333664611,0.0018924702890217304,0,0
G00_generic_film_sincos_Pcyc,1,L_shape_test_0006,0.0,0.01247398555278778,8.836414781399071e-05,0.0005658218287862837,0,0
G00_generic_film_sincos_Pcyc,1,L_shape_test_0007,0.0,0.012783363461494446,0.00013311731163412333,0.0006756237125955522,0,0
G00_generic_film_sincos_Pcyc,1,L_shape_test_0008,0.0,0.016156017780303955,0.00012242326920386404,0.00072406668914482,0,0
G00_generic_film_sincos_Pcyc,1,L_shape_test_0009,0.0,0.06436944007873535,0.00021529325749725103,0.0012218846241012216,0,0
G00_generic_film_sincos_Pcyc,1,L_shape_test_0010,0.0,0.027023494243621826,0.00014827807899564505,0.0010494767921045423,0,0
G00_generic_film_sincos_Pcyc,1,L_shape_test_0011,0.0,0.012632966041564941,6.381780985975638e-05,0.00038504580152221024,0,0
G00_generic_film_sincos_Pcyc,1,L_shape_test_0012,0.0,0.028348267078399658,0.00013593131734523922,0.0007831037510186434,0,0
G00_generic_film_sincos_Pcyc,1,L_shape_test_0013,0.0,0.012211248278617859,0.00011531670315889642,0.0005838936194777489,0,0
G00_generic_film_sincos_Pcyc,1,L_shape_test_0014,0.0,0.01995110511779785,0.00011619311408139765,0.0007401722832582891,0,0
G00_generic_film_sincos_Pcyc,1,L_shape_test_0015,0.0,0.022533714771270752,0.00012975225399713963,0.0006487611681222916,0,0
G00_generic_film_sincos_Pcyc,1,L_shape_test_0016,0.0,0.05093511939048767,0.00015036009426694363,0.0009401838178746402,0,0
G00_generic_film_sincos_Pcyc,1,L_shape_test_0017,0.0,0.021084189414978027,0.00015524009359069169,0.0007617130177095532,0,0
G00_generic_film_sincos_Pcyc,1,L_shape_test_0018,0.0,0.015885472297668457,0.00014776832540519536,0.0007533565512858331,0,0
G00_generic_film_sincos_Pcyc,1,L_shape_test_0019,0.0,0.018449202179908752,0.000160263356519863,0.0010032347636297345,0,0
G00_generic_film_sincos_Pcyc,1,double_line_test_0000,0.0,0.15454179048538208,8.922562119551003e-05,0.0015245742397382855,0,0
G00_generic_film_sincos_Pcyc,1,double_line_test_0001,0.0,0.10695111751556396,0.00029342385823838413,0.0018752372125163674,0,0
G00_generic_film_sincos_Pcyc,1,double_line_test_0002,0.0,0.13641566038131714,0.00010632391058607027,0.001783326966688037,0,0
G00_generic_film_sincos_Pcyc,1,double_line_test_0003,0.0,0.03736525774002075,0.00013664340076502413,0.0006971130496822298,0,0
G00_generic_film_sincos_Pcyc,1,double_line_test_0004,0.0,0.02118581533432007,0.0002251914411317557,0.0011549548944458365,0,0
G00_generic_film_sincos_Pcyc,1,double_line_test_0005,0.0,0.30003201961517334,0.00016308616613969207,0.0031529278494417667,0,0
G00_generic_film_sincos_Pcyc,1,double_line_test_0006,0.0,0.06703168153762817,0.0002710734261199832,0.001566912978887558,0,0
G00_generic_film_sincos_Pcyc,1,double_line_test_0007,0.0,0.017175495624542236,0.00016104185488075018,0.0008488312596455216,0,0
G00_generic_film_sincos_Pcyc,1,double_line_test_0008,0.0,0.03898578882217407,0.00021744798868894577,0.0011964209843426943,0,0
G00_generic_film_sincos_Pcyc,1,double_line_test_0009,0.0,0.015159189701080322,0.00010084348468808457,0.0005281911580823362,0,0
G00_generic_film_sincos_Pcyc,1,double_line_test_0010,0.0,0.02658742293715477,0.0002383466635365039,0.0013989534927532077,0,0
G00_generic_film_sincos_Pcyc,1,double_line_test_0011,0.0,0.007728554308414459,8.842954412102699e-05,0.000436976901255548,0,0
G00_generic_film_sincos_Pcyc,1,double_line_test_0012,0.0,0.012145698070526123,6.363860302371904e-05,0.0004751078085973859,0,0
G00_generic_film_sincos_Pcyc,1,double_line_test_0013,0.0,0.011494487524032593,0.00017156757530756295,0.0007126142154447734,0,0
G00_generic_film_sincos_Pcyc,1,double_line_test_0014,0.0,0.12913739681243896,0.00034915085416287184,0.002000890439376235,0,0
G00_generic_film_sincos_Pcyc,1,small_rect_edge_test_0000,0.0,0.22255563735961914,0.00011149668716825545,0.0022515503223985434,0,0
G00_generic_film_sincos_Pcyc,1,small_rect_edge_test_0001,0.0,0.06331023573875427,0.0001223038270836696,0.0009802138665691018,0,0
G00_generic_film_sincos_Pcyc,1,small_rect_edge_test_0002,0.0,0.2583540081977844,0.00015292306488845497,0.003026566468179226,0,0
G00_generic_film_sincos_Pcyc,1,small_rect_edge_test_0003,0.0,0.02912461757659912,0.00013326472253538668,0.0007916997419670224,0,0
G00_generic_film_sincos_Pcyc,1,small_rect_edge_test_0004,0.0,0.056262314319610596,0.0003129270626232028,0.0019889292307198048,0,0
G00_generic_film_sincos_Pcyc,1,small_rect_edge_test_0005,0.0,0.05759143829345703,0.00019336299737915397,0.001229089335538447,0,0
G00_generic_film_sincos_Pcyc,1,small_rect_edge_test_0006,0.0,0.017040424048900604,0.00010916141764027998,0.0005747053655795753,0,0
G00_generic_film_sincos_Pcyc,1,small_rect_edge_test_0007,0.0,0.07798135280609131,9.712997416500002e-05,0.0011135725071653724,0,0
G00_generic_film_sincos_Pcyc,1,small_rect_edge_test_0008,0.0,0.07357239723205566,0.0002877867082133889,0.0017208289355039597,0,0
G00_generic_film_sincos_Pcyc,1,small_rect_edge_test_0009,0.0,0.055454790592193604,0.00010788423242047429,0.0008202333119697869,0,0
G00_generic_film_sincos_Pcyc,1,point_cluster_test_0000,0.0,0.035940349102020264,0.00013887467503082007,0.0008120121783576906,0,0
G00_generic_film_sincos_Pcyc,1,point_cluster_test_0001,0.0,0.06055980920791626,0.0001859190670074895,0.0011614121031016111,0,0
G00_generic_film_sincos_Pcyc,1,point_cluster_test_0002,0.0,0.09783059358596802,0.00013538968050852418,0.0012407011818140745,0,0
G00_generic_film_sincos_Pcyc,1,point_cluster_test_0003,0.0,0.046817928552627563,0.0001417455350747332,0.0010312522063031793,0,0
G00_generic_film_sincos_Pcyc,1,point_cluster_test_0004,0.0,0.03724159672856331,0.00023745268117636442,0.0015465521719306707,0,0
G00_generic_film_sincos_Pcyc,1,point_cluster_test_0005,0.0,0.10708761215209961,0.00022147643903736025,0.0016643787967041135,0,0
G00_generic_film_sincos_Pcyc,1,point_cluster_test_0006,0.0,0.14128965139389038,0.00013317221601027995,0.001723166205920279,0,0
G00_generic_film_sincos_Pcyc,1,point_cluster_test_0007,0.0,0.031201869249343872,0.00014031391765456647,0.0009062440949492157,0,0
G00_generic_film_sincos_Pcyc,1,point_cluster_test_0008,0.0,0.022204041481018066,0.00013237512030173093,0.0008728229440748692,0,0
G00_generic_film_sincos_Pcyc,1,point_cluster_test_0009,0.0,0.013015896081924438,9.610084089217708e-05,0.0006510374369099736,0,0
G00_generic_film_sincos_Pcyc,1,point_cluster_test_0010,0.0,0.02058444730937481,0.00023338505707215518,0.001227160100825131,0,0
G00_generic_film_sincos_Pcyc,1,point_cluster_test_0011,0.0,0.03617241978645325,0.000181351657374762,0.001092587481252849,0,0
G00_generic_film_sincos_Pcyc,1,point_cluster_test_0012,0.0,0.11709368228912354,0.00023926908033899963,0.0020530789624899626,0,0
G00_generic_film_sincos_Pcyc,1,point_cluster_test_0013,0.0,0.04043346643447876,0.00037018113653175533,0.002004888840019703,0,0
G00_generic_film_sincos_Pcyc,1,point_cluster_test_0014,0.0,0.02927379310131073,0.0001808429224183783,0.0014260273892432451,0,0
G00_generic_film_sincos_Pcyc,1,point_cluster_test_0015,0.0,0.053431153297424316,0.00022233693744055927,0.0016340746078640223,0,0
G00_generic_film_sincos_Pcyc,1,point_cluster_test_0016,0.0,0.026604220271110535,0.00017542454588692635,0.0008496618247590959,0,0
G00_generic_film_sincos_Pcyc,1,point_cluster_test_0017,0.0,0.16196703910827637,0.00012718694051727653,0.0017784183146432042,0,0
G00_generic_film_sincos_Pcyc,1,point_cluster_test_0018,0.0,0.10630548000335693,0.00021672731963917613,0.0017148390179499984,0,0
G00_generic_film_sincos_Pcyc,1,point_cluster_test_0019,0.0,0.016079843044281006,8.582825830671936e-05,0.0005972703220322728,0,0
G00_generic_film_sincos_Pcyc,2,line_test_0000,0.0,0.0586971640586853,0.00014552778156939894,0.0009663483942858875,0,0
G00_generic_film_sincos_Pcyc,2,line_test_0001,0.0,0.04392501711845398,0.000371997564798221,0.0015190456761047244,0,0
G00_generic_film_sincos_Pcyc,2,line_test_0002,0.0,0.018318384885787964,0.0002638655132614076,0.0011646776692941785,0,0
G00_generic_film_sincos_Pcyc,2,line_test_0003,0.0,0.09490752220153809,0.00038272811798378825,0.002102561993524432,0,0
G00_generic_film_sincos_Pcyc,2,line_test_0004,0.0,0.07515716552734375,0.00013057295291218907,0.0008905433351173997,0,0
G00_generic_film_sincos_Pcyc,2,line_test_0005,0.0,0.013217896223068237,0.00016606372082605958,0.0007832134142518044,0,0
G00_generic_film_sincos_Pcyc,2,line_test_0006,0.0,0.1049603819847107,0.0002537031250540167,0.001986173680052161,0,0
G00_generic_film_sincos_Pcyc,2,line_test_0007,0.0,0.02760469913482666,0.0002819134679157287,0.0012215772876515985,0,0
G00_generic_film_sincos_Pcyc,2,line_test_0008,0.0,0.011994034051895142,0.0002621479507070035,0.0010181035613641143,0,0
G00_generic_film_sincos_Pcyc,2,line_test_0009,0.0,0.06630688905715942,0.00020507033332251012,0.0010961408261209726,0,0
G00_generic_film_sincos_Pcyc,2,line_test_0010,0.0,0.02735094726085663,0.0001631385093787685,0.0008546723984181881,0,0
G00_generic_film_sincos_Pcyc,2,line_test_0011,0.0,0.14248502254486084,0.0002052516647381708,0.0018385447328910232,0,0
G00_generic_film_sincos_Pcyc,2,line_test_0012,0.0,0.050240933895111084,0.00021832397032994777,0.0012082491302862763,0,0
G00_generic_film_sincos_Pcyc,2,line_test_0013,0.0,0.01757684350013733,0.0002792899322230369,0.0011911436449736357,0,0
G00_generic_film_sincos_Pcyc,2,line_test_0014,0.0,0.06334608793258667,0.00012745277490466833,0.0009688627324067056,0,0
G00_generic_film_sincos_Pcyc,2,line_test_0015,0.0,0.09096932411193848,0.00018138124141842127,0.0012594838626682758,0,0
G00_generic_film_sincos_Pcyc,2,line_test_0016,0.0,0.0219573974609375,0.00029904450639151037,0.0012915224069729447,0,0
G00_generic_film_sincos_Pcyc,2,line_test_0017,0.0,0.2030138373374939,0.00019491759303491563,0.002661550883203745,0,0
G00_generic_film_sincos_Pcyc,2,line_test_0018,0.0,0.05349685251712799,0.00021410267800092697,0.0011644510086625814,0,0
G00_generic_film_sincos_Pcyc,2,line_test_0019,0.0,0.02057129144668579,0.000234302191529423,0.0011398120550438762,0,0
G00_generic_film_sincos_Pcyc,2,cross_test_0000,0.0,0.05106675624847412,0.00030545497429557145,0.0014223186299204826,0,0
G00_generic_film_sincos_Pcyc,2,cross_test_0001,0.0,0.014377713203430176,0.0002935866650659591,0.0011805250542238355,0,0
G00_generic_film_sincos_Pcyc,2,cross_test_0002,0.0,0.05047494173049927,0.0002291331038577482,0.0011413112515583634,0,0
G00_generic_film_sincos_Pcyc,2,cross_test_0003,0.0,0.024283766746520996,0.0003577873867470771,0.001593894325196743,0,0
G00_generic_film_sincos_Pcyc,2,cross_test_0004,0.0,0.019463419914245605,0.0003295897913631052,0.001406124560162425,0,0
G00_generic_film_sincos_Pcyc,2,cross_test_0005,0.0,0.026493310928344727,0.0003946734650526196,0.0014618978602811694,0,0
G00_generic_film_sincos_Pcyc,2,cross_test_0006,0.0,0.04145407676696777,0.00017148729239124805,0.0009723241091705859,0,0
G00_generic_film_sincos_Pcyc,2,cross_test_0007,0.0,0.039770305156707764,0.00017953364294953644,0.0010277569526806474,0,0
G00_generic_film_sincos_Pcyc,2,cross_test_0008,0.0,0.04926213622093201,0.0003484544577077031,0.0015832871431484818,0,0
G00_generic_film_sincos_Pcyc,2,cross_test_0009,0.0,0.05858331918716431,0.00018782922415994108,0.0010810592211782932,0,0
G00_generic_film_sincos_Pcyc,2,cross_test_0010,0.0,0.034419089555740356,0.00027353427140042186,0.0012931227684020996,0,0
G00_generic_film_sincos_Pcyc,2,cross_test_0011,0.0,0.05559578537940979,0.00047150335740298033,0.0021391615737229586,0,0
G00_generic_film_sincos_Pcyc,2,cross_test_0012,0.0,0.023873090744018555,0.00024110871891025454,0.0011947915190830827,0,0
G00_generic_film_sincos_Pcyc,2,cross_test_0013,0.0,0.04428505897521973,0.00036095388350076973,0.0014294194988906384,0,0
G00_generic_film_sincos_Pcyc,2,cross_test_0014,0.0,0.023028507828712463,0.00018008505867328495,0.0008061944972723722,0,0
G00_generic_film_sincos_Pcyc,2,L_shape_test_0000,0.0,0.06491202116012573,0.0003996365994680673,0.0016542536905035377,0,0
G00_generic_film_sincos_Pcyc,2,L_shape_test_0001,0.0,0.016369938850402832,0.00021163697238080204,0.0009684041142463684,0,0
G00_generic_film_sincos_Pcyc,2,L_shape_test_0002,0.0,0.07526439428329468,0.0004583000554703176,0.0019227496813982725,0,0
G00_generic_film_sincos_Pcyc,2,L_shape_test_0003,0.0,0.037105023860931396,0.0002729771949816495,0.0011432727333158255,0,0
G00_generic_film_sincos_Pcyc,2,L_shape_test_0004,0.0,0.015590429306030273,0.0003424655878916383,0.0011549395276233554,0,0
G00_generic_film_sincos_Pcyc,2,L_shape_test_0005,0.0,0.11218386888504028,0.0003058775037061423,0.0016656684456393123,0,0
G00_generic_film_sincos_Pcyc,2,L_shape_test_0006,0.0,0.08518868684768677,0.00018404914590064436,0.0011698150774464011,0,0
G00_generic_film_sincos_Pcyc,2,L_shape_test_0007,0.0,0.033898428082466125,0.00032809615368023515,0.0013624775456264615,0,0
G00_generic_film_sincos_Pcyc,2,L_shape_test_0008,0.0,0.04076164960861206,0.00023980168043635786,0.0010775862028822303,0,0
G00_generic_film_sincos_Pcyc,2,L_shape_test_0009,0.0,0.04108303785324097,0.0005010500317439437,0.0018655946478247643,0,0
G00_generic_film_sincos_Pcyc,2,L_shape_test_0010,0.0,0.06820785999298096,0.00026403128867968917,0.0012865958269685507,0,0
G00_generic_film_sincos_Pcyc,2,L_shape_test_0011,0.0,0.022041290998458862,0.0001477923069614917,0.000662007019855082,0,0
G00_generic_film_sincos_Pcyc,2,L_shape_test_0012,0.0,0.060053110122680664,0.00027434632647782564,0.0014454404590651393,0,0
G00_generic_film_sincos_Pcyc,2,L_shape_test_0013,0.0,0.016805946826934814,0.0002591539523564279,0.0009558366728015244,0,0
G00_generic_film_sincos_Pcyc,2,L_shape_test_0014,0.0,0.037900328636169434,0.00019027682719752192,0.0009297372307628393,0,0
G00_generic_film_sincos_Pcyc,2,L_shape_test_0015,0.0,0.04295814037322998,0.000355791999027133,0.001308238715864718,0,0
G00_generic_film_sincos_Pcyc,2,L_shape_test_0016,0.0,0.03839358687400818,0.000269055220996961,0.0010899954941123724,0,0
G00_generic_film_sincos_Pcyc,2,L_shape_test_0017,0.0,0.023733198642730713,0.0003677058848552406,0.0013936831383034587,0,0
G00_generic_film_sincos_Pcyc,2,L_shape_test_0018,0.0,0.05046790838241577,0.00024639908224344254,0.0010694509837776423,0,0
G00_generic_film_sincos_Pcyc,2,L_shape_test_0019,0.0,0.031083345413208008,0.00024900963762775064,0.0012095882557332516,0,0
G00_generic_film_sincos_Pcyc,2,double_line_test_0000,0.0,0.15003150701522827,0.00020502452389337122,0.001748294453136623,0,0
G00_generic_film_sincos_Pcyc,2,double_line_test_0001,0.0,0.15157490968704224,0.00044813219574280083,0.002406847896054387,0,0
G00_generic_film_sincos_Pcyc,2,double_line_test_0002,0.0,0.12880414724349976,0.00021144672064110637,0.001938402303494513,0,0
G00_generic_film_sincos_Pcyc,2,double_line_test_0003,0.0,0.01485663652420044,0.0003560887125786394,0.0012427986366674304,0,0
G00_generic_film_sincos_Pcyc,2,double_line_test_0004,0.0,0.016364965587854385,0.00031970179406926036,0.0012173281284049153,0,0
G00_generic_film_sincos_Pcyc,2,double_line_test_0005,0.0,0.24865227937698364,0.0002393790491623804,0.002549038967117667,0,0
G00_generic_film_sincos_Pcyc,2,double_line_test_0006,0.0,0.059051692485809326,0.00048809146392159164,0.0021600904874503613,0,0
G00_generic_film_sincos_Pcyc,2,double_line_test_0007,0.0,0.03945524990558624,0.0003273796755820513,0.0014234435511752963,0,0
G00_generic_film_sincos_Pcyc,2,double_line_test_0008,0.0,0.08114689588546753,0.00037086382508277893,0.0017404365353286266,0,0
G00_generic_film_sincos_Pcyc,2,double_line_test_0009,0.0,0.017610549926757812,0.0002681998594198376,0.001084888819605112,0,0
G00_generic_film_sincos_Pcyc,2,double_line_test_0010,0.0,0.07678210735321045,0.0003945057687815279,0.001587115926668048,0,0
G00_generic_film_sincos_Pcyc,2,double_line_test_0011,0.0,0.013814777135848999,0.0002262629714095965,0.0008240468450821936,0,0
G00_generic_film_sincos_Pcyc,2,double_line_test_0012,0.0,0.049056410789489746,0.00019536179024726152,0.0010717959376052022,0,0
G00_generic_film_sincos_Pcyc,2,double_line_test_0013,0.0,0.015184804797172546,0.00044887964031659067,0.0014993981458246708,0,0
G00_generic_film_sincos_Pcyc,2,double_line_test_0014,0.0,0.10743427276611328,0.0004300325526855886,0.0018511626403778791,0,0
G00_generic_film_sincos_Pcyc,2,small_rect_edge_test_0000,0.0,0.1889193058013916,0.00017020016093738377,0.0020025221165269613,0,0
G00_generic_film_sincos_Pcyc,2,small_rect_edge_test_0001,0.0,0.05127847194671631,0.00025400359299965203,0.001230735913850367,0,0
G00_generic_film_sincos_Pcyc,2,small_rect_edge_test_0002,0.0,0.2368377447128296,0.0003137911844532937,0.0031326073221862316,0,0
G00_generic_film_sincos_Pcyc,2,small_rect_edge_test_0003,0.0,0.034202128648757935,0.00031697918893769383,0.0013430500403046608,0,0
G00_generic_film_sincos_Pcyc,2,small_rect_edge_test_0004,0.0,0.09725439548492432,0.0003812089853454381,0.0019180774688720703,0,0
G00_generic_film_sincos_Pcyc,2,small_rect_edge_test_0005,0.0,0.07837182283401489,0.00030353671172633767,0.0017565801972523332,0,0
G00_generic_film_sincos_Pcyc,2,small_rect_edge_test_0006,0.0,0.01921134442090988,0.00022975697356741875,0.000944166851695627,0,0
G00_generic_film_sincos_Pcyc,2,small_rect_edge_test_0007,0.0,0.12175184488296509,0.00023686717031523585,0.0017428552964702249,0,0
G00_generic_film_sincos_Pcyc,2,small_rect_edge_test_0008,0.0,0.1494373083114624,0.00044114963384345174,0.0026630377396941185,0,0
G00_generic_film_sincos_Pcyc,2,small_rect_edge_test_0009,0.0,0.041301190853118896,0.00022994524624664336,0.0011405928526073694,0,0
G00_generic_film_sincos_Pcyc,2,point_cluster_test_0000,0.0,0.03506749868392944,0.00026386327226646245,0.0012245733523741364,0,0
G00_generic_film_sincos_Pcyc,2,point_cluster_test_0001,0.0,0.10845547914505005,0.0002918440441135317,0.0016679927939549088,0,0
G00_generic_film_sincos_Pcyc,2,point_cluster_test_0002,0.0,0.02913622558116913,0.000205955991987139,0.0010107666021212935,0,0
G00_generic_film_sincos_Pcyc,2,point_cluster_test_0003,0.0,0.03715084493160248,0.00020071730250492692,0.0011583419982343912,0,0
G00_generic_film_sincos_Pcyc,2,point_cluster_test_0004,0.0,0.045334458351135254,0.0003181475040037185,0.0015719097573310137,0,0
G00_generic_film_sincos_Pcyc,2,point_cluster_test_0005,0.0,0.09576493501663208,0.00027635195874609053,0.0015897402772679925,0,0
G00_generic_film_sincos_Pcyc,2,point_cluster_test_0006,0.0,0.2182701826095581,0.00024064604076556861,0.002207441721111536,0,0
G00_generic_film_sincos_Pcyc,2,point_cluster_test_0007,0.0,0.043188780546188354,0.00026412069564685225,0.0013101857621222734,0,0
G00_generic_film_sincos_Pcyc,2,point_cluster_test_0008,0.0,0.029887080192565918,0.00022911300766281784,0.0012548575177788734,0,0
G00_generic_film_sincos_Pcyc,2,point_cluster_test_0009,0.0,0.01709127426147461,0.0001551610039314255,0.0008312929421663284,0,0
G00_generic_film_sincos_Pcyc,2,point_cluster_test_0010,0.0,0.021351337432861328,0.0002877734077628702,0.0012557466980069876,0,0
G00_generic_film_sincos_Pcyc,2,point_cluster_test_0011,0.0,0.034084469079971313,0.00030463136499747634,0.001545520150102675,0,0
G00_generic_film_sincos_Pcyc,2,point_cluster_test_0012,0.0,0.07857513427734375,0.00025112356524914503,0.001610766164958477,0,0
G00_generic_film_sincos_Pcyc,2,point_cluster_test_0013,0.0,0.03181201219558716,0.0003998784814029932,0.0016396325081586838,0,0
G00_generic_film_sincos_Pcyc,2,point_cluster_test_0014,0.0,0.04795853793621063,0.00014797740732319653,0.0008783812518231571,0,0
G00_generic_film_sincos_Pcyc,2,point_cluster_test_0015,0.0,0.05490294098854065,0.00026078891823999584,0.0016716161044314504,0,0
G00_generic_film_sincos_Pcyc,2,point_cluster_test_0016,0.0,0.0359843373298645,0.00033425819128751755,0.001284525846131146,0,0
G00_generic_film_sincos_Pcyc,2,point_cluster_test_0017,0.0,0.12532681226730347,0.00020056954235769808,0.001736789825372398,0,0
G00_generic_film_sincos_Pcyc,2,point_cluster_test_0018,0.0,0.08701521158218384,0.00028892705449834466,0.001829241868108511,0,0
G00_generic_film_sincos_Pcyc,2,point_cluster_test_0019,0.0,0.01651287078857422,0.00016949641576502472,0.0008797423215582967,0,0
G01_generic_film_scalar_Pcyc,0,line_test_0000,0.0,0.022422075271606445,0.00023755390429869294,0.0010316225234419107,0,0
G01_generic_film_scalar_Pcyc,0,line_test_0001,0.0,0.02088828757405281,0.00047636483213864267,0.001512487418949604,0,0
G01_generic_film_scalar_Pcyc,0,line_test_0002,0.0,0.02260911464691162,0.0003473764518275857,0.0012527804356068373,0,0
G01_generic_film_scalar_Pcyc,0,line_test_0003,0.0,0.05517846345901489,0.0005974263767711818,0.0027218866162002087,0,0
G01_generic_film_scalar_Pcyc,0,line_test_0004,0.0,0.032587289810180664,0.00023030192824080586,0.0009895688854157925,0,0
G01_generic_film_scalar_Pcyc,0,line_test_0005,0.0,0.028088703751564026,0.00028160284273326397,0.0010832006810232997,0,0
G01_generic_film_scalar_Pcyc,0,line_test_0006,0.0,0.05659845471382141,0.0005108044133521616,0.002600317122414708,0,0
G01_generic_film_scalar_Pcyc,0,line_test_0007,0.0,0.020896468311548233,0.00029919392545707524,0.0011154355015605688,0,0
G01_generic_film_scalar_Pcyc,0,line_test_0008,0.0,0.020906388759613037,0.0003463110188022256,0.001175644458271563,0,0
G01_generic_film_scalar_Pcyc,0,line_test_0009,0.0,0.02090815082192421,0.0003206170513294637,0.001229520421475172,0,0
G01_generic_film_scalar_Pcyc,0,line_test_0010,0.0,0.02089882642030716,0.00032173036015592515,0.001305129611864686,0,0
G01_generic_film_scalar_Pcyc,0,line_test_0011,0.0,0.13643169403076172,0.00033991452073678374,0.0025194017216563225,0,0
G01_generic_film_scalar_Pcyc,0,line_test_0012,0.0,0.025811731815338135,0.00034775733365677297,0.0013623263221234083,0,0
G01_generic_film_scalar_Pcyc,0,line_test_0013,0.0,0.02091008797287941,0.00033314561005681753,0.0012167509412392974,0,0
G01_generic_film_scalar_Pcyc,0,line_test_0014,0.0,0.02088475227355957,0.000247678195592016,0.0009895490948110819,0,0
G01_generic_film_scalar_Pcyc,0,line_test_0015,0.0,0.03780508041381836,0.0003191610740032047,0.0013505786191672087,0,0
G01_generic_film_scalar_Pcyc,0,line_test_0016,0.0,0.020893871784210205,0.0003694904444273561,0.0012740648817270994,0,0
G01_generic_film_scalar_Pcyc,0,line_test_0017,0.0,0.15920156240463257,0.00029910600278526545,0.0024442297872155905,0,0
G01_generic_film_scalar_Pcyc,0,line_test_0018,0.0,0.03906182944774628,0.00033306502155028284,0.0012754604686051607,0,0
G01_generic_film_scalar_Pcyc,0,line_test_0019,0.0,0.02092783898115158,0.0003044824698008597,0.0011379640782251954,0,0
G01_generic_film_scalar_Pcyc,0,cross_test_0000,0.0,0.04251706600189209,0.00040573516162112355,0.0015244352398440242,0,0
G01_generic_film_scalar_Pcyc,0,cross_test_0001,0.0,0.0209059976041317,0.00031579023925587535,0.0011041407706215978,0,0
G01_generic_film_scalar_Pcyc,0,cross_test_0002,0.0,0.06583619117736816,0.00034819639404304326,0.0016493285074830055,0,0
G01_generic_film_scalar_Pcyc,0,cross_test_0003,0.0,0.02265787124633789,0.00038615037919953465,0.0014466865686699748,0,0
G01_generic_film_scalar_Pcyc,0,cross_test_0004,0.0,0.020906738936901093,0.00037165655521675944,0.0013458570465445518,0,0
G01_generic_film_scalar_Pcyc,0,cross_test_0005,0.0,0.02923530340194702,0.0005432459875009954,0.0018042279407382011,0,0
G01_generic_film_scalar_Pcyc,0,cross_test_0006,0.0,0.020897142589092255,0.00027151944232173264,0.0010850896360352635,0,0
G01_generic_film_scalar_Pcyc,0,cross_test_0007,0.0,0.02089017629623413,0.0002988240448758006,0.0012469920329749584,0,0
G01_generic_film_scalar_Pcyc,0,cross_test_0008,0.0,0.045931994915008545,0.0004910554271191359,0.0017460641684010625,0,0
G01_generic_film_scalar_Pcyc,0,cross_test_0009,0.0,0.021242260932922363,0.00029788631945848465,0.0012191894929856062,0,0
G01_generic_film_scalar_Pcyc,0,cross_test_0010,0.0,0.024017781019210815,0.0003965287178289145,0.001454188022762537,0,0
G01_generic_film_scalar_Pcyc,0,cross_test_0011,0.0,0.0272904634475708,0.0005848571890965104,0.0020375901367515326,0,0
G01_generic_film_scalar_Pcyc,0,cross_test_0012,0.0,0.02089204266667366,0.000336532510118559,0.0012901737354695797,0,0
G01_generic_film_scalar_Pcyc,0,cross_test_0013,0.0,0.03724449872970581,0.00043909865780733526,0.0014566236641258001,0,0
G01_generic_film_scalar_Pcyc,0,cross_test_0014,0.0,0.02834908664226532,0.0003221617953386158,0.0012006937758997083,0,0
G01_generic_film_scalar_Pcyc,0,L_shape_test_0000,0.0,0.02640819549560547,0.0005176395061425865,0.001639663940295577,0,0
G01_generic_film_scalar_Pcyc,0,L_shape_test_0001,0.0,0.020906388759613037,0.00030805711867287755,0.0010808520019054413,0,0
G01_generic_film_scalar_Pcyc,0,L_shape_test_0002,0.0,0.039668723940849304,0.0006186654209159315,0.002110386500135064,0,0
G01_generic_film_scalar_Pcyc,0,L_shape_test_0003,0.0,0.04114246368408203,0.0003982940688729286,0.0013966228580102324,0,0
G01_generic_film_scalar_Pcyc,0,L_shape_test_0004,0.0,0.02829456329345703,0.00042754877358675003,0.0012797594536095858,0,0
G01_generic_film_scalar_Pcyc,0,L_shape_test_0005,0.0,0.03809911012649536,0.0004369666858110577,0.001501296879723668,0,0
G01_generic_film_scalar_Pcyc,0,L_shape_test_0006,0.0,0.02089715749025345,0.0002525359741412103,0.000972563459072262,0,0
G01_generic_film_scalar_Pcyc,0,L_shape_test_0007,0.0,0.02089504525065422,0.0003717101353686303,0.001294677029363811,0,0
G01_generic_film_scalar_Pcyc,0,L_shape_test_0008,0.0,0.020879875868558884,0.0003282187390141189,0.00110453215893358,0,0
G01_generic_film_scalar_Pcyc,0,L_shape_test_0009,0.0,0.0424780547618866,0.000553183548618108,0.00166950689163059,0,0
G01_generic_film_scalar_Pcyc,0,L_shape_test_0010,0.0,0.021356940269470215,0.00031394194229505956,0.0011776717146858573,0,0
G01_generic_film_scalar_Pcyc,0,L_shape_test_0011,0.0,0.02088971808552742,0.0002719564945437014,0.0010326957562938333,0,0
G01_generic_film_scalar_Pcyc,0,L_shape_test_0012,0.0,0.020892124623060226,0.0003312067419756204,0.001168033224530518,0,0
G01_generic_film_scalar_Pcyc,0,L_shape_test_0013,0.0,0.020901646465063095,0.00034870306262746453,0.001197304343804717,0,0
G01_generic_film_scalar_Pcyc,0,L_shape_test_0014,0.0,0.020888566970825195,0.00030586120556108654,0.0011321867350488901,0,0
G01_generic_film_scalar_Pcyc,0,L_shape_test_0015,0.0,0.020879384130239487,0.0003694323531817645,0.0011461625108495355,0,0
G01_generic_film_scalar_Pcyc,0,L_shape_test_0016,0.0,0.020885571837425232,0.0003401067806407809,0.0011486872099339962,0,0
G01_generic_film_scalar_Pcyc,0,L_shape_test_0017,0.0,0.02723008394241333,0.00044507940765470266,0.0014116218080744147,0,0
G01_generic_film_scalar_Pcyc,0,L_shape_test_0018,0.0,0.020879175513982773,0.0003825071908067912,0.001215137424878776,0,0
G01_generic_film_scalar_Pcyc,0,L_shape_test_0019,0.0,0.02760988473892212,0.00037024650373496115,0.0013275147648528218,0,0
G01_generic_film_scalar_Pcyc,0,double_line_test_0000,0.0,0.062991201877594,0.0003005386679433286,0.001371589838527143,0,0
G01_generic_film_scalar_Pcyc,0,double_line_test_0001,0.0,0.04380735754966736,0.0005719887558370829,0.002214946784079075,0,0
G01_generic_film_scalar_Pcyc,0,double_line_test_0002,0.0,0.08901691436767578,0.00025874379207380116,0.0016021329211071134,0,0
G01_generic_film_scalar_Pcyc,0,double_line_test_0003,0.0,0.020902559161186218,0.00035363982897251844,0.0011231296230107546,0,0
G01_generic_film_scalar_Pcyc,0,double_line_test_0004,0.0,0.02090444043278694,0.00042599026346579194,0.0014097269158810377,0,0
G01_generic_film_scalar_Pcyc,0,double_line_test_0005,0.0,0.10289961099624634,0.0003018353891093284,0.001626140670850873,0,0
G01_generic_film_scalar_Pcyc,0,double_line_test_0006,0.0,0.04784691333770752,0.000555969774723053,0.0020502854604274035,0,0
G01_generic_film_scalar_Pcyc,0,double_line_test_0007,0.0,0.02089877799153328,0.0003865930484607816,0.0012465217150747776,0,0
G01_generic_film_scalar_Pcyc,0,double_line_test_0008,0.0,0.04071331024169922,0.0004864376096520573,0.0016097286716103554,0,0
G01_generic_film_scalar_Pcyc,0,double_line_test_0009,0.0,0.020918793976306915,0.0003582049102988094,0.0011708319652825594,0,0
G01_generic_film_scalar_Pcyc,0,double_line_test_0010,0.0,0.020899638533592224,0.00039931017090566456,0.001293108449317515,0,0
G01_generic_film_scalar_Pcyc,0,double_line_test_0011,0.0,0.02086927369236946,0.00027239436167292297,0.0009773538913577795,0,0
G01_generic_film_scalar_Pcyc,0,double_line_test_0012,0.0,0.020897865295410156,0.0002682154590729624,0.0010043865768238902,0,0
G01_generic_film_scalar_Pcyc,0,double_line_test_0013,0.0,0.020900461822748184,0.0003871785884257406,0.0011861922685056925,0,0
G01_generic_film_scalar_Pcyc,0,double_line_test_0014,0.0,0.0587654709815979,0.0005579353892244399,0.0018359299283474684,0,0
G01_generic_film_scalar_Pcyc,0,small_rect_edge_test_0000,0.0,0.06298118829727173,0.00029274963890202343,0.0013613526243716478,0,0
G01_generic_film_scalar_Pcyc,0,small_rect_edge_test_0001,0.0,0.03814022243022919,0.00034635249176062644,0.0013419432798400521,0,0
G01_generic_film_scalar_Pcyc,0,small_rect_edge_test_0002,0.0,0.09935444593429565,0.0003651226288639009,0.0019535257015377283,0,0
G01_generic_film_scalar_Pcyc,0,small_rect_edge_test_0003,0.0,0.034246206283569336,0.00039721003849990666,0.0013498332118615508,0,0
G01_generic_film_scalar_Pcyc,0,small_rect_edge_test_0004,0.0,0.058424174785614014,0.0005158694111742079,0.002072301460430026,0,0
G01_generic_film_scalar_Pcyc,0,small_rect_edge_test_0005,0.0,0.05434441566467285,0.00041060231160372496,0.0015830787597224116,0,0
G01_generic_film_scalar_Pcyc,0,small_rect_edge_test_0006,0.0,0.027519680559635162,0.00043599301716312766,0.0015973160043358803,0,0
G01_generic_film_scalar_Pcyc,0,small_rect_edge_test_0007,0.0,0.06116330623626709,0.00027590504032559693,0.0014881538227200508,0,0
G01_generic_film_scalar_Pcyc,0,small_rect_edge_test_0008,0.0,0.12998074293136597,0.0005750204436480999,0.0025232993066310883,0,0
G01_generic_film_scalar_Pcyc,0,small_rect_edge_test_0009,0.0,0.020878948271274567,0.00034523464273661375,0.0012043871683999896,0,0
G01_generic_film_scalar_Pcyc,0,point_cluster_test_0000,0.0,0.020895037800073624,0.0003822322469204664,0.0013864669017493725,0,0
G01_generic_film_scalar_Pcyc,0,point_cluster_test_0001,0.0,0.051046133041381836,0.00039026234298944473,0.0014879910741001368,0,0
G01_generic_film_scalar_Pcyc,0,point_cluster_test_0002,0.0,0.0379447340965271,0.000394023722037673,0.0016576184425503016,0,0
G01_generic_film_scalar_Pcyc,0,point_cluster_test_0003,0.0,0.027048707008361816,0.00034924535430036485,0.0013614558847621083,0,0
G01_generic_film_scalar_Pcyc,0,point_cluster_test_0004,0.0,0.02342158555984497,0.00045774580212309957,0.0017001581145450473,0,0
G01_generic_film_scalar_Pcyc,0,point_cluster_test_0005,0.0,0.04728507995605469,0.00044069450814276934,0.0017017312347888947,0,0
G01_generic_film_scalar_Pcyc,0,point_cluster_test_0006,0.0,0.1494322419166565,0.00042978505371138453,0.0024122807662934065,0,0
G01_generic_film_scalar_Pcyc,0,point_cluster_test_0007,0.0,0.039595454931259155,0.0004456333117559552,0.0018254979513585567,0,0
G01_generic_film_scalar_Pcyc,0,point_cluster_test_0008,0.0,0.02525871992111206,0.0003648859274107963,0.001513207913376391,0,0
G01_generic_film_scalar_Pcyc,0,point_cluster_test_0009,0.0,0.0446147620677948,0.00030030429479666054,0.001241180463694036,0,0
G01_generic_film_scalar_Pcyc,0,point_cluster_test_0010,0.0,0.020917467772960663,0.0003566060622688383,0.0012979606399312615,0,0
G01_generic_film_scalar_Pcyc,0,point_cluster_test_0011,0.0,0.05035513639450073,0.0005346398684196174,0.0024610692635178566,0,0
G01_generic_film_scalar_Pcyc,0,point_cluster_test_0012,0.0,0.056008994579315186,0.00036251856363378465,0.0016007263911888003,0,0
G01_generic_film_scalar_Pcyc,0,point_cluster_test_0013,0.0,0.03769594430923462,0.0006391301867552102,0.002268827287480235,0,0
G01_generic_film_scalar_Pcyc,0,point_cluster_test_0014,0.0,0.03644174337387085,0.00029449965222738683,0.0012353584170341492,0,0
G01_generic_film_scalar_Pcyc,0,point_cluster_test_0015,0.0,0.06373345851898193,0.0003876652626786381,0.0018622038187459111,0,0
G01_generic_film_scalar_Pcyc,0,point_cluster_test_0016,0.0,0.02134661376476288,0.0005209411610849202,0.0017676760908216238,0,0
G01_generic_film_scalar_Pcyc,0,point_cluster_test_0017,0.0,0.07580620050430298,0.0003512029361445457,0.001742925145663321,0,0
G01_generic_film_scalar_Pcyc,0,point_cluster_test_0018,0.0,0.05345714092254639,0.0004159198433626443,0.0017407217528671026,0,0
G01_generic_film_scalar_Pcyc,0,point_cluster_test_0019,0.0,0.02089681103825569,0.00030421061092056334,0.0011650959495455027,0,0
G01_generic_film_scalar_Pcyc,1,line_test_0000,0.0,0.03142635524272919,0.0002313880977453664,0.0013081483775749803,0,0
G01_generic_film_scalar_Pcyc,1,line_test_0001,0.0,0.029242858290672302,0.0004779696464538574,0.002024456625804305,0,0
G01_generic_film_scalar_Pcyc,1,line_test_0002,0.0,0.0447964072227478,0.0005239354795776308,0.0025254818610846996,0,0
G01_generic_film_scalar_Pcyc,1,line_test_0003,0.0,0.08842429518699646,0.0006396775715984404,0.0034544270019978285,0,0
G01_generic_film_scalar_Pcyc,1,line_test_0004,0.0,0.02159944921731949,0.00017343620129395276,0.0009965812787413597,0,0
G01_generic_film_scalar_Pcyc,1,line_test_0005,0.0,0.03585129976272583,0.0002129400963895023,0.0011578669073060155,0,0
G01_generic_film_scalar_Pcyc,1,line_test_0006,0.0,0.08683466911315918,0.0004990363377146423,0.003238612087443471,0,0
G01_generic_film_scalar_Pcyc,1,line_test_0007,0.0,0.036426231265068054,0.0002374961186433211,0.001213187351822853,0,0
G01_generic_film_scalar_Pcyc,1,line_test_0008,0.0,0.02160608023405075,0.00020283264166209847,0.0009755120263434947,0,0
G01_generic_film_scalar_Pcyc,1,line_test_0009,0.0,0.027349531650543213,0.0003121350018773228,0.0015263715758919716,0,0
G01_generic_film_scalar_Pcyc,1,line_test_0010,0.0,0.03771907091140747,0.0003483273321762681,0.001846758765168488,0,0
G01_generic_film_scalar_Pcyc,1,line_test_0011,0.0,0.07040399312973022,0.0002947357133962214,0.0014965145383030176,0,0
G01_generic_film_scalar_Pcyc,1,line_test_0012,0.0,0.04414087533950806,0.0004335275443736464,0.0022573487367480993,0,0
G01_generic_film_scalar_Pcyc,1,line_test_0013,0.0,0.030062049627304077,0.00032795220613479614,0.001521631726063788,0,0
G01_generic_film_scalar_Pcyc,1,line_test_0014,0.0,0.021601811051368713,0.00016083585796877742,0.000938093347940594,0,0
G01_generic_film_scalar_Pcyc,1,line_test_0015,0.0,0.056810349225997925,0.0003683698596432805,0.0021685927640646696,0,0
G01_generic_film_scalar_Pcyc,1,line_test_0016,0.0,0.027800917625427246,0.0004548311699181795,0.001998754683881998,0,0
G01_generic_film_scalar_Pcyc,1,line_test_0017,0.0,0.061855047941207886,0.00020117490203119814,0.0013782782480120659,0,0
G01_generic_film_scalar_Pcyc,1,line_test_0018,0.0,0.060060203075408936,0.0003463919856585562,0.0017007680144160986,0,0
G01_generic_film_scalar_Pcyc,1,line_test_0019,0.0,0.03814983367919922,0.00022813737450633198,0.00127367302775383,0,0
G01_generic_film_scalar_Pcyc,1,cross_test_0000,0.0,0.03935915231704712,0.00047825538786128163,0.0022244423162192106,0,0
G01_generic_film_scalar_Pcyc,1,cross_test_0001,0.0,0.021588072180747986,0.00021442504657898098,0.00113154505379498,0,0
G01_generic_film_scalar_Pcyc,1,cross_test_0002,0.0,0.03393641114234924,0.00027541833696886897,0.0013943972298875451,0,0
G01_generic_film_scalar_Pcyc,1,cross_test_0003,0.0,0.033400535583496094,0.0004163268895354122,0.0019047721289098263,0,0
G01_generic_film_scalar_Pcyc,1,cross_test_0004,0.0,0.0447772741317749,0.00040592721779830754,0.0019961176440119743,0,0
G01_generic_film_scalar_Pcyc,1,cross_test_0005,0.0,0.04031950235366821,0.0003913191903848201,0.0016060842899605632,0,0
G01_generic_film_scalar_Pcyc,1,cross_test_0006,0.0,0.021598786115646362,0.00017075029609259218,0.0009975254070013762,0,0
G01_generic_film_scalar_Pcyc,1,cross_test_0007,0.0,0.026587337255477905,0.0002040668041445315,0.0010985105764120817,0,0
G01_generic_film_scalar_Pcyc,1,cross_test_0008,0.0,0.0644167959690094,0.0006755520007573068,0.003133464138954878,0,0
G01_generic_film_scalar_Pcyc,1,cross_test_0009,0.0,0.03026038408279419,0.00025787935010157526,0.0013635822106152773,0,0
G01_generic_film_scalar_Pcyc,1,cross_test_0010,0.0,0.05833616852760315,0.0004251826030667871,0.00208046892657876,0,0
G01_generic_film_scalar_Pcyc,1,cross_test_0011,0.0,0.06267555058002472,0.0009124629432335496,0.0039968909695744514,0,0
G01_generic_film_scalar_Pcyc,1,cross_test_0012,0.0,0.026965439319610596,0.0003043651522602886,0.0014871140010654926,0,0
G01_generic_film_scalar_Pcyc,1,cross_test_0013,0.0,0.05229991674423218,0.0004612112243194133,0.0020595311652868986,0,0
G01_generic_film_scalar_Pcyc,1,cross_test_0014,0.0,0.03933626413345337,0.00029839936178177595,0.0014527576277032495,0,0
G01_generic_film_scalar_Pcyc,1,L_shape_test_0000,0.0,0.06099510192871094,0.000801373622380197,0.0033117136918008327,0,0
G01_generic_film_scalar_Pcyc,1,L_shape_test_0001,0.0,0.028754055500030518,0.00023287947988137603,0.0011995332315564156,0,0
G01_generic_film_scalar_Pcyc,1,L_shape_test_0002,0.0,0.05450737476348877,0.0006234401371330023,0.00263145356439054,0,0
G01_generic_film_scalar_Pcyc,1,L_shape_test_0003,0.0,0.049458980560302734,0.0003909614169970155,0.0017046486027538776,0,0
G01_generic_film_scalar_Pcyc,1,L_shape_test_0004,0.0,0.03483765572309494,0.0005890058819204569,0.0023679889272898436,0,0
G01_generic_film_scalar_Pcyc,1,L_shape_test_0005,0.0,0.03361256420612335,0.0004496599140111357,0.0019422119949012995,0,0
G01_generic_film_scalar_Pcyc,1,L_shape_test_0006,0.0,0.021999210119247437,0.00023391643480863422,0.0011498602107167244,0,0
G01_generic_film_scalar_Pcyc,1,L_shape_test_0007,0.0,0.0265892893075943,0.0004207268648315221,0.001776434131897986,0,0
G01_generic_film_scalar_Pcyc,1,L_shape_test_0008,0.0,0.0321463942527771,0.0003055472334381193,0.0014142172876745462,0,0
G01_generic_film_scalar_Pcyc,1,L_shape_test_0009,0.0,0.06774526834487915,0.0004946254775859416,0.0021456286776810884,0,0
G01_generic_film_scalar_Pcyc,1,L_shape_test_0010,0.0,0.03313714265823364,0.0003591919376049191,0.001856303191743791,0,0
G01_generic_film_scalar_Pcyc,1,L_shape_test_0011,0.0,0.021610818803310394,0.00017981855489779264,0.000989793916232884,0,0
G01_generic_film_scalar_Pcyc,1,L_shape_test_0012,0.0,0.034695908427238464,0.00034553834120742977,0.0015959595330059528,0,0
G01_generic_film_scalar_Pcyc,1,L_shape_test_0013,0.0,0.023872211575508118,0.000326361448969692,0.0013953277375549078,0,0
G01_generic_film_scalar_Pcyc,1,L_shape_test_0014,0.0,0.023898065090179443,0.00033259575138799846,0.001544832019135356,0,0
G01_generic_film_scalar_Pcyc,1,L_shape_test_0015,0.0,0.0262109637260437,0.00038293475518003106,0.0014964998699724674,0,0
G01_generic_film_scalar_Pcyc,1,L_shape_test_0016,0.0,0.029203876852989197,0.00035700612352229655,0.0015448492486029863,0,0
G01_generic_film_scalar_Pcyc,1,L_shape_test_0017,0.0,0.03438028693199158,0.0004829342069569975,0.0018294425681233406,0,0
G01_generic_film_scalar_Pcyc,1,L_shape_test_0018,0.0,0.02660633623600006,0.00035465549444779754,0.0014498633099719882,0,0
G01_generic_film_scalar_Pcyc,1,L_shape_test_0019,0.0,0.048095375299453735,0.00039202257175929844,0.0018719426589086652,0,0
G01_generic_film_scalar_Pcyc,1,double_line_test_0000,0.0,0.06577461957931519,0.0002833653998095542,0.0015836405800655484,0,0
G01_generic_film_scalar_Pcyc,1,double_line_test_0001,0.0,0.06466442346572876,0.0007541056256741285,0.003557206131517887,0,0
G01_generic_film_scalar_Pcyc,1,double_line_test_0002,0.0,0.052806317806243896,0.00018817141244653612,0.0012969510862603784,0,0
G01_generic_film_scalar_Pcyc,1,double_line_test_0003,0.0,0.023714721202850342,0.00024153471167664975,0.0011063679121434689,0,0
G01_generic_film_scalar_Pcyc,1,double_line_test_0004,0.0,0.039749324321746826,0.0004997414071112871,0.0022045245859771967,0,0
G01_generic_film_scalar_Pcyc,1,double_line_test_0005,0.0,0.06516146659851074,0.00022099612397141755,0.0014012550236657262,0,0
G01_generic_film_scalar_Pcyc,1,double_line_test_0006,0.0,0.053183019161224365,0.0006900157895870507,0.00296391942538321,0,0
G01_generic_film_scalar_Pcyc,1,double_line_test_0007,0.0,0.025005266070365906,0.0003101226466242224,0.0013261587591841817,0,0
G01_generic_film_scalar_Pcyc,1,double_line_test_0008,0.0,0.058620452880859375,0.0004830717807635665,0.0021983447950333357,0,0
G01_generic_film_scalar_Pcyc,1,double_line_test_0009,0.0,0.026691824197769165,0.00025396503042429686,0.0012258229544386268,0,0
G01_generic_film_scalar_Pcyc,1,double_line_test_0010,0.0,0.021597564220428467,0.00031050550751388073,0.0013091397704556584,0,0
G01_generic_film_scalar_Pcyc,1,double_line_test_0011,0.0,0.02159140259027481,0.00019211556355003268,0.0009816214442253113,0,0
G01_generic_film_scalar_Pcyc,1,double_line_test_0012,0.0,0.021600909531116486,0.00019916000019293278,0.0010355579433962703,0,0
G01_generic_film_scalar_Pcyc,1,double_line_test_0013,0.0,0.02159397304058075,0.00021222283248789608,0.0009982193587347865,0,0
G01_generic_film_scalar_Pcyc,1,double_line_test_0014,0.0,0.06494951248168945,0.0007260494166985154,0.0029724796768277884,0,0
G01_generic_film_scalar_Pcyc,1,small_rect_edge_test_0000,0.0,0.04547007381916046,0.000299263367196545,0.0016771059017628431,0,0
G01_generic_film_scalar_Pcyc,1,small_rect_edge_test_0001,0.0,0.06580168008804321,0.00035789559478871524,0.0017649205401539803,0,0
G01_generic_film_scalar_Pcyc,1,small_rect_edge_test_0002,0.0,0.04733264446258545,0.00022088445257395506,0.0013162757968530059,0,0
G01_generic_film_scalar_Pcyc,1,small_rect_edge_test_0003,0.0,0.04371604323387146,0.000296930898912251,0.0015200847992673516,0,0
G01_generic_film_scalar_Pcyc,1,small_rect_edge_test_0004,0.0,0.07102000713348389,0.0008345548994839191,0.0040627699345350266,0,0
G01_generic_film_scalar_Pcyc,1,small_rect_edge_test_0005,0.0,0.08812415599822998,0.0005375583423301578,0.002614788943901658,0,0
G01_generic_film_scalar_Pcyc,1,small_rect_edge_test_0006,0.0,0.0377216711640358,0.0002532706130295992,0.0012885399628430605,0,0
G01_generic_film_scalar_Pcyc,1,small_rect_edge_test_0007,0.0,0.07049190998077393,0.00020210804359521717,0.0015183986397460103,0,0
G01_generic_film_scalar_Pcyc,1,small_rect_edge_test_0008,0.0,0.13671696186065674,0.0008279061876237392,0.004054244142025709,0,0
G01_generic_film_scalar_Pcyc,1,small_rect_edge_test_0009,0.0,0.03638654947280884,0.00025319852284155786,0.0013086049584671855,0,0
G01_generic_film_scalar_Pcyc,1,point_cluster_test_0000,0.0,0.03743523359298706,0.00024211341224145144,0.0012598545290529728,0,0
G01_generic_film_scalar_Pcyc,1,point_cluster_test_0001,0.0,0.05465644598007202,0.00044698850251734257,0.0022821305319666862,0,0
G01_generic_film_scalar_Pcyc,1,point_cluster_test_0002,0.0,0.0485377162694931,0.00029501880635507405,0.0015534842386841774,0,0
G01_generic_film_scalar_Pcyc,1,point_cluster_test_0003,0.0,0.039398133754730225,0.0003196296456735581,0.0016979662468656898,0,0
G01_generic_film_scalar_Pcyc,1,point_cluster_test_0004,0.0,0.06150892376899719,0.0005922545096836984,0.0030799047090113163,0,0
G01_generic_film_scalar_Pcyc,1,point_cluster_test_0005,0.0,0.037028223276138306,0.00047171246842481196,0.0021799139212816954,0,0
G01_generic_film_scalar_Pcyc,1,point_cluster_test_0006,0.0,0.13824719190597534,0.0003363796859048307,0.002211974700912833,0,0
G01_generic_film_scalar_Pcyc,1,point_cluster_test_0007,0.0,0.07590296864509583,0.0003576597955543548,0.001842063618823886,0,0
G01_generic_film_scalar_Pcyc,1,point_cluster_test_0008,0.0,0.03453740477561951,0.0002899654791690409,0.0014448869042098522,0,0
G01_generic_film_scalar_Pcyc,1,point_cluster_test_0009,0.0,0.023517370223999023,0.00025387684581801295,0.0013214433565735817,0,0
G01_generic_film_scalar_Pcyc,1,point_cluster_test_0010,0.0,0.023878082633018494,0.0003619165509007871,0.0016205708961933851,0,0
G01_generic_film_scalar_Pcyc,1,point_cluster_test_0011,0.0,0.07645019888877869,0.00039139811997301877,0.0020129799377173185,0,0
G01_generic_film_scalar_Pcyc,1,point_cluster_test_0012,0.0,0.04589524865150452,0.00039318588096648455,0.00204599741846323,0,0
G01_generic_film_scalar_Pcyc,1,point_cluster_test_0013,0.0,0.06582260131835938,0.0008053556084632874,0.0035597519017755985,0,0
G01_generic_film_scalar_Pcyc,1,point_cluster_test_0014,0.0,0.05113688111305237,0.0003796872333623469,0.002188953338190913,0,0
G01_generic_film_scalar_Pcyc,1,point_cluster_test_0015,0.0,0.0673213005065918,0.0004587422590702772,0.0027138888835906982,0,0
G01_generic_film_scalar_Pcyc,1,point_cluster_test_0016,0.0,0.029549509286880493,0.00029068757430650294,0.0013073724694550037,0,0
G01_generic_film_scalar_Pcyc,1,point_cluster_test_0017,0.0,0.08848235011100769,0.0003321736876387149,0.0018265576800331473,0,0
G01_generic_film_scalar_Pcyc,1,point_cluster_test_0018,0.0,0.12173616886138916,0.0005030662869103253,0.002897651633247733,0,0
G01_generic_film_scalar_Pcyc,1,point_cluster_test_0019,0.0,0.030402660369873047,0.00021244084928184748,0.001144022447988391,0,0
G01_generic_film_scalar_Pcyc,2,line_test_0000,0.0,0.09515199065208435,0.0006935534183867276,0.00433631194755435,0,0
G01_generic_film_scalar_Pcyc,2,line_test_0001,0.0,0.09512637555599213,0.0009418464615009725,0.0047128573060035706,0,0
G01_generic_film_scalar_Pcyc,2,line_test_0002,0.0,0.09516797959804535,0.0010742716258391738,0.005145075265318155,0,0
G01_generic_film_scalar_Pcyc,2,line_test_0003,0.0,0.09509557485580444,0.0012551449472084641,0.005897203925997019,0,0
G01_generic_film_scalar_Pcyc,2,line_test_0004,0.0,0.09518072009086609,0.0006024509784765542,0.0041655488312244415,0,0
G01_generic_film_scalar_Pcyc,2,line_test_0005,0.0,0.09513439238071442,0.0006462142919190228,0.004199272952973843,0,0
G01_generic_film_scalar_Pcyc,2,line_test_0006,0.0,0.1173943281173706,0.0011078446405008435,0.0058527616783976555,0,0
G01_generic_film_scalar_Pcyc,2,line_test_0007,0.0,0.095179483294487,0.0007434989674948156,0.004382081795483828,0,0
G01_generic_film_scalar_Pcyc,2,line_test_0008,0.0,0.09509631991386414,0.0007115877815522254,0.00423525832593441,0,0
G01_generic_film_scalar_Pcyc,2,line_test_0009,0.0,0.09518621861934662,0.0007604747079312801,0.004390027839690447,0,0
G01_generic_film_scalar_Pcyc,2,line_test_0010,0.0,0.09513004124164581,0.0007399295573122799,0.004442112520337105,0,0
G01_generic_film_scalar_Pcyc,2,line_test_0011,0.0,0.15428704023361206,0.0007688355981372297,0.0046035367995500565,0,0
G01_generic_film_scalar_Pcyc,2,line_test_0012,0.0,0.09515625238418579,0.0009261285304091871,0.004849871154874563,0,0
G01_generic_film_scalar_Pcyc,2,line_test_0013,0.0,0.0950988382101059,0.000746235775295645,0.0043074325658380985,0,0
G01_generic_film_scalar_Pcyc,2,line_test_0014,0.0,0.09517820179462433,0.0005947162862867117,0.004117597825825214,0,0
G01_generic_film_scalar_Pcyc,2,line_test_0015,0.0,0.09516797959804535,0.000805314106401056,0.004698022268712521,0,0
G01_generic_film_scalar_Pcyc,2,line_test_0016,0.0,0.09508605301380157,0.0009172513382509351,0.004559053108096123,0,0
G01_generic_film_scalar_Pcyc,2,line_test_0017,0.0,0.19313955307006836,0.000667620450258255,0.005009422078728676,0,0
G01_generic_film_scalar_Pcyc,2,line_test_0018,0.0,0.09510456025600433,0.0008741094497963786,0.004701398313045502,0,0
G01_generic_film_scalar_Pcyc,2,line_test_0019,0.0,0.0951744019985199,0.0007025952800177038,0.004270259756594896,0,0
G01_generic_film_scalar_Pcyc,2,cross_test_0000,0.0,0.09510071575641632,0.0008671645191498101,0.004653847776353359,0,0
G01_generic_film_scalar_Pcyc,2,cross_test_0001,0.0,0.09515583515167236,0.0006106936489231884,0.004111427813768387,0,0
G01_generic_film_scalar_Pcyc,2,cross_test_0002,0.0,0.09716925024986267,0.0007340112351812422,0.004541722591966391,0,0
G01_generic_film_scalar_Pcyc,2,cross_test_0003,0.0,0.09514863789081573,0.0010916246101260185,0.005403990391641855,0,0
G01_generic_film_scalar_Pcyc,2,cross_test_0004,0.0,0.09512624144554138,0.000939107034355402,0.004941378254443407,0,0
G01_generic_film_scalar_Pcyc,2,cross_test_0005,0.0,0.09510537981987,0.0011086247395724058,0.004875906743109226,0,0
G01_generic_film_scalar_Pcyc,2,cross_test_0006,0.0,0.09510473906993866,0.0005775098688900471,0.004110682290047407,0,0
G01_generic_film_scalar_Pcyc,2,cross_test_0007,0.0,0.09509837627410889,0.0006957589648663998,0.004388980567455292,0,0
G01_generic_film_scalar_Pcyc,2,cross_test_0008,0.0,0.09514594078063965,0.0011266780784353614,0.005418390966951847,0,0
G01_generic_film_scalar_Pcyc,2,cross_test_0009,0.0,0.09510062634944916,0.000695385504513979,0.0043244678527116776,0,0
G01_generic_film_scalar_Pcyc,2,cross_test_0010,0.0,0.09510016441345215,0.0009197709732688963,0.004726268816739321,0,0
G01_generic_film_scalar_Pcyc,2,cross_test_0011,0.0,0.09516444802284241,0.001409824239090085,0.006053760182112455,0,0
G01_generic_film_scalar_Pcyc,2,cross_test_0012,0.0,0.09510102868080139,0.0007707361364737153,0.004497184883803129,0,0
G01_generic_film_scalar_Pcyc,2,cross_test_0013,0.0,0.09551948308944702,0.0010376482969149947,0.004942438565194607,0,0
G01_generic_film_scalar_Pcyc,2,cross_test_0014,0.0,0.09506276249885559,0.0007525566616095603,0.004363651853054762,0,0
G01_generic_film_scalar_Pcyc,2,L_shape_test_0000,0.0,0.09517517685890198,0.0014042755356058478,0.005930200219154358,0,0
G01_generic_film_scalar_Pcyc,2,L_shape_test_0001,0.0,0.09516024589538574,0.0007104059332050383,0.004264549817889929,0,0
G01_generic_film_scalar_Pcyc,2,L_shape_test_0002,0.0,0.09516391158103943,0.0013315908145159483,0.005519046448171139,0,0
G01_generic_film_scalar_Pcyc,2,L_shape_test_0003,0.0,0.09517917037010193,0.0009431532816961408,0.004693351686000824,0,0
G01_generic_film_scalar_Pcyc,2,L_shape_test_0004,0.0,0.09508243203163147,0.0009539530728943646,0.004526716191321611,0,0
G01_generic_film_scalar_Pcyc,2,L_shape_test_0005,0.0,0.09515364468097687,0.0009716434869915247,0.004739114083349705,0,0
G01_generic_film_scalar_Pcyc,2,L_shape_test_0006,0.0,0.09515097737312317,0.0006966278306208551,0.004228290636092424,0,0
G01_generic_film_scalar_Pcyc,2,L_shape_test_0007,0.0,0.095179483294487,0.0009223322267644107,0.004651179537177086,0,0
G01_generic_film_scalar_Pcyc,2,L_shape_test_0008,0.0,0.09516550600528717,0.0007541876984760165,0.0042809732258319855,0,0
G01_generic_film_scalar_Pcyc,2,L_shape_test_0009,0.0,0.09511372447013855,0.0010776510462164879,0.004703356884419918,0,0
G01_generic_film_scalar_Pcyc,2,L_shape_test_0010,0.0,0.09516619145870209,0.000875524478033185,0.0047029778361320496,0,0
G01_generic_film_scalar_Pcyc,2,L_shape_test_0011,0.0,0.09518255293369293,0.0006494945846498013,0.004164849407970905,0,0
G01_generic_film_scalar_Pcyc,2,L_shape_test_0012,0.0,0.09514428675174713,0.000857822597026825,0.004579650703817606,0,0
G01_generic_film_scalar_Pcyc,2,L_shape_test_0013,0.0,0.0951802134513855,0.0008215080015361309,0.004413607995957136,0,0
G01_generic_film_scalar_Pcyc,2,L_shape_test_0014,0.0,0.09518516063690186,0.0007694467785768211,0.004373840522021055,0,0
G01_generic_film_scalar_Pcyc,2,L_shape_test_0015,0.0,0.0951586365699768,0.0008510378538630903,0.0043612574227154255,0,0
G01_generic_film_scalar_Pcyc,2,L_shape_test_0016,0.0,0.09514869749546051,0.0008346352842636406,0.0044430214911699295,0,0
G01_generic_film_scalar_Pcyc,2,L_shape_test_0017,0.0,0.09516444802284241,0.0009440877474844456,0.004577926360070705,0,0
G01_generic_film_scalar_Pcyc,2,L_shape_test_0018,0.0,0.09509214758872986,0.0008006951538845897,0.004291607532650232,0,0
G01_generic_film_scalar_Pcyc,2,L_shape_test_0019,0.0,0.09515225887298584,0.0008448403677903116,0.004587195347994566,0,0
G01_generic_film_scalar_Pcyc,2,double_line_test_0000,0.0,0.10728484392166138,0.000687542138621211,0.004409456625580788,0,0
G01_generic_film_scalar_Pcyc,2,double_line_test_0001,0.0,0.0951765924692154,0.0013434558641165495,0.006078851409256458,0,0
G01_generic_film_scalar_Pcyc,2,double_line_test_0002,0.0,0.10268133878707886,0.0006372173083946109,0.004353343974798918,0,0
G01_generic_film_scalar_Pcyc,2,double_line_test_0003,0.0,0.09518814086914062,0.000688295578584075,0.004170206841081381,0,0
G01_generic_film_scalar_Pcyc,2,double_line_test_0004,0.0,0.09514722228050232,0.0010485006496310234,0.004956388380378485,0,0
G01_generic_film_scalar_Pcyc,2,double_line_test_0005,0.0,0.17559969425201416,0.0007224412984214723,0.0046976846642792225,0,0
G01_generic_film_scalar_Pcyc,2,double_line_test_0006,0.0,0.09510694444179535,0.0012236885959282517,0.005348855163902044,0,0
G01_generic_film_scalar_Pcyc,2,double_line_test_0007,0.0,0.09514795243740082,0.0008201227174140513,0.004389823880046606,0,0
G01_generic_film_scalar_Pcyc,2,double_line_test_0008,0.0,0.09518182277679443,0.0009314141934737563,0.004637998063117266,0,0
G01_generic_film_scalar_Pcyc,2,double_line_test_0009,0.0,0.0951276570558548,0.0007668665493838489,0.0042751505970954895,0,0
G01_generic_film_scalar_Pcyc,2,double_line_test_0010,0.0,0.09513004124164581,0.0008572119404561818,0.004390052054077387,0,0
G01_generic_film_scalar_Pcyc,2,double_line_test_0011,0.0,0.09518246352672577,0.0006518620648421347,0.0041353581473231316,0,0
G01_generic_film_scalar_Pcyc,2,double_line_test_0012,0.0,0.09514874219894409,0.0006153258145786822,0.004116829019039869,0,0
G01_generic_film_scalar_Pcyc,2,double_line_test_0013,0.0,0.09509369730949402,0.0007067189435474575,0.004194676876068115,0,0
G01_generic_film_scalar_Pcyc,2,double_line_test_0014,0.0,0.11279499530792236,0.0012687325943261385,0.0054929545149207115,0,0
G01_generic_film_scalar_Pcyc,2,small_rect_edge_test_0000,0.0,0.09518654644489288,0.0007135507185012102,0.004491950385272503,0,0
G01_generic_film_scalar_Pcyc,2,small_rect_edge_test_0001,0.0,0.09518113732337952,0.00079882494173944,0.00449214456602931,0,0
G01_generic_film_scalar_Pcyc,2,small_rect_edge_test_0002,0.0,0.1297837495803833,0.0007150433957576752,0.004424505867063999,0,0
G01_generic_film_scalar_Pcyc,2,small_rect_edge_test_0003,0.0,0.09514141082763672,0.0009050523512996733,0.004504315089434385,0,0
G01_generic_film_scalar_Pcyc,2,small_rect_edge_test_0004,0.0,0.09792503714561462,0.001388916396535933,0.006321172695606947,0,0
G01_generic_film_scalar_Pcyc,2,small_rect_edge_test_0005,0.0,0.0951748639345169,0.0009846052853390574,0.004969594068825245,0,0
G01_generic_film_scalar_Pcyc,2,small_rect_edge_test_0006,0.0,0.09513004124164581,0.0008976859389804304,0.0046180859208106995,0,0
G01_generic_film_scalar_Pcyc,2,small_rect_edge_test_0007,0.0,0.12558338046073914,0.0006993997958488762,0.004719594493508339,0,0
G01_generic_film_scalar_Pcyc,2,small_rect_edge_test_0008,0.0,0.1438157558441162,0.001347994082607329,0.006122860126197338,0,0
G01_generic_film_scalar_Pcyc,2,small_rect_edge_test_0009,0.0,0.09515726566314697,0.0007775769336149096,0.0043269554153084755,0,0
G01_generic_film_scalar_Pcyc,2,point_cluster_test_0000,0.0,0.09517201781272888,0.0007831851835362613,0.004388798028230667,0,0
G01_generic_film_scalar_Pcyc,2,point_cluster_test_0001,0.0,0.09516444802284241,0.000884059933014214,0.004836816340684891,0,0
G01_generic_film_scalar_Pcyc,2,point_cluster_test_0002,0.0,0.09510093927383423,0.0008837438654154539,0.004820280708372593,0,0
G01_generic_film_scalar_Pcyc,2,point_cluster_test_0003,0.0,0.09510281682014465,0.0007552769966423512,0.0044715809635818005,0,0
G01_generic_film_scalar_Pcyc,2,point_cluster_test_0004,0.0,0.09519171714782715,0.0008969925111159682,0.004806405398994684,0,0
G01_generic_film_scalar_Pcyc,2,point_cluster_test_0005,0.0,0.09517815709114075,0.0009159650071524084,0.004747037310153246,0,0
G01_generic_film_scalar_Pcyc,2,point_cluster_test_0006,0.0,0.1716044545173645,0.000803705828730017,0.0050110844895243645,0,0
G01_generic_film_scalar_Pcyc,2,point_cluster_test_0007,0.0,0.09516409039497375,0.0009336209623143077,0.004931557923555374,0,0
G01_generic_film_scalar_Pcyc,2,point_cluster_test_0008,0.0,0.0951525866985321,0.0009109263774007559,0.004971138201653957,0,0
G01_generic_film_scalar_Pcyc,2,point_cluster_test_0009,0.0,0.0951012670993805,0.000647042237687856,0.004236316308379173,0,0
G01_generic_film_scalar_Pcyc,2,point_cluster_test_0010,0.0,0.09513035416603088,0.0008177557610906661,0.004494143649935722,0,0
G01_generic_film_scalar_Pcyc,2,point_cluster_test_0011,0.0,0.12355276942253113,0.001225471612997353,0.006194903515279293,0,0
G01_generic_film_scalar_Pcyc,2,point_cluster_test_0012,0.0,0.11430221796035767,0.0010159072699025273,0.0053613255731761456,0,0
G01_generic_film_scalar_Pcyc,2,point_cluster_test_0013,0.0,0.09517747163772583,0.0012648208066821098,0.005679043475538492,0,0
G01_generic_film_scalar_Pcyc,2,point_cluster_test_0014,0.0,0.09510140120983124,0.000820593093521893,0.004863435868173838,0,0
G01_generic_film_scalar_Pcyc,2,point_cluster_test_0015,0.0,0.09513159096240997,0.0008948632748797536,0.0050856550224125385,0,0
G01_generic_film_scalar_Pcyc,2,point_cluster_test_0016,0.0,0.0951022207736969,0.0008869655430316925,0.004660372622311115,0,0
G01_generic_film_scalar_Pcyc,2,point_cluster_test_0017,0.0,0.09514662623405457,0.0008034035563468933,0.004658490419387817,0,0
G01_generic_film_scalar_Pcyc,2,point_cluster_test_0018,0.0,0.12605738639831543,0.001040484756231308,0.005395245272666216,0,0
G01_generic_film_scalar_Pcyc,2,point_cluster_test_0019,0.0,0.09515894949436188,0.0006355076911859214,0.004204987548291683,0,0
R00_rsbfilm_sincos_env_absPcyc,0,line_test_0000,0.0,0.08750845491886139,0.0011782729998230934,0.0045126997865736485,0,0
R00_rsbfilm_sincos_env_absPcyc,0,line_test_0001,0.0,0.08749933540821075,0.0023246321361511946,0.0068668182939291,0,0
R00_rsbfilm_sincos_env_absPcyc,0,line_test_0002,0.0,0.09597226977348328,0.0019475235603749752,0.006813099142163992,0,0
R00_rsbfilm_sincos_env_absPcyc,0,line_test_0003,0.0,0.12645187973976135,0.0023353176657110453,0.009104868397116661,0,0
R00_rsbfilm_sincos_env_absPcyc,0,line_test_0004,0.0,0.08750879764556885,0.001067865057848394,0.003956100437790155,0,0
R00_rsbfilm_sincos_env_absPcyc,0,line_test_0005,0.0,0.08751058578491211,0.0015519708395004272,0.005165464244782925,0,0
R00_rsbfilm_sincos_env_absPcyc,0,line_test_0006,0.0,0.1417277753353119,0.0018841990968212485,0.007798541337251663,0,0
R00_rsbfilm_sincos_env_absPcyc,0,line_test_0007,0.0,0.08750753104686737,0.0014787187101319432,0.004776407033205032,0,0
R00_rsbfilm_sincos_env_absPcyc,0,line_test_0008,0.0,0.0875077098608017,0.0018624112708494067,0.005515492521226406,0,0
R00_rsbfilm_sincos_env_absPcyc,0,line_test_0009,0.0,0.087505042552948,0.0015036673285067081,0.005247456952929497,0,0
R00_rsbfilm_sincos_env_absPcyc,0,line_test_0010,0.0,0.087505042552948,0.0014372101286426187,0.0053497315384447575,0,0
R00_rsbfilm_sincos_env_absPcyc,0,line_test_0011,0.0,0.20712727308273315,0.001367405871860683,0.004964772611856461,0,0
R00_rsbfilm_sincos_env_absPcyc,0,line_test_0012,0.0,0.11549201607704163,0.0017019209917634726,0.0063273669220507145,0,0
R00_rsbfilm_sincos_env_absPcyc,0,line_test_0013,0.0,0.08750274777412415,0.0019305968889966607,0.006283785682171583,0,0
R00_rsbfilm_sincos_env_absPcyc,0,line_test_0014,0.0,0.08751064538955688,0.001099181710742414,0.003913778346031904,0,0
R00_rsbfilm_sincos_env_absPcyc,0,line_test_0015,0.0,0.11600688099861145,0.0015060297446325421,0.0058003379963338375,0,0
R00_rsbfilm_sincos_env_absPcyc,0,line_test_0016,0.0,0.08748497068881989,0.0020184314344078302,0.0069295200519263744,0,0
R00_rsbfilm_sincos_env_absPcyc,0,line_test_0017,0.0,0.18826091289520264,0.0011764615774154663,0.004646637476980686,0,0
R00_rsbfilm_sincos_env_absPcyc,0,line_test_0018,0.0,0.09065434336662292,0.0016931905411183834,0.005861091893166304,0,0
R00_rsbfilm_sincos_env_absPcyc,0,line_test_0019,0.0,0.08748090267181396,0.0016810046508908272,0.005370596423745155,0,0
R00_rsbfilm_sincos_env_absPcyc,0,cross_test_0000,0.0,0.08749644458293915,0.0021298970095813274,0.00708313612267375,0,0
R00_rsbfilm_sincos_env_absPcyc,0,cross_test_0001,0.0,0.0918077677488327,0.0018571802647784352,0.005478843580931425,0,0
R00_rsbfilm_sincos_env_absPcyc,0,cross_test_0002,0.0,0.09762617945671082,0.0014189223293215036,0.005068955477327108,0,0
R00_rsbfilm_sincos_env_absPcyc,0,cross_test_0003,0.0,0.13195273280143738,0.0019065410597249866,0.006811176892369986,0,0
R00_rsbfilm_sincos_env_absPcyc,0,cross_test_0004,0.0,0.11681076884269714,0.001969405682757497,0.0072197141125798225,0,0
R00_rsbfilm_sincos_env_absPcyc,0,cross_test_0005,0.0,0.10580748319625854,0.00245783943682909,0.0073011149652302265,0,0
R00_rsbfilm_sincos_env_absPcyc,0,cross_test_0006,0.0,0.08751048147678375,0.0012509810039773583,0.004366432782262564,0,0
R00_rsbfilm_sincos_env_absPcyc,0,cross_test_0007,0.0,0.08750435709953308,0.0013370870146900415,0.004877954721450806,0,0
R00_rsbfilm_sincos_env_absPcyc,0,cross_test_0008,0.0,0.12351956963539124,0.0023733978159725666,0.008207262493669987,0,0
R00_rsbfilm_sincos_env_absPcyc,0,cross_test_0009,0.0,0.08750344812870026,0.0014362874208018184,0.005260685924440622,0,0
R00_rsbfilm_sincos_env_absPcyc,0,cross_test_0010,0.0,0.1020718514919281,0.0020035342313349247,0.006798184476792812,0,0
R00_rsbfilm_sincos_env_absPcyc,0,cross_test_0011,0.0,0.14217522740364075,0.002903242828324437,0.010551069863140583,0,0
R00_rsbfilm_sincos_env_absPcyc,0,cross_test_0012,0.0,0.08835746347904205,0.0014856189955025911,0.0053361584432423115,0,0
R00_rsbfilm_sincos_env_absPcyc,0,cross_test_0013,0.0,0.1175568699836731,0.002199461916461587,0.006819823756814003,0,0
R00_rsbfilm_sincos_env_absPcyc,0,cross_test_0014,0.0,0.08750766515731812,0.0015907174674794078,0.005235965363681316,0,0
R00_rsbfilm_sincos_env_absPcyc,0,L_shape_test_0000,0.0,0.11425960063934326,0.002635566284880042,0.008205768652260303,0,0
R00_rsbfilm_sincos_env_absPcyc,0,L_shape_test_0001,0.0,0.08747655153274536,0.0016187095316126943,0.005090607330203056,0,0
R00_rsbfilm_sincos_env_absPcyc,0,L_shape_test_0002,0.0,0.12221884727478027,0.00274064252153039,0.008633984252810478,0,0
R00_rsbfilm_sincos_env_absPcyc,0,L_shape_test_0003,0.0,0.11741971969604492,0.001929154503159225,0.006012342404574156,0,0
R00_rsbfilm_sincos_env_absPcyc,0,L_shape_test_0004,0.0,0.08749403059482574,0.0022452720440924168,0.00585209159180522,0,0
R00_rsbfilm_sincos_env_absPcyc,0,L_shape_test_0005,0.0,0.10452404618263245,0.002013477496802807,0.0061951600946486,0,0
R00_rsbfilm_sincos_env_absPcyc,0,L_shape_test_0006,0.0,0.08750511705875397,0.0013493733713403344,0.004535662475973368,0,0
R00_rsbfilm_sincos_env_absPcyc,0,L_shape_test_0007,0.0,0.09461122751235962,0.0018845414742827415,0.0060464246198534966,0,0
R00_rsbfilm_sincos_env_absPcyc,0,L_shape_test_0008,0.0,0.08750706911087036,0.0017081403639167547,0.005198136903345585,0,0
R00_rsbfilm_sincos_env_absPcyc,0,L_shape_test_0009,0.0,0.10598182678222656,0.002819758141413331,0.007516035810112953,0,0
R00_rsbfilm_sincos_env_absPcyc,0,L_shape_test_0010,0.0,0.08749653398990631,0.001494640251621604,0.005083434283733368,0,0
R00_rsbfilm_sincos_env_absPcyc,0,L_shape_test_0011,0.0,0.08751285076141357,0.0012396202655509114,0.004076825454831123,0,0
R00_rsbfilm_sincos_env_absPcyc,0,L_shape_test_0012,0.0,0.08750714361667633,0.0015326148131862283,0.004902686923742294,0,0
R00_rsbfilm_sincos_env_absPcyc,0,L_shape_test_0013,0.0,0.08747075498104095,0.0015514440601691604,0.004770015832036734,0,0
R00_rsbfilm_sincos_env_absPcyc,0,L_shape_test_0014,0.0,0.08750766515731812,0.001486144377849996,0.004935243166983128,0,0
R00_rsbfilm_sincos_env_absPcyc,0,L_shape_test_0015,0.0,0.09997090697288513,0.0021053014788776636,0.005999745335429907,0,0
R00_rsbfilm_sincos_env_absPcyc,0,L_shape_test_0016,0.0,0.08750210702419281,0.0016470609698444605,0.005086330696940422,0,0
R00_rsbfilm_sincos_env_absPcyc,0,L_shape_test_0017,0.0,0.08746777474880219,0.002197293331846595,0.006554776802659035,0,0
R00_rsbfilm_sincos_env_absPcyc,0,L_shape_test_0018,0.0,0.0875055193901062,0.0017587125767022371,0.0051536522805690765,0,0
R00_rsbfilm_sincos_env_absPcyc,0,L_shape_test_0019,0.0,0.12165006995201111,0.0018361025722697377,0.0063333394937217236,0,0
R00_rsbfilm_sincos_env_absPcyc,0,double_line_test_0000,0.0,0.13327938318252563,0.001422571251168847,0.004938880447298288,0,0
R00_rsbfilm_sincos_env_absPcyc,0,double_line_test_0001,0.0,0.14147114753723145,0.0024029668420553207,0.008637582883238792,0,0
R00_rsbfilm_sincos_env_absPcyc,0,double_line_test_0002,0.0,0.11101669073104858,0.0009992890991270542,0.004124901257455349,0,0
R00_rsbfilm_sincos_env_absPcyc,0,double_line_test_0003,0.0,0.08748933672904968,0.0018824286526069045,0.004893520846962929,0,0
R00_rsbfilm_sincos_env_absPcyc,0,double_line_test_0004,0.0,0.09544122219085693,0.002038560574874282,0.006725589744746685,0,0
R00_rsbfilm_sincos_env_absPcyc,0,double_line_test_0005,0.0,0.23353075981140137,0.0012326649157330394,0.004775504115968943,0,0
R00_rsbfilm_sincos_env_absPcyc,0,double_line_test_0006,0.0,0.1228439211845398,0.002502023009583354,0.008163533173501492,0,0
R00_rsbfilm_sincos_env_absPcyc,0,double_line_test_0007,0.0,0.08750449120998383,0.002128894906491041,0.006236376240849495,0,0
R00_rsbfilm_sincos_env_absPcyc,0,double_line_test_0008,0.0,0.1355055570602417,0.002581827575340867,0.007280952762812376,0,0
R00_rsbfilm_sincos_env_absPcyc,0,double_line_test_0009,0.0,0.08748665452003479,0.0017677986761555076,0.005198248196393251,0,0
R00_rsbfilm_sincos_env_absPcyc,0,double_line_test_0010,0.0,0.0874858945608139,0.0018193841679021716,0.005446664057672024,0,0
R00_rsbfilm_sincos_env_absPcyc,0,double_line_test_0011,0.0,0.08750735223293304,0.0013746912591159344,0.004104799125343561,0,0
R00_rsbfilm_sincos_env_absPcyc,0,double_line_test_0012,0.0,0.08750882744789124,0.0014149979688227177,0.004685277584940195,0,0
R00_rsbfilm_sincos_env_absPcyc,0,double_line_test_0013,0.0,0.08747778832912445,0.002087811939418316,0.005429152864962816,0,0
R00_rsbfilm_sincos_env_absPcyc,0,double_line_test_0014,0.0,0.17577609419822693,0.002775275381281972,0.008586687035858631,0,0
R00_rsbfilm_sincos_env_absPcyc,0,small_rect_edge_test_0000,0.0,0.137681245803833,0.0012523190816864371,0.004914723336696625,0,0
R00_rsbfilm_sincos_env_absPcyc,0,small_rect_edge_test_0001,0.0,0.08750493824481964,0.0017027780413627625,0.005528960842639208,0,0
R00_rsbfilm_sincos_env_absPcyc,0,small_rect_edge_test_0002,0.0,0.1518765687942505,0.0014386425027623773,0.004764124285429716,0,0
R00_rsbfilm_sincos_env_absPcyc,0,small_rect_edge_test_0003,0.0,0.08749376237392426,0.002122697653248906,0.006365524604916573,0,0
R00_rsbfilm_sincos_env_absPcyc,0,small_rect_edge_test_0004,0.0,0.16323542594909668,0.0025809763465076685,0.009614979848265648,0,0
R00_rsbfilm_sincos_env_absPcyc,0,small_rect_edge_test_0005,0.0,0.14813435077667236,0.0017440490191802382,0.006262604147195816,0,0
R00_rsbfilm_sincos_env_absPcyc,0,small_rect_edge_test_0006,0.0,0.08750565350055695,0.0017504231072962284,0.005315389949828386,0,0
R00_rsbfilm_sincos_env_absPcyc,0,small_rect_edge_test_0007,0.0,0.1425149142742157,0.0011461467947810888,0.004621320869773626,0,0
R00_rsbfilm_sincos_env_absPcyc,0,small_rect_edge_test_0008,0.0,0.21780753135681152,0.0025770780630409718,0.00922483205795288,0,0
R00_rsbfilm_sincos_env_absPcyc,0,small_rect_edge_test_0009,0.0,0.08750171959400177,0.0015439839335158467,0.004897104110568762,0,0
R00_rsbfilm_sincos_env_absPcyc,0,point_cluster_test_0000,0.0,0.08750510215759277,0.0018110732780769467,0.005825485102832317,0,0
R00_rsbfilm_sincos_env_absPcyc,0,point_cluster_test_0001,0.0,0.13831263780593872,0.0018016615649685264,0.006573944352567196,0,0
R00_rsbfilm_sincos_env_absPcyc,0,point_cluster_test_0002,0.0,0.08751082420349121,0.001684744842350483,0.006059572566300631,0,0
R00_rsbfilm_sincos_env_absPcyc,0,point_cluster_test_0003,0.0,0.11986583471298218,0.0017205970361828804,0.0064075118862092495,0,0
R00_rsbfilm_sincos_env_absPcyc,0,point_cluster_test_0004,0.0,0.10070851445198059,0.0019126523984596133,0.006839072331786156,0,0
R00_rsbfilm_sincos_env_absPcyc,0,point_cluster_test_0005,0.0,0.1013471782207489,0.0019578272476792336,0.006702790502458811,0,0
R00_rsbfilm_sincos_env_absPcyc,0,point_cluster_test_0006,0.0,0.2193942666053772,0.0017395963659510016,0.0062011792324483395,0,0
R00_rsbfilm_sincos_env_absPcyc,0,point_cluster_test_0007,0.0,0.11192074418067932,0.0018600074108690023,0.006527408491820097,0,0
R00_rsbfilm_sincos_env_absPcyc,0,point_cluster_test_0008,0.0,0.11226734519004822,0.0018810199107974768,0.007136599626392126,0,0
R00_rsbfilm_sincos_env_absPcyc,0,point_cluster_test_0009,0.0,0.08750581741333008,0.0013841186882928014,0.0049836658872663975,0,0
R00_rsbfilm_sincos_env_absPcyc,0,point_cluster_test_0010,0.0,0.08750584721565247,0.0017648140201345086,0.0057653519324958324,0,0
R00_rsbfilm_sincos_env_absPcyc,0,point_cluster_test_0011,0.0,0.165012925863266,0.002367108827456832,0.009360992349684238,0,0
R00_rsbfilm_sincos_env_absPcyc,0,point_cluster_test_0012,0.0,0.18866199254989624,0.001717622042633593,0.006991579197347164,0,0
R00_rsbfilm_sincos_env_absPcyc,0,point_cluster_test_0013,0.0,0.12620189785957336,0.0026545447763055563,0.008953436277806759,0,0
R00_rsbfilm_sincos_env_absPcyc,0,point_cluster_test_0014,0.0,0.11834701895713806,0.0014861993258818984,0.005928844213485718,0,0
R00_rsbfilm_sincos_env_absPcyc,0,point_cluster_test_0015,0.0,0.13705438375473022,0.0015913567040115595,0.007031254004687071,0,0
R00_rsbfilm_sincos_env_absPcyc,0,point_cluster_test_0016,0.0,0.08751071989536285,0.0021265700925141573,0.006466603372246027,0,0
R00_rsbfilm_sincos_env_absPcyc,0,point_cluster_test_0017,0.0,0.14554211497306824,0.0015001929132267833,0.005806384142488241,0,0
R00_rsbfilm_sincos_env_absPcyc,0,point_cluster_test_0018,0.0,0.17122399806976318,0.001971116056665778,0.007796381134539843,0,0
R00_rsbfilm_sincos_env_absPcyc,0,point_cluster_test_0019,0.0,0.08750523626804352,0.0015555009013041854,0.005260087549686432,0,0
R00_rsbfilm_sincos_env_absPcyc,1,line_test_0000,0.0,0.008886933326721191,6.739341915817931e-05,0.0004934683674946427,0,0
R00_rsbfilm_sincos_env_absPcyc,1,line_test_0001,0.0,0.06386944651603699,0.00018124785856343806,0.0011392650194466114,0,0
R00_rsbfilm_sincos_env_absPcyc,1,line_test_0002,0.0,0.017193138599395752,0.00013345271872822195,0.0008455151692032814,0,0
R00_rsbfilm_sincos_env_absPcyc,1,line_test_0003,0.0,0.08897781372070312,0.00015845081361476332,0.0015429307240992785,0,0
R00_rsbfilm_sincos_env_absPcyc,1,line_test_0004,0.0,0.008780345320701599,6.188728002598509e-05,0.00040504068601876497,0,0
R00_rsbfilm_sincos_env_absPcyc,1,line_test_0005,0.0,0.010091215372085571,5.6341432355111465e-05,0.0004041324427817017,0,0
R00_rsbfilm_sincos_env_absPcyc,1,line_test_0006,0.0,0.13047581911087036,0.0001363150804536417,0.0020542379934340715,0,0
R00_rsbfilm_sincos_env_absPcyc,1,line_test_0007,0.0,0.02443702518939972,9.315969509771094e-05,0.0005440899403765798,0,0
R00_rsbfilm_sincos_env_absPcyc,1,line_test_0008,0.0,0.006959587335586548,0.0001034183515002951,0.000524690723977983,0,0
R00_rsbfilm_sincos_env_absPcyc,1,line_test_0009,0.0,0.07496237754821777,8.746857201913372e-05,0.0008220403105951846,0,0
R00_rsbfilm_sincos_env_absPcyc,1,line_test_0010,0.0,0.03174707293510437,6.721826503053308e-05,0.0006075248238630593,0,0
R00_rsbfilm_sincos_env_absPcyc,1,line_test_0011,0.0,0.24089103937149048,0.00015202781651169062,0.002867740113288164,0,0
R00_rsbfilm_sincos_env_absPcyc,1,line_test_0012,0.0,0.05816471576690674,9.41696998779662e-05,0.0008483168785460293,0,0
R00_rsbfilm_sincos_env_absPcyc,1,line_test_0013,0.0,0.029300719499588013,0.00012110842362744734,0.0007479780470021069,0,0
R00_rsbfilm_sincos_env_absPcyc,1,line_test_0014,0.0,0.006582047790288925,6.100189420976676e-05,0.00038035132456570864,0,0
R00_rsbfilm_sincos_env_absPcyc,1,line_test_0015,0.0,0.10106578469276428,8.501944103045389e-05,0.001061038114130497,0,0
R00_rsbfilm_sincos_env_absPcyc,1,line_test_0016,0.0,0.013956725597381592,0.0001120180168072693,0.0006470996304415166,0,0
R00_rsbfilm_sincos_env_absPcyc,1,line_test_0017,0.0,0.4178581237792969,0.0001984304399229586,0.005612675100564957,0,0
R00_rsbfilm_sincos_env_absPcyc,1,line_test_0018,0.0,0.01604650914669037,9.722082904772833e-05,0.0006759477546438575,0,0
R00_rsbfilm_sincos_env_absPcyc,1,line_test_0019,0.0,0.009883642196655273,6.896728882566094e-05,0.00046309141907840967,0,0
R00_rsbfilm_sincos_env_absPcyc,1,cross_test_0000,0.0,0.03955221176147461,0.00013144523836672306,0.0008761962526477873,0,0
R00_rsbfilm_sincos_env_absPcyc,1,cross_test_0001,0.0,0.014009393751621246,0.00010788656072691083,0.0005288061802275479,0,0
R00_rsbfilm_sincos_env_absPcyc,1,cross_test_0002,0.0,0.08505114912986755,0.00012866406177636236,0.0012833947548642755,0,0
R00_rsbfilm_sincos_env_absPcyc,1,cross_test_0003,0.0,0.06335628032684326,0.00021725885744672269,0.0014191223308444023,0,0
R00_rsbfilm_sincos_env_absPcyc,1,cross_test_0004,0.0,0.042326927185058594,0.00019787432393059134,0.0015863642329350114,0,0
R00_rsbfilm_sincos_env_absPcyc,1,cross_test_0005,0.0,0.04175466299057007,0.00015510476077906787,0.0008572421502321959,0,0
R00_rsbfilm_sincos_env_absPcyc,1,cross_test_0006,0.0,0.010874927043914795,6.267098797252402e-05,0.0004377843579277396,0,0
R00_rsbfilm_sincos_env_absPcyc,1,cross_test_0007,0.0,0.02741006761789322,9.314058843301609e-05,0.000867383845616132,0,0
R00_rsbfilm_sincos_env_absPcyc,1,cross_test_0008,0.0,0.06691202521324158,0.0001997630315599963,0.0012819684343412519,0,0
R00_rsbfilm_sincos_env_absPcyc,1,cross_test_0009,0.0,0.05519789457321167,6.649840361205861e-05,0.0006540946196764708,0,0
R00_rsbfilm_sincos_env_absPcyc,1,cross_test_0010,0.0,0.01689337193965912,0.00012191276618978009,0.0007792366086505353,0,0
R00_rsbfilm_sincos_env_absPcyc,1,cross_test_0011,0.0,0.08123618364334106,0.00024179941101465374,0.0015072565292939544,0,0
R00_rsbfilm_sincos_env_absPcyc,1,cross_test_0012,0.0,0.03414413332939148,0.00013236036465968937,0.000954627466853708,0,0
R00_rsbfilm_sincos_env_absPcyc,1,cross_test_0013,0.0,0.11838799715042114,0.00018206838285550475,0.001894423388876021,0,0
R00_rsbfilm_sincos_env_absPcyc,1,cross_test_0014,0.0,0.016186892986297607,0.00010791420936584473,0.0007071440923027694,0,0
R00_rsbfilm_sincos_env_absPcyc,1,L_shape_test_0000,0.0,0.08713769912719727,0.00021576884319074452,0.0014558546245098114,0,0
R00_rsbfilm_sincos_env_absPcyc,1,L_shape_test_0001,0.0,0.008210033178329468,8.533822256140411e-05,0.0005013569025322795,0,0
R00_rsbfilm_sincos_env_absPcyc,1,L_shape_test_0002,0.0,0.04591546952724457,0.00018920043657999486,0.0011986085446551442,0,0
R00_rsbfilm_sincos_env_absPcyc,1,L_shape_test_0003,0.0,0.03518033027648926,0.00012465006147976965,0.0006964997737668455,0,0
R00_rsbfilm_sincos_env_absPcyc,1,L_shape_test_0004,0.0,0.009250521659851074,0.0001824362261686474,0.0007641696720384061,0,0
R00_rsbfilm_sincos_env_absPcyc,1,L_shape_test_0005,0.0,0.166103333234787,0.0001621795236133039,0.0019157080678269267,0,0
R00_rsbfilm_sincos_env_absPcyc,1,L_shape_test_0006,0.0,0.0282631516456604,9.082322503672913e-05,0.000524812494404614,0,0
R00_rsbfilm_sincos_env_absPcyc,1,L_shape_test_0007,0.0,0.009921163320541382,0.00013694890367332846,0.0006723010446876287,0,0
R00_rsbfilm_sincos_env_absPcyc,1,L_shape_test_0008,0.0,0.034735411405563354,0.00011795532918768004,0.0007385675562545657,0,0
R00_rsbfilm_sincos_env_absPcyc,1,L_shape_test_0009,0.0,0.02327907085418701,0.00017810043937060982,0.0008845211123116314,0,0
R00_rsbfilm_sincos_env_absPcyc,1,L_shape_test_0010,0.0,0.011564552783966064,0.00012585855438373983,0.0006817904068157077,0,0
R00_rsbfilm_sincos_env_absPcyc,1,L_shape_test_0011,0.0,0.0113450288772583,7.076900510583073e-05,0.00038558797677978873,0,0
R00_rsbfilm_sincos_env_absPcyc,1,L_shape_test_0012,0.0,0.0107937753200531,0.00014060405374038965,0.0007050515268929303,0,0
R00_rsbfilm_sincos_env_absPcyc,1,L_shape_test_0013,0.0,0.007604002952575684,0.00013108323037158698,0.0005785441608168185,0,0
R00_rsbfilm_sincos_env_absPcyc,1,L_shape_test_0014,0.0,0.013719551265239716,9.37290969886817e-05,0.000587562914006412,0,0
R00_rsbfilm_sincos_env_absPcyc,1,L_shape_test_0015,0.0,0.011778414249420166,0.00012583454372361302,0.0005538868135772645,0,0
R00_rsbfilm_sincos_env_absPcyc,1,L_shape_test_0016,0.0,0.05735716223716736,0.0001394089631503448,0.0008759432821534574,0,0
R00_rsbfilm_sincos_env_absPcyc,1,L_shape_test_0017,0.0,0.009899646043777466,0.0001535555929876864,0.0007119227666407824,0,0
R00_rsbfilm_sincos_env_absPcyc,1,L_shape_test_0018,0.0,0.01677846908569336,0.00014239799929782748,0.0007148594013415277,0,0
R00_rsbfilm_sincos_env_absPcyc,1,L_shape_test_0019,0.0,0.03917554020881653,0.00010144156840397045,0.0007269505294971168,0,0
R00_rsbfilm_sincos_env_absPcyc,1,double_line_test_0000,0.0,0.13078302145004272,9.417297405889258e-05,0.0013167291181162,0,0
R00_rsbfilm_sincos_env_absPcyc,1,double_line_test_0001,0.0,0.19578641653060913,0.00024959753500297666,0.0021517996210604906,0,0
R00_rsbfilm_sincos_env_absPcyc,1,double_line_test_0002,0.0,0.1583227515220642,0.00013544171815738082,0.00217268755659461,0,0
R00_rsbfilm_sincos_env_absPcyc,1,double_line_test_0003,0.0,0.00849202275276184,0.00015896151307970285,0.0005971892387606204,0,0
R00_rsbfilm_sincos_env_absPcyc,1,double_line_test_0004,0.0,0.014247670769691467,0.00017491026665084064,0.0008551336359232664,0,0
R00_rsbfilm_sincos_env_absPcyc,1,double_line_test_0005,0.0,0.3690829873085022,0.00022073394211474806,0.0038808416575193405,0,0
R00_rsbfilm_sincos_env_absPcyc,1,double_line_test_0006,0.0,0.09267821907997131,0.00022800701844971627,0.0014747889945283532,0,0
R00_rsbfilm_sincos_env_absPcyc,1,double_line_test_0007,0.0,0.03126174211502075,0.00012517248978838325,0.0007577775395475328,0,0
R00_rsbfilm_sincos_env_absPcyc,1,double_line_test_0008,0.0,0.12704312801361084,0.00019058023463003337,0.0018407616298645735,0,0
R00_rsbfilm_sincos_env_absPcyc,1,double_line_test_0009,0.0,0.007249414920806885,0.0001016072419588454,0.000519090739544481,0,0
R00_rsbfilm_sincos_env_absPcyc,1,double_line_test_0010,0.0,0.03363173454999924,0.0002630010130815208,0.001740644103847444,0,0
R00_rsbfilm_sincos_env_absPcyc,1,double_line_test_0011,0.0,0.006719794124364853,0.00013207545271143317,0.0005323216319084167,0,0
R00_rsbfilm_sincos_env_absPcyc,1,double_line_test_0012,0.0,0.009036600589752197,6.604153895750642e-05,0.0004259207344148308,0,0
R00_rsbfilm_sincos_env_absPcyc,1,double_line_test_0013,0.0,0.009217977523803711,0.00017851839947979897,0.0006289994926191866,0,0
R00_rsbfilm_sincos_env_absPcyc,1,double_line_test_0014,0.0,0.19123268127441406,0.00023133528884500265,0.0020739641040563583,0,0
R00_rsbfilm_sincos_env_absPcyc,1,small_rect_edge_test_0000,0.0,0.26946720480918884,9.906487684929743e-05,0.0026368580292910337,0,0
R00_rsbfilm_sincos_env_absPcyc,1,small_rect_edge_test_0001,0.0,0.05761921405792236,0.0001089193974621594,0.0009686050470918417,0,0
R00_rsbfilm_sincos_env_absPcyc,1,small_rect_edge_test_0002,0.0,0.36934053897857666,0.00024809574824757874,0.00460808677598834,0,0
R00_rsbfilm_sincos_env_absPcyc,1,small_rect_edge_test_0003,0.0,0.02550804615020752,0.00011804450332419947,0.0006629677955061197,0,0
R00_rsbfilm_sincos_env_absPcyc,1,small_rect_edge_test_0004,0.0,0.058397501707077026,0.00018228768021799624,0.0012573780259117484,0,0
R00_rsbfilm_sincos_env_absPcyc,1,small_rect_edge_test_0005,0.0,0.04078760743141174,0.00016149081056937575,0.0010560243390500546,0,0
R00_rsbfilm_sincos_env_absPcyc,1,small_rect_edge_test_0006,0.0,0.013934731483459473,0.00011871798778884113,0.0006360678817145526,0,0
R00_rsbfilm_sincos_env_absPcyc,1,small_rect_edge_test_0007,0.0,0.06700706481933594,0.00014594895765185356,0.0010151972528547049,0,0
R00_rsbfilm_sincos_env_absPcyc,1,small_rect_edge_test_0008,0.0,0.09656989574432373,0.00020144160953350365,0.0015920698642730713,0,0
R00_rsbfilm_sincos_env_absPcyc,1,small_rect_edge_test_0009,0.0,0.09858393669128418,0.00013779877917841077,0.0013515711762011051,0,0
R00_rsbfilm_sincos_env_absPcyc,1,point_cluster_test_0000,0.0,0.04119475185871124,0.00010746197222033516,0.0007803170010447502,0,0
R00_rsbfilm_sincos_env_absPcyc,1,point_cluster_test_0001,0.0,0.054334886372089386,0.0001918302004924044,0.001279678544960916,0,0
R00_rsbfilm_sincos_env_absPcyc,1,point_cluster_test_0002,0.0,0.19775569438934326,0.00013115812907926738,0.002325492212548852,0,0
R00_rsbfilm_sincos_env_absPcyc,1,point_cluster_test_0003,0.0,0.05759187042713165,9.399973350809887e-05,0.0009793443605303764,0,0
R00_rsbfilm_sincos_env_absPcyc,1,point_cluster_test_0004,0.0,0.03457413986325264,0.00020001256780233234,0.001273123431019485,0,0
R00_rsbfilm_sincos_env_absPcyc,1,point_cluster_test_0005,0.0,0.13410547375679016,0.000168552651302889,0.0016819718293845654,0,0
R00_rsbfilm_sincos_env_absPcyc,1,point_cluster_test_0006,0.0,0.14363867044448853,9.808893082663417e-05,0.0014654280385002494,0,0
R00_rsbfilm_sincos_env_absPcyc,1,point_cluster_test_0007,0.0,0.05608952045440674,0.00010607041622279212,0.0008864831179380417,0,0
R00_rsbfilm_sincos_env_absPcyc,1,point_cluster_test_0008,0.0,0.03775659203529358,0.00010543923417571932,0.0008492750930599868,0,0
R00_rsbfilm_sincos_env_absPcyc,1,point_cluster_test_0009,0.0,0.02850000560283661,7.095629553077742e-05,0.000612689065746963,0,0
R00_rsbfilm_sincos_env_absPcyc,1,point_cluster_test_0010,0.0,0.045142680406570435,0.00018334895139560103,0.0011654808185994625,0,0
R00_rsbfilm_sincos_env_absPcyc,1,point_cluster_test_0011,0.0,0.03375998139381409,0.00011675614950945601,0.0008982713334262371,0,0
R00_rsbfilm_sincos_env_absPcyc,1,point_cluster_test_0012,0.0,0.0601423978805542,0.0001280571595998481,0.0010525676188990474,0,0
R00_rsbfilm_sincos_env_absPcyc,1,point_cluster_test_0013,0.0,0.03916817903518677,0.0002975957468152046,0.0015991459367796779,0,0
R00_rsbfilm_sincos_env_absPcyc,1,point_cluster_test_0014,0.0,0.05073195695877075,8.983398583950475e-05,0.0008375846082344651,0,0
R00_rsbfilm_sincos_env_absPcyc,1,point_cluster_test_0015,0.0,0.04804375767707825,0.00015619059558957815,0.0013732484076172113,0,0
R00_rsbfilm_sincos_env_absPcyc,1,point_cluster_test_0016,0.0,0.024662040174007416,0.0001405811490258202,0.0007365125929936767,0,0
R00_rsbfilm_sincos_env_absPcyc,1,point_cluster_test_0017,0.0,0.2462291121482849,0.000124837490147911,0.0024930962827056646,0,0
R00_rsbfilm_sincos_env_absPcyc,1,point_cluster_test_0018,0.0,0.19410312175750732,0.00013657024828717113,0.001988424453884363,0,0
R00_rsbfilm_sincos_env_absPcyc,1,point_cluster_test_0019,0.0,0.07284677028656006,7.342760363826528e-05,0.0008545579039491713,0,0
R00_rsbfilm_sincos_env_absPcyc,2,line_test_0000,0.0,0.019787490367889404,0.0001221454149344936,0.000800988869741559,0,0
R00_rsbfilm_sincos_env_absPcyc,2,line_test_0001,0.0,0.021790698170661926,0.0003322116972412914,0.0015150975668802857,0,0
R00_rsbfilm_sincos_env_absPcyc,2,line_test_0002,0.0,0.02670404314994812,0.000252734636887908,0.0014594162348657846,0,0
R00_rsbfilm_sincos_env_absPcyc,2,line_test_0003,0.0,0.08372095227241516,0.0003438990388531238,0.002195284003391862,0,0
R00_rsbfilm_sincos_env_absPcyc,2,line_test_0004,0.0,0.010718632489442825,8.754221198614687e-05,0.0005046091973781586,0,0
R00_rsbfilm_sincos_env_absPcyc,2,line_test_0005,0.0,0.012312084436416626,0.0001371036487398669,0.0007614014903083444,0,0
R00_rsbfilm_sincos_env_absPcyc,2,line_test_0006,0.0,0.05811011791229248,0.00023141989368014038,0.0017558616818860173,0,0
R00_rsbfilm_sincos_env_absPcyc,2,line_test_0007,0.0,0.023180365562438965,0.00019940623315051198,0.0010101208463311195,0,0
R00_rsbfilm_sincos_env_absPcyc,2,line_test_0008,0.0,0.013770189136266708,0.0002029540773946792,0.0009514798875898123,0,0
R00_rsbfilm_sincos_env_absPcyc,2,line_test_0009,0.0,0.01435687392950058,0.0001617723173694685,0.0008842964889481664,0,0
R00_rsbfilm_sincos_env_absPcyc,2,line_test_0010,0.0,0.018488407135009766,0.00015063692990224808,0.0010048170806840062,0,0
R00_rsbfilm_sincos_env_absPcyc,2,line_test_0011,0.0,0.06162285804748535,0.00015903518942650408,0.0011137535329908133,0,0
R00_rsbfilm_sincos_env_absPcyc,2,line_test_0012,0.0,0.0512755811214447,0.00019609065202530473,0.0013755399268120527,0,0
R00_rsbfilm_sincos_env_absPcyc,2,line_test_0013,0.0,0.021403610706329346,0.00022043405624572188,0.0011579181300476193,0,0
R00_rsbfilm_sincos_env_absPcyc,2,line_test_0014,0.0,0.014253094792366028,8.405361586483195e-05,0.0005212629912421107,0,0
R00_rsbfilm_sincos_env_absPcyc,2,line_test_0015,0.0,0.03631129860877991,0.0001762143656378612,0.001366704236716032,0,0
R00_rsbfilm_sincos_env_absPcyc,2,line_test_0016,0.0,0.024967432022094727,0.00025044806534424424,0.0012825673911720514,0,0
R00_rsbfilm_sincos_env_absPcyc,2,line_test_0017,0.0,0.1636764407157898,0.00014828902203589678,0.0022990540601313114,0,0
R00_rsbfilm_sincos_env_absPcyc,2,line_test_0018,0.0,0.021076440811157227,0.00018855764938052744,0.001087029348127544,0,0
R00_rsbfilm_sincos_env_absPcyc,2,line_test_0019,0.0,0.022746682167053223,0.00020680490706581622,0.001115749473683536,0,0
R00_rsbfilm_sincos_env_absPcyc,2,cross_test_0000,0.0,0.03375333547592163,0.0002742139040492475,0.0014802772784605622,0,0
R00_rsbfilm_sincos_env_absPcyc,2,cross_test_0001,0.0,0.020670413970947266,0.00025954865850508213,0.0011874331394210458,0,0
R00_rsbfilm_sincos_env_absPcyc,2,cross_test_0002,0.0,0.036797165870666504,0.00018179650942329317,0.0011381313670426607,0,0
R00_rsbfilm_sincos_env_absPcyc,2,cross_test_0003,0.0,0.04858928918838501,0.00029935999191366136,0.0015332101611420512,0,0
R00_rsbfilm_sincos_env_absPcyc,2,cross_test_0004,0.0,0.024754241108894348,0.0002700118930079043,0.0014212295645847917,0,0
R00_rsbfilm_sincos_env_absPcyc,2,cross_test_0005,0.0,0.021509826183319092,0.00035565043799579144,0.0015639620833098888,0,0
R00_rsbfilm_sincos_env_absPcyc,2,cross_test_0006,0.0,0.017195135354995728,0.00013482467329595238,0.0008549140184186399,0,0
R00_rsbfilm_sincos_env_absPcyc,2,cross_test_0007,0.0,0.01952826976776123,0.00014547606406267732,0.0009483870817348361,0,0
R00_rsbfilm_sincos_env_absPcyc,2,cross_test_0008,0.0,0.036232590675354004,0.00039072803338058293,0.0020944876596331596,0,0
R00_rsbfilm_sincos_env_absPcyc,2,cross_test_0009,0.0,0.06206852197647095,0.00015253436868079007,0.001134755089879036,0,0
R00_rsbfilm_sincos_env_absPcyc,2,cross_test_0010,0.0,0.04618412256240845,0.00025243969867005944,0.0015074517577886581,0,0
R00_rsbfilm_sincos_env_absPcyc,2,cross_test_0011,0.0,0.04701387882232666,0.00047075803740881383,0.0023978077806532383,0,0
R00_rsbfilm_sincos_env_absPcyc,2,cross_test_0012,0.0,0.020528554916381836,0.000199709422304295,0.0011130878701806068,0,0
R00_rsbfilm_sincos_env_absPcyc,2,cross_test_0013,0.0,0.06668645143508911,0.0003374383959453553,0.001743485452607274,0,0
R00_rsbfilm_sincos_env_absPcyc,2,cross_test_0014,0.0,0.0167233943939209,0.00014949275646358728,0.0008428936125710607,0,0
R00_rsbfilm_sincos_env_absPcyc,2,L_shape_test_0000,0.0,0.07533270120620728,0.0003750378091353923,0.0018303259275853634,0,0
R00_rsbfilm_sincos_env_absPcyc,2,L_shape_test_0001,0.0,0.018018901348114014,0.0001776749559212476,0.0009492651442997158,0,0
R00_rsbfilm_sincos_env_absPcyc,2,L_shape_test_0002,0.0,0.02723085880279541,0.00041216990211978555,0.0018485491164028645,0,0
R00_rsbfilm_sincos_env_absPcyc,2,L_shape_test_0003,0.0,0.03278517723083496,0.0002452708431519568,0.001214497024193406,0,0
R00_rsbfilm_sincos_env_absPcyc,2,L_shape_test_0004,0.0,0.01987689733505249,0.0003224937536288053,0.0012959724990651011,0,0
R00_rsbfilm_sincos_env_absPcyc,2,L_shape_test_0005,0.0,0.06468155980110168,0.0002482244453858584,0.0013858841266483068,0,0
R00_rsbfilm_sincos_env_absPcyc,2,L_shape_test_0006,0.0,0.0210912823677063,0.00013648899039253592,0.0007418208406306803,0,0
R00_rsbfilm_sincos_env_absPcyc,2,L_shape_test_0007,0.0,0.02440500259399414,0.00024885794846341014,0.0012221342185512185,0,0
R00_rsbfilm_sincos_env_absPcyc,2,L_shape_test_0008,0.0,0.034253597259521484,0.00019652034097816795,0.001034574001096189,0,0
R00_rsbfilm_sincos_env_absPcyc,2,L_shape_test_0009,0.0,0.04356783628463745,0.0004547876014839858,0.0019196101929992437,0,0
R00_rsbfilm_sincos_env_absPcyc,2,L_shape_test_0010,0.0,0.019478172063827515,0.0002186547062592581,0.0011579319834709167,0,0
R00_rsbfilm_sincos_env_absPcyc,2,L_shape_test_0011,0.0,0.014139443635940552,0.00010578828369034454,0.0005843291291967034,0,0
R00_rsbfilm_sincos_env_absPcyc,2,L_shape_test_0012,0.0,0.021851718425750732,0.00020763838256243616,0.0010499836644157767,0,0
R00_rsbfilm_sincos_env_absPcyc,2,L_shape_test_0013,0.0,0.014275668188929558,0.00020619404676835984,0.0009125120704993606,0,0
R00_rsbfilm_sincos_env_absPcyc,2,L_shape_test_0014,0.0,0.016776680946350098,0.0001393270504195243,0.000806795374955982,0,0
R00_rsbfilm_sincos_env_absPcyc,2,L_shape_test_0015,0.0,0.019645974040031433,0.0002799419453367591,0.001177673926576972,0,0
R00_rsbfilm_sincos_env_absPcyc,2,L_shape_test_0016,0.0,0.02299705147743225,0.00022706932213623077,0.0010652825003489852,0,0
R00_rsbfilm_sincos_env_absPcyc,2,L_shape_test_0017,0.0,0.027382105588912964,0.0003142291388940066,0.0014015085762366652,0,0
R00_rsbfilm_sincos_env_absPcyc,2,L_shape_test_0018,0.0,0.04250514507293701,0.00020495789067354053,0.000962418329436332,0,0
R00_rsbfilm_sincos_env_absPcyc,2,L_shape_test_0019,0.0,0.024959832429885864,0.00023562506248708814,0.0013853341806679964,0,0
R00_rsbfilm_sincos_env_absPcyc,2,double_line_test_0000,0.0,0.12788629531860352,0.0001663263828959316,0.0016516174655407667,0,0
R00_rsbfilm_sincos_env_absPcyc,2,double_line_test_0001,0.0,0.05201774835586548,0.000468054466182366,0.0027544887270778418,0,0
R00_rsbfilm_sincos_env_absPcyc,2,double_line_test_0002,0.0,0.05867791175842285,0.00014777919568587095,0.001052142004482448,0,0
R00_rsbfilm_sincos_env_absPcyc,2,double_line_test_0003,0.0,0.02425992488861084,0.0002948943292722106,0.0011374077294021845,0,0
R00_rsbfilm_sincos_env_absPcyc,2,double_line_test_0004,0.0,0.030324935913085938,0.00028892818954773247,0.0014272303087636828,0,0
R00_rsbfilm_sincos_env_absPcyc,2,double_line_test_0005,0.0,0.13375097513198853,0.00019317155238240957,0.0016147713176906109,0,0
R00_rsbfilm_sincos_env_absPcyc,2,double_line_test_0006,0.0,0.03917741775512695,0.000445173354819417,0.002173980697989464,0,0
R00_rsbfilm_sincos_env_absPcyc,2,double_line_test_0007,0.0,0.01670938730239868,0.0002871313481591642,0.0013082717778161168,0,0
R00_rsbfilm_sincos_env_absPcyc,2,double_line_test_0008,0.0,0.06839239597320557,0.0003554484574124217,0.001629153615795076,0,0
R00_rsbfilm_sincos_env_absPcyc,2,double_line_test_0009,0.0,0.016650378704071045,0.00020734872668981552,0.0010002779308706522,0,0
R00_rsbfilm_sincos_env_absPcyc,2,double_line_test_0010,0.0,0.03224882483482361,0.0002979936543852091,0.0013013589195907116,0,0
R00_rsbfilm_sincos_env_absPcyc,2,double_line_test_0011,0.0,0.011760182678699493,0.00016596632485743612,0.0007026073290035129,0,0
R00_rsbfilm_sincos_env_absPcyc,2,double_line_test_0012,0.0,0.012844085693359375,0.00015138086746446788,0.0008533818763680756,0,0
R00_rsbfilm_sincos_env_absPcyc,2,double_line_test_0013,0.0,0.01279902458190918,0.0003405256138648838,0.0011807366972789168,0,0
R00_rsbfilm_sincos_env_absPcyc,2,double_line_test_0014,0.0,0.08758163452148438,0.00044897495536133647,0.002297458238899708,0,0
R00_rsbfilm_sincos_env_absPcyc,2,small_rect_edge_test_0000,0.0,0.09617030620574951,0.00013223230780567974,0.0013922654325142503,0,0
R00_rsbfilm_sincos_env_absPcyc,2,small_rect_edge_test_0001,0.0,0.020302802324295044,0.00020873289031442255,0.0011655521811917424,0,0
R00_rsbfilm_sincos_env_absPcyc,2,small_rect_edge_test_0002,0.0,0.1336565613746643,0.0002253230632049963,0.0018788636662065983,0,0
R00_rsbfilm_sincos_env_absPcyc,2,small_rect_edge_test_0003,0.0,0.026994913816452026,0.00030547898495569825,0.0014091328484937549,0,0
R00_rsbfilm_sincos_env_absPcyc,2,small_rect_edge_test_0004,0.0,0.05779704451560974,0.0004199236282147467,0.002390730194747448,0,0
R00_rsbfilm_sincos_env_absPcyc,2,small_rect_edge_test_0005,0.0,0.06112051010131836,0.0003021071315743029,0.001955358311533928,0,0
R00_rsbfilm_sincos_env_absPcyc,2,small_rect_edge_test_0006,0.0,0.016032695770263672,0.0001957086060428992,0.0009413740481249988,0,0
R00_rsbfilm_sincos_env_absPcyc,2,small_rect_edge_test_0007,0.0,0.12766683101654053,0.00021651787392329425,0.0022376938723027706,0,0
R00_rsbfilm_sincos_env_absPcyc,2,small_rect_edge_test_0008,0.0,0.1216784119606018,0.00044592947233468294,0.0027031456120312214,0,0
R00_rsbfilm_sincos_env_absPcyc,2,small_rect_edge_test_0009,0.0,0.03239476680755615,0.00016753541422076523,0.0009055213304236531,0,0
R00_rsbfilm_sincos_env_absPcyc,2,point_cluster_test_0000,0.0,0.05725717544555664,0.00022425940551329404,0.0013528142590075731,0,0
R00_rsbfilm_sincos_env_absPcyc,2,point_cluster_test_0001,0.0,0.047427475452423096,0.00029695944976992905,0.0017514686333015561,0,0
R00_rsbfilm_sincos_env_absPcyc,2,point_cluster_test_0002,0.0,0.030138105154037476,0.00019444817735347897,0.0011675783898681402,0,0
R00_rsbfilm_sincos_env_absPcyc,2,point_cluster_test_0003,0.0,0.030438721179962158,0.0001841575576690957,0.001175655983388424,0,0
R00_rsbfilm_sincos_env_absPcyc,2,point_cluster_test_0004,0.0,0.032749101519584656,0.0003523256164044142,0.0020011961460113525,0,0
R00_rsbfilm_sincos_env_absPcyc,2,point_cluster_test_0005,0.0,0.056474536657333374,0.0002711836714297533,0.0016028746031224728,0,0
R00_rsbfilm_sincos_env_absPcyc,2,point_cluster_test_0006,0.0,0.10571056604385376,0.0001709882344584912,0.0013966001570224762,0,0
R00_rsbfilm_sincos_env_absPcyc,2,point_cluster_test_0007,0.0,0.033439308404922485,0.0002144635800505057,0.0012417059624567628,0,0
R00_rsbfilm_sincos_env_absPcyc,2,point_cluster_test_0008,0.0,0.042369455099105835,0.00023301244073081762,0.00157088041305542,0,0
R00_rsbfilm_sincos_env_absPcyc,2,point_cluster_test_0009,0.0,0.02400362491607666,0.00012698546925093979,0.0009257811470888555,0,0
R00_rsbfilm_sincos_env_absPcyc,2,point_cluster_test_0010,0.0,0.020872432738542557,0.00029770948458462954,0.0014143094886094332,0,0
R00_rsbfilm_sincos_env_absPcyc,2,point_cluster_test_0011,0.0,0.05399137735366821,0.0002970157947856933,0.0018160904292017221,0,0
R00_rsbfilm_sincos_env_absPcyc,2,point_cluster_test_0012,0.0,0.11477261781692505,0.00022671416809316725,0.0019801573362201452,0,0
R00_rsbfilm_sincos_env_absPcyc,2,point_cluster_test_0013,0.0,0.046583086252212524,0.000514272483997047,0.002717462135478854,0,0
R00_rsbfilm_sincos_env_absPcyc,2,point_cluster_test_0014,0.0,0.042589277029037476,0.00015062757302075624,0.001124749076552689,0,0
R00_rsbfilm_sincos_env_absPcyc,2,point_cluster_test_0015,0.0,0.03735107183456421,0.00023408737615682185,0.0016408036462962627,0,0
R00_rsbfilm_sincos_env_absPcyc,2,point_cluster_test_0016,0.0,0.035749733448028564,0.00026285499916411936,0.0012577733723446727,0,0
R00_rsbfilm_sincos_env_absPcyc,2,point_cluster_test_0017,0.0,0.074668288230896,0.0001734746474539861,0.001345511875115335,0,0
R00_rsbfilm_sincos_env_absPcyc,2,point_cluster_test_0018,0.0,0.08822017908096313,0.00024047770421020687,0.0017596521647647023,0,0
R00_rsbfilm_sincos_env_absPcyc,2,point_cluster_test_0019,0.0,0.03682661056518555,0.00014788091357331723,0.0009610572014935315,0,0
R01_rsbfilm_env_absDelta,0,line_test_0000,0.0,0.09237344563007355,0.0007476056343875825,0.0042048110626637936,0,0
R01_rsbfilm_env_absDelta,0,line_test_0001,0.0,0.09242409467697144,0.0011781309731304646,0.005136160179972649,0,0
R01_rsbfilm_env_absDelta,0,line_test_0002,0.0,0.09236748516559601,0.0010973893804475665,0.005249641835689545,0,0
R01_rsbfilm_env_absDelta,0,line_test_0003,0.0,0.11065444350242615,0.0014121568528935313,0.006972527131438255,0,0
R01_rsbfilm_env_absDelta,0,line_test_0004,0.0,0.09237457811832428,0.0006185752572491765,0.0038172088097780943,0,0
R01_rsbfilm_env_absDelta,0,line_test_0005,0.0,0.09242908656597137,0.0007423271890729666,0.0040847319178283215,0,0
R01_rsbfilm_env_absDelta,0,line_test_0006,0.0,0.13025975227355957,0.0011076843366026878,0.006101961713284254,0,0
R01_rsbfilm_env_absDelta,0,line_test_0007,0.0,0.09238237142562866,0.0008482641424052417,0.0041984873823821545,0,0
R01_rsbfilm_env_absDelta,0,line_test_0008,0.0,0.09243884682655334,0.0008566753240302205,0.004173582419753075,0,0
R01_rsbfilm_env_absDelta,0,line_test_0009,0.0,0.09243053197860718,0.000885356217622757,0.004528635181486607,0,0
R01_rsbfilm_env_absDelta,0,line_test_0010,0.0,0.09243063628673553,0.000838609819766134,0.004558179527521133,0,0
R01_rsbfilm_env_absDelta,0,line_test_0011,0.0,0.1922430396080017,0.0008270830730907619,0.004676135256886482,0,0
R01_rsbfilm_env_absDelta,0,line_test_0012,0.0,0.09913426637649536,0.0009866277687251568,0.0051321471109986305,0,0
R01_rsbfilm_env_absDelta,0,line_test_0013,0.0,0.09244811534881592,0.0009998767636716366,0.004673553165048361,0,0
R01_rsbfilm_env_absDelta,0,line_test_0014,0.0,0.09243212640285492,0.0006188492989167571,0.0037796145770698786,0,0
R01_rsbfilm_env_absDelta,0,line_test_0015,0.0,0.11087459325790405,0.0008772967848926783,0.004892819095402956,0,0
R01_rsbfilm_env_absDelta,0,line_test_0016,0.0,0.092363640666008,0.0012822203570976853,0.005706035066395998,0,0
R01_rsbfilm_env_absDelta,0,line_test_0017,0.0,0.18326997756958008,0.0007146713905967772,0.004521948751062155,0,0
R01_rsbfilm_env_absDelta,0,line_test_0018,0.0,0.09243172407150269,0.0009240713552571833,0.004670644178986549,0,0
R01_rsbfilm_env_absDelta,0,line_test_0019,0.0,0.09236270189285278,0.0007317806011997163,0.004025796893984079,0,0
R01_rsbfilm_env_absDelta,0,cross_test_0000,0.0,0.09244534373283386,0.0011080203112214804,0.005174911580979824,0,0
R01_rsbfilm_env_absDelta,0,cross_test_0001,0.0,0.09243175387382507,0.0008697097073309124,0.0043448274955153465,0,0
R01_rsbfilm_env_absDelta,0,cross_test_0002,0.0,0.09243437647819519,0.0008720920886844397,0.004615014418959618,0,0
R01_rsbfilm_env_absDelta,0,cross_test_0003,0.0,0.11936122179031372,0.001281985198147595,0.006042947061359882,0,0
R01_rsbfilm_env_absDelta,0,cross_test_0004,0.0,0.1126476526260376,0.001269862288609147,0.00611190777271986,0,0
R01_rsbfilm_env_absDelta,0,cross_test_0005,0.0,0.09238462150096893,0.0012378247920423746,0.005158526822924614,0,0
R01_rsbfilm_env_absDelta,0,cross_test_0006,0.0,0.09243075549602509,0.0006690665613859892,0.003840385703369975,0,0
R01_rsbfilm_env_absDelta,0,cross_test_0007,0.0,0.09243577718734741,0.0008002591202966869,0.004374284762889147,0,0
R01_rsbfilm_env_absDelta,0,cross_test_0008,0.0,0.11928719282150269,0.0014012919273227453,0.00651893625035882,0,0
R01_rsbfilm_env_absDelta,0,cross_test_0009,0.0,0.09243175387382507,0.0008638995350338519,0.004575494211167097,0,0
R01_rsbfilm_env_absDelta,0,cross_test_0010,0.0,0.09448489546775818,0.0010149759473279119,0.004967845976352692,0,0
R01_rsbfilm_env_absDelta,0,cross_test_0011,0.0,0.13520294427871704,0.0019332146039232612,0.0086830984801054,0,0
R01_rsbfilm_env_absDelta,0,cross_test_0012,0.0,0.09243564307689667,0.00098121864721179,0.0049254694022238255,0,0
R01_rsbfilm_env_absDelta,0,cross_test_0013,0.0,0.09992969036102295,0.0011405106633901596,0.005123962182551622,0,0
R01_rsbfilm_env_absDelta,0,cross_test_0014,0.0,0.09243148565292358,0.0008462402620352805,0.004294408019632101,0,0
R01_rsbfilm_env_absDelta,0,L_shape_test_0000,0.0,0.0956571102142334,0.0015582764754071832,0.0064516449347138405,0,0
R01_rsbfilm_env_absDelta,0,L_shape_test_0001,0.0,0.09236612915992737,0.0007733377278782427,0.004034728277474642,0,0
R01_rsbfilm_env_absDelta,0,L_shape_test_0002,0.0,0.11164417862892151,0.0015022249426692724,0.006394756492227316,0,0
R01_rsbfilm_env_absDelta,0,L_shape_test_0003,0.0,0.10170000791549683,0.0010522354859858751,0.004754604306071997,0,0
R01_rsbfilm_env_absDelta,0,L_shape_test_0004,0.0,0.09237974882125854,0.0012184970546513796,0.00459896307438612,0,0
R01_rsbfilm_env_absDelta,0,L_shape_test_0005,0.0,0.09541153907775879,0.0011015734635293484,0.004977861884981394,0,0
R01_rsbfilm_env_absDelta,0,L_shape_test_0006,0.0,0.09242314100265503,0.0007378283771686256,0.0040395138785243034,0,0
R01_rsbfilm_env_absDelta,0,L_shape_test_0007,0.0,0.09237398207187653,0.001245251507498324,0.00533997593447566,0,0
R01_rsbfilm_env_absDelta,0,L_shape_test_0008,0.0,0.09242898225784302,0.000883285014424473,0.004234768450260162,0,0
R01_rsbfilm_env_absDelta,0,L_shape_test_0009,0.0,0.0939045250415802,0.001188280526548624,0.004966534208506346,0,0
R01_rsbfilm_env_absDelta,0,L_shape_test_0010,0.0,0.09235149621963501,0.0009874313836917281,0.004738771356642246,0,0
R01_rsbfilm_env_absDelta,0,L_shape_test_0011,0.0,0.09243041276931763,0.000670175882987678,0.003853528294712305,0,0
R01_rsbfilm_env_absDelta,0,L_shape_test_0012,0.0,0.09237097203731537,0.0009926976636052132,0.004606728907674551,0,0
R01_rsbfilm_env_absDelta,0,L_shape_test_0013,0.0,0.0923563539981842,0.0010520112700760365,0.004456207621842623,0,0
R01_rsbfilm_env_absDelta,0,L_shape_test_0014,0.0,0.0924466997385025,0.0008556108805350959,0.004265089984983206,0,0
R01_rsbfilm_env_absDelta,0,L_shape_test_0015,0.0,0.09236620366573334,0.0010243336437270045,0.004582117311656475,0,0
R01_rsbfilm_env_absDelta,0,L_shape_test_0016,0.0,0.09237109124660492,0.0010188837768509984,0.004503264091908932,0,0
R01_rsbfilm_env_absDelta,0,L_shape_test_0017,0.0,0.09235583245754242,0.0012305538402870297,0.005158992949873209,0,0
R01_rsbfilm_env_absDelta,0,L_shape_test_0018,0.0,0.09237486124038696,0.0009416108368895948,0.0042718080803751945,0,0
R01_rsbfilm_env_absDelta,0,L_shape_test_0019,0.0,0.11029273271560669,0.0009919473668560386,0.004872800316661596,0,0
R01_rsbfilm_env_absDelta,0,double_line_test_0000,0.0,0.12216204404830933,0.0007986223790794611,0.0043831816874444485,0,0
R01_rsbfilm_env_absDelta,0,double_line_test_0001,0.0,0.133808434009552,0.0016833411063998938,0.007430028170347214,0,0
R01_rsbfilm_env_absDelta,0,double_line_test_0002,0.0,0.09455978870391846,0.0006764178397133946,0.004175783134996891,0,0
R01_rsbfilm_env_absDelta,0,double_line_test_0003,0.0,0.09236513078212738,0.000827633251901716,0.0039735035970807076,0,0
R01_rsbfilm_env_absDelta,0,double_line_test_0004,0.0,0.09235309064388275,0.0012014016974717379,0.005486840382218361,0,0
R01_rsbfilm_env_absDelta,0,double_line_test_0005,0.0,0.22738265991210938,0.0007687863544560969,0.004699250683188438,0,0
R01_rsbfilm_env_absDelta,0,double_line_test_0006,0.0,0.11627572774887085,0.001724282163195312,0.0070811910554766655,0,0
R01_rsbfilm_env_absDelta,0,double_line_test_0007,0.0,0.09242409467697144,0.00098290981259197,0.00447216397151351,0,0
R01_rsbfilm_env_absDelta,0,double_line_test_0008,0.0,0.11788487434387207,0.0012169635156169534,0.0052266507409513,0,0
R01_rsbfilm_env_absDelta,0,double_line_test_0009,0.0,0.09238487482070923,0.0008014385821297765,0.004035885911434889,0,0
R01_rsbfilm_env_absDelta,0,double_line_test_0010,0.0,0.092424675822258,0.0010509385028854012,0.0045767975971102715,0,0
R01_rsbfilm_env_absDelta,0,double_line_test_0011,0.0,0.09242555499076843,0.0006849401397630572,0.00380696845240891,0,0
R01_rsbfilm_env_absDelta,0,double_line_test_0012,0.0,0.09243053197860718,0.0007334884139709175,0.00397226307541132,0,0
R01_rsbfilm_env_absDelta,0,double_line_test_0013,0.0,0.09236365556716919,0.0009835335658863187,0.004104664083570242,0,0
R01_rsbfilm_env_absDelta,0,double_line_test_0014,0.0,0.16204100847244263,0.0015926723135635257,0.006663940846920013,0,0
R01_rsbfilm_env_absDelta,0,small_rect_edge_test_0000,0.0,0.12941372394561768,0.0007815812714397907,0.004499373957514763,0,0
R01_rsbfilm_env_absDelta,0,small_rect_edge_test_0001,0.0,0.09242948889732361,0.0008457482908852398,0.004368362948298454,0,0
R01_rsbfilm_env_absDelta,0,small_rect_edge_test_0002,0.0,0.13736683130264282,0.0008179054711945355,0.004474555142223835,0,0
R01_rsbfilm_env_absDelta,0,small_rect_edge_test_0003,0.0,0.09235551953315735,0.0009256122284568846,0.004372841212898493,0,0
R01_rsbfilm_env_absDelta,0,small_rect_edge_test_0004,0.0,0.15409523248672485,0.0015717125497758389,0.007425252348184586,0,0
R01_rsbfilm_env_absDelta,0,small_rect_edge_test_0005,0.0,0.13086318969726562,0.0010937287006527185,0.005369721446186304,0,0
R01_rsbfilm_env_absDelta,0,small_rect_edge_test_0006,0.0,0.09237740933895111,0.0008557502878829837,0.004223346244543791,0,0
R01_rsbfilm_env_absDelta,0,small_rect_edge_test_0007,0.0,0.13038843870162964,0.0007213269709609449,0.004570706281810999,0,0
R01_rsbfilm_env_absDelta,0,small_rect_edge_test_0008,0.0,0.2120804786682129,0.0015815987717360258,0.007347241975367069,0,0
R01_rsbfilm_env_absDelta,0,small_rect_edge_test_0009,0.0,0.09244781732559204,0.0008490665932185948,0.004269223660230637,0,0
R01_rsbfilm_env_absDelta,0,point_cluster_test_0000,0.0,0.09238496422767639,0.0008887695730663836,0.004343102686107159,0,0
R01_rsbfilm_env_absDelta,0,point_cluster_test_0001,0.0,0.13240909576416016,0.0012008127523586154,0.005779322236776352,0,0
R01_rsbfilm_env_absDelta,0,point_cluster_test_0002,0.0,0.09238322079181671,0.0009893745882436633,0.004965736996382475,0,0
R01_rsbfilm_env_absDelta,0,point_cluster_test_0003,0.0,0.10541725158691406,0.0009059472940862179,0.004808932542800903,0,0
R01_rsbfilm_env_absDelta,0,point_cluster_test_0004,0.0,0.09422776103019714,0.001336834509856999,0.006144060753285885,0,0
R01_rsbfilm_env_absDelta,0,point_cluster_test_0005,0.0,0.09516143798828125,0.0011891411850228906,0.005499891005456448,0,0
R01_rsbfilm_env_absDelta,0,point_cluster_test_0006,0.0,0.21177881956100464,0.0008902871049940586,0.004912177100777626,0,0
R01_rsbfilm_env_absDelta,0,point_cluster_test_0007,0.0,0.09831428527832031,0.001011620624922216,0.005027660168707371,0,0
R01_rsbfilm_env_absDelta,0,point_cluster_test_0008,0.0,0.09236331284046173,0.0010306664044037461,0.005181680899113417,0,0
R01_rsbfilm_env_absDelta,0,point_cluster_test_0009,0.0,0.09238322079181671,0.0007603749400004745,0.004158434923738241,0,0
R01_rsbfilm_env_absDelta,0,point_cluster_test_0010,0.0,0.09236332774162292,0.0012151827104389668,0.005163087043911219,0,0
R01_rsbfilm_env_absDelta,0,point_cluster_test_0011,0.0,0.1527281403541565,0.0013346790801733732,0.006933858618140221,0,0
R01_rsbfilm_env_absDelta,0,point_cluster_test_0012,0.0,0.18281710147857666,0.0012069391086697578,0.006213965360075235,0,0
R01_rsbfilm_env_absDelta,0,point_cluster_test_0013,0.0,0.11618965864181519,0.001786768902093172,0.00755675882101059,0,0
R01_rsbfilm_env_absDelta,0,point_cluster_test_0014,0.0,0.10828575491905212,0.0008890913450159132,0.004975492600351572,0,0
R01_rsbfilm_env_absDelta,0,point_cluster_test_0015,0.0,0.12788701057434082,0.0011526534799486399,0.006473281886428595,0,0
R01_rsbfilm_env_absDelta,0,point_cluster_test_0016,0.0,0.09242776036262512,0.0010672402568161488,0.004838953725993633,0,0
R01_rsbfilm_env_absDelta,0,point_cluster_test_0017,0.0,0.1344432830810547,0.0009327593725174665,0.005133162252604961,0,0
R01_rsbfilm_env_absDelta,0,point_cluster_test_0018,0.0,0.15232694149017334,0.0011472345795482397,0.006003596819937229,0,0
R01_rsbfilm_env_absDelta,0,point_cluster_test_0019,0.0,0.09237615764141083,0.0007128659053705633,0.004002852831035852,0,0
R01_rsbfilm_env_absDelta,1,line_test_0000,0.0,0.015527009963989258,5.35568869963754e-05,0.00046278268564492464,0,0
R01_rsbfilm_env_absDelta,1,line_test_0001,0.0,0.044085755944252014,0.00014693738194182515,0.0009185117669403553,0,0
R01_rsbfilm_env_absDelta,1,line_test_0002,0.0,0.02403363585472107,0.0001286391052417457,0.0008666107314638793,0,0
R01_rsbfilm_env_absDelta,1,line_test_0003,0.0,0.07154667377471924,0.0001659911940805614,0.0014629397774115205,0,0
R01_rsbfilm_env_absDelta,1,line_test_0004,0.0,0.00585164874792099,3.0308332497952506e-05,0.00023729196982458234,0,0
R01_rsbfilm_env_absDelta,1,line_test_0005,0.0,0.006714977324008942,4.1086419514613226e-05,0.0003012375673279166,0,0
R01_rsbfilm_env_absDelta,1,line_test_0006,0.0,0.1383070945739746,0.0001445018860977143,0.002128311898559332,0,0
R01_rsbfilm_env_absDelta,1,line_test_0007,0.0,0.03129597008228302,0.0001037822657963261,0.0007579804514534771,0,0
R01_rsbfilm_env_absDelta,1,line_test_0008,0.0,0.009296616539359093,0.00010105215915245935,0.0005607987986877561,0,0
R01_rsbfilm_env_absDelta,1,line_test_0009,0.0,0.03150242567062378,6.722623948007822e-05,0.0005708134267479181,0,0
R01_rsbfilm_env_absDelta,1,line_test_0010,0.0,0.03110605478286743,5.908198363613337e-05,0.0005377326160669327,0,0
R01_rsbfilm_env_absDelta,1,line_test_0011,0.0,0.24847638607025146,0.00012139051250414923,0.002956158248707652,0,0
R01_rsbfilm_env_absDelta,1,line_test_0012,0.0,0.06061086058616638,9.95896480162628e-05,0.0009231655858457088,0,0
R01_rsbfilm_env_absDelta,1,line_test_0013,0.0,0.02206718921661377,0.00010427556117065251,0.0006612039287574589,0,0
R01_rsbfilm_env_absDelta,1,line_test_0014,0.0,0.011464715003967285,3.898469003615901e-05,0.00030601691105403006,0,0
R01_rsbfilm_env_absDelta,1,line_test_0015,0.0,0.09354177117347717,7.750571967335418e-05,0.000993774738162756,0,0
R01_rsbfilm_env_absDelta,1,line_test_0016,0.0,0.014874935150146484,9.083277109311894e-05,0.0005805300315842032,0,0
R01_rsbfilm_env_absDelta,1,line_test_0017,0.0,0.39880478382110596,0.0001646859454922378,0.005422084592282772,0,0
R01_rsbfilm_env_absDelta,1,line_test_0018,0.0,0.03221915662288666,8.447231084574014e-05,0.0006781757110729814,0,0
R01_rsbfilm_env_absDelta,1,line_test_0019,0.0,0.012657999992370605,5.173702083993703e-05,0.0003926767676603049,0,0
R01_rsbfilm_env_absDelta,1,cross_test_0000,0.0,0.03763565421104431,0.00013629677414428443,0.0009112835396081209,0,0
R01_rsbfilm_env_absDelta,1,cross_test_0001,0.0,0.009309422224760056,8.100456761894748e-05,0.00047606683801859617,0,0
R01_rsbfilm_env_absDelta,1,cross_test_0002,0.0,0.09339731931686401,0.0001150698444689624,0.0015379568794742227,0,0
R01_rsbfilm_env_absDelta,1,cross_test_0003,0.0,0.02731388807296753,0.00016353557293768972,0.001033314736559987,0,0
R01_rsbfilm_env_absDelta,1,cross_test_0004,0.0,0.013526633381843567,0.00013919011689722538,0.000850959331728518,0,0
R01_rsbfilm_env_absDelta,1,cross_test_0005,0.0,0.04208946228027344,0.00015887839253991842,0.0009496633429080248,0,0
R01_rsbfilm_env_absDelta,1,cross_test_0006,0.0,0.012524425983428955,5.03602423123084e-05,0.00039598782313987613,0,0
R01_rsbfilm_env_absDelta,1,cross_test_0007,0.0,0.013522636145353317,8.31970464787446e-05,0.0006495810230262578,0,0
R01_rsbfilm_env_absDelta,1,cross_test_0008,0.0,0.0933195948600769,0.0002060634724330157,0.0014558830298483372,0,0
R01_rsbfilm_env_absDelta,1,cross_test_0009,0.0,0.05464434623718262,6.067441063350998e-05,0.000657411408610642,0,0
R01_rsbfilm_env_absDelta,1,cross_test_0010,0.0,0.020240306854248047,0.00010817669681273401,0.0007603087578900158,0,0
R01_rsbfilm_env_absDelta,1,cross_test_0011,0.0,0.04919689893722534,0.0002748645783867687,0.0015970672247931361,0,0
R01_rsbfilm_env_absDelta,1,cross_test_0012,0.0,0.012922186404466629,9.566918015480042e-05,0.0006022119778208435,0,0
R01_rsbfilm_env_absDelta,1,cross_test_0013,0.0,0.12948077917099,0.00018094110419042408,0.0019854153506457806,0,0
R01_rsbfilm_env_absDelta,1,cross_test_0014,0.0,0.012716270983219147,6.342856795527041e-05,0.00043863701284863055,0,0
R01_rsbfilm_env_absDelta,1,L_shape_test_0000,0.0,0.08152937889099121,0.00022840617748443037,0.0014752098359167576,0,0
R01_rsbfilm_env_absDelta,1,L_shape_test_0001,0.0,0.009400971233844757,5.673149644280784e-05,0.0003789655165746808,0,0
R01_rsbfilm_env_absDelta,1,L_shape_test_0002,0.0,0.029444903135299683,0.00018797196389641613,0.0011084785219281912,0,0
R01_rsbfilm_env_absDelta,1,L_shape_test_0003,0.0,0.051857590675354004,0.00011937390809180215,0.0008194310357794166,0,0
R01_rsbfilm_env_absDelta,1,L_shape_test_0004,0.0,0.010815665125846863,0.00012285182310733944,0.0005685848882421851,0,0
R01_rsbfilm_env_absDelta,1,L_shape_test_0005,0.0,0.15913116931915283,0.00014610170910600573,0.0018151543335989118,0,0
R01_rsbfilm_env_absDelta,1,L_shape_test_0006,0.0,0.019297540187835693,5.918967872275971e-05,0.00039530551293864846,0,0
R01_rsbfilm_env_absDelta,1,L_shape_test_0007,0.0,0.016952883452177048,0.0001406991941621527,0.0007999457302503288,0,0
R01_rsbfilm_env_absDelta,1,L_shape_test_0008,0.0,0.023680657148361206,8.126637840177864e-05,0.0005180856096558273,0,0
R01_rsbfilm_env_absDelta,1,L_shape_test_0009,0.0,0.020372748374938965,0.00015809193428140134,0.0008719775942154229,0,0
R01_rsbfilm_env_absDelta,1,L_shape_test_0010,0.0,0.013003714382648468,0.00010294247476849705,0.000649035326205194,0,0
R01_rsbfilm_env_absDelta,1,L_shape_test_0011,0.0,0.016273215413093567,4.853359132539481e-05,0.0003365276788827032,0,0
R01_rsbfilm_env_absDelta,1,L_shape_test_0012,0.0,0.016246497631072998,0.00011815800098702312,0.0007034486043266952,0,0
R01_rsbfilm_env_absDelta,1,L_shape_test_0013,0.0,0.01137789711356163,0.00011455583444330841,0.0006238528876565397,0,0
R01_rsbfilm_env_absDelta,1,L_shape_test_0014,0.0,0.010113298892974854,7.411806291202083e-05,0.0005121979047544301,0,0
R01_rsbfilm_env_absDelta,1,L_shape_test_0015,0.0,0.016108989715576172,0.00010315430699847639,0.0005798943457193673,0,0
R01_rsbfilm_env_absDelta,1,L_shape_test_0016,0.0,0.05598965287208557,0.00010838769958354533,0.0008519113180227578,0,0
R01_rsbfilm_env_absDelta,1,L_shape_test_0017,0.0,0.012659132480621338,0.00014246533100958914,0.0007353965193033218,0,0
R01_rsbfilm_env_absDelta,1,L_shape_test_0018,0.0,0.015485823154449463,9.362692799186334e-05,0.0004944662214256823,0,0
R01_rsbfilm_env_absDelta,1,L_shape_test_0019,0.0,0.02443768084049225,8.685505599714816e-05,0.0006395246018655598,0,0
R01_rsbfilm_env_absDelta,1,double_line_test_0000,0.0,0.1304771900177002,7.079682109178975e-05,0.0012409099144861102,0,0
R01_rsbfilm_env_absDelta,1,double_line_test_0001,0.0,0.1197400689125061,0.0002514850639272481,0.0019438829040154815,0,0
R01_rsbfilm_env_absDelta,1,double_line_test_0002,0.0,0.10683810710906982,7.437926979037002e-05,0.0013262025313451886,0,0
R01_rsbfilm_env_absDelta,1,double_line_test_0003,0.0,0.006768614053726196,8.433001494267955e-05,0.00039493737858720124,0,0
R01_rsbfilm_env_absDelta,1,double_line_test_0004,0.0,0.023544341325759888,0.00017720360483508557,0.001023489749059081,0,0
R01_rsbfilm_env_absDelta,1,double_line_test_0005,0.0,0.3637440800666809,0.00014152354560792446,0.0037280265241861343,0,0
R01_rsbfilm_env_absDelta,1,double_line_test_0006,0.0,0.0988202691078186,0.00024487648624926805,0.001651365659199655,0,0
R01_rsbfilm_env_absDelta,1,double_line_test_0007,0.0,0.03269413113594055,0.00010071106953546405,0.0007305833860300481,0,0
R01_rsbfilm_env_absDelta,1,double_line_test_0008,0.0,0.10479968786239624,0.0001503917301306501,0.001557050971314311,0,0
R01_rsbfilm_env_absDelta,1,double_line_test_0009,0.0,0.009078502655029297,8.314914884977043e-05,0.00047873728908598423,0,0
R01_rsbfilm_env_absDelta,1,double_line_test_0010,0.0,0.023928336799144745,0.0001962086244020611,0.0010646884329617023,0,0
R01_rsbfilm_env_absDelta,1,double_line_test_0011,0.0,0.007802814245223999,6.17617552052252e-05,0.0003389535704627633,0,0
R01_rsbfilm_env_absDelta,1,double_line_test_0012,0.0,0.007961183786392212,4.644308137358166e-05,0.0003325063153170049,0,0
R01_rsbfilm_env_absDelta,1,double_line_test_0013,0.0,0.014342688024044037,0.00014711184485349804,0.0006827146280556917,0,0
R01_rsbfilm_env_absDelta,1,double_line_test_0014,0.0,0.1848500669002533,0.000228412653086707,0.002023827750235796,0,0
R01_rsbfilm_env_absDelta,1,small_rect_edge_test_0000,0.0,0.2831926643848419,0.00010240595292998478,0.002820436842739582,0,0
R01_rsbfilm_env_absDelta,1,small_rect_edge_test_0001,0.0,0.0809367299079895,9.851868526311591e-05,0.0011145344469696283,0,0
R01_rsbfilm_env_absDelta,1,small_rect_edge_test_0002,0.0,0.3780252933502197,0.00021546526113525033,0.004813720006495714,0,0
R01_rsbfilm_env_absDelta,1,small_rect_edge_test_0003,0.0,0.023419439792633057,0.0001025576057145372,0.0006972484407015145,0,0
R01_rsbfilm_env_absDelta,1,small_rect_edge_test_0004,0.0,0.054658859968185425,0.00023739140306133777,0.0016229854663833976,0,0
R01_rsbfilm_env_absDelta,1,small_rect_edge_test_0005,0.0,0.05998343229293823,0.00017597561236470938,0.001252518268302083,0,0
R01_rsbfilm_env_absDelta,1,small_rect_edge_test_0006,0.0,0.02499762922525406,9.87146413535811e-05,0.000601306208409369,0,0
R01_rsbfilm_env_absDelta,1,small_rect_edge_test_0007,0.0,0.03414332866668701,7.725828618276864e-05,0.0006836482207290828,0,0
R01_rsbfilm_env_absDelta,1,small_rect_edge_test_0008,0.0,0.06794720888137817,0.0002492984931450337,0.0017810397548601031,0,0
R01_rsbfilm_env_absDelta,1,small_rect_edge_test_0009,0.0,0.09031552076339722,0.00011182823800481856,0.0012242840602993965,0,0
R01_rsbfilm_env_absDelta,1,point_cluster_test_0000,0.0,0.03998440504074097,9.414280793862417e-05,0.0006871600053273141,0,0
R01_rsbfilm_env_absDelta,1,point_cluster_test_0001,0.0,0.04416012763977051,0.00014377992192748934,0.000995238428004086,0,0
R01_rsbfilm_env_absDelta,1,point_cluster_test_0002,0.0,0.19490325450897217,0.00014442300016526133,0.002372031332924962,0,0
R01_rsbfilm_env_absDelta,1,point_cluster_test_0003,0.0,0.06865054368972778,6.918251165188849e-05,0.0008166670450009406,0,0
R01_rsbfilm_env_absDelta,1,point_cluster_test_0004,0.0,0.0177394300699234,0.00016959606728050858,0.000995379639789462,0,0
R01_rsbfilm_env_absDelta,1,point_cluster_test_0005,0.0,0.127055823802948,0.00015503872418776155,0.001584125915542245,0,0
R01_rsbfilm_env_absDelta,1,point_cluster_test_0006,0.0,0.19091612100601196,0.00010508335253689438,0.0018453676020726562,0,0
R01_rsbfilm_env_absDelta,1,point_cluster_test_0007,0.0,0.04012829065322876,0.00010917027248069644,0.0008402136154472828,0,0
R01_rsbfilm_env_absDelta,1,point_cluster_test_0008,0.0,0.04509648680686951,0.00013581739040091634,0.0010874350555241108,0,0
R01_rsbfilm_env_absDelta,1,point_cluster_test_0009,0.0,0.01249760389328003,5.514780423254706e-05,0.00045328924898058176,0,0
R01_rsbfilm_env_absDelta,1,point_cluster_test_0010,0.0,0.03499877452850342,0.00013374497939366847,0.0008005006238818169,0,0
R01_rsbfilm_env_absDelta,1,point_cluster_test_0011,0.0,0.04681733250617981,0.00020301432232372463,0.001578711555339396,0,0
R01_rsbfilm_env_absDelta,1,point_cluster_test_0012,0.0,0.0517040491104126,0.00012344180140644312,0.0009846885222941637,0,0
R01_rsbfilm_env_absDelta,1,point_cluster_test_0013,0.0,0.029260724782943726,0.0002546373871155083,0.0014533365610986948,0,0
R01_rsbfilm_env_absDelta,1,point_cluster_test_0014,0.0,0.03538927435874939,6.773256609449163e-05,0.0006165375816635787,0,0
R01_rsbfilm_env_absDelta,1,point_cluster_test_0015,0.0,0.054692089557647705,0.00014029443264007568,0.001233770977705717,0,0
R01_rsbfilm_env_absDelta,1,point_cluster_test_0016,0.0,0.03167323023080826,0.00014525996812153608,0.0008558417321182787,0,0
R01_rsbfilm_env_absDelta,1,point_cluster_test_0017,0.0,0.1973327398300171,0.00011572116636671126,0.0019993758760392666,0,0
R01_rsbfilm_env_absDelta,1,point_cluster_test_0018,0.0,0.1805797815322876,0.0001509377034381032,0.0019324807217344642,0,0
R01_rsbfilm_env_absDelta,1,point_cluster_test_0019,0.0,0.052222251892089844,4.7218072722898796e-05,0.0005743307410739362,0,0
R01_rsbfilm_env_absDelta,2,line_test_0000,0.0,0.015047237277030945,0.0001885482924990356,0.0006006258772686124,0,0
R01_rsbfilm_env_absDelta,2,line_test_0001,0.0,0.02025151252746582,0.0003236131160520017,0.0010308589553460479,0,0
R01_rsbfilm_env_absDelta,2,line_test_0002,0.0,0.03254920244216919,0.0002700549375731498,0.0009371383348479867,0,0
R01_rsbfilm_env_absDelta,2,line_test_0003,0.0,0.0738140344619751,0.0003933057887479663,0.0019063371000811458,0,0
R01_rsbfilm_env_absDelta,2,line_test_0004,0.0,0.011899113655090332,0.00016651724581606686,0.00044763644109480083,0,0
R01_rsbfilm_env_absDelta,2,line_test_0005,0.0,0.011382341384887695,0.0002036842779489234,0.0005740539636462927,0,0
R01_rsbfilm_env_absDelta,2,line_test_0006,0.0,0.06751468777656555,0.00029284594347700477,0.0015832744538784027,0,0
R01_rsbfilm_env_absDelta,2,line_test_0007,0.0,0.012848198413848877,0.00024699897039681673,0.0007595170754939318,0,0
R01_rsbfilm_env_absDelta,2,line_test_0008,0.0,0.01208612322807312,0.00025657727383077145,0.0007407592493109405,0,0
R01_rsbfilm_env_absDelta,2,line_test_0009,0.0,0.01981496810913086,0.00022940945927985013,0.0008136663236655295,0,0
R01_rsbfilm_env_absDelta,2,line_test_0010,0.0,0.013812541961669922,0.00019593030447140336,0.0005989556084387004,0,0
R01_rsbfilm_env_absDelta,2,line_test_0011,0.0,0.10372751951217651,0.00023871974553912878,0.0015859022969380021,0,0
R01_rsbfilm_env_absDelta,2,line_test_0012,0.0,0.05947354435920715,0.00027136446442455053,0.001269119093194604,0,0
R01_rsbfilm_env_absDelta,2,line_test_0013,0.0,0.02321094274520874,0.0002709029067773372,0.000928120338357985,0,0
R01_rsbfilm_env_absDelta,2,line_test_0014,0.0,0.026049315929412842,0.0001681321591604501,0.000514072657097131,0,0
R01_rsbfilm_env_absDelta,2,line_test_0015,0.0,0.03054901957511902,0.00021648361871484667,0.0008189601940102875,0,0
R01_rsbfilm_env_absDelta,2,line_test_0016,0.0,0.027685940265655518,0.00031244850833900273,0.001129146316088736,0,0
R01_rsbfilm_env_absDelta,2,line_test_0017,0.0,0.17572271823883057,0.00022375714615918696,0.0022889364045113325,0,0
R01_rsbfilm_env_absDelta,2,line_test_0018,0.0,0.013963699340820312,0.0002211180835729465,0.0007017130847088993,0,0
R01_rsbfilm_env_absDelta,2,line_test_0019,0.0,0.01710355281829834,0.0002463028649799526,0.0008045901195146143,0,0
R01_rsbfilm_env_absDelta,2,cross_test_0000,0.0,0.03577375411987305,0.0002986498875543475,0.0010757938725873828,0,0
R01_rsbfilm_env_absDelta,2,cross_test_0001,0.0,0.012353479862213135,0.0002517997345421463,0.0007396703585982323,0,0
R01_rsbfilm_env_absDelta,2,cross_test_0002,0.0,0.036018192768096924,0.00023496696667280048,0.0009085606434382498,0,0
R01_rsbfilm_env_absDelta,2,cross_test_0003,0.0,0.053324222564697266,0.00034319498809054494,0.001428308431059122,0,0
R01_rsbfilm_env_absDelta,2,cross_test_0004,0.0,0.027037739753723145,0.00028371845837682486,0.0010132838506251574,0,0
R01_rsbfilm_env_absDelta,2,cross_test_0005,0.0,0.018235206604003906,0.00034489433164708316,0.0010478550102561712,0,0
R01_rsbfilm_env_absDelta,2,cross_test_0006,0.0,0.043318986892700195,0.00021613389253616333,0.0009163374197669327,0,0
R01_rsbfilm_env_absDelta,2,cross_test_0007,0.0,0.06311255693435669,0.0002173927496187389,0.0011099166003987193,0,0
R01_rsbfilm_env_absDelta,2,cross_test_0008,0.0,0.04527720808982849,0.00034426437923684716,0.001251283218152821,0,0
R01_rsbfilm_env_absDelta,2,cross_test_0009,0.0,0.05389678478240967,0.0002201999450335279,0.0009339988464489579,0,0
R01_rsbfilm_env_absDelta,2,cross_test_0010,0.0,0.04186433553695679,0.00026761050685308874,0.0010268967598676682,0,0
R01_rsbfilm_env_absDelta,2,cross_test_0011,0.0,0.05775654315948486,0.00044300430454313755,0.0018204364459961653,0,0
R01_rsbfilm_env_absDelta,2,cross_test_0012,0.0,0.022453367710113525,0.00027652602875605226,0.0010483198566362262,0,0
R01_rsbfilm_env_absDelta,2,cross_test_0013,0.0,0.08754599094390869,0.0003439680440351367,0.0016677711391821504,0,0
R01_rsbfilm_env_absDelta,2,cross_test_0014,0.0,0.017442911863327026,0.00020700048480648547,0.0006281258538365364,0,0
R01_rsbfilm_env_absDelta,2,L_shape_test_0000,0.0,0.1097726821899414,0.0004088439454790205,0.0019412466790527105,0,0
R01_rsbfilm_env_absDelta,2,L_shape_test_0001,0.0,0.013171255588531494,0.0002236289728898555,0.0006678172503598034,0,0
R01_rsbfilm_env_absDelta,2,L_shape_test_0002,0.0,0.05041378736495972,0.0004184818535577506,0.001463731867261231,0,0
R01_rsbfilm_env_absDelta,2,L_shape_test_0003,0.0,0.021949276328086853,0.00031066802330315113,0.0010938727064058185,0,0
R01_rsbfilm_env_absDelta,2,L_shape_test_0004,0.0,0.012072302401065826,0.00033812099718488753,0.0008820622460916638,0,0
R01_rsbfilm_env_absDelta,2,L_shape_test_0005,0.0,0.044504374265670776,0.00030445624724961817,0.001064396696165204,0,0
R01_rsbfilm_env_absDelta,2,L_shape_test_0006,0.0,0.04981386661529541,0.00020460414816625416,0.0007738405838608742,0,0
R01_rsbfilm_env_absDelta,2,L_shape_test_0007,0.0,0.023180603981018066,0.00030892787617631257,0.0010463210055604577,0,0
R01_rsbfilm_env_absDelta,2,L_shape_test_0008,0.0,0.04848778247833252,0.00026690648519434035,0.0010473137954249978,0,0
R01_rsbfilm_env_absDelta,2,L_shape_test_0009,0.0,0.04950070381164551,0.00041883462108671665,0.0014026073040440679,0,0
R01_rsbfilm_env_absDelta,2,L_shape_test_0010,0.0,0.02288156747817993,0.0002733562723733485,0.001025757403112948,0,0
R01_rsbfilm_env_absDelta,2,L_shape_test_0011,0.0,0.01018640398979187,0.00018054699467029423,0.0004684826999437064,0,0
R01_rsbfilm_env_absDelta,2,L_shape_test_0012,0.0,0.016279514878988266,0.0002531294303480536,0.000773370498791337,0,0
R01_rsbfilm_env_absDelta,2,L_shape_test_0013,0.0,0.02322971820831299,0.0002680818142835051,0.0008205448393709958,0,0
R01_rsbfilm_env_absDelta,2,L_shape_test_0014,0.0,0.02555990219116211,0.00021142455807421356,0.000702846038620919,0,0
R01_rsbfilm_env_absDelta,2,L_shape_test_0015,0.0,0.013656795024871826,0.00030197162413969636,0.0008500906988047063,0,0
R01_rsbfilm_env_absDelta,2,L_shape_test_0016,0.0,0.02531185746192932,0.0002650837413966656,0.0008216231944970787,0,0
R01_rsbfilm_env_absDelta,2,L_shape_test_0017,0.0,0.01580071449279785,0.0003522877232171595,0.0011083047138527036,0,0
R01_rsbfilm_env_absDelta,2,L_shape_test_0018,0.0,0.07504171133041382,0.00028346868930384517,0.001318838563747704,0,0
R01_rsbfilm_env_absDelta,2,L_shape_test_0019,0.0,0.030425995588302612,0.00023824132222216576,0.0007531204028055072,0,0
R01_rsbfilm_env_absDelta,2,double_line_test_0000,0.0,0.08273279666900635,0.00022065304801799357,0.0011461982503533363,0,0
R01_rsbfilm_env_absDelta,2,double_line_test_0001,0.0,0.04657560586929321,0.00042777261114679277,0.001746652415022254,0,0
R01_rsbfilm_env_absDelta,2,double_line_test_0002,0.0,0.06986165046691895,0.0002111435023834929,0.0010440160986036062,0,0
R01_rsbfilm_env_absDelta,2,double_line_test_0003,0.0,0.014240860939025879,0.00029705464839935303,0.0007843139464966953,0,0
R01_rsbfilm_env_absDelta,2,double_line_test_0004,0.0,0.039985716342926025,0.0003267953870818019,0.001177209080196917,0,0
R01_rsbfilm_env_absDelta,2,double_line_test_0005,0.0,0.13901090621948242,0.0002354912576265633,0.0015977224102243781,0,0
R01_rsbfilm_env_absDelta,2,double_line_test_0006,0.0,0.03269258141517639,0.0004279368731658906,0.001555834081955254,0,0
R01_rsbfilm_env_absDelta,2,double_line_test_0007,0.0,0.024067938327789307,0.00028329493943601847,0.00090302515309304,0,0
R01_rsbfilm_env_absDelta,2,double_line_test_0008,0.0,0.09368300437927246,0.00042869351455010474,0.0017380908830091357,0,0
R01_rsbfilm_env_absDelta,2,double_line_test_0009,0.0,0.019336342811584473,0.00026613767840899527,0.0007992048631422222,0,0
R01_rsbfilm_env_absDelta,2,double_line_test_0010,0.0,0.059447646141052246,0.00033965197508223355,0.0013659620890393853,0,0
R01_rsbfilm_env_absDelta,2,double_line_test_0011,0.0,0.02812206745147705,0.00022475756122730672,0.000683841819409281,0,0
R01_rsbfilm_env_absDelta,2,double_line_test_0012,0.0,0.014741301536560059,0.00021883824956603348,0.0006673443713225424,0,0
R01_rsbfilm_env_absDelta,2,double_line_test_0013,0.0,0.013572022318840027,0.0003798823745455593,0.0009814421646296978,0,0
R01_rsbfilm_env_absDelta,2,double_line_test_0014,0.0,0.1023174524307251,0.00042473827488720417,0.0017311963019892573,0,0
R01_rsbfilm_env_absDelta,2,small_rect_edge_test_0000,0.0,0.09422403573989868,0.00020234631665516645,0.001294814981520176,0,0
R01_rsbfilm_env_absDelta,2,small_rect_edge_test_0001,0.0,0.016209065914154053,0.0002418488438706845,0.000747602607589215,0,0
R01_rsbfilm_env_absDelta,2,small_rect_edge_test_0002,0.0,0.1509227752685547,0.0002941144339274615,0.002204116666689515,0,0
R01_rsbfilm_env_absDelta,2,small_rect_edge_test_0003,0.0,0.03139430284500122,0.0003119632601737976,0.001037807553075254,0,0
R01_rsbfilm_env_absDelta,2,small_rect_edge_test_0004,0.0,0.05013379454612732,0.0004032191645819694,0.0017755028093233705,0,0
R01_rsbfilm_env_absDelta,2,small_rect_edge_test_0005,0.0,0.07819658517837524,0.000304907705867663,0.0013646017760038376,0,0
R01_rsbfilm_env_absDelta,2,small_rect_edge_test_0006,0.0,0.01392441987991333,0.0002552351215854287,0.000768256199080497,0,0
R01_rsbfilm_env_absDelta,2,small_rect_edge_test_0007,0.0,0.11020851135253906,0.00023609875643160194,0.0014820694923400879,0,0
R01_rsbfilm_env_absDelta,2,small_rect_edge_test_0008,0.0,0.12550663948059082,0.0004268601187504828,0.0026034002657979727,0,0
R01_rsbfilm_env_absDelta,2,small_rect_edge_test_0009,0.0,0.036054909229278564,0.0002496292581781745,0.000981444725766778,0,0
R01_rsbfilm_env_absDelta,2,point_cluster_test_0000,0.0,0.04778224229812622,0.00026509916642680764,0.001096064574085176,0,0
R01_rsbfilm_env_absDelta,2,point_cluster_test_0001,0.0,0.05408310890197754,0.00027536615380086005,0.0010238982504233718,0,0
R01_rsbfilm_env_absDelta,2,point_cluster_test_0002,0.0,0.021705150604248047,0.0002512488863430917,0.000921123952139169,0,0
R01_rsbfilm_env_absDelta,2,point_cluster_test_0003,0.0,0.02440822124481201,0.00023352158314082772,0.0008821064257062972,0,0
R01_rsbfilm_env_absDelta,2,point_cluster_test_0004,0.0,0.018909990787506104,0.00030000897822901607,0.001038955058902502,0,0
R01_rsbfilm_env_absDelta,2,point_cluster_test_0005,0.0,0.03148293495178223,0.0002975942043121904,0.0010632448829710484,0,0
R01_rsbfilm_env_absDelta,2,point_cluster_test_0006,0.0,0.09629064798355103,0.0002557121042627841,0.0013067394029349089,0,0
R01_rsbfilm_env_absDelta,2,point_cluster_test_0007,0.0,0.026958629488945007,0.0003005111066158861,0.0011781275970861316,0,0
R01_rsbfilm_env_absDelta,2,point_cluster_test_0008,0.0,0.04609033465385437,0.00028474946157075465,0.001330339233390987,0,0
R01_rsbfilm_env_absDelta,2,point_cluster_test_0009,0.0,0.014890193939208984,0.00018857883696909994,0.0006122680497355759,0,0
R01_rsbfilm_env_absDelta,2,point_cluster_test_0010,0.0,0.01725757122039795,0.0003051069797948003,0.0010187126463279128,0,0
R01_rsbfilm_env_absDelta,2,point_cluster_test_0011,0.0,0.0377575159072876,0.0003349022881593555,0.0014187701744958758,0,0
R01_rsbfilm_env_absDelta,2,point_cluster_test_0012,0.0,0.069263756275177,0.00030847801826894283,0.0017688964726403356,0,0
R01_rsbfilm_env_absDelta,2,point_cluster_test_0013,0.0,0.036903202533721924,0.0004266632895451039,0.0015116181457415223,0,0
R01_rsbfilm_env_absDelta,2,point_cluster_test_0014,0.0,0.024868905544281006,0.00020534479699563235,0.0007485985988751054,0,0
R01_rsbfilm_env_absDelta,2,point_cluster_test_0015,0.0,0.03130525350570679,0.00026231573428958654,0.0011392871383577585,0,0
R01_rsbfilm_env_absDelta,2,point_cluster_test_0016,0.0,0.029497385025024414,0.0003398149856366217,0.001178643316961825,0,0
R01_rsbfilm_env_absDelta,2,point_cluster_test_0017,0.0,0.04831784963607788,0.00023908328148536384,0.0009698913199827075,0,0
R01_rsbfilm_env_absDelta,2,point_cluster_test_0018,0.0,0.1171567440032959,0.000341239501722157,0.002118476666510105,0,0
R01_rsbfilm_env_absDelta,2,point_cluster_test_0019,0.0,0.04234200716018677,0.00022471223201137036,0.0009094295091927052,0,0
R02_rsbfilm_env_maxPcycDelta,0,line_test_0000,0.0,0.08506964147090912,0.0009529976523481309,0.003829436143860221,0,0
R02_rsbfilm_env_maxPcycDelta,0,line_test_0001,0.0,0.08510194718837738,0.0013838070444762707,0.0048517463728785515,0,0
R02_rsbfilm_env_maxPcycDelta,0,line_test_0002,0.0,0.08506788313388824,0.0012949826195836067,0.00489819934591651,0,0
R02_rsbfilm_env_maxPcycDelta,0,line_test_0003,0.0,0.10912197828292847,0.0015542105538770556,0.006417495664209127,0,0
R02_rsbfilm_env_maxPcycDelta,0,line_test_0004,0.0,0.08507269620895386,0.0008548896876163781,0.0034981982316821814,0,0
R02_rsbfilm_env_maxPcycDelta,0,line_test_0005,0.0,0.08510053157806396,0.0009715853957459331,0.0038101342506706715,0,0
R02_rsbfilm_env_maxPcycDelta,0,line_test_0006,0.0,0.12707474827766418,0.0012616232270374894,0.005570489447563887,0,0
R02_rsbfilm_env_maxPcycDelta,0,line_test_0007,0.0,0.08509287238121033,0.0010278616100549698,0.0037911038380116224,0,0
R02_rsbfilm_env_maxPcycDelta,0,line_test_0008,0.0,0.08509799838066101,0.0011088424362242222,0.003910955972969532,0,0
R02_rsbfilm_env_maxPcycDelta,0,line_test_0009,0.0,0.08509807288646698,0.001110885408706963,0.004165920428931713,0,0
R02_rsbfilm_env_maxPcycDelta,0,line_test_0010,0.0,0.08510620892047882,0.0010410441318526864,0.004169402178376913,0,0
R02_rsbfilm_env_maxPcycDelta,0,line_test_0011,0.0,0.18917220830917358,0.001086158794350922,0.004383142571896315,0,0
R02_rsbfilm_env_maxPcycDelta,0,line_test_0012,0.0,0.09878680109977722,0.0011873362818732858,0.004751280881464481,0,0
R02_rsbfilm_env_maxPcycDelta,0,line_test_0013,0.0,0.08508507907390594,0.0011984927114099264,0.0043402789160609245,0,0
R02_rsbfilm_env_maxPcycDelta,0,line_test_0014,0.0,0.08509434759616852,0.0008652210235595703,0.0034579667262732983,0,0
R02_rsbfilm_env_maxPcycDelta,0,line_test_0015,0.0,0.09906157851219177,0.0010905867675319314,0.004506206605583429,0,0
R02_rsbfilm_env_maxPcycDelta,0,line_test_0016,0.0,0.08506257832050323,0.0014549406478181481,0.005187408532947302,0,0
R02_rsbfilm_env_maxPcycDelta,0,line_test_0017,0.0,0.1661679744720459,0.0009741995600052178,0.004213765263557434,0,0
R02_rsbfilm_env_maxPcycDelta,0,line_test_0018,0.0,0.08510059118270874,0.0011226305505260825,0.004295428283512592,0,0
R02_rsbfilm_env_maxPcycDelta,0,line_test_0019,0.0,0.0850725769996643,0.0009529424132779241,0.0037067197263240814,0,0
R02_rsbfilm_env_maxPcycDelta,0,cross_test_0000,0.0,0.08508144319057465,0.001295876456424594,0.004782388918101788,0,0
R02_rsbfilm_env_maxPcycDelta,0,cross_test_0001,0.0,0.08671934902667999,0.0011025172425433993,0.003997083753347397,0,0
R02_rsbfilm_env_maxPcycDelta,0,cross_test_0002,0.0,0.08510152995586395,0.001113132224418223,0.004310984164476395,0,0
R02_rsbfilm_env_maxPcycDelta,0,cross_test_0003,0.0,0.10958969593048096,0.001450222684070468,0.005555311217904091,0,0
R02_rsbfilm_env_maxPcycDelta,0,cross_test_0004,0.0,0.10867559909820557,0.0014212981332093477,0.005617568269371986,0,0
R02_rsbfilm_env_maxPcycDelta,0,cross_test_0005,0.0,0.08508928120136261,0.0014071831246837974,0.004736531991511583,0,0
R02_rsbfilm_env_maxPcycDelta,0,cross_test_0006,0.0,0.0851050317287445,0.0008962795836851001,0.003526946296915412,0,0
R02_rsbfilm_env_maxPcycDelta,0,cross_test_0007,0.0,0.08509695529937744,0.0010161182144656777,0.004042996093630791,0,0
R02_rsbfilm_env_maxPcycDelta,0,cross_test_0008,0.0,0.10934802889823914,0.0015777430962771177,0.00603471277281642,0,0
R02_rsbfilm_env_maxPcycDelta,0,cross_test_0009,0.0,0.08510343730449677,0.0010752250673249364,0.0041817231103777885,0,0
R02_rsbfilm_env_maxPcycDelta,0,cross_test_0010,0.0,0.0887988805770874,0.0011809264542534947,0.004512729588896036,0,0
R02_rsbfilm_env_maxPcycDelta,0,cross_test_0011,0.0,0.12486514449119568,0.002095891861245036,0.008109019137918949,0,0
R02_rsbfilm_env_maxPcycDelta,0,cross_test_0012,0.0,0.08510220050811768,0.0011676981812343001,0.004494738299399614,0,0
R02_rsbfilm_env_maxPcycDelta,0,cross_test_0013,0.0,0.09317737817764282,0.0013362276367843151,0.004813419654965401,0,0
R02_rsbfilm_env_maxPcycDelta,0,cross_test_0014,0.0,0.08509765565395355,0.0010843212949112058,0.0040205856785178185,0,0
R02_rsbfilm_env_maxPcycDelta,0,L_shape_test_0000,0.0,0.0906451940536499,0.0017508395249024034,0.006085735745728016,0,0
R02_rsbfilm_env_maxPcycDelta,0,L_shape_test_0001,0.0,0.08507044613361359,0.0009947841754183173,0.0037226269487291574,0,0
R02_rsbfilm_env_maxPcycDelta,0,L_shape_test_0002,0.0,0.10600316524505615,0.001639547641389072,0.00590196019038558,0,0
R02_rsbfilm_env_maxPcycDelta,0,L_shape_test_0003,0.0,0.09950649738311768,0.0012867621844634414,0.004482067655771971,0,0
R02_rsbfilm_env_maxPcycDelta,0,L_shape_test_0004,0.0,0.08505503833293915,0.0014023013645783067,0.004256501793861389,0,0
R02_rsbfilm_env_maxPcycDelta,0,L_shape_test_0005,0.0,0.09162130951881409,0.0013212619815021753,0.004658578895032406,0,0
R02_rsbfilm_env_maxPcycDelta,0,L_shape_test_0006,0.0,0.08509421348571777,0.0009678493370302022,0.0036965985782444477,0,0
R02_rsbfilm_env_maxPcycDelta,0,L_shape_test_0007,0.0,0.08506117761135101,0.0014222897589206696,0.0048396410420536995,0,0
R02_rsbfilm_env_maxPcycDelta,0,L_shape_test_0008,0.0,0.08510662615299225,0.0011208384530618787,0.003907743375748396,0,0
R02_rsbfilm_env_maxPcycDelta,0,L_shape_test_0009,0.0,0.08748042583465576,0.0013241947162896395,0.0045106434263288975,0,0
R02_rsbfilm_env_maxPcycDelta,0,L_shape_test_0010,0.0,0.0850697010755539,0.0011804391397163272,0.004328577313572168,0,0
R02_rsbfilm_env_maxPcycDelta,0,L_shape_test_0011,0.0,0.08509635925292969,0.0009180692140944302,0.0035557167138904333,0,0
R02_rsbfilm_env_maxPcycDelta,0,L_shape_test_0012,0.0,0.08506959676742554,0.001199053949676454,0.004191182088106871,0,0
R02_rsbfilm_env_maxPcycDelta,0,L_shape_test_0013,0.0,0.08507019281387329,0.0012354077771306038,0.0040529766120016575,0,0
R02_rsbfilm_env_maxPcycDelta,0,L_shape_test_0014,0.0,0.08509291708469391,0.001092469785362482,0.003962642978876829,0,0
R02_rsbfilm_env_maxPcycDelta,0,L_shape_test_0015,0.0,0.08747592568397522,0.001201504492200911,0.004230561200529337,0,0
R02_rsbfilm_env_maxPcycDelta,0,L_shape_test_0016,0.0,0.08506631851196289,0.0012162936618551612,0.00412901584059,0,0
R02_rsbfilm_env_maxPcycDelta,0,L_shape_test_0017,0.0,0.08501425385475159,0.0014589233323931694,0.004876906983554363,0,0
R02_rsbfilm_env_maxPcycDelta,0,L_shape_test_0018,0.0,0.08509321510791779,0.00115433509927243,0.003945167642086744,0,0
R02_rsbfilm_env_maxPcycDelta,0,L_shape_test_0019,0.0,0.10755914449691772,0.001183696324005723,0.004498486872762442,0,0
R02_rsbfilm_env_maxPcycDelta,0,double_line_test_0000,0.0,0.10589367151260376,0.0010182640980929136,0.004002279601991177,0,0
R02_rsbfilm_env_maxPcycDelta,0,double_line_test_0001,0.0,0.12213325500488281,0.0018654391169548035,0.0068861981853842735,0,0
R02_rsbfilm_env_maxPcycDelta,0,double_line_test_0002,0.0,0.0912291407585144,0.0008804700337350368,0.00382618373259902,0,0
R02_rsbfilm_env_maxPcycDelta,0,double_line_test_0003,0.0,0.08506670594215393,0.0010356424609199166,0.003616724396124482,0,0
R02_rsbfilm_env_maxPcycDelta,0,double_line_test_0004,0.0,0.08506174385547638,0.0014370641438290477,0.005169622600078583,0,0
R02_rsbfilm_env_maxPcycDelta,0,double_line_test_0005,0.0,0.2113943099975586,0.0010348735377192497,0.004395031835883856,0,0
R02_rsbfilm_env_maxPcycDelta,0,double_line_test_0006,0.0,0.10069292783737183,0.0018395521910861135,0.00632186233997345,0,0
R02_rsbfilm_env_maxPcycDelta,0,double_line_test_0007,0.0,0.0851014256477356,0.0011739273322746158,0.004130237735807896,0,0
R02_rsbfilm_env_maxPcycDelta,0,double_line_test_0008,0.0,0.11185789108276367,0.0013867066008970141,0.0047950539737939835,0,0
R02_rsbfilm_env_maxPcycDelta,0,double_line_test_0009,0.0,0.08506554365158081,0.0010447358945384622,0.003754083998501301,0,0
R02_rsbfilm_env_maxPcycDelta,0,double_line_test_0010,0.0,0.08507750928401947,0.0012190453708171844,0.004175651352852583,0,0
R02_rsbfilm_env_maxPcycDelta,0,double_line_test_0011,0.0,0.0851038247346878,0.0009343153215013444,0.003501235507428646,0,0
R02_rsbfilm_env_maxPcycDelta,0,double_line_test_0012,0.0,0.08508633077144623,0.0009476191480644047,0.003636509645730257,0,0
R02_rsbfilm_env_maxPcycDelta,0,double_line_test_0013,0.0,0.08506432175636292,0.0012133769923821092,0.003830167930573225,0,0
R02_rsbfilm_env_maxPcycDelta,0,double_line_test_0014,0.0,0.15712293982505798,0.001781955361366272,0.0062468396499753,0,0
R02_rsbfilm_env_maxPcycDelta,0,small_rect_edge_test_0000,0.0,0.12202465534210205,0.001012203050777316,0.004169378895312548,0,0
R02_rsbfilm_env_maxPcycDelta,0,small_rect_edge_test_0001,0.0,0.08508524298667908,0.0010429583489894867,0.004002318251878023,0,0
R02_rsbfilm_env_maxPcycDelta,0,small_rect_edge_test_0002,0.0,0.13116180896759033,0.0010480907512828708,0.0040984186343848705,0,0
R02_rsbfilm_env_maxPcycDelta,0,small_rect_edge_test_0003,0.0,0.08506108820438385,0.0010956974001601338,0.003993646241724491,0,0
R02_rsbfilm_env_maxPcycDelta,0,small_rect_edge_test_0004,0.0,0.14742183685302734,0.0017434264300391078,0.0069326963275671005,0,0
R02_rsbfilm_env_maxPcycDelta,0,small_rect_edge_test_0005,0.0,0.11949121952056885,0.001320506096817553,0.005005970131605864,0,0
R02_rsbfilm_env_maxPcycDelta,0,small_rect_edge_test_0006,0.0,0.08507022261619568,0.0010832254774868488,0.0038959200028330088,0,0
R02_rsbfilm_env_maxPcycDelta,0,small_rect_edge_test_0007,0.0,0.1316148340702057,0.000932646042201668,0.00417825672775507,0,0
R02_rsbfilm_env_maxPcycDelta,0,small_rect_edge_test_0008,0.0,0.20101869106292725,0.0017495787469670177,0.006821479648351669,0,0
R02_rsbfilm_env_maxPcycDelta,0,small_rect_edge_test_0009,0.0,0.08510662615299225,0.0010918318293988705,0.003924549091607332,0,0
R02_rsbfilm_env_maxPcycDelta,0,point_cluster_test_0000,0.0,0.08509397506713867,0.0011192940874025226,0.004052485805004835,0,0
R02_rsbfilm_env_maxPcycDelta,0,point_cluster_test_0001,0.0,0.11472982168197632,0.001400936278514564,0.005340150091797113,0,0
R02_rsbfilm_env_maxPcycDelta,0,point_cluster_test_0002,0.0,0.08509373664855957,0.0012095817364752293,0.004617221653461456,0,0
R02_rsbfilm_env_maxPcycDelta,0,point_cluster_test_0003,0.0,0.099954754114151,0.0010950713185593486,0.004402861464768648,0,0
R02_rsbfilm_env_maxPcycDelta,0,point_cluster_test_0004,0.0,0.09016424417495728,0.0015114671550691128,0.0055931988172233105,0,0
R02_rsbfilm_env_maxPcycDelta,0,point_cluster_test_0005,0.0,0.08950802683830261,0.0014159469865262508,0.005118480417877436,0,0
R02_rsbfilm_env_maxPcycDelta,0,point_cluster_test_0006,0.0,0.2051258683204651,0.0010983534157276154,0.004597759339958429,0,0
R02_rsbfilm_env_maxPcycDelta,0,point_cluster_test_0007,0.0,0.08883342146873474,0.0012172377901151776,0.004675094969570637,0,0
R02_rsbfilm_env_maxPcycDelta,0,point_cluster_test_0008,0.0,0.0850907415151596,0.001231792732141912,0.0048049818724393845,0,0
R02_rsbfilm_env_maxPcycDelta,0,point_cluster_test_0009,0.0,0.08509393036365509,0.000985319260507822,0.003820063779130578,0,0
R02_rsbfilm_env_maxPcycDelta,0,point_cluster_test_0010,0.0,0.08506783843040466,0.001376025378704071,0.004673591814935207,0,0
R02_rsbfilm_env_maxPcycDelta,0,point_cluster_test_0011,0.0,0.1423058807849884,0.0015012739459052682,0.006434338632971048,0,0
R02_rsbfilm_env_maxPcycDelta,0,point_cluster_test_0012,0.0,0.17913943529129028,0.0013776905834674835,0.0056621660478413105,0,0
R02_rsbfilm_env_maxPcycDelta,0,point_cluster_test_0013,0.0,0.1139397919178009,0.0019511200953274965,0.00692088482901454,0,0
R02_rsbfilm_env_maxPcycDelta,0,point_cluster_test_0014,0.0,0.10235154628753662,0.0011160807916894555,0.004690322559326887,0,0
R02_rsbfilm_env_maxPcycDelta,0,point_cluster_test_0015,0.0,0.1162758469581604,0.0013142103562131524,0.005807511508464813,0,0
R02_rsbfilm_env_maxPcycDelta,0,point_cluster_test_0016,0.0,0.08510474860668182,0.001322708441875875,0.004549997393041849,0,0
R02_rsbfilm_env_maxPcycDelta,0,point_cluster_test_0017,0.0,0.1287875473499298,0.0011564000742509961,0.004764148965477943,0,0
R02_rsbfilm_env_maxPcycDelta,0,point_cluster_test_0018,0.0,0.14452123641967773,0.0013326851185411215,0.005559256765991449,0,0
R02_rsbfilm_env_maxPcycDelta,0,point_cluster_test_0019,0.0,0.08509254455566406,0.0009262333624064922,0.0036912974901497364,0,0
R02_rsbfilm_env_maxPcycDelta,1,line_test_0000,0.0,0.009513318538665771,5.801125007565133e-05,0.0004162268014624715,0,0
R02_rsbfilm_env_maxPcycDelta,1,line_test_0001,0.0,0.08232292532920837,0.00014145634486339986,0.0011279394384473562,0,0
R02_rsbfilm_env_maxPcycDelta,1,line_test_0002,0.0,0.017653748393058777,9.502474131295457e-05,0.0006075471173971891,0,0
R02_rsbfilm_env_maxPcycDelta,1,line_test_0003,0.0,0.08501356840133667,0.00013245563604868948,0.0014060887042433023,0,0
R02_rsbfilm_env_maxPcycDelta,1,line_test_0004,0.0,0.006898358464241028,5.364815297070891e-05,0.0003326748847030103,0,0
R02_rsbfilm_env_maxPcycDelta,1,line_test_0005,0.0,0.01770053803920746,3.919123992091045e-05,0.00031421237508766353,0,0
R02_rsbfilm_env_maxPcycDelta,1,line_test_0006,0.0,0.1240614652633667,0.00010617796215228736,0.0019467163365334272,0,0
R02_rsbfilm_env_maxPcycDelta,1,line_test_0007,0.0,0.018429800868034363,9.293710900237784e-05,0.000552243844140321,0,0
R02_rsbfilm_env_maxPcycDelta,1,line_test_0008,0.0,0.014210879802703857,9.2814072559122e-05,0.0005324332159943879,0,0
R02_rsbfilm_env_maxPcycDelta,1,line_test_0009,0.0,0.08987900614738464,6.953435513423756e-05,0.0008858407381922007,0,0
R02_rsbfilm_env_maxPcycDelta,1,line_test_0010,0.0,0.037946417927742004,5.58462597837206e-05,0.000560111366212368,0,0
R02_rsbfilm_env_maxPcycDelta,1,line_test_0011,0.0,0.2661893963813782,0.00015651820285711437,0.0033172518014907837,0,0
R02_rsbfilm_env_maxPcycDelta,1,line_test_0012,0.0,0.06419491767883301,8.409556903643534e-05,0.0008405022090300918,0,0
R02_rsbfilm_env_maxPcycDelta,1,line_test_0013,0.0,0.024434298276901245,7.829665264580399e-05,0.0005106350872665644,0,0
R02_rsbfilm_env_maxPcycDelta,1,line_test_0014,0.0,0.02495741844177246,5.626202982966788e-05,0.0004180404939688742,0,0
R02_rsbfilm_env_maxPcycDelta,1,line_test_0015,0.0,0.08130794763565063,6.802027928642929e-05,0.0008807507692836225,0,0
R02_rsbfilm_env_maxPcycDelta,1,line_test_0016,0.0,0.011672735214233398,7.719114364590496e-05,0.0004692862567026168,0,0
R02_rsbfilm_env_maxPcycDelta,1,line_test_0017,0.0,0.46344828605651855,0.00021387048764154315,0.006291021592915058,0,0
R02_rsbfilm_env_maxPcycDelta,1,line_test_0018,0.0,0.018266350030899048,6.476825365098193e-05,0.0004905210807919502,0,0
R02_rsbfilm_env_maxPcycDelta,1,line_test_0019,0.0,0.016723275184631348,4.7429715777980164e-05,0.0003843607846647501,0,0
R02_rsbfilm_env_maxPcycDelta,1,cross_test_0000,0.0,0.043792545795440674,8.539699047105387e-05,0.0006560083129443228,0,0
R02_rsbfilm_env_maxPcycDelta,1,cross_test_0001,0.0,0.009385883808135986,0.00010424694482935593,0.0005603238823823631,0,0
R02_rsbfilm_env_maxPcycDelta,1,cross_test_0002,0.0,0.12800994515419006,0.00014842393284197897,0.0019376857671886683,0,0
R02_rsbfilm_env_maxPcycDelta,1,cross_test_0003,0.0,0.06824028491973877,0.00014812675362918526,0.000976514769718051,0,0
R02_rsbfilm_env_maxPcycDelta,1,cross_test_0004,0.0,0.01315838098526001,0.00011062423436669633,0.0006608075927942991,0,0
R02_rsbfilm_env_maxPcycDelta,1,cross_test_0005,0.0,0.02309468388557434,0.00013533506717067212,0.0007977432105690241,0,0
R02_rsbfilm_env_maxPcycDelta,1,cross_test_0006,0.0,0.006115450523793697,4.6784236474195495e-05,0.0003363305877428502,0,0
R02_rsbfilm_env_maxPcycDelta,1,cross_test_0007,0.0,0.01945042610168457,7.181575347203761e-05,0.000553526624571532,0,0
R02_rsbfilm_env_maxPcycDelta,1,cross_test_0008,0.0,0.06145113706588745,0.0001589846215210855,0.001079776557162404,0,0
R02_rsbfilm_env_maxPcycDelta,1,cross_test_0009,0.0,0.03718900680541992,5.1737853937083855e-05,0.00047660910058766603,0,0
R02_rsbfilm_env_maxPcycDelta,1,cross_test_0010,0.0,0.021538525819778442,7.527232082793489e-05,0.0005900767864659429,0,0
R02_rsbfilm_env_maxPcycDelta,1,cross_test_0011,0.0,0.062281787395477295,0.0001940524234669283,0.0011969971237704158,0,0
R02_rsbfilm_env_maxPcycDelta,1,cross_test_0012,0.0,0.010269656777381897,9.78056705207564e-05,0.0005666703218594193,0,0
R02_rsbfilm_env_maxPcycDelta,1,cross_test_0013,0.0,0.14611458778381348,0.0001663417206145823,0.0021430079359561205,0,0
R02_rsbfilm_env_maxPcycDelta,1,cross_test_0014,0.0,0.019030094146728516,7.152686157496646e-05,0.0004995781346224248,0,0
R02_rsbfilm_env_maxPcycDelta,1,L_shape_test_0000,0.0,0.09182572364807129,0.0001958902139449492,0.0014596149558201432,0,0
R02_rsbfilm_env_maxPcycDelta,1,L_shape_test_0001,0.0,0.010035887360572815,5.6486998801119626e-05,0.0003674846957437694,0,0
R02_rsbfilm_env_maxPcycDelta,1,L_shape_test_0002,0.0,0.057333022356033325,0.0001590116589795798,0.0011186887277290225,0,0
R02_rsbfilm_env_maxPcycDelta,1,L_shape_test_0003,0.0,0.08265841007232666,0.00011184196046087891,0.0009448001510463655,0,0
R02_rsbfilm_env_maxPcycDelta,1,L_shape_test_0004,0.0,0.010000139474868774,0.00013848386879544705,0.0006060613668523729,0,0
R02_rsbfilm_env_maxPcycDelta,1,L_shape_test_0005,0.0,0.173161119222641,0.00015050174260977656,0.0019453330896794796,0,0
R02_rsbfilm_env_maxPcycDelta,1,L_shape_test_0006,0.0,0.006171897053718567,6.77748685120605e-05,0.00037785692256875336,0,0
R02_rsbfilm_env_maxPcycDelta,1,L_shape_test_0007,0.0,0.018050968647003174,0.00013672256318386644,0.0006760551477782428,0,0
R02_rsbfilm_env_maxPcycDelta,1,L_shape_test_0008,0.0,0.031519144773483276,9.473130921833217e-05,0.0006473055691458285,0,0
R02_rsbfilm_env_maxPcycDelta,1,L_shape_test_0009,0.0,0.019944608211517334,9.18000441743061e-05,0.0005559380515478551,0,0
R02_rsbfilm_env_maxPcycDelta,1,L_shape_test_0010,0.0,0.010960131883621216,0.00011363113299012184,0.0006028827629052103,0,0
R02_rsbfilm_env_maxPcycDelta,1,L_shape_test_0011,0.0,0.015561789274215698,7.26649523130618e-05,0.0004225072334520519,0,0
R02_rsbfilm_env_maxPcycDelta,1,L_shape_test_0012,0.0,0.01162155345082283,0.00012157332093920559,0.00057787582045421,0,0
R02_rsbfilm_env_maxPcycDelta,1,L_shape_test_0013,0.0,0.007829338312149048,0.00012017434346489608,0.0005435236380435526,0,0
R02_rsbfilm_env_maxPcycDelta,1,L_shape_test_0014,0.0,0.017353683710098267,7.465836097253487e-05,0.00047711009392514825,0,0
R02_rsbfilm_env_maxPcycDelta,1,L_shape_test_0015,0.0,0.02531719207763672,9.060776937985793e-05,0.000509845616761595,0,0
R02_rsbfilm_env_maxPcycDelta,1,L_shape_test_0016,0.0,0.06491634249687195,0.00011452273611212149,0.0008688803645782173,0,0
R02_rsbfilm_env_maxPcycDelta,1,L_shape_test_0017,0.0,0.013394683599472046,0.00012258229253347963,0.000573095225263387,0,0
R02_rsbfilm_env_maxPcycDelta,1,L_shape_test_0018,0.0,0.00889885425567627,0.00010385231144027784,0.0004864336224272847,0,0
R02_rsbfilm_env_maxPcycDelta,1,L_shape_test_0019,0.0,0.03895089030265808,7.487894617952406e-05,0.0006521516479551792,0,0
R02_rsbfilm_env_maxPcycDelta,1,double_line_test_0000,0.0,0.13916373252868652,8.061672997428104e-05,0.0014015977503731847,0,0
R02_rsbfilm_env_maxPcycDelta,1,double_line_test_0001,0.0,0.2292601466178894,0.00024871647474355996,0.002435780595988035,0,0
R02_rsbfilm_env_maxPcycDelta,1,double_line_test_0002,0.0,0.19158008694648743,0.00016351972590200603,0.002682332880795002,0,0
R02_rsbfilm_env_maxPcycDelta,1,double_line_test_0003,0.0,0.008076876401901245,0.0001064081079675816,0.0004698055563494563,0,0
R02_rsbfilm_env_maxPcycDelta,1,double_line_test_0004,0.0,0.02040526270866394,0.0001611688785487786,0.0008361031650565565,0,0
R02_rsbfilm_env_maxPcycDelta,1,double_line_test_0005,0.0,0.40300101041793823,0.0002445255231577903,0.0041467719711363316,0,0
R02_rsbfilm_env_maxPcycDelta,1,double_line_test_0006,0.0,0.10852840542793274,0.000212262079003267,0.0015843946021050215,0,0
R02_rsbfilm_env_maxPcycDelta,1,double_line_test_0007,0.0,0.042777180671691895,8.77516795299016e-05,0.000712321896571666,0,0
R02_rsbfilm_env_maxPcycDelta,1,double_line_test_0008,0.0,0.11521250009536743,0.0001245588209712878,0.0014153093798086047,0,0
R02_rsbfilm_env_maxPcycDelta,1,double_line_test_0009,0.0,0.007446393370628357,7.658333925064653e-05,0.00043079169699922204,0,0
R02_rsbfilm_env_maxPcycDelta,1,double_line_test_0010,0.0,0.024735599756240845,0.00013451407721731812,0.00065582524985075,0,0
R02_rsbfilm_env_maxPcycDelta,1,double_line_test_0011,0.0,0.008254624903202057,0.00011394751345505938,0.0004567363648675382,0,0
R02_rsbfilm_env_maxPcycDelta,1,double_line_test_0012,0.0,0.0114421546459198,5.173925819690339e-05,0.0003881506563629955,0,0
R02_rsbfilm_env_maxPcycDelta,1,double_line_test_0013,0.0,0.007355093955993652,0.00014433689648285508,0.0005302352365106344,0,0
R02_rsbfilm_env_maxPcycDelta,1,double_line_test_0014,0.0,0.18967598676681519,0.0001881447824416682,0.002058434532955289,0,0
R02_rsbfilm_env_maxPcycDelta,1,small_rect_edge_test_0000,0.0,0.28628143668174744,0.00010295736865373328,0.002852377947419882,0,0
R02_rsbfilm_env_maxPcycDelta,1,small_rect_edge_test_0001,0.0,0.04936647415161133,7.359697337960824e-05,0.0008802852826192975,0,0
R02_rsbfilm_env_maxPcycDelta,1,small_rect_edge_test_0002,0.0,0.4001089930534363,0.00024271167058032006,0.004920255392789841,0,0
R02_rsbfilm_env_maxPcycDelta,1,small_rect_edge_test_0003,0.0,0.019312158226966858,8.050365431699902e-05,0.0005702033522538841,0,0
R02_rsbfilm_env_maxPcycDelta,1,small_rect_edge_test_0004,0.0,0.07183215022087097,0.0001622035342734307,0.0012983098858967423,0,0
R02_rsbfilm_env_maxPcycDelta,1,small_rect_edge_test_0005,0.0,0.05352753400802612,0.000150718551594764,0.0010145042324438691,0,0
R02_rsbfilm_env_maxPcycDelta,1,small_rect_edge_test_0006,0.0,0.02054697275161743,9.839553240453824e-05,0.0005548312910832465,0,0
R02_rsbfilm_env_maxPcycDelta,1,small_rect_edge_test_0007,0.0,0.05090111494064331,0.0001554783812025562,0.0008859344525262713,0,0
R02_rsbfilm_env_maxPcycDelta,1,small_rect_edge_test_0008,0.0,0.13649797439575195,0.0001787523360690102,0.0018114096019417048,0,0
R02_rsbfilm_env_maxPcycDelta,1,small_rect_edge_test_0009,0.0,0.08591032028198242,0.00012440171849448234,0.001095751766115427,0,0
R02_rsbfilm_env_maxPcycDelta,1,point_cluster_test_0000,0.0,0.05040927231311798,8.836713095661253e-05,0.0007408642559312284,0,0
R02_rsbfilm_env_maxPcycDelta,1,point_cluster_test_0001,0.0,0.018364310264587402,0.00014099616964813322,0.0007328646024689078,0,0
R02_rsbfilm_env_maxPcycDelta,1,point_cluster_test_0002,0.0,0.2128879427909851,0.00014857860514894128,0.0026246285997331142,0,0
R02_rsbfilm_env_maxPcycDelta,1,point_cluster_test_0003,0.0,0.052286118268966675,5.4009451559977606e-05,0.000713984074536711,0,0
R02_rsbfilm_env_maxPcycDelta,1,point_cluster_test_0004,0.0,0.020154297351837158,0.00017860640946310014,0.0009344654972665012,0,0
R02_rsbfilm_env_maxPcycDelta,1,point_cluster_test_0005,0.0,0.12689688801765442,0.00015109700325410813,0.0015650378772988915,0,0
R02_rsbfilm_env_maxPcycDelta,1,point_cluster_test_0006,0.0,0.18905717134475708,9.703900286694989e-05,0.0018021315336227417,0,0
R02_rsbfilm_env_maxPcycDelta,1,point_cluster_test_0007,0.0,0.0768391489982605,0.00010461445344844833,0.000988577725365758,0,0
R02_rsbfilm_env_maxPcycDelta,1,point_cluster_test_0008,0.0,0.03439688682556152,0.00013454814325086772,0.0010340106673538685,0,0
R02_rsbfilm_env_maxPcycDelta,1,point_cluster_test_0009,0.0,0.036612704396247864,6.095741628087126e-05,0.000546798575669527,0,0
R02_rsbfilm_env_maxPcycDelta,1,point_cluster_test_0010,0.0,0.043714314699172974,0.0001499984646216035,0.0007848970126360655,0,0
R02_rsbfilm_env_maxPcycDelta,1,point_cluster_test_0011,0.0,0.03626120090484619,0.00020762822532560676,0.0016586651327088475,0,0
R02_rsbfilm_env_maxPcycDelta,1,point_cluster_test_0012,0.0,0.04752606153488159,0.0001207745517604053,0.0009497805149294436,0,0
R02_rsbfilm_env_maxPcycDelta,1,point_cluster_test_0013,0.0,0.025921285152435303,0.00021466014732141048,0.0011452909093350172,0,0
R02_rsbfilm_env_maxPcycDelta,1,point_cluster_test_0014,0.0,0.024359211325645447,6.989893154241145e-05,0.0005965983727946877,0,0
R02_rsbfilm_env_maxPcycDelta,1,point_cluster_test_0015,0.0,0.03673839569091797,0.00012035671534249559,0.0009786917362362146,0,0
R02_rsbfilm_env_maxPcycDelta,1,point_cluster_test_0016,0.0,0.029349476099014282,0.00015790494217071682,0.0008617304847575724,0,0
R02_rsbfilm_env_maxPcycDelta,1,point_cluster_test_0017,0.0,0.27246278524398804,0.00014822097728028893,0.00299203023314476,0,0
R02_rsbfilm_env_maxPcycDelta,1,point_cluster_test_0018,0.0,0.19206160306930542,0.00011436937347752973,0.0018769598100334406,0,0
R02_rsbfilm_env_maxPcycDelta,1,point_cluster_test_0019,0.0,0.05573379993438721,4.126936983084306e-05,0.0006137753371149302,0,0
R02_rsbfilm_env_maxPcycDelta,2,line_test_0000,0.0,0.02187957614660263,8.143762534018606e-05,0.0006776287918910384,0,0
R02_rsbfilm_env_maxPcycDelta,2,line_test_0001,0.0,0.028548359870910645,0.00020203395979478955,0.001086002797819674,0,0
R02_rsbfilm_env_maxPcycDelta,2,line_test_0002,0.0,0.02951151132583618,0.0001918276830110699,0.0013261680724099278,0,0
R02_rsbfilm_env_maxPcycDelta,2,line_test_0003,0.0,0.11433190107345581,0.0002798279747366905,0.0023127133026719093,0,0
R02_rsbfilm_env_maxPcycDelta,2,line_test_0004,0.0,0.032084643840789795,5.897599476156756e-05,0.0005281649646349251,0,0
R02_rsbfilm_env_maxPcycDelta,2,line_test_0005,0.0,0.016728132963180542,6.21855360805057e-05,0.00042118533747270703,0,0
R02_rsbfilm_env_maxPcycDelta,2,line_test_0006,0.0,0.06320780515670776,0.00018561643082648516,0.0017272308468818665,0,0
R02_rsbfilm_env_maxPcycDelta,2,line_test_0007,0.0,0.018161490559577942,0.00012279867951292545,0.0007619197713211179,0,0
R02_rsbfilm_env_maxPcycDelta,2,line_test_0008,0.0,0.011799007654190063,9.752685582498088e-05,0.0005497506936080754,0,0
R02_rsbfilm_env_maxPcycDelta,2,line_test_0009,0.0,0.04689449071884155,0.00011675877613015473,0.0009359669056721032,0,0
R02_rsbfilm_env_maxPcycDelta,2,line_test_0010,0.0,0.027542516589164734,0.00012091257667634636,0.0009991907281801105,0,0
R02_rsbfilm_env_maxPcycDelta,2,line_test_0011,0.0,0.14653170108795166,0.00015746886492706835,0.0023181261494755745,0,0
R02_rsbfilm_env_maxPcycDelta,2,line_test_0012,0.0,0.04636406898498535,0.00017270214448217303,0.0014216173440217972,0,0
R02_rsbfilm_env_maxPcycDelta,2,line_test_0013,0.0,0.01669040322303772,0.0001311267988057807,0.0008558728150092065,0,0
R02_rsbfilm_env_maxPcycDelta,2,line_test_0014,0.0,0.014732778072357178,5.1059036195511e-05,0.000431974622188136,0,0
R02_rsbfilm_env_maxPcycDelta,2,line_test_0015,0.0,0.041323691606521606,0.00013133263564668596,0.001143455388955772,0,0
R02_rsbfilm_env_maxPcycDelta,2,line_test_0016,0.0,0.023906193673610687,0.00019831882673315704,0.0013003216590732336,0,0
R02_rsbfilm_env_maxPcycDelta,2,line_test_0017,0.0,0.2389642596244812,0.00012591012637130916,0.0033260853961110115,0,0
R02_rsbfilm_env_maxPcycDelta,2,line_test_0018,0.0,0.02946949005126953,0.00012789123866241425,0.000930408074054867,0,0
R02_rsbfilm_env_maxPcycDelta,2,line_test_0019,0.0,0.011670529842376709,8.883892587618902e-05,0.000559842970687896,0,0
R02_rsbfilm_env_maxPcycDelta,2,cross_test_0000,0.0,0.051463544368743896,0.00020591498469002545,0.0013502957299351692,0,0
R02_rsbfilm_env_maxPcycDelta,2,cross_test_0001,0.0,0.014096379280090332,0.00011508288298500702,0.0007045164238661528,0,0
R02_rsbfilm_env_maxPcycDelta,2,cross_test_0002,0.0,0.10810065269470215,0.0001571871544001624,0.0017121854471042752,0,0
R02_rsbfilm_env_maxPcycDelta,2,cross_test_0003,0.0,0.05073714256286621,0.0002597718848846853,0.0016821051249280572,0,0
R02_rsbfilm_env_maxPcycDelta,2,cross_test_0004,0.0,0.05004240199923515,0.00023055466590449214,0.0015472343657165766,0,0
R02_rsbfilm_env_maxPcycDelta,2,cross_test_0005,0.0,0.022034645080566406,0.0002001053508138284,0.0010674757650122046,0,0
R02_rsbfilm_env_maxPcycDelta,2,cross_test_0006,0.0,0.01374325156211853,7.888578693382442e-05,0.0005962979630567133,0,0
R02_rsbfilm_env_maxPcycDelta,2,cross_test_0007,0.0,0.030610278248786926,9.255468467017636e-05,0.0008852278697304428,0,0
R02_rsbfilm_env_maxPcycDelta,2,cross_test_0008,0.0,0.04814589023590088,0.00032650629873387516,0.002061952371150255,0,0
R02_rsbfilm_env_maxPcycDelta,2,cross_test_0009,0.0,0.03958100080490112,0.00010988408757839352,0.0009305732673965394,0,0
R02_rsbfilm_env_maxPcycDelta,2,cross_test_0010,0.0,0.035574376583099365,0.000146333099110052,0.0010207146406173706,0,0
R02_rsbfilm_env_maxPcycDelta,2,cross_test_0011,0.0,0.06260687112808228,0.00045905110891908407,0.002672890666872263,0,0
R02_rsbfilm_env_maxPcycDelta,2,cross_test_0012,0.0,0.030360832810401917,0.00017409650899935514,0.0012471951777115464,0,0
R02_rsbfilm_env_maxPcycDelta,2,cross_test_0013,0.0,0.0714116096496582,0.00025519542396068573,0.0016155940247699618,0,0
R02_rsbfilm_env_maxPcycDelta,2,cross_test_0014,0.0,0.018930509686470032,9.395165398018435e-05,0.0006670274888165295,0,0
R02_rsbfilm_env_maxPcycDelta,2,L_shape_test_0000,0.0,0.03350222110748291,0.0003550781693775207,0.0019456908339634538,0,0
R02_rsbfilm_env_maxPcycDelta,2,L_shape_test_0001,0.0,0.012238889932632446,8.564038580516353e-05,0.0005518688703887165,0,0
R02_rsbfilm_env_maxPcycDelta,2,L_shape_test_0002,0.0,0.052398622035980225,0.000295504170935601,0.0016671735793352127,0,0
R02_rsbfilm_env_maxPcycDelta,2,L_shape_test_0003,0.0,0.035959720611572266,0.0001736534177325666,0.0010434096911922097,0,0
R02_rsbfilm_env_maxPcycDelta,2,L_shape_test_0004,0.0,0.012838758528232574,0.00016693344514351338,0.0008314306032843888,0,0
R02_rsbfilm_env_maxPcycDelta,2,L_shape_test_0005,0.0,0.0887921154499054,0.0001981768582481891,0.0016450227703899145,0,0
R02_rsbfilm_env_maxPcycDelta,2,L_shape_test_0006,0.0,0.016094982624053955,8.61381777212955e-05,0.000620671606156975,0,0
R02_rsbfilm_env_maxPcycDelta,2,L_shape_test_0007,0.0,0.02276073396205902,0.00020546400628518313,0.0011559973936527967,0,0
R02_rsbfilm_env_maxPcycDelta,2,L_shape_test_0008,0.0,0.03310137987136841,0.00011862721294164658,0.0008932671626098454,0,0
R02_rsbfilm_env_maxPcycDelta,2,L_shape_test_0009,0.0,0.04056501388549805,0.0002298531326232478,0.0013682186836376786,0,0
R02_rsbfilm_env_maxPcycDelta,2,L_shape_test_0010,0.0,0.033072829246520996,0.0001751635572873056,0.0012257525231689215,0,0
R02_rsbfilm_env_maxPcycDelta,2,L_shape_test_0011,0.0,0.012259513139724731,5.703810165869072e-05,0.0004387185035739094,0,0
R02_rsbfilm_env_maxPcycDelta,2,L_shape_test_0012,0.0,0.030426084995269775,0.00015587366942781955,0.0009654341265559196,0,0
R02_rsbfilm_env_maxPcycDelta,2,L_shape_test_0013,0.0,0.020645201206207275,0.00015470934158656746,0.0008782168733887374,0,0
R02_rsbfilm_env_maxPcycDelta,2,L_shape_test_0014,0.0,0.01717999577522278,0.00010810493404278532,0.0007332966779358685,0,0
R02_rsbfilm_env_maxPcycDelta,2,L_shape_test_0015,0.0,0.016659140586853027,0.00016146060079336166,0.0008686688379384577,0,0
R02_rsbfilm_env_maxPcycDelta,2,L_shape_test_0016,0.0,0.023688852787017822,0.0001361881586490199,0.000800532812718302,0,0
R02_rsbfilm_env_maxPcycDelta,2,L_shape_test_0017,0.0,0.022702157497406006,0.00021544650371652097,0.0011616498231887817,0,0
R02_rsbfilm_env_maxPcycDelta,2,L_shape_test_0018,0.0,0.0223158597946167,0.0001333008403889835,0.000760979950428009,0,0
R02_rsbfilm_env_maxPcycDelta,2,L_shape_test_0019,0.0,0.029137611389160156,0.00014092600031290203,0.0009726947173476219,0,0
R02_rsbfilm_env_maxPcycDelta,2,double_line_test_0000,0.0,0.14841651916503906,0.0001285985781578347,0.0020193341188132763,0,0
R02_rsbfilm_env_maxPcycDelta,2,double_line_test_0001,0.0,0.08179211616516113,0.00047053623711690307,0.0031339279375970364,0,0
R02_rsbfilm_env_maxPcycDelta,2,double_line_test_0002,0.0,0.10712558031082153,0.00013791880337521434,0.0014175097458064556,0,0
R02_rsbfilm_env_maxPcycDelta,2,double_line_test_0003,0.0,0.012268602848052979,0.00012400677951518446,0.0006262381793931127,0,0
R02_rsbfilm_env_maxPcycDelta,2,double_line_test_0004,0.0,0.023622572422027588,0.0002259424509247765,0.0013533420860767365,0,0
R02_rsbfilm_env_maxPcycDelta,2,double_line_test_0005,0.0,0.21284300088882446,0.00014486514555756003,0.0023307637311518192,0,0
R02_rsbfilm_env_maxPcycDelta,2,double_line_test_0006,0.0,0.05171966552734375,0.00038082600804045796,0.002234534127637744,0,0
R02_rsbfilm_env_maxPcycDelta,2,double_line_test_0007,0.0,0.0276278555393219,0.0001439151237718761,0.0008794405730441213,0,0
R02_rsbfilm_env_maxPcycDelta,2,double_line_test_0008,0.0,0.046886324882507324,0.0001908962003653869,0.0013137665810063481,0,0
R02_rsbfilm_env_maxPcycDelta,2,double_line_test_0009,0.0,0.015424758195877075,9.576072625350207e-05,0.0006057549617253244,0,0
R02_rsbfilm_env_maxPcycDelta,2,double_line_test_0010,0.0,0.029835492372512817,0.00023501880059484392,0.0013042667414993048,0,0
R02_rsbfilm_env_maxPcycDelta,2,double_line_test_0011,0.0,0.009002983570098877,7.29714083718136e-05,0.00045975021203048527,0,0
R02_rsbfilm_env_maxPcycDelta,2,double_line_test_0012,0.0,0.009165752679109573,5.360217619454488e-05,0.00038437583134509623,0,0
R02_rsbfilm_env_maxPcycDelta,2,double_line_test_0013,0.0,0.011891424655914307,0.00016720926214475185,0.0008205071790143847,0,0
R02_rsbfilm_env_maxPcycDelta,2,double_line_test_0014,0.0,0.11968129873275757,0.0003318724629934877,0.0021843609865754843,0,0
R02_rsbfilm_env_maxPcycDelta,2,small_rect_edge_test_0000,0.0,0.13659334182739258,0.00014419411309063435,0.00196845387108624,0,0
R02_rsbfilm_env_maxPcycDelta,2,small_rect_edge_test_0001,0.0,0.0233193039894104,0.00013443616626318544,0.0008848513243719935,0,0
R02_rsbfilm_env_maxPcycDelta,2,small_rect_edge_test_0002,0.0,0.15141457319259644,0.00018907058984041214,0.0025530820712447166,0,0
R02_rsbfilm_env_maxPcycDelta,2,small_rect_edge_test_0003,0.0,0.01904749870300293,0.0001183203057735227,0.000762910523917526,0,0
R02_rsbfilm_env_maxPcycDelta,2,small_rect_edge_test_0004,0.0,0.06866052746772766,0.00036811697646044195,0.0024845891166478395,0,0
R02_rsbfilm_env_maxPcycDelta,2,small_rect_edge_test_0005,0.0,0.10573440790176392,0.0002963349979836494,0.0021869430784136057,0,0
R02_rsbfilm_env_maxPcycDelta,2,small_rect_edge_test_0006,0.0,0.02056782692670822,0.00011242130130995065,0.0006945747300051153,0,0
R02_rsbfilm_env_maxPcycDelta,2,small_rect_edge_test_0007,0.0,0.09132003784179688,0.0001588418090250343,0.00196343706920743,0,0
R02_rsbfilm_env_maxPcycDelta,2,small_rect_edge_test_0008,0.0,0.13354921340942383,0.00041545150452293456,0.0030187182128429413,0,0
R02_rsbfilm_env_maxPcycDelta,2,small_rect_edge_test_0009,0.0,0.04305577278137207,0.00012152596900705248,0.0010863891802728176,0,0
R02_rsbfilm_env_maxPcycDelta,2,point_cluster_test_0000,0.0,0.031835317611694336,0.00012530683306977153,0.0008030262542888522,0,0
R02_rsbfilm_env_maxPcycDelta,2,point_cluster_test_0001,0.0,0.07378262281417847,0.00027450680499896407,0.00179622124414891,0,0
R02_rsbfilm_env_maxPcycDelta,2,point_cluster_test_0002,0.0,0.05470913648605347,0.00015671245637349784,0.0012198002077639103,0,0
R02_rsbfilm_env_maxPcycDelta,2,point_cluster_test_0003,0.0,0.028183430433273315,0.00010985251719830558,0.0008946178713813424,0,0
R02_rsbfilm_env_maxPcycDelta,2,point_cluster_test_0004,0.0,0.04321318864822388,0.00034127722028642893,0.0021321361418813467,0,0
R02_rsbfilm_env_maxPcycDelta,2,point_cluster_test_0005,0.0,0.04208940267562866,0.00021446433675009757,0.0014377455227077007,0,0
R02_rsbfilm_env_maxPcycDelta,2,point_cluster_test_0006,0.0,0.0821455717086792,9.94177971733734e-05,0.0010518592316657305,0,0
R02_rsbfilm_env_maxPcycDelta,2,point_cluster_test_0007,0.0,0.06210976839065552,0.00015276775229722261,0.0011950067710131407,0,0
R02_rsbfilm_env_maxPcycDelta,2,point_cluster_test_0008,0.0,0.035734981298446655,0.00013996755296830088,0.001099786371923983,0,0
R02_rsbfilm_env_maxPcycDelta,2,point_cluster_test_0009,0.0,0.02788180112838745,0.0001080295187421143,0.0009183201473206282,0,0
R02_rsbfilm_env_maxPcycDelta,2,point_cluster_test_0010,0.0,0.02026534080505371,0.0002159025170840323,0.0012346174335107207,0,0
R02_rsbfilm_env_maxPcycDelta,2,point_cluster_test_0011,0.0,0.0386185348033905,0.0002220858004875481,0.0015515419654548168,0,0
R02_rsbfilm_env_maxPcycDelta,2,point_cluster_test_0012,0.0,0.07486289739608765,0.0001938025379786268,0.0016626960132271051,0,0
R02_rsbfilm_env_maxPcycDelta,2,point_cluster_test_0013,0.0,0.043176889419555664,0.0004953911993652582,0.0027184193022549152,0,0
R02_rsbfilm_env_maxPcycDelta,2,point_cluster_test_0014,0.0,0.03753471374511719,0.00014693598495796323,0.0013292465591803193,0,0
R02_rsbfilm_env_maxPcycDelta,2,point_cluster_test_0015,0.0,0.05430963635444641,0.00027250961284153163,0.0021430710330605507,0,0
R02_rsbfilm_env_maxPcycDelta,2,point_cluster_test_0016,0.0,0.018939048051834106,0.00017304884386248887,0.0009806662565097213,0,0
R02_rsbfilm_env_maxPcycDelta,2,point_cluster_test_0017,0.0,0.06213939189910889,0.00013464504445437342,0.0012647970579564571,0,0
R02_rsbfilm_env_maxPcycDelta,2,point_cluster_test_0018,0.0,0.08055317401885986,0.0002196411369368434,0.0018122390611097217,0,0
R02_rsbfilm_env_maxPcycDelta,2,point_cluster_test_0019,0.0,0.02029172144830227,9.250856237486005e-05,0.0006916632410138845,0,0
R03_rsbfilm_env_avgPcycDelta,0,line_test_0000,0.0,0.09773033857345581,0.0016702888533473015,0.004483544267714024,0,0
R03_rsbfilm_env_avgPcycDelta,0,line_test_0001,0.0,0.097722128033638,0.002147400751709938,0.005602014716714621,0,0
R03_rsbfilm_env_avgPcycDelta,0,line_test_0002,0.0,0.09765346348285675,0.002059073420241475,0.00564864045009017,0,0
R03_rsbfilm_env_avgPcycDelta,0,line_test_0003,0.0,0.11619842052459717,0.0023808893747627735,0.007451322861015797,0,0
R03_rsbfilm_env_avgPcycDelta,0,line_test_0004,0.0,0.09772652387619019,0.0015345027204602957,0.004065407905727625,0,0
R03_rsbfilm_env_avgPcycDelta,0,line_test_0005,0.0,0.097728431224823,0.0016755202086642385,0.00438951188698411,0,0
R03_rsbfilm_env_avgPcycDelta,0,line_test_0006,0.0,0.13507544994354248,0.0020336781162768602,0.006499189417809248,0,0
R03_rsbfilm_env_avgPcycDelta,0,line_test_0007,0.0,0.09772425889968872,0.0017587310867384076,0.004513719119131565,0,0
R03_rsbfilm_env_avgPcycDelta,0,line_test_0008,0.0,0.09766215085983276,0.0018292913446202874,0.004603910725563765,0,0
R03_rsbfilm_env_avgPcycDelta,0,line_test_0009,0.0,0.09772509336471558,0.0018332164036110044,0.004881341941654682,0,0
R03_rsbfilm_env_avgPcycDelta,0,line_test_0010,0.0,0.09772863984107971,0.0017899536760523915,0.004932721611112356,0,0
R03_rsbfilm_env_avgPcycDelta,0,line_test_0011,0.0,0.19360589981079102,0.0017670675879344344,0.004950420465320349,0,0
R03_rsbfilm_env_avgPcycDelta,0,line_test_0012,0.0,0.1038934588432312,0.001936781220138073,0.005507115740329027,0,0
R03_rsbfilm_env_avgPcycDelta,0,line_test_0013,0.0,0.09766043722629547,0.0019217004301026464,0.005008735693991184,0,0
R03_rsbfilm_env_avgPcycDelta,0,line_test_0014,0.0,0.0977374017238617,0.0015595060540363193,0.004052215255796909,0,0
R03_rsbfilm_env_avgPcycDelta,0,line_test_0015,0.0,0.11948710680007935,0.0018263838719576597,0.005231921561062336,0,0
R03_rsbfilm_env_avgPcycDelta,0,line_test_0016,0.0,0.09765784442424774,0.0022544816602021456,0.006171154789626598,0,0
R03_rsbfilm_env_avgPcycDelta,0,line_test_0017,0.0,0.18753951787948608,0.0016342486487701535,0.004767078440636396,0,0
R03_rsbfilm_env_avgPcycDelta,0,line_test_0018,0.0,0.09772992134094238,0.0018889522179961205,0.005048893392086029,0,0
R03_rsbfilm_env_avgPcycDelta,0,line_test_0019,0.0,0.09762218594551086,0.00167586631141603,0.00431238766759634,0,0
R03_rsbfilm_env_avgPcycDelta,0,cross_test_0000,0.0,0.09770776331424713,0.0020671298261731863,0.005607983097434044,0,0
R03_rsbfilm_env_avgPcycDelta,0,cross_test_0001,0.0,0.09772375226020813,0.0018136569997295737,0.004641552921384573,0,0
R03_rsbfilm_env_avgPcycDelta,0,cross_test_0002,0.0,0.09772485494613647,0.0017996031092479825,0.004922420252114534,0,0
R03_rsbfilm_env_avgPcycDelta,0,cross_test_0003,0.0,0.1238599419593811,0.002213777042925358,0.006484120152890682,0,0
R03_rsbfilm_env_avgPcycDelta,0,cross_test_0004,0.0,0.11572390794754028,0.0022075038868933916,0.006508053280413151,0,0
R03_rsbfilm_env_avgPcycDelta,0,cross_test_0005,0.0,0.0977078527212143,0.0022146920673549175,0.005651666317135096,0,0
R03_rsbfilm_env_avgPcycDelta,0,cross_test_0006,0.0,0.09772393107414246,0.0015998317394405603,0.004115867428481579,0,0
R03_rsbfilm_env_avgPcycDelta,0,cross_test_0007,0.0,0.09772315621376038,0.0017471348401159048,0.004814664833247662,0,0
R03_rsbfilm_env_avgPcycDelta,0,cross_test_0008,0.0,0.1322920322418213,0.002384756924584508,0.007102626841515303,0,0
R03_rsbfilm_env_avgPcycDelta,0,cross_test_0009,0.0,0.09772737324237823,0.001802138751372695,0.004930851515382528,0,0
R03_rsbfilm_env_avgPcycDelta,0,cross_test_0010,0.0,0.09780481457710266,0.001965333940461278,0.005350369960069656,0,0
R03_rsbfilm_env_avgPcycDelta,0,cross_test_0011,0.0,0.13867127895355225,0.0029242781456559896,0.009329788386821747,0,0
R03_rsbfilm_env_avgPcycDelta,0,cross_test_0012,0.0,0.10004797577857971,0.0019171240273863077,0.0053333621472120285,0,0
R03_rsbfilm_env_avgPcycDelta,0,cross_test_0013,0.0,0.10375463962554932,0.002086721360683441,0.005544669460505247,0,0
R03_rsbfilm_env_avgPcycDelta,0,cross_test_0014,0.0,0.0977281779050827,0.0017982773715630174,0.004667629022151232,0,0
R03_rsbfilm_env_avgPcycDelta,0,L_shape_test_0000,0.0,0.09913879632949829,0.0025463844649493694,0.006935721728950739,0,0
R03_rsbfilm_env_avgPcycDelta,0,L_shape_test_0001,0.0,0.09771056473255157,0.001714967773295939,0.004342029336839914,0,0
R03_rsbfilm_env_avgPcycDelta,0,L_shape_test_0002,0.0,0.11820527911186218,0.002488940954208374,0.0068964362144470215,0,0
R03_rsbfilm_env_avgPcycDelta,0,L_shape_test_0003,0.0,0.10816174745559692,0.0020140837877988815,0.005144038237631321,0,0
R03_rsbfilm_env_avgPcycDelta,0,L_shape_test_0004,0.0,0.09772603213787079,0.002157598966732621,0.004961383529007435,0,0
R03_rsbfilm_env_avgPcycDelta,0,L_shape_test_0005,0.0,0.09820789098739624,0.002073845127597451,0.005376829765737057,0,0
R03_rsbfilm_env_avgPcycDelta,0,L_shape_test_0006,0.0,0.09772630035877228,0.0016731822397559881,0.004339274950325489,0,0
R03_rsbfilm_env_avgPcycDelta,0,L_shape_test_0007,0.0,0.09764336049556732,0.0021934774704277515,0.005769728217273951,0,0
R03_rsbfilm_env_avgPcycDelta,0,L_shape_test_0008,0.0,0.09773966670036316,0.0018551169196143746,0.004593516234308481,0,0
R03_rsbfilm_env_avgPcycDelta,0,L_shape_test_0009,0.0,0.09760954976081848,0.0021663319785147905,0.005371971987187862,0,0
R03_rsbfilm_env_avgPcycDelta,0,L_shape_test_0010,0.0,0.09765490889549255,0.0019136727787554264,0.005015608388930559,0,0
R03_rsbfilm_env_avgPcycDelta,0,L_shape_test_0011,0.0,0.09772756695747375,0.0016049811383709311,0.004138940013945103,0,0
R03_rsbfilm_env_avgPcycDelta,0,L_shape_test_0012,0.0,0.09773623943328857,0.0019307303009554744,0.004894047509878874,0,0
R03_rsbfilm_env_avgPcycDelta,0,L_shape_test_0013,0.0,0.09764282405376434,0.001977567095309496,0.004779214970767498,0,0
R03_rsbfilm_env_avgPcycDelta,0,L_shape_test_0014,0.0,0.09774039685726166,0.0018083277391269803,0.0046110739931464195,0,0
R03_rsbfilm_env_avgPcycDelta,0,L_shape_test_0015,0.0,0.09764264523983002,0.001975712599232793,0.004937982186675072,0,0
R03_rsbfilm_env_avgPcycDelta,0,L_shape_test_0016,0.0,0.0977194756269455,0.001967628486454487,0.0048045325092971325,0,0
R03_rsbfilm_env_avgPcycDelta,0,L_shape_test_0017,0.0,0.09752315282821655,0.002185922348871827,0.005544076673686504,0,0
R03_rsbfilm_env_avgPcycDelta,0,L_shape_test_0018,0.0,0.09774039685726166,0.0019088975386694074,0.004630775656551123,0,0
R03_rsbfilm_env_avgPcycDelta,0,L_shape_test_0019,0.0,0.11565816402435303,0.001960671041160822,0.005277365446090698,0,0
R03_rsbfilm_env_avgPcycDelta,0,double_line_test_0000,0.0,0.12973570823669434,0.001762028899975121,0.004705286119133234,0,0
R03_rsbfilm_env_avgPcycDelta,0,double_line_test_0001,0.0,0.140336275100708,0.002651754068210721,0.007872045040130615,0,0
R03_rsbfilm_env_avgPcycDelta,0,double_line_test_0002,0.0,0.09865891933441162,0.0015233793528750539,0.004452179651707411,0,0
R03_rsbfilm_env_avgPcycDelta,0,double_line_test_0003,0.0,0.09765896201133728,0.0017733968561515212,0.0042855399660766125,0,0
R03_rsbfilm_env_avgPcycDelta,0,double_line_test_0004,0.0,0.09762212634086609,0.002150091575458646,0.005881193559616804,0,0
R03_rsbfilm_env_avgPcycDelta,0,double_line_test_0005,0.0,0.2414425015449524,0.0016557008493691683,0.005012846551835537,0,0
R03_rsbfilm_env_avgPcycDelta,0,double_line_test_0006,0.0,0.12509512901306152,0.0027097640559077263,0.007648354861885309,0,0
R03_rsbfilm_env_avgPcycDelta,0,double_line_test_0007,0.0,0.09772379696369171,0.0019651937764137983,0.004866139031946659,0,0
R03_rsbfilm_env_avgPcycDelta,0,double_line_test_0008,0.0,0.12271356582641602,0.002177055459469557,0.005627873819321394,0,0
R03_rsbfilm_env_avgPcycDelta,0,double_line_test_0009,0.0,0.09765629470348358,0.0017622696468606591,0.004379854537546635,0,0
R03_rsbfilm_env_avgPcycDelta,0,double_line_test_0010,0.0,0.09764906764030457,0.0019853967241942883,0.0049541303887963295,0,0
R03_rsbfilm_env_avgPcycDelta,0,double_line_test_0011,0.0,0.09773319959640503,0.0016154157929122448,0.004093497060239315,0,0
R03_rsbfilm_env_avgPcycDelta,0,double_line_test_0012,0.0,0.0977228432893753,0.0016769424546509981,0.0042661381885409355,0,0
R03_rsbfilm_env_avgPcycDelta,0,double_line_test_0013,0.0,0.09763573110103607,0.0018970741657540202,0.004466913174837828,0,0
R03_rsbfilm_env_avgPcycDelta,0,double_line_test_0014,0.0,0.16686439514160156,0.002580908825621009,0.007198403589427471,0,0
R03_rsbfilm_env_avgPcycDelta,0,small_rect_edge_test_0000,0.0,0.14298874139785767,0.0017189084319397807,0.0048168557696044445,0,0
R03_rsbfilm_env_avgPcycDelta,0,small_rect_edge_test_0001,0.0,0.09772644937038422,0.001809633569791913,0.004744742996990681,0,0
R03_rsbfilm_env_avgPcycDelta,0,small_rect_edge_test_0002,0.0,0.15541589260101318,0.0017443100223317742,0.0048093032091856,0,0
R03_rsbfilm_env_avgPcycDelta,0,small_rect_edge_test_0003,0.0,0.09764860570430756,0.001899430062621832,0.004747286904603243,0,0
R03_rsbfilm_env_avgPcycDelta,0,small_rect_edge_test_0004,0.0,0.16116607189178467,0.002533521270379424,0.007874744012951851,0,0
R03_rsbfilm_env_avgPcycDelta,0,small_rect_edge_test_0005,0.0,0.13876789808273315,0.0020594028756022453,0.00577743211761117,0,0
R03_rsbfilm_env_avgPcycDelta,0,small_rect_edge_test_0006,0.0,0.09772275388240814,0.0018326996359974146,0.004609322641044855,0,0
R03_rsbfilm_env_avgPcycDelta,0,small_rect_edge_test_0007,0.0,0.12699222564697266,0.0015855329111218452,0.004789337515830994,0,0
R03_rsbfilm_env_avgPcycDelta,0,small_rect_edge_test_0008,0.0,0.21823614835739136,0.0025618865620344877,0.007845951244235039,0,0
R03_rsbfilm_env_avgPcycDelta,0,small_rect_edge_test_0009,0.0,0.09774540364742279,0.001804144005291164,0.004609016701579094,0,0
R03_rsbfilm_env_avgPcycDelta,0,point_cluster_test_0000,0.0,0.09772691130638123,0.001845591003075242,0.004752615466713905,0,0
R03_rsbfilm_env_avgPcycDelta,0,point_cluster_test_0001,0.0,0.13585668802261353,0.002149983774870634,0.006203265395015478,0,0
R03_rsbfilm_env_avgPcycDelta,0,point_cluster_test_0002,0.0,0.09772506356239319,0.0019604815170168877,0.005473171826452017,0,0
R03_rsbfilm_env_avgPcycDelta,0,point_cluster_test_0003,0.0,0.11289793252944946,0.0018571713007986546,0.005174184683710337,0,0
R03_rsbfilm_env_avgPcycDelta,0,point_cluster_test_0004,0.0,0.09772910177707672,0.002303806133568287,0.00664412509649992,0,0
R03_rsbfilm_env_avgPcycDelta,0,point_cluster_test_0005,0.0,0.09944957494735718,0.0021750337909907103,0.005931595806032419,0,0
R03_rsbfilm_env_avgPcycDelta,0,point_cluster_test_0006,0.0,0.21569204330444336,0.0018139575840905309,0.0051987050101161,0,0
R03_rsbfilm_env_avgPcycDelta,0,point_cluster_test_0007,0.0,0.10451078414916992,0.001963404705747962,0.005475240759551525,0,0
R03_rsbfilm_env_avgPcycDelta,0,point_cluster_test_0008,0.0,0.10490471124649048,0.001997128827497363,0.0057157124392688274,0,0
R03_rsbfilm_env_avgPcycDelta,0,point_cluster_test_0009,0.0,0.09773789346218109,0.0017114714719355106,0.004516707267612219,0,0
R03_rsbfilm_env_avgPcycDelta,0,point_cluster_test_0010,0.0,0.09773080050945282,0.0021538217552006245,0.00549283204600215,0,0
R03_rsbfilm_env_avgPcycDelta,0,point_cluster_test_0011,0.0,0.15778547525405884,0.0023191666696220636,0.007572384085506201,0,0
R03_rsbfilm_env_avgPcycDelta,0,point_cluster_test_0012,0.0,0.17948222160339355,0.002142115728929639,0.006567624397575855,0,0
R03_rsbfilm_env_avgPcycDelta,0,point_cluster_test_0013,0.0,0.12831953167915344,0.002798233414068818,0.008182138204574585,0,0
R03_rsbfilm_env_avgPcycDelta,0,point_cluster_test_0014,0.0,0.110941082239151,0.0018301621312275529,0.005326936952769756,0,0
R03_rsbfilm_env_avgPcycDelta,0,point_cluster_test_0015,0.0,0.13317376375198364,0.0020964767318218946,0.0069304704666137695,0,0
R03_rsbfilm_env_avgPcycDelta,0,point_cluster_test_0016,0.0,0.09766459465026855,0.0020414944738149643,0.005263665225356817,0,0
R03_rsbfilm_env_avgPcycDelta,0,point_cluster_test_0017,0.0,0.1375524401664734,0.0018764995038509369,0.005535224452614784,0,0
R03_rsbfilm_env_avgPcycDelta,0,point_cluster_test_0018,0.0,0.1622522473335266,0.0021006944589316845,0.006460892967879772,0,0
R03_rsbfilm_env_avgPcycDelta,0,point_cluster_test_0019,0.0,0.09773099422454834,0.0016303814481943846,0.004296079743653536,0,0
R03_rsbfilm_env_avgPcycDelta,1,line_test_0000,0.0,0.02637673169374466,0.00011118575639557093,0.0010324183385819197,0,0
R03_rsbfilm_env_avgPcycDelta,1,line_test_0001,0.0,0.07034263014793396,0.00028992589795961976,0.0018193427240476012,0,0
R03_rsbfilm_env_avgPcycDelta,1,line_test_0002,0.0,0.032029688358306885,0.000286654569208622,0.0020209895446896553,0,0
R03_rsbfilm_env_avgPcycDelta,1,line_test_0003,0.0,0.09115937352180481,0.0004366090870462358,0.003673704108223319,0,0
R03_rsbfilm_env_avgPcycDelta,1,line_test_0004,0.0,0.015613466501235962,7.271394861163571e-05,0.0006195970927365124,0,0
R03_rsbfilm_env_avgPcycDelta,1,line_test_0005,0.0,0.018490001559257507,0.00010362582543166354,0.0008490913896821439,0,0
R03_rsbfilm_env_avgPcycDelta,1,line_test_0006,0.0,0.1581537127494812,0.0002471072948537767,0.003106462536379695,0,0
R03_rsbfilm_env_avgPcycDelta,1,line_test_0007,0.0,0.031016841530799866,0.00017343759827781469,0.0012462743325158954,0,0
R03_rsbfilm_env_avgPcycDelta,1,line_test_0008,0.0,0.023478448390960693,0.00018554998678155243,0.0011987272882834077,0,0
R03_rsbfilm_env_avgPcycDelta,1,line_test_0009,0.0,0.10881325602531433,0.00018563269986771047,0.0016822888283059,0,0
R03_rsbfilm_env_avgPcycDelta,1,line_test_0010,0.0,0.05513663589954376,0.00014074986393097788,0.0013988030841574073,0,0
R03_rsbfilm_env_avgPcycDelta,1,line_test_0011,0.0,0.2436157464981079,0.00020764146756846458,0.0030407372396439314,0,0
R03_rsbfilm_env_avgPcycDelta,1,line_test_0012,0.0,0.08417868614196777,0.00018744559201877564,0.0017306806985288858,0,0
R03_rsbfilm_env_avgPcycDelta,1,line_test_0013,0.0,0.02869555354118347,0.00021880457643419504,0.0014757824828848243,0,0
R03_rsbfilm_env_avgPcycDelta,1,line_test_0014,0.0,0.04414647817611694,8.91751260496676e-05,0.0008173790411092341,0,0
R03_rsbfilm_env_avgPcycDelta,1,line_test_0015,0.0,0.10600954294204712,0.00017151831707451493,0.001823908882215619,0,0
R03_rsbfilm_env_avgPcycDelta,1,line_test_0016,0.0,0.03441706299781799,0.00026646527112461627,0.0018187209498137236,0,0
R03_rsbfilm_env_avgPcycDelta,1,line_test_0017,0.0,0.4954964816570282,0.00022573590104002506,0.006791284773498774,0,0
R03_rsbfilm_env_avgPcycDelta,1,line_test_0018,0.0,0.03658434748649597,0.0001847471430664882,0.0015161453047767282,0,0
R03_rsbfilm_env_avgPcycDelta,1,line_test_0019,0.0,0.02133229374885559,0.00013778194261249155,0.0009444404277019203,0,0
R03_rsbfilm_env_avgPcycDelta,1,cross_test_0000,0.0,0.0674511194229126,0.0003632545121945441,0.002511290367692709,0,0
R03_rsbfilm_env_avgPcycDelta,1,cross_test_0001,0.0,0.016838882118463516,0.0001751889503793791,0.0009941005846485496,0,0
R03_rsbfilm_env_avgPcycDelta,1,cross_test_0002,0.0,0.12653586268424988,0.00020298345771152526,0.002124106977134943,0,0
R03_rsbfilm_env_avgPcycDelta,1,cross_test_0003,0.0,0.07382804155349731,0.00030145145137794316,0.002088207984343171,0,0
R03_rsbfilm_env_avgPcycDelta,1,cross_test_0004,0.0,0.04093742370605469,0.00027015560772269964,0.0018423780566081405,0,0
R03_rsbfilm_env_avgPcycDelta,1,cross_test_0005,0.0,0.026330292224884033,0.0003481440944597125,0.0020362718496471643,0,0
R03_rsbfilm_env_avgPcycDelta,1,cross_test_0006,0.0,0.015424072742462158,9.063085599336773e-05,0.0007235447992570698,0,0
R03_rsbfilm_env_avgPcycDelta,1,cross_test_0007,0.0,0.030922293663024902,0.00014124854351393878,0.0012890339130535722,0,0
R03_rsbfilm_env_avgPcycDelta,1,cross_test_0008,0.0,0.09054133296012878,0.00048078899271786213,0.0032727594953030348,0,0
R03_rsbfilm_env_avgPcycDelta,1,cross_test_0009,0.0,0.04997175931930542,0.0001911620347527787,0.0016980121145024896,0,0
R03_rsbfilm_env_avgPcycDelta,1,cross_test_0010,0.0,0.03749200701713562,0.00021772997570224106,0.0015711408341303468,0,0
R03_rsbfilm_env_avgPcycDelta,1,cross_test_0011,0.0,0.11105257272720337,0.0006685744156129658,0.004212064202874899,0,0
R03_rsbfilm_env_avgPcycDelta,1,cross_test_0012,0.0,0.04060593247413635,0.00029916156199760735,0.0022586220875382423,0,0
R03_rsbfilm_env_avgPcycDelta,1,cross_test_0013,0.0,0.1558089554309845,0.00034090751432813704,0.0028667119331657887,0,0
R03_rsbfilm_env_avgPcycDelta,1,cross_test_0014,0.0,0.030989468097686768,0.00016646708536427468,0.001240196987055242,0,0
R03_rsbfilm_env_avgPcycDelta,1,L_shape_test_0000,0.0,0.09013420343399048,0.000511827995069325,0.003024275880306959,0,0
R03_rsbfilm_env_avgPcycDelta,1,L_shape_test_0001,0.0,0.018835783004760742,0.00013571033196058124,0.0009306121501140296,0,0
R03_rsbfilm_env_avgPcycDelta,1,L_shape_test_0002,0.0,0.0575503408908844,0.0004190337494947016,0.0026042030658572912,0,0
R03_rsbfilm_env_avgPcycDelta,1,L_shape_test_0003,0.0,0.0819137692451477,0.0002933471987489611,0.002028239658102393,0,0
R03_rsbfilm_env_avgPcycDelta,1,L_shape_test_0004,0.0,0.02194797992706299,0.00027498716372065246,0.0013972471933811903,0,0
R03_rsbfilm_env_avgPcycDelta,1,L_shape_test_0005,0.0,0.1668146252632141,0.0003112811245955527,0.002539693610742688,0,0
R03_rsbfilm_env_avgPcycDelta,1,L_shape_test_0006,0.0,0.019265055656433105,0.0001225550950039178,0.0008484164718538523,0,0
R03_rsbfilm_env_avgPcycDelta,1,L_shape_test_0007,0.0,0.027782775461673737,0.00028805018519051373,0.001751981326378882,0,0
R03_rsbfilm_env_avgPcycDelta,1,L_shape_test_0008,0.0,0.0533374547958374,0.00016984550165943801,0.0011984807206317782,0,0
R03_rsbfilm_env_avgPcycDelta,1,L_shape_test_0009,0.0,0.04471224546432495,0.00032138341339305043,0.0017481523100286722,0,0
R03_rsbfilm_env_avgPcycDelta,1,L_shape_test_0010,0.0,0.029629230499267578,0.00019615443306975067,0.0012656814651563764,0,0
R03_rsbfilm_env_avgPcycDelta,1,L_shape_test_0011,0.0,0.014630928635597229,0.00010153945913771167,0.0007309791981242597,0,0
R03_rsbfilm_env_avgPcycDelta,1,L_shape_test_0012,0.0,0.03685062378644943,0.00021725447732023895,0.0014188966015353799,0,0
R03_rsbfilm_env_avgPcycDelta,1,L_shape_test_0013,0.0,0.03143136203289032,0.0002703962381929159,0.0016609387239441276,0,0
R03_rsbfilm_env_avgPcycDelta,1,L_shape_test_0014,0.0,0.02173548936843872,0.00014236324932426214,0.0010727874469012022,0,0
R03_rsbfilm_env_avgPcycDelta,1,L_shape_test_0015,0.0,0.03772658109664917,0.0002588579955045134,0.0014704742934554815,0,0
R03_rsbfilm_env_avgPcycDelta,1,L_shape_test_0016,0.0,0.08596107363700867,0.00021893251687288284,0.0015275501646101475,0,0
R03_rsbfilm_env_avgPcycDelta,1,L_shape_test_0017,0.0,0.041915327310562134,0.00030606964719481766,0.0018497966229915619,0,0
R03_rsbfilm_env_avgPcycDelta,1,L_shape_test_0018,0.0,0.020270049571990967,0.00018513522809371352,0.0010546606499701738,0,0
R03_rsbfilm_env_avgPcycDelta,1,L_shape_test_0019,0.0,0.05532751977443695,0.00019372848328202963,0.0015929690562188625,0,0
R03_rsbfilm_env_avgPcycDelta,1,double_line_test_0000,0.0,0.21358901262283325,0.00019209225138183683,0.002434856491163373,0,0
R03_rsbfilm_env_avgPcycDelta,1,double_line_test_0001,0.0,0.24957817792892456,0.0006358500686474144,0.004888759460300207,0,0
R03_rsbfilm_env_avgPcycDelta,1,double_line_test_0002,0.0,0.17872196435928345,0.00013658263196703047,0.0024707294069230556,0,0
R03_rsbfilm_env_avgPcycDelta,1,double_line_test_0003,0.0,0.013879656791687012,0.0002316213067388162,0.0010168725857511163,0,0
R03_rsbfilm_env_avgPcycDelta,1,double_line_test_0004,0.0,0.04582083225250244,0.000369564862921834,0.002260996960103512,0,0
R03_rsbfilm_env_avgPcycDelta,1,double_line_test_0005,0.0,0.4264833629131317,0.00022792902018409222,0.004512936808168888,0,0
R03_rsbfilm_env_avgPcycDelta,1,double_line_test_0006,0.0,0.11199787259101868,0.0005192751414142549,0.0030462269205600023,0,0
R03_rsbfilm_env_avgPcycDelta,1,double_line_test_0007,0.0,0.04865381121635437,0.00022278577671386302,0.0015034049283713102,0,0
R03_rsbfilm_env_avgPcycDelta,1,double_line_test_0008,0.0,0.11261332035064697,0.00026924448320642114,0.0021691652946174145,0,0
R03_rsbfilm_env_avgPcycDelta,1,double_line_test_0009,0.0,0.018177151679992676,0.00016688684991095215,0.0010431100381538272,0,0
R03_rsbfilm_env_avgPcycDelta,1,double_line_test_0010,0.0,0.043853625655174255,0.00022233501658774912,0.001231388421729207,0,0
R03_rsbfilm_env_avgPcycDelta,1,double_line_test_0011,0.0,0.01284772902727127,0.00013911561109125614,0.000754691194742918,0,0
R03_rsbfilm_env_avgPcycDelta,1,double_line_test_0012,0.0,0.018555045127868652,0.0001107387724914588,0.0008143435115925968,0,0
R03_rsbfilm_env_avgPcycDelta,1,double_line_test_0013,0.0,0.023414522409439087,0.00026653168606571853,0.0012716322671622038,0,0
R03_rsbfilm_env_avgPcycDelta,1,double_line_test_0014,0.0,0.25896206498146057,0.0005565963219851255,0.003906618803739548,0,0
R03_rsbfilm_env_avgPcycDelta,1,small_rect_edge_test_0000,0.0,0.3066212832927704,0.0001711144723230973,0.0033116783015429974,0,0
R03_rsbfilm_env_avgPcycDelta,1,small_rect_edge_test_0001,0.0,0.05577722191810608,0.00021129570086486638,0.0015875970711931586,0,0
R03_rsbfilm_env_avgPcycDelta,1,small_rect_edge_test_0002,0.0,0.41916418075561523,0.0002593568933662027,0.005162471439689398,0,0
R03_rsbfilm_env_avgPcycDelta,1,small_rect_edge_test_0003,0.0,0.024310708045959473,0.00019921782950405031,0.0012738443911075592,0,0
R03_rsbfilm_env_avgPcycDelta,1,small_rect_edge_test_0004,0.0,0.08979740738868713,0.0005618396098725498,0.0038843639194965363,0,0
R03_rsbfilm_env_avgPcycDelta,1,small_rect_edge_test_0005,0.0,0.060882389545440674,0.00034172122832387686,0.0024354939814656973,0,0
R03_rsbfilm_env_avgPcycDelta,1,small_rect_edge_test_0006,0.0,0.033381491899490356,0.000194350621313788,0.0013254848308861256,0,0
R03_rsbfilm_env_avgPcycDelta,1,small_rect_edge_test_0007,0.0,0.11245667934417725,0.0001450532436138019,0.0013914930168539286,0,0
R03_rsbfilm_env_avgPcycDelta,1,small_rect_edge_test_0008,0.0,0.10147100687026978,0.0006015419494360685,0.00415582861751318,0,0
R03_rsbfilm_env_avgPcycDelta,1,small_rect_edge_test_0009,0.0,0.05974304676055908,0.00017142565047834069,0.001323756412602961,0,0
R03_rsbfilm_env_avgPcycDelta,1,point_cluster_test_0000,0.0,0.04630076885223389,0.00021896808175370097,0.0016577107599005103,0,0
R03_rsbfilm_env_avgPcycDelta,1,point_cluster_test_0001,0.0,0.06702035665512085,0.00042755031608976424,0.0028788812924176455,0,0
R03_rsbfilm_env_avgPcycDelta,1,point_cluster_test_0002,0.0,0.22445034980773926,0.00026383265503682196,0.0031488342210650444,0,0
R03_rsbfilm_env_avgPcycDelta,1,point_cluster_test_0003,0.0,0.0583675354719162,0.00015593321586493403,0.0014375936007127166,0,0
R03_rsbfilm_env_avgPcycDelta,1,point_cluster_test_0004,0.0,0.062365368008613586,0.0004281572764739394,0.0028693820349872112,0,0
R03_rsbfilm_env_avgPcycDelta,1,point_cluster_test_0005,0.0,0.1478952169418335,0.00030957694980315864,0.0024961342569440603,0,0
R03_rsbfilm_env_avgPcycDelta,1,point_cluster_test_0006,0.0,0.20729196071624756,0.0001596537622390315,0.002123611280694604,0,0
R03_rsbfilm_env_avgPcycDelta,1,point_cluster_test_0007,0.0,0.06801751255989075,0.00024821810075081885,0.0020894405897706747,0,0
R03_rsbfilm_env_avgPcycDelta,1,point_cluster_test_0008,0.0,0.06344060599803925,0.000264989270363003,0.0022495919838547707,0,0
R03_rsbfilm_env_avgPcycDelta,1,point_cluster_test_0009,0.0,0.03779585659503937,0.00011129576159873977,0.0010187907610088587,0,0
R03_rsbfilm_env_avgPcycDelta,1,point_cluster_test_0010,0.0,0.040632426738739014,0.00028985663084313273,0.0016403334448114038,0,0
R03_rsbfilm_env_avgPcycDelta,1,point_cluster_test_0011,0.0,0.09316712617874146,0.00032974337227642536,0.002654854441061616,0,0
R03_rsbfilm_env_avgPcycDelta,1,point_cluster_test_0012,0.0,0.10054749250411987,0.0002632155083119869,0.00224329368211329,0,0
R03_rsbfilm_env_avgPcycDelta,1,point_cluster_test_0013,0.0,0.07436645030975342,0.0006656953482888639,0.00391363026574254,0,0
R03_rsbfilm_env_avgPcycDelta,1,point_cluster_test_0014,0.0,0.05043044686317444,0.0001881876669358462,0.0018222815124318004,0,0
R03_rsbfilm_env_avgPcycDelta,1,point_cluster_test_0015,0.0,0.08655864000320435,0.0002758245391305536,0.0025650979951024055,0,0
R03_rsbfilm_env_avgPcycDelta,1,point_cluster_test_0016,0.0,0.03209301829338074,0.00029923312831670046,0.0017484967829659581,0,0
R03_rsbfilm_env_avgPcycDelta,1,point_cluster_test_0017,0.0,0.2894366383552551,0.00021600519539788365,0.0033189530950039625,0,0
R03_rsbfilm_env_avgPcycDelta,1,point_cluster_test_0018,0.0,0.23060739040374756,0.0002606760535854846,0.0030012992210686207,0,0
R03_rsbfilm_env_avgPcycDelta,1,point_cluster_test_0019,0.0,0.0663718581199646,9.168606629827991e-05,0.0009397357935085893,0,0
R03_rsbfilm_env_avgPcycDelta,2,line_test_0000,0.0,0.025355875492095947,0.00014522777928505093,0.0009678558562882245,0,0
R03_rsbfilm_env_avgPcycDelta,2,line_test_0001,0.0,0.019484564661979675,0.0003244869876652956,0.0014828727580606937,0,0
R03_rsbfilm_env_avgPcycDelta,2,line_test_0002,0.0,0.033600032329559326,0.00028286370798014104,0.001643757801502943,0,0
R03_rsbfilm_env_avgPcycDelta,2,line_test_0003,0.0,0.08630701899528503,0.0004253221268299967,0.0026442690286785364,0,0
R03_rsbfilm_env_avgPcycDelta,2,line_test_0004,0.0,0.023651301860809326,0.00010563715477474034,0.0006531096296384931,0,0
R03_rsbfilm_env_avgPcycDelta,2,line_test_0005,0.0,0.015239313244819641,0.0001490167633164674,0.0008848297293297946,0,0
R03_rsbfilm_env_avgPcycDelta,2,line_test_0006,0.0,0.06106323003768921,0.0002480080584064126,0.0018723619868978858,0,0
R03_rsbfilm_env_avgPcycDelta,2,line_test_0007,0.0,0.0243108868598938,0.0002671064285095781,0.0013083246303722262,0,0
R03_rsbfilm_env_avgPcycDelta,2,line_test_0008,0.0,0.013955771923065186,0.00022529630223289132,0.001058298395946622,0,0
R03_rsbfilm_env_avgPcycDelta,2,line_test_0009,0.0,0.02201971411705017,0.00018755815108306706,0.0011152449296787381,0,0
R03_rsbfilm_env_avgPcycDelta,2,line_test_0010,0.0,0.02034670114517212,0.00015562240150757134,0.0010365385096520185,0,0
R03_rsbfilm_env_avgPcycDelta,2,line_test_0011,0.0,0.07816290855407715,0.00017014016339089721,0.001233449438586831,0,0
R03_rsbfilm_env_avgPcycDelta,2,line_test_0012,0.0,0.0571732223033905,0.00023110880283638835,0.0016378919826820493,0,0
R03_rsbfilm_env_avgPcycDelta,2,line_test_0013,0.0,0.020521044731140137,0.0002618790022097528,0.0013950841967016459,0,0
R03_rsbfilm_env_avgPcycDelta,2,line_test_0014,0.0,0.0107765793800354,0.00010165232379222289,0.0006087612127885222,0,0
R03_rsbfilm_env_avgPcycDelta,2,line_test_0015,0.0,0.04130449891090393,0.00017691458924673498,0.0012522527249529958,0,0
R03_rsbfilm_env_avgPcycDelta,2,line_test_0016,0.0,0.026381492614746094,0.0003051604435313493,0.0015575799625366926,0,0
R03_rsbfilm_env_avgPcycDelta,2,line_test_0017,0.0,0.1256120204925537,0.00014663422189187258,0.0017511341720819473,0,0
R03_rsbfilm_env_avgPcycDelta,2,line_test_0018,0.0,0.02616184949874878,0.0002117012336384505,0.001223958795890212,0,0
R03_rsbfilm_env_avgPcycDelta,2,line_test_0019,0.0,0.020525574684143066,0.0002487714809831232,0.0013729006750509143,0,0
R03_rsbfilm_env_avgPcycDelta,2,cross_test_0000,0.0,0.030573055148124695,0.0003126189112663269,0.0017329873517155647,0,0
R03_rsbfilm_env_avgPcycDelta,2,cross_test_0001,0.0,0.014108076691627502,0.0002716135059017688,0.0012196513125672936,0,0
R03_rsbfilm_env_avgPcycDelta,2,cross_test_0002,0.0,0.046901166439056396,0.00018933007959276438,0.0012305970303714275,0,0
R03_rsbfilm_env_avgPcycDelta,2,cross_test_0003,0.0,0.061794936656951904,0.0003379961126483977,0.0018380885012447834,0,0
R03_rsbfilm_env_avgPcycDelta,2,cross_test_0004,0.0,0.027429640293121338,0.0002897622180171311,0.0016313506057485938,0,0
R03_rsbfilm_env_avgPcycDelta,2,cross_test_0005,0.0,0.04037070274353027,0.00038726540515199304,0.0017247996293008327,0,0
R03_rsbfilm_env_avgPcycDelta,2,cross_test_0006,0.0,0.017315983772277832,0.00015398497635032982,0.0009819973492994905,0,0
R03_rsbfilm_env_avgPcycDelta,2,cross_test_0007,0.0,0.015541329979896545,0.00014468998415395617,0.0009650656720623374,0,0
R03_rsbfilm_env_avgPcycDelta,2,cross_test_0008,0.0,0.031015455722808838,0.00038542563561350107,0.002038241596892476,0,0
R03_rsbfilm_env_avgPcycDelta,2,cross_test_0009,0.0,0.032442331314086914,0.0001710601500235498,0.0010774692054837942,0,0
R03_rsbfilm_env_avgPcycDelta,2,cross_test_0010,0.0,0.03868630528450012,0.0002690018736757338,0.001494810450822115,0,0
R03_rsbfilm_env_avgPcycDelta,2,cross_test_0011,0.0,0.05674368143081665,0.0005437166546471417,0.0029516066424548626,0,0
R03_rsbfilm_env_avgPcycDelta,2,cross_test_0012,0.0,0.02679288387298584,0.00022404509945772588,0.0012633914593607187,0,0
R03_rsbfilm_env_avgPcycDelta,2,cross_test_0013,0.0,0.048894524574279785,0.00035838314215652645,0.0017509874887764454,0,0
R03_rsbfilm_env_avgPcycDelta,2,cross_test_0014,0.0,0.020142704248428345,0.00016771101218182594,0.0009256484336219728,0,0
R03_rsbfilm_env_avgPcycDelta,2,L_shape_test_0000,0.0,0.05028814077377319,0.00045913681969977915,0.0021841409616172314,0,0
R03_rsbfilm_env_avgPcycDelta,2,L_shape_test_0001,0.0,0.016091465950012207,0.00020954356295987964,0.0011141502764075994,0,0
R03_rsbfilm_env_avgPcycDelta,2,L_shape_test_0002,0.0,0.037591755390167236,0.00046897659194655716,0.0021455020178109407,0,0
R03_rsbfilm_env_avgPcycDelta,2,L_shape_test_0003,0.0,0.03451275825500488,0.00030475371750071645,0.0015308206202462316,0,0
R03_rsbfilm_env_avgPcycDelta,2,L_shape_test_0004,0.0,0.01601281762123108,0.0003421615401748568,0.0013303625164553523,0,0
R03_rsbfilm_env_avgPcycDelta,2,L_shape_test_0005,0.0,0.04306763410568237,0.00029447866836562753,0.0014677069848403335,0,0
R03_rsbfilm_env_avgPcycDelta,2,L_shape_test_0006,0.0,0.014465510845184326,0.00016501870413776487,0.0008979376871138811,0,0
R03_rsbfilm_env_avgPcycDelta,2,L_shape_test_0007,0.0,0.02420288324356079,0.0003028200881090015,0.0014420404331758618,0,0
R03_rsbfilm_env_avgPcycDelta,2,L_shape_test_0008,0.0,0.02816474437713623,0.00020511214097496122,0.001022616634145379,0,0
R03_rsbfilm_env_avgPcycDelta,2,L_shape_test_0009,0.0,0.05659407377243042,0.000491894141305238,0.0020996693056076765,0,0
R03_rsbfilm_env_avgPcycDelta,2,L_shape_test_0010,0.0,0.027625203132629395,0.0002285583905177191,0.0011411714367568493,0,0
R03_rsbfilm_env_avgPcycDelta,2,L_shape_test_0011,0.0,0.012044087052345276,0.00012621843779925257,0.0007019615732133389,0,0
R03_rsbfilm_env_avgPcycDelta,2,L_shape_test_0012,0.0,0.020038604736328125,0.0002205633936682716,0.001102665439248085,0,0
R03_rsbfilm_env_avgPcycDelta,2,L_shape_test_0013,0.0,0.01699131727218628,0.0002597268030513078,0.0011744522489607334,0,0
R03_rsbfilm_env_avgPcycDelta,2,L_shape_test_0014,0.0,0.02065947651863098,0.00017012532043736428,0.0010277952533215284,0,0
R03_rsbfilm_env_avgPcycDelta,2,L_shape_test_0015,0.0,0.043447673320770264,0.00034058387973345816,0.0014607009943574667,0,0
R03_rsbfilm_env_avgPcycDelta,2,L_shape_test_0016,0.0,0.01679675281047821,0.0002474749635439366,0.001131417928263545,0,0
R03_rsbfilm_env_avgPcycDelta,2,L_shape_test_0017,0.0,0.030405104160308838,0.0003747811133507639,0.0016857594018802047,0,0
R03_rsbfilm_env_avgPcycDelta,2,L_shape_test_0018,0.0,0.03710126876831055,0.00023462857643608004,0.0011077167000621557,0,0
R03_rsbfilm_env_avgPcycDelta,2,L_shape_test_0019,0.0,0.03497067093849182,0.00023743213387206197,0.0013816851424053311,0,0
R03_rsbfilm_env_avgPcycDelta,2,double_line_test_0000,0.0,0.093356192111969,0.00017503046547062695,0.001366911455988884,0,0
R03_rsbfilm_env_avgPcycDelta,2,double_line_test_0001,0.0,0.05684316158294678,0.000580542953684926,0.0034504886716604233,0,0
R03_rsbfilm_env_avgPcycDelta,2,double_line_test_0002,0.0,0.06311321258544922,0.00017936242511495948,0.0011938420357182622,0,0
R03_rsbfilm_env_avgPcycDelta,2,double_line_test_0003,0.0,0.014762341976165771,0.00033875767257995903,0.001280795899219811,0,0
R03_rsbfilm_env_avgPcycDelta,2,double_line_test_0004,0.0,0.04658931493759155,0.0003235401527490467,0.0016834699781611562,0,0
R03_rsbfilm_env_avgPcycDelta,2,double_line_test_0005,0.0,0.12898266315460205,0.00018659813213162124,0.0015398606192320585,0,0
R03_rsbfilm_env_avgPcycDelta,2,double_line_test_0006,0.0,0.04364663362503052,0.0004997767391614616,0.0023382382933050394,0,0
R03_rsbfilm_env_avgPcycDelta,2,double_line_test_0007,0.0,0.042807042598724365,0.00032438948983326554,0.0016441113548353314,0,0
R03_rsbfilm_env_avgPcycDelta,2,double_line_test_0008,0.0,0.05432087182998657,0.0003513768024276942,0.001532637164928019,0,0
R03_rsbfilm_env_avgPcycDelta,2,double_line_test_0009,0.0,0.02190500497817993,0.0002469067694619298,0.0012332773767411709,0,0
R03_rsbfilm_env_avgPcycDelta,2,double_line_test_0010,0.0,0.023557335138320923,0.0003384074370842427,0.0015284379478543997,0,0
R03_rsbfilm_env_avgPcycDelta,2,double_line_test_0011,0.0,0.012676876038312912,0.00019066542154178023,0.0008627360220998526,0,0
R03_rsbfilm_env_avgPcycDelta,2,double_line_test_0012,0.0,0.018498539924621582,0.0001742259628372267,0.0010312928352504969,0,0
R03_rsbfilm_env_avgPcycDelta,2,double_line_test_0013,0.0,0.016811609268188477,0.00039702694630250335,0.0014697740552946925,0,0
R03_rsbfilm_env_avgPcycDelta,2,double_line_test_0014,0.0,0.07715225219726562,0.00046547746751457453,0.002248136093840003,0,0
R03_rsbfilm_env_avgPcycDelta,2,small_rect_edge_test_0000,0.0,0.07014220952987671,0.00014040704991202801,0.0012533590197563171,0,0
R03_rsbfilm_env_avgPcycDelta,2,small_rect_edge_test_0001,0.0,0.036548078060150146,0.00024865256273187697,0.001389112090691924,0,0
R03_rsbfilm_env_avgPcycDelta,2,small_rect_edge_test_0002,0.0,0.08747804164886475,0.00021724820544477552,0.001684430637396872,0,0
R03_rsbfilm_env_avgPcycDelta,2,small_rect_edge_test_0003,0.0,0.030461758375167847,0.00032631668727844954,0.0015319682424888015,0,0
R03_rsbfilm_env_avgPcycDelta,2,small_rect_edge_test_0004,0.0,0.06181079149246216,0.0005119893467053771,0.0029450729489326477,0,0
R03_rsbfilm_env_avgPcycDelta,2,small_rect_edge_test_0005,0.0,0.07938003540039062,0.00032582899439148605,0.0020808554254472256,0,0
R03_rsbfilm_env_avgPcycDelta,2,small_rect_edge_test_0006,0.0,0.015624135732650757,0.00023920241801533848,0.0011490609031170607,0,0
R03_rsbfilm_env_avgPcycDelta,2,small_rect_edge_test_0007,0.0,0.11010110378265381,0.0002118088596034795,0.0021735785994678736,0,0
R03_rsbfilm_env_avgPcycDelta,2,small_rect_edge_test_0008,0.0,0.10796976089477539,0.0005347470287233591,0.003260655328631401,0,0
R03_rsbfilm_env_avgPcycDelta,2,small_rect_edge_test_0009,0.0,0.02400881052017212,0.0001918217894854024,0.0009909598156809807,0,0
R03_rsbfilm_env_avgPcycDelta,2,point_cluster_test_0000,0.0,0.027605712413787842,0.00024690324789844453,0.0013181299436837435,0,0
R03_rsbfilm_env_avgPcycDelta,2,point_cluster_test_0001,0.0,0.04099392890930176,0.0002967175387311727,0.0017431711312383413,0,0
R03_rsbfilm_env_avgPcycDelta,2,point_cluster_test_0002,0.0,0.025527775287628174,0.00019806495402008295,0.0011958281975239515,0,0
R03_rsbfilm_env_avgPcycDelta,2,point_cluster_test_0003,0.0,0.04893454909324646,0.00017738436872605234,0.0012425441527739167,0,0
R03_rsbfilm_env_avgPcycDelta,2,point_cluster_test_0004,0.0,0.03294818848371506,0.0003227288252674043,0.0017975857481360435,0,0
R03_rsbfilm_env_avgPcycDelta,2,point_cluster_test_0005,0.0,0.041367411613464355,0.00025233731139451265,0.00141218863427639,0,0
R03_rsbfilm_env_avgPcycDelta,2,point_cluster_test_0006,0.0,0.16617393493652344,0.00018376809020992368,0.0019396122079342604,0,0
R03_rsbfilm_env_avgPcycDelta,2,point_cluster_test_0007,0.0,0.028113901615142822,0.00024131161626428366,0.0014147781766951084,0,0
R03_rsbfilm_env_avgPcycDelta,2,point_cluster_test_0008,0.0,0.03843638300895691,0.00022027082741260529,0.001470348215661943,0,0
R03_rsbfilm_env_avgPcycDelta,2,point_cluster_test_0009,0.0,0.019360721111297607,0.00013091188156977296,0.0008464041748084128,0,0
R03_rsbfilm_env_avgPcycDelta,2,point_cluster_test_0010,0.0,0.020059049129486084,0.0002569340285845101,0.0012163323117420077,0,0
R03_rsbfilm_env_avgPcycDelta,2,point_cluster_test_0011,0.0,0.05243724584579468,0.00030112394597381353,0.0018541744211688638,0,0
R03_rsbfilm_env_avgPcycDelta,2,point_cluster_test_0012,0.0,0.1364459991455078,0.00027985856286250055,0.0023948156740516424,0,0
R03_rsbfilm_env_avgPcycDelta,2,point_cluster_test_0013,0.0,0.042599231004714966,0.0004412478010635823,0.002190093509852886,0,0
R03_rsbfilm_env_avgPcycDelta,2,point_cluster_test_0014,0.0,0.03921300172805786,0.00016100260836537927,0.0012025863397866488,0,0
R03_rsbfilm_env_avgPcycDelta,2,point_cluster_test_0015,0.0,0.04169195890426636,0.00021616935555357486,0.0015011463547125459,0,0
R03_rsbfilm_env_avgPcycDelta,2,point_cluster_test_0016,0.0,0.024624526500701904,0.00027815683279186487,0.0013564741238951683,0,0
R03_rsbfilm_env_avgPcycDelta,2,point_cluster_test_0017,0.0,0.05547267198562622,0.00017762236529961228,0.0013150310842320323,0,0
R03_rsbfilm_env_avgPcycDelta,2,point_cluster_test_0018,0.0,0.05746191740036011,0.00029215565882623196,0.001994931139051914,0,0
R03_rsbfilm_env_avgPcycDelta,2,point_cluster_test_0019,0.0,0.031045734882354736,0.00015882440493442118,0.0010138634825125337,0,0
R04_rsbfilm_env_productPcycDelta,0,line_test_0000,0.0,0.08845719695091248,0.000740721938200295,0.0041361236944794655,0,0
R04_rsbfilm_env_productPcycDelta,0,line_test_0001,0.0,0.0885079950094223,0.001225292100571096,0.005138387903571129,0,0
R04_rsbfilm_env_productPcycDelta,0,line_test_0002,0.0,0.08847779035568237,0.0011364072561264038,0.0053003281354904175,0,0
R04_rsbfilm_env_productPcycDelta,0,line_test_0003,0.0,0.10401350259780884,0.0014480067184194922,0.007023677229881287,0,0
R04_rsbfilm_env_productPcycDelta,0,line_test_0004,0.0,0.08847181499004364,0.000606159504968673,0.0037159195635467768,0,0
R04_rsbfilm_env_productPcycDelta,0,line_test_0005,0.0,0.08849804103374481,0.0007751192315481603,0.004079052712768316,0,0
R04_rsbfilm_env_productPcycDelta,0,line_test_0006,0.0,0.13138628005981445,0.001142233144491911,0.006135739851742983,0,0
R04_rsbfilm_env_productPcycDelta,0,line_test_0007,0.0,0.0885002613067627,0.0008334937156178057,0.004092932678759098,0,0
R04_rsbfilm_env_productPcycDelta,0,line_test_0008,0.0,0.0884983092546463,0.0009037262643687427,0.004177491180598736,0,0
R04_rsbfilm_env_productPcycDelta,0,line_test_0009,0.0,0.08849208056926727,0.000878512451890856,0.004439086653292179,0,0
R04_rsbfilm_env_productPcycDelta,0,line_test_0010,0.0,0.0884803831577301,0.0008268897072412074,0.004408134613186121,0,0
R04_rsbfilm_env_productPcycDelta,0,line_test_0011,0.0,0.19544124603271484,0.0008304656366817653,0.004648423288017511,0,0
R04_rsbfilm_env_productPcycDelta,0,line_test_0012,0.0,0.10015881061553955,0.0010124295949935913,0.005115588195621967,0,0
R04_rsbfilm_env_productPcycDelta,0,line_test_0013,0.0,0.08849519491195679,0.001060249749571085,0.004752315580844879,0,0
R04_rsbfilm_env_productPcycDelta,0,line_test_0014,0.0,0.08856311440467834,0.0006082354811951518,0.0036732100415974855,0,0
R04_rsbfilm_env_productPcycDelta,0,line_test_0015,0.0,0.10488229990005493,0.0008812971645966172,0.004791027866303921,0,0
R04_rsbfilm_env_productPcycDelta,0,line_test_0016,0.0,0.08838720619678497,0.0012880611466243863,0.005668804980814457,0,0
R04_rsbfilm_env_productPcycDelta,0,line_test_0017,0.0,0.17439579963684082,0.0007200311520136893,0.0044578262604773045,0,0
R04_rsbfilm_env_productPcycDelta,0,line_test_0018,0.0,0.08848321437835693,0.0009439432178623974,0.00464528426527977,0,0
R04_rsbfilm_env_productPcycDelta,0,line_test_0019,0.0,0.0883360356092453,0.0007575508789159358,0.003995821345597506,0,0
R04_rsbfilm_env_productPcycDelta,0,cross_test_0000,0.0,0.08844894170761108,0.0011549768969416618,0.005216714460402727,0,0
R04_rsbfilm_env_productPcycDelta,0,cross_test_0001,0.0,0.0884980708360672,0.000906502129510045,0.004297320265322924,0,0
R04_rsbfilm_env_productPcycDelta,0,cross_test_0002,0.0,0.08856700360774994,0.0008756167953833938,0.004549860022962093,0,0
R04_rsbfilm_env_productPcycDelta,0,cross_test_0003,0.0,0.11756730079650879,0.001297944807447493,0.005971552338451147,0,0
R04_rsbfilm_env_productPcycDelta,0,cross_test_0004,0.0,0.1135602593421936,0.0012837403919547796,0.006116637960076332,0,0
R04_rsbfilm_env_productPcycDelta,0,cross_test_0005,0.0,0.08847756683826447,0.0012775665381923318,0.005173125304281712,0,0
R04_rsbfilm_env_productPcycDelta,0,cross_test_0006,0.0,0.08849726617336273,0.000666957872454077,0.0037567690014839172,0,0
R04_rsbfilm_env_productPcycDelta,0,cross_test_0007,0.0,0.0885639637708664,0.0007954613538458943,0.004280812107026577,0,0
R04_rsbfilm_env_productPcycDelta,0,cross_test_0008,0.0,0.10850751399993896,0.0014276355504989624,0.006440107710659504,0,0
R04_rsbfilm_env_productPcycDelta,0,cross_test_0009,0.0,0.08848841488361359,0.0008619995205663145,0.004491713363677263,0,0
R04_rsbfilm_env_productPcycDelta,0,cross_test_0010,0.0,0.09274250268936157,0.0010649979813024402,0.0049824947491288185,0,0
R04_rsbfilm_env_productPcycDelta,0,cross_test_0011,0.0,0.12726956605911255,0.0019481682684272528,0.00853600911796093,0,0
R04_rsbfilm_env_productPcycDelta,0,cross_test_0012,0.0,0.08856390416622162,0.0009645988466218114,0.004755997098982334,0,0
R04_rsbfilm_env_productPcycDelta,0,cross_test_0013,0.0,0.09952127933502197,0.0011941631091758609,0.005177286919206381,0,0
R04_rsbfilm_env_productPcycDelta,0,cross_test_0014,0.0,0.08850157260894775,0.0008692923001945019,0.004280432127416134,0,0
R04_rsbfilm_env_productPcycDelta,0,L_shape_test_0000,0.0,0.09567826986312866,0.0016247843159362674,0.0064729731529951096,0,0
R04_rsbfilm_env_productPcycDelta,0,L_shape_test_0001,0.0,0.08838827908039093,0.0007849005050957203,0.003979839384555817,0,0
R04_rsbfilm_env_productPcycDelta,0,L_shape_test_0002,0.0,0.10898569226264954,0.0015633420553058386,0.006409845314919949,0,0
R04_rsbfilm_env_productPcycDelta,0,L_shape_test_0003,0.0,0.10460549592971802,0.00109659053850919,0.004820357542484999,0,0
R04_rsbfilm_env_productPcycDelta,0,L_shape_test_0004,0.0,0.08839043974876404,0.0012212152360007167,0.004522500094026327,0,0
R04_rsbfilm_env_productPcycDelta,0,L_shape_test_0005,0.0,0.09615463018417358,0.0011325014056637883,0.004954058211296797,0,0
R04_rsbfilm_env_productPcycDelta,0,L_shape_test_0006,0.0,0.08850564062595367,0.0007444765651598573,0.003967419732362032,0,0
R04_rsbfilm_env_productPcycDelta,0,L_shape_test_0007,0.0,0.0884922444820404,0.0012391124619171023,0.005236055236309767,0,0
R04_rsbfilm_env_productPcycDelta,0,L_shape_test_0008,0.0,0.08850729465484619,0.0009074471890926361,0.004184191580861807,0,0
R04_rsbfilm_env_productPcycDelta,0,L_shape_test_0009,0.0,0.09335270524024963,0.0012808588799089193,0.0049694254994392395,0,0
R04_rsbfilm_env_productPcycDelta,0,L_shape_test_0010,0.0,0.08846265077590942,0.0009566654916852713,0.004567314404994249,0,0
R04_rsbfilm_env_productPcycDelta,0,L_shape_test_0011,0.0,0.0885583907365799,0.0006687321001663804,0.0037687886506319046,0,0
R04_rsbfilm_env_productPcycDelta,0,L_shape_test_0012,0.0,0.0884641706943512,0.0009726756834425032,0.004438619129359722,0,0
R04_rsbfilm_env_productPcycDelta,0,L_shape_test_0013,0.0,0.08846987783908844,0.001030321349389851,0.0043747941963374615,0,0
R04_rsbfilm_env_productPcycDelta,0,L_shape_test_0014,0.0,0.08850681781768799,0.0008610361255705357,0.0041910395957529545,0,0
R04_rsbfilm_env_productPcycDelta,0,L_shape_test_0015,0.0,0.08847221732139587,0.001082987291738391,0.004598674364387989,0,0
R04_rsbfilm_env_productPcycDelta,0,L_shape_test_0016,0.0,0.08847291767597198,0.0010040689958259463,0.004392749164253473,0,0
R04_rsbfilm_env_productPcycDelta,0,L_shape_test_0017,0.0,0.0882716029882431,0.0012752303155139089,0.005151377525180578,0,0
R04_rsbfilm_env_productPcycDelta,0,L_shape_test_0018,0.0,0.0885164737701416,0.0009313918417319655,0.004163811448961496,0,0
R04_rsbfilm_env_productPcycDelta,0,L_shape_test_0019,0.0,0.10867485404014587,0.001022463315166533,0.0048765940591692924,0,0
R04_rsbfilm_env_productPcycDelta,0,double_line_test_0000,0.0,0.11493939161300659,0.0007871042471379042,0.004280588589608669,0,0
R04_rsbfilm_env_productPcycDelta,0,double_line_test_0001,0.0,0.12573570013046265,0.0016584674594923854,0.007271771784871817,0,0
R04_rsbfilm_env_productPcycDelta,0,double_line_test_0002,0.0,0.09345436096191406,0.0006549414829351008,0.004071297124028206,0,0
R04_rsbfilm_env_productPcycDelta,0,double_line_test_0003,0.0,0.08836668729782104,0.0008303078939206898,0.0038730823434889317,0,0
R04_rsbfilm_env_productPcycDelta,0,double_line_test_0004,0.0,0.08847776055335999,0.0012371150078251958,0.00548976007848978,0,0
R04_rsbfilm_env_productPcycDelta,0,double_line_test_0005,0.0,0.21858298778533936,0.0007860122714191675,0.004628323018550873,0,0
R04_rsbfilm_env_productPcycDelta,0,double_line_test_0006,0.0,0.11157459020614624,0.0016828193329274654,0.006792217493057251,0,0
R04_rsbfilm_env_productPcycDelta,0,double_line_test_0007,0.0,0.08846680819988251,0.0010208642343059182,0.0044528101570904255,0,0
R04_rsbfilm_env_productPcycDelta,0,double_line_test_0008,0.0,0.11361843347549438,0.0012954548001289368,0.005177878309041262,0,0
R04_rsbfilm_env_productPcycDelta,0,double_line_test_0009,0.0,0.08847671747207642,0.0008319574990309775,0.003999482374638319,0,0
R04_rsbfilm_env_productPcycDelta,0,double_line_test_0010,0.0,0.08849623799324036,0.001063243136741221,0.0045029474422335625,0,0
R04_rsbfilm_env_productPcycDelta,0,double_line_test_0011,0.0,0.08856888115406036,0.0006865955074317753,0.003723004600033164,0,0
R04_rsbfilm_env_productPcycDelta,0,double_line_test_0012,0.0,0.08844441175460815,0.0007245808956213295,0.003868384286761284,0,0
R04_rsbfilm_env_productPcycDelta,0,double_line_test_0013,0.0,0.08848196268081665,0.0010201194090768695,0.004073664080351591,0,0
R04_rsbfilm_env_productPcycDelta,0,double_line_test_0014,0.0,0.15191173553466797,0.0016702222637832165,0.00670522078871727,0,0
R04_rsbfilm_env_productPcycDelta,0,small_rect_edge_test_0000,0.0,0.1169632077217102,0.000771944469306618,0.004374722018837929,0,0
R04_rsbfilm_env_productPcycDelta,0,small_rect_edge_test_0001,0.0,0.08849258720874786,0.0008563553565181792,0.004286657087504864,0,0
R04_rsbfilm_env_productPcycDelta,0,small_rect_edge_test_0002,0.0,0.13546377420425415,0.0008075007353909314,0.004322871565818787,0,0
R04_rsbfilm_env_productPcycDelta,0,small_rect_edge_test_0003,0.0,0.08836349844932556,0.0009838099358603358,0.004405289422720671,0,0
R04_rsbfilm_env_productPcycDelta,0,small_rect_edge_test_0004,0.0,0.14658242464065552,0.0016455156728625298,0.0075307078659534454,0,0
R04_rsbfilm_env_productPcycDelta,0,small_rect_edge_test_0005,0.0,0.11740171909332275,0.0010877917520701885,0.005273151211440563,0,0
R04_rsbfilm_env_productPcycDelta,0,small_rect_edge_test_0006,0.0,0.08849258720874786,0.0008927733870223165,0.004190290812402964,0,0
R04_rsbfilm_env_productPcycDelta,0,small_rect_edge_test_0007,0.0,0.13449925184249878,0.0007189280586317182,0.004515808541327715,0,0
R04_rsbfilm_env_productPcycDelta,0,small_rect_edge_test_0008,0.0,0.19737601280212402,0.0016341977752745152,0.0073341745883226395,0,0
R04_rsbfilm_env_productPcycDelta,0,small_rect_edge_test_0009,0.0,0.08857293426990509,0.0008505276055075228,0.004169811028987169,0,0
R04_rsbfilm_env_productPcycDelta,0,point_cluster_test_0000,0.0,0.08849479258060455,0.0009278991492465138,0.004354473669081926,0,0
R04_rsbfilm_env_productPcycDelta,0,point_cluster_test_0001,0.0,0.1276753544807434,0.001176396501250565,0.0055998386815190315,0,0
R04_rsbfilm_env_productPcycDelta,0,point_cluster_test_0002,0.0,0.08850650489330292,0.001001058961264789,0.004901418928056955,0,0
R04_rsbfilm_env_productPcycDelta,0,point_cluster_test_0003,0.0,0.10279840230941772,0.0009361731936223805,0.004805610049515963,0,0
R04_rsbfilm_env_productPcycDelta,0,point_cluster_test_0004,0.0,0.08850175142288208,0.001284104771912098,0.0057730479165911674,0,0
R04_rsbfilm_env_productPcycDelta,0,point_cluster_test_0005,0.0,0.09536081552505493,0.0012063890462741256,0.005428689531981945,0,0
R04_rsbfilm_env_productPcycDelta,0,point_cluster_test_0006,0.0,0.21881896257400513,0.0009355233050882816,0.00500280549749732,0,0
R04_rsbfilm_env_productPcycDelta,0,point_cluster_test_0007,0.0,0.09741353988647461,0.001061289687640965,0.005065395496785641,0,0
R04_rsbfilm_env_productPcycDelta,0,point_cluster_test_0008,0.0,0.0947996973991394,0.0010942606022581458,0.005297508090734482,0,0
R04_rsbfilm_env_productPcycDelta,0,point_cluster_test_0009,0.0,0.08850236237049103,0.0007689635385759175,0.004120589233934879,0,0
R04_rsbfilm_env_productPcycDelta,0,point_cluster_test_0010,0.0,0.08847883343696594,0.0011944972211495042,0.0050048851408064365,0,0
R04_rsbfilm_env_productPcycDelta,0,point_cluster_test_0011,0.0,0.13553112745285034,0.0014041594695299864,0.006972870789468288,0,0
R04_rsbfilm_env_productPcycDelta,0,point_cluster_test_0012,0.0,0.18222260475158691,0.0012177287135273218,0.00620361790060997,0,0
R04_rsbfilm_env_productPcycDelta,0,point_cluster_test_0013,0.0,0.11564844846725464,0.0017428530845791101,0.0072275372222065926,0,0
R04_rsbfilm_env_productPcycDelta,0,point_cluster_test_0014,0.0,0.10789996385574341,0.0009085021447390318,0.004964187275618315,0,0
R04_rsbfilm_env_productPcycDelta,0,point_cluster_test_0015,0.0,0.125862717628479,0.0011204509064555168,0.006171314977109432,0,0
R04_rsbfilm_env_productPcycDelta,0,point_cluster_test_0016,0.0,0.08851410448551178,0.0011247656075283885,0.0048847682774066925,0,0
R04_rsbfilm_env_productPcycDelta,0,point_cluster_test_0017,0.0,0.1281941533088684,0.0009452449739910662,0.005048137158155441,0,0
R04_rsbfilm_env_productPcycDelta,0,point_cluster_test_0018,0.0,0.14778566360473633,0.001183630432933569,0.0060357507318258286,0,0
R04_rsbfilm_env_productPcycDelta,0,point_cluster_test_0019,0.0,0.08844415843486786,0.0007504222448915243,0.003976801410317421,0,0
R04_rsbfilm_env_productPcycDelta,1,line_test_0000,0.0,0.02691444754600525,0.0001852179557317868,0.001056269626133144,0,0
R04_rsbfilm_env_productPcycDelta,1,line_test_0001,0.0,0.06337779760360718,0.00040424769395031035,0.0019205582793802023,0,0
R04_rsbfilm_env_productPcycDelta,1,line_test_0002,0.0,0.026157230138778687,0.0003487852809485048,0.0018994304118677974,0,0
R04_rsbfilm_env_productPcycDelta,1,line_test_0003,0.0,0.07329189777374268,0.0003895433328580111,0.002707152161747217,0,0
R04_rsbfilm_env_productPcycDelta,1,line_test_0004,0.0,0.011327818036079407,0.00016394387057516724,0.0007562016253359616,0,0
R04_rsbfilm_env_productPcycDelta,1,line_test_0005,0.0,0.014237284660339355,0.000183849100722,0.0009363121935166419,0,0
R04_rsbfilm_env_productPcycDelta,1,line_test_0006,0.0,0.12733635306358337,0.0002524974406696856,0.0025076952297240496,0,0
R04_rsbfilm_env_productPcycDelta,1,line_test_0007,0.0,0.0316777229309082,0.00029477704083546996,0.0013870038092136383,0,0
R04_rsbfilm_env_productPcycDelta,1,line_test_0008,0.0,0.01666364073753357,0.00028910249238833785,0.001255374401807785,0,0
R04_rsbfilm_env_productPcycDelta,1,line_test_0009,0.0,0.09834674000740051,0.0002461980329826474,0.0015200478956103325,0,0
R04_rsbfilm_env_productPcycDelta,1,line_test_0010,0.0,0.056896939873695374,0.00018845645536202937,0.0012972216354683042,0,0
R04_rsbfilm_env_productPcycDelta,1,line_test_0011,0.0,0.21610260009765625,0.00028525490779429674,0.002686909632757306,0,0
R04_rsbfilm_env_productPcycDelta,1,line_test_0012,0.0,0.05860230326652527,0.0002557226689532399,0.0016191167524084449,0,0
R04_rsbfilm_env_productPcycDelta,1,line_test_0013,0.0,0.02149021625518799,0.00029524954152293503,0.0014733468415215611,0,0
R04_rsbfilm_env_productPcycDelta,1,line_test_0014,0.0,0.02493417263031006,0.00015756249194964767,0.0008019095985218883,0,0
R04_rsbfilm_env_productPcycDelta,1,line_test_0015,0.0,0.09094282984733582,0.00021773080516140908,0.0015669821295887232,0,0
R04_rsbfilm_env_productPcycDelta,1,line_test_0016,0.0,0.024544015526771545,0.0003459846193436533,0.0016782438615337014,0,0
R04_rsbfilm_env_productPcycDelta,1,line_test_0017,0.0,0.46702051162719727,0.00029822433134540915,0.006372217554599047,0,0
R04_rsbfilm_env_productPcycDelta,1,line_test_0018,0.0,0.033168867230415344,0.00025269491015933454,0.0015184063231572509,0,0
R04_rsbfilm_env_productPcycDelta,1,line_test_0019,0.0,0.01999610662460327,0.00026842067018151283,0.0012630862183868885,0,0
R04_rsbfilm_env_productPcycDelta,1,cross_test_0000,0.0,0.06238958239555359,0.00039531372021883726,0.002215897897258401,0,0
R04_rsbfilm_env_productPcycDelta,1,cross_test_0001,0.0,0.017073333263397217,0.00034100949415005744,0.001357555971480906,0,0
R04_rsbfilm_env_productPcycDelta,1,cross_test_0002,0.0,0.1144806444644928,0.0002744901576079428,0.0018682983936741948,0,0
R04_rsbfilm_env_productPcycDelta,1,cross_test_0003,0.0,0.058471858501434326,0.0003865982871502638,0.00203152559697628,0,0
R04_rsbfilm_env_productPcycDelta,1,cross_test_0004,0.0,0.024641454219818115,0.00032199977431446314,0.0016961992951110005,0,0
R04_rsbfilm_env_productPcycDelta,1,cross_test_0005,0.0,0.024491876363754272,0.00042822735849767923,0.001908630016259849,0,0
R04_rsbfilm_env_productPcycDelta,1,cross_test_0006,0.0,0.01874631643295288,0.0001713421370368451,0.0009030731162056327,0,0
R04_rsbfilm_env_productPcycDelta,1,cross_test_0007,0.0,0.02621348202228546,0.00017355078307446092,0.0010381756583228707,0,0
R04_rsbfilm_env_productPcycDelta,1,cross_test_0008,0.0,0.08630642294883728,0.0005136984400451183,0.003043290926143527,0,0
R04_rsbfilm_env_productPcycDelta,1,cross_test_0009,0.0,0.029741525650024414,0.00021471055515576154,0.0013421291951090097,0,0
R04_rsbfilm_env_productPcycDelta,1,cross_test_0010,0.0,0.032029420137405396,0.0002858127700164914,0.0015583244385197759,0,0
R04_rsbfilm_env_productPcycDelta,1,cross_test_0011,0.0,0.08566492795944214,0.0006058972212485969,0.003274536458775401,0,0
R04_rsbfilm_env_productPcycDelta,1,cross_test_0012,0.0,0.0299685001373291,0.000272722594672814,0.0015813400968909264,0,0
R04_rsbfilm_env_productPcycDelta,1,cross_test_0013,0.0,0.13789695501327515,0.0004238251713104546,0.00265947706066072,0,0
R04_rsbfilm_env_productPcycDelta,1,cross_test_0014,0.0,0.028567060828208923,0.00023840050562284887,0.0012416599784046412,0,0
R04_rsbfilm_env_productPcycDelta,1,L_shape_test_0000,0.0,0.08233821392059326,0.0005617212154902518,0.002778950845822692,0,0
R04_rsbfilm_env_productPcycDelta,1,L_shape_test_0001,0.0,0.016768619418144226,0.0002666299697011709,0.001244792016223073,0,0
R04_rsbfilm_env_productPcycDelta,1,L_shape_test_0002,0.0,0.050133734941482544,0.0004952517920173705,0.0024902503937482834,0,0
R04_rsbfilm_env_productPcycDelta,1,L_shape_test_0003,0.0,0.06761711835861206,0.00035065639531239867,0.001765652559697628,0,0
R04_rsbfilm_env_productPcycDelta,1,L_shape_test_0004,0.0,0.01996573805809021,0.0004542316892184317,0.0017192260129377246,0,0
R04_rsbfilm_env_productPcycDelta,1,L_shape_test_0005,0.0,0.14311283826828003,0.0003625820972956717,0.0021829712204635143,0,0
R04_rsbfilm_env_productPcycDelta,1,L_shape_test_0006,0.0,0.015099287033081055,0.00021773403568658978,0.000985179329290986,0,0
R04_rsbfilm_env_productPcycDelta,1,L_shape_test_0007,0.0,0.026210416108369827,0.0003973493294324726,0.001701766042970121,0,0
R04_rsbfilm_env_productPcycDelta,1,L_shape_test_0008,0.0,0.028914839029312134,0.0002654219570104033,0.001180280465632677,0,0
R04_rsbfilm_env_productPcycDelta,1,L_shape_test_0009,0.0,0.02651798725128174,0.0005252010305412114,0.002133604371920228,0,0
R04_rsbfilm_env_productPcycDelta,1,L_shape_test_0010,0.0,0.02729671448469162,0.0003113630518782884,0.0014565709279850125,0,0
R04_rsbfilm_env_productPcycDelta,1,L_shape_test_0011,0.0,0.015452206134796143,0.00019240549590904266,0.00082376942737028,0,0
R04_rsbfilm_env_productPcycDelta,1,L_shape_test_0012,0.0,0.03456991910934448,0.0003334197390358895,0.0015263148816302419,0,0
R04_rsbfilm_env_productPcycDelta,1,L_shape_test_0013,0.0,0.02536502480506897,0.0003634596068877727,0.0015261927619576454,0,0
R04_rsbfilm_env_productPcycDelta,1,L_shape_test_0014,0.0,0.016772016882896423,0.00021392850612755865,0.0010919750202447176,0,0
R04_rsbfilm_env_productPcycDelta,1,L_shape_test_0015,0.0,0.033915385603904724,0.0004311205993872136,0.0016985557740554214,0,0
R04_rsbfilm_env_productPcycDelta,1,L_shape_test_0016,0.0,0.06706666946411133,0.00034641812089830637,0.0016120998188853264,0,0
R04_rsbfilm_env_productPcycDelta,1,L_shape_test_0017,0.0,0.025920748710632324,0.000450277904747054,0.0019208691082894802,0,0
R04_rsbfilm_env_productPcycDelta,1,L_shape_test_0018,0.0,0.01840353012084961,0.00032411166466772556,0.001314293360337615,0,0
R04_rsbfilm_env_productPcycDelta,1,L_shape_test_0019,0.0,0.061494335532188416,0.0002720908378250897,0.0015786417061462998,0,0
R04_rsbfilm_env_productPcycDelta,1,double_line_test_0000,0.0,0.18457216024398804,0.0002528260229155421,0.0021559405140578747,0,0
R04_rsbfilm_env_productPcycDelta,1,double_line_test_0001,0.0,0.22988361120224,0.0006741933757439256,0.0044434694573283195,0,0
R04_rsbfilm_env_productPcycDelta,1,double_line_test_0002,0.0,0.1503615379333496,0.00024281826335936785,0.002209205413237214,0,0
R04_rsbfilm_env_productPcycDelta,1,double_line_test_0003,0.0,0.015782952308654785,0.000500506313983351,0.001606976380571723,0,0
R04_rsbfilm_env_productPcycDelta,1,double_line_test_0004,0.0,0.036122411489486694,0.0004273753729648888,0.002079427009448409,0,0
R04_rsbfilm_env_productPcycDelta,1,double_line_test_0005,0.0,0.40152835845947266,0.00034612786839716136,0.004260848741978407,0,0
R04_rsbfilm_env_productPcycDelta,1,double_line_test_0006,0.0,0.09975117444992065,0.0006573204300366342,0.0031265050638467073,0,0
R04_rsbfilm_env_productPcycDelta,1,double_line_test_0007,0.0,0.034236446022987366,0.00037381009315140545,0.0017191669903695583,0,0
R04_rsbfilm_env_productPcycDelta,1,double_line_test_0008,0.0,0.07806670665740967,0.0003985143848694861,0.002098091645166278,0,0
R04_rsbfilm_env_productPcycDelta,1,double_line_test_0009,0.0,0.020859062671661377,0.00029354888829402626,0.0012648670235648751,0,0
R04_rsbfilm_env_productPcycDelta,1,double_line_test_0010,0.0,0.03447140008211136,0.00035669744829647243,0.001422959379851818,0,0
R04_rsbfilm_env_productPcycDelta,1,double_line_test_0011,0.0,0.010951295495033264,0.0002863701665773988,0.0009909063810482621,0,0
R04_rsbfilm_env_productPcycDelta,1,double_line_test_0012,0.0,0.017534732818603516,0.0002220088499598205,0.0010849275859072804,0,0
R04_rsbfilm_env_productPcycDelta,1,double_line_test_0013,0.0,0.02289542555809021,0.0005003087571822107,0.0016338482964783907,0,0
R04_rsbfilm_env_productPcycDelta,1,double_line_test_0014,0.0,0.22240963578224182,0.0005809383001178503,0.003384287003427744,0,0
R04_rsbfilm_env_productPcycDelta,1,small_rect_edge_test_0000,0.0,0.2804286479949951,0.00021991475659888238,0.003016821574419737,0,0
R04_rsbfilm_env_productPcycDelta,1,small_rect_edge_test_0001,0.0,0.05432739853858948,0.00028369762003421783,0.0016197062795981765,0,0
R04_rsbfilm_env_productPcycDelta,1,small_rect_edge_test_0002,0.0,0.3862237334251404,0.00038870624848641455,0.004748358391225338,0,0
R04_rsbfilm_env_productPcycDelta,1,small_rect_edge_test_0003,0.0,0.022642672061920166,0.0003520796599332243,0.0015482567250728607,0,0
R04_rsbfilm_env_productPcycDelta,1,small_rect_edge_test_0004,0.0,0.06888356804847717,0.0005785831017419696,0.0034802760928869247,0,0
R04_rsbfilm_env_productPcycDelta,1,small_rect_edge_test_0005,0.0,0.07944929599761963,0.00039309318526647985,0.0022482266649603844,0,0
R04_rsbfilm_env_productPcycDelta,1,small_rect_edge_test_0006,0.0,0.03144173324108124,0.00029228863422758877,0.001363394781947136,0,0
R04_rsbfilm_env_productPcycDelta,1,small_rect_edge_test_0007,0.0,0.061943113803863525,0.00026247024652548134,0.0011241022730246186,0,0
R04_rsbfilm_env_productPcycDelta,1,small_rect_edge_test_0008,0.0,0.0835912823677063,0.0005734909791499376,0.003369987476617098,0,0
R04_rsbfilm_env_productPcycDelta,1,small_rect_edge_test_0009,0.0,0.05997753143310547,0.0002736853784881532,0.0013573858886957169,0,0
R04_rsbfilm_env_productPcycDelta,1,point_cluster_test_0000,0.0,0.04141420125961304,0.0002759900235105306,0.0014299222966656089,0,0
R04_rsbfilm_env_productPcycDelta,1,point_cluster_test_0001,0.0,0.06248599290847778,0.0004656990640796721,0.0026591382920742035,0,0
R04_rsbfilm_env_productPcycDelta,1,point_cluster_test_0002,0.0,0.20362788438796997,0.0002841097011696547,0.002769150072708726,0,0
R04_rsbfilm_env_productPcycDelta,1,point_cluster_test_0003,0.0,0.04557770490646362,0.00021737745555583388,0.0013834914425387979,0,0
R04_rsbfilm_env_productPcycDelta,1,point_cluster_test_0004,0.0,0.04936160147190094,0.0004539898072835058,0.002507532713934779,0,0
R04_rsbfilm_env_productPcycDelta,1,point_cluster_test_0005,0.0,0.12671834230422974,0.00035028415732085705,0.0022004505153745413,0,0
R04_rsbfilm_env_productPcycDelta,1,point_cluster_test_0006,0.0,0.18869096040725708,0.00022564566461369395,0.002029354451224208,0,0
R04_rsbfilm_env_productPcycDelta,1,point_cluster_test_0007,0.0,0.06176450848579407,0.0002648952940944582,0.0016773032257333398,0,0
R04_rsbfilm_env_productPcycDelta,1,point_cluster_test_0008,0.0,0.052588045597076416,0.0002679796307347715,0.0017045988934114575,0,0
R04_rsbfilm_env_productPcycDelta,1,point_cluster_test_0009,0.0,0.036222100257873535,0.00018665837706066668,0.0011120084673166275,0,0
R04_rsbfilm_env_productPcycDelta,1,point_cluster_test_0010,0.0,0.023416876792907715,0.0003631370491348207,0.0015670701395720243,0,0
R04_rsbfilm_env_productPcycDelta,1,point_cluster_test_0011,0.0,0.08457860350608826,0.0003170768322888762,0.0020601777359843254,0,0
R04_rsbfilm_env_productPcycDelta,1,point_cluster_test_0012,0.0,0.0703965425491333,0.0003006787446793169,0.0019197067013010383,0,0
R04_rsbfilm_env_productPcycDelta,1,point_cluster_test_0013,0.0,0.07252466678619385,0.0006570287514477968,0.003371568163856864,0,0
R04_rsbfilm_env_productPcycDelta,1,point_cluster_test_0014,0.0,0.04058271646499634,0.00021980066958349198,0.0015540452441200614,0,0
R04_rsbfilm_env_productPcycDelta,1,point_cluster_test_0015,0.0,0.07218456268310547,0.0003029715735465288,0.002249297685921192,0,0
R04_rsbfilm_env_productPcycDelta,1,point_cluster_test_0016,0.0,0.02939319610595703,0.00038508346187882125,0.0016831548418849707,0,0
R04_rsbfilm_env_productPcycDelta,1,point_cluster_test_0017,0.0,0.263968288898468,0.0002466660225763917,0.0029941676184535027,0,0
R04_rsbfilm_env_productPcycDelta,1,point_cluster_test_0018,0.0,0.19078278541564941,0.0003052637039218098,0.0026102126576006413,0,0
R04_rsbfilm_env_productPcycDelta,1,point_cluster_test_0019,0.0,0.041812896728515625,0.00019804664771072567,0.001122086658142507,0,0
R04_rsbfilm_env_productPcycDelta,2,line_test_0000,0.0,0.01653469167649746,0.00023340860207099468,0.0007399824098683894,0,0
R04_rsbfilm_env_productPcycDelta,2,line_test_0001,0.0,0.019369781017303467,0.00028981457580812275,0.0008304866496473551,0,0
R04_rsbfilm_env_productPcycDelta,2,line_test_0002,0.0,0.03661787509918213,0.0002936659730039537,0.001102030393667519,0,0
R04_rsbfilm_env_productPcycDelta,2,line_test_0003,0.0,0.07423919439315796,0.00036407666630111635,0.001696650288067758,0,0
R04_rsbfilm_env_productPcycDelta,2,line_test_0004,0.0,0.022343933582305908,0.00019078639161307365,0.00045507538015954196,0,0
R04_rsbfilm_env_productPcycDelta,2,line_test_0005,0.0,0.009601056575775146,0.00019749326747842133,0.00041620025876909494,0,0
R04_rsbfilm_env_productPcycDelta,2,line_test_0006,0.0,0.06178170442581177,0.00033186780638061464,0.0017102473648265004,0,0
R04_rsbfilm_env_productPcycDelta,2,line_test_0007,0.0,0.012173056602478027,0.00025844256742857397,0.000743335927836597,0,0
R04_rsbfilm_env_productPcycDelta,2,line_test_0008,0.0,0.010823577642440796,0.00022654498752672225,0.0005606191698461771,0,0
R04_rsbfilm_env_productPcycDelta,2,line_test_0009,0.0,0.024210363626480103,0.00023739589960314333,0.0008204159676097333,0,0
R04_rsbfilm_env_productPcycDelta,2,line_test_0010,0.0,0.01737906038761139,0.00021117560390848666,0.0005934212822467089,0,0
R04_rsbfilm_env_productPcycDelta,2,line_test_0011,0.0,0.09555214643478394,0.0002500514092389494,0.0013283255975693464,0,0
R04_rsbfilm_env_productPcycDelta,2,line_test_0012,0.0,0.044404536485672,0.00028770300559699535,0.001365410746075213,0,0
R04_rsbfilm_env_productPcycDelta,2,line_test_0013,0.0,0.04385364055633545,0.00027685140958055854,0.001057037035934627,0,0
R04_rsbfilm_env_productPcycDelta,2,line_test_0014,0.0,0.011565491557121277,0.00017955427756533027,0.00039610668318346143,0,0
R04_rsbfilm_env_productPcycDelta,2,line_test_0015,0.0,0.02463972568511963,0.0002209260273957625,0.0007282418664544821,0,0
R04_rsbfilm_env_productPcycDelta,2,line_test_0016,0.0,0.02621316909790039,0.0003019038704223931,0.0010764579055830836,0,0
R04_rsbfilm_env_productPcycDelta,2,line_test_0017,0.0,0.12938284873962402,0.00024826728622429073,0.0018820666009560227,0,0
R04_rsbfilm_env_productPcycDelta,2,line_test_0018,0.0,0.025583714246749878,0.0002259664615849033,0.0006734870839864016,0,0
R04_rsbfilm_env_productPcycDelta,2,line_test_0019,0.0,0.013309657573699951,0.0002057972742477432,0.0004860270710196346,0,0
R04_rsbfilm_env_productPcycDelta,2,cross_test_0000,0.0,0.020325303077697754,0.00027302143280394375,0.0009187202085740864,0,0
R04_rsbfilm_env_productPcycDelta,2,cross_test_0001,0.0,0.01215801015496254,0.0002368563727941364,0.0006439232965931296,0,0
R04_rsbfilm_env_productPcycDelta,2,cross_test_0002,0.0,0.0558551549911499,0.0002573435485828668,0.0010419163154438138,0,0
R04_rsbfilm_env_productPcycDelta,2,cross_test_0003,0.0,0.03602910041809082,0.00035801887861452997,0.0013193016638979316,0,0
R04_rsbfilm_env_productPcycDelta,2,cross_test_0004,0.0,0.024627685546875,0.00033878107205964625,0.001309779821895063,0,0
R04_rsbfilm_env_productPcycDelta,2,cross_test_0005,0.0,0.01635277271270752,0.0002964806917589158,0.0009082761825993657,0,0
R04_rsbfilm_env_productPcycDelta,2,cross_test_0006,0.0,0.014754610136151314,0.00021987396758049726,0.0006283915718086064,0,0
R04_rsbfilm_env_productPcycDelta,2,cross_test_0007,0.0,0.019528567790985107,0.00023721272009424865,0.0008018671069294214,0,0
R04_rsbfilm_env_productPcycDelta,2,cross_test_0008,0.0,0.030900627374649048,0.000360309291863814,0.0014491803012788296,0,0
R04_rsbfilm_env_productPcycDelta,2,cross_test_0009,0.0,0.02858757972717285,0.0002179229340981692,0.0007085902034305036,0,0
R04_rsbfilm_env_productPcycDelta,2,cross_test_0010,0.0,0.04132238030433655,0.0002609162183944136,0.0009127355879172683,0,0
R04_rsbfilm_env_productPcycDelta,2,cross_test_0011,0.0,0.057559430599212646,0.0004276498802937567,0.0017563384026288986,0,0
R04_rsbfilm_env_productPcycDelta,2,cross_test_0012,0.0,0.021309636533260345,0.0002941572747658938,0.00105202361010015,0,0
R04_rsbfilm_env_productPcycDelta,2,cross_test_0013,0.0,0.07537323236465454,0.0003382162540219724,0.0014244827907532454,0,0
R04_rsbfilm_env_productPcycDelta,2,cross_test_0014,0.0,0.014657169580459595,0.00020686857169494033,0.0004911765572614968,0,0
R04_rsbfilm_env_productPcycDelta,2,L_shape_test_0000,0.0,0.07483601570129395,0.0004551119636744261,0.001934192725457251,0,0
R04_rsbfilm_env_productPcycDelta,2,L_shape_test_0001,0.0,0.008897364139556885,0.00020122472778894007,0.0004346306959632784,0,0
R04_rsbfilm_env_productPcycDelta,2,L_shape_test_0002,0.0,0.028351157903671265,0.0003671745944302529,0.0012973175616934896,0,0
R04_rsbfilm_env_productPcycDelta,2,L_shape_test_0003,0.0,0.04294168949127197,0.00028687765006907284,0.0009692005114629865,0,0
R04_rsbfilm_env_productPcycDelta,2,L_shape_test_0004,0.0,0.010013390332460403,0.0002660103200469166,0.0006664302782155573,0,0
R04_rsbfilm_env_productPcycDelta,2,L_shape_test_0005,0.0,0.0456196665763855,0.00027712847804650664,0.0010032615391537547,0,0
R04_rsbfilm_env_productPcycDelta,2,L_shape_test_0006,0.0,0.02832549810409546,0.00022056460147723556,0.0006963153136894107,0,0
R04_rsbfilm_env_productPcycDelta,2,L_shape_test_0007,0.0,0.0312497615814209,0.00031866837525740266,0.001061081886291504,0,0
R04_rsbfilm_env_productPcycDelta,2,L_shape_test_0008,0.0,0.042905569076538086,0.0002369992434978485,0.0008255673456005752,0,0
R04_rsbfilm_env_productPcycDelta,2,L_shape_test_0009,0.0,0.03209453821182251,0.00029207946499809623,0.0009083314798772335,0,0
R04_rsbfilm_env_productPcycDelta,2,L_shape_test_0010,0.0,0.02135598659515381,0.00029471778543666005,0.000976507319137454,0,0
R04_rsbfilm_env_productPcycDelta,2,L_shape_test_0011,0.0,0.013825558125972748,0.00018855191592592746,0.00039994303369894624,0,0
R04_rsbfilm_env_productPcycDelta,2,L_shape_test_0012,0.0,0.01705271005630493,0.000273297046078369,0.000796465203166008,0,0
R04_rsbfilm_env_productPcycDelta,2,L_shape_test_0013,0.0,0.016281098127365112,0.0003222432278562337,0.0009844511514529586,0,0
R04_rsbfilm_env_productPcycDelta,2,L_shape_test_0014,0.0,0.01080276072025299,0.00022162524692248553,0.0005934617947787046,0,0
R04_rsbfilm_env_productPcycDelta,2,L_shape_test_0015,0.0,0.0293007493019104,0.00025882833870127797,0.0007334831170737743,0,0
R04_rsbfilm_env_productPcycDelta,2,L_shape_test_0016,0.0,0.024484723806381226,0.00026455376064404845,0.0007760602748021483,0,0
R04_rsbfilm_env_productPcycDelta,2,L_shape_test_0017,0.0,0.01795273646712303,0.0002951372880488634,0.0008946749148890376,0,0
R04_rsbfilm_env_productPcycDelta,2,L_shape_test_0018,0.0,0.05717402696609497,0.00026073414483107626,0.0011213045800104737,0,0
R04_rsbfilm_env_productPcycDelta,2,L_shape_test_0019,0.0,0.027436494827270508,0.00023415643954649568,0.0007278064149431884,0,0
R04_rsbfilm_env_productPcycDelta,2,double_line_test_0000,0.0,0.07846492528915405,0.00022473202261608094,0.0011674375273287296,0,0
R04_rsbfilm_env_productPcycDelta,2,double_line_test_0001,0.0,0.053539544343948364,0.00047777497093193233,0.002319752937182784,0,0
R04_rsbfilm_env_productPcycDelta,2,double_line_test_0002,0.0,0.0700957179069519,0.0002963955339509994,0.001108730910345912,0,0
R04_rsbfilm_env_productPcycDelta,2,double_line_test_0003,0.0,0.010226748883724213,0.0002477722300682217,0.0005940689006820321,0,0
R04_rsbfilm_env_productPcycDelta,2,double_line_test_0004,0.0,0.038231730461120605,0.0003729723975993693,0.0014546300517395139,0,0
R04_rsbfilm_env_productPcycDelta,2,double_line_test_0005,0.0,0.1376328468322754,0.0003484549524728209,0.0017829732969403267,0,0
R04_rsbfilm_env_productPcycDelta,2,double_line_test_0006,0.0,0.04923930764198303,0.00043745138100348413,0.0017899423837661743,0,0
R04_rsbfilm_env_productPcycDelta,2,double_line_test_0007,0.0,0.02874988317489624,0.00025083476793952286,0.0008076905505731702,0,0
R04_rsbfilm_env_productPcycDelta,2,double_line_test_0008,0.0,0.07782673835754395,0.00034872317337431014,0.0016580584924668074,0,0
R04_rsbfilm_env_productPcycDelta,2,double_line_test_0009,0.0,0.016154706478118896,0.00022478641767520458,0.000567401759326458,0,0
R04_rsbfilm_env_productPcycDelta,2,double_line_test_0010,0.0,0.035371601581573486,0.0003437652485445142,0.001202770508825779,0,0
R04_rsbfilm_env_productPcycDelta,2,double_line_test_0011,0.0,0.012035761028528214,0.0002160738513339311,0.0005440943059511483,0,0
R04_rsbfilm_env_productPcycDelta,2,double_line_test_0012,0.0,0.008135288953781128,0.00019553082529455423,0.0004143916303291917,0,0
R04_rsbfilm_env_productPcycDelta,2,double_line_test_0013,0.0,0.01463358849287033,0.000361814396455884,0.0010502793593332171,0,0
R04_rsbfilm_env_productPcycDelta,2,double_line_test_0014,0.0,0.10662686824798584,0.0003953206760343164,0.0017145902384072542,0,0
R04_rsbfilm_env_productPcycDelta,2,small_rect_edge_test_0000,0.0,0.07989609241485596,0.00023667847563046962,0.0012879559071734548,0,0
R04_rsbfilm_env_productPcycDelta,2,small_rect_edge_test_0001,0.0,0.03940457105636597,0.00023919640807434916,0.0007931665750220418,0,0
R04_rsbfilm_env_productPcycDelta,2,small_rect_edge_test_0002,0.0,0.09236133098602295,0.00026716297725215554,0.0014031176688149571,0,0
R04_rsbfilm_env_productPcycDelta,2,small_rect_edge_test_0003,0.0,0.018637359142303467,0.00024413959181401879,0.0006755632348358631,0,0
R04_rsbfilm_env_productPcycDelta,2,small_rect_edge_test_0004,0.0,0.0671989917755127,0.0004750709922518581,0.0023559387773275375,0,0
R04_rsbfilm_env_productPcycDelta,2,small_rect_edge_test_0005,0.0,0.0799793004989624,0.0003416197723709047,0.0015740894014015794,0,0
R04_rsbfilm_env_productPcycDelta,2,small_rect_edge_test_0006,0.0,0.01783810555934906,0.00023514807980973274,0.0006481942837126553,0,0
R04_rsbfilm_env_productPcycDelta,2,small_rect_edge_test_0007,0.0,0.11228954792022705,0.00035875054891221225,0.0023358298931270838,0,0
R04_rsbfilm_env_productPcycDelta,2,small_rect_edge_test_0008,0.0,0.0891883373260498,0.0004412401467561722,0.00214062025770545,0,0
R04_rsbfilm_env_productPcycDelta,2,small_rect_edge_test_0009,0.0,0.019282758235931396,0.00022464783978648484,0.0006245672120712698,0,0
R04_rsbfilm_env_productPcycDelta,2,point_cluster_test_0000,0.0,0.04305148124694824,0.00025797425769269466,0.0009376124944537878,0,0
R04_rsbfilm_env_productPcycDelta,2,point_cluster_test_0001,0.0,0.03967028856277466,0.00035397164174355567,0.001343376119621098,0,0
R04_rsbfilm_env_productPcycDelta,2,point_cluster_test_0002,0.0,0.015137940645217896,0.0002617854333948344,0.0008504289435222745,0,0
R04_rsbfilm_env_productPcycDelta,2,point_cluster_test_0003,0.0,0.02637985348701477,0.0002318401966476813,0.0007610796019434929,0,0
R04_rsbfilm_env_productPcycDelta,2,point_cluster_test_0004,0.0,0.031001687049865723,0.0003934071573894471,0.0015933145768940449,0,0
R04_rsbfilm_env_productPcycDelta,2,point_cluster_test_0005,0.0,0.03966221213340759,0.0002835001505445689,0.0009847248438745737,0,0
R04_rsbfilm_env_productPcycDelta,2,point_cluster_test_0006,0.0,0.12000173330307007,0.0002704639337025583,0.0014711972326040268,0,0
R04_rsbfilm_env_productPcycDelta,2,point_cluster_test_0007,0.0,0.0271109938621521,0.0002849308948498219,0.001042083604261279,0,0
R04_rsbfilm_env_productPcycDelta,2,point_cluster_test_0008,0.0,0.03913399577140808,0.00033705157693475485,0.0015804923605173826,0,0
R04_rsbfilm_env_productPcycDelta,2,point_cluster_test_0009,0.0,0.014211013913154602,0.0002036471851170063,0.0005402766400948167,0,0
R04_rsbfilm_env_productPcycDelta,2,point_cluster_test_0010,0.0,0.021481705829501152,0.0003393199294805527,0.0010736201656982303,0,0
R04_rsbfilm_env_productPcycDelta,2,point_cluster_test_0011,0.0,0.045709967613220215,0.0004128971486352384,0.0020593677181750536,0,0
R04_rsbfilm_env_productPcycDelta,2,point_cluster_test_0012,0.0,0.08260530233383179,0.0003534028946887702,0.00193439656868577,0,0
R04_rsbfilm_env_productPcycDelta,2,point_cluster_test_0013,0.0,0.029211267828941345,0.00042039857362397015,0.0016653465572744608,0,0
R04_rsbfilm_env_productPcycDelta,2,point_cluster_test_0014,0.0,0.030630499124526978,0.00023004559625405818,0.0008154708775691688,0,0
R04_rsbfilm_env_productPcycDelta,2,point_cluster_test_0015,0.0,0.031039535999298096,0.00031141351792030036,0.0012960665626451373,0,0
R04_rsbfilm_env_productPcycDelta,2,point_cluster_test_0016,0.0,0.024919509887695312,0.0003157215833198279,0.0010348557261750102,0,0
R04_rsbfilm_env_productPcycDelta,2,point_cluster_test_0017,0.0,0.030949771404266357,0.0002446208382025361,0.0008562405128031969,0,0
R04_rsbfilm_env_productPcycDelta,2,point_cluster_test_0018,0.0,0.11828017234802246,0.00034656416391953826,0.0020718886516988277,0,0
R04_rsbfilm_env_productPcycDelta,2,point_cluster_test_0019,0.0,0.04069870710372925,0.00022284114675130695,0.0008465794962830842,0,0
R05_rsbfilm_env_softPcyc,0,line_test_0000,0.0,0.09338715672492981,0.0011676921276375651,0.004371764604002237,0,0
R05_rsbfilm_env_softPcyc,0,line_test_0001,0.0,0.0933850109577179,0.001979728927835822,0.005825177766382694,0,0
R05_rsbfilm_env_softPcyc,0,line_test_0002,0.0,0.09339238703250885,0.0017738924361765385,0.005982480477541685,0,0
R05_rsbfilm_env_softPcyc,0,line_test_0003,0.0,0.11757320165634155,0.002093810588121414,0.007894712500274181,0,0
R05_rsbfilm_env_softPcyc,0,line_test_0004,0.0,0.0933954268693924,0.0010463778162375093,0.003935195971280336,0,0
R05_rsbfilm_env_softPcyc,0,line_test_0005,0.0,0.09339708089828491,0.0013481727801263332,0.004467449616640806,0,0
R05_rsbfilm_env_softPcyc,0,line_test_0006,0.0,0.13602477312088013,0.0017173571977764368,0.0068184505216777325,0,0
R05_rsbfilm_env_softPcyc,0,line_test_0007,0.0,0.09338308870792389,0.0012994400458410382,0.004362083040177822,0,0
R05_rsbfilm_env_softPcyc,0,line_test_0008,0.0,0.0933956652879715,0.001564227044582367,0.004731323570013046,0,0
R05_rsbfilm_env_softPcyc,0,line_test_0009,0.0,0.09339474141597748,0.0014083284186199307,0.004844562150537968,0,0
R05_rsbfilm_env_softPcyc,0,line_test_0010,0.0,0.09339450299739838,0.001377901411615312,0.004956743214279413,0,0
R05_rsbfilm_env_softPcyc,0,line_test_0011,0.0,0.20141249895095825,0.0013528503477573395,0.004877903498709202,0,0
R05_rsbfilm_env_softPcyc,0,line_test_0012,0.0,0.108318030834198,0.001593811553902924,0.005734057631343603,0,0
R05_rsbfilm_env_softPcyc,0,line_test_0013,0.0,0.09339329600334167,0.0016009233659133315,0.005180156324058771,0,0
R05_rsbfilm_env_softPcyc,0,line_test_0014,0.0,0.0933990478515625,0.0010989017318934202,0.003914166707545519,0,0
R05_rsbfilm_env_softPcyc,0,line_test_0015,0.0,0.11911183595657349,0.0014118851395323873,0.005296152550727129,0,0
R05_rsbfilm_env_softPcyc,0,line_test_0016,0.0,0.09337730705738068,0.0018438291735947132,0.006233991589397192,0,0
R05_rsbfilm_env_softPcyc,0,line_test_0017,0.0,0.18802815675735474,0.0011684672208502889,0.004681001417338848,0,0
R05_rsbfilm_env_softPcyc,0,line_test_0018,0.0,0.09339438378810883,0.0015498423017561436,0.0052411481738090515,0,0
R05_rsbfilm_env_softPcyc,0,line_test_0019,0.0,0.09338338673114777,0.001356538850814104,0.004414265044033527,0,0
R05_rsbfilm_env_softPcyc,0,cross_test_0000,0.0,0.09339703619480133,0.0018114886479452252,0.0059069618582725525,0,0
R05_rsbfilm_env_softPcyc,0,cross_test_0001,0.0,0.0933850109577179,0.0014843839453533292,0.004685813561081886,0,0
R05_rsbfilm_env_softPcyc,0,cross_test_0002,0.0,0.09338681399822235,0.001361374044790864,0.004805576056241989,0,0
R05_rsbfilm_env_softPcyc,0,cross_test_0003,0.0,0.13053441047668457,0.0017543266294524074,0.006380239501595497,0,0
R05_rsbfilm_env_softPcyc,0,cross_test_0004,0.0,0.11706286668777466,0.0017790786223486066,0.00650788564234972,0,0
R05_rsbfilm_env_softPcyc,0,cross_test_0005,0.0,0.09417849779129028,0.002040020190179348,0.0059759425930678844,0,0
R05_rsbfilm_env_softPcyc,0,cross_test_0006,0.0,0.09339708089828491,0.0011199194705113769,0.003983125556260347,0,0
R05_rsbfilm_env_softPcyc,0,cross_test_0007,0.0,0.09340415894985199,0.0012649233685806394,0.004599667154252529,0,0
R05_rsbfilm_env_softPcyc,0,cross_test_0008,0.0,0.12410372495651245,0.002150107640773058,0.007354701869189739,0,0
R05_rsbfilm_env_softPcyc,0,cross_test_0009,0.0,0.0933973491191864,0.0013338410062715411,0.004810033831745386,0,0
R05_rsbfilm_env_softPcyc,0,cross_test_0010,0.0,0.09980463981628418,0.0017404952086508274,0.005719644017517567,0,0
R05_rsbfilm_env_softPcyc,0,cross_test_0011,0.0,0.1405811309814453,0.0026833799201995134,0.009568239562213421,0,0
R05_rsbfilm_env_softPcyc,0,cross_test_0012,0.0,0.09339341521263123,0.0013993331231176853,0.005066010169684887,0,0
R05_rsbfilm_env_softPcyc,0,cross_test_0013,0.0,0.11047470569610596,0.001887670368887484,0.0058290306478738785,0,0
R05_rsbfilm_env_softPcyc,0,cross_test_0014,0.0,0.09339474141597748,0.001452889759093523,0.004727753810584545,0,0
R05_rsbfilm_env_softPcyc,0,L_shape_test_0000,0.0,0.10859948396682739,0.0023583967704325914,0.007250708062201738,0,0
R05_rsbfilm_env_softPcyc,0,L_shape_test_0001,0.0,0.09338589012622833,0.0013873198768123984,0.004409987945109606,0,0
R05_rsbfilm_env_softPcyc,0,L_shape_test_0002,0.0,0.11413970589637756,0.0023406913969665766,0.0073271822184324265,0,0
R05_rsbfilm_env_softPcyc,0,L_shape_test_0003,0.0,0.10892391204833984,0.001708111260086298,0.005256863310933113,0,0
R05_rsbfilm_env_softPcyc,0,L_shape_test_0004,0.0,0.09337443113327026,0.001858006464317441,0.005025576800107956,0,0
R05_rsbfilm_env_softPcyc,0,L_shape_test_0005,0.0,0.10390162467956543,0.0017978399991989136,0.005535122938454151,0,0
R05_rsbfilm_env_softPcyc,0,L_shape_test_0006,0.0,0.09339070320129395,0.001257251133210957,0.00427873432636261,0,0
R05_rsbfilm_env_softPcyc,0,L_shape_test_0007,0.0,0.09661024808883667,0.001743163214996457,0.005597864277660847,0,0
R05_rsbfilm_env_softPcyc,0,L_shape_test_0008,0.0,0.0933847725391388,0.0015440190909430385,0.004718027543276548,0,0
R05_rsbfilm_env_softPcyc,0,L_shape_test_0009,0.0,0.10451605916023254,0.002143746940419078,0.005882864352315664,0,0
R05_rsbfilm_env_softPcyc,0,L_shape_test_0010,0.0,0.09337188303470612,0.0013920344645157456,0.004841785412281752,0,0
R05_rsbfilm_env_softPcyc,0,L_shape_test_0011,0.0,0.09339722990989685,0.0011943393619731069,0.0040250965394079685,0,0
R05_rsbfilm_env_softPcyc,0,L_shape_test_0012,0.0,0.09337492287158966,0.0014474120689556003,0.004712643567472696,0,0
R05_rsbfilm_env_softPcyc,0,L_shape_test_0013,0.0,0.09337015450000763,0.0014528619358316064,0.0045463950373232365,0,0
R05_rsbfilm_env_softPcyc,0,L_shape_test_0014,0.0,0.0933956652879715,0.00141229503788054,0.004623023793101311,0,0
R05_rsbfilm_env_softPcyc,0,L_shape_test_0015,0.0,0.09337484836578369,0.00173334707506001,0.0050520882941782475,0,0
R05_rsbfilm_env_softPcyc,0,L_shape_test_0016,0.0,0.09336307644844055,0.0014922164846211672,0.004667690023779869,0,0
R05_rsbfilm_env_softPcyc,0,L_shape_test_0017,0.0,0.09337134659290314,0.0018804428400471807,0.0056768013164401054,0,0
R05_rsbfilm_env_softPcyc,0,L_shape_test_0018,0.0,0.09337946772575378,0.0015880989376455545,0.0046860347501933575,0,0
R05_rsbfilm_env_softPcyc,0,L_shape_test_0019,0.0,0.11957162618637085,0.0016660121036693454,0.005542982369661331,0,0
R05_rsbfilm_env_softPcyc,0,double_line_test_0000,0.0,0.1319788694381714,0.0013253397773951292,0.004679188597947359,0,0
R05_rsbfilm_env_softPcyc,0,double_line_test_0001,0.0,0.13608837127685547,0.002260735956951976,0.007885842584073544,0,0
R05_rsbfilm_env_softPcyc,0,double_line_test_0002,0.0,0.10512620210647583,0.0010318226413801312,0.0042404052801430225,0,0
R05_rsbfilm_env_softPcyc,0,double_line_test_0003,0.0,0.09335874021053314,0.0014550818596035242,0.004204182885587215,0,0
R05_rsbfilm_env_softPcyc,0,double_line_test_0004,0.0,0.09337601065635681,0.0018469801871106029,0.006008587311953306,0,0
R05_rsbfilm_env_softPcyc,0,double_line_test_0005,0.0,0.23573428392410278,0.0012123520718887448,0.004858572036027908,0,0
R05_rsbfilm_env_softPcyc,0,double_line_test_0006,0.0,0.1297156810760498,0.0022898928727954626,0.007618975825607777,0,0
R05_rsbfilm_env_softPcyc,0,double_line_test_0007,0.0,0.09339374303817749,0.0017458138754591346,0.00508235115557909,0,0
R05_rsbfilm_env_softPcyc,0,double_line_test_0008,0.0,0.12853139638900757,0.0020479061640799046,0.005950103048235178,0,0
R05_rsbfilm_env_softPcyc,0,double_line_test_0009,0.0,0.0933760404586792,0.001503795268945396,0.004488863982260227,0,0
R05_rsbfilm_env_softPcyc,0,double_line_test_0010,0.0,0.09338000416755676,0.0015570755349472165,0.004808361642062664,0,0
R05_rsbfilm_env_softPcyc,0,double_line_test_0011,0.0,0.09337350726127625,0.001231384347192943,0.0039690034464001656,0,0
R05_rsbfilm_env_softPcyc,0,double_line_test_0012,0.0,0.09339523315429688,0.0012349971802905202,0.00418071448802948,0,0
R05_rsbfilm_env_softPcyc,0,double_line_test_0013,0.0,0.09336470067501068,0.0015532518737018108,0.0043679503723979,0,0
R05_rsbfilm_env_softPcyc,0,double_line_test_0014,0.0,0.1747843623161316,0.002410085406154394,0.0075567360036075115,0,0
R05_rsbfilm_env_softPcyc,0,small_rect_edge_test_0000,0.0,0.1402132511138916,0.001259767566807568,0.004750676918774843,0,0
R05_rsbfilm_env_softPcyc,0,small_rect_edge_test_0001,0.0,0.0933954268693924,0.0014771603746339679,0.004814867861568928,0,0
R05_rsbfilm_env_softPcyc,0,small_rect_edge_test_0002,0.0,0.1494010090827942,0.0013318239944055676,0.004660212900489569,0,0
R05_rsbfilm_env_softPcyc,0,small_rect_edge_test_0003,0.0,0.0933757871389389,0.001701568951830268,0.005080194212496281,0,0
R05_rsbfilm_env_softPcyc,0,small_rect_edge_test_0004,0.0,0.15826284885406494,0.0023241182789206505,0.008439975790679455,0,0
R05_rsbfilm_env_softPcyc,0,small_rect_edge_test_0005,0.0,0.13801056146621704,0.0016765533946454525,0.00580904446542263,0,0
R05_rsbfilm_env_softPcyc,0,small_rect_edge_test_0006,0.0,0.09338788688182831,0.0015460365684702992,0.004729199223220348,0,0
R05_rsbfilm_env_softPcyc,0,small_rect_edge_test_0007,0.0,0.14212459325790405,0.0011404757387936115,0.004714332055300474,0,0
R05_rsbfilm_env_softPcyc,0,small_rect_edge_test_0008,0.0,0.22066432237625122,0.0023352925200015306,0.008207314647734165,0,0
R05_rsbfilm_env_softPcyc,0,small_rect_edge_test_0009,0.0,0.0933970957994461,0.0014425894478335977,0.004609683994203806,0,0
R05_rsbfilm_env_softPcyc,0,point_cluster_test_0000,0.0,0.09338812530040741,0.0015305635752156377,0.004894169047474861,0,0
R05_rsbfilm_env_softPcyc,0,point_cluster_test_0001,0.0,0.14321112632751465,0.0016682191053405404,0.0061094812117516994,0,0
R05_rsbfilm_env_softPcyc,0,point_cluster_test_0002,0.0,0.093394935131073,0.0015831028576940298,0.0055167716927826405,0,0
R05_rsbfilm_env_softPcyc,0,point_cluster_test_0003,0.0,0.11909440159797668,0.0015388942556455731,0.005536261945962906,0,0
R05_rsbfilm_env_softPcyc,0,point_cluster_test_0004,0.0,0.09439921379089355,0.001778692239895463,0.006362391635775566,0,0
R05_rsbfilm_env_softPcyc,0,point_cluster_test_0005,0.0,0.10268694162368774,0.001836298848502338,0.0061127375811338425,0,0
R05_rsbfilm_env_softPcyc,0,point_cluster_test_0006,0.0,0.21393299102783203,0.00153308582957834,0.005383406300097704,0,0
R05_rsbfilm_env_softPcyc,0,point_cluster_test_0007,0.0,0.10907948017120361,0.0016491813585162163,0.005677003879100084,0,0
R05_rsbfilm_env_softPcyc,0,point_cluster_test_0008,0.0,0.11000573635101318,0.0016858974704518914,0.0061357649974524975,0,0
R05_rsbfilm_env_softPcyc,0,point_cluster_test_0009,0.0,0.09339819848537445,0.0013153486652299762,0.004586090799421072,0,0
R05_rsbfilm_env_softPcyc,0,point_cluster_test_0010,0.0,0.0933835506439209,0.001602665288373828,0.005278575699776411,0,0
R05_rsbfilm_env_softPcyc,0,point_cluster_test_0011,0.0,0.15647923946380615,0.002055877586826682,0.007963583804666996,0,0
R05_rsbfilm_env_softPcyc,0,point_cluster_test_0012,0.0,0.18344175815582275,0.0016449170652776957,0.006497862283140421,0,0
R05_rsbfilm_env_softPcyc,0,point_cluster_test_0013,0.0,0.12365299463272095,0.002395692514255643,0.00807392317801714,0,0
R05_rsbfilm_env_softPcyc,0,point_cluster_test_0014,0.0,0.11853310465812683,0.001432333025150001,0.00544670969247818,0,0
R05_rsbfilm_env_softPcyc,0,point_cluster_test_0015,0.0,0.13604629039764404,0.0015756405191496015,0.006733473390340805,0,0
R05_rsbfilm_env_softPcyc,0,point_cluster_test_0016,0.0,0.09339547157287598,0.00181868439540267,0.005541801918298006,0,0
R05_rsbfilm_env_softPcyc,0,point_cluster_test_0017,0.0,0.14495432376861572,0.0014687312068417668,0.00549042783677578,0,0
R05_rsbfilm_env_softPcyc,0,point_cluster_test_0018,0.0,0.1620531678199768,0.0017790475394576788,0.006804495584219694,0,0
R05_rsbfilm_env_softPcyc,0,point_cluster_test_0019,0.0,0.09339722990989685,0.0013209404423832893,0.004451105371117592,0,0
R05_rsbfilm_env_softPcyc,1,line_test_0000,0.0,0.013811230659484863,8.673402044223621e-05,0.00020391415455378592,0,0
R05_rsbfilm_env_softPcyc,1,line_test_0001,0.0,0.051616981625556946,0.0001385743380524218,0.0007199681713245809,0,0
R05_rsbfilm_env_softPcyc,1,line_test_0002,0.0,0.027002856135368347,0.00011357338371453807,0.0003830078640021384,0,0
R05_rsbfilm_env_softPcyc,1,line_test_0003,0.0,0.0888664722442627,0.00015597626043017954,0.0011716646840795875,0,0
R05_rsbfilm_env_softPcyc,1,line_test_0004,0.0,0.009941637516021729,7.982929673744366e-05,0.0001299082941841334,0,0
R05_rsbfilm_env_softPcyc,1,line_test_0005,0.0,0.0031663700938224792,9.005021274788305e-05,0.00016064262308645993,0,0
R05_rsbfilm_env_softPcyc,1,line_test_0006,0.0,0.10899490118026733,0.00016039525507949293,0.001623273827135563,0,0
R05_rsbfilm_env_softPcyc,1,line_test_0007,0.0,0.03017064929008484,9.551333641866222e-05,0.0003331739571876824,0,0
R05_rsbfilm_env_softPcyc,1,line_test_0008,0.0,0.002436665818095207,9.894659160636365e-05,0.00017156433023046702,0,0
R05_rsbfilm_env_softPcyc,1,line_test_0009,0.0,0.03445294499397278,9.939192386809736e-05,0.000358778313966468,0,0
R05_rsbfilm_env_softPcyc,1,line_test_0010,0.0,0.02548171579837799,9.831696661422029e-05,0.00032996173831634223,0,0
R05_rsbfilm_env_softPcyc,1,line_test_0011,0.0,0.25882238149642944,0.00014102409477345645,0.003172103548422456,0,0
R05_rsbfilm_env_softPcyc,1,line_test_0012,0.0,0.06333956122398376,0.0001221983548020944,0.0008623032481409609,0,0
R05_rsbfilm_env_softPcyc,1,line_test_0013,0.0,0.005205124616622925,0.00011359723430359736,0.0002702481870073825,0,0
R05_rsbfilm_env_softPcyc,1,line_test_0014,0.0,0.0022262358106672764,7.975680637173355e-05,9.616430179448798e-05,0,0
R05_rsbfilm_env_softPcyc,1,line_test_0015,0.0,0.10300993919372559,0.00010487674444448203,0.0009258903446607292,0,0
R05_rsbfilm_env_softPcyc,1,line_test_0016,0.0,0.015378713607788086,0.00010848950478248298,0.0002892807824537158,0,0
R05_rsbfilm_env_softPcyc,1,line_test_0017,0.0,0.35756856203079224,0.00017842960369307548,0.004879562184214592,0,0
R05_rsbfilm_env_softPcyc,1,line_test_0018,0.0,0.038878053426742554,0.00011215155973332003,0.0005084493313916028,0,0
R05_rsbfilm_env_softPcyc,1,line_test_0019,0.0,0.01331290602684021,9.466121264267713e-05,0.0002358749188715592,0,0
R05_rsbfilm_env_softPcyc,1,cross_test_0000,0.0,0.036716610193252563,0.00012559087190311402,0.00046726869186386466,0,0
R05_rsbfilm_env_softPcyc,1,cross_test_0001,0.0,0.00405757874250412,0.00010262617433909327,0.00020670921367127448,0,0
R05_rsbfilm_env_softPcyc,1,cross_test_0002,0.0,0.10715529322624207,0.00013959401985630393,0.0017657466232776642,0,0
R05_rsbfilm_env_softPcyc,1,cross_test_0003,0.0,0.01439136266708374,0.00012243672972545028,0.00034703887649811804,0,0
R05_rsbfilm_env_softPcyc,1,cross_test_0004,0.0,0.016046859323978424,0.00012091863754903898,0.00033742698724381626,0,0
R05_rsbfilm_env_softPcyc,1,cross_test_0005,0.0,0.02807985246181488,0.000134304107632488,0.00045789778232574463,0,0
R05_rsbfilm_env_softPcyc,1,cross_test_0006,0.0,0.007466048002243042,9.068703366210684e-05,0.0001939985522767529,0,0
R05_rsbfilm_env_softPcyc,1,cross_test_0007,0.0,0.005742311477661133,9.729630255606025e-05,0.00021663546795025468,0,0
R05_rsbfilm_env_softPcyc,1,cross_test_0008,0.0,0.08670136332511902,0.0001588641753187403,0.0009093979606404901,0,0
R05_rsbfilm_env_softPcyc,1,cross_test_0009,0.0,0.05330193042755127,0.000101237885246519,0.0005068880855105817,0,0
R05_rsbfilm_env_softPcyc,1,cross_test_0010,0.0,0.02540937066078186,0.00012299604713916779,0.00047218790859915316,0,0
R05_rsbfilm_env_softPcyc,1,cross_test_0011,0.0,0.054277658462524414,0.00017421638767700642,0.0008080998668447137,0,0
R05_rsbfilm_env_softPcyc,1,cross_test_0012,0.0,0.005864560604095459,0.00010746278712758794,0.0002726537350099534,0,0
R05_rsbfilm_env_softPcyc,1,cross_test_0013,0.0,0.10085898637771606,0.0001567453728057444,0.0014481132384389639,0,0
R05_rsbfilm_env_softPcyc,1,cross_test_0014,0.0,0.015602901577949524,9.973412670660764e-05,0.000282809924101457,0,0
R05_rsbfilm_env_softPcyc,1,L_shape_test_0000,0.0,0.0827016532421112,0.00016234544455073774,0.0010873296996578574,0,0
R05_rsbfilm_env_softPcyc,1,L_shape_test_0001,0.0,0.010453104972839355,9.297230280935764e-05,0.00022178675862960517,0,0
R05_rsbfilm_env_softPcyc,1,L_shape_test_0002,0.0,0.025716125965118408,0.0001503959356341511,0.0006239590584300458,0,0
R05_rsbfilm_env_softPcyc,1,L_shape_test_0003,0.0,0.06464099884033203,0.00011441246169852093,0.0005988537450321019,0,0
R05_rsbfilm_env_softPcyc,1,L_shape_test_0004,0.0,0.011138916015625,0.00010817762085935101,0.0002574890968389809,0,0
R05_rsbfilm_env_softPcyc,1,L_shape_test_0005,0.0,0.1691456437110901,0.00013934912567492574,0.0018879696726799011,0,0
R05_rsbfilm_env_softPcyc,1,L_shape_test_0006,0.0,0.003616809844970703,8.736161544220522e-05,0.0001408541138516739,0,0
R05_rsbfilm_env_softPcyc,1,L_shape_test_0007,0.0,0.011206388473510742,0.00011936738883377984,0.00032826935057528317,0,0
R05_rsbfilm_env_softPcyc,1,L_shape_test_0008,0.0,0.020702898502349854,9.954065171768889e-05,0.0002900193212553859,0,0
R05_rsbfilm_env_softPcyc,1,L_shape_test_0009,0.0,0.051348984241485596,0.0001309783401666209,0.0006356792291626334,0,0
R05_rsbfilm_env_softPcyc,1,L_shape_test_0010,0.0,0.005536779761314392,9.750475874170661e-05,0.00021187977108638734,0,0
R05_rsbfilm_env_softPcyc,1,L_shape_test_0011,0.0,0.018463045358657837,8.421723759965971e-05,0.00020849615975748748,0,0
R05_rsbfilm_env_softPcyc,1,L_shape_test_0012,0.0,0.017061695456504822,0.00010146250860998407,0.00028490141266956925,0,0
R05_rsbfilm_env_softPcyc,1,L_shape_test_0013,0.0,0.010011836886405945,9.717472858028486e-05,0.00022728773183189332,0,0
R05_rsbfilm_env_softPcyc,1,L_shape_test_0014,0.0,0.019485533237457275,9.850986680248752e-05,0.0003007005143444985,0,0
R05_rsbfilm_env_softPcyc,1,L_shape_test_0015,0.0,0.012962669134140015,0.00010841271432582289,0.0002535474777687341,0,0
R05_rsbfilm_env_softPcyc,1,L_shape_test_0016,0.0,0.05941498279571533,0.00010403381747892126,0.0006473396206274629,0,0
R05_rsbfilm_env_softPcyc,1,L_shape_test_0017,0.0,0.012317359447479248,0.00012027242337353528,0.0002994050446432084,0,0
R05_rsbfilm_env_softPcyc,1,L_shape_test_0018,0.0,0.010163605213165283,9.769629104994237e-05,0.00020100819529034197,0,0
R05_rsbfilm_env_softPcyc,1,L_shape_test_0019,0.0,0.026826292276382446,0.00011407971032895148,0.00047176002408377826,0,0
R05_rsbfilm_env_softPcyc,1,double_line_test_0000,0.0,0.1425013542175293,0.00010659111285349354,0.001294814865104854,0,0
R05_rsbfilm_env_softPcyc,1,double_line_test_0001,0.0,0.10990983247756958,0.00015437733964063227,0.001039545051753521,0,0
R05_rsbfilm_env_softPcyc,1,double_line_test_0002,0.0,0.12697231769561768,0.00011271666153334081,0.0016091405414044857,0,0
R05_rsbfilm_env_softPcyc,1,double_line_test_0003,0.0,0.014254868030548096,9.273634350392967e-05,0.00020812658476643264,0,0
R05_rsbfilm_env_softPcyc,1,double_line_test_0004,0.0,0.008274301886558533,0.00012997910380363464,0.0003744827990885824,0,0
R05_rsbfilm_env_softPcyc,1,double_line_test_0005,0.0,0.34179073572158813,0.00015225537936203182,0.003521421691402793,0,0
R05_rsbfilm_env_softPcyc,1,double_line_test_0006,0.0,0.10684382915496826,0.00016551706357859075,0.0012799680698662996,0,0
R05_rsbfilm_env_softPcyc,1,double_line_test_0007,0.0,0.027272075414657593,0.00011336582974763587,0.00046124079381115735,0,0
R05_rsbfilm_env_softPcyc,1,double_line_test_0008,0.0,0.05732905864715576,0.000136515503982082,0.0008964263251982629,0,0
R05_rsbfilm_env_softPcyc,1,double_line_test_0009,0.0,0.009859979152679443,9.952807158697397e-05,0.00021042200387455523,0,0
R05_rsbfilm_env_softPcyc,1,double_line_test_0010,0.0,0.023043185472488403,0.00011154386447742581,0.0002984365273732692,0,0
R05_rsbfilm_env_softPcyc,1,double_line_test_0011,0.0,0.0020277686417102814,8.414234616793692e-05,0.00011411526793381199,0,0
R05_rsbfilm_env_softPcyc,1,double_line_test_0012,0.0,0.0027243196964263916,8.398216596106067e-05,0.00012251931184437126,0,0
R05_rsbfilm_env_softPcyc,1,double_line_test_0013,0.0,0.004588663578033447,0.00010692362411646172,0.00022585625993087888,0,0
R05_rsbfilm_env_softPcyc,1,double_line_test_0014,0.0,0.1746739149093628,0.00017690715321805328,0.0017169188940897584,0,0
R05_rsbfilm_env_softPcyc,1,small_rect_edge_test_0000,0.0,0.25501495599746704,0.00012777541996911168,0.0025371252559125423,0,0
R05_rsbfilm_env_softPcyc,1,small_rect_edge_test_0001,0.0,0.061581581830978394,0.00010706320608733222,0.0006111800321377814,0,0
R05_rsbfilm_env_softPcyc,1,small_rect_edge_test_0002,0.0,0.32940173149108887,0.0001642209681449458,0.0038963421247899532,0,0
R05_rsbfilm_env_softPcyc,1,small_rect_edge_test_0003,0.0,0.029511094093322754,0.0001058968118741177,0.0003978772147092968,0,0
R05_rsbfilm_env_softPcyc,1,small_rect_edge_test_0004,0.0,0.05480971932411194,0.00016437719750683755,0.0008245837525464594,0,0
R05_rsbfilm_env_softPcyc,1,small_rect_edge_test_0005,0.0,0.06072896718978882,0.00012887023331131786,0.000721989490557462,0,0
R05_rsbfilm_env_softPcyc,1,small_rect_edge_test_0006,0.0,0.02431567758321762,0.00010209622996626422,0.0002881718100979924,0,0
R05_rsbfilm_env_softPcyc,1,small_rect_edge_test_0007,0.0,0.042296528816223145,9.718440560391173e-05,0.0005897327791899443,0,0
R05_rsbfilm_env_softPcyc,1,small_rect_edge_test_0008,0.0,0.11106306314468384,0.0001805122592486441,0.001570595777593553,0,0
R05_rsbfilm_env_softPcyc,1,small_rect_edge_test_0009,0.0,0.034951210021972656,0.0001027137550408952,0.0005325924721546471,0,0
R05_rsbfilm_env_softPcyc,1,point_cluster_test_0000,0.0,0.03827674686908722,0.00011811196600319818,0.00047736565466038883,0,0
R05_rsbfilm_env_softPcyc,1,point_cluster_test_0001,0.0,0.037965476512908936,0.0001388809032505378,0.0006182212964631617,0,0
R05_rsbfilm_env_softPcyc,1,point_cluster_test_0002,0.0,0.15429842472076416,0.00014493355411104858,0.0017811422003433108,0,0
R05_rsbfilm_env_softPcyc,1,point_cluster_test_0003,0.0,0.06799072027206421,0.00011644096957752481,0.0007502857479266822,0,0
R05_rsbfilm_env_softPcyc,1,point_cluster_test_0004,0.0,0.011935949325561523,0.00014000415103510022,0.0004363695334177464,0,0
R05_rsbfilm_env_softPcyc,1,point_cluster_test_0005,0.0,0.12970677018165588,0.0001456758618587628,0.0014643570175394416,0,0
R05_rsbfilm_env_softPcyc,1,point_cluster_test_0006,0.0,0.1949504017829895,0.00013430214312393218,0.0017323604552075267,0,0
R05_rsbfilm_env_softPcyc,1,point_cluster_test_0007,0.0,0.04039725661277771,0.00011754186562029645,0.0005019670934416354,0,0
R05_rsbfilm_env_softPcyc,1,point_cluster_test_0008,0.0,0.04219821095466614,0.00012448520283214748,0.0005638994043692946,0,0
R05_rsbfilm_env_softPcyc,1,point_cluster_test_0009,0.0,0.006343841552734375,9.974362910725176e-05,0.00024014923837967217,0,0
R05_rsbfilm_env_softPcyc,1,point_cluster_test_0010,0.0,0.007620960474014282,0.0001258377160411328,0.0003561917401384562,0,0
R05_rsbfilm_env_softPcyc,1,point_cluster_test_0011,0.0,0.04857444763183594,0.00014256744179874659,0.0007651791092939675,0,0
R05_rsbfilm_env_softPcyc,1,point_cluster_test_0012,0.0,0.04440957307815552,0.0001293093228014186,0.0007022891659289598,0,0
R05_rsbfilm_env_softPcyc,1,point_cluster_test_0013,0.0,0.03334501385688782,0.00018240974168293178,0.0007213791250251234,0,0
R05_rsbfilm_env_softPcyc,1,point_cluster_test_0014,0.0,0.03889894485473633,0.00010744133760454133,0.0004451072309166193,0,0
R05_rsbfilm_env_softPcyc,1,point_cluster_test_0015,0.0,0.06256207823753357,0.00014473235933110118,0.0008618282154202461,0,0
R05_rsbfilm_env_softPcyc,1,point_cluster_test_0016,0.0,0.03137291222810745,0.00013332252274267375,0.0004166443832218647,0,0
R05_rsbfilm_env_softPcyc,1,point_cluster_test_0017,0.0,0.17139935493469238,0.0001269344356842339,0.0016678586835041642,0,0
R05_rsbfilm_env_softPcyc,1,point_cluster_test_0018,0.0,0.12685120105743408,0.00015050834917929024,0.0012553087435662746,0,0
R05_rsbfilm_env_softPcyc,1,point_cluster_test_0019,0.0,0.005929857492446899,9.630637941882014e-05,0.00020321721967775375,0,0
R05_rsbfilm_env_softPcyc,2,line_test_0000,0.0,0.02578672766685486,0.0002236131695099175,0.0005627932259812951,0,0
R05_rsbfilm_env_softPcyc,2,line_test_0001,0.0,0.018702764064073563,0.00035643833689391613,0.00099649908952415,0,0
R05_rsbfilm_env_softPcyc,2,line_test_0002,0.0,0.024194657802581787,0.0003374302468728274,0.0011242832988500595,0,0
R05_rsbfilm_env_softPcyc,2,line_test_0003,0.0,0.09968733787536621,0.0004142719553783536,0.0019027747912332416,0,0
R05_rsbfilm_env_softPcyc,2,line_test_0004,0.0,0.017572641372680664,0.0002077391545753926,0.00044565240386873484,0,0
R05_rsbfilm_env_softPcyc,2,line_test_0005,0.0,0.010849475860595703,0.0002250023535452783,0.0005277162999846041,0,0
R05_rsbfilm_env_softPcyc,2,line_test_0006,0.0,0.06123340129852295,0.00032056026975624263,0.001599523820914328,0,0
R05_rsbfilm_env_softPcyc,2,line_test_0007,0.0,0.01485830545425415,0.0002864499401766807,0.0007659915718249977,0,0
R05_rsbfilm_env_softPcyc,2,line_test_0008,0.0,0.015686094760894775,0.00027582005714066327,0.0006928391521796584,0,0
R05_rsbfilm_env_softPcyc,2,line_test_0009,0.0,0.019688904285430908,0.0002549193159211427,0.0007644188590347767,0,0
R05_rsbfilm_env_softPcyc,2,line_test_0010,0.0,0.03160512447357178,0.0002338861086172983,0.0006777241942472756,0,0
R05_rsbfilm_env_softPcyc,2,line_test_0011,0.0,0.09119677543640137,0.00026960918330587447,0.0012552837142720819,0,0
R05_rsbfilm_env_softPcyc,2,line_test_0012,0.0,0.06020081043243408,0.00028911486151628196,0.0011392381275072694,0,0
R05_rsbfilm_env_softPcyc,2,line_test_0013,0.0,0.017196744680404663,0.00029779219767078757,0.0008819080539979041,0,0
R05_rsbfilm_env_softPcyc,2,line_test_0014,0.0,0.011044563725590706,0.00020131182100158185,0.0004154998459853232,0,0
R05_rsbfilm_env_softPcyc,2,line_test_0015,0.0,0.06072932481765747,0.00025781933800317347,0.0011583833256736398,0,0
R05_rsbfilm_env_softPcyc,2,line_test_0016,0.0,0.02749788761138916,0.0002943794534076005,0.0008632140816189349,0,0
R05_rsbfilm_env_softPcyc,2,line_test_0017,0.0,0.11469477415084839,0.00024680100614205003,0.0015863776206970215,0,0
R05_rsbfilm_env_softPcyc,2,line_test_0018,0.0,0.02156233787536621,0.0002777202462311834,0.0008497118833474815,0,0
R05_rsbfilm_env_softPcyc,2,line_test_0019,0.0,0.023088812828063965,0.00025781162548810244,0.0007202330743893981,0,0
R05_rsbfilm_env_softPcyc,2,cross_test_0000,0.0,0.028047919273376465,0.00031485562794841826,0.000999480951577425,0,0
R05_rsbfilm_env_softPcyc,2,cross_test_0001,0.0,0.02854055166244507,0.00029161537531763315,0.000780349422711879,0,0
R05_rsbfilm_env_softPcyc,2,cross_test_0002,0.0,0.04341256618499756,0.00025467219529673457,0.0008110227063298225,0,0
R05_rsbfilm_env_softPcyc,2,cross_test_0003,0.0,0.05640673637390137,0.00037784629967063665,0.0013143719406798482,0,0
R05_rsbfilm_env_softPcyc,2,cross_test_0004,0.0,0.022668898105621338,0.000323653279338032,0.001017411588691175,0,0
R05_rsbfilm_env_softPcyc,2,cross_test_0005,0.0,0.02131134271621704,0.00039615450077690184,0.0012133319396525621,0,0
R05_rsbfilm_env_softPcyc,2,cross_test_0006,0.0,0.009828399866819382,0.00022291039931587875,0.000557483232114464,0,0
R05_rsbfilm_env_softPcyc,2,cross_test_0007,0.0,0.018402278423309326,0.00023478310322389007,0.0006790278712287545,0,0
R05_rsbfilm_env_softPcyc,2,cross_test_0008,0.0,0.03934749960899353,0.0003862429002765566,0.0012826850870624185,0,0
R05_rsbfilm_env_softPcyc,2,cross_test_0009,0.0,0.04278010129928589,0.0002443628909531981,0.0008278388995677233,0,0
R05_rsbfilm_env_softPcyc,2,cross_test_0010,0.0,0.03230541944503784,0.0003095617867074907,0.0009956132853403687,0,0
R05_rsbfilm_env_softPcyc,2,cross_test_0011,0.0,0.039428889751434326,0.00045489505282603204,0.0015163836069405079,0,0
R05_rsbfilm_env_softPcyc,2,cross_test_0012,0.0,0.023079395294189453,0.0003095315187238157,0.0010532122105360031,0,0
R05_rsbfilm_env_softPcyc,2,cross_test_0013,0.0,0.0578160285949707,0.00037130393320694566,0.0012973853154107928,0,0
R05_rsbfilm_env_softPcyc,2,cross_test_0014,0.0,0.01679515838623047,0.00023810190032236278,0.000618848018348217,0,0
R05_rsbfilm_env_softPcyc,2,L_shape_test_0000,0.0,0.055889010429382324,0.0004317403945606202,0.0013419348979368806,0,0
R05_rsbfilm_env_softPcyc,2,L_shape_test_0001,0.0,0.028096258640289307,0.0002537118853069842,0.0006915173144079745,0,0
R05_rsbfilm_env_softPcyc,2,L_shape_test_0002,0.0,0.027787059545516968,0.0004615441430360079,0.001518403529189527,0,0
R05_rsbfilm_env_softPcyc,2,L_shape_test_0003,0.0,0.024845480918884277,0.00032763773924671113,0.0009728546719998121,0,0
R05_rsbfilm_env_softPcyc,2,L_shape_test_0004,0.0,0.02010047435760498,0.0003845782484859228,0.0010603434639051557,0,0
R05_rsbfilm_env_softPcyc,2,L_shape_test_0005,0.0,0.047154903411865234,0.00033651493140496314,0.0010600838577374816,0,0
R05_rsbfilm_env_softPcyc,2,L_shape_test_0006,0.0,0.012193620204925537,0.00023382104700431228,0.0005022933473810554,0,0
R05_rsbfilm_env_softPcyc,2,L_shape_test_0007,0.0,0.02488565444946289,0.00033549481304362416,0.0009250627481378615,0,0
R05_rsbfilm_env_softPcyc,2,L_shape_test_0008,0.0,0.012642920017242432,0.00025474134599789977,0.000613694719504565,0,0
R05_rsbfilm_env_softPcyc,2,L_shape_test_0009,0.0,0.03382951021194458,0.0004142707330174744,0.0012305560521781445,0,0
R05_rsbfilm_env_softPcyc,2,L_shape_test_0010,0.0,0.013450801372528076,0.00030928311753086746,0.0008309545810334384,0,0
R05_rsbfilm_env_softPcyc,2,L_shape_test_0011,0.0,0.010047152638435364,0.00022018345771357417,0.0004394027928356081,0,0
R05_rsbfilm_env_softPcyc,2,L_shape_test_0012,0.0,0.011446118354797363,0.00030005292501300573,0.0007577387150377035,0,0
R05_rsbfilm_env_softPcyc,2,L_shape_test_0013,0.0,0.017137497663497925,0.000325045723002404,0.0008113710209727287,0,0
R05_rsbfilm_env_softPcyc,2,L_shape_test_0014,0.0,0.012599736452102661,0.0002342129300814122,0.0005631368258036673,0,0
R05_rsbfilm_env_softPcyc,2,L_shape_test_0015,0.0,0.010474473237991333,0.0003156650345772505,0.0006996204028837383,0,0
R05_rsbfilm_env_softPcyc,2,L_shape_test_0016,0.0,0.013449937105178833,0.00029996808734722435,0.0007707335171289742,0,0
R05_rsbfilm_env_softPcyc,2,L_shape_test_0017,0.0,0.012034580111503601,0.0003588164981920272,0.0008843896794132888,0,0
R05_rsbfilm_env_softPcyc,2,L_shape_test_0018,0.0,0.022499442100524902,0.00026478266227059066,0.0005869406159035861,0,0
R05_rsbfilm_env_softPcyc,2,L_shape_test_0019,0.0,0.01767873764038086,0.00028357902192510664,0.0008275622385554016,0,0
R05_rsbfilm_env_softPcyc,2,double_line_test_0000,0.0,0.14972883462905884,0.0002576399128884077,0.0016462835483253002,0,0
R05_rsbfilm_env_softPcyc,2,double_line_test_0001,0.0,0.0432744026184082,0.0004246384196449071,0.0015232708537951112,0,0
R05_rsbfilm_env_softPcyc,2,double_line_test_0002,0.0,0.030879706144332886,0.00027647565002553165,0.0007218626560643315,0,0
R05_rsbfilm_env_softPcyc,2,double_line_test_0003,0.0,0.020980656147003174,0.00031711303745396435,0.0006993953720666468,0,0
R05_rsbfilm_env_softPcyc,2,double_line_test_0004,0.0,0.03841876983642578,0.0003632622247096151,0.0011025572894141078,0,0
R05_rsbfilm_env_softPcyc,2,double_line_test_0005,0.0,0.12675780057907104,0.0002995908143930137,0.0013418847229331732,0,0
R05_rsbfilm_env_softPcyc,2,double_line_test_0006,0.0,0.06461811065673828,0.0004347351205069572,0.0014523318968713284,0,0
R05_rsbfilm_env_softPcyc,2,double_line_test_0007,0.0,0.012461230158805847,0.0002996858675032854,0.0007333062821999192,0,0
R05_rsbfilm_env_softPcyc,2,double_line_test_0008,0.0,0.04647243022918701,0.00036803007242269814,0.0011183238821104169,0,0
R05_rsbfilm_env_softPcyc,2,double_line_test_0009,0.0,0.012694701552391052,0.00027399513055570424,0.00067878607660532,0,0
R05_rsbfilm_env_softPcyc,2,double_line_test_0010,0.0,0.023730933666229248,0.0003410352219361812,0.0008865432464517653,0,0
R05_rsbfilm_env_softPcyc,2,double_line_test_0011,0.0,0.009863859042525291,0.00025231592007912695,0.0004987739957869053,0,0
R05_rsbfilm_env_softPcyc,2,double_line_test_0012,0.0,0.007364541292190552,0.00020825400133617222,0.00041689586942084134,0,0
R05_rsbfilm_env_softPcyc,2,double_line_test_0013,0.0,0.00968137476593256,0.00036001746775582433,0.0008121529244817793,0,0
R05_rsbfilm_env_softPcyc,2,double_line_test_0014,0.0,0.072959303855896,0.000491881335619837,0.0017763165524229407,0,0
R05_rsbfilm_env_softPcyc,2,small_rect_edge_test_0000,0.0,0.09395420551300049,0.00023107208835426718,0.0011128266341984272,0,0
R05_rsbfilm_env_softPcyc,2,small_rect_edge_test_0001,0.0,0.018411695957183838,0.0002545811585150659,0.0006413920200429857,0,0
R05_rsbfilm_env_softPcyc,2,small_rect_edge_test_0002,0.0,0.09791415929794312,0.000289435702143237,0.0012642822694033384,0,0
R05_rsbfilm_env_softPcyc,2,small_rect_edge_test_0003,0.0,0.01788082718849182,0.0003128720563836396,0.0008351118303835392,0,0
R05_rsbfilm_env_softPcyc,2,small_rect_edge_test_0004,0.0,0.05541825294494629,0.00041329514351673424,0.001623884541913867,0,0
R05_rsbfilm_env_softPcyc,2,small_rect_edge_test_0005,0.0,0.0759996771812439,0.00032505468698218465,0.0012261522933840752,0,0
R05_rsbfilm_env_softPcyc,2,small_rect_edge_test_0006,0.0,0.015763521194458008,0.00032032516901381314,0.0008761428762227297,0,0
R05_rsbfilm_env_softPcyc,2,small_rect_edge_test_0007,0.0,0.10809183120727539,0.00032376201124861836,0.0018249554559588432,0,0
R05_rsbfilm_env_softPcyc,2,small_rect_edge_test_0008,0.0,0.12666106224060059,0.00044155478826723993,0.0021581039763987064,0,0
R05_rsbfilm_env_softPcyc,2,small_rect_edge_test_0009,0.0,0.01818022131919861,0.00026196069666184485,0.0006485473713837564,0,0
R05_rsbfilm_env_softPcyc,2,point_cluster_test_0000,0.0,0.05191320180892944,0.0003022605669684708,0.0011417409405112267,0,0
R05_rsbfilm_env_softPcyc,2,point_cluster_test_0001,0.0,0.0466800332069397,0.0003192265867255628,0.0010555938351899385,0,0
R05_rsbfilm_env_softPcyc,2,point_cluster_test_0002,0.0,0.023933425545692444,0.0002929038892034441,0.0010042679496109486,0,0
R05_rsbfilm_env_softPcyc,2,point_cluster_test_0003,0.0,0.017144352197647095,0.0002447966835461557,0.0007375358836725354,0,0
R05_rsbfilm_env_softPcyc,2,point_cluster_test_0004,0.0,0.013803325593471527,0.00033526853076182306,0.0009272434399463236,0,0
R05_rsbfilm_env_softPcyc,2,point_cluster_test_0005,0.0,0.02749970555305481,0.0003278000804129988,0.0009982993360608816,0,0
R05_rsbfilm_env_softPcyc,2,point_cluster_test_0006,0.0,0.07271158695220947,0.0002838884247466922,0.0011294689029455185,0,0
R05_rsbfilm_env_softPcyc,2,point_cluster_test_0007,0.0,0.030688226222991943,0.0003130015102215111,0.001155076315626502,0,0
R05_rsbfilm_env_softPcyc,2,point_cluster_test_0008,0.0,0.03018707036972046,0.0003117384039796889,0.001151464181020856,0,0
R05_rsbfilm_env_softPcyc,2,point_cluster_test_0009,0.0,0.026717543601989746,0.00022052762506064028,0.0006258987705223262,0,0
R05_rsbfilm_env_softPcyc,2,point_cluster_test_0010,0.0,0.019028397276997566,0.0003528748347889632,0.0010189367458224297,0,0
R05_rsbfilm_env_softPcyc,2,point_cluster_test_0011,0.0,0.035838782787323,0.00038702343590557575,0.0015742123359814286,0,0
R05_rsbfilm_env_softPcyc,2,point_cluster_test_0012,0.0,0.06215459108352661,0.000316377030685544,0.001372003578580916,0,0
R05_rsbfilm_env_softPcyc,2,point_cluster_test_0013,0.0,0.05295747518539429,0.00040161056676879525,0.0013651876943185925,0,0
R05_rsbfilm_env_softPcyc,2,point_cluster_test_0014,0.0,0.02813321352005005,0.0002365384134463966,0.0007432375568896532,0,0
R05_rsbfilm_env_softPcyc,2,point_cluster_test_0015,0.0,0.05861634016036987,0.00032407554681412876,0.0014805748360231519,0,0
R05_rsbfilm_env_softPcyc,2,point_cluster_test_0016,0.0,0.02262014150619507,0.00038324188790284097,0.0011819463688880205,0,0
R05_rsbfilm_env_softPcyc,2,point_cluster_test_0017,0.0,0.027289152145385742,0.00025655218632891774,0.0007709530182182789,0,0
R05_rsbfilm_env_softPcyc,2,point_cluster_test_0018,0.0,0.1018911600112915,0.0003413409285712987,0.0015997224254533648,0,0
R05_rsbfilm_env_softPcyc,2,point_cluster_test_0019,0.0,0.01746988296508789,0.00020908989245072007,0.0004886179813183844,0,0
F01_bounded_generic_film,0,line_test_0000,0.0,0.0964622050523758,0.0007022625650279224,0.004168222192674875,0,0
F01_bounded_generic_film,0,line_test_0001,0.0,0.09630732238292694,0.0011952309869229794,0.005301350262016058,0,0
F01_bounded_generic_film,0,line_test_0002,0.0,0.0963338315486908,0.0010916665196418762,0.005317163188010454,0,0
F01_bounded_generic_film,0,line_test_0003,0.0,0.11192432045936584,0.0013780792942270637,0.006945160683244467,0,0
F01_bounded_generic_film,0,line_test_0004,0.0,0.09638062119483948,0.0006083229091018438,0.003864089958369732,0,0
F01_bounded_generic_film,0,line_test_0005,0.0,0.09641566872596741,0.0007207862217910588,0.004104943480342627,0,0
F01_bounded_generic_film,0,line_test_0006,0.0,0.13027966022491455,0.0010975052136927843,0.006134313996881247,0,0
F01_bounded_generic_film,0,line_test_0007,0.0,0.09637002646923065,0.0007338215946219862,0.004107506014406681,0,0
F01_bounded_generic_film,0,line_test_0008,0.0,0.09638656675815582,0.0008438986842520535,0.004251704551279545,0,0
F01_bounded_generic_film,0,line_test_0009,0.0,0.09639522433280945,0.0008570969221182168,0.00453322334215045,0,0
F01_bounded_generic_film,0,line_test_0010,0.0,0.09628033638000488,0.0008546210010536015,0.004685929510742426,0,0
F01_bounded_generic_film,0,line_test_0011,0.0,0.19289487600326538,0.0008498477400280535,0.004777983762323856,0,0
F01_bounded_generic_film,0,line_test_0012,0.0,0.10260143876075745,0.0010136450873687863,0.005267993547022343,0,0
F01_bounded_generic_film,0,line_test_0013,0.0,0.09635557234287262,0.000885442947037518,0.004504838027060032,0,0
F01_bounded_generic_film,0,line_test_0014,0.0,0.09634988009929657,0.0006268799770623446,0.0038510835729539394,0,0
F01_bounded_generic_film,0,line_test_0015,0.0,0.12458011507987976,0.0008619237341918051,0.0049476055428385735,0,0
F01_bounded_generic_film,0,line_test_0016,0.0,0.09648275375366211,0.00119305111002177,0.0055643245577812195,0,0
F01_bounded_generic_film,0,line_test_0017,0.0,0.19578051567077637,0.000728786108084023,0.004650924354791641,0,0
F01_bounded_generic_film,0,line_test_0018,0.0,0.09628516435623169,0.0009308905573561788,0.004766614176332951,0,0
F01_bounded_generic_film,0,line_test_0019,0.0,0.09638561308383942,0.0007041829521767795,0.004034742712974548,0,0
F01_bounded_generic_film,0,cross_test_0000,0.0,0.09637440741062164,0.0010495655005797744,0.005080022383481264,0,0
F01_bounded_generic_film,0,cross_test_0001,0.0,0.09639163315296173,0.0007404121570289135,0.004187922924757004,0,0
F01_bounded_generic_film,0,cross_test_0002,0.0,0.09641791880130768,0.000841708795633167,0.004624481778591871,0,0
F01_bounded_generic_film,0,cross_test_0003,0.0,0.12328335642814636,0.0011511619668453932,0.005840381607413292,0,0
F01_bounded_generic_film,0,cross_test_0004,0.0,0.10315054655075073,0.0011296330485492945,0.005764343310147524,0,0
F01_bounded_generic_film,0,cross_test_0005,0.0,0.09634122252464294,0.0011680393945425749,0.005110771395266056,0,0
F01_bounded_generic_film,0,cross_test_0006,0.0,0.09642229974269867,0.0006058766739442945,0.0038222228176891804,0,0
F01_bounded_generic_film,0,cross_test_0007,0.0,0.09641790390014648,0.0007460988126695156,0.0043404195457696915,0,0
F01_bounded_generic_film,0,cross_test_0008,0.0,0.12343326210975647,0.0013901862548664212,0.006601441651582718,0,0
F01_bounded_generic_film,0,cross_test_0009,0.0,0.09640806913375854,0.0008006980060599744,0.004502491094172001,0,0
F01_bounded_generic_film,0,cross_test_0010,0.0,0.09658214449882507,0.0010005125077441335,0.005005022510886192,0,0
F01_bounded_generic_film,0,cross_test_0011,0.0,0.1349976360797882,0.0019116734620183706,0.008638884872198105,0,0
F01_bounded_generic_film,0,cross_test_0012,0.0,0.0963517427444458,0.0008789566927589476,0.004757214803248644,0,0
F01_bounded_generic_film,0,cross_test_0013,0.0,0.11482959985733032,0.0011374243767932057,0.0051860506646335125,0,0
F01_bounded_generic_film,0,cross_test_0014,0.0,0.09635639190673828,0.0008516838424839079,0.004383777268230915,0,0
F01_bounded_generic_film,0,L_shape_test_0000,0.0,0.10533738136291504,0.0015680909855291247,0.006602824665606022,0,0
F01_bounded_generic_film,0,L_shape_test_0001,0.0,0.09638938307762146,0.0007682708674110472,0.004091637209057808,0,0
F01_bounded_generic_film,0,L_shape_test_0002,0.0,0.11837834119796753,0.001440102350898087,0.006385951302945614,0,0
F01_bounded_generic_film,0,L_shape_test_0003,0.0,0.10446476936340332,0.0010425058426335454,0.004778886679559946,0,0
F01_bounded_generic_film,0,L_shape_test_0004,0.0,0.09642647206783295,0.0011403975076973438,0.004586352966725826,0,0
F01_bounded_generic_film,0,L_shape_test_0005,0.0,0.10214021801948547,0.0011117677204310894,0.0051032789051532745,0,0
F01_bounded_generic_film,0,L_shape_test_0006,0.0,0.09630493819713593,0.0007132150931283832,0.004045238718390465,0,0
F01_bounded_generic_film,0,L_shape_test_0007,0.0,0.09630720317363739,0.0011569586349651217,0.005206558387726545,0,0
F01_bounded_generic_film,0,L_shape_test_0008,0.0,0.09641379117965698,0.0008947554160840809,0.004339858423918486,0,0
F01_bounded_generic_film,0,L_shape_test_0009,0.0,0.0964139848947525,0.0011010465677827597,0.004968847613781691,0,0
F01_bounded_generic_film,0,L_shape_test_0010,0.0,0.09639324247837067,0.0008740792400203645,0.004626158159226179,0,0
F01_bounded_generic_film,0,L_shape_test_0011,0.0,0.09634453058242798,0.0006757926312275231,0.0039291358552873135,0,0
F01_bounded_generic_film,0,L_shape_test_0012,0.0,0.09646867215633392,0.0009036337141878903,0.004537286702543497,0,0
F01_bounded_generic_film,0,L_shape_test_0013,0.0,0.09639069437980652,0.0009267784771509469,0.004343097098171711,0,0
F01_bounded_generic_film,0,L_shape_test_0014,0.0,0.09642232954502106,0.0008686945075169206,0.004384329076856375,0,0
F01_bounded_generic_film,0,L_shape_test_0015,0.0,0.09623424708843231,0.0009489354561083019,0.004487990867346525,0,0
F01_bounded_generic_film,0,L_shape_test_0016,0.0,0.09646110236644745,0.0009063240722753108,0.00439898855984211,0,0
F01_bounded_generic_film,0,L_shape_test_0017,0.0,0.0964297354221344,0.0011714197462424636,0.005017130635678768,0,0
F01_bounded_generic_film,0,L_shape_test_0018,0.0,0.09641501307487488,0.0009462140733376145,0.0043740468099713326,0,0
F01_bounded_generic_film,0,L_shape_test_0019,0.0,0.12165704369544983,0.001002778997644782,0.004988470580428839,0,0
F01_bounded_generic_film,0,double_line_test_0000,0.0,0.13015609979629517,0.000779154128395021,0.004425395280122757,0,0
F01_bounded_generic_film,0,double_line_test_0001,0.0,0.12422287464141846,0.001588449697010219,0.007128743454813957,0,0
F01_bounded_generic_film,0,double_line_test_0002,0.0,0.09960824251174927,0.000660907884594053,0.004248907323926687,0,0
F01_bounded_generic_film,0,double_line_test_0003,0.0,0.09639325737953186,0.0007489200797863305,0.003958768676966429,0,0
F01_bounded_generic_film,0,double_line_test_0004,0.0,0.09635855257511139,0.001213040086440742,0.0054533942602574825,0,0
F01_bounded_generic_film,0,double_line_test_0005,0.0,0.24405789375305176,0.0007998761138878763,0.0048331911675632,0,0
F01_bounded_generic_film,0,double_line_test_0006,0.0,0.1292148232460022,0.0016035250155255198,0.006941667757928371,0,0
F01_bounded_generic_film,0,double_line_test_0007,0.0,0.09634499251842499,0.0009463156457059085,0.0045328750275075436,0,0
F01_bounded_generic_film,0,double_line_test_0008,0.0,0.12622833251953125,0.0011356279719620943,0.005196796730160713,0,0
F01_bounded_generic_film,0,double_line_test_0009,0.0,0.09636877477169037,0.0008242278709076345,0.004165872931480408,0,0
F01_bounded_generic_film,0,double_line_test_0010,0.0,0.09631131589412689,0.0008884777780622244,0.004419146105647087,0,0
F01_bounded_generic_film,0,double_line_test_0011,0.0,0.09642377495765686,0.0006902809836901724,0.003873569192364812,0,0
F01_bounded_generic_film,0,double_line_test_0012,0.0,0.09639473259449005,0.0006817145622335374,0.003969005774706602,0,0
F01_bounded_generic_film,0,double_line_test_0013,0.0,0.09637269377708435,0.0008135614334605634,0.004015464801341295,0,0
F01_bounded_generic_film,0,double_line_test_0014,0.0,0.17176547646522522,0.0015821357956156135,0.006673859898000956,0,0
F01_bounded_generic_film,0,small_rect_edge_test_0000,0.0,0.14364051818847656,0.0007762161549180746,0.004572794307023287,0,0
F01_bounded_generic_film,0,small_rect_edge_test_0001,0.0,0.09642095863819122,0.0008315179729834199,0.00445882324129343,0,0
F01_bounded_generic_film,0,small_rect_edge_test_0002,0.0,0.15168696641921997,0.0008200933807529509,0.004578202497214079,0,0
F01_bounded_generic_film,0,small_rect_edge_test_0003,0.0,0.09634089469909668,0.000853078905493021,0.004337319638580084,0,0
F01_bounded_generic_film,0,small_rect_edge_test_0004,0.0,0.153619647026062,0.0015273855533450842,0.007308398839086294,0,0
F01_bounded_generic_film,0,small_rect_edge_test_0005,0.0,0.13679492473602295,0.0011108288308605552,0.005466821137815714,0,0
F01_bounded_generic_film,0,small_rect_edge_test_0006,0.0,0.096427321434021,0.0008660932653583586,0.004335029516369104,0,0
F01_bounded_generic_film,0,small_rect_edge_test_0007,0.0,0.13064226508140564,0.0007232838543131948,0.004635130986571312,0,0
F01_bounded_generic_film,0,small_rect_edge_test_0008,0.0,0.22322094440460205,0.0015488049248233438,0.007360346615314484,0,0
F01_bounded_generic_film,0,small_rect_edge_test_0009,0.0,0.09638629853725433,0.0008569897618144751,0.004371683578938246,0,0
F01_bounded_generic_film,0,point_cluster_test_0000,0.0,0.09643919765949249,0.0008684754720889032,0.004395713564008474,0,0
F01_bounded_generic_film,0,point_cluster_test_0001,0.0,0.13973504304885864,0.0010904729133471847,0.005631448235362768,0,0
F01_bounded_generic_film,0,point_cluster_test_0002,0.0,0.09642457962036133,0.0010055205784738064,0.005119225475937128,0,0
F01_bounded_generic_film,0,point_cluster_test_0003,0.0,0.11946526169776917,0.0009276954806409776,0.004956393036991358,0,0
F01_bounded_generic_film,0,point_cluster_test_0004,0.0,0.09648522734642029,0.0011840598890557885,0.0059254905208945274,0,0
F01_bounded_generic_film,0,point_cluster_test_0005,0.0,0.10310247540473938,0.0012266328558325768,0.005726078990846872,0,0
F01_bounded_generic_film,0,point_cluster_test_0006,0.0,0.2243528962135315,0.0008898404776118696,0.0050102886743843555,0,0
F01_bounded_generic_film,0,point_cluster_test_0007,0.0,0.10904493927955627,0.000992183806374669,0.005104402545839548,0,0
F01_bounded_generic_film,0,point_cluster_test_0008,0.0,0.11124280095100403,0.0010191984474658966,0.005302547011524439,0,0
F01_bounded_generic_film,0,point_cluster_test_0009,0.0,0.0964004397392273,0.0007858718163333833,0.004263555631041527,0,0
F01_bounded_generic_film,0,point_cluster_test_0010,0.0,0.09632426500320435,0.001043667085468769,0.00487495306879282,0,0
F01_bounded_generic_film,0,point_cluster_test_0011,0.0,0.15957686305046082,0.0013030852423980832,0.007012618239969015,0,0
F01_bounded_generic_film,0,point_cluster_test_0012,0.0,0.1824551224708557,0.0011113915825262666,0.005988038145005703,0,0
F01_bounded_generic_film,0,point_cluster_test_0013,0.0,0.11763978004455566,0.001679940614849329,0.0073605128563940525,0,0
F01_bounded_generic_film,0,point_cluster_test_0014,0.0,0.11998048424720764,0.0009030534420162439,0.005083122290670872,0,0
F01_bounded_generic_film,0,point_cluster_test_0015,0.0,0.12359672784805298,0.0010860600741580129,0.006375310942530632,0,0
F01_bounded_generic_film,0,point_cluster_test_0016,0.0,0.0964297354221344,0.001111992634832859,0.00497024692595005,0,0
F01_bounded_generic_film,0,point_cluster_test_0017,0.0,0.13980141282081604,0.0009466996998526156,0.00520738959312439,0,0
F01_bounded_generic_film,0,point_cluster_test_0018,0.0,0.15900862216949463,0.001145075191743672,0.006057088728994131,0,0
F01_bounded_generic_film,0,point_cluster_test_0019,0.0,0.09636832773685455,0.0007211738266050816,0.004090854898095131,0,0
F01_bounded_generic_film,1,line_test_0000,0.0,0.013564296066761017,9.354989015264437e-05,0.00035362696507945657,0,0
F01_bounded_generic_film,1,line_test_0001,0.0,0.053825438022613525,0.0001424134970875457,0.0008224652265198529,0,0
F01_bounded_generic_film,1,line_test_0002,0.0,0.03168904781341553,0.00012072798563167453,0.0005649777594953775,0,0
F01_bounded_generic_film,1,line_test_0003,0.0,0.09095901250839233,0.00016998669889289886,0.0013211503392085433,0,0
F01_bounded_generic_film,1,line_test_0004,0.0,0.014420926570892334,8.775725291343406e-05,0.0002553109952714294,0,0
F01_bounded_generic_film,1,line_test_0005,0.0,0.007087406702339649,8.026784780668095e-05,0.00022367337078321725,0,0
F01_bounded_generic_film,1,line_test_0006,0.0,0.15031781792640686,0.00020723983470816165,0.0019355157855898142,0,0
F01_bounded_generic_film,1,line_test_0007,0.0,0.04840284585952759,0.00010635595390340313,0.0005623457254841924,0,0
F01_bounded_generic_film,1,line_test_0008,0.0,0.007166419178247452,9.872323425952345e-05,0.00032285283668898046,0,0
F01_bounded_generic_film,1,line_test_0009,0.0,0.05344042181968689,0.0001067995690391399,0.0005888140294700861,0,0
F01_bounded_generic_film,1,line_test_0010,0.0,0.03073658049106598,0.00011969971819780767,0.0006360926199704409,0,0
F01_bounded_generic_film,1,line_test_0011,0.0,0.2560838460922241,0.00015391579654533416,0.0031363049056380987,0,0
F01_bounded_generic_film,1,line_test_0012,0.0,0.05312657356262207,0.00012388176401145756,0.0008276394219137728,0,0
F01_bounded_generic_film,1,line_test_0013,0.0,0.03711310029029846,0.00012124266504542902,0.0007485199021175504,0,0
F01_bounded_generic_film,1,line_test_0014,0.0,0.006290378049015999,8.843005343805999e-05,0.0002509260957594961,0,0
F01_bounded_generic_film,1,line_test_0015,0.0,0.0955033004283905,0.00013418907474260777,0.0010172718903049827,0,0
F01_bounded_generic_film,1,line_test_0016,0.0,0.018344879150390625,0.00010908419062616304,0.00043544836807996035,0,0
F01_bounded_generic_film,1,line_test_0017,0.0,0.41517192125320435,0.0002004211419261992,0.005646522622555494,0,0
F01_bounded_generic_film,1,line_test_0018,0.0,0.02958260476589203,0.00011774728045566007,0.0006061962922103703,0,0
F01_bounded_generic_film,1,line_test_0019,0.0,0.021934330463409424,9.214334568241611e-05,0.00038957720971666276,0,0
F01_bounded_generic_film,1,cross_test_0000,0.0,0.031877607107162476,0.00011653761612251401,0.0005769006093032658,0,0
F01_bounded_generic_film,1,cross_test_0001,0.0,0.008839845657348633,9.327785664936528e-05,0.00026607821928337216,0,0
F01_bounded_generic_film,1,cross_test_0002,0.0,0.11962634325027466,0.00014198487042449415,0.0015682614175602794,0,0
F01_bounded_generic_film,1,cross_test_0003,0.0,0.08023107051849365,0.00015491632802877575,0.0011058904929086566,0,0
F01_bounded_generic_film,1,cross_test_0004,0.0,0.03453117609024048,0.00011879714293172583,0.0005979048437438905,0,0
F01_bounded_generic_film,1,cross_test_0005,0.0,0.025213301181793213,0.00012952531687915325,0.0006202099029906094,0,0
F01_bounded_generic_film,1,cross_test_0006,0.0,0.028559505939483643,9.660320938564837e-05,0.00046793336514383554,0,0
F01_bounded_generic_film,1,cross_test_0007,0.0,0.014467298984527588,0.00010719945566961542,0.0004752132808789611,0,0
F01_bounded_generic_film,1,cross_test_0008,0.0,0.09535133838653564,0.0001659135305089876,0.001061885035596788,0,0
F01_bounded_generic_film,1,cross_test_0009,0.0,0.035716354846954346,9.596246673027053e-05,0.00046844655298627913,0,0
F01_bounded_generic_film,1,cross_test_0010,0.0,0.027871131896972656,0.0001207317181979306,0.0006104711210355163,0,0
F01_bounded_generic_film,1,cross_test_0011,0.0,0.054772138595581055,0.00018776266369968653,0.0010294376406818628,0,0
F01_bounded_generic_film,1,cross_test_0012,0.0,0.0127028226852417,0.00011080316471634433,0.00040013541001826525,0,0
F01_bounded_generic_film,1,cross_test_0013,0.0,0.09480905532836914,0.00013888333342038095,0.001358561567030847,0,0
F01_bounded_generic_film,1,cross_test_0014,0.0,0.013944461941719055,0.00010753288370324299,0.00040678074583411217,0,0
F01_bounded_generic_film,1,L_shape_test_0000,0.0,0.06350314617156982,0.00018475773686077446,0.0013372752582654357,0,0
F01_bounded_generic_film,1,L_shape_test_0001,0.0,0.02441936731338501,0.00010630285396473482,0.00044472329318523407,0,0
F01_bounded_generic_film,1,L_shape_test_0002,0.0,0.03133302927017212,0.0001642820716369897,0.0008854956831783056,0,0
F01_bounded_generic_film,1,L_shape_test_0003,0.0,0.023471057415008545,0.00011995917157037184,0.00045308153494261205,0,0
F01_bounded_generic_film,1,L_shape_test_0004,0.0,0.028585493564605713,0.00013570449664257467,0.0005058223032392561,0,0
F01_bounded_generic_film,1,L_shape_test_0005,0.0,0.175202876329422,0.0001618663955014199,0.002053234726190567,0,0
F01_bounded_generic_film,1,L_shape_test_0006,0.0,0.0209122896194458,9.544077329337597e-05,0.0003715523052960634,0,0
F01_bounded_generic_film,1,L_shape_test_0007,0.0,0.019162140786647797,0.00012650417920667678,0.0005007644067518413,0,0
F01_bounded_generic_film,1,L_shape_test_0008,0.0,0.027404367923736572,0.00011942633864236996,0.0005916734226047993,0,0
F01_bounded_generic_film,1,L_shape_test_0009,0.0,0.042501986026763916,0.00014060318062547594,0.00081522052641958,0,0
F01_bounded_generic_film,1,L_shape_test_0010,0.0,0.041102468967437744,0.00013803337060380727,0.0006609430420212448,0,0
F01_bounded_generic_film,1,L_shape_test_0011,0.0,0.01718009263277054,9.236053301719949e-05,0.0002979138516820967,0,0
F01_bounded_generic_film,1,L_shape_test_0012,0.0,0.020286470651626587,0.00012459095160011202,0.0004974239855073392,0,0
F01_bounded_generic_film,1,L_shape_test_0013,0.0,0.0208742618560791,0.00012559340393636376,0.0004942420637235045,0,0
F01_bounded_generic_film,1,L_shape_test_0014,0.0,0.00970277190208435,0.00010990632290486246,0.0003838226548396051,0,0
F01_bounded_generic_film,1,L_shape_test_0015,0.0,0.019329547882080078,0.00010527484846534207,0.00039478912367485464,0,0
F01_bounded_generic_film,1,L_shape_test_0016,0.0,0.06400907039642334,0.0001230616617249325,0.0008113720687106252,0,0
F01_bounded_generic_film,1,L_shape_test_0017,0.0,0.022802412509918213,0.00012751074973493814,0.0004828835662920028,0,0
F01_bounded_generic_film,1,L_shape_test_0018,0.0,0.03291046619415283,0.00012658489868044853,0.0005618629511445761,0,0
F01_bounded_generic_film,1,L_shape_test_0019,0.0,0.03619512915611267,0.00012603614595718682,0.0006558774039149284,0,0
F01_bounded_generic_film,1,double_line_test_0000,0.0,0.14963066577911377,0.00011565902241272852,0.0015150097897276282,0,0
F01_bounded_generic_film,1,double_line_test_0001,0.0,0.15981805324554443,0.00021497822308447212,0.0016994812758639455,0,0
F01_bounded_generic_film,1,double_line_test_0002,0.0,0.1247103214263916,0.00012501630408223718,0.0016522424994036555,0,0
F01_bounded_generic_film,1,double_line_test_0003,0.0,0.01863044500350952,0.0001155194768216461,0.00038174670771695673,0,0
F01_bounded_generic_film,1,double_line_test_0004,0.0,0.024740219116210938,0.00013329231296665967,0.0005759632331319153,0,0
F01_bounded_generic_film,1,double_line_test_0005,0.0,0.34526777267456055,0.00016478604811709374,0.0036484752781689167,0,0
F01_bounded_generic_film,1,double_line_test_0006,0.0,0.11303651332855225,0.00020517196389846504,0.0015341899124905467,0,0
F01_bounded_generic_film,1,double_line_test_0007,0.0,0.027529150247573853,0.00011368603009032086,0.0005309034022502601,0,0
F01_bounded_generic_film,1,double_line_test_0008,0.0,0.10690033435821533,0.00016254385991487652,0.0015002868603914976,0,0
F01_bounded_generic_film,1,double_line_test_0009,0.0,0.01901555061340332,0.00010744308383436874,0.00046160220517776906,0,0
F01_bounded_generic_film,1,double_line_test_0010,0.0,0.054656386375427246,0.00011460112000349909,0.0007276819669641554,0,0
F01_bounded_generic_film,1,double_line_test_0011,0.0,0.006481260061264038,0.00010627686424413696,0.00027584302006289363,0,0
F01_bounded_generic_film,1,double_line_test_0012,0.0,0.01450955867767334,9.348317689727992e-05,0.00035430132993496954,0,0
F01_bounded_generic_film,1,double_line_test_0013,0.0,0.009497619234025478,9.93950743577443e-05,0.0002971872454509139,0,0
F01_bounded_generic_film,1,double_line_test_0014,0.0,0.2068258821964264,0.000201449787709862,0.002166284481063485,0,0
F01_bounded_generic_film,1,small_rect_edge_test_0000,0.0,0.30185580253601074,0.00014532514614984393,0.003007898572832346,0,0
F01_bounded_generic_film,1,small_rect_edge_test_0001,0.0,0.07719486951828003,0.00011597037519095466,0.0009137396118603647,0,0
F01_bounded_generic_film,1,small_rect_edge_test_0002,0.0,0.3723405599594116,0.0002118923148373142,0.004462058190256357,0,0
F01_bounded_generic_film,1,small_rect_edge_test_0003,0.0,0.025615811347961426,0.00010880560876103118,0.0005113543593324721,0,0
F01_bounded_generic_film,1,small_rect_edge_test_0004,0.0,0.04784756898880005,0.00017028568254318088,0.0011001607635989785,0,0
F01_bounded_generic_film,1,small_rect_edge_test_0005,0.0,0.048813819885253906,0.00017779534391593188,0.0010622937697917223,0,0
F01_bounded_generic_film,1,small_rect_edge_test_0006,0.0,0.023487500846385956,0.0001046249017235823,0.00039303695666603744,0,0
F01_bounded_generic_film,1,small_rect_edge_test_0007,0.0,0.09986758232116699,0.00012939075531903654,0.0011594316456466913,0,0
F01_bounded_generic_film,1,small_rect_edge_test_0008,0.0,0.11075842380523682,0.0002124063321389258,0.0018350316677242517,0,0
F01_bounded_generic_film,1,small_rect_edge_test_0009,0.0,0.04006993770599365,0.00012680994404945523,0.0008257242734543979,0,0
F01_bounded_generic_film,1,point_cluster_test_0000,0.0,0.05004507303237915,0.00012380967382341623,0.0008639173465780914,0,0
F01_bounded_generic_film,1,point_cluster_test_0001,0.0,0.04084789752960205,0.00015564555360469967,0.0007451197598129511,0,0
F01_bounded_generic_film,1,point_cluster_test_0002,0.0,0.15842938423156738,0.0001453120494261384,0.0018496561096981168,0,0
F01_bounded_generic_film,1,point_cluster_test_0003,0.0,0.07642515003681183,0.00011342117795720696,0.0008648319635540247,0,0
F01_bounded_generic_film,1,point_cluster_test_0004,0.0,0.016909480094909668,0.00015463431191165,0.000637327553704381,0,0
F01_bounded_generic_film,1,point_cluster_test_0005,0.0,0.13644132018089294,0.00016385078197345138,0.001560815959237516,0,0
F01_bounded_generic_film,1,point_cluster_test_0006,0.0,0.1945735216140747,0.0001264040038222447,0.001929725520312786,0,0
F01_bounded_generic_film,1,point_cluster_test_0007,0.0,0.03130924701690674,0.00013289328489918262,0.000748109829146415,0,0
F01_bounded_generic_film,1,point_cluster_test_0008,0.0,0.04499354958534241,0.00011785747483372688,0.0007534591131843626,0,0
F01_bounded_generic_film,1,point_cluster_test_0009,0.0,0.03211939334869385,0.00012074204278178513,0.0006124406936578453,0,0
F01_bounded_generic_film,1,point_cluster_test_0010,0.0,0.023959577083587646,0.0001519830693723634,0.0006726017454639077,0,0
F01_bounded_generic_film,1,point_cluster_test_0011,0.0,0.05130448937416077,0.00015102580073289573,0.000950523535721004,0,0
F01_bounded_generic_film,1,point_cluster_test_0012,0.0,0.08690398931503296,0.000183222015039064,0.0017690605018287897,0,0
F01_bounded_generic_film,1,point_cluster_test_0013,0.0,0.029321640729904175,0.0001955455372808501,0.0009291571332141757,0,0
F01_bounded_generic_film,1,point_cluster_test_0014,0.0,0.044732868671417236,0.00011552129581104964,0.0006514832493849099,0,0
F01_bounded_generic_film,1,point_cluster_test_0015,0.0,0.07166218757629395,0.0001740536536090076,0.0012693488970398903,0,0
F01_bounded_generic_film,1,point_cluster_test_0016,0.0,0.043156713247299194,0.00014842244854662567,0.0008132325019687414,0,0
F01_bounded_generic_film,1,point_cluster_test_0017,0.0,0.17040413618087769,0.00013613043120130897,0.0017747930251061916,0,0
F01_bounded_generic_film,1,point_cluster_test_0018,0.0,0.23935508728027344,0.0001924953394336626,0.0025949396658688784,0,0
F01_bounded_generic_film,1,point_cluster_test_0019,0.0,0.054941415786743164,0.00011209257354494184,0.000772295577917248,0,0
F01_bounded_generic_film,2,line_test_0000,0.0,0.021402955055236816,0.00013594588381238282,0.0007962144445627928,0,0
F01_bounded_generic_film,2,line_test_0001,0.0,0.029120296239852905,0.0002686845255084336,0.0011510095791891217,0,0
F01_bounded_generic_film,2,line_test_0002,0.0,0.02908402681350708,0.000257626612437889,0.001319396193139255,0,0
F01_bounded_generic_film,2,line_test_0003,0.0,0.06276124715805054,0.00032467511482536793,0.0018475292017683387,0,0
F01_bounded_generic_film,2,line_test_0004,0.0,0.07581394910812378,0.0001232220238307491,0.0010192745830863714,0,0
F01_bounded_generic_film,2,line_test_0005,0.0,0.013275355100631714,0.00012308651639614254,0.0005934293731115758,0,0
F01_bounded_generic_film,2,line_test_0006,0.0,0.08366107940673828,0.00022732267098035663,0.001719297026284039,0,0
F01_bounded_generic_film,2,line_test_0007,0.0,0.014099687337875366,0.00018833775538951159,0.0008594424580223858,0,0
F01_bounded_generic_film,2,line_test_0008,0.0,0.011974379420280457,0.00016046864038798958,0.0006829576450400054,0,0
F01_bounded_generic_film,2,line_test_0009,0.0,0.028466999530792236,0.00016266395687125623,0.0008242904441431165,0,0
F01_bounded_generic_film,2,line_test_0010,0.0,0.03737974166870117,0.00016638597298879176,0.0009636461036279798,0,0
F01_bounded_generic_film,2,line_test_0011,0.0,0.22346395254135132,0.0002047663292614743,0.0029767483938485384,0,0
F01_bounded_generic_film,2,line_test_0012,0.0,0.055554330348968506,0.0002068828762276098,0.0012056563282385468,0,0
F01_bounded_generic_film,2,line_test_0013,0.0,0.05190184712409973,0.00018576318689156324,0.0010166498832404613,0,0
F01_bounded_generic_film,2,line_test_0014,0.0,0.016280751675367355,0.00010780813317978755,0.0005743004148826003,0,0
F01_bounded_generic_film,2,line_test_0015,0.0,0.03338736295700073,0.00017889011360239238,0.001060432638041675,0,0
F01_bounded_generic_film,2,line_test_0016,0.0,0.02340465784072876,0.00024148070951923728,0.0011760115157812834,0,0
F01_bounded_generic_film,2,line_test_0017,0.0,0.16881215572357178,0.00017123222642112523,0.0022369492799043655,0,0
F01_bounded_generic_film,2,line_test_0018,0.0,0.02488262951374054,0.0001897873153211549,0.0009695519111119211,0,0
F01_bounded_generic_film,2,line_test_0019,0.0,0.0144939124584198,0.00017898919759318233,0.0008012916659936309,0,0
F01_bounded_generic_film,2,cross_test_0000,0.0,0.048101842403411865,0.00023751502158120275,0.0012187818065285683,0,0
F01_bounded_generic_film,2,cross_test_0001,0.0,0.02418828010559082,0.00021094418480060995,0.0009539509774185717,0,0
F01_bounded_generic_film,2,cross_test_0002,0.0,0.05034029483795166,0.00018933325191028416,0.0010853225830942392,0,0
F01_bounded_generic_film,2,cross_test_0003,0.0,0.05889648199081421,0.0003286653372924775,0.0018764958949759603,0,0
F01_bounded_generic_film,2,cross_test_0004,0.0,0.031711429357528687,0.00023621627769898623,0.001357323955744505,0,0
F01_bounded_generic_film,2,cross_test_0005,0.0,0.043537259101867676,0.0002799974172376096,0.001324191689491272,0,0
F01_bounded_generic_film,2,cross_test_0006,0.0,0.01309594139456749,0.00012149016401963308,0.0006625112146139145,0,0
F01_bounded_generic_film,2,cross_test_0007,0.0,0.01805105060338974,0.00013235367077868432,0.0007973893661983311,0,0
F01_bounded_generic_film,2,cross_test_0008,0.0,0.027080893516540527,0.0003295334754511714,0.0015784288989380002,0,0
F01_bounded_generic_film,2,cross_test_0009,0.0,0.03611940145492554,0.00015400083793792874,0.0008535196539014578,0,0
F01_bounded_generic_film,2,cross_test_0010,0.0,0.02160733938217163,0.00021186147932894528,0.0010828335070982575,0,0
F01_bounded_generic_film,2,cross_test_0011,0.0,0.05687922239303589,0.00035668088821694255,0.0017904099076986313,0,0
F01_bounded_generic_film,2,cross_test_0012,0.0,0.019150137901306152,0.00021584425121545792,0.001135486294515431,0,0
F01_bounded_generic_film,2,cross_test_0013,0.0,0.043806493282318115,0.0002600306470412761,0.0011725140502676368,0,0
F01_bounded_generic_film,2,cross_test_0014,0.0,0.016306698322296143,0.00015140559116844088,0.000708488340023905,0,0
F01_bounded_generic_film,2,L_shape_test_0000,0.0,0.049104392528533936,0.0003521554754115641,0.0015286258421838284,0,0
F01_bounded_generic_film,2,L_shape_test_0001,0.0,0.015709280967712402,0.00015534565318375826,0.0006986187072470784,0,0
F01_bounded_generic_film,2,L_shape_test_0002,0.0,0.048635780811309814,0.0003650117723736912,0.0016624941490590572,0,0
F01_bounded_generic_film,2,L_shape_test_0003,0.0,0.04283440113067627,0.00023569108452647924,0.0010189751628786325,0,0
F01_bounded_generic_film,2,L_shape_test_0004,0.0,0.017915725708007812,0.0003037595597561449,0.0010743933962658048,0,0
F01_bounded_generic_film,2,L_shape_test_0005,0.0,0.06631866097450256,0.00024385481083299965,0.0012121086474508047,0,0
F01_bounded_generic_film,2,L_shape_test_0006,0.0,0.022365480661392212,0.00013378317817114294,0.0006936579011380672,0,0
F01_bounded_generic_film,2,L_shape_test_0007,0.0,0.03581887483596802,0.0002400116209173575,0.0010531636653468013,0,0
F01_bounded_generic_film,2,L_shape_test_0008,0.0,0.023962676525115967,0.00021314217883627862,0.0009374158107675612,0,0
F01_bounded_generic_film,2,L_shape_test_0009,0.0,0.04371684789657593,0.000356438074959442,0.0014487341977655888,0,0
F01_bounded_generic_film,2,L_shape_test_0010,0.0,0.03295111656188965,0.0002357826306251809,0.0011929238680750132,0,0
F01_bounded_generic_film,2,L_shape_test_0011,0.0,0.07884132862091064,0.00012704973050858825,0.0009797046659514308,0,0
F01_bounded_generic_film,2,L_shape_test_0012,0.0,0.029499411582946777,0.00021512793318834156,0.001033000648021698,0,0
F01_bounded_generic_film,2,L_shape_test_0013,0.0,0.013152599334716797,0.0001987471041502431,0.000846594397444278,0,0
F01_bounded_generic_film,2,L_shape_test_0014,0.0,0.01530507206916809,0.00016712545766495168,0.0007898355834186077,0,0
F01_bounded_generic_film,2,L_shape_test_0015,0.0,0.05676001310348511,0.0002248504461022094,0.001021345960907638,0,0
F01_bounded_generic_film,2,L_shape_test_0016,0.0,0.019172757863998413,0.00020751479314640164,0.0008958103135228157,0,0
F01_bounded_generic_film,2,L_shape_test_0017,0.0,0.026198089122772217,0.00025272511993534863,0.001068281359039247,0,0
F01_bounded_generic_film,2,L_shape_test_0018,0.0,0.024535834789276123,0.00019576818158384413,0.0008087989408522844,0,0
F01_bounded_generic_film,2,L_shape_test_0019,0.0,0.022480547428131104,0.00021379019017331302,0.0010788297513499856,0,0
F01_bounded_generic_film,2,double_line_test_0000,0.0,0.07542604207992554,0.0001649206387810409,0.001098176115192473,0,0
F01_bounded_generic_film,2,double_line_test_0001,0.0,0.08493661880493164,0.00038045772816985846,0.0021105315536260605,0,0
F01_bounded_generic_film,2,double_line_test_0002,0.0,0.17272061109542847,0.00023787232930772007,0.0024030960630625486,0,0
F01_bounded_generic_film,2,double_line_test_0003,0.0,0.021792590618133545,0.0002577465202193707,0.0010184404673054814,0,0
F01_bounded_generic_film,2,double_line_test_0004,0.0,0.025283992290496826,0.00024178085732273757,0.0010480653727427125,0,0
F01_bounded_generic_film,2,double_line_test_0005,0.0,0.198746919631958,0.00023918179795145988,0.0022961802314966917,0,0
F01_bounded_generic_film,2,double_line_test_0006,0.0,0.05176234245300293,0.00046426051994785666,0.0023109435569494963,0,0
F01_bounded_generic_film,2,double_line_test_0007,0.0,0.02434214949607849,0.0002396745840087533,0.0010427878005430102,0,0
F01_bounded_generic_film,2,double_line_test_0008,0.0,0.06514334678649902,0.0002874748897738755,0.0013304175809025764,0,0
F01_bounded_generic_film,2,double_line_test_0009,0.0,0.013748914003372192,0.00017770884733181447,0.0007098084315657616,0,0
F01_bounded_generic_film,2,double_line_test_0010,0.0,0.031157374382019043,0.00027841838891617954,0.0012210787972435355,0,0
F01_bounded_generic_film,2,double_line_test_0011,0.0,0.013052962720394135,0.00015249027637764812,0.0006132368580438197,0,0
F01_bounded_generic_film,2,double_line_test_0012,0.0,0.012477636337280273,0.00014170163194648921,0.0006884846952743828,0,0
F01_bounded_generic_film,2,double_line_test_0013,0.0,0.01585698127746582,0.0002891192852985114,0.0011512191267684102,0,0
F01_bounded_generic_film,2,double_line_test_0014,0.0,0.08607262372970581,0.0003770188777707517,0.001657117740251124,0,0
F01_bounded_generic_film,2,small_rect_edge_test_0000,0.0,0.08442533016204834,0.00014461700629908592,0.001241264515556395,0,0
F01_bounded_generic_film,2,small_rect_edge_test_0001,0.0,0.04789692163467407,0.00022375881962943822,0.0012276559136807919,0,0
F01_bounded_generic_film,2,small_rect_edge_test_0002,0.0,0.14554470777511597,0.00024721259251236916,0.0023372045252472162,0,0
F01_bounded_generic_film,2,small_rect_edge_test_0003,0.0,0.018326222896575928,0.00022449158132076263,0.0010295684915035963,0,0
F01_bounded_generic_film,2,small_rect_edge_test_0004,0.0,0.1270073652267456,0.00031761612626723945,0.0020252063404768705,0,0
F01_bounded_generic_film,2,small_rect_edge_test_0005,0.0,0.05765676498413086,0.00028150167781859636,0.001741025596857071,0,0
F01_bounded_generic_film,2,small_rect_edge_test_0006,0.0,0.015549816191196442,0.00017940497491508722,0.0008206348866224289,0,0
F01_bounded_generic_film,2,small_rect_edge_test_0007,0.0,0.13746684789657593,0.00026363946381025016,0.002147643594071269,0,0
F01_bounded_generic_film,2,small_rect_edge_test_0008,0.0,0.13564956188201904,0.0004023611545562744,0.002512589329853654,0,0
F01_bounded_generic_film,2,small_rect_edge_test_0009,0.0,0.035514891147613525,0.00018098586588166654,0.0009252536110579967,0,0
F01_bounded_generic_film,2,point_cluster_test_0000,0.0,0.02192533016204834,0.00018010562052950263,0.0008585629984736443,0,0
F01_bounded_generic_film,2,point_cluster_test_0001,0.0,0.0533408522605896,0.00023122952552512288,0.0012739795492962003,0,0
F01_bounded_generic_film,2,point_cluster_test_0002,0.0,0.07680201530456543,0.00019427522784098983,0.001309479121118784,0,0
F01_bounded_generic_film,2,point_cluster_test_0003,0.0,0.02800944447517395,0.00015681801596656442,0.0008670134120620787,0,0
F01_bounded_generic_film,2,point_cluster_test_0004,0.0,0.03264874219894409,0.0002612140087876469,0.001346676261164248,0,0
F01_bounded_generic_film,2,point_cluster_test_0005,0.0,0.055086612701416016,0.00024052274238783866,0.001274394104257226,0,0
F01_bounded_generic_film,2,point_cluster_test_0006,0.0,0.18167215585708618,0.00020745744404848665,0.0028195888735353947,0,0
F01_bounded_generic_film,2,point_cluster_test_0007,0.0,0.04714927077293396,0.00021327192371245474,0.0012113850098103285,0,0
F01_bounded_generic_film,2,point_cluster_test_0008,0.0,0.018175065517425537,0.00016896429588086903,0.000904568238183856,0,0
F01_bounded_generic_film,2,point_cluster_test_0009,0.0,0.03158915042877197,0.00014854551409371197,0.0008717571618035436,0,0
F01_bounded_generic_film,2,point_cluster_test_0010,0.0,0.027037978172302246,0.00023564419825561345,0.0010931647848337889,0,0
F01_bounded_generic_film,2,point_cluster_test_0011,0.0,0.043888092041015625,0.00022810036898590624,0.0012697601923719049,0,0
F01_bounded_generic_film,2,point_cluster_test_0012,0.0,0.23310041427612305,0.0003373290237504989,0.0037749302573502064,0,0
F01_bounded_generic_film,2,point_cluster_test_0013,0.0,0.03643180429935455,0.00040344943408854306,0.001968777272850275,0,0
F01_bounded_generic_film,2,point_cluster_test_0014,0.0,0.0461447536945343,0.00016371466335840523,0.0010154483607038856,0,0
F01_bounded_generic_film,2,point_cluster_test_0015,0.0,0.0939791202545166,0.00025487563107162714,0.001846412429586053,0,0
F01_bounded_generic_film,2,point_cluster_test_0016,0.0,0.022724270820617676,0.00019633473129943013,0.0009098371374420822,0,0
F01_bounded_generic_film,2,point_cluster_test_0017,0.0,0.1184999942779541,0.00019559274369385093,0.0017167918849736452,0,0
F01_bounded_generic_film,2,point_cluster_test_0018,0.0,0.10922050476074219,0.00022177833307068795,0.0016689803451299667,0,0
F01_bounded_generic_film,2,point_cluster_test_0019,0.0,0.01350441575050354,0.00012249225983396173,0.0005768377450294793,0,0
F02_residual_film_gate,0,line_test_0000,0.0,0.03688466548919678,0.00040014542173594236,0.0011873572366312146,0,0
F02_residual_film_gate,0,line_test_0001,0.0,0.0392707884311676,0.0006682098610326648,0.0016773105598986149,0,0
F02_residual_film_gate,0,line_test_0002,0.0,0.029551178216934204,0.0006307099247351289,0.0018745787674561143,0,0
F02_residual_film_gate,0,line_test_0003,0.0,0.05160805583000183,0.0007836677832528949,0.002879238221794367,0,0
F02_residual_film_gate,0,line_test_0004,0.0,0.03078693151473999,0.0003360859991516918,0.0007201177650131285,0,0
F02_residual_film_gate,0,line_test_0005,0.0,0.01802077889442444,0.0004349594528321177,0.0010663449065759778,0,0
F02_residual_film_gate,0,line_test_0006,0.0,0.08037757873535156,0.0006057466380298138,0.0026934901252388954,0,0
F02_residual_film_gate,0,line_test_0007,0.0,0.03965258598327637,0.000499636575113982,0.0014129120390862226,0,0
F02_residual_film_gate,0,line_test_0008,0.0,0.016798436641693115,0.0005443789414130151,0.0012038609711453319,0,0
F02_residual_film_gate,0,line_test_0009,0.0,0.03556013107299805,0.000474976230179891,0.0012848316691815853,0,0
F02_residual_film_gate,0,line_test_0010,0.0,0.03101050853729248,0.00044124681153334677,0.001283847726881504,0,0
F02_residual_film_gate,0,line_test_0011,0.0,0.08011025190353394,0.0004695212410297245,0.0015278435312211514,0,0
F02_residual_film_gate,0,line_test_0012,0.0,0.032001227140426636,0.000540519249625504,0.0017086094012483954,0,0
F02_residual_film_gate,0,line_test_0013,0.0,0.036447346210479736,0.0005697603337466717,0.0015377692179754376,0,0
F02_residual_film_gate,0,line_test_0014,0.0,0.02272002398967743,0.00034590871655382216,0.0007628683815710247,0,0
F02_residual_film_gate,0,line_test_0015,0.0,0.036327481269836426,0.000453299522632733,0.0014238139847293496,0,0
F02_residual_film_gate,0,line_test_0016,0.0,0.025563746690750122,0.0006037685088813305,0.0017034463817253709,0,0
F02_residual_film_gate,0,line_test_0017,0.0,0.024527281522750854,0.0003654992033261806,0.0007910629501566291,0,0
F02_residual_film_gate,0,line_test_0018,0.0,0.04259517788887024,0.000501970702316612,0.0014283027267083526,0,0
F02_residual_film_gate,0,line_test_0019,0.0,0.030406594276428223,0.00048241205513477325,0.0012783792335540056,0,0
F02_residual_film_gate,0,cross_test_0000,0.0,0.04178512096405029,0.0006783868884667754,0.0021110447123646736,0,0
F02_residual_film_gate,0,cross_test_0001,0.0,0.027457714080810547,0.0005402248934842646,0.0012740023666992784,0,0
F02_residual_film_gate,0,cross_test_0002,0.0,0.055752575397491455,0.00047250595525838435,0.0015557484002783895,0,0
F02_residual_film_gate,0,cross_test_0003,0.0,0.037234604358673096,0.0006384100415743887,0.00201086956076324,0,0
F02_residual_film_gate,0,cross_test_0004,0.0,0.03061777353286743,0.0006012521917000413,0.0017937869997695088,0,0
F02_residual_film_gate,0,cross_test_0005,0.0,0.0433008074760437,0.0007566846907138824,0.0020954511128365993,0,0
F02_residual_film_gate,0,cross_test_0006,0.0,0.016716226935386658,0.0003772919299080968,0.0008959639235399663,0,0
F02_residual_film_gate,0,cross_test_0007,0.0,0.026585742831230164,0.00042000989196822047,0.001117113744840026,0,0
F02_residual_film_gate,0,cross_test_0008,0.0,0.04357251524925232,0.0008207487990148365,0.0027147424407303333,0,0
F02_residual_film_gate,0,cross_test_0009,0.0,0.043771207332611084,0.00045064787263982,0.0013173084007576108,0,0
F02_residual_film_gate,0,cross_test_0010,0.0,0.044139862060546875,0.0005926796584390104,0.0018220277270302176,0,0
F02_residual_film_gate,0,cross_test_0011,0.0,0.05827301740646362,0.0009588407701812685,0.0031695831567049026,0,0
F02_residual_film_gate,0,cross_test_0012,0.0,0.028468981385231018,0.0004574397171381861,0.0012059748405590653,0,0
F02_residual_film_gate,0,cross_test_0013,0.0,0.022886723279953003,0.0006870729266665876,0.0017705356003716588,0,0
F02_residual_film_gate,0,cross_test_0014,0.0,0.020301461219787598,0.00047093190369196236,0.0011704405769705772,0,0
F02_residual_film_gate,0,L_shape_test_0000,0.0,0.03763619065284729,0.000919239828363061,0.0026416045147925615,0,0
F02_residual_film_gate,0,L_shape_test_0001,0.0,0.024661213159561157,0.00045225280337035656,0.001053742365911603,0,0
F02_residual_film_gate,0,L_shape_test_0002,0.0,0.042856454849243164,0.0008254216518253088,0.0022772480733692646,0,0
F02_residual_film_gate,0,L_shape_test_0003,0.0,0.05962216854095459,0.0006051021046005189,0.0016405141213908792,0,0
F02_residual_film_gate,0,L_shape_test_0004,0.0,0.023017466068267822,0.0006708987639285624,0.0016185136046260595,0,0
F02_residual_film_gate,0,L_shape_test_0005,0.0,0.01953805983066559,0.0006454677786678076,0.0016325374599546194,0,0
F02_residual_film_gate,0,L_shape_test_0006,0.0,0.02537238597869873,0.0004290330980438739,0.0009986748918890953,0,0
F02_residual_film_gate,0,L_shape_test_0007,0.0,0.03235936164855957,0.0006082543404772878,0.0015345790889114141,0,0
F02_residual_film_gate,0,L_shape_test_0008,0.0,0.02395537495613098,0.0004690432397183031,0.001072513754479587,0,0
F02_residual_film_gate,0,L_shape_test_0009,0.0,0.04498136043548584,0.0007838801830075681,0.0019848342053592205,0,0
F02_residual_film_gate,0,L_shape_test_0010,0.0,0.028355836868286133,0.0004807390214409679,0.0012261857045814395,0,0
F02_residual_film_gate,0,L_shape_test_0011,0.0,0.019856899976730347,0.00038342823972925544,0.0008068055612966418,0,0
F02_residual_film_gate,0,L_shape_test_0012,0.0,0.023944735527038574,0.0004921908839605749,0.001174809061922133,0,0
F02_residual_film_gate,0,L_shape_test_0013,0.0,0.02340090274810791,0.000544149661436677,0.0012718281941488385,0,0
F02_residual_film_gate,0,L_shape_test_0014,0.0,0.022065281867980957,0.00046518599265255034,0.0011588993947952986,0,0
F02_residual_film_gate,0,L_shape_test_0015,0.0,0.040719836950302124,0.0006119635654613376,0.0013932514702901244,0,0
F02_residual_film_gate,0,L_shape_test_0016,0.0,0.029162108898162842,0.0004995507770217955,0.0011542964493855834,0,0
F02_residual_film_gate,0,L_shape_test_0017,0.0,0.03859424591064453,0.0007016018498688936,0.001780497026629746,0,0
F02_residual_film_gate,0,L_shape_test_0018,0.0,0.034679532051086426,0.0005081458948552608,0.0011179073480889201,0,0
F02_residual_film_gate,0,L_shape_test_0019,0.0,0.038839876651763916,0.000532922800630331,0.0015577710000798106,0,0
F02_residual_film_gate,0,double_line_test_0000,0.0,0.044151246547698975,0.00044578686356544495,0.0012295565102249384,0,0
F02_residual_film_gate,0,double_line_test_0001,0.0,0.08056378364562988,0.0009788873139768839,0.0037414762191474438,0,0
F02_residual_film_gate,0,double_line_test_0002,0.0,0.03924816846847534,0.00039752558222971857,0.001002374105155468,0,0
F02_residual_film_gate,0,double_line_test_0003,0.0,0.03051048517227173,0.000565284222830087,0.0011880988022312522,0,0
F02_residual_film_gate,0,double_line_test_0004,0.0,0.04370561242103577,0.0006855573155917227,0.002013556892052293,0,0
F02_residual_film_gate,0,double_line_test_0005,0.0,0.03963926434516907,0.00044348384835757315,0.0011037815129384398,0,0
F02_residual_film_gate,0,double_line_test_0006,0.0,0.05401873588562012,0.0008646980859339237,0.002665530890226364,0,0
F02_residual_film_gate,0,double_line_test_0007,0.0,0.037993788719177246,0.0005869054002687335,0.0014669932425022125,0,0
F02_residual_film_gate,0,double_line_test_0008,0.0,0.04619121551513672,0.0007158531807363033,0.0019052167190238833,0,0
F02_residual_film_gate,0,double_line_test_0009,0.0,0.02871328592300415,0.0005150740616954863,0.00120288145262748,0,0
F02_residual_film_gate,0,double_line_test_0010,0.0,0.02876681089401245,0.0005636766436509788,0.0013380200834944844,0,0
F02_residual_film_gate,0,double_line_test_0011,0.0,0.015299864113330841,0.0004284895840100944,0.0008188499487005174,0,0
F02_residual_film_gate,0,double_line_test_0012,0.0,0.017014622688293457,0.0004038452752865851,0.0009437658009119332,0,0
F02_residual_film_gate,0,double_line_test_0013,0.0,0.016180813312530518,0.000623467203695327,0.0013351606903597713,0,0
F02_residual_film_gate,0,double_line_test_0014,0.0,0.036797165870666504,0.0008444151608273387,0.0022821123711764812,0,0
F02_residual_film_gate,0,small_rect_edge_test_0000,0.0,0.02914029359817505,0.00040574674494564533,0.001200773986056447,0,0
F02_residual_film_gate,0,small_rect_edge_test_0001,0.0,0.03620493412017822,0.0005234298296272755,0.0014477940276265144,0,0
F02_residual_film_gate,0,small_rect_edge_test_0002,0.0,0.02922573685646057,0.0004601835971698165,0.0010417030425742269,0,0
F02_residual_film_gate,0,small_rect_edge_test_0003,0.0,0.029445528984069824,0.000588984286878258,0.0015288629801943898,0,0
F02_residual_film_gate,0,small_rect_edge_test_0004,0.0,0.08583691716194153,0.0009419211419299245,0.0035101540852338076,0,0
F02_residual_film_gate,0,small_rect_edge_test_0005,0.0,0.03946775197982788,0.0006548370001837611,0.0021313854958862066,0,0
F02_residual_film_gate,0,small_rect_edge_test_0006,0.0,0.017543315887451172,0.0005201399326324463,0.001231120782904327,0,0
F02_residual_film_gate,0,small_rect_edge_test_0007,0.0,0.05843731760978699,0.0004554211627691984,0.0014160394202917814,0,0
F02_residual_film_gate,0,small_rect_edge_test_0008,0.0,0.08623385429382324,0.0009940117597579956,0.003678394015878439,0,0
F02_residual_film_gate,0,small_rect_edge_test_0009,0.0,0.03535047173500061,0.0004854154249187559,0.0011508057359606028,0,0
F02_residual_film_gate,0,point_cluster_test_0000,0.0,0.028967857360839844,0.0005518560647033155,0.0014630418736487627,0,0
F02_residual_film_gate,0,point_cluster_test_0001,0.0,0.04846084117889404,0.0006323521374724805,0.002094802912324667,0,0
F02_residual_film_gate,0,point_cluster_test_0002,0.0,0.032691001892089844,0.0005530750495381653,0.0016178369987756014,0,0
F02_residual_film_gate,0,point_cluster_test_0003,0.0,0.04505118727684021,0.0004859075415879488,0.001475336728617549,0,0
F02_residual_film_gate,0,point_cluster_test_0004,0.0,0.037950217723846436,0.0006323536508716643,0.002017677528783679,0,0
F02_residual_film_gate,0,point_cluster_test_0005,0.0,0.027128219604492188,0.0005968000623397529,0.001682839822024107,0,0
F02_residual_film_gate,0,point_cluster_test_0006,0.0,0.13327568769454956,0.0005361660732887685,0.002243967028334737,0,0
F02_residual_film_gate,0,point_cluster_test_0007,0.0,0.040191322565078735,0.0006077135330997407,0.0019266576273366809,0,0
F02_residual_film_gate,0,point_cluster_test_0008,0.0,0.059157222509384155,0.0005674386629834771,0.0019402796169742942,0,0
F02_residual_film_gate,0,point_cluster_test_0009,0.0,0.051639676094055176,0.0004158323281444609,0.0012916880659759045,0,0
F02_residual_film_gate,0,point_cluster_test_0010,0.0,0.02437007427215576,0.0005540053825825453,0.0014347318792715669,0,0
F02_residual_film_gate,0,point_cluster_test_0011,0.0,0.05298745632171631,0.0007344417972490191,0.0025757800322026014,0,0
F02_residual_film_gate,0,point_cluster_test_0012,0.0,0.0665820837020874,0.0005638747243210673,0.0019947581458836794,0,0
F02_residual_film_gate,0,point_cluster_test_0013,0.0,0.04760289192199707,0.0008686159271746874,0.0026712592225521803,0,0
F02_residual_film_gate,0,point_cluster_test_0014,0.0,0.03193369507789612,0.00046850857324898243,0.0015092601533979177,0,0
F02_residual_film_gate,0,point_cluster_test_0015,0.0,0.05304187536239624,0.0004945357795804739,0.0017677652649581432,0,0
F02_residual_film_gate,0,point_cluster_test_0016,0.0,0.02959182858467102,0.000624559004791081,0.0015499336877837777,0,0
F02_residual_film_gate,0,point_cluster_test_0017,0.0,0.04479169845581055,0.0004774824483320117,0.0015103708719834685,0,0
F02_residual_film_gate,0,point_cluster_test_0018,0.0,0.044547080993652344,0.0006009023054502904,0.00206471118144691,0,0
F02_residual_film_gate,0,point_cluster_test_0019,0.0,0.030907094478607178,0.00044845943921245635,0.0012653609737753868,0,0
F02_residual_film_gate,1,line_test_0000,0.0,0.08804164826869965,0.000800393579993397,0.0033278216142207384,0,0
F02_residual_film_gate,1,line_test_0001,0.0,0.08786138892173767,0.0011213963152840734,0.0039911228232085705,0,0
F02_residual_film_gate,1,line_test_0002,0.0,0.08794344961643219,0.0009858967969194055,0.0038722658064216375,0,0
F02_residual_film_gate,1,line_test_0003,0.0,0.08774816989898682,0.0011659354204311967,0.00498376926407218,0,0
F02_residual_film_gate,1,line_test_0004,0.0,0.08807671070098877,0.0007862912025302649,0.0032401280477643013,0,0
F02_residual_film_gate,1,line_test_0005,0.0,0.08798448741436005,0.0007892787107266486,0.003323976881802082,0,0
F02_residual_film_gate,1,line_test_0006,0.0,0.10139957070350647,0.0010198059026151896,0.0045502400025725365,0,0
F02_residual_film_gate,1,line_test_0007,0.0,0.08792468905448914,0.0008744352962821722,0.0034369102213531733,0,0
F02_residual_film_gate,1,line_test_0008,0.0,0.08790355920791626,0.0009069856023415923,0.0034519650507718325,0,0
F02_residual_film_gate,1,line_test_0009,0.0,0.08794954419136047,0.0008667581132613122,0.003489707363769412,0,0
F02_residual_film_gate,1,line_test_0010,0.0,0.08790768682956696,0.0008592621888965368,0.0035369321703910828,0,0
F02_residual_film_gate,1,line_test_0011,0.0,0.1359286904335022,0.0008973953081294894,0.0036197348963469267,0,0
F02_residual_film_gate,1,line_test_0012,0.0,0.08801178634166718,0.0009113282430917025,0.0037482711486518383,0,0
F02_residual_film_gate,1,line_test_0013,0.0,0.08793701231479645,0.0009014166425913572,0.003551807953044772,0,0
F02_residual_film_gate,1,line_test_0014,0.0,0.08805966377258301,0.0007798774749971926,0.0032315233256667852,0,0
F02_residual_film_gate,1,line_test_0015,0.0,0.08805711567401886,0.0008950451738201082,0.0037557967007160187,0,0
F02_residual_film_gate,1,line_test_0016,0.0,0.08788487315177917,0.0009417598485015333,0.003605256322771311,0,0
F02_residual_film_gate,1,line_test_0017,0.0,0.13923197984695435,0.0008879504166543484,0.0038654617965221405,0,0
F02_residual_film_gate,1,line_test_0018,0.0,0.0879472941160202,0.0009168379474431276,0.0036843521520495415,0,0
F02_residual_film_gate,1,line_test_0019,0.0,0.08795097470283508,0.0008045514696277678,0.0033066831529140472,0,0
F02_residual_film_gate,1,cross_test_0000,0.0,0.08761061728000641,0.0009530437528155744,0.003720973851159215,0,0
F02_residual_film_gate,1,cross_test_0001,0.0,0.08795589208602905,0.0009103075135499239,0.0035337016452103853,0,0
F02_residual_film_gate,1,cross_test_0002,0.0,0.08809798955917358,0.0009829242480918765,0.0037944535724818707,0,0
F02_residual_film_gate,1,cross_test_0003,0.0,0.08816385269165039,0.001154016237705946,0.00441837077960372,0,0
F02_residual_film_gate,1,cross_test_0004,0.0,0.08807653188705444,0.0010535265319049358,0.004286660812795162,0,0
F02_residual_film_gate,1,cross_test_0005,0.0,0.08779068291187286,0.0011729298857972026,0.0043359724804759026,0,0
F02_residual_film_gate,1,cross_test_0006,0.0,0.08795097470283508,0.0007914775051176548,0.003282780759036541,0,0
F02_residual_film_gate,1,cross_test_0007,0.0,0.08810068666934967,0.0009131724946200848,0.0037314032670110464,0,0
F02_residual_film_gate,1,cross_test_0008,0.0,0.0878327339887619,0.0010844665812328458,0.004108944907784462,0,0
F02_residual_film_gate,1,cross_test_0009,0.0,0.08798442780971527,0.0008533330983482301,0.003497911151498556,0,0
F02_residual_film_gate,1,cross_test_0010,0.0,0.08780205249786377,0.0009442715672776103,0.003782175714150071,0,0
F02_residual_film_gate,1,cross_test_0011,0.0,0.08801212906837463,0.0013141304953023791,0.004907476715743542,0,0
F02_residual_film_gate,1,cross_test_0012,0.0,0.08800302445888519,0.0009318977827206254,0.003645461518317461,0,0
F02_residual_film_gate,1,cross_test_0013,0.0,0.08790212869644165,0.0010076670441776514,0.00376083399169147,0,0
F02_residual_film_gate,1,cross_test_0014,0.0,0.08790944516658783,0.0008756190072745085,0.003511558985337615,0,0
F02_residual_film_gate,1,L_shape_test_0000,0.0,0.08801315724849701,0.0012594254221767187,0.004564087372273207,0,0
F02_residual_film_gate,1,L_shape_test_0001,0.0,0.08807653188705444,0.000843895657453686,0.003358282847329974,0,0
F02_residual_film_gate,1,L_shape_test_0002,0.0,0.08773063123226166,0.0012210911372676492,0.004513964522629976,0,0
F02_residual_film_gate,1,L_shape_test_0003,0.0,0.08993315696716309,0.0009818337857723236,0.003724542213603854,0,0
F02_residual_film_gate,1,L_shape_test_0004,0.0,0.08785971999168396,0.00113277742639184,0.003834618953987956,0,0
F02_residual_film_gate,1,L_shape_test_0005,0.0,0.08794204890727997,0.0010578426299616694,0.003898940049111843,0,0
F02_residual_film_gate,1,L_shape_test_0006,0.0,0.08795449137687683,0.0008199909352697432,0.0032958330120891333,0,0
F02_residual_film_gate,1,L_shape_test_0007,0.0,0.08806155622005463,0.0010245890589430928,0.003641067538410425,0,0
F02_residual_film_gate,1,L_shape_test_0008,0.0,0.08776815235614777,0.0009419606067240238,0.0036068521440029144,0,0
F02_residual_film_gate,1,L_shape_test_0009,0.0,0.08757637441158295,0.0010325650218874216,0.003821906866505742,0,0
F02_residual_film_gate,1,L_shape_test_0010,0.0,0.08795996010303497,0.0009544659988023341,0.003599334741011262,0,0
F02_residual_film_gate,1,L_shape_test_0011,0.0,0.08805574476718903,0.0008111612405627966,0.0032769213430583477,0,0
F02_residual_film_gate,1,L_shape_test_0012,0.0,0.0880148708820343,0.0009527962538413703,0.003517923643812537,0,0
F02_residual_film_gate,1,L_shape_test_0013,0.0,0.08804336190223694,0.0009795768419280648,0.0035571379121392965,0,0
F02_residual_film_gate,1,L_shape_test_0014,0.0,0.08808690309524536,0.0008897448424249887,0.0034799000713974237,0,0
F02_residual_film_gate,1,L_shape_test_0015,0.0,0.08806270360946655,0.0009062010212801397,0.003367719706147909,0,0
F02_residual_film_gate,1,L_shape_test_0016,0.0,0.0879281759262085,0.0009516640566289425,0.0035270354710519314,0,0
F02_residual_film_gate,1,L_shape_test_0017,0.0,0.0879443883895874,0.0010440066689625382,0.003717469284310937,0,0
F02_residual_film_gate,1,L_shape_test_0018,0.0,0.08787980675697327,0.0009664668468758464,0.003566272556781769,0,0
F02_residual_film_gate,1,L_shape_test_0019,0.0,0.08795221149921417,0.000969664310105145,0.003930704668164253,0,0
F02_residual_film_gate,1,double_line_test_0000,0.0,0.08775225281715393,0.0008094704244285822,0.00342148938216269,0,0
F02_residual_film_gate,1,double_line_test_0001,0.0,0.08810801804065704,0.0012752455659210682,0.004657536279410124,0,0
F02_residual_film_gate,1,double_line_test_0002,0.0,0.08818811178207397,0.0009174045990221202,0.0034568055998533964,0,0
F02_residual_film_gate,1,double_line_test_0003,0.0,0.08802290260791779,0.0009273280738852918,0.003363955533131957,0,0
F02_residual_film_gate,1,double_line_test_0004,0.0,0.08809486031532288,0.0011041632387787104,0.003897232934832573,0,0
F02_residual_film_gate,1,double_line_test_0005,0.0,0.16709136962890625,0.0010452501010149717,0.003839357988908887,0,0
F02_residual_film_gate,1,double_line_test_0006,0.0,0.08803480863571167,0.0012240444775670767,0.004197122063487768,0,0
F02_residual_film_gate,1,double_line_test_0007,0.0,0.08775284886360168,0.0009557639132253826,0.0036348921712487936,0,0
F02_residual_film_gate,1,double_line_test_0008,0.0,0.09145045280456543,0.0010408640373498201,0.004086722619831562,0,0
F02_residual_film_gate,1,double_line_test_0009,0.0,0.0877700001001358,0.0008679093443788588,0.0033637036103755236,0,0
F02_residual_film_gate,1,double_line_test_0010,0.0,0.08801357448101044,0.0009900288423523307,0.003620235016569495,0,0
F02_residual_film_gate,1,double_line_test_0011,0.0,0.08807864785194397,0.0009108007652685046,0.0032975913491100073,0,0
F02_residual_film_gate,1,double_line_test_0012,0.0,0.0878254771232605,0.0007835131837055087,0.0032758996821939945,0,0
F02_residual_film_gate,1,double_line_test_0013,0.0,0.08792445063591003,0.0010533140739426017,0.0035179227124899626,0,0
F02_residual_film_gate,1,double_line_test_0014,0.0,0.1118016242980957,0.0012393640354275703,0.004487518221139908,0,0
F02_residual_film_gate,1,small_rect_edge_test_0000,0.0,0.08805990219116211,0.0008439869270659983,0.0035577574744820595,0,0
F02_residual_film_gate,1,small_rect_edge_test_0001,0.0,0.08781203627586365,0.0008364765672013164,0.003430314362049103,0,0
F02_residual_film_gate,1,small_rect_edge_test_0002,0.0,0.08805613219738007,0.0009569957619532943,0.0036366311833262444,0,0
F02_residual_film_gate,1,small_rect_edge_test_0003,0.0,0.08748219907283783,0.0008959521655924618,0.0035384257789701223,0,0
F02_residual_film_gate,1,small_rect_edge_test_0004,0.0,0.10747277736663818,0.0011939458781853318,0.004823110532015562,0,0
F02_residual_film_gate,1,small_rect_edge_test_0005,0.0,0.08804428577423096,0.0010189269669353962,0.0038448204286396503,0,0
F02_residual_film_gate,1,small_rect_edge_test_0006,0.0,0.08787752687931061,0.0009391017374582589,0.003566289320588112,0,0
F02_residual_film_gate,1,small_rect_edge_test_0007,0.0,0.08798353374004364,0.0009613602887839079,0.003592859022319317,0,0
F02_residual_film_gate,1,small_rect_edge_test_0008,0.0,0.11109912395477295,0.0012306548887863755,0.00488000363111496,0,0
F02_residual_film_gate,1,small_rect_edge_test_0009,0.0,0.08795465528964996,0.0009283008403144777,0.00354494946077466,0,0
F02_residual_film_gate,1,point_cluster_test_0000,0.0,0.0877552330493927,0.0009596143499948084,0.003713172161951661,0,0
F02_residual_film_gate,1,point_cluster_test_0001,0.0,0.08786347508430481,0.0010488686384633183,0.003745951922610402,0,0
F02_residual_film_gate,1,point_cluster_test_0002,0.0,0.08792106807231903,0.0010095457546412945,0.004006308503448963,0,0
F02_residual_film_gate,1,point_cluster_test_0003,0.0,0.0879455953836441,0.000866289425175637,0.0037462967447936535,0,0
F02_residual_film_gate,1,point_cluster_test_0004,0.0,0.08781611919403076,0.0011533397482708097,0.004217889625579119,0,0
F02_residual_film_gate,1,point_cluster_test_0005,0.0,0.08801095187664032,0.0010656168451532722,0.004051348194479942,0,0
F02_residual_film_gate,1,point_cluster_test_0006,0.0,0.16028696298599243,0.0009211378637701273,0.00389094022102654,0,0
F02_residual_film_gate,1,point_cluster_test_0007,0.0,0.08800797164440155,0.0009985537035390735,0.0040879868902266026,0,0
F02_residual_film_gate,1,point_cluster_test_0008,0.0,0.08769609034061432,0.00104047532659024,0.004387514665722847,0,0
F02_residual_film_gate,1,point_cluster_test_0009,0.0,0.08781515061855316,0.0008429901208728552,0.0034562326036393642,0,0
F02_residual_film_gate,1,point_cluster_test_0010,0.0,0.08788615465164185,0.0011830172734335065,0.0042501152493059635,0,0
F02_residual_film_gate,1,point_cluster_test_0011,0.0,0.16218975186347961,0.0012860767310485244,0.005859266966581345,0,0
F02_residual_film_gate,1,point_cluster_test_0012,0.0,0.08804845809936523,0.0010013831779360771,0.003952879924327135,0,0
F02_residual_film_gate,1,point_cluster_test_0013,0.0,0.0879056304693222,0.001284071709960699,0.004502925556153059,0,0
F02_residual_film_gate,1,point_cluster_test_0014,0.0,0.08800952136516571,0.0008880500099621713,0.003765091998502612,0,0
F02_residual_film_gate,1,point_cluster_test_0015,0.0,0.08801177144050598,0.0010688116308301687,0.004419769626110792,0,0
F02_residual_film_gate,1,point_cluster_test_0016,0.0,0.0879238098859787,0.0011386190308257937,0.004151259548962116,0,0
F02_residual_film_gate,1,point_cluster_test_0017,0.0,0.08804327249526978,0.0009159676264971495,0.0037314409855753183,0,0
F02_residual_film_gate,1,point_cluster_test_0018,0.0,0.13134431838989258,0.001008485909551382,0.004288779571652412,0,0
F02_residual_film_gate,1,point_cluster_test_0019,0.0,0.08795623481273651,0.0007805656059645116,0.003308234503492713,0,0
F02_residual_film_gate,2,line_test_0000,0.0,0.010533306747674942,6.786070298403502e-05,0.000322633859468624,0,0
F02_residual_film_gate,2,line_test_0001,0.0,0.01870247721672058,0.00014105009904596955,0.0005127127515152097,0,0
F02_residual_film_gate,2,line_test_0002,0.0,0.013719320297241211,0.00013026893429923803,0.000494586827699095,0,0
F02_residual_film_gate,2,line_test_0003,0.0,0.03751504421234131,0.0001939900394063443,0.0008332515717484057,0,0
F02_residual_film_gate,2,line_test_0004,0.0,0.007294774986803532,4.4396867451723665e-05,0.00019016460282728076,0,0
F02_residual_film_gate,2,line_test_0005,0.0,0.007789358496665955,7.619746611453593e-05,0.00029056938365101814,0,0
F02_residual_film_gate,2,line_test_0006,0.0,0.036799073219299316,0.00017543233116157353,0.0009001982980407774,0,0
F02_residual_film_gate,2,line_test_0007,0.0,0.009658449329435825,8.180717850336805e-05,0.0003377192188054323,0,0
F02_residual_film_gate,2,line_test_0008,0.0,0.007249129936099052,9.07203575479798e-05,0.000329084723489359,0,0
F02_residual_film_gate,2,line_test_0009,0.0,0.013459011912345886,9.475807746639475e-05,0.0004008662945125252,0,0
F02_residual_film_gate,2,line_test_0010,0.0,0.011399254202842712,9.071236854651943e-05,0.00037163516390137374,0,0
F02_residual_film_gate,2,line_test_0011,0.0,0.04832291603088379,9.331414184998721e-05,0.0006526228389702737,0,0
F02_residual_film_gate,2,line_test_0012,0.0,0.02385878562927246,0.00011941500997636467,0.0005434658378362656,0,0
F02_residual_film_gate,2,line_test_0013,0.0,0.013321757316589355,0.00010497575567569584,0.0004039188497699797,0,0
F02_residual_film_gate,2,line_test_0014,0.0,0.007322398014366627,4.291645745979622e-05,0.00017329798720311373,0,0
F02_residual_film_gate,2,line_test_0015,0.0,0.012644290924072266,9.153949213214219e-05,0.00041456834878772497,0,0
F02_residual_film_gate,2,line_test_0016,0.0,0.014412462711334229,0.00013580292579717934,0.0005372874438762665,0,0
F02_residual_film_gate,2,line_test_0017,0.0,0.04139116406440735,6.838551053078845e-05,0.0006764141144230962,0,0
F02_residual_film_gate,2,line_test_0018,0.0,0.007401525974273682,0.0001030245766742155,0.000377819495042786,0,0
F02_residual_film_gate,2,line_test_0019,0.0,0.012227863073348999,9.098574082599953e-05,0.0003831384237855673,0,0
F02_residual_film_gate,2,cross_test_0000,0.0,0.013506412506103516,0.0001394093269482255,0.0005199977313168347,0,0
F02_residual_film_gate,2,cross_test_0001,0.0,0.007263895124197006,8.671823889017105e-05,0.0003477606805972755,0,0
F02_residual_film_gate,2,cross_test_0002,0.0,0.01760202646255493,8.702500781510025e-05,0.00046095490688458085,0,0
F02_residual_film_gate,2,cross_test_0003,0.0,0.022604763507843018,0.00014451432798523456,0.0006458871648646891,0,0
F02_residual_film_gate,2,cross_test_0004,0.0,0.011211633682250977,0.00012025732576148584,0.0005115000531077385,0,0
F02_residual_film_gate,2,cross_test_0005,0.0,0.00926673412322998,0.0001418219762854278,0.0005127990152686834,0,0
F02_residual_film_gate,2,cross_test_0006,0.0,0.007935424335300922,5.66274429729674e-05,0.00023732603585813195,0,0
F02_residual_film_gate,2,cross_test_0007,0.0,0.007301565259695053,6.8871391704306e-05,0.000286024616798386,0,0
F02_residual_film_gate,2,cross_test_0008,0.0,0.016293764114379883,0.0001900281204143539,0.0007153415936045349,0,0
F02_residual_film_gate,2,cross_test_0009,0.0,0.011389821767807007,8.237081055995077e-05,0.00036642950726673007,0,0
F02_residual_film_gate,2,cross_test_0010,0.0,0.016133517026901245,0.00014103719149716198,0.0005766483373008668,0,0
F02_residual_film_gate,2,cross_test_0011,0.0,0.019685378298163414,0.0002317065664101392,0.000881379353813827,0,0
F02_residual_film_gate,2,cross_test_0012,0.0,0.011020049452781677,8.579567656852305e-05,0.00035526795545592904,0,0
F02_residual_film_gate,2,cross_test_0013,0.0,0.036588191986083984,0.00013574773038271815,0.0005982479196973145,0,0
F02_residual_film_gate,2,cross_test_0014,0.0,0.010165408253669739,8.225323108490556e-05,0.0003066579229198396,0,0
F02_residual_film_gate,2,L_shape_test_0000,0.0,0.026753485202789307,0.00020096702792216092,0.0006765456637367606,0,0
F02_residual_film_gate,2,L_shape_test_0001,0.0,0.007239233702421188,8.180777513189241e-05,0.00031100449268706143,0,0
F02_residual_film_gate,2,L_shape_test_0002,0.0,0.011954903602600098,0.00020006296108476818,0.0006619158084504306,0,0
F02_residual_film_gate,2,L_shape_test_0003,0.0,0.027115941047668457,0.00012457359116524458,0.0005243320483714342,0,0
F02_residual_film_gate,2,L_shape_test_0004,0.0,0.007331096567213535,0.000115860668302048,0.00037748191971331835,0,0
F02_residual_film_gate,2,L_shape_test_0005,0.0,0.027198433876037598,0.0001253919763257727,0.000491869926918298,0,0
F02_residual_film_gate,2,L_shape_test_0006,0.0,0.009231537580490112,6.105002830736339e-05,0.00024992143153212965,0,0
F02_residual_film_gate,2,L_shape_test_0007,0.0,0.008626818656921387,0.00012206657993374392,0.0004563047841656953,0,0
F02_residual_film_gate,2,L_shape_test_0008,0.0,0.01751047372817993,9.181365021504462e-05,0.00036663474747911096,0,0
F02_residual_film_gate,2,L_shape_test_0009,0.0,0.02400505542755127,0.00020944791322108358,0.0008823858224786818,0,0
F02_residual_film_gate,2,L_shape_test_0010,0.0,0.01526707410812378,9.179051994578913e-05,0.0004419838369358331,0,0
F02_residual_film_gate,2,L_shape_test_0011,0.0,0.007330017164349556,5.002336547477171e-05,0.00019235470972489566,0,0
F02_residual_film_gate,2,L_shape_test_0012,0.0,0.008315593004226685,8.927594171836972e-05,0.00035370426485314965,0,0
F02_residual_film_gate,2,L_shape_test_0013,0.0,0.007345796562731266,9.069623047253117e-05,0.0003069833037443459,0,0
F02_residual_film_gate,2,L_shape_test_0014,0.0,0.007283062674105167,7.798713340889663e-05,0.0003169978444930166,0,0
F02_residual_film_gate,2,L_shape_test_0015,0.0,0.012024372816085815,0.00011491873738123104,0.0004326008493080735,0,0
F02_residual_film_gate,2,L_shape_test_0016,0.0,0.015614837408065796,8.793966844677925e-05,0.0003462500171735883,0,0
F02_residual_film_gate,2,L_shape_test_0017,0.0,0.013492031954228878,0.00015663293015677482,0.0005587917403317988,0,0
F02_residual_film_gate,2,L_shape_test_0018,0.0,0.015399515628814697,8.932100172387436e-05,0.0003499730955809355,0,0
F02_residual_film_gate,2,L_shape_test_0019,0.0,0.009134113788604736,0.00011649532825686038,0.00044731213711202145,0,0
F02_residual_film_gate,2,double_line_test_0000,0.0,0.04114723205566406,8.810710278339684e-05,0.0005682919872924685,0,0
F02_residual_film_gate,2,double_line_test_0001,0.0,0.03918534517288208,0.00023470782616641372,0.0011083019198849797,0,0
F02_residual_film_gate,2,double_line_test_0002,0.0,0.0430980920791626,5.8536461438052356e-05,0.0005591592052951455,0,0
F02_residual_film_gate,2,double_line_test_0003,0.0,0.007862567901611328,9.670112194726244e-05,0.0003769212344195694,0,0
F02_residual_film_gate,2,double_line_test_0004,0.0,0.008057594299316406,0.00012377966777421534,0.00046446919441223145,0,0
F02_residual_film_gate,2,double_line_test_0005,0.0,0.06244480609893799,6.882828893139958e-05,0.0007323086028918624,0,0
F02_residual_film_gate,2,double_line_test_0006,0.0,0.025079429149627686,0.0002457996888551861,0.0010557635687291622,0,0
F02_residual_film_gate,2,double_line_test_0007,0.0,0.011350661516189575,0.00012823451834265143,0.0005141610163263977,0,0
F02_residual_film_gate,2,double_line_test_0008,0.0,0.02863597869873047,0.00016055615560617298,0.0005917970556765795,0,0
F02_residual_film_gate,2,double_line_test_0009,0.0,0.007266988046467304,8.993406663648784e-05,0.000305925466818735,0,0
F02_residual_film_gate,2,double_line_test_0010,0.0,0.008119523525238037,0.00010537927300902084,0.00043726174044422805,0,0
F02_residual_film_gate,2,double_line_test_0011,0.0,0.0072700511664152145,5.5067077482817695e-05,0.00022327540500555187,0,0
F02_residual_film_gate,2,double_line_test_0012,0.0,0.007242726162075996,6.779844261473045e-05,0.00025513675063848495,0,0
F02_residual_film_gate,2,double_line_test_0013,0.0,0.00839465856552124,0.0001061800358002074,0.0004232184437569231,0,0
F02_residual_film_gate,2,double_line_test_0014,0.0,0.04076111316680908,0.00022280923440121114,0.0008886271389201283,0,0
F02_residual_film_gate,2,small_rect_edge_test_0000,0.0,0.028067708015441895,8.125012391246855e-05,0.00048534313100390136,0,0
F02_residual_film_gate,2,small_rect_edge_test_0001,0.0,0.023164570331573486,0.00010633030615281314,0.0004595705249812454,0,0
F02_residual_film_gate,2,small_rect_edge_test_0002,0.0,0.056335389614105225,8.318710024468601e-05,0.0006658962229266763,0,0
F02_residual_film_gate,2,small_rect_edge_test_0003,0.0,0.014026463031768799,0.00012038596469210461,0.000474458938697353,0,0
F02_residual_film_gate,2,small_rect_edge_test_0004,0.0,0.024582087993621826,0.00020780859631486237,0.0008373121381737292,0,0
F02_residual_film_gate,2,small_rect_edge_test_0005,0.0,0.015503168106079102,0.00014244661724660546,0.000619553669821471,0,0
F02_residual_film_gate,2,small_rect_edge_test_0006,0.0,0.00805160403251648,8.816378249321133e-05,0.0003303044359199703,0,0
F02_residual_film_gate,2,small_rect_edge_test_0007,0.0,0.03984791040420532,6.437658885261044e-05,0.00064098957227543,0,0
F02_residual_film_gate,2,small_rect_edge_test_0008,0.0,0.037060320377349854,0.0002363767707720399,0.0009347661980427802,0,0
F02_residual_film_gate,2,small_rect_edge_test_0009,0.0,0.011360195465385914,7.965732947923243e-05,0.00034468717058189213,0,0
F02_residual_film_gate,2,point_cluster_test_0000,0.0,0.010060906410217285,9.811492782318965e-05,0.00037848533247597516,0,0
F02_residual_film_gate,2,point_cluster_test_0001,0.0,0.0201990008354187,0.00010568128345767036,0.00043684596312232316,0,0
F02_residual_film_gate,2,point_cluster_test_0002,0.0,0.014044344425201416,0.00010514511814108118,0.0004223093274049461,0,0
F02_residual_film_gate,2,point_cluster_test_0003,0.0,0.01169857382774353,9.95506125036627e-05,0.00039976590778678656,0,0
F02_residual_film_gate,2,point_cluster_test_0004,0.0,0.019362032413482666,0.00011713489948306233,0.0005011871107853949,0,0
F02_residual_film_gate,2,point_cluster_test_0005,0.0,0.00896105170249939,0.00011536940291989595,0.000416924332967028,0,0
F02_residual_film_gate,2,point_cluster_test_0006,0.0,0.044490039348602295,0.00012902214075438678,0.0006840787827968597,0,0
F02_residual_film_gate,2,point_cluster_test_0007,0.0,0.010716915130615234,0.00012062688620062545,0.000463984499219805,0,0
F02_residual_film_gate,2,point_cluster_test_0008,0.0,0.011760294437408447,0.00011458207882242277,0.0004747209313791245,0,0
F02_residual_film_gate,2,point_cluster_test_0009,0.0,0.007361672818660736,7.283812010427937e-05,0.0002906641166191548,0,0
F02_residual_film_gate,2,point_cluster_test_0010,0.0,0.007305482402443886,9.097732254303992e-05,0.00033746141707524657,0,0
F02_residual_film_gate,2,point_cluster_test_0011,0.0,0.014803826808929443,0.00015220645582303405,0.0006141807534731925,0,0
F02_residual_film_gate,2,point_cluster_test_0012,0.0,0.02565598487854004,0.00015291960153263062,0.0007772234384901822,0,0
F02_residual_film_gate,2,point_cluster_test_0013,0.0,0.009379833936691284,0.00017757623572833836,0.0006293925689533353,0,0
F02_residual_film_gate,2,point_cluster_test_0014,0.0,0.00969579815864563,8.799280476523563e-05,0.0003599244519136846,0,0
F02_residual_film_gate,2,point_cluster_test_0015,0.0,0.02513408660888672,0.00011594617535592988,0.000628405949100852,0,0
F02_residual_film_gate,2,point_cluster_test_0016,0.0,0.007329248823225498,0.00011124412412755191,0.00036652025301009417,0,0
F02_residual_film_gate,2,point_cluster_test_0017,0.0,0.015434682369232178,9.575387957738712e-05,0.0004034291487187147,0,0
F02_residual_film_gate,2,point_cluster_test_0018,0.0,0.03826916217803955,0.00014617625856772065,0.0006727116997353733,0,0
F02_residual_film_gate,2,point_cluster_test_0019,0.0,0.016277194023132324,8.718455501366407e-05,0.0004073161107953638,0,0
F03_reference_surface_gated_film,0,line_test_0000,0.0,0.027325868606567383,0.00014779745833948255,0.0009490581578575075,0,0
F03_reference_surface_gated_film,0,line_test_0001,0.0,0.03252708911895752,0.00038442874210886657,0.0014233841793611646,0,0
F03_reference_surface_gated_film,0,line_test_0002,0.0,0.03667336702346802,0.00037315566441975534,0.0017472619656473398,0,0
F03_reference_surface_gated_film,0,line_test_0003,0.0,0.03911381959915161,0.0004950954462401569,0.002486889949068427,0,0
F03_reference_surface_gated_film,0,line_test_0004,0.0,0.025241374969482422,9.035721450345591e-05,0.000536541803739965,0,0
F03_reference_surface_gated_film,0,line_test_0005,0.0,0.01145985722541809,0.0001974778133444488,0.00090828537940979,0,0
F03_reference_surface_gated_film,0,line_test_0006,0.0,0.06130492687225342,0.0003270365996286273,0.00228527607396245,0,0
F03_reference_surface_gated_film,0,line_test_0007,0.0,0.03367877006530762,0.0002280276094097644,0.0011724758660420775,0,0
F03_reference_surface_gated_film,0,line_test_0008,0.0,0.011473417282104492,0.00028448461671359837,0.001041467534378171,0,0
F03_reference_surface_gated_film,0,line_test_0009,0.0,0.023562729358673096,0.00022375058324541897,0.0011169994249939919,0,0
F03_reference_surface_gated_film,0,line_test_0010,0.0,0.02662813663482666,0.00019814108964055777,0.0010885143419727683,0,0
F03_reference_surface_gated_film,0,line_test_0011,0.0,0.07016909122467041,0.00020286775543354452,0.0013902531936764717,0,0
F03_reference_surface_gated_film,0,line_test_0012,0.0,0.02583550661802292,0.0002923518477473408,0.0015527638606727123,0,0
F03_reference_surface_gated_film,0,line_test_0013,0.0,0.0283128023147583,0.00030264872475527227,0.0013926612446084619,0,0
F03_reference_surface_gated_film,0,line_test_0014,0.0,0.01675713062286377,0.00010364327317802235,0.000553328893147409,0,0
F03_reference_surface_gated_film,0,line_test_0015,0.0,0.030141085386276245,0.00021118717268109322,0.00121733034029603,0,0
F03_reference_surface_gated_film,0,line_test_0016,0.0,0.019598394632339478,0.0003395022649783641,0.0015137860318645835,0,0
F03_reference_surface_gated_film,0,line_test_0017,0.0,0.023040473461151123,0.00011047832958865911,0.0006253694882616401,0,0
F03_reference_surface_gated_film,0,line_test_0018,0.0,0.02480536699295044,0.0002584082540124655,0.0012140101753175259,0,0
F03_reference_surface_gated_film,0,line_test_0019,0.0,0.02781778573989868,0.0002484070137143135,0.001180145307444036,0,0
F03_reference_surface_gated_film,0,cross_test_0000,0.0,0.028665602207183838,0.000419017334934324,0.0019135449547320604,0,0
F03_reference_surface_gated_film,0,cross_test_0001,0.0,0.021580040454864502,0.00026094206259585917,0.0010620774701237679,0,0
F03_reference_surface_gated_film,0,cross_test_0002,0.0,0.03793603181838989,0.00020328949904069304,0.0011398425558581948,0,0
F03_reference_surface_gated_film,0,cross_test_0003,0.0,0.03160691261291504,0.00034654943738132715,0.0018099074950441718,0,0
F03_reference_surface_gated_film,0,cross_test_0004,0.0,0.026475131511688232,0.00032269663643091917,0.001617761910893023,0,0
F03_reference_surface_gated_film,0,cross_test_0005,0.0,0.035993874073028564,0.00044350078678689897,0.0017108090687543154,0,0
F03_reference_surface_gated_film,0,cross_test_0006,0.0,0.014630317687988281,0.0001303657772950828,0.0007395977154374123,0,0
F03_reference_surface_gated_film,0,cross_test_0007,0.0,0.017666757106781006,0.00016276497626677155,0.0009066120255738497,0,0
F03_reference_surface_gated_film,0,cross_test_0008,0.0,0.035599857568740845,0.0005587174091488123,0.0025133162271231413,0,0
F03_reference_surface_gated_film,0,cross_test_0009,0.0,0.04125942289829254,0.00020732206758111715,0.0011446153512224555,0,0
F03_reference_surface_gated_film,0,cross_test_0010,0.0,0.034479349851608276,0.0003527226217556745,0.001657172804698348,0,0
F03_reference_surface_gated_film,0,cross_test_0011,0.0,0.05403199791908264,0.0006518568261526525,0.0028650846797972918,0,0
F03_reference_surface_gated_film,0,cross_test_0012,0.0,0.01912572979927063,0.00019978787167929113,0.0009886632906273007,0,0
F03_reference_surface_gated_film,0,cross_test_0013,0.0,0.027866840362548828,0.00039892239146865904,0.001578035531565547,0,0
F03_reference_surface_gated_film,0,cross_test_0014,0.0,0.019375860691070557,0.0002193108230130747,0.0009906274499371648,0,0
F03_reference_surface_gated_film,0,L_shape_test_0000,0.0,0.04074662923812866,0.0006387611501850188,0.0024516668636351824,0,0
F03_reference_surface_gated_film,0,L_shape_test_0001,0.0,0.019916176795959473,0.0002193019026890397,0.0009724311530590057,0,0
F03_reference_surface_gated_film,0,L_shape_test_0002,0.0,0.03393222391605377,0.0005412853206507862,0.001995055703446269,0,0
F03_reference_surface_gated_film,0,L_shape_test_0003,0.0,0.05032503604888916,0.00033517932752147317,0.0013876922894269228,0,0
F03_reference_surface_gated_film,0,L_shape_test_0004,0.0,0.025867916643619537,0.0004397694719955325,0.0016458440804854035,0,0
F03_reference_surface_gated_film,0,L_shape_test_0005,0.0,0.018638014793395996,0.0003684012626763433,0.0014016616623848677,0,0
F03_reference_surface_gated_film,0,L_shape_test_0006,0.0,0.01868736743927002,0.00016883171338122338,0.0008056677179411054,0,0
F03_reference_surface_gated_film,0,L_shape_test_0007,0.0,0.025123149156570435,0.00030844114371575415,0.0012338841333985329,0,0
F03_reference_surface_gated_film,0,L_shape_test_0008,0.0,0.020742297172546387,0.00022123967937659472,0.0009247370762750506,0,0
F03_reference_surface_gated_film,0,L_shape_test_0009,0.0,0.037953197956085205,0.0005563826998695731,0.0018233653390780091,0,0
F03_reference_surface_gated_film,0,L_shape_test_0010,0.0,0.019788086414337158,0.0001904053642647341,0.0009532212861813605,0,0
F03_reference_surface_gated_film,0,L_shape_test_0011,0.0,0.013402029871940613,0.00012760925164911896,0.0005905378493480384,0,0
F03_reference_surface_gated_film,0,L_shape_test_0012,0.0,0.01679527759552002,0.00020647665951400995,0.0009187245741486549,0,0
F03_reference_surface_gated_film,0,L_shape_test_0013,0.0,0.016672492027282715,0.00024056548136286438,0.0009956497233361006,0,0
F03_reference_surface_gated_film,0,L_shape_test_0014,0.0,0.01574784517288208,0.00021190688130445778,0.0009713404579088092,0,0
F03_reference_surface_gated_film,0,L_shape_test_0015,0.0,0.029813110828399658,0.000358260003849864,0.0012232825392857194,0,0
F03_reference_surface_gated_film,0,L_shape_test_0016,0.0,0.0264759361743927,0.00023232026433106512,0.0009726592106744647,0,0
F03_reference_surface_gated_film,0,L_shape_test_0017,0.0,0.029423683881759644,0.0004104170366190374,0.0015725846169516444,0,0
F03_reference_surface_gated_film,0,L_shape_test_0018,0.0,0.04634648561477661,0.0002533539664000273,0.0010300608118996024,0,0
F03_reference_surface_gated_film,0,L_shape_test_0019,0.0,0.02872699499130249,0.000286248920019716,0.0013301265425980091,0,0
F03_reference_surface_gated_film,0,double_line_test_0000,0.0,0.042292118072509766,0.00019980352954007685,0.001031909603625536,0,0
F03_reference_surface_gated_film,0,double_line_test_0001,0.0,0.0777016282081604,0.0006818006513640285,0.0035316715948283672,0,0
F03_reference_surface_gated_film,0,double_line_test_0002,0.0,0.03961580991744995,0.00010452671267557889,0.0008325838716700673,0,0
F03_reference_surface_gated_film,0,double_line_test_0003,0.0,0.024725377559661865,0.0003074746346101165,0.0010331814410164952,0,0
F03_reference_surface_gated_film,0,double_line_test_0004,0.0,0.03967839479446411,0.00038787370431236923,0.001767458044923842,0,0
F03_reference_surface_gated_film,0,double_line_test_0005,0.0,0.02808782458305359,0.00013472219870891422,0.0008064216817729175,0,0
F03_reference_surface_gated_film,0,double_line_test_0006,0.0,0.04760187491774559,0.000568525807466358,0.0023766180966049433,0,0
F03_reference_surface_gated_film,0,double_line_test_0007,0.0,0.04075402021408081,0.0003493569092825055,0.001384327537380159,0,0
F03_reference_surface_gated_film,0,double_line_test_0008,0.0,0.0381777286529541,0.0004448163090273738,0.0016786587657406926,0,0
F03_reference_surface_gated_film,0,double_line_test_0009,0.0,0.021283864974975586,0.0002650494279805571,0.0010347506031394005,0,0
F03_reference_surface_gated_film,0,double_line_test_0010,0.0,0.036299049854278564,0.00027913361554965377,0.0011600825237110257,0,0
F03_reference_surface_gated_film,0,double_line_test_0011,0.0,0.010900795459747314,0.00015687184350099415,0.0005961583810858428,0,0
F03_reference_surface_gated_film,0,double_line_test_0012,0.0,0.016399413347244263,0.0001764918415574357,0.0008722374914214015,0,0
F03_reference_surface_gated_film,0,double_line_test_0013,0.0,0.013958513736724854,0.00033436689409427345,0.001187897869385779,0,0
F03_reference_surface_gated_film,0,double_line_test_0014,0.0,0.034132495522499084,0.0005526808672584593,0.0020349856931716204,0,0
F03_reference_surface_gated_film,0,small_rect_edge_test_0000,0.0,0.0327107310295105,0.00017561785352881998,0.0010882975766435266,0,0
F03_reference_surface_gated_film,0,small_rect_edge_test_0001,0.0,0.03328007459640503,0.00028504114015959203,0.001310439663939178,0,0
F03_reference_surface_gated_film,0,small_rect_edge_test_0002,0.0,0.03430670499801636,0.00017559538537170738,0.0008784547098912299,0,0
F03_reference_surface_gated_film,0,small_rect_edge_test_0003,0.0,0.023198187351226807,0.00034805736504495144,0.0013895402662456036,0,0
F03_reference_surface_gated_film,0,small_rect_edge_test_0004,0.0,0.06773191690444946,0.0006643469096161425,0.0032810778357088566,0,0
F03_reference_surface_gated_film,0,small_rect_edge_test_0005,0.0,0.036074042320251465,0.00038043331005610526,0.0018740652594715357,0,0
F03_reference_surface_gated_film,0,small_rect_edge_test_0006,0.0,0.015349745750427246,0.00025932080461643636,0.0010643970454111695,0,0
F03_reference_surface_gated_film,0,small_rect_edge_test_0007,0.0,0.05285423994064331,0.00013983287499286234,0.0010794188128784299,0,0
F03_reference_surface_gated_film,0,small_rect_edge_test_0008,0.0,0.06933373212814331,0.0007064772071316838,0.0034016596619039774,0,0
F03_reference_surface_gated_film,0,small_rect_edge_test_0009,0.0,0.02437722682952881,0.0002133507514372468,0.0009232909069396555,0,0
F03_reference_surface_gated_film,0,point_cluster_test_0000,0.0,0.019460618495941162,0.00028388737700879574,0.0012777160154655576,0,0
F03_reference_surface_gated_film,0,point_cluster_test_0001,0.0,0.0393662303686142,0.0003525658685248345,0.0018709036521613598,0,0
F03_reference_surface_gated_film,0,point_cluster_test_0002,0.0,0.041940391063690186,0.0002899066894315183,0.001389768673107028,0,0
F03_reference_surface_gated_film,0,point_cluster_test_0003,0.0,0.04871487617492676,0.0002507310127839446,0.0013391821412369609,0,0
F03_reference_surface_gated_film,0,point_cluster_test_0004,0.0,0.03324854373931885,0.0003481167077552527,0.0017237364081665874,0,0
F03_reference_surface_gated_film,0,point_cluster_test_0005,0.0,0.02329622209072113,0.00031124523957259953,0.0013986756093800068,0,0
F03_reference_surface_gated_film,0,point_cluster_test_0006,0.0,0.10296213626861572,0.00027344177942723036,0.0018673554295673966,0,0
F03_reference_surface_gated_film,0,point_cluster_test_0007,0.0,0.035443127155303955,0.00032922011450864375,0.0015673476736992598,0,0
F03_reference_surface_gated_film,0,point_cluster_test_0008,0.0,0.038493573665618896,0.00031334892264567316,0.001623684773221612,0,0
F03_reference_surface_gated_film,0,point_cluster_test_0009,0.0,0.03372710943222046,0.0001763117325026542,0.0009908485226333141,0,0
F03_reference_surface_gated_film,0,point_cluster_test_0010,0.0,0.018679261207580566,0.00025482772616669536,0.00117646181024611,0,0
F03_reference_surface_gated_film,0,point_cluster_test_0011,0.0,0.040469348430633545,0.0004341788589954376,0.002166769467294216,0,0
F03_reference_surface_gated_film,0,point_cluster_test_0012,0.0,0.061299264430999756,0.0002985489263664931,0.0017842237139120698,0,0
F03_reference_surface_gated_film,0,point_cluster_test_0013,0.0,0.037151724100112915,0.0005745520466007292,0.002425313461571932,0,0
F03_reference_surface_gated_film,0,point_cluster_test_0014,0.0,0.021720096468925476,0.0002259087486891076,0.001300467294640839,0,0
F03_reference_surface_gated_film,0,point_cluster_test_0015,0.0,0.03616213798522949,0.000236594132729806,0.0015043795574456453,0,0
F03_reference_surface_gated_film,0,point_cluster_test_0016,0.0,0.022887706756591797,0.0003292241890449077,0.0012965258210897446,0,0
F03_reference_surface_gated_film,0,point_cluster_test_0017,0.0,0.03553749620914459,0.00021639990154653788,0.001201453385874629,0,0
F03_reference_surface_gated_film,0,point_cluster_test_0018,0.0,0.04984903335571289,0.00033343950053676963,0.0018253378802910447,0,0
F03_reference_surface_gated_film,0,point_cluster_test_0019,0.0,0.02480524778366089,0.00021615874720737338,0.0011415020562708378,0,0
F03_reference_surface_gated_film,1,line_test_0000,0.0,0.07564958930015564,0.001196615630760789,0.0030867671594023705,0,0
F03_reference_surface_gated_film,1,line_test_0001,0.0,0.07551468908786774,0.0016243981663137674,0.004432140849530697,0,0
F03_reference_surface_gated_film,1,line_test_0002,0.0,0.08012235164642334,0.0015612109564244747,0.00465734675526619,0,0
F03_reference_surface_gated_film,1,line_test_0003,0.0,0.12107104063034058,0.0018370745237916708,0.006453865207731724,0,0
F03_reference_surface_gated_film,1,line_test_0004,0.0,0.07582077383995056,0.0011586181353777647,0.0028902445919811726,0,0
F03_reference_surface_gated_film,1,line_test_0005,0.0,0.07582707703113556,0.0012409022310748696,0.0031563148368149996,0,0
F03_reference_surface_gated_film,1,line_test_0006,0.0,0.13365355134010315,0.001538985874503851,0.005306201055645943,0,0
F03_reference_surface_gated_film,1,line_test_0007,0.0,0.0756644606590271,0.001222731196321547,0.003092170460149646,0,0
F03_reference_surface_gated_film,1,line_test_0008,0.0,0.07567569613456726,0.0014155559474602342,0.0035168654285371304,0,0
F03_reference_surface_gated_film,1,line_test_0009,0.0,0.07576847076416016,0.0013376703718677163,0.003655851585790515,0,0
F03_reference_surface_gated_film,1,line_test_0010,0.0,0.07581673562526703,0.0012998039601370692,0.003539452562108636,0,0
F03_reference_surface_gated_film,1,line_test_0011,0.0,0.15462690591812134,0.001318457187153399,0.0037826173938810825,0,0
F03_reference_surface_gated_film,1,line_test_0012,0.0,0.10474374890327454,0.0014554240042343736,0.004202434327453375,0,0
F03_reference_surface_gated_film,1,line_test_0013,0.0,0.08028772473335266,0.0014667087234556675,0.004039582330733538,0,0
F03_reference_surface_gated_film,1,line_test_0014,0.0,0.07589015364646912,0.001171390525996685,0.002905787667259574,0,0
F03_reference_surface_gated_film,1,line_test_0015,0.0,0.0972459465265274,0.0013342957245185971,0.003944615833461285,0,0
F03_reference_surface_gated_film,1,line_test_0016,0.0,0.07533308863639832,0.0015043467283248901,0.0041466993279755116,0,0
F03_reference_surface_gated_film,1,line_test_0017,0.0,0.17523378133773804,0.0012477419804781675,0.0037945592775940895,0,0
F03_reference_surface_gated_film,1,line_test_0018,0.0,0.08038738369941711,0.0013724620221182704,0.0038914058823138475,0,0
F03_reference_surface_gated_film,1,line_test_0019,0.0,0.07558061182498932,0.0012173443101346493,0.0030417158268392086,0,0
F03_reference_surface_gated_film,1,cross_test_0000,0.0,0.07710142433643341,0.0015459476271644235,0.0044571831822395325,0,0
F03_reference_surface_gated_film,1,cross_test_0001,0.0,0.08417929708957672,0.0013693494256585836,0.00366997835226357,0,0
F03_reference_surface_gated_film,1,cross_test_0002,0.0,0.10965800285339355,0.0013902293285354972,0.004005318973213434,0,0
F03_reference_surface_gated_film,1,cross_test_0003,0.0,0.11325374245643616,0.001646108110435307,0.005158719141036272,0,0
F03_reference_surface_gated_film,1,cross_test_0004,0.0,0.08752608299255371,0.0016617774963378906,0.005411435849964619,0,0
F03_reference_surface_gated_film,1,cross_test_0005,0.0,0.07577474415302277,0.001664260751567781,0.004635391291230917,0,0
F03_reference_surface_gated_film,1,cross_test_0006,0.0,0.07575134932994843,0.001200473285280168,0.0029657676350325346,0,0
F03_reference_surface_gated_film,1,cross_test_0007,0.0,0.07570570707321167,0.0013810746604576707,0.003859636140987277,0,0
F03_reference_surface_gated_film,1,cross_test_0008,0.0,0.10896256566047668,0.0018610507249832153,0.005937878042459488,0,0
F03_reference_surface_gated_film,1,cross_test_0009,0.0,0.07582750916481018,0.0013462280621752143,0.0037344438023865223,0,0
F03_reference_surface_gated_film,1,cross_test_0010,0.0,0.075750932097435,0.001508259680122137,0.00428638095036149,0,0
F03_reference_surface_gated_film,1,cross_test_0011,0.0,0.14218714833259583,0.002306669484823942,0.007961120456457138,0,0
F03_reference_surface_gated_film,1,cross_test_0012,0.0,0.07896077632904053,0.0014249937376007438,0.00405233446508646,0,0
F03_reference_surface_gated_film,1,cross_test_0013,0.0,0.12006694078445435,0.0015602702042087913,0.004369490314275026,0,0
F03_reference_surface_gated_film,1,cross_test_0014,0.0,0.07576890289783478,0.0013219756074249744,0.0034579900093376637,0,0
F03_reference_surface_gated_film,1,L_shape_test_0000,0.0,0.13150668144226074,0.001951967366039753,0.0059140147641301155,0,0
F03_reference_surface_gated_film,1,L_shape_test_0001,0.0,0.075689896941185,0.0012661045184358954,0.0032155420631170273,0,0
F03_reference_surface_gated_film,1,L_shape_test_0002,0.0,0.09517529606819153,0.0018517228309065104,0.005548407789319754,0,0
F03_reference_surface_gated_film,1,L_shape_test_0003,0.0,0.07744145393371582,0.0015293883625417948,0.004129389766603708,0,0
F03_reference_surface_gated_film,1,L_shape_test_0004,0.0,0.07482810318470001,0.0015437004622071981,0.003910630475729704,0,0
F03_reference_surface_gated_film,1,L_shape_test_0005,0.0,0.07562747597694397,0.0016000106697902083,0.004440351855009794,0,0
F03_reference_surface_gated_film,1,L_shape_test_0006,0.0,0.07577371597290039,0.001232070499099791,0.0031331218779087067,0,0
F03_reference_surface_gated_film,1,L_shape_test_0007,0.0,0.07562944293022156,0.001562620745971799,0.004168694373220205,0,0
F03_reference_surface_gated_film,1,L_shape_test_0008,0.0,0.0908174216747284,0.0013582679675891995,0.0036913142539560795,0,0
F03_reference_surface_gated_film,1,L_shape_test_0009,0.0,0.08256140351295471,0.0014968491159379482,0.004022500012069941,0,0
F03_reference_surface_gated_film,1,L_shape_test_0010,0.0,0.07564593851566315,0.0013207087758928537,0.0036296092439442873,0,0
F03_reference_surface_gated_film,1,L_shape_test_0011,0.0,0.0757831484079361,0.001194659387692809,0.0029695420525968075,0,0
F03_reference_surface_gated_film,1,L_shape_test_0012,0.0,0.07549113035202026,0.0013251493219286203,0.003430176991969347,0,0
F03_reference_surface_gated_film,1,L_shape_test_0013,0.0,0.07537311315536499,0.0013570785522460938,0.003357191337272525,0,0
F03_reference_surface_gated_film,1,L_shape_test_0014,0.0,0.07581916451454163,0.0013282564468681812,0.003430359298363328,0,0
F03_reference_surface_gated_film,1,L_shape_test_0015,0.0,0.07559767365455627,0.0014495821669697762,0.0035650627687573433,0,0
F03_reference_surface_gated_film,1,L_shape_test_0016,0.0,0.07531194388866425,0.0013094610767439008,0.0034059900790452957,0,0
F03_reference_surface_gated_film,1,L_shape_test_0017,0.0,0.07572312653064728,0.00161619926802814,0.0041307867504656315,0,0
F03_reference_surface_gated_film,1,L_shape_test_0018,0.0,0.09836059808731079,0.0013343088794499636,0.003501526080071926,0,0
F03_reference_surface_gated_film,1,L_shape_test_0019,0.0,0.11994025111198425,0.001414438826031983,0.0041934349574148655,0,0
F03_reference_surface_gated_film,1,double_line_test_0000,0.0,0.107990562915802,0.0012500876327976584,0.00337231089361012,0,0
F03_reference_surface_gated_film,1,double_line_test_0001,0.0,0.14313077926635742,0.0019440219039097428,0.006691853050142527,0,0
F03_reference_surface_gated_film,1,double_line_test_0002,0.0,0.10420995950698853,0.0011193229584023356,0.003163278102874756,0,0
F03_reference_surface_gated_film,1,double_line_test_0003,0.0,0.07532300055027008,0.0012897374108433723,0.0031301667913794518,0,0
F03_reference_surface_gated_film,1,double_line_test_0004,0.0,0.07557494938373566,0.0017263919580727816,0.0048873936757445335,0,0
F03_reference_surface_gated_film,1,double_line_test_0005,0.0,0.20874202251434326,0.0012408755719661713,0.0036908297333866358,0,0
F03_reference_surface_gated_film,1,double_line_test_0006,0.0,0.07519926130771637,0.001758596976287663,0.005000739824026823,0,0
F03_reference_surface_gated_film,1,double_line_test_0007,0.0,0.07555539906024933,0.0013737623812630773,0.003709066193550825,0,0
F03_reference_surface_gated_film,1,double_line_test_0008,0.0,0.15442955493927002,0.0014719272730872035,0.004256254993379116,0,0
F03_reference_surface_gated_film,1,double_line_test_0009,0.0,0.0757652074098587,0.0013145647244527936,0.003234192728996277,0,0
F03_reference_surface_gated_film,1,double_line_test_0010,0.0,0.07541833817958832,0.0013643155107274652,0.00348654598928988,0,0
F03_reference_surface_gated_film,1,double_line_test_0011,0.0,0.0757434219121933,0.0012709180591627955,0.003047304693609476,0,0
F03_reference_surface_gated_film,1,double_line_test_0012,0.0,0.07557821273803711,0.0011687027290463448,0.0029075515922158957,0,0
F03_reference_surface_gated_film,1,double_line_test_0013,0.0,0.07560038566589355,0.001410656957887113,0.003339805407449603,0,0
F03_reference_surface_gated_film,1,double_line_test_0014,0.0,0.1762838065624237,0.0019198766676709056,0.005729523953050375,0,0
F03_reference_surface_gated_film,1,small_rect_edge_test_0000,0.0,0.13888037204742432,0.0012789192842319608,0.0037095691077411175,0,0
F03_reference_surface_gated_film,1,small_rect_edge_test_0001,0.0,0.0757559984922409,0.0013190298341214657,0.0035387459211051464,0,0
F03_reference_surface_gated_film,1,small_rect_edge_test_0002,0.0,0.1528812050819397,0.0013206129660829902,0.003765255678445101,0,0
F03_reference_surface_gated_film,1,small_rect_edge_test_0003,0.0,0.07553040981292725,0.0013467639219015837,0.003475029719993472,0,0
F03_reference_surface_gated_film,1,small_rect_edge_test_0004,0.0,0.13909253478050232,0.001976806204766035,0.006794823333621025,0,0
F03_reference_surface_gated_film,1,small_rect_edge_test_0005,0.0,0.10336658358573914,0.0015637578908354044,0.004669555928558111,0,0
F03_reference_surface_gated_film,1,small_rect_edge_test_0006,0.0,0.07570399343967438,0.0014164121821522713,0.0036471490748226643,0,0
F03_reference_surface_gated_film,1,small_rect_edge_test_0007,0.0,0.1025998592376709,0.0011844485998153687,0.003188580507412553,0,0
F03_reference_surface_gated_film,1,small_rect_edge_test_0008,0.0,0.1370861530303955,0.0020125731825828552,0.006990237161517143,0,0
F03_reference_surface_gated_film,1,small_rect_edge_test_0009,0.0,0.07577326893806458,0.001325286109931767,0.0033710382413119078,0,0
F03_reference_surface_gated_film,1,point_cluster_test_0000,0.0,0.08247220516204834,0.0014107616152614355,0.003813481191173196,0,0
F03_reference_surface_gated_film,1,point_cluster_test_0001,0.0,0.09433585405349731,0.0015462444862350821,0.004789612255990505,0,0
F03_reference_surface_gated_film,1,point_cluster_test_0002,0.0,0.07868516445159912,0.0014811806613579392,0.004437827505171299,0,0
F03_reference_surface_gated_film,1,point_cluster_test_0003,0.0,0.111021488904953,0.001367121934890747,0.0041023436933755875,0,0
F03_reference_surface_gated_film,1,point_cluster_test_0004,0.0,0.09452515840530396,0.0017012101598083973,0.005373077467083931,0,0
F03_reference_surface_gated_film,1,point_cluster_test_0005,0.0,0.0757259726524353,0.0015771089820191264,0.004636009689420462,0,0
F03_reference_surface_gated_film,1,point_cluster_test_0006,0.0,0.2230319380760193,0.0014305486110970378,0.0043151467107236385,0,0
F03_reference_surface_gated_film,1,point_cluster_test_0007,0.0,0.10184478759765625,0.0015241974033415318,0.00458283256739378,0,0
F03_reference_surface_gated_film,1,point_cluster_test_0008,0.0,0.08745911717414856,0.0015377267263829708,0.004844578914344311,0,0
F03_reference_surface_gated_film,1,point_cluster_test_0009,0.0,0.0757916271686554,0.0012835487723350525,0.003362995106726885,0,0
F03_reference_surface_gated_film,1,point_cluster_test_0010,0.0,0.07558341324329376,0.0015717558562755585,0.004505670163780451,0,0
F03_reference_surface_gated_film,1,point_cluster_test_0011,0.0,0.143056720495224,0.0018086513737216592,0.006502135656774044,0,0
F03_reference_surface_gated_film,1,point_cluster_test_0012,0.0,0.08034445345401764,0.0015621003694832325,0.004980993922799826,0,0
F03_reference_surface_gated_film,1,point_cluster_test_0013,0.0,0.10277023911476135,0.00189483433496207,0.00610907468944788,0,0
F03_reference_surface_gated_film,1,point_cluster_test_0014,0.0,0.1014891266822815,0.001413499005138874,0.004506890662014484,0,0
F03_reference_surface_gated_film,1,point_cluster_test_0015,0.0,0.10890859365463257,0.0014926719013601542,0.0049959332682192326,0,0
F03_reference_surface_gated_film,1,point_cluster_test_0016,0.0,0.07583874464035034,0.0015948578948155046,0.00438726507127285,0,0
F03_reference_surface_gated_film,1,point_cluster_test_0017,0.0,0.10284423828125,0.0014889558078721166,0.00440247030928731,0,0
F03_reference_surface_gated_film,1,point_cluster_test_0018,0.0,0.19054198265075684,0.0015769744059070945,0.005315270274877548,0,0
F03_reference_surface_gated_film,1,point_cluster_test_0019,0.0,0.07580800354480743,0.001248858286999166,0.003223937936127186,0,0
F03_reference_surface_gated_film,2,line_test_0000,0.0,0.011340856552124023,0.00021974138508085161,0.0004683548177126795,0,0
F03_reference_surface_gated_film,2,line_test_0001,0.0,0.022923767566680908,0.00029904732946306467,0.0007001433987170458,0,0
F03_reference_surface_gated_film,2,line_test_0002,0.0,0.01828557252883911,0.00030168972443789244,0.0007739090360701084,0,0
F03_reference_surface_gated_film,2,line_test_0003,0.0,0.04245218634605408,0.000381540012313053,0.001301260432228446,0,0
F03_reference_surface_gated_film,2,line_test_0004,0.0,0.009504556655883789,0.0001893744192784652,0.0002910878392867744,0,0
F03_reference_surface_gated_film,2,line_test_0005,0.0,0.011847078800201416,0.00022205579443834722,0.0004398318415042013,0,0
F03_reference_surface_gated_film,2,line_test_0006,0.0,0.041495323181152344,0.0003158430045004934,0.0011077453382313251,0,0
F03_reference_surface_gated_film,2,line_test_0007,0.0,0.010266035795211792,0.0002324977540411055,0.0004721274017356336,0,0
F03_reference_surface_gated_film,2,line_test_0008,0.0,0.008173510432243347,0.000241605011979118,0.0004358203732408583,0,0
F03_reference_surface_gated_film,2,line_test_0009,0.0,0.017884626984596252,0.00025342422304674983,0.0006124217179603875,0,0
F03_reference_surface_gated_film,2,line_test_0010,0.0,0.016773849725723267,0.0002410297020105645,0.0005394043400883675,0,0
F03_reference_surface_gated_film,2,line_test_0011,0.0,0.0589296817779541,0.0002520246198400855,0.0008038695668801665,0,0
F03_reference_surface_gated_film,2,line_test_0012,0.0,0.029978126287460327,0.00028919155010953546,0.0008236758876591921,0,0
F03_reference_surface_gated_film,2,line_test_0013,0.0,0.012755244970321655,0.00026639533462002873,0.0005791689618490636,0,0
F03_reference_surface_gated_film,2,line_test_0014,0.0,0.008169036358594894,0.00018997694132849574,0.00027510308427736163,0,0
F03_reference_surface_gated_film,2,line_test_0015,0.0,0.016522735357284546,0.000245351082412526,0.0005868818843737245,0,0
F03_reference_surface_gated_film,2,line_test_0016,0.0,0.01883944869041443,0.0003169255505781621,0.0008136951364576817,0,0
F03_reference_surface_gated_film,2,line_test_0017,0.0,0.04978013038635254,0.0002257907181046903,0.0008230224484577775,0,0
F03_reference_surface_gated_film,2,line_test_0018,0.0,0.012919485569000244,0.00025852772523649037,0.0005750442505814135,0,0
F03_reference_surface_gated_film,2,line_test_0019,0.0,0.017048805952072144,0.00022876013827044517,0.00045050709741190076,0,0
F03_reference_surface_gated_film,2,cross_test_0000,0.0,0.020143568515777588,0.0003225629625376314,0.000863283930812031,0,0
F03_reference_surface_gated_film,2,cross_test_0001,0.0,0.008182041347026825,0.0002380155201535672,0.00043022181489504874,0,0
F03_reference_surface_gated_film,2,cross_test_0002,0.0,0.024707138538360596,0.00024248575209639966,0.0006431021611206234,0,0
F03_reference_surface_gated_film,2,cross_test_0003,0.0,0.01942381262779236,0.000322008621878922,0.000894853554200381,0,0
F03_reference_surface_gated_film,2,cross_test_0004,0.0,0.015028662979602814,0.00029094330966472626,0.000704446341842413,0,0
F03_reference_surface_gated_film,2,cross_test_0005,0.0,0.011531531810760498,0.00029873588937334716,0.0006512758554890752,0,0
F03_reference_surface_gated_film,2,cross_test_0006,0.0,0.011082321405410767,0.00020058367226738483,0.0003575087757781148,0,0
F03_reference_surface_gated_film,2,cross_test_0007,0.0,0.010744728147983551,0.00022916786838322878,0.0004968375433236361,0,0
F03_reference_surface_gated_film,2,cross_test_0008,0.0,0.021000385284423828,0.00040342009742744267,0.001197279430925846,0,0
F03_reference_surface_gated_film,2,cross_test_0009,0.0,0.01719006896018982,0.00024042844597715884,0.0005457422812469304,0,0
F03_reference_surface_gated_film,2,cross_test_0010,0.0,0.01924845576286316,0.00028264379943720996,0.0007116108317859471,0,0
F03_reference_surface_gated_film,2,cross_test_0011,0.0,0.025274455547332764,0.0004937078338116407,0.0015834779478609562,0,0
F03_reference_surface_gated_film,2,cross_test_0012,0.0,0.01320723444223404,0.0002519114059396088,0.0006090678507462144,0,0
F03_reference_surface_gated_film,2,cross_test_0013,0.0,0.04052704572677612,0.0003204352979082614,0.0008411747985519469,0,0
F03_reference_surface_gated_film,2,cross_test_0014,0.0,0.013022303581237793,0.00023202550073619932,0.0004663069557864219,0,0
F03_reference_surface_gated_film,2,L_shape_test_0000,0.0,0.031220078468322754,0.0004490903811529279,0.0012203436344861984,0,0
F03_reference_surface_gated_film,2,L_shape_test_0001,0.0,0.008274376392364502,0.00022225054271984845,0.00041716996929608285,0,0
F03_reference_surface_gated_film,2,L_shape_test_0002,0.0,0.017791524529457092,0.0003779083490371704,0.000947956636082381,0,0
F03_reference_surface_gated_film,2,L_shape_test_0003,0.0,0.042879581451416016,0.0002955572272185236,0.0007630576146766543,0,0
F03_reference_surface_gated_film,2,L_shape_test_0004,0.0,0.008213356137275696,0.00028081421623937786,0.0005403639515861869,0,0
F03_reference_surface_gated_film,2,L_shape_test_0005,0.0,0.03297191858291626,0.00030608646920882165,0.0007821423350833356,0,0
F03_reference_surface_gated_film,2,L_shape_test_0006,0.0,0.014814004302024841,0.0002230642130598426,0.00042473984649404883,0,0
F03_reference_surface_gated_film,2,L_shape_test_0007,0.0,0.013984203338623047,0.00030493162921629846,0.0007097551133483648,0,0
F03_reference_surface_gated_film,2,L_shape_test_0008,0.0,0.023395568132400513,0.0002466144214849919,0.00053636753000319,0,0
F03_reference_surface_gated_film,2,L_shape_test_0009,0.0,0.030063331127166748,0.00035304907942190766,0.0009777870727702975,0,0
F03_reference_surface_gated_film,2,L_shape_test_0010,0.0,0.016828954219818115,0.000257167179370299,0.0006386085879057646,0,0
F03_reference_surface_gated_film,2,L_shape_test_0011,0.0,0.008175217546522617,0.00020026946731377393,0.0003091608523391187,0,0
F03_reference_surface_gated_film,2,L_shape_test_0012,0.0,0.013375580310821533,0.0002551242068875581,0.0005337614566087723,0,0
F03_reference_surface_gated_film,2,L_shape_test_0013,0.0,0.008840475231409073,0.000260847999015823,0.0005207682261243463,0,0
F03_reference_surface_gated_film,2,L_shape_test_0014,0.0,0.010127782821655273,0.00024302290694322437,0.0005111772916279733,0,0
F03_reference_surface_gated_film,2,L_shape_test_0015,0.0,0.01575779914855957,0.00028418819420039654,0.0005982127040624619,0,0
F03_reference_surface_gated_film,2,L_shape_test_0016,0.0,0.018377721309661865,0.0002517203683964908,0.0005062825512140989,0,0
F03_reference_surface_gated_film,2,L_shape_test_0017,0.0,0.017535924911499023,0.00034444330958649516,0.0008278987370431423,0,0
F03_reference_surface_gated_film,2,L_shape_test_0018,0.0,0.019125282764434814,0.00026456068735569715,0.0005716665182262659,0,0
F03_reference_surface_gated_film,2,L_shape_test_0019,0.0,0.015147745609283447,0.0002626294444780797,0.0006085764616727829,0,0
F03_reference_surface_gated_film,2,double_line_test_0000,0.0,0.04552847146987915,0.00024182388733606786,0.0007020046468824148,0,0
F03_reference_surface_gated_film,2,double_line_test_0001,0.0,0.045430004596710205,0.000495279673486948,0.0017434036126360297,0,0
F03_reference_surface_gated_film,2,double_line_test_0002,0.0,0.04833334684371948,0.000200047783437185,0.0006330787437036633,0,0
F03_reference_surface_gated_film,2,double_line_test_0003,0.0,0.008218375965952873,0.00024498230777680874,0.0004248223558533937,0,0
F03_reference_surface_gated_film,2,double_line_test_0004,0.0,0.013268835842609406,0.00032714824192225933,0.0008329958654940128,0,0
F03_reference_surface_gated_film,2,double_line_test_0005,0.0,0.05920994281768799,0.0002295831945957616,0.000832648016512394,0,0
F03_reference_surface_gated_film,2,double_line_test_0006,0.0,0.036274254322052,0.0004527570854406804,0.0013902629725635052,0,0
F03_reference_surface_gated_film,2,double_line_test_0007,0.0,0.019983768463134766,0.000276728329481557,0.0006438425043597817,0,0
F03_reference_surface_gated_film,2,double_line_test_0008,0.0,0.03503221273422241,0.0003167005197610706,0.0008087963797152042,0,0
F03_reference_surface_gated_film,2,double_line_test_0009,0.0,0.008164515718817711,0.0002389674773439765,0.0004335914272814989,0,0
F03_reference_surface_gated_film,2,double_line_test_0010,0.0,0.010153666138648987,0.0002696970186661929,0.0005769729614257812,0,0
F03_reference_surface_gated_film,2,double_line_test_0011,0.0,0.008185071870684624,0.00021059898426756263,0.0003130759869236499,0,0
F03_reference_surface_gated_film,2,double_line_test_0012,0.0,0.008163544349372387,0.00021253498562145978,0.00036071898648515344,0,0
F03_reference_surface_gated_film,2,double_line_test_0013,0.0,0.008168873377144337,0.00025238210218958557,0.0004621060215868056,0,0
F03_reference_surface_gated_film,2,double_line_test_0014,0.0,0.04962283372879028,0.00041522266110405326,0.0011977781541645527,0,0
F03_reference_surface_gated_film,2,small_rect_edge_test_0000,0.0,0.031746894121170044,0.00024431641213595867,0.0007118455832824111,0,0
F03_reference_surface_gated_film,2,small_rect_edge_test_0001,0.0,0.024566054344177246,0.00026372153661213815,0.0006211046129465103,0,0
F03_reference_surface_gated_film,2,small_rect_edge_test_0002,0.0,0.06396627426147461,0.00024595862487331033,0.0008114749216474593,0,0
F03_reference_surface_gated_film,2,small_rect_edge_test_0003,0.0,0.019676297903060913,0.000258297601249069,0.0005388834979385138,0,0
F03_reference_surface_gated_film,2,small_rect_edge_test_0004,0.0,0.034274518489837646,0.0004506329132709652,0.0014689519302919507,0,0
F03_reference_surface_gated_film,2,small_rect_edge_test_0005,0.0,0.020635515451431274,0.0003362126008141786,0.0010070604039356112,0,0
F03_reference_surface_gated_film,2,small_rect_edge_test_0006,0.0,0.008185336366295815,0.00024071408552117646,0.0004469509294722229,0,0
F03_reference_surface_gated_film,2,small_rect_edge_test_0007,0.0,0.04513263702392578,0.00021846164599992335,0.0007866097730584443,0,0
F03_reference_surface_gated_film,2,small_rect_edge_test_0008,0.0,0.048048317432403564,0.00048063157009892166,0.001594114350154996,0,0
F03_reference_surface_gated_film,2,small_rect_edge_test_0009,0.0,0.01853126287460327,0.00023807089019101113,0.0005070891347713768,0,0
F03_reference_surface_gated_film,2,point_cluster_test_0000,0.0,0.013521552085876465,0.0002493314677849412,0.0005553095252253115,0,0
F03_reference_surface_gated_film,2,point_cluster_test_0001,0.0,0.02470308542251587,0.0002895139332395047,0.0007907642866484821,0,0
F03_reference_surface_gated_film,2,point_cluster_test_0002,0.0,0.01362539827823639,0.0002643856860231608,0.0006279776571318507,0,0
F03_reference_surface_gated_film,2,point_cluster_test_0003,0.0,0.021355777978897095,0.00024281877267640084,0.0005712499842047691,0,0
F03_reference_surface_gated_film,2,point_cluster_test_0004,0.0,0.019993841648101807,0.00030853593489155173,0.0008682378684170544,0,0
F03_reference_surface_gated_film,2,point_cluster_test_0005,0.0,0.014552026987075806,0.0003033132816199213,0.0007314029498957098,0,0
F03_reference_surface_gated_film,2,point_cluster_test_0006,0.0,0.050893962383270264,0.0002709709224291146,0.0008514977525919676,0,0
F03_reference_surface_gated_film,2,point_cluster_test_0007,0.0,0.013311505317687988,0.0002798521891236305,0.0007014729198999703,0,0
F03_reference_surface_gated_film,2,point_cluster_test_0008,0.0,0.02132931351661682,0.0002781896328087896,0.0007633445784449577,0,0
F03_reference_surface_gated_film,2,point_cluster_test_0009,0.0,0.01244625449180603,0.00022417701256927103,0.0004714222450274974,0,0
F03_reference_surface_gated_film,2,point_cluster_test_0010,0.0,0.00916367769241333,0.00026173455989919603,0.0005694833234883845,0,0
F03_reference_surface_gated_film,2,point_cluster_test_0011,0.0,0.02434319257736206,0.0003229706780984998,0.0009568147361278534,0,0
F03_reference_surface_gated_film,2,point_cluster_test_0012,0.0,0.027558445930480957,0.0003147759707644582,0.0009910059161484241,0,0
F03_reference_surface_gated_film,2,point_cluster_test_0013,0.0,0.018976062536239624,0.00040392045048065484,0.001158997300080955,0,0
F03_reference_surface_gated_film,2,point_cluster_test_0014,0.0,0.012879490852355957,0.00024737895000725985,0.0005850124289281666,0,0
F03_reference_surface_gated_film,2,point_cluster_test_0015,0.0,0.02182471752166748,0.00027498157578520477,0.0008153670351020992,0,0
F03_reference_surface_gated_film,2,point_cluster_test_0016,0.0,0.01100391149520874,0.00027953507378697395,0.0006092801340855658,0,0
F03_reference_surface_gated_film,2,point_cluster_test_0017,0.0,0.02025887370109558,0.00026175554376095533,0.0006760735413990915,0,0
F03_reference_surface_gated_film,2,point_cluster_test_0018,0.0,0.04781001806259155,0.0003091913240496069,0.0009681559749878943,0,0
F03_reference_surface_gated_film,2,point_cluster_test_0019,0.0,0.019968241453170776,0.00023072489420883358,0.0005415223422460258,0,0
F04_dual_path_film,0,line_test_0000,0.0,0.035359203815460205,0.00012314195919316262,0.0008564486051909626,0,0
F04_dual_path_film,0,line_test_0001,0.0,0.04256260395050049,0.0002937399549409747,0.001538872835226357,0,0
F04_dual_path_film,0,line_test_0002,0.0,0.05849000811576843,0.00021145200298633426,0.0012312454637140036,0,0
F04_dual_path_film,0,line_test_0003,0.0,0.07868126034736633,0.0004325520130805671,0.003172013210132718,0,0
F04_dual_path_film,0,line_test_0004,0.0,0.05182462930679321,9.426007454749197e-05,0.0007264022715389729,0,0
F04_dual_path_film,0,line_test_0005,0.0,0.020693913102149963,0.00011439943773439154,0.0006970725953578949,0,0
F04_dual_path_film,0,line_test_0006,0.0,0.10973495244979858,0.00032137014204636216,0.003064223797991872,0,0
F04_dual_path_film,0,line_test_0007,0.0,0.05250406265258789,0.0002120811550412327,0.0014437377685680985,0,0
F04_dual_path_film,0,line_test_0008,0.0,0.021455764770507812,0.0001532305177533999,0.0008493108907714486,0,0
F04_dual_path_film,0,line_test_0009,0.0,0.02843610942363739,0.00019618521037045866,0.0013032269198447466,0,0
F04_dual_path_film,0,line_test_0010,0.0,0.03661513328552246,0.00015679129865020514,0.0010925764217972755,0,0
F04_dual_path_film,0,line_test_0011,0.0,0.17259156703948975,0.0001946367701748386,0.002466878853738308,0,0
F04_dual_path_film,0,line_test_0012,0.0,0.07828667759895325,0.00019345477630849928,0.0013670296175405383,0,0
F04_dual_path_film,0,line_test_0013,0.0,0.04846343398094177,0.00017650818335823715,0.0011142987059429288,0,0
F04_dual_path_film,0,line_test_0014,0.0,0.020662367343902588,9.806254092836753e-05,0.000604091736022383,0,0
F04_dual_path_film,0,line_test_0015,0.0,0.049515753984451294,0.00016312720254063606,0.0011735692387446761,0,0
F04_dual_path_film,0,line_test_0016,0.0,0.0191800594329834,0.00020228239009156823,0.0010626123985275626,0,0
F04_dual_path_film,0,line_test_0017,0.0,0.14206010103225708,0.00014704129716847092,0.0019337257836014032,0,0
F04_dual_path_film,0,line_test_0018,0.0,0.0538673996925354,0.00020612397929653525,0.0013973134336993098,0,0
F04_dual_path_film,0,line_test_0019,0.0,0.058268070220947266,0.00014607921184506267,0.0011024782434105873,0,0
F04_dual_path_film,0,cross_test_0000,0.0,0.033535391092300415,0.00026846764376387,0.0016457459423691034,0,0
F04_dual_path_film,0,cross_test_0001,0.0,0.01808902621269226,0.00012778244854416698,0.0006515039713121951,0,0
F04_dual_path_film,0,cross_test_0002,0.0,0.07170188426971436,0.00019820324087049812,0.0015486044576391578,0,0
F04_dual_path_film,0,cross_test_0003,0.0,0.04447305202484131,0.00031935347942635417,0.0019801545422524214,0,0
F04_dual_path_film,0,cross_test_0004,0.0,0.05242761969566345,0.00023523876734543592,0.001460026716813445,0,0
F04_dual_path_film,0,cross_test_0005,0.0,0.044646382331848145,0.00038829277036711574,0.002159316558390856,0,0
F04_dual_path_film,0,cross_test_0006,0.0,0.0449790358543396,0.0001571684842929244,0.001336977002210915,0,0
F04_dual_path_film,0,cross_test_0007,0.0,0.03243561089038849,0.00016962329391390085,0.0012568370439112186,0,0
F04_dual_path_film,0,cross_test_0008,0.0,0.05145840346813202,0.000386472005629912,0.0023484062403440475,0,0
F04_dual_path_film,0,cross_test_0009,0.0,0.035984478890895844,0.000176551504409872,0.0012781310360878706,0,0
F04_dual_path_film,0,cross_test_0010,0.0,0.047370076179504395,0.0002235442225355655,0.0014567060861736536,0,0
F04_dual_path_film,0,cross_test_0011,0.0,0.049504101276397705,0.0004676723328884691,0.0025272113271057606,0,0
F04_dual_path_film,0,cross_test_0012,0.0,0.04484247416257858,0.00024072251108009368,0.0017512402264401317,0,0
F04_dual_path_film,0,cross_test_0013,0.0,0.02303934097290039,0.0002689551911316812,0.001333871390670538,0,0
F04_dual_path_film,0,cross_test_0014,0.0,0.026694118976593018,0.0001607919839443639,0.0009607415413483977,0,0
F04_dual_path_film,0,L_shape_test_0000,0.0,0.03610922396183014,0.000364921783329919,0.0017763696378096938,0,0
F04_dual_path_film,0,L_shape_test_0001,0.0,0.027411222457885742,0.00012484191393014044,0.0006880089640617371,0,0
F04_dual_path_film,0,L_shape_test_0002,0.0,0.05161997675895691,0.00046276437933556736,0.002507016761228442,0,0
F04_dual_path_film,0,L_shape_test_0003,0.0,0.03333519399166107,0.0002771825238596648,0.0015938949072733521,0,0
F04_dual_path_film,0,L_shape_test_0004,0.0,0.05635577440261841,0.00027644840884022415,0.001347325392998755,0,0
F04_dual_path_film,0,L_shape_test_0005,0.0,0.0364113450050354,0.0003014535177499056,0.0016111882869154215,0,0
F04_dual_path_film,0,L_shape_test_0006,0.0,0.01999768614768982,0.00011667431681416929,0.0005727550596930087,0,0
F04_dual_path_film,0,L_shape_test_0007,0.0,0.03361397981643677,0.0002823853283189237,0.0015505445189774036,0,0
F04_dual_path_film,0,L_shape_test_0008,0.0,0.01778814196586609,0.0001618967071408406,0.0007700850255787373,0,0
F04_dual_path_film,0,L_shape_test_0009,0.0,0.04861801862716675,0.00033195599098689854,0.0016289484919980168,0,0
F04_dual_path_film,0,L_shape_test_0010,0.0,0.04049229621887207,0.00023844379757065326,0.001540658762678504,0,0
F04_dual_path_film,0,L_shape_test_0011,0.0,0.014732509851455688,0.00012161299673607573,0.0006559771136380732,0,0
F04_dual_path_film,0,L_shape_test_0012,0.0,0.04643535614013672,0.00023924199922475964,0.0015518813161179423,0,0
F04_dual_path_film,0,L_shape_test_0013,0.0,0.03844231367111206,0.0002560871362220496,0.0014045058051124215,0,0
F04_dual_path_film,0,L_shape_test_0014,0.0,0.02130839228630066,0.0001626109005883336,0.0009259797516278923,0,0
F04_dual_path_film,0,L_shape_test_0015,0.0,0.07678991556167603,0.00023399411293212324,0.0014251474058255553,0,0
F04_dual_path_film,0,L_shape_test_0016,0.0,0.02025230973958969,0.00020755168225150555,0.0010772640816867352,0,0
F04_dual_path_film,0,L_shape_test_0017,0.0,0.029909878969192505,0.00028741348069161177,0.0014492346672341228,0,0
F04_dual_path_film,0,L_shape_test_0018,0.0,0.01291985809803009,0.0002108073531417176,0.0009466337505728006,0,0
F04_dual_path_film,0,L_shape_test_0019,0.0,0.048150211572647095,0.00019008303934242576,0.0011486636940389872,0,0
F04_dual_path_film,0,double_line_test_0000,0.0,0.049925148487091064,0.00016612412582617253,0.0012173084542155266,0,0
F04_dual_path_film,0,double_line_test_0001,0.0,0.05708032846450806,0.0005023363046348095,0.002935064258053899,0,0
F04_dual_path_film,0,double_line_test_0002,0.0,0.08178502321243286,0.00014744406507816166,0.001322436728514731,0,0
F04_dual_path_film,0,double_line_test_0003,0.0,0.034357309341430664,0.00019889471877831966,0.0008864705450832844,0,0
F04_dual_path_film,0,double_line_test_0004,0.0,0.0486377477645874,0.00031003751792013645,0.0016372533282265067,0,0
F04_dual_path_film,0,double_line_test_0005,0.0,0.12238025665283203,0.0001895352907013148,0.0015057227574288845,0,0
F04_dual_path_film,0,double_line_test_0006,0.0,0.09397900104522705,0.0005190325318835676,0.003152436576783657,0,0
F04_dual_path_film,0,double_line_test_0007,0.0,0.02386915683746338,0.00019677935051731765,0.0009965080535039306,0,0
F04_dual_path_film,0,double_line_test_0008,0.0,0.062326014041900635,0.00027371899341233075,0.0014570294879376888,0,0
F04_dual_path_film,0,double_line_test_0009,0.0,0.042060256004333496,0.00019964408420491964,0.0011390501167625189,0,0
F04_dual_path_film,0,double_line_test_0010,0.0,0.01939237117767334,0.00020605121972039342,0.0009660343639552593,0,0
F04_dual_path_film,0,double_line_test_0011,0.0,0.016927868127822876,0.00014863871911074966,0.0006772637716494501,0,0
F04_dual_path_film,0,double_line_test_0012,0.0,0.030914723873138428,0.00011474997154437006,0.0007132832542993128,0,0
F04_dual_path_film,0,double_line_test_0013,0.0,0.02244052290916443,0.00025623233523219824,0.0011707459343597293,0,0
F04_dual_path_film,0,double_line_test_0014,0.0,0.043120041489601135,0.00045558050624094903,0.0023327390663325787,0,0
F04_dual_path_film,0,small_rect_edge_test_0000,0.0,0.05065774917602539,0.00015195364539977163,0.0013408585218712687,0,0
F04_dual_path_film,0,small_rect_edge_test_0001,0.0,0.029857665300369263,0.00019019156752619892,0.001198392827063799,0,0
F04_dual_path_film,0,small_rect_edge_test_0002,0.0,0.053189992904663086,0.00019028263341169804,0.0011982208816334605,0,0
F04_dual_path_film,0,small_rect_edge_test_0003,0.0,0.0341702401638031,0.00023636483820155263,0.0012919486034661531,0,0
F04_dual_path_film,0,small_rect_edge_test_0004,0.0,0.08575361967086792,0.0003816729295067489,0.0024525299668312073,0,0
F04_dual_path_film,0,small_rect_edge_test_0005,0.0,0.06474018096923828,0.00032705330522730947,0.0021193278953433037,0,0
F04_dual_path_film,0,small_rect_edge_test_0006,0.0,0.0270097553730011,0.0002556529361754656,0.001492599956691265,0,0
F04_dual_path_film,0,small_rect_edge_test_0007,0.0,0.09961879253387451,0.00019294874800834805,0.0019200558308511972,0,0
F04_dual_path_film,0,small_rect_edge_test_0008,0.0,0.09036451578140259,0.0004626384179573506,0.0028626229614019394,0,0
F04_dual_path_film,0,small_rect_edge_test_0009,0.0,0.04696136713027954,0.00022224223357625306,0.0012828382896259427,0,0
F04_dual_path_film,0,point_cluster_test_0000,0.0,0.031569719314575195,0.0001807473599910736,0.0011050172615796328,0,0
F04_dual_path_film,0,point_cluster_test_0001,0.0,0.07950443029403687,0.00029134616488590837,0.0019269234035164118,0,0
F04_dual_path_film,0,point_cluster_test_0002,0.0,0.03872276842594147,0.00023622448497917503,0.0016096561448648572,0,0
F04_dual_path_film,0,point_cluster_test_0003,0.0,0.050283849239349365,0.00015269714640453458,0.0010469016851857305,0,0
F04_dual_path_film,0,point_cluster_test_0004,0.0,0.055283814668655396,0.000378218712285161,0.0023919478990137577,0,0
F04_dual_path_film,0,point_cluster_test_0005,0.0,0.0608239471912384,0.00029551287298090756,0.0017867768183350563,0,0
F04_dual_path_film,0,point_cluster_test_0006,0.0,0.19259971380233765,0.00022238254314288497,0.003013236215338111,0,0
F04_dual_path_film,0,point_cluster_test_0007,0.0,0.04512640833854675,0.0002819279907271266,0.001873139524832368,0,0
F04_dual_path_film,0,point_cluster_test_0008,0.0,0.06799975037574768,0.0002989638887811452,0.0022063162177801132,0,0
F04_dual_path_film,0,point_cluster_test_0009,0.0,0.04844999313354492,0.00014773420116398484,0.0011286406079307199,0,0
F04_dual_path_film,0,point_cluster_test_0010,0.0,0.03955364227294922,0.00024185563961509615,0.0012890927027910948,0,0
F04_dual_path_film,0,point_cluster_test_0011,0.0,0.08979114890098572,0.0004598323139362037,0.0035972779151052237,0,0
F04_dual_path_film,0,point_cluster_test_0012,0.0,0.1332482099533081,0.00025596830528229475,0.0023954170756042004,0,0
F04_dual_path_film,0,point_cluster_test_0013,0.0,0.061711251735687256,0.0004716653493233025,0.0027172963600605726,0,0
F04_dual_path_film,0,point_cluster_test_0014,0.0,0.025334805250167847,0.0001571422617416829,0.0010573203908279538,0,0
F04_dual_path_film,0,point_cluster_test_0015,0.0,0.08151030540466309,0.00026803024229593575,0.0022021292243152857,0,0
F04_dual_path_film,0,point_cluster_test_0016,0.0,0.037875041365623474,0.0003384470473974943,0.001974809914827347,0,0
F04_dual_path_film,0,point_cluster_test_0017,0.0,0.07273334264755249,0.00021788726735394448,0.0017358942423015833,0,0
F04_dual_path_film,0,point_cluster_test_0018,0.0,0.12912774085998535,0.0002836443018168211,0.0024806137662380934,0,0
F04_dual_path_film,0,point_cluster_test_0019,0.0,0.04061219096183777,0.00012255340698175132,0.0008573395316489041,0,0
F04_dual_path_film,1,line_test_0000,0.0,0.14096027612686157,0.0005428968579508364,0.003692935686558485,0,0
F04_dual_path_film,1,line_test_0001,0.0,0.187652587890625,0.0013371239183470607,0.006911218166351318,0,0
F04_dual_path_film,1,line_test_0002,0.0,0.12264806032180786,0.0009915678529068828,0.005549182184040546,0,0
F04_dual_path_film,1,line_test_0003,0.0,0.19355303049087524,0.0014966321177780628,0.00907925795763731,0,0
F04_dual_path_film,1,line_test_0004,0.0,0.16343003511428833,0.00040915125282481313,0.00271017593331635,0,0
F04_dual_path_film,1,line_test_0005,0.0,0.10191100835800171,0.0004523672687355429,0.0024315756745636463,0,0
F04_dual_path_film,1,line_test_0006,0.0,0.2990652918815613,0.001371900667436421,0.011634672060608864,0,0
F04_dual_path_film,1,line_test_0007,0.0,0.20346087217330933,0.0009566637454554439,0.007176957093179226,0,0
F04_dual_path_film,1,line_test_0008,0.0,0.1447303295135498,0.00064957415452227,0.003301645163446665,0,0
F04_dual_path_film,1,line_test_0009,0.0,0.09857821464538574,0.0006432951777242124,0.0036151204258203506,0,0
F04_dual_path_film,1,line_test_0010,0.0,0.14175081253051758,0.0006048674113117158,0.003979239147156477,0,0
F04_dual_path_film,1,line_test_0011,0.0,0.3212634325027466,0.0006734725902788341,0.004980665165930986,0,0
F04_dual_path_film,1,line_test_0012,0.0,0.14627039432525635,0.0007679917034693062,0.00505209993571043,0,0
F04_dual_path_film,1,line_test_0013,0.0,0.2302425503730774,0.0009878205601125956,0.006772056687623262,0,0
F04_dual_path_film,1,line_test_0014,0.0,0.2029746174812317,0.0003726828726939857,0.002549306023865938,0,0
F04_dual_path_film,1,line_test_0015,0.0,0.17168080806732178,0.0007570541347377002,0.005264737643301487,0,0
F04_dual_path_film,1,line_test_0016,0.0,0.16762983798980713,0.0009595763403922319,0.0051145246252417564,0,0
F04_dual_path_film,1,line_test_0017,0.0,0.35777223110198975,0.0004888180992566049,0.004800876602530479,0,0
F04_dual_path_film,1,line_test_0018,0.0,0.20276325941085815,0.0008448495646007359,0.005985500290989876,0,0
F04_dual_path_film,1,line_test_0019,0.0,0.23322677612304688,0.0009193870355375111,0.006646159570664167,0,0
F04_dual_path_film,1,cross_test_0000,0.0,0.07921531796455383,0.0009095628629438579,0.004865775350481272,0,0
F04_dual_path_film,1,cross_test_0001,0.0,0.11418426036834717,0.0007227518945001066,0.0037224083207547665,0,0
F04_dual_path_film,1,cross_test_0002,0.0,0.1876402497291565,0.000648633053060621,0.004547834862023592,0,0
F04_dual_path_film,1,cross_test_0003,0.0,0.20148509740829468,0.00140650465618819,0.008955728262662888,0,0
F04_dual_path_film,1,cross_test_0004,0.0,0.14064913988113403,0.0011516851373016834,0.0068273781798779964,0,0
F04_dual_path_film,1,cross_test_0005,0.0,0.15040600299835205,0.0010115830227732658,0.005024011712521315,0,0
F04_dual_path_film,1,cross_test_0006,0.0,0.31083524227142334,0.0009737570653669536,0.009519782848656178,0,0
F04_dual_path_film,1,cross_test_0007,0.0,0.1314292550086975,0.0006116573349572718,0.00410635257139802,0,0
F04_dual_path_film,1,cross_test_0008,0.0,0.14675003290176392,0.0012397816171869636,0.006832569371908903,0,0
F04_dual_path_film,1,cross_test_0009,0.0,0.17529559135437012,0.00062787119532004,0.004221894312649965,0,0
F04_dual_path_film,1,cross_test_0010,0.0,0.13907060027122498,0.0008401983068324625,0.005131162703037262,0,0
F04_dual_path_film,1,cross_test_0011,0.0,0.15639883279800415,0.0016145285917446017,0.008568248711526394,0,0
F04_dual_path_film,1,cross_test_0012,0.0,0.10481134057044983,0.0007955330074764788,0.004882467910647392,0,0
F04_dual_path_film,1,cross_test_0013,0.0,0.12994539737701416,0.0009980539325624704,0.004716815892606974,0,0
F04_dual_path_film,1,cross_test_0014,0.0,0.09559416770935059,0.0005929262842983007,0.003174282843247056,0,0
F04_dual_path_film,1,L_shape_test_0000,0.0,0.1621018648147583,0.0014405930414795876,0.006888547912240028,0,0
F04_dual_path_film,1,L_shape_test_0001,0.0,0.15416252613067627,0.0007676067180000246,0.004583216272294521,0,0
F04_dual_path_film,1,L_shape_test_0002,0.0,0.15955698490142822,0.0013535405742004514,0.006676743272691965,0,0
F04_dual_path_film,1,L_shape_test_0003,0.0,0.13596320152282715,0.0008918188395909965,0.004320988431572914,0,0
F04_dual_path_film,1,L_shape_test_0004,0.0,0.17976969480514526,0.0011549805058166385,0.004865956958383322,0,0
F04_dual_path_film,1,L_shape_test_0005,0.0,0.12601354718208313,0.0009146977099590003,0.004431627225130796,0,0
F04_dual_path_film,1,L_shape_test_0006,0.0,0.19294887781143188,0.0005183572648093104,0.0029881650116294622,0,0
F04_dual_path_film,1,L_shape_test_0007,0.0,0.13018649816513062,0.0008751003770157695,0.004488827660679817,0,0
F04_dual_path_film,1,L_shape_test_0008,0.0,0.0921747088432312,0.0006705469568260014,0.003301731776446104,0,0
F04_dual_path_film,1,L_shape_test_0009,0.0,0.19975310564041138,0.001451751566492021,0.007434404920786619,0,0
F04_dual_path_film,1,L_shape_test_0010,0.0,0.20801198482513428,0.000931316171772778,0.006280553061515093,0,0
F04_dual_path_film,1,L_shape_test_0011,0.0,0.12720441818237305,0.00045327015686780214,0.0023257879074662924,0,0
F04_dual_path_film,1,L_shape_test_0012,0.0,0.2000390887260437,0.0008809588034637272,0.004853440914303064,0,0
F04_dual_path_film,1,L_shape_test_0013,0.0,0.0989084243774414,0.0007960073417052627,0.003608107566833496,0,0
F04_dual_path_film,1,L_shape_test_0014,0.0,0.09141993522644043,0.0006211739964783192,0.003396166255697608,0,0
F04_dual_path_film,1,L_shape_test_0015,0.0,0.12655609846115112,0.0008894014754332602,0.003934383392333984,0,0
F04_dual_path_film,1,L_shape_test_0016,0.0,0.1123943030834198,0.000866014277562499,0.004188001621514559,0,0
F04_dual_path_film,1,L_shape_test_0017,0.0,0.20547115802764893,0.0012476086849346757,0.006159903947263956,0,0
F04_dual_path_film,1,L_shape_test_0018,0.0,0.1076698899269104,0.0009408905752934515,0.004237665329128504,0,0
F04_dual_path_film,1,L_shape_test_0019,0.0,0.12893009185791016,0.0008413203759118915,0.005273279268294573,0,0
F04_dual_path_film,1,double_line_test_0000,0.0,0.2895403504371643,0.0006463598110713065,0.004732033237814903,0,0
F04_dual_path_film,1,double_line_test_0001,0.0,0.23620730638504028,0.001612814492546022,0.00930957030504942,0,0
F04_dual_path_film,1,double_line_test_0002,0.0,0.288199782371521,0.00040397487464360893,0.003585838247090578,0,0
F04_dual_path_film,1,double_line_test_0003,0.0,0.18539822101593018,0.0010535395704209805,0.005250188056379557,0,0
F04_dual_path_film,1,double_line_test_0004,0.0,0.11714804172515869,0.001110803452320397,0.005437095649540424,0,0
F04_dual_path_film,1,double_line_test_0005,0.0,0.34960508346557617,0.0005688877427019179,0.00419656140729785,0,0
F04_dual_path_film,1,double_line_test_0006,0.0,0.27241945266723633,0.0018979227170348167,0.010267707519233227,0,0
F04_dual_path_film,1,double_line_test_0007,0.0,0.2075710892677307,0.0009821715066209435,0.005603019613772631,0,0
F04_dual_path_film,1,double_line_test_0008,0.0,0.25267982482910156,0.0011768111726269126,0.007570711430162191,0,0
F04_dual_path_film,1,double_line_test_0009,0.0,0.2292630672454834,0.0009529315866529942,0.005746942013502121,0,0
F04_dual_path_film,1,double_line_test_0010,0.0,0.1377321481704712,0.0010556289926171303,0.005104278214275837,0,0
F04_dual_path_film,1,double_line_test_0011,0.0,0.14450478553771973,0.0006341362022794783,0.00276565202511847,0,0
F04_dual_path_film,1,double_line_test_0012,0.0,0.18682730197906494,0.0006649759598076344,0.004324553068727255,0,0
F04_dual_path_film,1,double_line_test_0013,0.0,0.14474564790725708,0.0012179220793768764,0.00554639520123601,0,0
F04_dual_path_film,1,double_line_test_0014,0.0,0.18944939970970154,0.0014667754294350743,0.006848806515336037,0,0
F04_dual_path_film,1,small_rect_edge_test_0000,0.0,0.25627970695495605,0.0005933423526585102,0.0054011535830795765,0,0
F04_dual_path_film,1,small_rect_edge_test_0001,0.0,0.18760621547698975,0.0007352973334491253,0.004419557750225067,0,0
F04_dual_path_film,1,small_rect_edge_test_0002,0.0,0.3130872845649719,0.0007501583313569427,0.005502150859683752,0,0
F04_dual_path_film,1,small_rect_edge_test_0003,0.0,0.1686621904373169,0.0010387623915448785,0.00585149647668004,0,0
F04_dual_path_film,1,small_rect_edge_test_0004,0.0,0.33641302585601807,0.0015542820328846574,0.009532433934509754,0,0
F04_dual_path_film,1,small_rect_edge_test_0005,0.0,0.2907818555831909,0.001045007025822997,0.007014005444943905,0,0
F04_dual_path_film,1,small_rect_edge_test_0006,0.0,0.04297482222318649,0.000654777220916003,0.002831077668815851,0,0
F04_dual_path_film,1,small_rect_edge_test_0007,0.0,0.29749178886413574,0.0005716674495488405,0.00462567713111639,0,0
F04_dual_path_film,1,small_rect_edge_test_0008,0.0,0.2689375877380371,0.0014126113383099437,0.00837226863950491,0,0
F04_dual_path_film,1,small_rect_edge_test_0009,0.0,0.22316431999206543,0.0007455411250703037,0.005041448399424553,0,0
F04_dual_path_film,1,point_cluster_test_0000,0.0,0.2880784273147583,0.000990319182164967,0.007127078715711832,0,0
F04_dual_path_film,1,point_cluster_test_0001,0.0,0.17309850454330444,0.0010056761093437672,0.00588944461196661,0,0
F04_dual_path_film,1,point_cluster_test_0002,0.0,0.16427898406982422,0.0007179398671723902,0.004654227290302515,0,0
F04_dual_path_film,1,point_cluster_test_0003,0.0,0.10053345561027527,0.000830441655125469,0.00507811876013875,0,0
F04_dual_path_film,1,point_cluster_test_0004,0.0,0.12466758489608765,0.0011081129778176546,0.006362494081258774,0,0
F04_dual_path_film,1,point_cluster_test_0005,0.0,0.13840407133102417,0.0011070114560425282,0.005906629376113415,0,0
F04_dual_path_film,1,point_cluster_test_0006,0.0,0.46028566360473633,0.0010213885689154267,0.0094832144677639,0,0
F04_dual_path_film,1,point_cluster_test_0007,0.0,0.22422146797180176,0.0010264924494549632,0.00710451090708375,0,0
F04_dual_path_film,1,point_cluster_test_0008,0.0,0.1832408308982849,0.0009090679814107716,0.006344869267195463,0,0
F04_dual_path_film,1,point_cluster_test_0009,0.0,0.16977882385253906,0.0006500410963781178,0.004793187137693167,0,0
F04_dual_path_film,1,point_cluster_test_0010,0.0,0.1189110279083252,0.0011378721101209521,0.005799126345664263,0,0
F04_dual_path_film,1,point_cluster_test_0011,0.0,0.22012192010879517,0.0013254485093057156,0.008917498402297497,0,0
F04_dual_path_film,1,point_cluster_test_0012,0.0,0.30668729543685913,0.0012786292936652899,0.010381445288658142,0,0
F04_dual_path_film,1,point_cluster_test_0013,0.0,0.16492098569869995,0.001708858530037105,0.008693031035363674,0,0
F04_dual_path_film,1,point_cluster_test_0014,0.0,0.10298585891723633,0.0006729788146913052,0.004692355170845985,0,0
F04_dual_path_film,1,point_cluster_test_0015,0.0,0.20087528228759766,0.0009778941748663783,0.007462971843779087,0,0
F04_dual_path_film,1,point_cluster_test_0016,0.0,0.23147732019424438,0.0011546853929758072,0.006082986015826464,0,0
F04_dual_path_film,1,point_cluster_test_0017,0.0,0.313706636428833,0.0006751638138666749,0.005086822900921106,0,0
F04_dual_path_film,1,point_cluster_test_0018,0.0,0.3718210458755493,0.0015083536272868514,0.01212333980947733,0,0
F04_dual_path_film,1,point_cluster_test_0019,0.0,0.1489381194114685,0.0007693908410146832,0.005546452011913061,0,0
F04_dual_path_film,2,line_test_0000,0.0,0.09025144577026367,0.0004534459440037608,0.0026185065507888794,0,0
F04_dual_path_film,2,line_test_0001,0.0,0.06828022003173828,0.0010959532810375094,0.004675453063100576,0,0
F04_dual_path_film,2,line_test_0002,0.0,0.08393692970275879,0.0009076460846699774,0.00487913703545928,0,0
F04_dual_path_film,2,line_test_0003,0.0,0.1206558346748352,0.0011915110517293215,0.0067671556025743484,0,0
F04_dual_path_film,2,line_test_0004,0.0,0.09455645084381104,0.00043320891563780606,0.0023782760836184025,0,0
F04_dual_path_film,2,line_test_0005,0.0,0.05338528752326965,0.0006462475867010653,0.0029907769057899714,0,0
F04_dual_path_film,2,line_test_0006,0.0,0.15505552291870117,0.0009486501221545041,0.00601502601057291,0,0
F04_dual_path_film,2,line_test_0007,0.0,0.06367552280426025,0.0006781713454984128,0.0030106068588793278,0,0
F04_dual_path_film,2,line_test_0008,0.0,0.044976457953453064,0.0008396515040658414,0.0033970142249017954,0,0
F04_dual_path_film,2,line_test_0009,0.0,0.06700673699378967,0.0006145150400698185,0.0031190693844109774,0,0
F04_dual_path_film,2,line_test_0010,0.0,0.07825011014938354,0.0005261116311885417,0.003139855805784464,0,0
F04_dual_path_film,2,line_test_0011,0.0,0.1437399983406067,0.0006248867721296847,0.0031287262681871653,0,0
F04_dual_path_film,2,line_test_0012,0.0,0.1345839500427246,0.000757311936467886,0.004563441500067711,0,0
F04_dual_path_film,2,line_test_0013,0.0,0.07114940881729126,0.0008853829349391162,0.004173872526735067,0,0
F04_dual_path_film,2,line_test_0014,0.0,0.07170504331588745,0.00041041537770070136,0.002101062797009945,0,0
F04_dual_path_film,2,line_test_0015,0.0,0.0700785368680954,0.0005532235372811556,0.0033921385183930397,0,0
F04_dual_path_film,2,line_test_0016,0.0,0.05752039700746536,0.0008873216575011611,0.00401643430814147,0,0
F04_dual_path_film,2,line_test_0017,0.0,0.2450522780418396,0.000568723538890481,0.0038058890495449305,0,0
F04_dual_path_film,2,line_test_0018,0.0,0.06644469499588013,0.0006660331855528057,0.0034365018364042044,0,0
F04_dual_path_film,2,line_test_0019,0.0,0.06111174821853638,0.0007338158902712166,0.003222405444830656,0,0
F04_dual_path_film,2,cross_test_0000,0.0,0.07884493470191956,0.0010309081990271807,0.004818974528461695,0,0
F04_dual_path_film,2,cross_test_0001,0.0,0.057800889015197754,0.000924256513826549,0.0036430354230105877,0,0
F04_dual_path_film,2,cross_test_0002,0.0,0.10606133937835693,0.0006956779398024082,0.003633185988292098,0,0
F04_dual_path_film,2,cross_test_0003,0.0,0.11455512046813965,0.0011148646008223295,0.005682269111275673,0,0
F04_dual_path_film,2,cross_test_0004,0.0,0.07829990237951279,0.0010257000103592873,0.005075435619801283,0,0
F04_dual_path_film,2,cross_test_0005,0.0,0.10315656661987305,0.0012929769000038505,0.005352578591555357,0,0
F04_dual_path_film,2,cross_test_0006,0.0,0.044961974024772644,0.000508585071656853,0.002584193367511034,0,0
F04_dual_path_film,2,cross_test_0007,0.0,0.06088942289352417,0.0005773155717179179,0.003324520541355014,0,0
F04_dual_path_film,2,cross_test_0008,0.0,0.10104794800281525,0.0012856625253334641,0.006306905299425125,0,0
F04_dual_path_film,2,cross_test_0009,0.0,0.0647997260093689,0.0005633680848404765,0.0030936331022530794,0,0
F04_dual_path_film,2,cross_test_0010,0.0,0.06473587453365326,0.0009022208396345377,0.0043356833048164845,0,0
F04_dual_path_film,2,cross_test_0011,0.0,0.11448484659194946,0.0016505391104146838,0.008183244615793228,0,0
F04_dual_path_film,2,cross_test_0012,0.0,0.07946687936782837,0.0006952222902327776,0.0037654961924999952,0,0
F04_dual_path_film,2,cross_test_0013,0.0,0.08874112367630005,0.0010716411052271724,0.004763124510645866,0,0
F04_dual_path_film,2,cross_test_0014,0.0,0.04845818877220154,0.0006403847364708781,0.00299467402510345,0,0
F04_dual_path_film,2,L_shape_test_0000,0.0,0.08046379685401917,0.0013638845412060618,0.0059647345915436745,0,0
F04_dual_path_film,2,L_shape_test_0001,0.0,0.04713940620422363,0.0006386319873854518,0.0028473229613155127,0,0
F04_dual_path_film,2,L_shape_test_0002,0.0,0.08802258968353271,0.00143426563590765,0.006061514839529991,0,0
F04_dual_path_film,2,L_shape_test_0003,0.0,0.07028591632843018,0.0008895344799384475,0.003844286547973752,0,0
F04_dual_path_film,2,L_shape_test_0004,0.0,0.06907975673675537,0.0010739134158939123,0.003840179182589054,0,0
F04_dual_path_film,2,L_shape_test_0005,0.0,0.06030195951461792,0.0009048294159583747,0.004051229916512966,0,0
F04_dual_path_film,2,L_shape_test_0006,0.0,0.09152227640151978,0.0006025268230587244,0.002734430367127061,0,0
F04_dual_path_film,2,L_shape_test_0007,0.0,0.09654080867767334,0.0009068998042494059,0.0037209466099739075,0,0
F04_dual_path_film,2,L_shape_test_0008,0.0,0.04961569607257843,0.0007238954422064126,0.0030931332148611546,0,0
F04_dual_path_film,2,L_shape_test_0009,0.0,0.07383543252944946,0.0014329520054161549,0.00493882829323411,0,0
F04_dual_path_film,2,L_shape_test_0010,0.0,0.08289521932601929,0.0007705626194365323,0.0037080198526382446,0,0
F04_dual_path_film,2,L_shape_test_0011,0.0,0.055831730365753174,0.0005215313285589218,0.002317646984010935,0,0
F04_dual_path_film,2,L_shape_test_0012,0.0,0.10693258047103882,0.0008047859300859272,0.003694898681715131,0,0
F04_dual_path_film,2,L_shape_test_0013,0.0,0.03808002173900604,0.0007911748252809048,0.00302526424638927,0,0
F04_dual_path_film,2,L_shape_test_0014,0.0,0.04865676164627075,0.0005747728864662349,0.0028456354048103094,0,0
F04_dual_path_film,2,L_shape_test_0015,0.0,0.07227420806884766,0.0010606112191453576,0.004053106997162104,0,0
F04_dual_path_film,2,L_shape_test_0016,0.0,0.05016583204269409,0.0008020500536076725,0.0032475574407726526,0,0
F04_dual_path_film,2,L_shape_test_0017,0.0,0.0728418231010437,0.0011405678233131766,0.004559943452477455,0,0
F04_dual_path_film,2,L_shape_test_0018,0.0,0.05691874027252197,0.0008130823262035847,0.0031404325272887945,0,0
F04_dual_path_film,2,L_shape_test_0019,0.0,0.09324344992637634,0.0007430443074554205,0.0038000005297362804,0,0
F04_dual_path_film,2,double_line_test_0000,0.0,0.11928778886795044,0.0005350667051970959,0.002763110911473632,0,0
F04_dual_path_film,2,double_line_test_0001,0.0,0.17747348546981812,0.0013311206130310893,0.007034195587038994,0,0
F04_dual_path_film,2,double_line_test_0002,0.0,0.10383516550064087,0.00042710936395451427,0.002223716815933585,0,0
F04_dual_path_film,2,double_line_test_0003,0.0,0.04375845193862915,0.0011054391507059336,0.0034926447551697493,0,0
F04_dual_path_film,2,double_line_test_0004,0.0,0.12542080879211426,0.0011684598866850138,0.005248012021183968,0,0
F04_dual_path_film,2,double_line_test_0005,0.0,0.27280962467193604,0.0007080314098857343,0.0036174922715872526,0,0
F04_dual_path_film,2,double_line_test_0006,0.0,0.11182832717895508,0.0013200243702158332,0.005623616743832827,0,0
F04_dual_path_film,2,double_line_test_0007,0.0,0.06730234622955322,0.0009455771651118994,0.0038535455241799355,0,0
F04_dual_path_film,2,double_line_test_0008,0.0,0.1141124963760376,0.0012963549233973026,0.005049908999353647,0,0
F04_dual_path_film,2,double_line_test_0009,0.0,0.10498875379562378,0.0008138430421240628,0.0036006460431963205,0,0
F04_dual_path_film,2,double_line_test_0010,0.0,0.053511425852775574,0.0009190090931952,0.0035165008157491684,0,0
F04_dual_path_film,2,double_line_test_0011,0.0,0.038043439388275146,0.0007454876904375851,0.002700565382838249,0,0
F04_dual_path_film,2,double_line_test_0012,0.0,0.03906622529029846,0.0005611132946796715,0.002566706156358123,0,0
F04_dual_path_film,2,double_line_test_0013,0.0,0.041368842124938965,0.0013313057133927941,0.0040237680077552795,0,0
F04_dual_path_film,2,double_line_test_0014,0.0,0.12207961082458496,0.0013690248597413301,0.005813981872051954,0,0
F04_dual_path_film,2,small_rect_edge_test_0000,0.0,0.1427677869796753,0.00045711311395280063,0.0031073351856321096,0,0
F04_dual_path_film,2,small_rect_edge_test_0001,0.0,0.05133812129497528,0.0007049732957966626,0.003311703447252512,0,0
F04_dual_path_film,2,small_rect_edge_test_0002,0.0,0.21271920204162598,0.0008475821232423186,0.004141361452639103,0,0
F04_dual_path_film,2,small_rect_edge_test_0003,0.0,0.07307440042495728,0.001027470687404275,0.004224520176649094,0,0
F04_dual_path_film,2,small_rect_edge_test_0004,0.0,0.1631408929824829,0.001428772695362568,0.00746110500767827,0,0
F04_dual_path_film,2,small_rect_edge_test_0005,0.0,0.14574795961380005,0.0008877002401277423,0.004750718828290701,0,0
F04_dual_path_film,2,small_rect_edge_test_0006,0.0,0.05426447093486786,0.0008214027620851994,0.003555061062797904,0,0
F04_dual_path_film,2,small_rect_edge_test_0007,0.0,0.12773168087005615,0.0005884148413315415,0.0031302303541451693,0,0
F04_dual_path_film,2,small_rect_edge_test_0008,0.0,0.1861761212348938,0.0013772405218333006,0.007169387303292751,0,0
F04_dual_path_film,2,small_rect_edge_test_0009,0.0,0.07109880447387695,0.0006811667117290199,0.00317900232039392,0,0
F04_dual_path_film,2,point_cluster_test_0000,0.0,0.09841427206993103,0.0008462229161523283,0.004332642536610365,0,0
F04_dual_path_film,2,point_cluster_test_0001,0.0,0.0995471328496933,0.0010053584119305015,0.004874593112617731,0,0
F04_dual_path_film,2,point_cluster_test_0002,0.0,0.0974622368812561,0.0007398024899885058,0.00404468085616827,0,0
F04_dual_path_film,2,point_cluster_test_0003,0.0,0.0626935362815857,0.0006335015059448779,0.0034363314043730497,0,0
F04_dual_path_film,2,point_cluster_test_0004,0.0,0.09294435381889343,0.0010660511907190084,0.0052477833814918995,0,0
F04_dual_path_film,2,point_cluster_test_0005,0.0,0.06556783616542816,0.0009443440940231085,0.0046594575978815556,0,0
F04_dual_path_film,2,point_cluster_test_0006,0.0,0.3047148585319519,0.0007743988535366952,0.004778467118740082,0,0
F04_dual_path_film,2,point_cluster_test_0007,0.0,0.12433993816375732,0.000901853374671191,0.005119246430695057,0,0
F04_dual_path_film,2,point_cluster_test_0008,0.0,0.07684800028800964,0.0008790281717665493,0.00493847718462348,0,0
F04_dual_path_film,2,point_cluster_test_0009,0.0,0.06682246923446655,0.0005067932070232928,0.0028950232081115246,0,0
F04_dual_path_film,2,point_cluster_test_0010,0.0,0.06733638048171997,0.0009957769652828574,0.004470754414796829,0,0
F04_dual_path_film,2,point_cluster_test_0011,0.0,0.19150924682617188,0.0012906385818496346,0.007721721660345793,0,0
F04_dual_path_film,2,point_cluster_test_0012,0.0,0.150631844997406,0.0009030611254274845,0.005919552408158779,0,0
F04_dual_path_film,2,point_cluster_test_0013,0.0,0.10820084810256958,0.0015413165092468262,0.007109225261956453,0,0
F04_dual_path_film,2,point_cluster_test_0014,0.0,0.09799788892269135,0.0005681024049408734,0.0036952767986804247,0,0
F04_dual_path_film,2,point_cluster_test_0015,0.0,0.15392211079597473,0.0007605121936649084,0.0054250736720860004,0,0
F04_dual_path_film,2,point_cluster_test_0016,0.0,0.08740395307540894,0.0012014672392979264,0.005251852795481682,0,0
F04_dual_path_film,2,point_cluster_test_0017,0.0,0.14142346382141113,0.0006615683669224381,0.003998420666903257,0,0
F04_dual_path_film,2,point_cluster_test_0018,0.0,0.2582666873931885,0.0010093318996950984,0.0063694799318909645,0,0
F04_dual_path_film,2,point_cluster_test_0019,0.0,0.05257755517959595,0.0005676871514879167,0.00282192206941545,0,0
F05_delta_conditioned_film,0,line_test_0000,0.0,0.09313301742076874,0.000984586076810956,0.004202109295874834,0,0
F05_delta_conditioned_film,0,line_test_0001,0.0,0.09319940209388733,0.0013320115394890308,0.004996237810701132,0,0
F05_delta_conditioned_film,0,line_test_0002,0.0,0.09311781823635101,0.0012898235581815243,0.005100087728351355,0,0
F05_delta_conditioned_film,0,line_test_0003,0.0,0.10691562294960022,0.001566123217344284,0.006607395131140947,0,0
F05_delta_conditioned_film,0,line_test_0004,0.0,0.09317833185195923,0.0008621259476058185,0.0038452560547739267,0,0
F05_delta_conditioned_film,0,line_test_0005,0.0,0.09318891167640686,0.0009533145348541439,0.0040679266676306725,0,0
F05_delta_conditioned_film,0,line_test_0006,0.0,0.12021201848983765,0.0012710400624200702,0.0058120801113545895,0,0
F05_delta_conditioned_film,0,line_test_0007,0.0,0.09319393336772919,0.001059831934981048,0.004189005587249994,0,0
F05_delta_conditioned_film,0,line_test_0008,0.0,0.09317757189273834,0.0010443300707265735,0.004141847603023052,0,0
F05_delta_conditioned_film,0,line_test_0009,0.0,0.09312213957309723,0.0010980519000440836,0.004463959019631147,0,0
F05_delta_conditioned_film,0,line_test_0010,0.0,0.09312684834003448,0.0010590904857963324,0.004476392641663551,0,0
F05_delta_conditioned_film,0,line_test_0011,0.0,0.17961788177490234,0.0010632144985720515,0.004646760877221823,0,0
F05_delta_conditioned_film,0,line_test_0012,0.0,0.09311817586421967,0.001191162969917059,0.004977104254066944,0,0
F05_delta_conditioned_film,0,line_test_0013,0.0,0.09316833317279816,0.0011625548359006643,0.004513225518167019,0,0
F05_delta_conditioned_film,0,line_test_0014,0.0,0.0931963175535202,0.0008654824923723936,0.003819255158305168,0,0
F05_delta_conditioned_film,0,line_test_0015,0.0,0.10606211423873901,0.0010984420077875257,0.0047812312841415405,0,0
F05_delta_conditioned_film,0,line_test_0016,0.0,0.09313355386257172,0.0014621025184169412,0.005487733520567417,0,0
F05_delta_conditioned_film,0,line_test_0017,0.0,0.17218774557113647,0.0009585294756107032,0.004509769845753908,0,0
F05_delta_conditioned_film,0,line_test_0018,0.0,0.09312434494495392,0.0011327547254040837,0.004589657299220562,0,0
F05_delta_conditioned_film,0,line_test_0019,0.0,0.09310977160930634,0.00094174116384238,0.004005626775324345,0,0
F05_delta_conditioned_film,0,cross_test_0000,0.0,0.09313097596168518,0.001265900325961411,0.004960130900144577,0,0
F05_delta_conditioned_film,0,cross_test_0001,0.0,0.09321178495883942,0.0010450652334839106,0.004257401451468468,0,0
F05_delta_conditioned_film,0,cross_test_0002,0.0,0.09323325753211975,0.0010908073745667934,0.0045654973946511745,0,0
F05_delta_conditioned_film,0,cross_test_0003,0.0,0.11141735315322876,0.001471061143092811,0.005828982684761286,0,0
F05_delta_conditioned_film,0,cross_test_0004,0.0,0.10933539271354675,0.0014367705443874002,0.005853847600519657,0,0
F05_delta_conditioned_film,0,cross_test_0005,0.0,0.09311948716640472,0.0013717589899897575,0.0049481503665447235,0,0
F05_delta_conditioned_film,0,cross_test_0006,0.0,0.09313085675239563,0.0008943272405304015,0.0038581741973757744,0,0
F05_delta_conditioned_film,0,cross_test_0007,0.0,0.09320710599422455,0.001015741960145533,0.004315048921853304,0,0
F05_delta_conditioned_film,0,cross_test_0008,0.0,0.11320149898529053,0.0015472645172849298,0.00618224311619997,0,0
F05_delta_conditioned_film,0,cross_test_0009,0.0,0.09318162500858307,0.0010769279906526208,0.004481758922338486,0,0
F05_delta_conditioned_film,0,cross_test_0010,0.0,0.09311968088150024,0.0011774691520258784,0.004771290812641382,0,0
F05_delta_conditioned_film,0,cross_test_0011,0.0,0.12436234951019287,0.0020549169275909662,0.008192159235477448,0,0
F05_delta_conditioned_film,0,cross_test_0012,0.0,0.09321799874305725,0.0011832676827907562,0.004787913989275694,0,0
F05_delta_conditioned_film,0,cross_test_0013,0.0,0.09921211004257202,0.0013036151649430394,0.004974622279405594,0,0
F05_delta_conditioned_film,0,cross_test_0014,0.0,0.09318798780441284,0.0010606838623061776,0.004262847825884819,0,0
F05_delta_conditioned_film,0,L_shape_test_0000,0.0,0.09434747695922852,0.001716912374831736,0.006221733056008816,0,0
F05_delta_conditioned_film,0,L_shape_test_0001,0.0,0.09312911331653595,0.0009817840764299035,0.004027646500617266,0,0
F05_delta_conditioned_film,0,L_shape_test_0002,0.0,0.1088341772556305,0.001633872278034687,0.006075901910662651,0,0
F05_delta_conditioned_film,0,L_shape_test_0003,0.0,0.10012489557266235,0.0012333737686276436,0.004639499820768833,0,0
F05_delta_conditioned_film,0,L_shape_test_0004,0.0,0.09313364326953888,0.00136181665584445,0.004472178407013416,0,0
F05_delta_conditioned_film,0,L_shape_test_0005,0.0,0.09319053590297699,0.0013025819789618254,0.004877596162259579,0,0
F05_delta_conditioned_film,0,L_shape_test_0006,0.0,0.09319064021110535,0.0009677986963652074,0.0040367827750742435,0,0
F05_delta_conditioned_film,0,L_shape_test_0007,0.0,0.09310770034790039,0.001429813914000988,0.005199520383030176,0,0
F05_delta_conditioned_film,0,L_shape_test_0008,0.0,0.09318749606609344,0.001108131604269147,0.004237083718180656,0,0
F05_delta_conditioned_film,0,L_shape_test_0009,0.0,0.09304223954677582,0.0013495200546458364,0.004809762816876173,0,0
F05_delta_conditioned_film,0,L_shape_test_0010,0.0,0.0931241363286972,0.001213397947140038,0.004693005699664354,0,0
F05_delta_conditioned_film,0,L_shape_test_0011,0.0,0.09319204092025757,0.0009028984932228923,0.0038895285688340664,0,0
F05_delta_conditioned_film,0,L_shape_test_0012,0.0,0.0931323915719986,0.0012175417505204678,0.004564292728900909,0,0
F05_delta_conditioned_film,0,L_shape_test_0013,0.0,0.0931219756603241,0.0012688845163211226,0.004445736762136221,0,0
F05_delta_conditioned_film,0,L_shape_test_0014,0.0,0.09319230914115906,0.0010792904067784548,0.004250308498740196,0,0
F05_delta_conditioned_film,0,L_shape_test_0015,0.0,0.09313617646694183,0.0011872773757204413,0.004481148906052113,0,0
F05_delta_conditioned_film,0,L_shape_test_0016,0.0,0.09312959015369415,0.001236549112945795,0.004452887456864119,0,0
F05_delta_conditioned_film,0,L_shape_test_0017,0.0,0.09303154051303864,0.001393477083183825,0.004949824884533882,0,0
F05_delta_conditioned_film,0,L_shape_test_0018,0.0,0.09319815039634705,0.0011507036397233605,0.0042345221154391766,0,0
F05_delta_conditioned_film,0,L_shape_test_0019,0.0,0.10604950785636902,0.0011878423392772675,0.004749589134007692,0,0
F05_delta_conditioned_film,0,double_line_test_0000,0.0,0.10974383354187012,0.001016161753796041,0.00430060550570488,0,0
F05_delta_conditioned_film,0,double_line_test_0001,0.0,0.11835932731628418,0.0018237888580188155,0.007021940313279629,0,0
F05_delta_conditioned_film,0,double_line_test_0002,0.0,0.093205526471138,0.000915426469873637,0.004190016072243452,0,0
F05_delta_conditioned_film,0,double_line_test_0003,0.0,0.09313458204269409,0.0010311922524124384,0.0039701908826828,0,0
F05_delta_conditioned_film,0,double_line_test_0004,0.0,0.09315475821495056,0.0013738913694396615,0.005295170471072197,0,0
F05_delta_conditioned_film,0,double_line_test_0005,0.0,0.21990561485290527,0.0010257018730044365,0.004713630769401789,0,0
F05_delta_conditioned_film,0,double_line_test_0006,0.0,0.10588431358337402,0.0018700874643400311,0.006716255564242601,0,0
F05_delta_conditioned_film,0,double_line_test_0007,0.0,0.09312319755554199,0.0011766552925109863,0.004399181809276342,0,0
F05_delta_conditioned_film,0,double_line_test_0008,0.0,0.11577105522155762,0.0013596154749393463,0.005036765243858099,0,0
F05_delta_conditioned_film,0,double_line_test_0009,0.0,0.09308081865310669,0.001006991253234446,0.00403473898768425,0,0
F05_delta_conditioned_film,0,double_line_test_0010,0.0,0.09320953488349915,0.0012506904313340783,0.004541886039078236,0,0
F05_delta_conditioned_film,0,double_line_test_0011,0.0,0.09320458769798279,0.0009111235267482698,0.003851550165563822,0,0
F05_delta_conditioned_film,0,double_line_test_0012,0.0,0.09312738478183746,0.0009582809871062636,0.003976521082222462,0,0
F05_delta_conditioned_film,0,double_line_test_0013,0.0,0.09313493967056274,0.001141902874223888,0.004083099775016308,0,0
F05_delta_conditioned_film,0,double_line_test_0014,0.0,0.1516978144645691,0.00171857385430485,0.006317393388599157,0,0
F05_delta_conditioned_film,0,small_rect_edge_test_0000,0.0,0.11821591854095459,0.0010198497911915183,0.004438673611730337,0,0
F05_delta_conditioned_film,0,small_rect_edge_test_0001,0.0,0.0931786298751831,0.0010471896966919303,0.004307118710130453,0,0
F05_delta_conditioned_film,0,small_rect_edge_test_0002,0.0,0.127036452293396,0.0010520318755879998,0.004444603342562914,0,0
F05_delta_conditioned_film,0,small_rect_edge_test_0003,0.0,0.09309856593608856,0.0011036646319553256,0.004297240171581507,0,0
F05_delta_conditioned_film,0,small_rect_edge_test_0004,0.0,0.14180874824523926,0.0017182661686092615,0.0070421830751001835,0,0
F05_delta_conditioned_film,0,small_rect_edge_test_0005,0.0,0.12165433168411255,0.0012929814402014017,0.0052086408250033855,0,0
F05_delta_conditioned_film,0,small_rect_edge_test_0006,0.0,0.09311924874782562,0.0010592221515253186,0.004202077630907297,0,0
F05_delta_conditioned_film,0,small_rect_edge_test_0007,0.0,0.1176714301109314,0.0009668309357948601,0.004497190937399864,0,0
F05_delta_conditioned_film,0,small_rect_edge_test_0008,0.0,0.19203120470046997,0.0017320499755442142,0.006949045695364475,0,0
F05_delta_conditioned_film,0,small_rect_edge_test_0009,0.0,0.09320822358131409,0.001072578364983201,0.004252624697983265,0,0
F05_delta_conditioned_film,0,point_cluster_test_0000,0.0,0.0931759774684906,0.0010729971108958125,0.004268256947398186,0,0
F05_delta_conditioned_film,0,point_cluster_test_0001,0.0,0.11582440137863159,0.001386883552186191,0.005527624394744635,0,0
F05_delta_conditioned_film,0,point_cluster_test_0002,0.0,0.09318588674068451,0.001189853181131184,0.0048421588726341724,0,0
F05_delta_conditioned_film,0,point_cluster_test_0003,0.0,0.10257154703140259,0.0011068121530115604,0.004668604116886854,0,0
F05_delta_conditioned_film,0,point_cluster_test_0004,0.0,0.09318810701370239,0.0014940880937501788,0.00578440073877573,0,0
F05_delta_conditioned_film,0,point_cluster_test_0005,0.0,0.09318555891513824,0.0013822248438373208,0.005315450485795736,0,0
F05_delta_conditioned_film,0,point_cluster_test_0006,0.0,0.2120276689529419,0.0010772451059892774,0.004820822272449732,0,0
F05_delta_conditioned_film,0,point_cluster_test_0007,0.0,0.09641534090042114,0.0011932150227949023,0.004890572279691696,0,0
F05_delta_conditioned_film,0,point_cluster_test_0008,0.0,0.09311959147453308,0.0012130767572671175,0.00501064071431756,0,0
F05_delta_conditioned_film,0,point_cluster_test_0009,0.0,0.09318868815898895,0.0009813213255256414,0.004124052822589874,0,0
F05_delta_conditioned_film,0,point_cluster_test_0010,0.0,0.0931318998336792,0.0014050411991775036,0.004988349974155426,0,0
F05_delta_conditioned_film,0,point_cluster_test_0011,0.0,0.14192354679107666,0.0014852570602670312,0.006551400292664766,0,0
F05_delta_conditioned_film,0,point_cluster_test_0012,0.0,0.1673235297203064,0.001409715972840786,0.00595121830701828,0,0
F05_delta_conditioned_film,0,point_cluster_test_0013,0.0,0.10974627733230591,0.0019057497847825289,0.007081571966409683,0,0
F05_delta_conditioned_film,0,point_cluster_test_0014,0.0,0.10442876815795898,0.0011118716793134809,0.004887159913778305,0,0
F05_delta_conditioned_film,0,point_cluster_test_0015,0.0,0.12020915746688843,0.0013639990938827395,0.0062134843319654465,0,0
F05_delta_conditioned_film,0,point_cluster_test_0016,0.0,0.09317706525325775,0.0012334819184616208,0.0046915411949157715,0,0
F05_delta_conditioned_film,0,point_cluster_test_0017,0.0,0.11732006072998047,0.0011423022951930761,0.005001230165362358,0,0
F05_delta_conditioned_film,0,point_cluster_test_0018,0.0,0.14602524042129517,0.001317181740887463,0.005752501077950001,0,0
F05_delta_conditioned_film,0,point_cluster_test_0019,0.0,0.09311676025390625,0.0009297695360146463,0.004007354378700256,0,0
F05_delta_conditioned_film,1,line_test_0000,0.0,0.014139413833618164,6.479635339928791e-05,0.00048815604532137513,0,0
F05_delta_conditioned_film,1,line_test_0001,0.0,0.04335412383079529,0.00023247586796060205,0.0012397085083648562,0,0
F05_delta_conditioned_film,1,line_test_0002,0.0,0.023300811648368835,0.000158020353410393,0.0008821790688671172,0,0
F05_delta_conditioned_film,1,line_test_0003,0.0,0.08483576774597168,0.00026991343474946916,0.0019782015588134527,0,0
F05_delta_conditioned_film,1,line_test_0004,0.0,0.007995903491973877,5.26684416399803e-05,0.00035216021933592856,0,0
F05_delta_conditioned_film,1,line_test_0005,0.0,0.011694654822349548,7.746947085252032e-05,0.0005347999976947904,0,0
F05_delta_conditioned_film,1,line_test_0006,0.0,0.1337190568447113,0.00015930409426800907,0.002095465548336506,0,0
F05_delta_conditioned_film,1,line_test_0007,0.0,0.02952735126018524,0.00012684910325333476,0.0007912713917903602,0,0
F05_delta_conditioned_film,1,line_test_0008,0.0,0.010913312435150146,0.00013315102842170745,0.0006865119212307036,0,0
F05_delta_conditioned_film,1,line_test_0009,0.0,0.0269910991191864,0.00012997857993468642,0.0009034412214532495,0,0
F05_delta_conditioned_film,1,line_test_0010,0.0,0.02379995584487915,0.00010448713146615773,0.0008347498369403183,0,0
F05_delta_conditioned_film,1,line_test_0011,0.0,0.25888681411743164,0.00014444912085309625,0.0030801480170339346,0,0
F05_delta_conditioned_film,1,line_test_0012,0.0,0.06340301036834717,0.00013911063433624804,0.001058412017300725,0,0
F05_delta_conditioned_film,1,line_test_0013,0.0,0.016276925802230835,0.00013907263928558677,0.0007924698293209076,0,0
F05_delta_conditioned_film,1,line_test_0014,0.0,0.011876225471496582,6.017154737492092e-05,0.0004434156871866435,0,0
F05_delta_conditioned_film,1,line_test_0015,0.0,0.09791013598442078,0.00012206086103105918,0.0012252855813130736,0,0
F05_delta_conditioned_film,1,line_test_0016,0.0,0.0157545804977417,0.0001696569670457393,0.0009065705817192793,0,0
F05_delta_conditioned_film,1,line_test_0017,0.0,0.42068588733673096,0.0001781647006282583,0.005681202281266451,0,0
F05_delta_conditioned_film,1,line_test_0018,0.0,0.03513786196708679,0.00013460607442539185,0.0009175267769023776,0,0
F05_delta_conditioned_film,1,line_test_0019,0.0,0.01121377944946289,0.0001000264601316303,0.0006074299453757703,0,0
F05_delta_conditioned_film,1,cross_test_0000,0.0,0.028109878301620483,0.00020918509108014405,0.0012411953648552299,0,0
F05_delta_conditioned_film,1,cross_test_0001,0.0,0.011567234992980957,0.00013013895659241825,0.0006462185992859304,0,0
F05_delta_conditioned_film,1,cross_test_0002,0.0,0.09356027841567993,0.0001404310460202396,0.0015674005262553692,0,0
F05_delta_conditioned_film,1,cross_test_0003,0.0,0.03049538843333721,0.00021568743977695704,0.0013102965895086527,0,0
F05_delta_conditioned_film,1,cross_test_0004,0.0,0.027434013783931732,0.0001863153447629884,0.0011708394158631563,0,0
F05_delta_conditioned_film,1,cross_test_0005,0.0,0.02341388165950775,0.00023108629102353007,0.001118185231462121,0,0
F05_delta_conditioned_film,1,cross_test_0006,0.0,0.013617336750030518,7.159318920457736e-05,0.0005181082524359226,0,0
F05_delta_conditioned_film,1,cross_test_0007,0.0,0.013391382992267609,0.00011168429045937955,0.0008143110317178071,0,0
F05_delta_conditioned_film,1,cross_test_0008,0.0,0.09030237793922424,0.00034202769165858626,0.002023401902988553,0,0
F05_delta_conditioned_film,1,cross_test_0009,0.0,0.048246681690216064,0.0001320678711635992,0.0010135805932804942,0,0
F05_delta_conditioned_film,1,cross_test_0010,0.0,0.01990368962287903,0.00015219804481603205,0.0009686452685855329,0,0
F05_delta_conditioned_film,1,cross_test_0011,0.0,0.054951369762420654,0.0004495572065934539,0.00256790267303586,0,0
F05_delta_conditioned_film,1,cross_test_0012,0.0,0.01813364028930664,0.00014745235966984183,0.0009534722194075584,0,0
F05_delta_conditioned_film,1,cross_test_0013,0.0,0.1317482590675354,0.0002530335041228682,0.002181076444685459,0,0
F05_delta_conditioned_film,1,cross_test_0014,0.0,0.011524394154548645,9.865680476650596e-05,0.0006217924528755248,0,0
F05_delta_conditioned_film,1,L_shape_test_0000,0.0,0.08288326859474182,0.00031259062234312296,0.0017042888794094324,0,0
F05_delta_conditioned_film,1,L_shape_test_0001,0.0,0.009649395942687988,8.753897418500856e-05,0.0005135800456628203,0,0
F05_delta_conditioned_film,1,L_shape_test_0002,0.0,0.03297261893749237,0.00028880551690235734,0.001461741398088634,0,0
F05_delta_conditioned_film,1,L_shape_test_0003,0.0,0.06521034240722656,0.00018302261014468968,0.0011529482435435057,0,0
F05_delta_conditioned_film,1,L_shape_test_0004,0.0,0.012272506952285767,0.00019948650151491165,0.0008271703845821321,0,0
F05_delta_conditioned_film,1,L_shape_test_0005,0.0,0.16643840074539185,0.0002147357736248523,0.0020189641509205103,0,0
F05_delta_conditioned_film,1,L_shape_test_0006,0.0,0.010584592819213867,7.94063598732464e-05,0.00044350363896228373,0,0
F05_delta_conditioned_film,1,L_shape_test_0007,0.0,0.021120011806488037,0.00021730217849835753,0.0011725560761988163,0,0
F05_delta_conditioned_film,1,L_shape_test_0008,0.0,0.01695150136947632,0.00011650710075628012,0.0006693036993965507,0,0
F05_delta_conditioned_film,1,L_shape_test_0009,0.0,0.028486013412475586,0.0002716064336709678,0.001310368999838829,0,0
F05_delta_conditioned_film,1,L_shape_test_0010,0.0,0.01918002963066101,0.00014379002095665783,0.0008776026079431176,0,0
F05_delta_conditioned_film,1,L_shape_test_0011,0.0,0.01611965149641037,6.625671085203066e-05,0.0004027471295557916,0,0
F05_delta_conditioned_film,1,L_shape_test_0012,0.0,0.013834357261657715,0.00014831405133008957,0.0007733522797934711,0,0
F05_delta_conditioned_film,1,L_shape_test_0013,0.0,0.014494940638542175,0.00016428249364253134,0.0008223240729421377,0,0
F05_delta_conditioned_film,1,L_shape_test_0014,0.0,0.012696623802185059,0.00011830931907752529,0.0007442075293511152,0,0
F05_delta_conditioned_film,1,L_shape_test_0015,0.0,0.017448067665100098,0.00020350588602013886,0.0009716089116409421,0,0
F05_delta_conditioned_film,1,L_shape_test_0016,0.0,0.05890271067619324,0.0001665007002884522,0.0010129602160304785,0,0
F05_delta_conditioned_film,1,L_shape_test_0017,0.0,0.02223009616136551,0.00026708751101978123,0.0013632148038595915,0,0
F05_delta_conditioned_film,1,L_shape_test_0018,0.0,0.014362186193466187,0.00017603293235879391,0.0008901843684725463,0,0
F05_delta_conditioned_film,1,L_shape_test_0019,0.0,0.031273841857910156,0.00013449865218717605,0.0009117219597101212,0,0
F05_delta_conditioned_film,1,double_line_test_0000,0.0,0.14062446355819702,0.00011262553016422316,0.0014487096341326833,0,0
F05_delta_conditioned_film,1,double_line_test_0001,0.0,0.12306058406829834,0.0003912826650775969,0.002372574293985963,0,0
F05_delta_conditioned_film,1,double_line_test_0002,0.0,0.11619961261749268,8.746179810259491e-05,0.0014206547057256103,0,0
F05_delta_conditioned_film,1,double_line_test_0003,0.0,0.012861967086791992,0.00014821223157923669,0.0006210387218743563,0,0
F05_delta_conditioned_film,1,double_line_test_0004,0.0,0.01913372427225113,0.00023708106891717762,0.0011574424570426345,0,0
F05_delta_conditioned_film,1,double_line_test_0005,0.0,0.3734245300292969,0.0001533374743303284,0.0038400539197027683,0,0
F05_delta_conditioned_film,1,double_line_test_0006,0.0,0.10106384754180908,0.000332609168253839,0.0018998199375346303,0,0
F05_delta_conditioned_film,1,double_line_test_0007,0.0,0.027461647987365723,0.0001459830382373184,0.0008099388796836138,0,0
F05_delta_conditioned_film,1,double_line_test_0008,0.0,0.09892797470092773,0.0002083070285152644,0.0015944120241329074,0,0
F05_delta_conditioned_film,1,double_line_test_0009,0.0,0.011830538511276245,0.00012940332817379385,0.0006947913789190352,0,0
F05_delta_conditioned_film,1,double_line_test_0010,0.0,0.02537877857685089,0.00021792392362840474,0.0011899903183802962,0,0
F05_delta_conditioned_film,1,double_line_test_0011,0.0,0.007286727428436279,9.43463746807538e-05,0.00041550284367986023,0,0
F05_delta_conditioned_film,1,double_line_test_0012,0.0,0.011437445878982544,8.117010293062776e-05,0.0005240776226855814,0,0
F05_delta_conditioned_film,1,double_line_test_0013,0.0,0.01067061722278595,0.0001759709557518363,0.0006894798134453595,0,0
F05_delta_conditioned_film,1,double_line_test_0014,0.0,0.19992101192474365,0.00031145193497650325,0.002314281417056918,0,0
F05_delta_conditioned_film,1,small_rect_edge_test_0000,0.0,0.29409605264663696,0.00013220256369095296,0.002990490524098277,0,0
F05_delta_conditioned_film,1,small_rect_edge_test_0001,0.0,0.06050749123096466,0.00016052741557359695,0.0011640522861853242,0,0
F05_delta_conditioned_film,1,small_rect_edge_test_0002,0.0,0.39475148916244507,0.00021823641145601869,0.004746263846755028,0,0
F05_delta_conditioned_film,1,small_rect_edge_test_0003,0.0,0.017468929290771484,0.00015222358342725784,0.0008534922963008285,0,0
F05_delta_conditioned_film,1,small_rect_edge_test_0004,0.0,0.05442887544631958,0.00028651594766415656,0.0016711571952328086,0,0
F05_delta_conditioned_film,1,small_rect_edge_test_0005,0.0,0.047960102558135986,0.000272225821390748,0.0017103591235354543,0,0
F05_delta_conditioned_film,1,small_rect_edge_test_0006,0.0,0.02447541058063507,0.00013631329056806862,0.0007589546730741858,0,0
F05_delta_conditioned_film,1,small_rect_edge_test_0007,0.0,0.03971976041793823,9.335263894172385e-05,0.0007439467590302229,0,0
F05_delta_conditioned_film,1,small_rect_edge_test_0008,0.0,0.07831466197967529,0.00037061309558339417,0.0023131819907575846,0,0
F05_delta_conditioned_film,1,small_rect_edge_test_0009,0.0,0.07203841209411621,0.0001463463850086555,0.001110266544856131,0,0
F05_delta_conditioned_film,1,point_cluster_test_0000,0.0,0.038801729679107666,0.00014326853852253407,0.0009639163035899401,0,0
F05_delta_conditioned_film,1,point_cluster_test_0001,0.0,0.030207723379135132,0.00021670562273357064,0.0012652158038690686,0,0
F05_delta_conditioned_film,1,point_cluster_test_0002,0.0,0.19482743740081787,0.00017523135466035455,0.002371101640164852,0,0
F05_delta_conditioned_film,1,point_cluster_test_0003,0.0,0.06477516889572144,0.00010016569285653532,0.0008833928150124848,0,0
F05_delta_conditioned_film,1,point_cluster_test_0004,0.0,0.037095919251441956,0.0002934760123025626,0.0017798737389966846,0,0
F05_delta_conditioned_film,1,point_cluster_test_0005,0.0,0.13088011741638184,0.0002634077682159841,0.0019914370495826006,0,0
F05_delta_conditioned_film,1,point_cluster_test_0006,0.0,0.18376511335372925,0.00011806075053755194,0.0017489265883341432,0,0
F05_delta_conditioned_film,1,point_cluster_test_0007,0.0,0.039736539125442505,0.0001716827682685107,0.0012271105078980327,0,0
F05_delta_conditioned_film,1,point_cluster_test_0008,0.0,0.04568588733673096,0.0002026421279879287,0.0015322836115956306,0,0
F05_delta_conditioned_film,1,point_cluster_test_0009,0.0,0.018442794680595398,9.375760419061407e-05,0.0007322327001020312,0,0
F05_delta_conditioned_film,1,point_cluster_test_0010,0.0,0.03173130750656128,0.00014860012743156403,0.0007663618307560682,0,0
F05_delta_conditioned_film,1,point_cluster_test_0011,0.0,0.05078929662704468,0.00028477844898588955,0.0020829702261835337,0,0
F05_delta_conditioned_film,1,point_cluster_test_0012,0.0,0.033119916915893555,0.00015263546083588153,0.0011035256320610642,0,0
F05_delta_conditioned_film,1,point_cluster_test_0013,0.0,0.0384662002325058,0.00044455460738390684,0.002360305283218622,0,0
F05_delta_conditioned_film,1,point_cluster_test_0014,0.0,0.03773118555545807,0.00010651539923856035,0.0008968959446065128,0,0
F05_delta_conditioned_film,1,point_cluster_test_0015,0.0,0.055766940116882324,0.00018509036453906447,0.001402969821356237,0,0
F05_delta_conditioned_film,1,point_cluster_test_0016,0.0,0.02874014526605606,0.0002111362264258787,0.0011302526108920574,0,0
F05_delta_conditioned_film,1,point_cluster_test_0017,0.0,0.20327228307724,0.00014777580508962274,0.0020968199241906404,0,0
F05_delta_conditioned_film,1,point_cluster_test_0018,0.0,0.19860190153121948,0.00019363698083907366,0.0021720239892601967,0,0
F05_delta_conditioned_film,1,point_cluster_test_0019,0.0,0.052239418029785156,8.036868530325592e-05,0.0006921602180227637,0,0
F05_delta_conditioned_film,2,line_test_0000,0.0,0.01711350679397583,0.00010397028381703421,0.0007893526926636696,0,0
F05_delta_conditioned_film,2,line_test_0001,0.0,0.020563364028930664,0.00025322215515188873,0.0011989306658506393,0,0
F05_delta_conditioned_film,2,line_test_0002,0.0,0.02982810139656067,0.0002623590116854757,0.001594162662513554,0,0
F05_delta_conditioned_film,2,line_test_0003,0.0,0.08864164352416992,0.00033117650309577584,0.0022209754679352045,0,0
F05_delta_conditioned_film,2,line_test_0004,0.0,0.010910391807556152,6.823487638030201e-05,0.00047065308899618685,0,0
F05_delta_conditioned_film,2,line_test_0005,0.0,0.012545168399810791,0.00011860998347401619,0.0007270010537467897,0,0
F05_delta_conditioned_film,2,line_test_0006,0.0,0.05492758750915527,0.00026044429978355765,0.00195963098667562,0,0
F05_delta_conditioned_film,2,line_test_0007,0.0,0.014970719814300537,0.00014638366701547056,0.0008605053881183267,0,0
F05_delta_conditioned_film,2,line_test_0008,0.0,0.012549221515655518,0.00015992960834410042,0.0008237885194830596,0,0
F05_delta_conditioned_film,2,line_test_0009,0.0,0.01768466830253601,0.00014485539577435702,0.0009538952144794166,0,0
F05_delta_conditioned_film,2,line_test_0010,0.0,0.021124333143234253,0.0001363594928989187,0.0009517395519651473,0,0
F05_delta_conditioned_film,2,line_test_0011,0.0,0.11180341243743896,0.00017835295875556767,0.0020792230498045683,0,0
F05_delta_conditioned_film,2,line_test_0012,0.0,0.05106925964355469,0.0001814613933674991,0.0013374402187764645,0,0
F05_delta_conditioned_film,2,line_test_0013,0.0,0.023526668548583984,0.00020042106916662306,0.0011177628766745329,0,0
F05_delta_conditioned_film,2,line_test_0014,0.0,0.008486062288284302,6.781402771594003e-05,0.0004555862979032099,0,0
F05_delta_conditioned_film,2,line_test_0015,0.0,0.027597159147262573,0.00013711152132600546,0.0010123202810063958,0,0
F05_delta_conditioned_film,2,line_test_0016,0.0,0.021629005670547485,0.00022466256632469594,0.0013319634599611163,0,0
F05_delta_conditioned_film,2,line_test_0017,0.0,0.20965582132339478,0.00014107985771261156,0.0028902958147227764,0,0
F05_delta_conditioned_film,2,line_test_0018,0.0,0.026760071516036987,0.0001664460578467697,0.0010053877485916018,0,0
F05_delta_conditioned_film,2,line_test_0019,0.0,0.01817983388900757,0.00015804407303221524,0.0009006707114167511,0,0
F05_delta_conditioned_film,2,cross_test_0000,0.0,0.02894282341003418,0.00026795006124302745,0.0014230851083993912,0,0
F05_delta_conditioned_film,2,cross_test_0001,0.0,0.012261057272553444,0.0001998196676140651,0.0009060948505066335,0,0
F05_delta_conditioned_film,2,cross_test_0002,0.0,0.06415462493896484,0.00015009894559625536,0.001244674320332706,0,0
F05_delta_conditioned_film,2,cross_test_0003,0.0,0.052319228649139404,0.00027904583839699626,0.0016737265978008509,0,0
F05_delta_conditioned_film,2,cross_test_0004,0.0,0.023524269461631775,0.00022826377244200557,0.0013652034103870392,0,0
F05_delta_conditioned_film,2,cross_test_0005,0.0,0.015939772129058838,0.0002511685888748616,0.0011953560169786215,0,0
F05_delta_conditioned_film,2,cross_test_0006,0.0,0.01359015703201294,9.777302329894155e-05,0.0007072818698361516,0,0
F05_delta_conditioned_film,2,cross_test_0007,0.0,0.015959613025188446,0.00010411584662506357,0.000701011682394892,0,0
F05_delta_conditioned_film,2,cross_test_0008,0.0,0.035677969455718994,0.000337781646521762,0.0018396227387711406,0,0
F05_delta_conditioned_film,2,cross_test_0009,0.0,0.019067049026489258,0.00012979123857803643,0.0009126356453634799,0,0
F05_delta_conditioned_film,2,cross_test_0010,0.0,0.023761779069900513,0.00021198397735133767,0.0012108746450394392,0,0
F05_delta_conditioned_film,2,cross_test_0011,0.0,0.0583035945892334,0.0004058545455336571,0.002156886737793684,0,0
F05_delta_conditioned_film,2,cross_test_0012,0.0,0.021130234003067017,0.0001604007265996188,0.001015426591038704,0,0
F05_delta_conditioned_film,2,cross_test_0013,0.0,0.03615528345108032,0.0002748770348262042,0.0013684340519830585,0,0
F05_delta_conditioned_film,2,cross_test_0014,0.0,0.015364348888397217,0.0001378921588184312,0.0008081631385721266,0,0
F05_delta_conditioned_film,2,L_shape_test_0000,0.0,0.04039102792739868,0.00038036939804442227,0.001922567025758326,0,0
F05_delta_conditioned_film,2,L_shape_test_0001,0.0,0.015983998775482178,0.00013915219460614026,0.0007564530242234468,0,0
F05_delta_conditioned_film,2,L_shape_test_0002,0.0,0.0419461727142334,0.0003515691787470132,0.0017345873638987541,0,0
F05_delta_conditioned_film,2,L_shape_test_0003,0.0,0.0235021710395813,0.00023156397219281644,0.0012148438254371285,0,0
F05_delta_conditioned_film,2,L_shape_test_0004,0.0,0.016505718231201172,0.0002520844282116741,0.0010717428522184491,0,0
F05_delta_conditioned_film,2,L_shape_test_0005,0.0,0.06018915772438049,0.00023885347764007747,0.0014708833768963814,0,0
F05_delta_conditioned_film,2,L_shape_test_0006,0.0,0.0155029296875,0.0001142363908002153,0.0006621728534810245,0,0
F05_delta_conditioned_film,2,L_shape_test_0007,0.0,0.01704607903957367,0.00020969721663277596,0.001036599394865334,0,0
F05_delta_conditioned_film,2,L_shape_test_0008,0.0,0.01802206039428711,0.0001415594742866233,0.0007973750471137464,0,0
F05_delta_conditioned_film,2,L_shape_test_0009,0.0,0.03418487310409546,0.0003330100735183805,0.0015829588519409299,0,0
F05_delta_conditioned_film,2,L_shape_test_0010,0.0,0.01800072193145752,0.00014019540685694665,0.0008396822377108037,0,0
F05_delta_conditioned_film,2,L_shape_test_0011,0.0,0.013369649648666382,8.752082067076117e-05,0.0005208973307162523,0,0
F05_delta_conditioned_film,2,L_shape_test_0012,0.0,0.01671469211578369,0.00015646975953131914,0.0008144149323925376,0,0
F05_delta_conditioned_film,2,L_shape_test_0013,0.0,0.013361811637878418,0.00016836117720231414,0.000854936137329787,0,0
F05_delta_conditioned_film,2,L_shape_test_0014,0.0,0.014982402324676514,0.000122697078040801,0.0007387904915958643,0,0
F05_delta_conditioned_film,2,L_shape_test_0015,0.0,0.020880043506622314,0.00022636723588220775,0.001033123699016869,0,0
F05_delta_conditioned_film,2,L_shape_test_0016,0.0,0.02527490258216858,0.00015458452980965376,0.0008094090735539794,0,0
F05_delta_conditioned_film,2,L_shape_test_0017,0.0,0.022922813892364502,0.0002450809406582266,0.0011356419418007135,0,0
F05_delta_conditioned_film,2,L_shape_test_0018,0.0,0.022020816802978516,0.00016707809118088335,0.000833802972920239,0,0
F05_delta_conditioned_film,2,L_shape_test_0019,0.0,0.019385993480682373,0.00017896256758831441,0.0010563168907538056,0,0
F05_delta_conditioned_film,2,double_line_test_0000,0.0,0.10767918825149536,0.00013987541024107486,0.0015677051851525903,0,0
F05_delta_conditioned_film,2,double_line_test_0001,0.0,0.05890607833862305,0.00044214187073521316,0.002731624525040388,0,0
F05_delta_conditioned_film,2,double_line_test_0002,0.0,0.07467162609100342,0.00010972322343150154,0.0010106849949806929,0,0
F05_delta_conditioned_film,2,double_line_test_0003,0.0,0.01699739694595337,0.00020669325022026896,0.0008316189050674438,0,0
F05_delta_conditioned_film,2,double_line_test_0004,0.0,0.029272735118865967,0.00028397550340741873,0.0015197678003460169,0,0
F05_delta_conditioned_film,2,double_line_test_0005,0.0,0.15411704778671265,0.00016531192522961646,0.0018642769427970052,0,0
F05_delta_conditioned_film,2,double_line_test_0006,0.0,0.04193755239248276,0.00039857305819168687,0.002049810718744993,0,0
F05_delta_conditioned_film,2,double_line_test_0007,0.0,0.014744937419891357,0.00020406294788699597,0.0009835489327087998,0,0
F05_delta_conditioned_film,2,double_line_test_0008,0.0,0.04784679412841797,0.00025926309172064066,0.0013252280186861753,0,0
F05_delta_conditioned_film,2,double_line_test_0009,0.0,0.019535541534423828,0.0001584726123837754,0.0008784720557741821,0,0
F05_delta_conditioned_film,2,double_line_test_0010,0.0,0.022547423839569092,0.00022376513516064733,0.0010294283274561167,0,0
F05_delta_conditioned_film,2,double_line_test_0011,0.0,0.007781090214848518,0.00013506266986951232,0.0006161262863315642,0,0
F05_delta_conditioned_film,2,double_line_test_0012,0.0,0.011236220598220825,7.847691449569538e-05,0.0005467394948936999,0,0
F05_delta_conditioned_film,2,double_line_test_0013,0.0,0.012360572814941406,0.0002383927785558626,0.000968141364865005,0,0
F05_delta_conditioned_film,2,double_line_test_0014,0.0,0.09402942657470703,0.00038424215745180845,0.0019709207117557526,0,0
F05_delta_conditioned_film,2,small_rect_edge_test_0000,0.0,0.11965817213058472,0.00012260478979442269,0.0016015414148569107,0,0
F05_delta_conditioned_film,2,small_rect_edge_test_0001,0.0,0.02320021390914917,0.0001709468779154122,0.0009630834683775902,0,0
F05_delta_conditioned_film,2,small_rect_edge_test_0002,0.0,0.16691815853118896,0.0001660006819292903,0.0020564210135489702,0,0
F05_delta_conditioned_film,2,small_rect_edge_test_0003,0.0,0.01595383882522583,0.0002110346540575847,0.0010346508352085948,0,0
F05_delta_conditioned_film,2,small_rect_edge_test_0004,0.0,0.07929471135139465,0.000435369904153049,0.0027242060750722885,0,0
F05_delta_conditioned_film,2,small_rect_edge_test_0005,0.0,0.02873021364212036,0.0002560077409725636,0.0015176946762949228,0,0
F05_delta_conditioned_film,2,small_rect_edge_test_0006,0.0,0.012206077575683594,0.00017283670604228973,0.0008958480902947485,0,0
F05_delta_conditioned_film,2,small_rect_edge_test_0007,0.0,0.09656709432601929,0.00016586056153755635,0.001724923262372613,0,0
F05_delta_conditioned_film,2,small_rect_edge_test_0008,0.0,0.1320694088935852,0.00043820671271532774,0.0028461094480007887,0,0
F05_delta_conditioned_film,2,small_rect_edge_test_0009,0.0,0.0143718421459198,0.00014117413957137614,0.0007860383484512568,0,0
F05_delta_conditioned_film,2,point_cluster_test_0000,0.0,0.015004158020019531,0.00017778229084797204,0.0010272958315908909,0,0
F05_delta_conditioned_film,2,point_cluster_test_0001,0.0,0.033546894788742065,0.00025827993522398174,0.0014019983354955912,0,0
F05_delta_conditioned_film,2,point_cluster_test_0002,0.0,0.04504692554473877,0.0001791004033293575,0.00121188850607723,0,0
F05_delta_conditioned_film,2,point_cluster_test_0003,0.0,0.021440833806991577,0.0001403962232870981,0.0009399335831403732,0,0
F05_delta_conditioned_film,2,point_cluster_test_0004,0.0,0.025442853569984436,0.00027255347231402993,0.0015320251695811749,0,0
F05_delta_conditioned_film,2,point_cluster_test_0005,0.0,0.03259420394897461,0.00023606166359968483,0.0013124685501679778,0,0
F05_delta_conditioned_film,2,point_cluster_test_0006,0.0,0.055539488792419434,0.0001799455058062449,0.0012067492352798581,0,0
F05_delta_conditioned_film,2,point_cluster_test_0007,0.0,0.03925648331642151,0.00018439941050019115,0.0012400384293869138,0,0
F05_delta_conditioned_film,2,point_cluster_test_0008,0.0,0.03809863328933716,0.00017513945931568742,0.0011769365519285202,0,0
F05_delta_conditioned_film,2,point_cluster_test_0009,0.0,0.02106235921382904,0.00012321413669269532,0.0008568738703615963,0,0
F05_delta_conditioned_film,2,point_cluster_test_0010,0.0,0.01942380890250206,0.0002143064484698698,0.00112717819865793,0,0
F05_delta_conditioned_film,2,point_cluster_test_0011,0.0,0.054002732038497925,0.0002597376878838986,0.0016696339007467031,0,0
F05_delta_conditioned_film,2,point_cluster_test_0012,0.0,0.06500637531280518,0.00022498294129036367,0.0016761026345193386,0,0
F05_delta_conditioned_film,2,point_cluster_test_0013,0.0,0.047258585691452026,0.00048107074690051377,0.002463809447363019,0,0
F05_delta_conditioned_film,2,point_cluster_test_0014,0.0,0.022807389497756958,0.00014400511281564832,0.0011221725726500154,0,0
F05_delta_conditioned_film,2,point_cluster_test_0015,0.0,0.054139792919158936,0.00021495828696060926,0.0016567303100600839,0,0
F05_delta_conditioned_film,2,point_cluster_test_0016,0.0,0.017465993762016296,0.00025431535323150456,0.001210143556818366,0,0
F05_delta_conditioned_film,2,point_cluster_test_0017,0.0,0.039837777614593506,0.00014006911078467965,0.0010118299396708608,0,0
F05_delta_conditioned_film,2,point_cluster_test_0018,0.0,0.11003118753433228,0.0002248296223115176,0.0018097752472385764,0,0
F05_delta_conditioned_film,2,point_cluster_test_0019,0.0,0.025891602039337158,0.00010970476432703435,0.000751071609556675,0,0
