sample_id,split,family,X_ref3_min,X_ref3_max,X_ref3_mean,X_ref3_std,X_ref3_nan_count,X_ref3_inf_count,GT_min,GT_max,GT_mean,GT_std,GT_nan_count,GT_inf_count,delta_rho_min,delta_rho_max,delta_rho_mean,delta_rho_std,delta_rho_nan_count,delta_rho_inf_count,Pcyc_min,Pcyc_max,Pcyc_mean,Pcyc_std,Pcyc_nan_count,Pcyc_inf_count,Pcyc_abs_le_0p25_ratio,Pcyc_abs_gt_0p25_ratio,support_alignment_iou_ref3_vs_gt,shell_boundary_voxel_count
line_train_0000,train,line,0.0,1.0,0.004491401126162802,0.04211243834553792,0,0,0.0,0.9294610023498535,0.0005632963686905525,0.022108020502054772,0,0,-0.06678342074155807,0.0,-0.0009257291067451997,0.006324563871045358,0,0,-0.956943690776825,0.999998927116394,-0.0012115130785214543,0.09077884218414213,0,0,0.9811921296296297,0.01880787037037037,0.03017241379310345,5
line_train_0001,train,line,0.0,1.0,0.012560732854025345,0.06890735304801318,0,0,0.0,0.9412720203399658,0.00282323050002257,0.04817631628617992,0,0,-0.002860620617866516,0.0719234049320221,0.0025229980173106822,0.010292747186462118,0,0,-0.9943807125091553,0.9640410542488098,-0.0017473568501473993,0.15536172817269037,0,0,0.9435763888888888,0.05642361111111111,0.069164265129683,42
line_train_0002,train,line,0.0,0.9454691410064697,0.011644583401600054,0.06838008258313151,0,0,0.0,1.0,0.000600861721775598,0.022482381975744408,0,0,-0.07411287724971771,0.0747220516204834,-0.0004426303213996882,0.011658894866323714,0,0,-0.9256665706634521,0.9999964833259583,0.002553270129636884,0.10473923567501599,0,0,0.9761284722222222,0.023871527777777776,0.020491803278688523,195
line_train_0003,train,line,0.0,1.0,0.01181161027980798,0.070956061036945,0,0,0.0,0.9836980104446411,0.0011709040134317344,0.03170753509026159,0,0,-0.07389162480831146,0.07499998807907104,0.0015375811792047763,0.012000345172396069,0,0,-0.9667691588401794,0.9999969601631165,0.0034389285577129123,0.11930748358630816,0,0,0.9688946759259259,0.031105324074074073,0.03571428571428571,195
line_train_0004,train,line,0.0,0.9821658730506897,0.008686909791827525,0.057021418121406535,0,0,0.0,1.0,0.0012850910770120445,0.034686701554163236,0,0,-0.07344979047775269,0.0747220516204834,0.0016120799679171156,0.00913120393866411,0,0,-0.9943807125091553,0.9640410542488098,0.0008160116528786064,0.10730448438468991,0,0,0.9721498842592593,0.02785011574074074,0.042986425339366516,75
line_train_0005,train,line,0.0,0.8798874616622925,0.005825598103675239,0.042871849481681934,0,0,0.0,1.0,0.0003208420843023945,0.016950557820698875,0,0,-0.07389162480831146,0.07499998807907104,-0.0011671192327479798,0.009917405298116196,0,0,-0.9788332581520081,0.9999964833259583,-0.00012711939032467652,0.09635631399878071,0,0,0.9786603009259259,0.021339699074074073,0.012953367875647668,120
line_train_0006,train,line,0.0,0.884836733341217,0.0043182729438605615,0.0357086775228127,0,0,0.0,1.0,0.0024634941946715117,0.04521606292171027,0,0,-0.0022671371698379517,0.048305317759513855,0.0007696154708456662,0.004656236600586619,0,0,-0.998612105846405,0.964989185333252,-0.002747734761012705,0.1076165454944991,0,0,0.9739583333333334,0.026041666666666668,0.12422360248447205,0
line_train_0007,train,line,0.0,0.9543970823287964,0.01738725444778942,0.07859232016526858,0,0,0.0,1.0,0.0014010117673832509,0.03448252678459288,0,0,-0.07411287724971771,0.07499998807907104,0.0009446106721750564,0.014637757192102677,0,0,-0.9820112586021423,0.9999969601631165,0.001939877577620387,0.14200309996677815,0,0,0.9558738425925926,0.044126157407407406,0.026602176541717048,295
line_train_0008,train,line,0.0,0.8476860523223877,0.008168272288457956,0.05275166492669292,0,0,0.0,1.0,0.0013809264551296278,0.03478657338229219,0,0,-0.06837531924247742,0.0,-0.0015473604693801866,0.008632121493968378,0,0,-0.9788332581520081,0.9999964833259583,-0.0008482637907339571,0.1010392320920212,0,0,0.9730902777777778,0.026909722222222224,0.04608294930875576,18
line_train_0009,train,line,0.0,0.8471689820289612,0.008087559092877604,0.050392718468970414,0,0,0.0,1.0,0.0019199729776354852,0.039352897561096174,0,0,-0.013526558876037598,0.05524376034736633,0.0011234824131760332,0.005989921859649423,0,0,-0.998612105846405,0.964989185333252,-0.0014272826420993726,0.12899105740486116,0,0,0.9609375,0.0390625,0.058419243986254296,0
line_train_0010,train,line,0.0,1.0,0.010641329873275632,0.0754341803844319,0,0,0.0,0.962086021900177,0.0009106749203056097,0.02864544408877731,0,0,0.0,0.07090720534324646,0.001083442592062056,0.007344889003008736,0,0,-0.9712616205215454,0.9999969601631165,-0.0007483781470606724,0.08059269767553925,0,0,0.9835069444444444,0.016493055555555556,0.04242424242424243,60
line_train_0011,train,line,0.0,0.8892042636871338,0.010683335035234146,0.05676596082517614,0,0,0.0,1.0,0.0008754994185572421,0.027617703847620474,0,0,-0.07494446635246277,0.07499998807907104,-0.0007065281323674652,0.01405108404407525,0,0,-0.9820112586021423,0.9999964833259583,-0.0003501282161172033,0.1241636771088645,0,0,0.9622395833333334,0.037760416666666664,0.020958083832335328,264
line_train_0012,train,line,0.0,0.8667486906051636,0.007205499342843622,0.05180393652937679,0,0,0.0,1.0,0.0016895002918317914,0.03839952962535348,0,0,-0.07000000774860382,0.0,-0.0012671691365540028,0.007645817948847126,0,0,-0.9745907783508301,0.999998927116394,0.0015929837738642367,0.10521797164993552,0,0,0.9761284722222222,0.023871527777777776,0.06818181818181818,35
line_train_0013,train,line,0.0,1.0,0.015394346764567133,0.08294400369285417,0,0,0.0,0.9983350038528442,0.002693903649708739,0.048008529307682256,0,0,-0.015370890498161316,0.06242644786834717,0.0017394890762969023,0.007985401058102665,0,0,-0.998612105846405,0.9628074765205383,-0.0010503430407374657,0.15675288164629578,0,0,0.9418402777777778,0.058159722222222224,0.05945945945945946,0
line_train_0014,train,line,0.0,0.9054788947105408,0.00927741142583761,0.059175995703352906,0,0,0.0,1.0,0.0004470260917312569,0.01993903529016611,0,0,-0.07411287724971771,0.0747220516204834,-0.0009729739287178274,0.011090492573050963,0,0,-0.9820112586021423,0.9969497919082642,-0.0019661170015044466,0.10409622783247371,0,0,0.9786603009259259,0.021339699074074073,0.016317016317016316,185
line_train_0015,train,line,0.0,0.8387010097503662,0.017812786239363523,0.08082702824523359,0,0,0.0,1.0,0.001377454385402854,0.03405134031743631,0,0,-0.07483351975679398,0.07500000298023224,0.0004993133229112977,0.014729135363866039,0,0,-0.9993054270744324,0.9999994039535522,0.006883210607055743,0.14072413644178214,0,0,0.9555121527777778,0.044487847222222224,0.028785982478097622,270
line_train_0016,train,line,0.0,1.0,0.00684741712546013,0.05419343070565497,0,0,0.0,0.9736430048942566,0.000988701246333895,0.029150190589412654,0,0,-0.044524893164634705,0.01918923854827881,-0.00042993530600883616,0.0036081539266274235,0,0,-0.998612105846405,0.9766644239425659,0.001159171092021333,0.11047265499579885,0,0,0.9750434027777778,0.024956597222222224,0.04953560371517028,0
line_train_0017,train,line,0.0,0.939806342124939,0.018432291311101936,0.08984057315141371,0,0,0.0,1.0,0.002266050652704305,0.04350022962998869,0,0,-0.07389162480831146,0.07499998807907104,-0.0007802699821897679,0.014171908623257923,0,0,-0.9986152648925781,0.9772876501083374,-0.001285263259988925,0.12481364599296775,0,0,0.9639756944444444,0.03602430555555555,0.052486187845303865,312
line_train_0018,train,line,0.0,0.8904845714569092,0.0067261431886078285,0.05318132999591403,0,0,0.0,1.0,0.001408812318307658,0.034307969662368466,0,0,-0.04488102346658707,0.028465673327445984,-0.0003110830584773794,0.004450286093292646,0,0,-0.9607370495796204,0.9766644239425659,0.0008543503935032748,0.11027622513511064,0,0,0.9721498842592593,0.02785011574074074,0.0761904761904762,0
line_train_0019,train,line,0.0,0.9592086672782898,0.020794429341482033,0.10215261064822405,0,0,0.0,1.0,0.0004699202426881702,0.02090471228764413,0,0,-0.07384227216243744,0.07500000298023224,0.0005831419386797481,0.013045076121488058,0,0,-0.9993054270744324,0.9999994039535522,0.004211725062540844,0.12140040405455604,0,0,0.970703125,0.029296875,0.011570247933884297,270
line_train_0020,train,line,0.0,0.920325517654419,0.0028604273717660446,0.023931142630542825,0,0,0.0,1.0,0.0026402805017790307,0.049086491870262795,0,0,-0.07174576818943024,0.008058428764343262,-0.002261029239485247,0.009418118360683929,0,0,-0.9991823434829712,0.9999964833259583,-0.0010108702537965858,0.15410359075895588,0,0,0.9448784722222222,0.055121527777777776,0.06140350877192982,24
line_train_0021,train,line,0.0,0.8385335803031921,0.006429745107787447,0.041578802226125505,0,0,0.0,1.0,0.000487098379784988,0.0203977501375933,0,0,-0.046922363340854645,0.031176701188087463,-0.0004645963026969521,0.004955045165770454,0,0,-0.998612105846405,0.9766644239425659,-0.00031729313192314565,0.14471011335273198,0,0,0.9544270833333334,0.045572916666666664,0.015355086372360844,0
line_train_0022,train,line,0.0,0.8513717651367188,0.0062394600380583955,0.047309224810228624,0,0,0.0,1.0,0.0004268498806696799,0.01910788283480936,0,0,-0.07372584939002991,0.07410934567451477,0.001301013204889993,0.010260958200852226,0,0,-0.9367321133613586,0.9999969601631165,0.000954472287520292,0.09682100763685637,0,0,0.9779369212962963,0.022063078703703703,0.017902813299232736,140
line_train_0023,train,line,0.0,0.8811675310134888,0.018248290491909656,0.08267716028220143,0,0,0.0,1.0,0.0018699958153000032,0.03973524708542815,0,0,-0.07411287724971771,0.07499998807907104,-5.0790016151343785e-05,0.014929208599328801,0,0,-0.9820112586021423,0.9999969601631165,0.0012315169264756722,0.14073671651122371,0,0,0.9573206018518519,0.04267939814814815,0.038461538461538464,305
line_train_0024,train,line,0.0,0.8439950942993164,0.00534888675955219,0.042998034384578575,0,0,0.0,1.0,0.001210827436470599,0.032797549059002444,0,0,-0.04405190795660019,0.017705082893371582,-0.000457367595690475,0.003750022676144414,0,0,-0.998612105846405,0.9766644239425659,0.0015611521257596905,0.10908438275828393,0,0,0.9761284722222222,0.023871527777777776,0.05539358600583091,0
line_train_0025,train,line,0.0,0.9628086686134338,0.00575440448168744,0.04422918313844957,0,0,0.0,1.0,0.0010856342872742702,0.03105366224367037,0,0,-0.04369854927062988,0.04104971885681152,-1.0124815701231085e-05,0.004623300125372285,0,0,-0.998612105846405,0.9766644239425659,-0.00031713483622297645,0.14640154455212348,0,0,0.9529803240740741,0.04701967592592592,0.03968253968253968,0
line_train_0026,train,line,0.0,0.8944239616394043,0.009643085516506323,0.06339861038603987,0,0,0.0,1.0,0.0011360579842908515,0.03156961380760793,0,0,-0.07389162480831146,0.07499998807907104,0.0009024725241707293,0.010478367987916664,0,0,-0.9667691588401794,0.9999969601631165,0.001364191713138199,0.0913075590225006,0,0,0.9808304398148148,0.019169560185185185,0.046753246753246755,180
line_train_0027,train,line,0.0,0.838626503944397,0.010867254063770006,0.05786351067306323,0,0,0.0,1.0,0.0009421986803688385,0.02789644093174167,0,0,-0.0650000050663948,0.0,-0.0024462120879131057,0.01003648965215294,0,0,-0.9745907783508301,0.999998927116394,0.0014786374910424154,0.1554998090926249,0,0,0.9461805555555556,0.05381944444444445,0.019230769230769232,6
line_train_0028,train,line,0.0,0.9151919484138489,0.010268564479365186,0.05771824413063221,0,0,0.0,1.0,0.0019442497804347011,0.041780469435241545,0,0,-0.07384227216243744,0.07500000298023224,0.0015057182840623514,0.010365338136189364,0,0,-0.9993054270744324,0.9999994039535522,0.003972968346783158,0.1156663523925913,0,0,0.9710648148148148,0.028935185185185185,0.05725190839694656,125
line_train_0029,train,line,0.0,0.991910994052887,0.001914198910023296,0.018372797760176075,0,0,0.0,1.0,0.0012306396470025734,0.03410987396563483,0,0,-0.06951139867305756,0.0,-0.0026017302815388474,0.010540106685983337,0,0,-0.994807243347168,0.9999964833259583,0.0002527658078987669,0.15784067826964585,0,0,0.9457465277777778,0.054253472222222224,0.017857142857142856,42
line_train_0030,train,line,0.0,0.942111074924469,0.006685378918080931,0.051557512295874186,0,0,0.0,1.0,0.0005314080346444691,0.02211413575551248,0,0,0.0,0.060059502720832825,0.0008888986269960662,0.0057221292850212655,0,0,-0.9667691588401794,0.9999969601631165,-0.0019862817006705206,0.09230879469554097,0,0,0.9793836805555556,0.020616319444444444,0.02064896755162242,0
line_train_0031,train,line,0.0,0.9853371977806091,0.009286021403601841,0.060673301448181595,0,0,0.0,1.0,0.0006983132550009975,0.025990291275523363,0,0,-0.025000005960464478,0.04525624215602875,0.0005702186026610434,0.004357132592909774,0,0,-0.9367321133613586,0.9517656564712524,-0.0007202905746655435,0.1286118339370722,0,0,0.9613715277777778,0.038628472222222224,0.01984126984126984,0
line_train_0032,train,line,0.0,0.9736624360084534,0.013079394464512006,0.0746138196856006,0,0,0.0,1.0,0.0018425307374585558,0.03996069606479517,0,0,-0.07494446635246277,0.07499998807907104,-0.00026907181988159817,0.013301941120031004,0,0,-0.9251210689544678,0.9973381757736206,0.005567256379941278,0.09981581087838262,0,0,0.9717881944444444,0.028211805555555556,0.052083333333333336,264
line_train_0033,train,line,0.0,0.9659035801887512,0.009403040033720134,0.06353290754161146,0,0,0.0,1.0,0.0011576459424018307,0.03302283084310322,0,0,-0.021450400352478027,0.04241880774497986,0.0004617002505929796,0.003942894648044978,0,0,-0.998612105846405,0.9571169018745422,-0.002461645347937991,0.12393052052940531,0,0,0.9681712962962963,0.031828703703703706,0.04106280193236715,0
line_train_0034,train,line,0.0,1.0,0.005609007302026654,0.041584991153801196,0,0,0.0,0.9778509736061096,0.0005149975315564208,0.02145462929137905,0,0,-0.06723527610301971,0.0030522793531417847,-0.0014819227335802108,0.00749877113612718,0,0,-0.9913396239280701,0.999998927116394,0.00046258571577103186,0.1230984125234159,0,0,0.9641927083333334,0.035807291666666664,0.021621621621621623,10
line_train_0035,train,line,0.0,0.8115506768226624,0.014778478554338411,0.06887690957549225,0,0,0.0,1.0,0.0005064609727856738,0.020137329280887028,0,0,-0.07494446635246277,0.07499998807907104,0.0017398757875155381,0.01315084574114101,0,0,-0.9820112586021423,0.9999969601631165,-0.001161800386760795,0.133590674106597,0,0,0.9569589120370371,0.043041087962962965,0.010869565217391304,260
line_train_0036,train,line,0.0,0.8996365666389465,0.008257829546622545,0.05597159954109303,0,0,0.0,1.0,0.0018744115174437563,0.04033422686744977,0,0,-0.07483351975679398,0.0,-0.0014310076383278808,0.00830666556036563,0,0,-0.9745907783508301,0.9766644239425659,1.2001281127730315e-05,0.11156651555065501,0,0,0.9721498842592593,0.02785011574074074,0.06578947368421052,60
line_train_0037,train,line,0.0,0.8746970295906067,0.008678258547425448,0.05130607129920139,0,0,0.0,1.0,0.0005795382980809167,0.022811152492536263,0,0,-0.023508891463279724,0.055912598967552185,0.0010139610148379925,0.006089885127070919,0,0,-0.998612105846405,0.9571169018745422,-0.0008811970149138317,0.13981032760002865,0,0,0.9537037037037037,0.046296296296296294,0.011965811965811967,0
line_train_0038,train,line,0.0,0.8683336973190308,0.009328584292099415,0.057434870431130026,0,0,0.0,1.0,0.001452815938844449,0.0350580305149979,0,0,-0.07389162480831146,0.07499998807907104,-2.0633489367793555e-05,0.01168216117511275,0,0,-0.9325828552246094,0.9999969601631165,-8.746008293032733e-05,0.10902048481811202,0,0,0.9721498842592593,0.02785011574074074,0.048484848484848485,170
line_train_0039,train,line,0.0,0.9244390726089478,0.017279717705470696,0.07792227688937754,0,0,0.0,1.0,0.0018757350647959996,0.041003357267757064,0,0,-0.0732843279838562,0.07499998807907104,0.0023030825670705074,0.011228443210452854,0,0,-0.9667691588401794,0.9999969601631165,0.0011135317793189272,0.1399688848408388,0,0,0.9540653935185185,0.04593460648148148,0.03477218225419664,115
line_train_0040,train,line,0.0,0.8593627214431763,0.005445950256890447,0.04532858722852537,0,0,0.0,1.0,0.00047858073203651993,0.020086584363325655,0,0,-0.0650000050663948,0.0,-0.0008071851172846638,0.005933390619767067,0,0,-0.9425351619720459,0.999998927116394,0.0005120045628885877,0.08918386756044983,0,0,0.9826388888888888,0.017361111111111112,0.02622950819672131,5
line_train_0041,train,line,0.0,0.8639391660690308,0.010841780687904382,0.06016902686366788,0,0,0.0,1.0,0.0003982343736829029,0.017930681771759903,0,0,-0.07450056076049805,0.07461076974868774,-0.0007188005245687371,0.012682158147919618,0,0,-0.9820112586021423,0.9973381757736206,-6.371709446284513e-05,0.11721377046749928,0,0,0.9674479166666666,0.032552083333333336,0.011686143572621035,225
line_train_0042,train,line,0.0,1.0,0.026238117760860397,0.11283225012454635,0,0,0.0,0.9881600141525269,0.00162365117231039,0.03698784536139263,0,0,-0.07483351975679398,0.07500000298023224,0.0012097380372492975,0.014728754145426804,0,0,-0.9993054270744324,0.9999994039535522,0.0052642057360369815,0.13824914163995863,0,0,0.9587673611111112,0.04123263888888889,0.034394904458598725,310
line_train_0043,train,line,0.0,0.9825054407119751,0.023237603875814885,0.10924501876042933,0,0,0.0,1.0,0.0022732496123622965,0.04583550732516143,0,0,-0.048019617795944214,0.015529453754425049,-0.0008509144956608199,0.005108785427097625,0,0,-0.998612105846405,0.9766644239425659,0.0018085263818647945,0.13826461535080575,0,0,0.9613715277777778,0.038628472222222224,0.04722222222222222,0
line_train_0044,train,line,0.0,0.9725668430328369,0.010818731165609616,0.06798783093168054,0,0,0.0,1.0,0.0002674362535967871,0.0157601565542299,0,0,-0.07494446635246277,0.07499998807907104,-0.0004280974799594669,0.010959118744546711,0,0,-0.9770127534866333,0.9999964833259583,-0.0016123203628618892,0.09125176995801866,0,0,0.9779369212962963,0.022063078703703703,0.009259259259259259,160
line_train_0045,train,line,0.0,0.8940976858139038,0.008621715104677859,0.05865631396214108,0,0,0.0,1.0,0.0006014177601577507,0.023622523783788003,0,0,-0.040000006556510925,0.023565545678138733,-0.0005287042154965025,0.0050382038189160415,0,0,-0.9607370495796204,0.9766644239425659,0.0027451528526230336,0.14366985622034134,0,0,0.9540653935185185,0.04593460648148148,0.0166270783847981,0
line_train_0046,train,line,0.0,1.0,0.012684811676148523,0.07446408623940942,0,0,0.0,0.9646220207214355,0.0005298943120848249,0.022038737451926155,0,0,-0.07483351975679398,0.07500000298023224,0.0001698736499141281,0.011702341129986417,0,0,-0.9070445895195007,0.9999994039535522,0.0036337876985338947,0.10332686220771842,0,0,0.9754050925925926,0.02459490740740741,0.01639344262295082,180
line_train_0047,train,line,0.0,0.8603711724281311,0.013503350330817435,0.06440505079606443,0,0,0.0,1.0,0.0013420341182845059,0.03395373339582698,0,0,-0.07411287724971771,0.07499998807907104,0.0009882153675856967,0.014653635361333541,0,0,-0.9820112586021423,0.9999969601631165,0.0046369269080902015,0.1414151251886479,0,0,0.9573206018518519,0.04267939814814815,0.028350515463917526,305
line_train_0048,train,line,0.0,0.8934291005134583,0.008183315874222575,0.06124467294244248,0,0,0.0,1.0,0.0015980439752133356,0.03839452721209509,0,0,-0.015000015497207642,0.0197792649269104,6.187156907765677e-05,0.001976009812232489,0,0,-0.9607370495796204,0.9517656564712524,0.00024911165517685867,0.1134635231136545,0,0,0.9721498842592593,0.02785011574074074,0.06956521739130435,0
line_train_0049,train,line,0.0,0.8096792101860046,0.00972300300364808,0.05283410887706346,0,0,0.0,1.0,0.0012431809359609528,0.03114854601108331,0,0,-0.07494446635246277,0.07499998807907104,0.002158641091901464,0.012023087157921821,0,0,-0.9712616205215454,0.9999969601631165,-0.00022537824398332978,0.13596735490913353,0,0,0.9551504629629629,0.044849537037037035,0.03333333333333333,195
line_train_0050,train,line,0.0,1.0,0.0076401258338592015,0.050111415338686786,0,0,0.0,0.9965389966964722,0.0005507730033800557,0.021764381322534047,0,0,-0.07191011309623718,0.0,-0.0015097023936471454,0.00824854734564071,0,0,-0.9820112586021423,0.9932713508605957,-0.0014653618027464458,0.10939945920669349,0,0,0.9721498842592593,0.02785011574074074,0.019955654101995565,25
line_train_0051,train,line,0.0,0.9876855611801147,0.01829273512720209,0.08401930636310749,0,0,0.0,1.0,0.0020005170221406,0.043644600548655405,0,0,-0.07367832213640213,0.07500000298023224,-0.0019643366680678876,0.012277333008622052,0,0,-0.9993054270744324,0.999998927116394,-9.363146596620532e-05,0.1415115396528249,0,0,0.9529803240740741,0.04701967592592592,0.03593556381660471,155
line_train_0052,train,line,0.0,0.9032493829727173,0.01055348753450542,0.06214172651638758,0,0,0.0,1.0,0.00037226603038747,0.017966104514447863,0,0,-0.07411287724971771,0.0747220516204834,0.0007066703444622733,0.011514205661835338,0,0,-0.9820112586021423,0.9969497919082642,0.0031644140119203292,0.10890496283280912,0,0,0.9754050925925926,0.02459490740740741,0.012320328542094456,195
line_train_0053,train,line,0.0,1.0,0.021059166427810985,0.0952592041260638,0,0,0.0,0.9468420147895813,0.0015432898524320787,0.03643103779565979,0,0,-0.07450056076049805,0.07461076974868774,-6.079449559803362e-05,0.01475746537654369,0,0,-0.9820112586021423,0.9999964833259583,0.0002463581835888396,0.14386821934838423,0,0,0.9533420138888888,0.04665798611111111,0.03176620076238882,265
line_train_0054,train,line,0.0,0.8898372650146484,0.0073906169251021885,0.05356264957765183,0,0,0.0,1.0,0.000400484052348744,0.017993266099486878,0,0,-0.022720783948898315,0.04104971885681152,0.0003504220889967487,0.0032902609326202576,0,0,-0.93541419506073,0.9517656564712524,-0.00011950590204732079,0.10776665175642196,0,0,0.9732349537037037,0.026765046296296297,0.018970189701897018,0
line_train_0055,train,line,0.0,0.8397800326347351,0.005879839247865204,0.04485906643856526,0,0,0.0,1.0,0.00039699567585355707,0.019137479688178624,0,0,0.0,0.0588659793138504,0.001284148744566159,0.007148044386056617,0,0,-0.9712616205215454,0.9999969601631165,-0.0013054952113028169,0.11149981229279442,0,0,0.9730902777777778,0.026909722222222224,0.010810810810810811,0
line_train_0056,train,line,0.0,0.8121616244316101,0.013016964318454585,0.06378670213611728,0,0,0.0,1.0,0.0009465343146412461,0.0280595937723212,0,0,-0.07411287724971771,0.0747220516204834,-0.0008341505976945713,0.013343332505579841,0,0,-0.9820112586021423,0.9999964833259583,-0.0003180312977814605,0.13222068990280844,0,0,0.9634693287037037,0.036530671296296294,0.022727272727272728,235
line_train_0057,train,line,0.0,0.8900724649429321,0.01887076472067511,0.07464886164788635,0,0,0.0,1.0,0.003169597669815024,0.05291152832732041,0,0,-0.07384227216243744,0.07500000298023224,0.002509255859169773,0.015033970430054784,0,0,-0.9993054270744324,0.9999994039535522,0.006688198668901653,0.15453098293629622,0,0,0.9453125,0.0546875,0.0496031746031746,318
line_train_0058,train,line,0.0,0.9522014260292053,0.00864580929679185,0.05624008850730055,0,0,0.0,1.0,0.0005510327820148733,0.021757619772824692,0,0,-0.05000000447034836,0.0,-0.00113945703089013,0.006046195259798586,0,0,-0.9913396239280701,0.999998927116394,-0.0011467239730538698,0.12180797027690776,0,0,0.9678096064814815,0.03219039351851852,0.016227180527383367,0
line_train_0059,train,line,0.0,0.8675653338432312,0.006143003661514336,0.032964762284012225,0,0,0.0,1.0,0.0019189957529306412,0.03942021592507788,0,0,-0.07411287724971771,0.07388612627983093,-0.00266648468742561,0.011566409513146707,0,0,-0.9820112586021423,0.9999964833259583,0.0025838030657420554,0.15473111900100142,0,0,0.9461805555555556,0.05381944444444445,0.043209876543209874,102
line_train_0060,train,line,0.0,0.8342593312263489,0.007715438825324891,0.056916591237201976,0,0,0.0,1.0,0.0005116371386167076,0.02038092839235647,0,0,-0.07483351975679398,0.07500000298023224,0.0004115731119074755,0.008830874396152318,0,0,-0.9070445895195007,0.9999994039535522,0.0034150642076619313,0.08544661875081141,0,0,0.9826388888888888,0.017361111111111112,0.028662420382165606,100
line_train_0061,train,line,0.0,0.8693512678146362,0.012882618547469823,0.06243757929967621,0,0,0.0,1.0,0.0023720317727161776,0.04552369344177094,0,0,-0.07367832213640213,0.07500000298023224,0.002300336963445362,0.012154340051723765,0,0,-0.9892363548278809,0.9999994039535522,0.005203559216978546,0.13010034090356978,0,0,0.9609375,0.0390625,0.054285714285714284,168
line_train_0062,train,line,0.0,1.0,0.001144311637212333,0.014930578926950537,0,0,0.0,0.9660300016403198,0.001402347853096823,0.033825340272906276,0,0,-0.06978271901607513,0.0,-0.0013760220921270687,0.007563623472015038,0,0,-0.9986152648925781,0.9999964833259583,-1.294011478118288e-05,0.11274597220578671,0,0,0.9717881944444444,0.028211805555555556,0.07228915662650602,15
line_train_0063,train,line,0.0,0.9930309653282166,0.016004910721676424,0.07030681149538433,0,0,0.0,1.0,0.0005328648947869186,0.02216471786200503,0,0,-0.07384227216243744,0.07500000298023224,0.0022921551472218533,0.013283301224201523,0,0,-0.9993054270744324,0.9999994039535522,0.005490855036677439,0.1412025562773628,0,0,0.9544270833333334,0.045572916666666664,0.009489916963226572,225
line_train_0064,train,line,0.0,0.8090739250183105,0.02002837218180031,0.08774923573526398,0,0,0.0,1.0,0.0024198602833267716,0.04375508295238805,0,0,-0.07483351975679398,0.07500000298023224,0.0012213115809976847,0.014990213953486913,0,0,-0.9993054270744324,0.9999994039535522,0.005379702250340617,0.1382983407425653,0,0,0.95703125,0.04296875,0.05432098765432099,324
line_train_0065,train,line,0.0,0.8827441930770874,0.015888509279816557,0.07888101107280876,0,0,0.0,1.0,0.0007742341107654351,0.026402218268157803,0,0,-0.07389162480831146,0.07499998807907104,-0.0008226194832887915,0.0141434837669605,0,0,-0.9986152648925781,0.9999964833259583,6.729807541382292e-05,0.1248915210022417,0,0,0.9639756944444444,0.03602430555555555,0.01675977653631285,306
line_train_0066,train,line,0.0,0.9761507511138916,0.023315017850311252,0.09742232037335137,0,0,0.0,1.0,0.0027087064097738927,0.048148837088026954,0,0,-0.07483351975679398,0.07500000298023224,-0.0011811549823808793,0.01628629428814699,0,0,-0.9993054270744324,0.999998927116394,-0.0007965059149783985,0.14938116452247663,0,0,0.9505208333333334,0.049479166666666664,0.044989775051124746,372
line_train_0067,train,line,0.0,0.9658094048500061,0.02300096060679169,0.09731648094894679,0,0,0.0,1.0,0.0030325318048535672,0.050644529362143226,0,0,-0.07367832213640213,0.07500000298023224,-0.0022347113699652255,0.014067356884604925,0,0,-0.9993054270744324,0.999998927116394,-0.00018936121705337428,0.15265752803828106,0,0,0.9448784722222222,0.055121527777777776,0.049800796812749,216
line_train_0068,train,line,0.0,0.957156777381897,0.007161679140423345,0.044378778887853985,0,0,0.0,1.0,0.003835270983270473,0.058370336638850724,0,0,-0.05500000715255737,0.0,-0.0017279121028776798,0.00819973715655263,0,0,-0.994807243347168,0.9999964833259583,-0.0005686743914136767,0.12481062171462978,0,0,0.9665798611111112,0.03342013888888889,0.1171875,0
line_train_0069,train,line,0.0,0.8512768149375916,0.00856242293239078,0.053629271186370495,0,0,0.0,1.0,0.0015265158662158581,0.03617781722177373,0,0,-0.043933987617492676,0.040918827056884766,-2.033685935505976e-05,0.004624059602236998,0,0,-0.956943690776825,0.9517656564712524,-0.0006743952326360159,0.13942122428338666,0,0,0.9544270833333334,0.045572916666666664,0.04621072088724584,0
line_train_0070,train,line,0.0,0.9456461668014526,0.00654779478526069,0.050607009927192886,0,0,0.0,1.0,0.0007171920517942419,0.025488320159528986,0,0,-0.03489135950803757,0.021026313304901123,-0.00025730791902686987,0.003253340453447252,0,0,-0.9913396239280701,0.9766644239425659,0.0009960018602820735,0.11130517392526532,0,0,0.9732349537037037,0.026765046296296297,0.032448377581120944,0
line_train_0071,train,line,0.0,0.9457338452339172,0.01675580466110626,0.08421865449438984,0,0,0.0,1.0,0.0015249088734250378,0.03825909129085919,0,0,-0.07411287724971771,0.07499998807907104,-0.00019125809841271903,0.014292237341739792,0,0,-0.9820112586021423,0.9973381757736206,0.001431015521120571,0.13117521189419126,0,0,0.9639756944444444,0.03602430555555555,0.03151862464183381,300
line_train_0072,train,line,0.0,1.0,0.019609776547036342,0.10762326824080783,0,0,0.0,0.9973229765892029,0.0004723407802413459,0.021014312230127567,0,0,-0.07237913459539413,0.0,-0.0014847162000714215,0.008235936782090893,0,0,-0.9913396239280701,0.999998927116394,0.0006243521784199402,0.11043574246031908,0,0,0.970703125,0.029296875,0.014141414141414142,35
line_train_0073,train,line,0.0,0.9677038788795471,0.008829443468669153,0.05869529358792484,0,0,0.0,1.0,0.00025601465582709624,0.015126645723633087,0,0,0.0,0.0686892718076706,0.0013608116703970289,0.008137750179738154,0,0,-0.9712616205215454,0.9999969601631165,0.00024995758803083,0.09456447026100573,0,0,0.9786603009259259,0.021339699074074073,0.01,45
line_train_0074,train,line,0.0,0.8814548850059509,0.00175137264330016,0.019751702153226795,0,0,0.0,1.0,0.0005238815340109997,0.02183428016702757,0,0,-0.07405753433704376,0.07388612627983093,-0.00190368716613631,0.009351509159970926,0,0,-0.9820112586021423,0.9932713508605957,0.000316700604040913,0.12482813837314374,0,0,0.9623842592592593,0.03761574074074074,0.03361344537815126,50
line_train_0075,train,line,0.0,1.0,0.02181164476510107,0.0940659197849402,0,0,0.0,0.9964309930801392,0.003361681001950745,0.055869870907807546,0,0,-0.07367832213640213,0.07500000298023224,-0.002357204001681465,0.013414671763207509,0,0,-0.9993054270744324,0.999998927116394,-0.00011235775915944639,0.1550181180438316,0,0,0.9435763888888888,0.05642361111111111,0.04970178926441352,186
line_train_0076,train,line,0.0,0.9245485067367554,0.01119114747025715,0.06938203912900419,0,0,0.0,1.0,0.002153612944918374,0.04413693866437474,0,0,-0.07450056076049805,0.07455511391162872,0.0006625486410619622,0.010629845071032687,0,0,-0.9820112586021423,0.9973381757736206,0.001676300902317962,0.10961445362303739,0,0,0.9714265046296297,0.02857349537037037,0.06547619047619048,140
line_train_0077,train,line,0.0,1.0,0.022114742257060612,0.09662349758786734,0,0,0.0,0.9573010206222534,0.001575163634562934,0.03708956660940945,0,0,-0.07411287724971771,0.07499998807907104,-0.0006628317836051186,0.014731203801160527,0,0,-0.9820112586021423,0.9973381757736206,0.0010869985828355344,0.14126130460409078,0,0,0.9558738425925926,0.044126157407407406,0.030012004801920768,285
line_train_0078,train,line,0.0,0.899516761302948,0.011380639267709167,0.06746687742306358,0,0,0.0,1.0,0.0010971518457625752,0.030662218558781536,0,0,-0.07372584939002991,0.07410934567451477,0.0015746834623213443,0.012066850196569775,0,0,-0.9367321133613586,0.9999969601631165,-0.0004720293905443719,0.11387229180129857,0,0,0.9696180555555556,0.030381944444444444,0.03237410071942446,204
line_train_0079,train,line,0.0,1.0,0.006325777960026042,0.04564294653885409,0,0,0.0,0.948078989982605,0.0006151961818061493,0.022970614529765006,0,0,-0.047043703496456146,0.008113875985145569,-0.0006671689172637545,0.004250279383999262,0,0,-0.950625479221344,0.9766644239425659,0.0038662102257755273,0.10793784356898338,0,0,0.9743923611111112,0.025607638888888888,0.024390243902439025,0
line_train_0080,train,line,0.0,1.0,0.006303137015560491,0.04614775863163976,0,0,0.0,0.9543570280075073,0.0012875436158436867,0.033205983500556306,0,0,-0.07411287724971771,0.0747220516204834,-0.0011676860567941159,0.009839195655247053,0,0,-0.9820112586021423,0.9999964833259583,-0.0003878576858032493,0.0997881648153221,0,0,0.9808304398148148,0.019169560185185185,0.056451612903225805,120
line_train_0081,train,line,0.0,0.9145917296409607,0.010277455198804462,0.06399031372898992,0,0,0.0,1.0,0.0004984882134185345,0.020827499852824366,0,0,-0.02000001072883606,0.04780039191246033,0.0007963979442138225,0.005561198615975572,0,0,-0.9943807125091553,0.9766644239425659,0.00031294268949379867,0.14150141303920433,0,0,0.9544270833333334,0.045572916666666664,0.012658227848101266,0
line_train_0082,train,line,0.0,1.0,0.0040195350098925975,0.04194689049403369,0,0,0.0,0.9197189807891846,0.000958456882034187,0.028232467367289727,0,0,-0.01107555627822876,0.05124610662460327,0.0005739837328696416,0.004394957087014766,0,0,-0.998612105846405,0.9517656564712524,-0.0033286080078040767,0.09420061696902399,0,0,0.9765625,0.0234375,0.059322033898305086,0
line_train_0083,train,line,0.0,0.9283568263053894,0.0021081274445788477,0.019014081406175092,0,0,0.0,1.0,0.0010945898463466653,0.03132225648336817,0,0,-0.07389162480831146,0.0747220516204834,-0.0021793580499770877,0.011170835191994785,0,0,-0.9991823434829712,0.9999964833259583,-0.003517356875548743,0.14107698147285563,0,0,0.9540653935185185,0.04593460648148148,0.05172413793103448,110
line_train_0084,train,line,0.0,0.9817001223564148,0.010464678297727948,0.0639946105759113,0,0,0.0,1.0,0.0007250956906419662,0.025745148513206046,0,0,-0.04559694230556488,0.024928554892539978,-0.0005250193256263932,0.004344498509165682,0,0,-0.998612105846405,0.9766644239425659,-0.0006234565893868825,0.13238014604684006,0,0,0.9623842592592593,0.03761574074074074,0.021442495126705652,0
line_train_0085,train,line,0.0,0.9988992214202881,0.023964514164011536,0.0974096347320442,0,0,0.0,1.0,0.0029393213162957517,0.051039326874697,0,0,-0.07411287724971771,0.07499998807907104,0.0008781533364930914,0.01613378428484055,0,0,-0.9820112586021423,0.9999969601631165,0.0020408100072017987,0.1588766166373021,0,0,0.9453125,0.0546875,0.0465587044534413,354
line_train_0086,train,line,0.0,0.8758131861686707,0.003301649602892414,0.031484847207059324,0,0,0.0,1.0,0.00045017432421445847,0.020075080283572102,0,0,-0.06692276895046234,0.0,-0.0007926653941265411,0.005944477428566463,0,0,-0.9768810272216797,0.9846839904785156,-0.0022128593898034727,0.08058675994626031,0,0,0.9851707175925926,0.014829282407407407,0.02553191489361702,5
line_train_0087,train,line,0.0,0.9144002199172974,0.010214081492331726,0.057105162734162745,0,0,0.0,1.0,0.0010580457315814715,0.030317969387110816,0,0,-0.05605853348970413,0.026139140129089355,-0.0008601541183587095,0.0057157473909569,0,0,-0.998612105846405,0.9766644239425659,0.0014645510925590686,0.14292920379777288,0,0,0.9547887731481481,0.04521122685185185,0.02768729641693811,0
line_train_0088,train,line,0.0,0.9291979074478149,0.004460200851031847,0.039699165210690404,0,0,0.0,1.0,0.0004052250577067887,0.01825727679771518,0,0,-0.047043703496456146,0.0,-0.0004831294952762417,0.0037295201592539733,0,0,-0.950625479221344,0.9766644239425659,0.0012847547986893915,0.07932372250282076,0,0,0.9844473379629629,0.015552662037037037,0.026923076923076925,0
line_train_0089,train,line,0.0,0.9887265563011169,0.011160858562140708,0.07304748378969722,0,0,0.0,1.0,0.0002939044713491091,0.015624519126176397,0,0,-0.07372584939002991,0.07410934567451477,-0.00019602945906593017,0.011079012949147761,0,0,-0.9256665706634521,0.9772876501083374,0.0009722973360718848,0.09095640104357076,0,0,0.9801070601851852,0.019892939814814815,0.012468827930174564,225
line_train_0090,train,line,0.0,0.8656209707260132,0.008801610360697614,0.060487661385336344,0,0,0.0,1.0,0.0006313234032994067,0.022686790811488822,0,0,-0.07000000774860382,0.0,-0.001555115832835091,0.009390685948042302,0,0,-0.9745907783508301,0.999998927116394,0.0022393702400020426,0.09745275942074118,0,0,0.9793836805555556,0.020616319444444444,0.02956989247311828,60
line_train_0091,train,line,0.0,0.8875894546508789,0.007009850618386635,0.05114059221755605,0,0,0.0,1.0,0.0003200546510655571,0.016933204220791052,0,0,-0.04264545440673828,0.012249797582626343,-0.0004321920736132328,0.003326045405506958,0,0,-0.950625479221344,0.9766644239425659,0.0030145779412662334,0.1003433936066904,0,0,0.9790219907407407,0.02097800925925926,0.013888888888888888,0
line_train_0092,train,line,0.0,0.9287542700767517,0.01018409718953653,0.07197616333241096,0,0,0.0,1.0,0.0007678254429871837,0.026175515914809384,0,0,-0.07389162480831146,0.07499998807907104,0.0007619679025891754,0.010244410455595723,0,0,-0.9367321133613586,0.9999969601631165,-0.0003339013835136063,0.09449655467123116,0,0,0.9797453703703703,0.02025462962962963,0.026954177897574125,160
line_train_0093,train,line,0.0,0.8151274919509888,0.010006275585881129,0.04976810984143993,0,0,0.0,1.0,0.00044324201600695097,0.019764256484287205,0,0,-0.07483351975679398,0.07433034479618073,-0.0022227875834451645,0.012030529903598272,0,0,-0.9993054270744324,0.999998927116394,0.002546731269224741,0.13763967673787217,0,0,0.9558738425925926,0.044126157407407406,0.007614213197969543,160
line_train_0094,train,line,0.0,0.889220118522644,0.006492855639445831,0.04406150618018204,0,0,0.0,1.0,0.0013232889878391117,0.0335387149496786,0,0,-0.043933987617492676,0.03668154776096344,-0.0002072285321817078,0.0052261709332982196,0,0,-0.9943807125091553,0.9614124894142151,0.0016077556064273166,0.13754411741561962,0,0,0.9576822916666666,0.042317708333333336,0.04943820224719101,0
line_train_0095,train,line,0.0,0.9229230284690857,0.0020476099809411817,0.019853067605561634,0,0,0.0,1.0,0.0005553440897966977,0.021997828342739417,0,0,-0.06978271901607513,0.0,-0.0022172818285913242,0.009840135430388778,0,0,-0.994807243347168,0.9999964833259583,0.0007390895690925256,0.1445897118151594,0,0,0.9547887731481481,0.04521122685185185,0.007246376811594203,40
line_train_0096,train,line,0.0,0.8615298271179199,0.009212244037923012,0.0550963585117422,0,0,0.0,1.0,0.00047146967888154367,0.019837325699019456,0,0,-0.07433627545833588,0.07500000298023224,0.0014035492317311259,0.01218151015386357,0,0,-0.9993054270744324,0.9999994039535522,0.00413955983862656,0.11983485874859523,0,0,0.9691840277777778,0.030815972222222224,0.01809954751131222,216
line_train_0097,train,line,0.0,0.9883952140808105,0.016915582669113333,0.07703161467105425,0,0,0.0,1.0,0.0005530759097180433,0.023005723627709883,0,0,-0.07483351975679398,0.07500000298023224,-0.001040565999843508,0.014422845658908513,0,0,-0.9993054270744324,0.9999994039535522,0.00021701227894852678,0.1372296238564314,0,0,0.9555121527777778,0.044487847222222224,0.00963855421686747,270
line_train_0098,train,line,0.0,0.9413058161735535,0.006182758332013489,0.04467607142664877,0,0,0.0,1.0,0.00069584337890976,0.023993542721930657,0,0,-0.07405753433704376,0.0747220516204834,-0.0004721462297580998,0.010175930202652977,0,0,-0.9152344465255737,0.9999964833259583,0.001996783120274712,0.09205698817608801,0,0,0.9808304398148148,0.019169560185185185,0.02702702702702703,150
line_train_0099,train,line,0.0,0.8878164291381836,0.0069275269758282704,0.05358786370623074,0,0,0.0,1.0,0.0003208187969263505,0.016946454683753758,0,0,-0.029066137969493866,0.026139140129089355,-3.019273949407593e-05,0.002215055067792714,0,0,-0.998612105846405,0.9766644239425659,0.0013023123569332205,0.10379036045783159,0,0,0.9793836805555556,0.020616319444444444,0.016611295681063124,0
line_train_0100,train,line,0.0,0.9086325168609619,0.007850050680577557,0.0575839223910369,0,0,0.0,1.0,0.0003934726377742158,0.01893788358932666,0,0,-0.029895886778831482,0.01918923854827881,-0.00021340748558200344,0.0026984736727749233,0,0,-0.961885392665863,0.9766644239425659,0.002382329753513827,0.10903621276893893,0,0,0.9735966435185185,0.026403356481481483,0.01662049861495845,0
line_train_0101,train,line,0.0,0.9523147344589233,0.006176227641213295,0.035961256477824846,0,0,0.0,1.0,0.0018868378441159923,0.04200702130085411,0,0,-0.07438972592353821,0.07455511391162872,-0.0023439619043428036,0.01087139204818134,0,0,-0.994807243347168,0.9999964833259583,-0.0011101320096376756,0.14166623068736334,0,0,0.9547887731481481,0.04521122685185185,0.03467153284671533,100
line_train_0102,train,line,0.0,0.9973381161689758,0.007389902182290421,0.05748340621150093,0,0,0.0,1.0,0.0008477133060633032,0.02683520418753275,0,0,0.0,0.05615527927875519,0.0007402014582314425,0.005123699580079578,0,0,-0.9367321133613586,0.9999969601631165,0.00021487451320151903,0.08799707820703936,0,0,0.9822048611111112,0.017795138888888888,0.044585987261146494,0
line_train_0103,train,line,0.0,0.9008367657661438,0.003797534652861672,0.03676111292516741,0,0,0.0,1.0,0.0003138981345627043,0.01659238917504482,0,0,-0.03500000387430191,0.008902475237846375,-0.00039705631799599224,0.00317371573192052,0,0,-0.9000070691108704,0.9766644239425659,0.001815911666738059,0.09511424375532639,0,0,0.9786603009259259,0.021339699074074073,0.02066115702479339,0
line_train_0104,train,line,0.0,0.9584712982177734,0.00504863014180888,0.03801874133167424,0,0,0.0,1.0,0.00025472865888365994,0.015049322927331365,0,0,-0.07103495299816132,0.0,-0.0011587979625565586,0.007258571739670672,0,0,-0.9783591032028198,0.9999964833259583,8.376566660849171e-05,0.09804082420279746,0,0,0.9772135416666666,0.022786458333333332,0.0084985835694051,20
line_train_0105,train,line,0.0,0.8395854234695435,0.016282275180721492,0.07655448483075944,0,0,0.0,1.0,0.0018932661947069897,0.04024879880564715,0,0,-0.07494446635246277,0.07499998807907104,0.0017398757875155381,0.01315084574114101,0,0,-0.9820112586021423,0.9999969601631165,-0.001161800386760795,0.133590674106597,0,0,0.9569589120370371,0.043041087962962965,0.037758830694275276,260
line_train_0106,train,line,0.0,1.0,0.009268487217249695,0.06694438141524936,0,0,0.0,0.9838489890098572,0.0003886979150896271,0.018728836403501523,0,0,-0.06000000238418579,0.0,-0.0013914246341705115,0.007616767491285615,0,0,-0.9425351619720459,0.999998927116394,0.0037525865439049623,0.11434549359147575,0,0,0.9728732638888888,0.027126736111111112,0.013921113689095127,0
line_train_0107,train,line,0.0,1.0,0.014538219016416136,0.07802117260816091,0,0,0.0,0.964676022529602,0.00043881561227694703,0.019604522962474575,0,0,-0.07477790117263794,0.07455511391162872,0.0015887117478996515,0.01139796827186179,0,0,-0.9491848945617676,0.964989185333252,0.0009173254892613369,0.11729440454258512,0,0,0.9670862268518519,0.03291377314814815,0.011764705882352941,180
line_train_0108,train,line,0.0,0.8456666469573975,0.007235942400435996,0.04677996155559299,0,0,0.0,1.0,0.0011229325103125087,0.02997261473793693,0,0,-0.07367832213640213,0.07500000298023224,-0.002147308243567952,0.01245922446788161,0,0,-0.956943690776825,0.999998927116394,0.0018216271192714986,0.14391467734609295,0,0,0.9509548611111112,0.04904513888888889,0.0364963503649635,156
line_train_0109,train,line,0.0,0.9764852523803711,0.007145595563795521,0.04796147697001666,0,0,0.0,1.0,0.0010684015470798368,0.031430356886894814,0,0,-0.004226207733154297,0.0555480420589447,0.0011098927535823787,0.006148023258339188,0,0,-0.9943807125091553,0.964989185333252,0.0005680023308808881,0.12236666534517716,0,0,0.9663628472222222,0.033637152777777776,0.0326530612244898,0
line_train_0110,train,line,0.0,0.9787886142730713,0.001048369475778667,0.013332530609011795,0,0,0.0,1.0,0.002223839828123649,0.04550683282178031,0,0,-0.07389162480831146,0.07499998807907104,-0.0014204179104934963,0.008517597567264694,0,0,-0.9991823434829712,0.9999964833259583,0.0005429948083070081,0.11412194834878961,0,0,0.9717881944444444,0.028211805555555556,0.056179775280898875,55
line_train_0111,train,line,0.0,0.9514675736427307,0.00932800228449819,0.05403118746463399,0,0,0.0,1.0,0.0016713084618526477,0.03936427388468003,0,0,-0.04559694230556488,0.033575594425201416,-0.00034212406953210356,0.00480175079647028,0,0,-0.998612105846405,0.9766644239425659,-0.0011270603841627167,0.14194276249114138,0,0,0.9547887731481481,0.04521122685185185,0.04152249134948097,0
line_train_0112,train,line,0.0,0.8975347280502319,0.004143216398566202,0.04039288959627923,0,0,0.0,1.0,0.00043289707025030147,0.0193429338082548,0,0,-0.011706843972206116,0.04602295160293579,0.0004897354907977084,0.0036978212065998813,0,0,-0.93541419506073,0.9517656564712524,-0.0004161305272039802,0.09343166413022126,0,0,0.9797453703703703,0.02025462962962963,0.028112449799196786,0
line_train_0113,train,line,0.0,0.9479095339775085,0.003558881207675734,0.028479563984580934,0,0,0.0,1.0,0.00031458624828330895,0.016681377294857008,0,0,-0.06073029339313507,0.0,-0.0009817465723716413,0.0060674853211403436,0,0,-0.9783591032028198,0.9846839904785156,0.0005088800443681302,0.09821830607693993,0,0,0.9761284722222222,0.023871527777777776,0.016339869281045753,0
line_train_0114,train,line,0.0,0.8775116801261902,0.0044869488267943744,0.03879342736202106,0,0,0.0,1.0,0.0003760293065742762,0.018155593093234633,0,0,0.0,0.07051075994968414,0.0009874158045190765,0.007066259664625165,0,0,-0.7981081008911133,0.964989185333252,0.0020989773097594647,0.07773651463272024,0,0,0.9830005787037037,0.016999421296296297,0.023166023166023165,20
line_train_0115,train,line,0.0,0.9270066022872925,0.00888639950626721,0.05120492711692938,0,0,0.0,1.0,0.0003683420277580067,0.01777888039323376,0,0,-0.07196491956710815,0.07499998807907104,0.0018560497361856203,0.009515399059438632,0,0,-0.9667691588401794,0.9999969601631165,0.000918252841344198,0.1216038663756884,0,0,0.9660011574074074,0.033998842592592594,0.010291595197255575,60
line_train_0116,train,line,0.0,0.9285836219787598,0.018278895206835673,0.08313730588244986,0,0,0.0,1.0,0.0019040446624987656,0.039977550385087844,0,0,-0.07477790117263794,0.07461076974868774,0.0016217831677446763,0.01446617467767005,0,0,-0.9820112586021423,0.964989185333252,0.0012285617259900998,0.13701721976600284,0,0,0.9544270833333334,0.045572916666666664,0.03747072599531616,318
line_train_0117,train,line,0.0,1.0,0.0051865263763425495,0.04753615038873485,0,0,0.0,0.9851779937744141,0.0005421684106328974,0.022548646188659555,0,0,-0.015000015497207642,0.028465673327445984,0.0002201196039095521,0.002675404041761038,0,0,-0.9607370495796204,0.9517656564712524,-0.0020435995207258705,0.10825058461688233,0,0,0.97265625,0.02734375,0.03076923076923077,0
line_train_0118,train,line,0.0,0.813633918762207,0.011036533160542995,0.05523895035055402,0,0,0.0,1.0,0.0015699665958958644,0.036398441540001714,0,0,-0.07483351975679398,0.07500000298023224,0.0010023691040125279,0.013615129386636816,0,0,-0.9993054270744324,0.9999994039535522,0.003913853193740512,0.13153072679915603,0,0,0.9573206018518519,0.04267939814814815,0.03773584905660377,230
line_train_0119,train,line,0.0,0.9976813793182373,0.00934848908703619,0.06047766471159169,0,0,0.0,1.0,0.00027765955396548463,0.01633911476086951,0,0,-0.07494446635246277,0.07499998807907104,-0.0011989973696742069,0.010132387740601868,0,0,-0.9770127534866333,0.9999964833259583,0.00039991238803917505,0.09386549339398849,0,0,0.9790219907407407,0.02097800925925926,0.009876543209876543,135
line_train_0120,train,line,0.0,0.8770837783813477,0.012993523812770878,0.07239120064830071,0,0,0.0,1.0,0.0002648727623400865,0.015611937953368625,0,0,-0.07384227216243744,0.07500000298023224,0.0008834588974153761,0.011684848076457541,0,0,-0.9993054270744324,0.9999994039535522,0.003468623638548673,0.11017100169217725,0,0,0.9754050925925926,0.02459490740740741,0.00808080808080808,215
line_train_0121,train,line,0.0,0.9479939341545105,0.010510544634792462,0.06617679844362291,0,0,0.0,1.0,0.0020717387648161363,0.04376752946356245,0,0,-0.04500000178813934,0.018671274185180664,-0.0008312223669943503,0.005628487696393018,0,0,-0.9607370495796204,0.9766644239425659,0.0031990794943542117,0.14261224872296496,0,0,0.9551504629629629,0.044849537037037035,0.05893909626719057,0
line_train_0122,train,line,0.0,0.8063066005706787,0.007635817606636987,0.05327881127447206,0,0,0.0,1.0,0.0006448758843665322,0.022636471629384765,0,0,-0.07494446635246277,0.07499998807907104,-0.0011619103531335928,0.010433346786668416,0,0,-0.9820112586021423,0.9999964833259583,0.0015455845479866387,0.09507563209133243,0,0,0.9801070601851852,0.019892939814814815,0.03183023872679045,160
line_train_0123,train,line,0.0,0.985817015171051,0.01289360741165366,0.06693968427627371,0,0,0.0,1.0,0.0011360321228426915,0.030980760984947692,0,0,-0.07384227216243744,0.07500000298023224,0.0017624057498458704,0.01176057863989814,0,0,-0.9993054270744324,0.9999994039535522,0.005585076329831888,0.1207565055306296,0,0,0.9674479166666666,0.032552083333333336,0.03247863247863248,185
line_train_0124,train,line,0.0,1.0,0.004541697398154711,0.042882670770561855,0,0,0.0,0.9958599805831909,0.0004069839423108432,0.01955129765085721,0,0,-0.06253572553396225,0.0,-0.0007781198494032853,0.005692898069050497,0,0,-0.956943690776825,0.999998927116394,-0.0005855656059726176,0.08234233578190356,0,0,0.9840856481481481,0.015914351851851853,0.02074688796680498,0
line_train_0125,train,line,0.0,0.9978466033935547,0.0077335576826482325,0.05261198995828699,0,0,0.0,1.0,0.00027543944047970907,0.016201176366674796,0,0,-0.07438972592353821,0.07461076974868774,-0.0010889717884344497,0.010116029561071929,0,0,-0.9820112586021423,0.9999964833259583,-0.0010716600347761953,0.09848702651825669,0,0,0.9779369212962963,0.022063078703703703,0.0076726342710997444,150
line_train_0126,train,line,0.0,0.9984304308891296,0.01165864136500103,0.07105420306020706,0,0,0.0,1.0,0.0011150024710568013,0.032784409278240355,0,0,-0.07384227216243744,0.07433034479618073,-0.0015216775769928332,0.008678555300487289,0,0,-0.9993054270744324,0.999998927116394,-0.00046352709398855005,0.10486590463566058,0,0,0.9732349537037037,0.026765046296296297,0.03333333333333333,50
line_train_0127,train,line,0.0,0.9833963513374329,0.015391386863215032,0.0748814495522043,0,0,0.0,1.0,0.0011406671514527665,0.032541897341994655,0,0,-0.07361538708209991,0.07410934567451477,0.0022634172475793296,0.011100988563693353,0,0,-0.9667691588401794,0.9999969601631165,0.0016753558560998903,0.14031760876111316,0,0,0.9558738425925926,0.044126157407407406,0.017543859649122806,110
line_train_0128,train,line,0.0,0.8750062584877014,0.015936637706882147,0.07778437606634174,0,0,0.0,1.0,0.0013240799307823181,0.033541460487187,0,0,-0.07411287724971771,0.0747220516204834,-0.0006999984099012283,0.013889375221566514,0,0,-0.9820112586021423,0.9999964833259583,0.0006280857960687341,0.13155579664347541,0,0,0.9645543981481481,0.03544560185185185,0.03138373751783167,270
line_train_0129,train,line,0.0,0.934876561164856,0.006283541250838796,0.044988050329351686,0,0,0.0,1.0,0.0006814788837261774,0.025358333143273775,0,0,-0.004226207733154297,0.06272046267986298,0.0015537042119022873,0.007526502522633275,0,0,-0.998612105846405,0.964989185333252,-0.0014419325685190011,0.1326740072804704,0,0,0.9574652777777778,0.042534722222222224,0.022935779816513763,0
line_train_0130,train,line,0.0,0.9757030606269836,0.018478821139541215,0.10451305163320111,0,0,0.0,1.0,0.0015004885865858308,0.03761518174762559,0,0,-0.07411287724971771,0.07388612627983093,0.0016689568292349577,0.009977879868976426,0,0,-0.9667691588401794,0.9969497919082642,0.003831213944471933,0.1045920553934799,0,0,0.9769965277777778,0.023003472222222224,0.04888888888888889,84
line_train_0131,train,line,0.0,0.9803162217140198,0.007643369469633399,0.04540198650600238,0,0,0.0,1.0,0.0004342530759189416,0.019468739685983484,0,0,-0.07389162480831146,0.07499998807907104,-0.0016734483964413543,0.013758521003251216,0,0,-0.9986152648925781,0.9999964833259583,-0.0015570280606038136,0.138998473220586,0,0,0.9558738425925926,0.044126157407407406,0.011666666666666667,235
line_train_0132,train,line,0.0,0.842025101184845,0.014035171445896224,0.07872721613798686,0,0,0.0,1.0,0.001530345412902534,0.03683417496899318,0,0,-0.07483351975679398,0.07500000298023224,-8.16251553327742e-05,0.011225613447213978,0,0,-0.9425351619720459,0.9999994039535522,0.0015149467469234002,0.10811256055877061,0,0,0.9725115740740741,0.027488425925925927,0.04660194174757282,140
line_train_0133,train,line,0.0,0.9035080671310425,0.015256052554120826,0.07874765877009769,0,0,0.0,1.0,0.0011451537117224049,0.03184313561219828,0,0,-0.03456604480743408,0.04474341869354248,0.0004026332106958661,0.005251946414127805,0,0,-0.998612105846405,0.9766644239425659,0.0003154356860856448,0.15788292788474112,0,0,0.9444444444444444,0.05555555555555555,0.0225,0
line_train_0134,train,line,0.0,0.981198251247406,0.007272228724980744,0.04759830779217217,0,0,0.0,1.0,0.00044559743859011816,0.019844476497010738,0,0,-0.07494446635246277,0.07499998807907104,-0.0014490492348731667,0.011082612590069306,0,0,-0.9928953647613525,0.9999964833259583,-0.0003299569538352511,0.10549934347485129,0,0,0.9743200231481481,0.025679976851851853,0.015217391304347827,165
line_train_0135,train,line,0.0,0.978727400302887,0.011089675703934281,0.07056243973754205,0,0,0.0,1.0,0.000521122348598308,0.021715082316837542,0,0,-0.07494446635246277,0.07455511391162872,0.0005918311718333927,0.011787173943776444,0,0,-0.9820112586021423,0.9772876501083374,-0.001195169139211632,0.10294176031846597,0,0,0.9748263888888888,0.025173611111111112,0.017241379310344827,216
line_train_0136,train,line,0.0,0.8102447390556335,0.01028947768187478,0.06600846606207245,0,0,0.0,1.0,0.0009573609050777224,0.02839887963501769,0,0,-0.07450056076049805,0.07276669144630432,0.0008073118256611957,0.008904307736628888,0,0,-0.9820112586021423,0.964989185333252,0.0024398130194640544,0.09426397455209325,0,0,0.9787326388888888,0.021267361111111112,0.041025641025641026,120
line_train_0137,train,line,0.0,1.0,0.010281656700128762,0.05690966255988392,0,0,0.0,0.9927219748497009,0.00047256307745421373,0.021028659710244976,0,0,-0.07494446635246277,0.07499998807907104,-0.00059336943431171,0.012788178529104481,0,0,-0.9820112586021423,0.9999964833259583,-0.00023579027242703887,0.11430202277605123,0,0,0.9685329861111112,0.03146701388888889,0.012152777777777778,220
line_train_0138,train,line,0.0,0.8773484230041504,0.01260373122231276,0.07873112333012224,0,0,0.0,1.0,0.00041496383750604256,0.018657045268002877,0,0,-0.07494446635246277,0.07455511391162872,0.0003330740340364476,0.011558627569520434,0,0,-0.9820112586021423,0.9772876501083374,-0.00014242557708880836,0.09492934779796744,0,0,0.9772135416666666,0.022786458333333332,0.016055045871559634,220
line_train_0139,train,line,0.0,0.9017295837402344,0.0043617361455551,0.03596900672643544,0,0,0.0,1.0,0.0003281376514307879,0.01731147280219665,0,0,-0.05944615602493286,0.0023154616355895996,-0.001258065633549079,0.006739077392147493,0,0,-0.9913396239280701,0.9766644239425659,0.002163693458930572,0.12206533833011671,0,0,0.9656394675925926,0.034360532407407406,0.013605442176870748,0
line_train_0140,train,line,0.0,0.9065624475479126,0.007616836758879125,0.04471478161382108,0,0,0.0,1.0,0.001874776996879114,0.040560575099971345,0,0,-0.07411287724971771,0.07388612627983093,-0.0003759945415098358,0.011315372944313812,0,0,-0.9820112586021423,0.9969497919082642,0.0013770232983376816,0.11313616188378377,0,0,0.9735966435185185,0.026403356481481483,0.05765407554671968,150
line_train_0141,train,line,0.0,0.9823096394538879,0.021162872475408087,0.08942592638832011,0,0,0.0,1.0,0.001171446457091305,0.0325078631721699,0,0,-0.07389162480831146,0.07499998807907104,0.002696449480329951,0.013566474078717704,0,0,-0.9667691588401794,0.9999969601631165,0.0016514209322243307,0.15473685358865363,0,0,0.9427083333333334,0.057291666666666664,0.018218623481781375,204
line_train_0142,train,line,0.0,0.9799953103065491,0.007406516085346219,0.05001671377045918,0,0,0.0,1.0,0.0005598411188219432,0.022094975664826686,0,0,0.0,0.06731313467025757,0.0013304624439182658,0.00749872102689817,0,0,-0.9943807125091553,0.9640410542488098,-0.0006898508325792607,0.10883861752694769,0,0,0.9714265046296297,0.02857349537037037,0.020179372197309416,10
line_train_0143,train,line,0.0,0.8701471090316772,0.008236339370156472,0.04211602188494081,0,0,0.0,1.0,0.0019362536776396963,0.04104469325134652,0,0,-0.07405753433704376,0.0747220516204834,-0.002153645586481111,0.012183638656877434,0,0,-0.9820112586021423,0.9999964833259583,-0.002540317895586163,0.141855303014893,0,0,0.9547887731481481,0.04521122685185185,0.038620689655172416,170
line_train_0144,train,line,0.0,0.8864485621452332,0.006675774509942669,0.04783989752840303,0,0,0.0,1.0,0.0004422982714863287,0.01972105596604174,0,0,-0.037194862961769104,0.017705082893371582,-0.00035293785374421904,0.0031102785360127183,0,0,-0.998612105846405,0.9766644239425659,0.0018557733193557834,0.11135291002769422,0,0,0.9764901620370371,0.02350983796296296,0.01891891891891892,0
line_train_0145,train,line,0.0,0.8860644698143005,0.006757207156809913,0.04425552119937535,0,0,0.0,1.0,0.0004596357596003347,0.020470322236990614,0,0,-0.042064838111400604,0.022191748023033142,-0.0004296008086789192,0.003861087510018023,0,0,-0.998612105846405,0.9766644239425659,0.0013130392763169194,0.12194311413561172,0,0,0.9703414351851852,0.029658564814814815,0.014861995753715499,0
line_train_0146,train,line,0.0,0.8289825320243835,0.00660799599959487,0.043219579288703666,0,0,0.0,1.0,0.0014499808247718546,0.035011641045699544,0,0,-0.07389162480831146,0.07499998807907104,-0.0010411507941575514,0.01080270913189666,0,0,-0.9986152648925781,0.9999964833259583,0.0006713686879164823,0.1016476510184031,0,0,0.9764901620370371,0.02350983796296296,0.04576659038901602,165
line_train_0147,train,line,0.0,1.0,0.014949152160305082,0.07723536983923034,0,0,0.0,0.998881995677948,0.0011686475611188346,0.03245560570221088,0,0,-0.011706843972206116,0.0729910284280777,0.0019310075893170303,0.008868663565290995,0,0,-0.9667691588401794,0.9999969601631165,-4.673717638878669e-05,0.1411991340691908,0,0,0.9544270833333334,0.045572916666666664,0.024193548387096774,30
line_train_0148,train,line,0.0,0.914922297000885,0.009203831907480317,0.055261951829555594,0,0,0.0,1.0,0.001096252110545282,0.02978941426563842,0,0,-0.07433627545833588,0.07433034479618073,-0.0014906141425146619,0.010708105917056763,0,0,-0.9993054270744324,0.999998927116394,8.144070307025686e-05,0.10766110993186094,0,0,0.9725115740740741,0.027488425925925927,0.03941908713692946,140
line_train_0149,train,line,0.0,0.8685938715934753,0.015642259612327,0.08190601952788837,0,0,0.0,1.0,0.0003225616205276714,0.01701415219581479,0,0,-0.07494446635246277,0.07499998807907104,-0.00019795897296043458,0.012936570950871872,0,0,-0.9820112586021423,0.9999969601631165,-0.0013620357697163854,0.11925324827355299,0,0,0.9681712962962963,0.031828703703703706,0.008347245409015025,220
line_train_0150,train,line,0.0,0.9622212052345276,0.007750823372711474,0.05312083569148279,0,0,0.0,1.0,0.002746182847423134,0.04790633930302823,0,0,-0.04500000178813934,0.008902475237846375,-0.0011514617265978206,0.005944269571852769,0,0,-0.9000070691108704,0.9766644239425659,0.003313754675521826,0.13745590434617777,0,0,0.9557291666666666,0.044270833333333336,0.09504132231404959,0
line_train_0151,train,line,0.0,0.9362059831619263,0.01224792765734256,0.0672074663305493,0,0,0.0,1.0,0.0007354646998768052,0.026152338484343927,0,0,-0.07411287724971771,0.0747220516204834,0.0013085637733133303,0.012288584435764558,0,0,-0.9820112586021423,0.9999969601631165,0.0037043562845071763,0.11953447560665593,0,0,0.9681712962962963,0.031828703703703706,0.015254237288135594,215
line_train_0152,train,line,0.0,0.9954171180725098,0.004941348685086403,0.041886450879517846,0,0,0.0,1.0,0.00023459491785615683,0.013951226741244549,0,0,-0.07300882041454315,0.0,-0.0009292242908419144,0.006885617508180188,0,0,-0.9928953647613525,0.9772876501083374,-0.0006491617811358689,0.08237125733972238,0,0,0.9851707175925926,0.014829282407407407,0.014925373134328358,45
line_train_0153,train,line,0.0,0.9386744499206543,0.009175133285905471,0.0610610111353264,0,0,0.0,1.0,0.0023148315441277293,0.04428791168568501,0,0,-0.03327383100986481,0.02923448383808136,-0.00010990106642970609,0.0036419963479442335,0,0,-0.998612105846405,0.9614124894142151,-0.0002072676310894571,0.13827035509094157,0,0,0.9613715277777778,0.038628472222222224,0.07569721115537849,0
line_train_0154,train,line,0.0,0.9103057980537415,0.003929537644176485,0.03242156601566727,0,0,0.0,1.0,0.000554308523768904,0.02188821838313489,0,0,-0.052917562425136566,0.0,-0.0007626190657632564,0.005158220635573188,0,0,-0.9913396239280701,0.9766644239425659,0.0007577576346833397,0.08483648165904728,0,0,0.9819155092592593,0.01808449074074074,0.0273972602739726,0
line_train_0155,train,line,0.0,0.8720797896385193,0.004586190687843083,0.02944399796458185,0,0,0.0,1.0,0.0004252841290845363,0.019056784285726627,0,0,-0.06913208961486816,0.0,-0.0016083569466395096,0.008212411404292566,0,0,-0.9768810272216797,0.9999964833259583,0.00017321975022881547,0.11890219275574489,0,0,0.9663628472222222,0.033637152777777776,0.013452914798206279,15
line_train_0156,train,line,0.0,0.8859601020812988,0.004464391352788273,0.03688949196538582,0,0,0.0,1.0,0.00046140385394984924,0.019352528354721413,0,0,-0.051511429250240326,0.0,-0.0006324483143139838,0.004479244535571698,0,0,-0.950625479221344,0.9766644239425659,0.0013191678145732214,0.08649495835335445,0,0,0.9808304398148148,0.019169560185185185,0.026755852842809364,0
line_train_0157,train,line,0.0,0.865345299243927,0.011302854728548348,0.05998949073934364,0,0,0.0,1.0,0.001171660135258679,0.03253713997936086,0,0,-0.044524893164634705,0.02923448383808136,-0.0005830399523903099,0.005450165989130321,0,0,-0.998612105846405,0.9766644239425659,0.0017669172822125903,0.161738243460961,0,0,0.9461805555555556,0.05381944444444445,0.027607361963190184,0
line_train_0158,train,line,0.0,0.88746577501297,0.010441767003309602,0.0706343468215765,0,0,0.0,1.0,0.0004959986286444797,0.020745616973001098,0,0,-0.07372584939002991,0.07499998807907104,0.00038352341572236683,0.01007064733639656,0,0,-0.9325828552246094,0.9999969601631165,0.00020548757472877495,0.08609849116766624,0,0,0.9822048611111112,0.017795138888888888,0.024242424242424242,186
line_train_0159,train,line,0.0,0.8268221020698547,0.01798107164278109,0.07910405513681766,0,0,0.0,1.0,0.0017704589775315038,0.03780483124119799,0,0,-0.07389162480831146,0.07499998807907104,0.0019981662518586273,0.013372561093571891,0,0,-0.9667691588401794,0.9999969601631165,0.0019110641564852645,0.1381256260170534,0,0,0.9555121527777778,0.044487847222222224,0.036860879904875146,225
cross_train_0000,train,cross,0.0,1.0,0.010448980127202285,0.05883032548098526,0,0,0.0,0.9930559992790222,0.002491228381620237,0.047538477285768016,0,0,-0.05447514355182648,0.011012420058250427,-0.0013754777998353045,0.006675482850408244,0,0,-0.998612105846405,0.9766644239425659,0.0018288691153429681,0.14723865966825384,0,0,0.9548611111111112,0.04513888888888889,0.05597579425113464,0
cross_train_0001,train,cross,0.0,0.9434105157852173,0.014307179960947334,0.07555158560711793,0,0,0.0,1.0,0.0008824277169036644,0.02722622379029656,0,0,-0.025000005960464478,0.04300259053707123,0.0005959969389045404,0.005467635335322259,0,0,-0.9943807125091553,0.9766644239425659,0.0007210787257968655,0.15570705488901218,0,0,0.9457465277777778,0.054253472222222224,0.02112676056338028,0
cross_train_0002,train,cross,0.0,0.9508361220359802,0.005153335974101638,0.03419651545033442,0,0,0.0,1.0,0.0008502249364499692,0.027791350878234356,0,0,-0.0650000125169754,0.0,-0.002065318086857183,0.00948928435680374,0,0,-0.9783591032028198,0.9999964833259583,0.0022106963660917245,0.1399945634448298,0,0,0.9596354166666666,0.040364583333333336,0.03225806451612903,0
cross_train_0003,train,cross,0.0,0.8925638794898987,0.008328302401760421,0.052982223152436524,0,0,0.0,1.0,0.0006522835982549521,0.023327964632669472,0,0,-0.018470540642738342,0.043132081627845764,0.000639508303720504,0.004520369637116405,0,0,-0.998612105846405,0.9571169018745422,-0.0009650842126171079,0.1344762379005378,0,0,0.9609375,0.0390625,0.01838235294117647,0
cross_train_0004,train,cross,0.0,0.8144310712814331,0.012752643326974875,0.06292154857116933,0,0,0.0,1.0,0.00074965450309079,0.02471022461851583,0,0,-0.07411287724971771,0.07499998807907104,0.0007454734942358402,0.014134489382770942,0,0,-0.9788332581520081,0.9999969601631165,0.004376131197204813,0.12786182581675629,0,0,0.9639756944444444,0.03602430555555555,0.01881331403762663,324
cross_train_0005,train,cross,0.0,0.9362655878067017,0.01270138686332858,0.06582206764047258,0,0,0.0,1.0,0.002009595291585558,0.04090553253387069,0,0,-0.07372584939002991,0.07410934567451477,0.00195345082708324,0.012673703815156171,0,0,-0.9367321133613586,0.9999969601631165,0.0001498381696162849,0.12666117050434256,0,0,0.9622395833333334,0.037760416666666664,0.04843304843304843,204
cross_train_0006,train,cross,0.0,0.8392429947853088,0.006609963356098618,0.043997978491627565,0,0,0.0,1.0,0.0008421942324343103,0.025882199326211018,0,0,-0.040000006556510925,0.017630547285079956,-0.0006191157250820348,0.004463365988610344,0,0,-0.9913396239280701,0.9766644239425659,0.0025331741489935666,0.13128911241874228,0,0,0.9609375,0.0390625,0.02748414376321353,0
cross_train_0007,train,cross,0.0,0.823432981967926,0.011904330087755053,0.059879545316607545,0,0,0.0,1.0,0.0007960258301830402,0.026108542170679264,0,0,-0.07372584939002991,0.07410934567451477,0.00195345082708324,0.012673703815156171,0,0,-0.9367321133613586,0.9999969601631165,0.0001498381696162849,0.12666117050434256,0,0,0.9622395833333334,0.037760416666666664,0.018413597733711047,204
cross_train_0008,train,cross,0.0,0.87819904088974,0.006633433895347951,0.03444486472189446,0,0,0.0,1.0,0.0025143632190991884,0.04602480057114343,0,0,-0.07372584939002991,0.07343901693820953,-0.0022450973046943545,0.012941717696776302,0,0,-0.9986152648925781,0.9999964833259583,-0.0014946754591720593,0.13864366191393,0,0,0.95703125,0.04296875,0.05663189269746647,192
cross_train_0009,train,cross,0.0,0.9944677352905273,0.008240651772839388,0.046806513991152994,0,0,0.0,1.0,0.0009432408648232619,0.028701684690033858,0,0,-0.06000000238418579,0.0052417367696762085,-0.002062066593983521,0.00888299943437462,0,0,-0.9913396239280701,0.999998927116394,0.0019702707359101623,0.1550299304445792,0,0,0.9461805555555556,0.05381944444444445,0.021885521885521887,0
cross_train_0010,train,cross,0.0,0.9670871496200562,0.019603798646008492,0.09026401737096898,0,0,0.0,1.0,0.0009412624424806347,0.02871204409407677,0,0,-0.07483351975679398,0.07500000298023224,0.0010096940815047775,0.014445873897923596,0,0,-0.9070445895195007,0.9999994039535522,0.008730106660449464,0.13944940915650444,0,0,0.9544270833333334,0.045572916666666664,0.01893939393939394,264
cross_train_0011,train,cross,0.0,0.8201722502708435,0.013113488224378132,0.07457931333226295,0,0,0.0,1.0,0.00046201875105638193,0.019372967636634767,0,0,-0.07494446635246277,0.07499998807907104,0.00020360545022413135,0.01196769597981313,0,0,-0.9712616205215454,0.9999969601631165,0.0007765662348396694,0.09322001847734251,0,0,0.9765625,0.0234375,0.016494845360824743,216
cross_train_0012,train,cross,0.0,0.9501485824584961,0.01905970238591113,0.09716085000119588,0,0,0.0,1.0,0.00075288325185991,0.02566924793367202,0,0,-0.07483351975679398,0.07500000298023224,0.0002280316225046085,0.013302133793722363,0,0,-0.9070445895195007,0.9999994039535522,0.00506817039584146,0.11448318053411946,0,0,0.9700520833333334,0.029947916666666668,0.020202020202020204,264
cross_train_0013,train,cross,0.0,0.8737286925315857,0.025015018185243848,0.10072345815139908,0,0,0.0,1.0,0.0033118438786240638,0.05417219436416069,0,0,-0.07483351975679398,0.07500000298023224,-0.0012600492789513534,0.0158494076643713,0,0,-0.9993054270744324,0.999998927116394,0.00371073306935917,0.15456500033736756,0,0,0.9461805555555556,0.05381944444444445,0.05163853028798411,324
cross_train_0014,train,cross,0.0,0.8683887124061584,0.008895545423229123,0.04821736469830315,0,0,0.0,1.0,0.002306019482030361,0.04327082278959838,0,0,-0.07477790117263794,0.0,-0.0032281489240833456,0.012385890371105164,0,0,-0.994807243347168,0.9999964833259583,0.0002946579580667377,0.15425682309898492,0,0,0.9466145833333334,0.053385416666666664,0.04815864022662889,120
cross_train_0015,train,cross,0.0,0.8088095784187317,0.022762977736419998,0.0908483088942074,0,0,0.0,1.0,0.0023654213270034503,0.044324880318414854,0,0,-0.07384227216243744,0.07500000298023224,-0.0008369445875157706,0.01619237254109967,0,0,-0.9993054270744324,0.9999994039535522,0.0012902663220302202,0.15324066954478058,0,0,0.9505208333333334,0.049479166666666664,0.03956478733926805,342
cross_train_0016,train,cross,0.0,0.910323977470398,0.007240243866093537,0.045294251138915755,0,0,0.0,1.0,0.0011388414961941264,0.03161170913576626,0,0,-0.027423501014709473,0.04474341869354248,0.0005950773613423937,0.004962591409156757,0,0,-0.998612105846405,0.9571169018745422,-0.0014380392828267456,0.15450056145439955,0,0,0.9461805555555556,0.05381944444444445,0.03294573643410853,0
cross_train_0017,train,cross,0.0,0.8623707294464111,0.025342887945111282,0.10455652626293938,0,0,0.0,1.0,0.0024100598120303067,0.04455452174334389,0,0,-0.07477790117263794,0.07461076974868774,-0.0004986855072072811,0.016094184213643687,0,0,-0.9820112586021423,0.9999964833259583,-0.00022863009664635884,0.15406230405659666,0,0,0.9444444444444444,0.05555555555555555,0.04158215010141988,318
cross_train_0018,train,cross,0.0,0.9019914269447327,0.013528246939215562,0.0721816979443688,0,0,0.0,1.0,0.001115854105187787,0.031078017004211183,0,0,-0.042995333671569824,0.03398369252681732,-0.00022349066502000723,0.004346955067388059,0,0,-0.950625479221344,0.9766644239425659,0.0013609687496985619,0.14272433347064453,0,0,0.9561631944444444,0.04383680555555555,0.02510460251046025,0
cross_train_0019,train,cross,0.0,0.905756950378418,0.01889718301110945,0.08566833140990758,0,0,0.0,1.0,0.002852316803505851,0.04958406342945549,0,0,0.0,0.0720360279083252,0.0030019469753218195,0.01180334597661301,0,0,-0.9712616205215454,0.9999969601631165,0.0015552590170449952,0.15390743402007798,0,0,0.9457465277777778,0.054253472222222224,0.04925053533190578,156
cross_train_0020,train,cross,0.0,0.8452227711677551,0.020216439444454778,0.09265583139621206,0,0,0.0,1.0,0.0022536429826653112,0.04374617315576011,0,0,-0.07494446635246277,0.07499998807907104,0.0007237560089884533,0.015184521473318205,0,0,-0.9820112586021423,0.9999969601631165,0.0021985945192884377,0.13715761906089735,0,0,0.9548611111111112,0.04513888888888889,0.04463208685162847,312
cross_train_0021,train,cross,0.0,0.9899343848228455,0.020448172541515913,0.09655909871761507,0,0,0.0,1.0,0.001865822218220543,0.04088037228318605,0,0,-0.07483351975679398,0.07500000298023224,0.0007182774101642685,0.014002838284622034,0,0,-0.9070445895195007,0.9999994039535522,0.004018719826288159,0.12378426750443693,0,0,0.9631076388888888,0.03689236111111111,0.04107648725212465,264
cross_train_0022,train,cross,0.0,0.8994132876396179,0.008878456785059488,0.04857368768707783,0,0,0.0,1.0,0.0022753209729368487,0.04324918423301537,0,0,-0.00840197503566742,0.06920309364795685,0.0019353912017929058,0.008665317448802947,0,0,-0.9367321133613586,0.9681704044342041,-0.00034508867328339774,0.14498477513868446,0,0,0.9539930555555556,0.04600694444444445,0.05627705627705628,18
cross_train_0023,train,cross,0.0,0.9559398293495178,0.0015191235695395048,0.01591516806803896,0,0,0.0,1.0,0.0007733707962971595,0.02629975200333647,0,0,-0.06282919645309448,0.0020761489868164062,-0.00159007995777453,0.0076631673797907165,0,0,-0.9768810272216797,0.9964806437492371,0.0020702163552010055,0.1316470301935642,0,0,0.9583333333333334,0.041666666666666664,0.009615384615384616,0
cross_train_0024,train,cross,0.0,0.8962845802307129,0.024736519509234414,0.0957876317021264,0,0,0.0,1.0,0.003125347442821496,0.0522210617926356,0,0,-0.07483351975679398,0.07500000298023224,-0.0012600492789513534,0.0158494076643713,0,0,-0.9993054270744324,0.999998927116394,0.00371073306935917,0.15456500033736756,0,0,0.9461805555555556,0.05381944444444445,0.04940711462450593,324
cross_train_0025,train,cross,0.0,0.9593246579170227,0.008877070853857192,0.05458989213986355,0,0,0.0,1.0,0.0007109873134780813,0.02531108710825754,0,0,-0.046922363340854645,0.02066047489643097,-0.0006622610122172369,0.0045818699504491,0,0,-0.998612105846405,0.9766644239425659,0.000915511177582731,0.13258379258107625,0,0,0.9622395833333334,0.037760416666666664,0.02010968921389397,0
cross_train_0026,train,cross,0.0,0.9644448161125183,0.004626427772947223,0.03379946698897861,0,0,0.0,1.0,0.0007875539034743,0.025835786368715384,0,0,-0.06351533532142639,0.0,-0.001695114970465915,0.008058781869796033,0,0,-0.994807243347168,0.9999964833259583,0.0006291118397712125,0.13378060406302847,0,0,0.9596354166666666,0.040364583333333336,0.0332409972299169,0
cross_train_0027,train,cross,0.0,0.9318005442619324,0.01106345893486428,0.054084468624259675,0,0,0.0,1.0,0.003077602656385689,0.05334912027429176,0,0,-0.06678342074155807,0.01710774004459381,-0.0017313804807296644,0.00796717094073366,0,0,-0.956943690776825,0.999998927116394,0.0013080951693053874,0.1561148340440197,0,0,0.9448784722222222,0.055121527777777776,0.055693069306930694,6
cross_train_0028,train,cross,0.0,0.8473477363586426,0.019738573736626002,0.08512289999041113,0,0,0.0,1.0,0.0010340711558927541,0.028833297573594343,0,0,-0.07483351975679398,0.07500000298023224,0.0005912679415713581,0.01474637489911358,0,0,-0.9070445895195007,0.9999994039535522,0.009830483174785817,0.1444422791796881,0,0,0.953125,0.046875,0.021505376344086023,264
cross_train_0029,train,cross,0.0,0.8598082065582275,0.010647745452405178,0.06393540221609546,0,0,0.0,1.0,0.0006107132907749878,0.022884321586212012,0,0,-0.07411287724971771,0.07499998807907104,-0.0010709958603709107,0.011518249632908489,0,0,-0.9820112586021423,0.9973381757736206,-0.0004705552737505059,0.10663959658022497,0,0,0.9761284722222222,0.023871527777777776,0.02092050209205021,198
cross_train_0030,train,cross,0.0,0.8808678984642029,0.02092866286851926,0.08630131122899846,0,0,0.0,1.0,0.0027004916013942826,0.04766195217613803,0,0,-0.07384227216243744,0.07500000298023224,-0.0009405019841829522,0.016113771111338344,0,0,-0.9993054270744324,0.9999994039535522,0.003133030959159239,0.15651449788680144,0,0,0.9479166666666666,0.052083333333333336,0.04563894523326572,342
cross_train_0031,train,cross,0.0,0.8623566627502441,0.009322297839684392,0.058172976762461116,0,0,0.0,1.0,0.0009246130120354119,0.027482723994883003,0,0,-0.029169544577598572,0.038679614663124084,0.00027539747275619046,0.0038028847792661346,0,0,-0.998612105846405,0.9766644239425659,0.0008147759656114633,0.13304574234573213,0,0,0.9622395833333334,0.037760416666666664,0.030303030303030304,0
cross_train_0032,train,cross,0.0,0.8813492655754089,0.006417406861689617,0.035939162457438244,0,0,0.0,1.0,0.0011321945219404167,0.030038242702474866,0,0,-0.07000000774860382,0.0,-0.0027967934794206587,0.01115292316713641,0,0,-0.994807243347168,0.9999964833259583,-0.0009346287733933423,0.1590006111645117,0,0,0.9466145833333334,0.053385416666666664,0.028419182948490232,66
cross_train_0033,train,cross,0.0,0.8459600210189819,0.012848103730153458,0.06696405952361746,0,0,0.0,1.0,0.000946946480932335,0.028866456450949794,0,0,-0.05000000447034836,0.01918923854827881,-0.0011944673509181787,0.006583244774953325,0,0,-0.9913396239280701,0.999998927116394,0.0008922794416624432,0.15328414945837185,0,0,0.9448784722222222,0.055121527777777776,0.018276762402088774,0
cross_train_0034,train,cross,0.0,0.9009552597999573,0.012843286044672882,0.06000589219996584,0,0,0.0,1.0,0.00208875952133288,0.04128789670734599,0,0,-0.07384227216243744,0.07500000298023224,0.002079473100214576,0.014435553982253988,0,0,-0.9993054270744324,0.9999994039535522,0.006904806481745456,0.1445477868508389,0,0,0.9544270833333334,0.045572916666666664,0.04657179818887452,306
cross_train_0035,train,cross,0.0,0.8579743504524231,0.021147613329958403,0.0882570113211759,0,0,0.0,1.0,0.0030812959540290415,0.050932833642168614,0,0,-0.07494446635246277,0.07499998807907104,0.0016292062613906132,0.015034402757857961,0,0,-0.9820112586021423,0.9999969601631165,0.0003029095432288563,0.14152061968265314,0,0,0.9505208333333334,0.049479166666666664,0.05089820359281437,312
cross_train_0036,train,cross,0.0,0.9583969712257385,0.013218535680371806,0.06424934766321556,0,0,0.0,1.0,0.0009843556952007391,0.029902732897473482,0,0,-0.07389162480831146,0.07499998807907104,0.0021833370620798734,0.013395563939087224,0,0,-0.9667691588401794,0.9999969601631165,0.0017308320780608079,0.13379802439122804,0,0,0.9552951388888888,0.04470486111111111,0.019255455712451863,222
cross_train_0037,train,cross,0.0,0.8904236555099487,0.009236431561358014,0.060034608213766404,0,0,0.0,1.0,0.0005987419367388442,0.02242487673557025,0,0,0.0,0.06242644786834717,0.0012746892041630214,0.007102181861935639,0,0,-0.9943807125091553,0.9628074765205383,0.0004195067692004765,0.10502057079396718,0,0,0.9700520833333334,0.029947916666666668,0.022573363431151242,0
cross_train_0038,train,cross,0.0,0.8619545698165894,0.012177932138709165,0.05411230923660762,0,0,0.0,1.0,0.0012551027229400697,0.033106156149820876,0,0,-0.07389162480831146,0.07499998807907104,-0.002416832476026482,0.015295300821235588,0,0,-0.9986152648925781,0.9999969601631165,0.0011043753806411081,0.16486031328392933,0,0,0.9366319444444444,0.06336805555555555,0.02066115702479339,270
cross_train_0039,train,cross,0.0,0.8787099719047546,0.019668402538981253,0.09188690852554154,0,0,0.0,1.0,0.0021728702337929498,0.04349368042842747,0,0,-0.07483351975679398,0.07500000298023224,0.0005440558646417534,0.014115436603976133,0,0,-0.9993054270744324,0.9999994039535522,0.0037379255134308348,0.12425414786706783,0,0,0.9644097222222222,0.035590277777777776,0.04895104895104895,276
cross_train_0040,train,cross,0.0,0.9227415919303894,0.008757130862679534,0.054986809307172674,0,0,0.0,1.0,0.0009718376246315462,0.028646220703849336,0,0,-0.021450400352478027,0.04241880774497986,0.0005540403007115754,0.00431329824352115,0,0,-0.998612105846405,0.9571169018745422,-0.0029539744175255895,0.13575372692840024,0,0,0.9618055555555556,0.03819444444444445,0.029250457038391225,0
cross_train_0041,train,cross,0.0,0.8252377510070801,0.017021906006801955,0.07307520695477687,0,0,0.0,1.0,0.002453694137296191,0.045835674681416444,0,0,-0.07494446635246277,0.07499998807907104,0.001641033243180977,0.01494406130305622,0,0,-0.9820112586021423,0.9999969601631165,0.0014030432426908293,0.1403118121310344,0,0,0.9505208333333334,0.049479166666666664,0.04214963119072708,312
cross_train_0042,train,cross,0.0,0.8785154223442078,0.010681692506674759,0.052057690961263316,0,0,0.0,1.0,0.0011343832722761566,0.03158920948073198,0,0,-0.07405753433704376,0.07388612627983093,0.002413972824191054,0.010530686115187633,0,0,-0.998612105846405,0.9640410542488098,-0.0006836660999801501,0.1553810189919575,0,0,0.9435763888888888,0.05642361111111111,0.020190023752969122,72
cross_train_0043,train,cross,0.0,0.827569305896759,0.01047853347799227,0.051689476019653034,0,0,0.0,1.0,0.002705764594591326,0.04634188423406428,0,0,-0.00919872522354126,0.069146066904068,0.002216114281004088,0.009359504522513547,0,0,-0.998612105846405,0.9628074765205383,-0.0005527592566068051,0.1511222335809649,0,0,0.9440104166666666,0.055989583333333336,0.06060606060606061,12
cross_train_0044,train,cross,0.0,0.8317004442214966,0.0019457414517237087,0.016161780634726786,0,0,0.0,1.0,0.0026331372533200514,0.04632869025066842,0,0,-0.07361538708209991,0.0747220516204834,-0.002356137562957075,0.010539433201626959,0,0,-0.9991823434829712,0.9999964833259583,-0.0004898628046956017,0.1408080001400918,0,0,0.953125,0.046875,0.15656565656565657,66
cross_train_0045,train,cross,0.0,0.8280620574951172,0.008668981237189267,0.04478971970628814,0,0,0.0,1.0,0.0009790915840615828,0.029022273844480927,0,0,-0.06678342074155807,0.01710774004459381,-0.0017313804807296644,0.00796717094073366,0,0,-0.956943690776825,0.999998927116394,0.0013080951693053874,0.1561148340440197,0,0,0.9448784722222222,0.055121527777777776,0.02027027027027027,6
cross_train_0046,train,cross,0.0,0.800000011920929,0.0065848050835147325,0.04292562311552098,0,0,0.0,1.0,0.0006524660210642549,0.02250490500578609,0,0,-0.0538230836391449,0.007003173232078552,-0.0009847554384679017,0.005462685447126015,0,0,-0.950625479221344,0.9766644239425659,0.0018736423937500352,0.11595154148949324,0,0,0.9683159722222222,0.031684027777777776,0.024691358024691357,0
cross_train_0047,train,cross,0.0,0.8268665075302124,0.0103571556426695,0.04800900601925204,0,0,0.0,1.0,0.0026506169362821514,0.04633518568665327,0,0,-0.07389162480831146,0.07499998807907104,-0.0022540167620819476,0.01447068422474824,0,0,-0.9986152648925781,0.9999964833259583,-0.0012573471103678457,0.15408395208540962,0,0,0.9466145833333334,0.053385416666666664,0.05073280721533258,246
cross_train_0048,train,cross,0.0,0.8313021659851074,0.005063810851441775,0.036727375989053145,0,0,0.0,1.0,0.0007547661532751388,0.024930159624584333,0,0,-0.058076128363609314,0.004434451460838318,-0.0011287322526590691,0.006193116705480777,0,0,-0.9913396239280701,0.9766644239425659,0.0033526476795992088,0.11972959107431087,0,0,0.96875,0.03125,0.03217821782178218,0
cross_train_0049,train,cross,0.0,0.9671366810798645,0.01211660839133536,0.06240875192340473,0,0,0.0,1.0,0.0007925179993940725,0.02601736908149998,0,0,0.0,0.07388612627983093,0.002138704100313286,0.009778666810668354,0,0,-0.9667691588401794,0.964989185333252,0.0020330050833258107,0.12855533191234442,0,0,0.9596354166666666,0.040364583333333336,0.01911764705882353,42
cross_train_0050,train,cross,0.0,0.9634180068969727,0.022365119095007283,0.08797996575475035,0,0,0.0,1.0,0.003078268819350611,0.0513083132428832,0,0,-0.07494446635246277,0.07499998807907104,0.00022500228887009952,0.017288132035109014,0,0,-0.9820112586021423,0.9999969601631165,0.002806624531129071,0.16933743951284408,0,0,0.9357638888888888,0.0642361111111111,0.04401408450704225,360
cross_train_0051,train,cross,0.0,0.8185690641403198,0.02765534223187758,0.10425534544915542,0,0,0.0,1.0,0.0007681626334993376,0.024370858364289493,0,0,-0.07483351975679398,0.07500000298023224,0.0008017754581588735,0.016186683169664748,0,0,-0.9993054270744324,0.9999994039535522,0.005969494108285289,0.15036347473866746,0,0,0.9483506944444444,0.05164930555555555,0.013806706114398421,348
cross_train_0052,train,cross,0.0,0.8351490497589111,0.006967759514854724,0.03876214478041783,0,0,0.0,1.0,0.001054304173319704,0.030156420029052364,0,0,-0.07367832213640213,0.07500000298023224,-0.002209869181064682,0.010123329358782936,0,0,-0.9913396239280701,0.999998927116394,0.0034255355551269734,0.1437407097391711,0,0,0.953125,0.046875,0.025411061285500747,66
cross_train_0053,train,cross,0.0,0.8768568634986877,0.002386119096691438,0.0206389383429321,0,0,0.0,1.0,0.0024045199819805996,0.04547947221795304,0,0,-0.07372584939002991,0.011126965284347534,-0.0022481102108334503,0.009461220088163275,0,0,-0.9986152648925781,0.9964806437492371,-0.0020125641215903065,0.15705676278520275,0,0,0.9448784722222222,0.055121527777777776,0.07526881720430108,36
cross_train_0054,train,cross,0.0,0.8700562119483948,0.006895469446371189,0.04415376630831703,0,0,0.0,1.0,0.0010143595583805883,0.029053835957442833,0,0,-0.009910747408866882,0.06639084219932556,0.0017949118692841795,0.008157887228404236,0,0,-0.9667691588401794,0.9999969601631165,-0.002465581907017622,0.1448363495004886,0,0,0.9509548611111112,0.04904513888888889,0.03207547169811321,6
cross_train_0055,train,cross,0.0,0.9636204242706299,0.02404891357865482,0.101341051284533,0,0,0.0,1.0,0.0010172621372880207,0.03004090217325333,0,0,-0.07494446635246277,0.07499998807907104,0.00019670500316553644,0.01609226710423861,0,0,-0.9820112586021423,0.9999969601631165,0.0019426483652548792,0.15701562840356836,0,0,0.9448784722222222,0.055121527777777776,0.01609657947686117,312
cross_train_0056,train,cross,0.0,0.8614547848701477,0.014205983346444016,0.07156654603890242,0,0,0.0,1.0,0.0008777131162652815,0.026882439900764173,0,0,-0.07477790117263794,0.07455511391162872,0.0014482864709053603,0.01319383282149862,0,0,-0.9820112586021423,0.964989185333252,0.0012811945865804672,0.1294154007807353,0,0,0.9605034722222222,0.039496527777777776,0.02112676056338028,264
cross_train_0057,train,cross,0.0,0.878848135471344,0.02102553636557416,0.08133611567575554,0,0,0.0,1.0,0.0026134295880587567,0.0469608739410441,0,0,-0.07483351975679398,0.07500000298023224,0.0016982027025531149,0.015734386060127593,0,0,-0.9993054270744324,0.9999994039535522,0.005999606454376287,0.15512524268160136,0,0,0.9470486111111112,0.05295138888888889,0.04291417165668663,360
cross_train_0058,train,cross,0.0,0.9171669483184814,0.012225176662333845,0.06999399819755074,0,0,0.0,1.0,0.0017524932778474908,0.03912556548548569,0,0,-0.07367832213640213,0.07500000298023224,-0.0010189811744365012,0.011517173081518594,0,0,-0.956943690776825,0.999998927116394,0.0008867610498176267,0.10792400432071966,0,0,0.9748263888888888,0.025173611111111112,0.05785123966942149,186
cross_train_0059,train,cross,0.0,0.9300240874290466,0.009675996181175395,0.0474160074014789,0,0,0.0,1.0,0.003230014854731659,0.05284464828633806,0,0,-0.07438972592353821,0.0747220516204834,-0.002681824359266708,0.013040498069136786,0,0,-0.9788332581520081,0.9999964833259583,-0.0010002197959693149,0.1561512600780364,0,0,0.9448784722222222,0.055121527777777776,0.05808080808080808,192
cross_train_0060,train,cross,0.0,0.9216598868370056,0.023004979322574098,0.08787625096308624,0,0,0.0,1.0,0.0035969661246916212,0.05533237847497076,0,0,-0.07483351975679398,0.07500000298023224,-0.0007240355286436776,0.01690586389144487,0,0,-0.9993054270744324,0.9999994039535522,0.00461731947426516,0.16441567750254688,0,0,0.9383680555555556,0.06163194444444445,0.05150976909413854,360
cross_train_0061,train,cross,0.0,0.8878322243690491,0.013463187267967037,0.06289206827551547,0,0,0.0,1.0,0.0007290523585483983,0.02494916875322644,0,0,-0.0019290745258331299,0.07388612627983093,0.0026368498478809167,0.010647736264850148,0,0,-0.9943807125091553,0.9640410542488098,-0.00406301880785678,0.15215810708606928,0,0,0.9435763888888888,0.05642361111111111,0.012077294685990338,54
cross_train_0062,train,cross,0.0,0.8633543252944946,0.004693119328277573,0.03466266109353345,0,0,0.0,1.0,0.0020280560237114077,0.04166884591587455,0,0,-0.06478734314441681,0.0,-0.001630823017977592,0.00836118937226496,0,0,-0.9928953647613525,0.9973381757736206,0.0006895221219262263,0.12353517439686247,0,0,0.9674479166666666,0.032552083333333336,0.08516483516483517,0
cross_train_0063,train,cross,0.0,0.8576446771621704,0.011778825787427262,0.05637361324172576,0,0,0.0,1.0,0.002021186437492293,0.041640641229210205,0,0,-0.0650000050663948,0.00692354142665863,-0.0021759803542712084,0.009224560929680601,0,0,-0.9913396239280701,0.999998927116394,0.00252133689840169,0.1575367674707423,0,0,0.9427083333333334,0.057291666666666664,0.03686635944700461,6
cross_train_0064,train,cross,0.0,0.851050078868866,0.011801348791238895,0.06265727375945647,0,0,0.0,1.0,0.0008087322823013421,0.026440207810497322,0,0,-0.07384227216243744,0.07382411509752274,-0.002145935131314521,0.010320581320427314,0,0,-0.9993054270744324,0.999998927116394,-0.00015091237340432903,0.12995366536115016,0,0,0.9605034722222222,0.039496527777777776,0.019461077844311378,72
cross_train_0065,train,cross,0.0,0.8312047123908997,0.01248768998684008,0.062656474277593,0,0,0.0,1.0,0.0007376203710144317,0.02433126880969904,0,0,-0.07411287724971771,0.0747220516204834,0.0022221613972861734,0.011623511092346632,0,0,-0.9667691588401794,0.9999969601631165,0.0022289145017566625,0.13064470267855716,0,0,0.9600694444444444,0.03993055555555555,0.017069701280227598,138
cross_train_0066,train,cross,0.0,0.8031483292579651,0.0058425347268751095,0.03864786004535248,0,0,0.0,1.0,0.0007967478250739751,0.024581200170472623,0,0,-0.01961594820022583,0.058086514472961426,0.0012426292523741722,0.006562061332438019,0,0,-0.998612105846405,0.9999969601631165,-0.000439183811573053,0.14670285936279387,0,0,0.9526909722222222,0.047309027777777776,0.03303964757709251,0
cross_train_0067,train,cross,0.0,0.9701023697853088,0.019124942417167605,0.08595629237423358,0,0,0.0,1.0,0.003443306816431383,0.055693714180174755,0,0,-0.07221826165914536,0.07500000298023224,-0.002451217536064279,0.012065180554544534,0,0,-0.956943690776825,0.999998927116394,0.0009122504545505055,0.15657107855180014,0,0,0.9409722222222222,0.059027777777777776,0.05430327868852459,126
cross_train_0068,train,cross,0.0,0.8430352807044983,0.0017879909615590736,0.016825545129139693,0,0,0.0,1.0,0.0010198494635039457,0.030036034267168846,0,0,-0.07361538708209991,0.0747220516204834,-0.0020644692704081535,0.01046966394430636,0,0,-0.9820112586021423,0.9999964833259583,0.000865041511537533,0.138860614120502,0,0,0.9552951388888888,0.04470486111111111,0.02112676056338028,90
cross_train_0069,train,cross,0.0,1.0,0.013389723324718472,0.06364139365406363,0,0,0.0,0.9385579824447632,0.002689734946384474,0.047324804335952084,0,0,-0.07000000774860382,0.0023154616355895996,-0.002525680345974656,0.010287799832353351,0,0,-0.9913396239280701,0.999998927116394,0.003117686737419313,0.1583498763665451,0,0,0.9431423611111112,0.05685763888888889,0.05238095238095238,42
cross_train_0070,train,cross,0.0,0.9328819513320923,0.01784725643706561,0.07518934503853424,0,0,0.0,1.0,0.0029686917249044337,0.05051653087719594,0,0,-0.07483351975679398,0.07500000298023224,-0.002019321859633136,0.015468078823416668,0,0,-0.9993054270744324,0.999998927116394,0.0016675900361507148,0.1584930089248927,0,0,0.9396701388888888,0.06032986111111111,0.04524033930254477,306
cross_train_0071,train,cross,0.0,0.8617933988571167,0.014917425874382726,0.06069829011074065,0,0,0.0,1.0,0.003093192526311786,0.05078753713882704,0,0,-0.07389162480831146,0.07499998807907104,-0.0008589662417458991,0.016217266375396173,0,0,-0.9986152648925781,0.9772876501083374,-0.0010271987561686223,0.15149248757419417,0,0,0.9474826388888888,0.05251736111111111,0.05311542390194075,372
cross_train_0072,train,cross,0.0,0.9275543093681335,0.014344399508074814,0.08084247088588904,0,0,0.0,1.0,0.0015354017356272649,0.03645921855962886,0,0,-0.07494446635246277,0.07499998807907104,0.0007743506834635304,0.013003838379717896,0,0,-0.9820112586021423,0.9999969601631165,-0.0014375859022948134,0.11276513957499647,0,0,0.9704861111111112,0.029513888888888888,0.04317789291882556,264
cross_train_0073,train,cross,0.0,0.8330674767494202,0.011312929586421416,0.06051948252226235,0,0,0.0,1.0,0.0015586800355878142,0.03611279823796125,0,0,-0.07483351975679398,0.07500000298023224,-0.0016374421959173763,0.013175939695496687,0,0,-0.9745907783508301,0.999998927116394,0.0037211037229604293,0.12532646794312033,0,0,0.9639756944444444,0.03602430555555555,0.03687943262411347,258
cross_train_0074,train,cross,0.0,0.8179196119308472,0.01462171229458262,0.06415533485974938,0,0,0.0,1.0,0.0026719255234908174,0.04540124281636461,0,0,-0.07411287724971771,0.07499998807907104,0.0021029174806446666,0.01440201539991715,0,0,-0.9667691588401794,0.9999969601631165,0.006404498454584327,0.15409578215764638,0,0,0.9479166666666666,0.052083333333333336,0.05168776371308017,270
cross_train_0075,train,cross,0.0,0.8129050731658936,0.011272138226927466,0.05282713380019778,0,0,0.0,1.0,0.002569075652260195,0.04540428529442965,0,0,-0.008490294218063354,0.07499998807907104,0.0024978109997593695,0.01022029230977061,0,0,-0.9667691588401794,0.9999969601631165,-0.00031255421264278184,0.15138635127900837,0,0,0.9435763888888888,0.05642361111111111,0.052878965922444184,48
cross_train_0076,train,cross,0.0,0.9695023894309998,0.009567943097796093,0.058332360532380674,0,0,0.0,1.0,0.0015263240137654874,0.03683464915434738,0,0,-0.0650000050663948,0.0,-0.0016420324455894944,0.008402976548651636,0,0,-0.9745907783508301,0.999998927116394,0.001609578951805209,0.12317157592732388,0,0,0.9678819444444444,0.03211805555555555,0.041666666666666664,6
cross_train_0077,train,cross,0.0,0.8446781039237976,0.015014346598305835,0.07241861077867158,0,0,0.0,1.0,0.0008932782544030084,0.027266344188195398,0,0,-0.07411287724971771,0.0747220516204834,0.00011896079457882378,0.01428097779911305,0,0,-0.9820112586021423,0.9969497919082642,0.0009025344262328064,0.13280328419413673,0,0,0.9631076388888888,0.03689236111111111,0.0211864406779661,294
cross_train_0078,train,cross,0.0,0.925178050994873,0.010301504277621191,0.050247179105459214,0,0,0.0,1.0,0.001278442015905899,0.033722737567279296,0,0,-0.07344979047775269,0.0747220516204834,0.002848668185631848,0.011417318663925924,0,0,-0.998612105846405,0.9640410542488098,-0.001244641449324667,0.1671409616732273,0,0,0.9353298611111112,0.0646701388888889,0.022756005056890013,90
cross_train_0079,train,cross,0.0,0.9267754554748535,0.011181507956490788,0.061479661315697307,0,0,0.0,1.0,0.002253688850302111,0.04272813245913882,0,0,-0.005000010132789612,0.057966336607933044,0.001912783184606168,0.008465210800257392,0,0,-0.9712616205215454,0.9999969601631165,0.0014080006885706098,0.15729237086980416,0,0,0.9435763888888888,0.05642361111111111,0.05803571428571429,0
cross_train_0080,train,cross,0.0,0.9329280257225037,0.010472261899697818,0.05180676819930499,0,0,0.0,1.0,0.002293072916843273,0.045072649325319784,0,0,-0.07477790117263794,0.07461076974868774,-0.0021720523493260974,0.01388266451472836,0,0,-0.9928953647613525,0.9999964833259583,0.0008559981538888274,0.1397133999427641,0,0,0.9552951388888888,0.04470486111111111,0.04742547425474255,276
cross_train_0081,train,cross,0.0,0.9292600750923157,0.015188595783574446,0.07406337259358665,0,0,0.0,1.0,0.0008986081315756396,0.02829804624946809,0,0,-0.07438972592353821,0.0747220516204834,0.0006276799314137963,0.014078146862787952,0,0,-0.9820112586021423,0.9640410542488098,0.0005383254517962794,0.1325367463763109,0,0,0.9609375,0.0390625,0.019580419580419582,276
cross_train_0082,train,cross,0.0,0.8387601375579834,0.007901131736700874,0.050851063632240234,0,0,0.0,1.0,0.0018143761704710346,0.03911383624561002,0,0,-0.07483351975679398,0.07500000298023224,-0.0022193059881424736,0.011117296938455002,0,0,-0.9745907783508301,0.999998927116394,-4.733910706515113e-05,0.11359456496701968,0,0,0.9704861111111112,0.029513888888888888,0.05628517823639775,126
cross_train_0083,train,cross,0.0,0.946223258972168,0.025474396871787677,0.10414182727551234,0,0,0.0,1.0,0.002110927335538522,0.04333756207646218,0,0,-0.07494446635246277,0.07461076974868774,-0.0004285553263293372,0.016111935545744496,0,0,-0.9820112586021423,0.9973381757736206,-0.002690971153495209,0.153804957585534,0,0,0.9453125,0.0546875,0.033099297893681046,318
cross_train_0084,train,cross,0.0,0.8373953700065613,0.005571158574799416,0.03726781720339049,0,0,0.0,1.0,0.0008839993366833638,0.027106331437035877,0,0,-0.043112218379974365,0.02066047489643097,-0.0006976451582482292,0.0045088993384996764,0,0,-0.998612105846405,0.9766644239425659,0.001999915161326903,0.14043931581151084,0,0,0.9583333333333334,0.041666666666666664,0.03496503496503497,0
cross_train_0085,train,cross,0.0,0.9429692029953003,0.00989303833985231,0.0610974105005055,0,0,0.0,1.0,0.0008908435616090342,0.027332901171820308,0,0,-0.040000006556510925,0.02585504949092865,-0.0005827414764401814,0.005441976721724543,0,0,-0.9913396239280701,0.9766644239425659,0.0019042173937325263,0.15702199223707103,0,0,0.9453125,0.0546875,0.027932960893854747,0
cross_train_0086,train,cross,0.0,0.8744133114814758,0.01598792883977593,0.07008612315512637,0,0,0.0,1.0,0.0033953264096958768,0.05298091155398772,0,0,-0.07494446635246277,0.07499998807907104,-0.0008722101402882901,0.01719131062863786,0,0,-0.9928953647613525,0.9999969601631165,-0.003647171851702701,0.15907458078168432,0,0,0.9388020833333334,0.061197916666666664,0.05632411067193676,360
cross_train_0087,train,cross,0.0,0.9572803974151611,0.009197009932769881,0.05965662656539855,0,0,0.0,1.0,0.0007334369691778664,0.02604892596832583,0,0,-0.07483351975679398,0.07500000298023224,-0.0011931432915541034,0.01133736840244868,0,0,-0.9993054270744324,0.999998927116394,0.001501358861585484,0.10353098608823436,0,0,0.9765625,0.0234375,0.023206751054852322,198
cross_train_0088,train,cross,0.0,0.9332144856452942,0.013201805216418186,0.06423197196539839,0,0,0.0,1.0,0.003569892340305227,0.05706874636466651,0,0,-0.05447514355182648,0.03768323361873627,-0.000591163539663992,0.0062258815236694715,0,0,-0.998612105846405,0.9766644239425659,0.0015022954945986082,0.16849878443831978,0,0,0.9401041666666666,0.059895833333333336,0.06675062972292191,0
cross_train_0089,train,cross,0.0,0.9261669516563416,0.017655389036109328,0.07456544339789886,0,0,0.0,1.0,0.0009734283925758468,0.029728326942573033,0,0,-0.07411287724971771,0.0747220516204834,0.001099610875826329,0.01595021641042044,0,0,-0.9820112586021423,0.9969497919082642,0.0006126635041962598,0.15681312530932268,0,0,0.9470486111111112,0.05295138888888889,0.015384615384615385,342
cross_train_0090,train,cross,0.0,0.8976088762283325,0.015246002810036534,0.06253390715471079,0,0,0.0,1.0,0.00288708937889034,0.04935663390291071,0,0,-0.07411287724971771,0.0747220516204834,0.001462222477938566,0.016314066777712855,0,0,-0.9820112586021423,0.9999969601631165,-0.000988785282869584,0.1681568174335059,0,0,0.9375,0.0625,0.04411764705882353,342
cross_train_0091,train,cross,0.0,0.853553295135498,0.012747875845451307,0.06199409901754367,0,0,0.0,1.0,0.002435148525465694,0.046099326698702404,0,0,-0.07483351975679398,0.07500000298023224,-0.0019530331434604402,0.0149987959819361,0,0,-0.9993054270744324,0.999998927116394,0.0009103969439618393,0.14703986902806926,0,0,0.9500868055555556,0.04991319444444445,0.04112554112554113,306
cross_train_0092,train,cross,0.0,0.8770252466201782,0.013501627104570044,0.06760702728731939,0,0,0.0,1.0,0.0023688115438239444,0.04586314271863414,0,0,-0.07411287724971771,0.0747220516204834,0.0016395770621279047,0.012219258815930735,0,0,-0.9667691588401794,0.9932713508605957,0.003337362457892191,0.12913636459187255,0,0,0.9613715277777778,0.038628472222222224,0.05401459854014599,204
cross_train_0093,train,cross,0.0,0.92612224817276,0.01355321245163968,0.059577209682639846,0,0,0.0,1.0,0.0033323899929032282,0.05402345783402749,0,0,-0.07384227216243744,0.07500000298023224,-0.002401991883137574,0.013573223754092834,0,0,-0.9993054270744324,0.999998927116394,0.0009866104620515318,0.15456250249496656,0,0,0.9466145833333334,0.053385416666666664,0.05555555555555555,198
cross_train_0094,train,cross,0.0,0.959896445274353,0.013321657916296518,0.06735032024048149,0,0,0.0,1.0,0.002789316375532912,0.049098959245331336,0,0,-0.07483351975679398,0.07500000298023224,-0.0012582918991231257,0.014308913395915916,0,0,-0.9993054270744324,0.999998927116394,-0.0024253227679259404,0.137085111973766,0,0,0.95703125,0.04296875,0.05309734513274336,276
cross_train_0095,train,cross,0.0,0.9730948805809021,0.00557164008813305,0.037013424679794855,0,0,0.0,1.0,0.0006220977693037303,0.023318069693824998,0,0,-0.07405753433704376,0.0,-0.0016518023654094173,0.008985296680592923,0,0,-0.9820112586021423,0.9932713508605957,-0.0002804171263051103,0.1074361500589798,0,0,0.9709201388888888,0.029079861111111112,0.02127659574468085,42
cross_train_0096,train,cross,0.0,0.8567042350769043,0.011703343908165052,0.05577684992455504,0,0,0.0,1.0,0.002992869997224598,0.050372725658952705,0,0,-0.0650000050663948,0.00692354142665863,-0.002567799768358883,0.010038365276351007,0,0,-0.9913396239280701,0.999998927116394,0.0028399770009046835,0.1695771388850586,0,0,0.9340277777777778,0.06597222222222222,0.04945054945054945,6
cross_train_0097,train,cross,0.0,0.92221999168396,0.005653051522804836,0.04213101145582913,0,0,0.0,1.0,0.0007030739906002526,0.02502013009480598,0,0,-0.0493769496679306,0.005322247743606567,-0.0007586244286762343,0.004651952976528062,0,0,-0.950625479221344,0.9766644239425659,0.002595288680620595,0.1067624585851258,0,0,0.9743923611111112,0.025607638888888888,0.027777777777777776,0
cross_train_0098,train,cross,0.0,0.8190202713012695,0.018588029425936164,0.07797630353289176,0,0,0.0,1.0,0.00240093268264361,0.04342940719438271,0,0,-0.07389162480831146,0.07499998807907104,0.0013510986464098096,0.01552558551642943,0,0,-0.9788332581520081,0.9999969601631165,-0.0008904760886960301,0.14847014029389552,0,0,0.9483506944444444,0.05164930555555555,0.0441025641025641,336
cross_train_0099,train,cross,0.0,0.8941792845726013,0.007538547524577384,0.04463358404530546,0,0,0.0,1.0,0.000858078878890309,0.027102448582338352,0,0,-0.06097753345966339,0.009452179074287415,-0.0013023764186073095,0.006611732692317547,0,0,-0.956943690776825,0.999998927116394,0.0007332825706624943,0.1326349408398885,0,0,0.9605034722222222,0.039496527777777776,0.025500910746812388,0
cross_train_0100,train,cross,0.0,0.8136603832244873,0.015928124208046398,0.06911199260617135,0,0,0.0,1.0,0.0026894769096678056,0.04659777464888929,0,0,-0.07372584939002991,0.07499998807907104,0.0022201016998021966,0.014702750284164255,0,0,-0.9667691588401794,0.9999969601631165,0.0012814594018790457,0.14778033024932652,0,0,0.9496527777777778,0.050347222222222224,0.049214659685863874,282
cross_train_0101,train,cross,0.0,0.8923925757408142,0.008272665298944857,0.05224006668913056,0,0,0.0,1.0,0.0005828988419293806,0.022930186189267263,0,0,-0.07450056076049805,0.07455511391162872,-0.0015523004371465908,0.010753156813667994,0,0,-0.9928953647613525,0.9973381757736206,-0.0005164799877093174,0.10644469400392366,0,0,0.9748263888888888,0.025173611111111112,0.01978021978021978,150
cross_train_0102,train,cross,0.0,0.9322426915168762,0.012106540393081863,0.06190584055498277,0,0,0.0,1.0,0.002071873685862455,0.04150397896987589,0,0,-0.008578658103942871,0.05615527927875519,0.0014524437978656755,0.006915444012774958,0,0,-0.998612105846405,0.9628074765205383,-0.002882830845313341,0.14540618727619972,0,0,0.9526909722222222,0.047309027777777776,0.04697986577181208,0
cross_train_0103,train,cross,0.0,0.8842537999153137,0.011529712745961526,0.05926597592544679,0,0,0.0,1.0,0.0010426916285521453,0.02989362704647119,0,0,-0.06000000238418579,0.0052417367696762085,-0.002062066593983521,0.00888299943437462,0,0,-0.9913396239280701,0.999998927116394,0.0019702707359101623,0.15502993044457916,0,0,0.9461805555555556,0.05381944444444445,0.01910828025477707,0
cross_train_0104,train,cross,0.0,0.9132702946662903,0.0035775871450859404,0.026724478367700484,0,0,0.0,1.0,0.002876727686574062,0.048988253658807046,0,0,-0.07411287724971771,0.07360678911209106,-0.0026878941377314427,0.011170235724553994,0,0,-0.9991823434829712,0.9999964833259583,0.0005479588319051092,0.15365283296937055,0,0,0.9466145833333334,0.053385416666666664,0.09880239520958084,78
cross_train_0105,train,cross,0.0,0.8627867102622986,0.008635340280677526,0.05511143198970678,0,0,0.0,1.0,0.0017893541716384115,0.03993294379745785,0,0,-0.029584065079689026,0.030277550220489502,3.175809979438782e-07,0.003610259492559203,0,0,-0.9943807125091553,0.9766644239425659,0.00014608583296649158,0.13621077628303613,0,0,0.9605034722222222,0.039496527777777776,0.05,0
cross_train_0106,train,cross,0.0,0.8178487420082092,0.01725527005004955,0.08266661571509513,0,0,0.0,1.0,0.002063536197292032,0.03981422695435873,0,0,-0.07367832213640213,0.07500000298023224,-0.001137319763074629,0.013347551621730883,0,0,-0.9993054270744324,0.999998927116394,-0.0005975944150122814,0.1279869066824433,0,0,0.9644097222222222,0.035590277777777776,0.054285714285714284,246
cross_train_0107,train,cross,0.0,0.9677675366401672,0.01208193887642092,0.0728768177530202,0,0,0.0,1.0,0.0005841187667101622,0.022969821183019584,0,0,-0.07411287724971771,0.0747220516204834,0.001480775930556572,0.010932210685711015,0,0,-0.9667691588401794,0.9999969601631165,0.005809670522366004,0.10591605536261187,0,0,0.9739583333333334,0.026041666666666668,0.01882845188284519,162
cross_train_0108,train,cross,0.0,0.8688210248947144,0.01665923514836457,0.0808929603822265,0,0,0.0,1.0,0.002624516759102267,0.04693356177962618,0,0,-0.07433627545833588,0.07500000298023224,-0.0004128209806771742,0.015007752937249699,0,0,-0.9993054270744324,0.9999994039535522,0.003678772954622723,0.139582802567821,0,0,0.9592013888888888,0.04079861111111111,0.05605095541401274,336
cross_train_0109,train,cross,0.0,0.8822489380836487,0.007768961533540901,0.04882449676186084,0,0,0.0,1.0,0.0022763157159917885,0.043884844333995955,0,0,-0.05500000715255737,0.01620769500732422,-0.0014727146772202104,0.0072608872851249485,0,0,-0.9913396239280701,0.999998927116394,0.0022387989124076236,0.15696969497815919,0,0,0.9431423611111112,0.05685763888888889,0.04927007299270073,0
L_shape_train_0000,train,L-shape,0.0,0.8989241123199463,0.010043274947343485,0.05187008306446928,0,0,0.0,1.0,0.0025216449198692484,0.04647608912129049,0,0,-0.07411287724971771,0.07388612627983093,0.002132296266844841,0.01149426135762204,0,0,-0.9820112586021423,0.9969497919082642,-4.654060864629207e-05,0.13412149998015727,0,0,0.9591290509259259,0.04087094907407408,0.055248618784530384,140
L_shape_train_0001,train,L-shape,0.0,0.913041889667511,0.014080382065011927,0.07360904979901396,0,0,0.0,1.0,0.002125300044469811,0.044199045810633865,0,0,-0.025000005960464478,0.041376590728759766,0.00044972850850576325,0.004741877109407299,0,0,-0.9943807125091553,0.9766644239425659,0.000711908992343524,0.14787389966904485,0,0,0.9518952546296297,0.04810474537037037,0.047619047619047616,0
L_shape_train_0002,train,L-shape,0.0,0.8374823927879333,0.010536073767222357,0.05797077461095426,0,0,0.0,1.0,0.0009101173210958088,0.0269797506126744,0,0,-0.07494446635246277,0.07455511391162872,0.000539219025220653,0.013580380010145955,0,0,-0.9820112586021423,0.9973381757736206,0.0020916780155638896,0.13333498918210823,0,0,0.9591290509259259,0.04087094907407408,0.0202808112324493,220
L_shape_train_0003,train,L-shape,0.0,0.9109359383583069,0.011757806579781673,0.06305540765181994,0,0,0.0,1.0,0.0006229096023296868,0.023269322413522586,0,0,-0.07256869971752167,0.0747220516204834,0.0020868091626282505,0.009934086337275544,0,0,-0.9667691588401794,0.9999969601631165,0.0007307768643200958,0.12659521990264302,0,0,0.9605758101851852,0.03942418981481482,0.015082956259426848,60
L_shape_train_0004,train,L-shape,0.0,0.9287258982658386,0.022003946469403166,0.09381598156431148,0,0,0.0,1.0,0.00275626452639699,0.04765465482129332,0,0,-0.07483351975679398,0.07500000298023224,-0.00035245752466532093,0.015399663668489777,0,0,-0.9993054270744324,0.9999994039535522,0.004246892382676985,0.1493169250695723,0,0,0.9500868055555556,0.04991319444444445,0.05497076023391813,310
L_shape_train_0005,train,L-shape,0.0,0.9705938696861267,0.0016639335901316,0.018225644404962906,0,0,0.0,1.0,0.0006446781550982485,0.024092949069590183,0,0,-0.07059861719608307,0.0,-0.0019819417233251173,0.009037463141808054,0,0,-0.9768810272216797,0.9999964833259583,0.0004885869666564018,0.13137187520080934,0,0,0.9558738425925926,0.044126157407407406,0.0,25
L_shape_train_0006,train,L-shape,0.0,0.8973462581634521,0.008873511357233223,0.05321838590058231,0,0,0.0,1.0,0.0031739430441693577,0.05281570331400338,0,0,-0.07189750671386719,0.020293861627578735,-0.0017070830923599984,0.00823489388557188,0,0,-0.956943690776825,0.999998927116394,0.006119154328458804,0.15401739175122295,0,0,0.9479166666666666,0.052083333333333336,0.09416195856873823,20
L_shape_train_0007,train,L-shape,0.0,0.8802615404129028,0.006863344311669708,0.04526426060429176,0,0,0.0,1.0,0.0005725473941614231,0.02249210241307527,0,0,-0.017901554703712463,0.04912307858467102,0.0006750286114833283,0.004461943500797923,0,0,-0.998612105846405,0.9517656564712524,-0.0019868556367968,0.118513069064344,0,0,0.9703414351851852,0.029658564814814815,0.016913319238900635,0
L_shape_train_0008,train,L-shape,0.0,0.8372825384140015,0.0024957737357785468,0.020887599386983292,0,0,0.0,1.0,0.0019883040761299155,0.04050617233401202,0,0,-0.07411287724971771,0.07388612627983093,-0.002302286857566624,0.010175931658995514,0,0,-0.9991823434829712,0.9999964833259583,0.000699282114527267,0.151674970139868,0,0,0.9464699074074074,0.053530092592592594,0.02843601895734597,65
L_shape_train_0009,train,L-shape,0.0,0.8655572533607483,0.0063174380720738554,0.043619959491749107,0,0,0.0,1.0,0.0019346244840158357,0.04158141941501437,0,0,-0.01243184506893158,0.060237959027290344,0.0011432534935280543,0.006470387852952759,0,0,-0.998612105846405,0.9628074765205383,-0.002893927957369737,0.12345940198540452,0,0,0.9627459490740741,0.03725405092592592,0.06712962962962964,0
L_shape_train_0010,train,L-shape,0.0,0.8827301859855652,0.011257866669590536,0.059963470486687015,0,0,0.0,1.0,0.0008631734246457065,0.026317525182149776,0,0,-0.07405753433704376,0.0747220516204834,0.002297784845318852,0.012449687413362769,0,0,-0.9667691588401794,0.9640410542488098,0.002293481537494531,0.12989180060779626,0,0,0.9605758101851852,0.03942418981481482,0.021645021645021644,185
L_shape_train_0011,train,L-shape,0.0,0.8692342042922974,0.01659014026999675,0.06318015972768794,0,0,0.0,1.0,0.0029096745463364103,0.04954929517433358,0,0,-0.07411287724971771,0.07499998807907104,-3.128729683036605e-05,0.016971386630756362,0,0,-0.9820112586021423,0.9999969601631165,0.001522223930755394,0.177502760619824,0,0,0.9258535879629629,0.07414641203703703,0.03950617283950617,315
L_shape_train_0012,train,L-shape,0.0,0.8580362200737,0.006722866386924041,0.045892152021656515,0,0,0.0,1.0,0.0008298272517061343,0.02621558749595479,0,0,-0.043112218379974365,0.018077358603477478,-0.0005950924565291239,0.004071800193620848,0,0,-0.998612105846405,0.9766644239425659,0.0018651272352211959,0.12647214063856002,0,0,0.9674479166666666,0.032552083333333336,0.030501089324618737,0
L_shape_train_0013,train,L-shape,0.0,0.8695085644721985,0.008044383107736157,0.04726806949846225,0,0,0.0,1.0,0.002181635104568192,0.042418814645178285,0,0,-0.02470037341117859,0.06783020496368408,0.0015659046766813844,0.0080865411441824,0,0,-0.998612105846405,0.9766644239425659,0.0012767627792224328,0.15136142915413367,0,0,0.9479166666666666,0.052083333333333336,0.0632688927943761,10
L_shape_train_0014,train,L-shape,0.0,0.8278419971466064,0.00769708506080254,0.036216523565043214,0,0,0.0,1.0,0.0029046998048822084,0.04859611935498851,0,0,-0.07411287724971771,0.07499998807907104,-0.0017061849993532869,0.01467156332642765,0,0,-0.9991823434829712,0.9999964833259583,2.1865956838424877e-05,0.15239653966200015,0,0,0.9493634259259259,0.05063657407407408,0.05731707317073171,265
L_shape_train_0015,train,L-shape,0.0,0.8581842184066772,0.004036883929220241,0.032608500878488975,0,0,0.0,1.0,0.0007769879626317157,0.025480749929260235,0,0,-0.07367832213640213,0.07500000298023224,-0.002005344787095156,0.01067757755001241,0,0,-0.9993054270744324,0.999998927116394,0.0020206398420230943,0.15043294863283774,0,0,0.9508101851851852,0.04918981481481482,0.02909090909090909,105
L_shape_train_0016,train,L-shape,0.0,0.9021427631378174,0.012055091581253742,0.06690411612290516,0,0,0.0,1.0,0.0011068920484157624,0.03074907665458,0,0,-0.06455996632575989,0.028044939041137695,-0.0014064380580007477,0.0075004017937122325,0,0,-0.998612105846405,0.999998927116394,0.0019100704319633358,0.16386044298217037,0,0,0.9395978009259259,0.06040219907407408,0.022151898734177215,0
L_shape_train_0017,train,L-shape,0.0,0.8465142846107483,0.007692685974166967,0.04658849368193494,0,0,0.0,1.0,0.0005519810322396181,0.021772314573733378,0,0,-0.07389162480831146,0.07499998807907104,0.0018683686600221943,0.010564361174097193,0,0,-0.9667691588401794,0.9999969601631165,0.0015212988984314034,0.11577380764724293,0,0,0.9667245370370371,0.033275462962962965,0.016853932584269662,105
L_shape_train_0018,train,L-shape,0.0,0.8874413967132568,0.008883864057890134,0.050347542384114576,0,0,0.0,1.0,0.0007696920764391069,0.02527432645339085,0,0,-0.021839946508407593,0.057966336607933044,0.001037543924111459,0.00626641263959058,0,0,-0.998612105846405,0.9571169018745422,-0.00016037418643261644,0.13693885190182833,0,0,0.9562355324074074,0.043764467592592594,0.02146690518783542,0
L_shape_train_0019,train,L-shape,0.0,0.8880411386489868,0.021546432495428976,0.09470463518999636,0,0,0.0,1.0,0.0006298298119670815,0.02350073123750292,0,0,-0.07483351975679398,0.07500000298023224,0.0013206441825012142,0.014098248256525416,0,0,-0.9993054270744324,0.9999994039535522,0.004921073385857098,0.13197676585642945,0,0,0.9612991898148148,0.03870081018518518,0.013157894736842105,305
L_shape_train_0020,train,L-shape,0.0,0.857610821723938,0.007797547808102671,0.04168025613339923,0,0,0.0,1.0,0.0009911571698332274,0.02934066417545022,0,0,-0.0650000125169754,0.0,-0.002529832299505533,0.010505133189494184,0,0,-0.9928953647613525,0.9999964833259583,0.004535331683857496,0.149092946592559,0,0,0.9533420138888888,0.04665798611111111,0.019637462235649546,0
L_shape_train_0021,train,L-shape,0.0,0.8460881114006042,0.008367293755765315,0.04101534302514697,0,0,0.0,1.0,0.002549159038742935,0.046504216079517116,0,0,-0.07384227216243744,0.07500000298023224,-0.002263298684502607,0.012303955300579643,0,0,-0.9993054270744324,0.999998927116394,0.005613016838079029,0.16243066124509786,0,0,0.9410445601851852,0.05895543981481482,0.04247104247104247,150
L_shape_train_0022,train,L-shape,0.0,0.911884605884552,0.0193395687666414,0.08496848771206605,0,0,0.0,1.0,0.002969371348929902,0.050643853527035966,0,0,-0.06984391063451767,0.03580904006958008,-0.0017360501078655943,0.00997303954585451,0,0,-0.998612105846405,0.999998927116394,0.0021982664025522857,0.18516260059237225,0,0,0.9240451388888888,0.0759548611111111,0.049079754601226995,25
L_shape_train_0023,train,L-shape,0.0,0.8352453708648682,0.02322486876807859,0.08714675107917806,0,0,0.0,1.0,0.0025565743454973454,0.04509071114605605,0,0,-0.07411287724971771,0.07499998807907104,0.0012123924723170974,0.016147095595545818,0,0,-0.9820112586021423,0.9999969601631165,0.0006982088638728277,0.16726495265137717,0,0,0.9388744212962963,0.061125578703703706,0.038560411311053984,335
L_shape_train_0024,train,L-shape,0.0,0.940784215927124,0.007210259200426798,0.050377104243102766,0,0,0.0,1.0,0.0007916734752210754,0.02589875070109439,0,0,-0.030000008642673492,0.021026313304901123,-0.00023409041642918492,0.0031830398626658506,0,0,-0.961885392665863,0.9766644239425659,0.0029954973339314434,0.12427466129469193,0,0,0.9667245370370371,0.033275462962962965,0.03367875647668394,0
L_shape_train_0025,train,L-shape,0.0,0.8868047595024109,0.007741950661679935,0.04809488567957602,0,0,0.0,1.0,0.0024822122822688135,0.04624389147850058,0,0,-0.06514719128608704,0.030623912811279297,-0.0011798417782066045,0.007119976804774672,0,0,-0.956943690776825,0.999998927116394,0.006317964824255022,0.1628263962016069,0,0,0.9457465277777778,0.054253472222222224,0.060836501901140684,5
L_shape_train_0026,train,L-shape,0.0,0.859890341758728,0.016873769123776583,0.08508848525881245,0,0,0.0,1.0,0.0022532126987008035,0.04329968216747511,0,0,-0.07389162480831146,0.07499998807907104,-0.0004381227309177457,0.013792576679489637,0,0,-0.9820112586021423,0.9999969601631165,-0.0011602737147229534,0.1251920361794776,0,0,0.9641927083333334,0.035807291666666664,0.05420827389443652,270
L_shape_train_0027,train,L-shape,0.0,0.9325661659240723,0.021235910604243853,0.10063210907903337,0,0,0.0,1.0,0.0006103042418275167,0.022791420777398333,0,0,-0.07477790117263794,0.07461076974868774,0.00019962019265491377,0.014143150424342006,0,0,-0.9820112586021423,0.9999964833259583,0.0006794678235008986,0.1284540258579183,0,0,0.9609375,0.0390625,0.014347202295552367,285
L_shape_train_0028,train,L-shape,0.0,0.8708025217056274,0.012416257248299156,0.05398505245905239,0,0,0.0,1.0,0.0028064330970799484,0.04849638396874309,0,0,-0.07389162480831146,0.07499998807907104,0.0021833085931440882,0.015602259319079268,0,0,-0.9788332581520081,0.9999969601631165,0.0031645029856816917,0.16054510509012898,0,0,0.9363425925925926,0.06365740740740741,0.042743538767395624,305
L_shape_train_0029,train,L-shape,0.0,0.8807112574577332,0.0022458377650883257,0.020232344375557237,0,0,0.0,1.0,0.0006538372943867688,0.023363828840595503,0,0,-0.05973973870277405,0.009232908487319946,-0.0015303768655199005,0.00728199205716285,0,0,-0.994807243347168,0.9999964833259583,0.0005984524313539118,0.14046000069956174,0,0,0.9547887731481481,0.04521122685185185,0.01098901098901099,0
L_shape_train_0030,train,L-shape,0.0,0.8254434466362,0.007382122250617242,0.045542475330240605,0,0,0.0,1.0,0.0029686281233336086,0.048383455825235885,0,0,-0.07433627545833588,0.013248279690742493,-0.0023017721509353984,0.00993974652999667,0,0,-0.998612105846405,0.999998927116394,0.0023828088411324577,0.1580012124681677,0,0,0.9464699074074074,0.053530092592592594,0.06540447504302926,55
L_shape_train_0031,train,L-shape,0.0,0.9968757629394531,0.01667382483955643,0.08198620213345899,0,0,0.0,1.0,0.002428253478784528,0.046374836852972556,0,0,-0.07438972592353821,0.0747220516204834,0.001853324599020804,0.012942539671482952,0,0,-0.9943807125091553,0.9640410542488098,0.0011114592238030767,0.14516244555696928,0,0,0.9493634259259259,0.05063657407407408,0.04691358024691358,230
L_shape_train_0032,train,L-shape,0.0,0.8646188378334045,0.002611228150874046,0.02167518733137956,0,0,0.0,1.0,0.002289520024701401,0.04332471070195072,0,0,-0.07405753433704376,0.0747220516204834,-0.002126892758059074,0.011969676234254788,0,0,-0.9820112586021423,0.9999964833259583,-0.0003613348036634744,0.15116051166863628,0,0,0.9490017361111112,0.05099826388888889,0.08837209302325581,170
L_shape_train_0033,train,L-shape,0.0,0.8549456596374512,0.015087925390212654,0.07053591607735996,0,0,0.0,1.0,0.002506722273581006,0.04573706639141233,0,0,-0.07411287724971771,0.0747220516204834,0.0029384360284354814,0.01281439324348523,0,0,-0.9943807125091553,0.9932713508605957,0.0018541216061967807,0.16232069212591285,0,0,0.9395978009259259,0.06040219907407408,0.04501607717041801,155
L_shape_train_0034,train,L-shape,0.0,0.9901617765426636,0.016293800622743555,0.08313376424716029,0,0,0.0,1.0,0.002213702325847138,0.04468418145101704,0,0,-0.07494446635246277,0.07455511391162872,0.0009539210090965584,0.01334733667897206,0,0,-0.9820112586021423,0.9973381757736206,0.0011589791389960064,0.13508730069433192,0,0,0.9562355324074074,0.043764467592592594,0.046153846153846156,220
L_shape_train_0035,train,L-shape,0.0,1.0,0.009349720395162135,0.04889216338843917,0,0,0.0,0.9694399833679199,0.0024301247127975025,0.045340633051028575,0,0,-0.07438972592353821,0.07461076974868774,-0.0015054555142005146,0.013668000725578978,0,0,-0.994807243347168,0.9999964833259583,0.00048820734302050067,0.15763359068063978,0,0,0.9442997685185185,0.05570023148148148,0.05046480743691899,245
L_shape_train_0036,train,L-shape,0.0,0.8821251392364502,0.020674963337788305,0.08822246593566371,0,0,0.0,1.0,0.002945469192194718,0.05056869827720376,0,0,-0.07477790117263794,0.07461076974868774,0.0019869862417517987,0.0142054784865441,0,0,-0.9943807125091553,0.964989185333252,0.00038516257960610447,0.16692927449496409,0,0,0.9345341435185185,0.06546585648148148,0.04416094210009813,285
L_shape_train_0037,train,L-shape,0.0,0.9639872908592224,0.008150824172170596,0.05795214702212304,0,0,0.0,1.0,0.0005665829111994417,0.022295149100998196,0,0,-0.012704700231552124,0.044550761580467224,0.0006546699538982163,0.004192858208411337,0,0,-0.998612105846405,0.9571169018745422,-0.001947900557887031,0.11742949373828729,0,0,0.9678096064814815,0.03219039351851852,0.02,0
L_shape_train_0038,train,L-shape,0.0,0.8623656034469604,0.014990989912677024,0.0663827358427891,0,0,0.0,1.0,0.002290229524347793,0.04299521778540647,0,0,-0.07494446635246277,0.07499998807907104,-0.00036751709693042493,0.015412652119035345,0,0,-0.9928953647613525,0.9999969601631165,-0.0005103802837951392,0.1538815215798299,0,0,0.9453848379629629,0.054615162037037035,0.04206098843322818,260
L_shape_train_0039,train,L-shape,0.0,0.9534534215927124,0.02551006410916064,0.10308600429129004,0,0,0.0,1.0,0.0008039282703841174,0.027320474580395097,0,0,-0.07389162480831146,0.07499998807907104,0.001120785573557778,0.015101872587864485,0,0,-0.9788332581520081,0.9999969601631165,0.0005150538412703167,0.14606032688289217,0,0,0.9504484953703703,0.04955150462962963,0.012526096033402923,310
L_shape_train_0040,train,L-shape,0.0,0.8629229664802551,0.00954725846343165,0.054668185868336626,0,0,0.0,1.0,0.0007673752347559288,0.025210189950798788,0,0,-0.07389162480831146,0.07499998807907104,0.0010475702799373754,0.01251355354802281,0,0,-0.9788332581520081,0.9999969601631165,0.00011147705528721283,0.11417886460039231,0,0,0.9703414351851852,0.029658564814814815,0.023090586145648313,235
L_shape_train_0041,train,L-shape,0.0,0.8747643828392029,0.022753159813200235,0.08540555692127952,0,0,0.0,1.0,0.0029454952476684142,0.050317285555099386,0,0,-0.07411287724971771,0.07499998807907104,0.0006877243975867276,0.01713651777368192,0,0,-0.9820112586021423,0.9999969601631165,0.0031298488170250494,0.1646977112981631,0,0,0.9381510416666666,0.061848958333333336,0.03982683982683983,410
L_shape_train_0042,train,L-shape,0.0,0.8651671409606934,0.005071177368167641,0.031148378420605024,0,0,0.0,1.0,0.0009812789934652824,0.028942320192294223,0,0,-0.07000000774860382,0.008823797106742859,-0.002562744430852709,0.010237330695403227,0,0,-0.998612105846405,0.999998927116394,0.0031399687505081937,0.16382489916764814,0,0,0.9424913194444444,0.05750868055555555,0.019148936170212766,40
L_shape_train_0043,train,L-shape,0.0,0.8562215566635132,0.005457261090889474,0.0246961766080445,0,0,0.0,1.0,0.00303022972204619,0.05013429223443344,0,0,-0.07483351975679398,0.07500000298023224,0.001751282606737395,0.015574516942594764,0,0,-0.9993054270744324,0.9999994039535522,0.004808728774689909,0.1731633907645706,0,0,0.9269386574074074,0.07306134259259259,0.07042253521126761,285
L_shape_train_0044,train,L-shape,0.0,0.8326103091239929,0.0020214607747161776,0.015627479638856846,0,0,0.0,1.0,0.0007524875863627703,0.025671445848783038,0,0,-0.07361538708209991,0.0747220516204834,-0.002061459273574184,0.010297264049615045,0,0,-0.9991823434829712,0.9999964833259583,-0.0020906363577658476,0.1352608426418541,0,0,0.9591290509259259,0.04087094907407408,0.00975609756097561,75
L_shape_train_0045,train,L-shape,0.0,0.8699305653572083,0.01260089425575104,0.06627471439598855,0,0,0.0,1.0,0.0007815174327266437,0.025657188536647908,0,0,-0.024900048971176147,0.062249839305877686,0.001250989282400244,0.007815444298771653,0,0,-0.9943807125091553,0.9766644239425659,-0.0003551441689406029,0.1507720755698346,0,0,0.9493634259259259,0.05063657407407408,0.01813110181311018,0
L_shape_train_0046,train,L-shape,0.0,0.861727237701416,0.016717613507892196,0.07376207411984759,0,0,0.0,1.0,0.0010001555395623047,0.028633825887124004,0,0,-0.07483351975679398,0.07500000298023224,-0.0008284035154954634,0.014799356202038408,0,0,-0.9993054270744324,0.9999994039535522,0.004495777125999599,0.14211420845138314,0,0,0.9555121527777778,0.044487847222222224,0.02033492822966507,290
L_shape_train_0047,train,L-shape,0.0,0.9293930530548096,0.01186676170261678,0.056945870196087905,0,0,0.0,1.0,0.002097913797047955,0.043676019874676765,0,0,-0.07411287724971771,0.0747220516204834,0.0020155349651489545,0.014129377404178077,0,0,-0.9820112586021423,0.9999969601631165,0.0012201194945865373,0.14245888009507443,0,0,0.9526186342592593,0.04738136574074074,0.03721488595438175,265
L_shape_train_0048,train,L-shape,0.0,0.9151232242584229,0.016698270402466058,0.07032118065109187,0,0,0.0,1.0,0.0011772210364816365,0.03268765340661109,0,0,-0.07494446635246277,0.07499998807907104,0.002629572247517192,0.014580876553748857,0,0,-0.9943807125091553,0.9999969601631165,-0.001334317404539602,0.1581688314756701,0,0,0.9403211805555556,0.05967881944444445,0.01662049861495845,300
L_shape_train_0049,train,L-shape,0.0,0.8768422603607178,0.018842972357695678,0.0759194337992053,0,0,0.0,1.0,0.0031327850366425184,0.05177413224345548,0,0,-0.07483351975679398,0.07500000298023224,-0.0036871538813338027,0.013022358383362341,0,0,-0.9913396239280701,0.999998927116394,0.0009579585269050396,0.17837068069290068,0,0,0.9287471064814815,0.07125289351851852,0.04409171075837742,145
L_shape_train_0050,train,L-shape,0.0,0.9589741230010986,0.0140152284635675,0.08662066753155698,0,0,0.0,1.0,0.0006693966850569403,0.02491497381665754,0,0,-0.07411287724971771,0.07499998807907104,4.219871630926651e-05,0.011503095301356694,0,0,-0.9820112586021423,0.9973381757736206,0.0020503062543226675,0.10724352711492798,0,0,0.9772135416666666,0.022786458333333332,0.022573363431151242,210
L_shape_train_0051,train,L-shape,0.0,1.0,0.005577430837968644,0.04428874564101155,0,0,0.0,0.983739972114563,0.000534215562597469,0.0222139009224481,0,0,-0.0650000050663948,0.0,-0.001396406045791486,0.00770630720601082,0,0,-0.9745907783508301,0.999998927116394,0.0007377603779551228,0.11644722283931616,0,0,0.970703125,0.029296875,0.023668639053254437,5
L_shape_train_0052,train,L-shape,0.0,0.9156309366226196,0.016480040748715678,0.07781766443591662,0,0,0.0,1.0,0.0011474330461135618,0.03187377799321625,0,0,-0.07494446635246277,0.07499998807907104,0.0005986673554784998,0.01504466268028369,0,0,-0.9820112586021423,0.9999969601631165,0.006289763591919634,0.14595080098190716,0,0,0.9508101851851852,0.04918981481481482,0.022085889570552148,280
L_shape_train_0053,train,L-shape,0.0,0.8124902248382568,0.006037256425913627,0.03673232721681393,0,0,0.0,1.0,0.0016158613660890195,0.03678143170188246,0,0,-0.07405753433704376,0.0747220516204834,-0.0015276108051357031,0.011462943382442173,0,0,-0.9788332581520081,0.9999964833259583,-0.00029929249253486716,0.12561530061570356,0,0,0.9652777777777778,0.034722222222222224,0.04263565891472868,175
L_shape_train_0054,train,L-shape,0.0,0.9164928793907166,0.021357270343354752,0.09708566370303502,0,0,0.0,1.0,0.002011898495429368,0.04251766799550291,0,0,-0.07483351975679398,0.07500000298023224,0.0016472892531493454,0.01366102346598185,0,0,-0.9993054270744324,0.9999994039535522,0.005438212659740842,0.13206689950652362,0,0,0.9609375,0.0390625,0.042582417582417584,280
L_shape_train_0055,train,L-shape,0.0,0.8634997010231018,0.010440521023745666,0.056110350150803796,0,0,0.0,1.0,0.0006132429612248585,0.022928587226363338,0,0,-0.07372584939002991,0.07410934567451477,0.0021160642629385823,0.011593066911940153,0,0,-0.9667691588401794,0.9999969601631165,0.0018906717216143282,0.13368219524165142,0,0,0.9594907407407407,0.04050925925925926,0.01188707280832095,140
L_shape_train_0056,train,L-shape,0.0,0.8392288684844971,0.004406618756930853,0.02300676522399333,0,0,0.0,1.0,0.002341250858821527,0.043385720519841624,0,0,-0.07411287724971771,0.07499998807907104,-0.002051610699035572,0.015100779417436217,0,0,-0.9991823434829712,0.9999964833259583,0.00026957582938983386,0.16350173969050216,0,0,0.9417679398148148,0.05823206018518518,0.052,265
L_shape_train_0057,train,L-shape,0.0,1.0,0.01350367132578901,0.06334616229440228,0,0,0.0,0.9984899759292603,0.0008080124432497003,0.026436000571859224,0,0,-0.07483351975679398,0.07500000298023224,-0.0014504820730373332,0.013173446135783633,0,0,-0.9993054270744324,0.999998927116394,0.001904466128811085,0.1493846911600682,0,0,0.9508101851851852,0.04918981481481482,0.013937282229965157,225
L_shape_train_0058,train,L-shape,0.0,0.8491170406341553,0.021034460655591322,0.08844119766132148,0,0,0.0,1.0,0.000832317599647299,0.026308087002766125,0,0,-0.07483351975679398,0.07500000298023224,-0.001272599403347596,0.014831144744331611,0,0,-0.9993054270744324,0.9999994039535522,0.001988599721395682,0.14511995334804764,0,0,0.951171875,0.048828125,0.015730337078651686,285
L_shape_train_0059,train,L-shape,0.0,1.0,0.028594984487258276,0.10728828956268925,0,0,0.0,0.9906529784202576,0.0030209345492982756,0.05137180548021723,0,0,-0.07438972592353821,0.0747220516204834,-0.0010028597737093354,0.017029944836360635,0,0,-0.9820112586021423,0.9999964833259583,0.00020076352694997223,0.16605047365188308,0,0,0.9406828703703703,0.05931712962962963,0.04173913043478261,370
L_shape_train_0060,train,L-shape,0.0,0.8430289030075073,0.010843027570604978,0.0619240640208783,0,0,0.0,1.0,0.0024564132715264955,0.04391863656849349,0,0,-0.04264545440673828,0.03768323361873627,-0.0001204570489116358,0.0043314428910136435,0,0,-0.998612105846405,0.9766644239425659,0.0017367545265019376,0.14052394315387953,0,0,0.9576822916666666,0.042317708333333336,0.06957928802588997,0
L_shape_train_0061,train,L-shape,0.0,0.834477961063385,0.010007352437848263,0.05112438687342727,0,0,0.0,1.0,0.001996462246299618,0.04164888106303812,0,0,-0.07433627545833588,0.07433034479618073,-0.001969341114831709,0.011217358691041495,0,0,-0.9993054270744324,0.999998927116394,0.0026679742249716247,0.13704415940189008,0,0,0.9569589120370371,0.043041087962962965,0.043478260869565216,140
L_shape_train_0062,train,L-shape,0.0,0.8291014432907104,0.004250354101511928,0.02802853424181986,0,0,0.0,1.0,0.0009340801129669502,0.02761734230958268,0,0,-0.07494446635246277,0.07499998807907104,-0.0024179515969956775,0.011051427548749717,0,0,-0.9928953647613525,0.9999964833259583,0.0003002173158435013,0.13698428687375375,0,0,0.9591290509259259,0.04087094907407408,0.028368794326241134,120
L_shape_train_0063,train,L-shape,0.0,1.0,0.015021059789197115,0.07688342282876318,0,0,0.0,0.9982270002365112,0.0029203039723344976,0.05122827389429705,0,0,-0.05000000447034836,0.04163767397403717,-0.0004093555266822309,0.007576221683666289,0,0,-0.9913396239280701,0.999998927116394,-0.00022481644245325933,0.1661012743049076,0,0,0.9377893518518519,0.06221064814814815,0.05539772727272727,0
L_shape_train_0064,train,L-shape,0.0,0.8352348804473877,0.011718521740372504,0.06228996589727337,0,0,0.0,1.0,0.0007851075475897502,0.02570173994157438,0,0,-0.07483351975679398,0.07500000298023224,0.001082766425329114,0.012255295519731752,0,0,-0.9993054270744324,0.9999994039535522,0.0032808698277356735,0.11809978626620686,0,0,0.9685329861111112,0.03146701388888889,0.024299065420560748,220
L_shape_train_0065,train,L-shape,0.0,0.8464304208755493,0.00420404486057022,0.027019189675960713,0,0,0.0,1.0,0.0005180383256326119,0.020468423837252208,0,0,-0.07411287724971771,0.0747220516204834,-0.0014438945692274029,0.011030450644892865,0,0,-0.9820112586021423,0.9973381757736206,-0.000852328678657041,0.11388323288335982,0,0,0.9688946759259259,0.031105324074074073,0.02027027027027027,155
L_shape_train_0066,train,L-shape,0.0,0.8937916159629822,0.01961791947036949,0.08463996944110842,0,0,0.0,1.0,0.00267952224843342,0.047797965804185265,0,0,-0.07384227216243744,0.07500000298023224,-0.00022163392309772057,0.014572971494233138,0,0,-0.9993054270744324,0.9999994039535522,0.0036618506048937518,0.13969875953338487,0,0,0.9580439814814815,0.04195601851851852,0.05372405372405373,280
L_shape_train_0067,train,L-shape,0.0,0.9290580153465271,0.006210103005152497,0.051114326874430814,0,0,0.0,1.0,0.000572968188121363,0.02253624719080179,0,0,-0.030000008642673492,0.032482877373695374,3.794797521550208e-05,0.003835363376341095,0,0,-0.9607370495796204,0.9766644239425659,0.0015417182381767176,0.11839136569303693,0,0,0.9685329861111112,0.03146701388888889,0.019662921348314606,0
L_shape_train_0068,train,L-shape,0.0,0.943812906742096,0.008710290061706608,0.05431558049561831,0,0,0.0,1.0,0.0007844205505938993,0.026697164971581783,0,0,0.0,0.06840328872203827,0.0014569010009937403,0.007973328741491138,0,0,-0.9943807125091553,0.9421225190162659,-0.0003984888539637015,0.11242581795485815,0,0,0.970703125,0.029296875,0.022770398481973434,15
L_shape_train_0069,train,L-shape,0.0,0.8850614428520203,0.009403057666464452,0.052723195484126954,0,0,0.0,1.0,0.002148183049737579,0.041875478029594355,0,0,-0.019137486815452576,0.05573040246963501,0.0012187652302802438,0.006482932801158535,0,0,-0.998612105846405,0.9571169018745422,-0.002880754245948251,0.1489859579055734,0,0,0.9464699074074074,0.053530092592592594,0.052050473186119876,0
L_shape_train_0070,train,L-shape,0.0,0.9455790519714355,0.01970068584560741,0.08529029787294866,0,0,0.0,1.0,0.0026218674266365945,0.04823353406590857,0,0,-0.07494446635246277,0.07499998807907104,0.0012668954581453431,0.014372360214842292,0,0,-0.9820112586021423,0.9999969601631165,0.00045129123097669636,0.14999790510638988,0,0,0.9461082175925926,0.053891782407407406,0.044662309368191724,260
L_shape_train_0071,train,L-shape,0.0,0.8949539065361023,0.017238736699137343,0.07938243358986316,0,0,0.0,1.0,0.000700978678651154,0.0249605014840063,0,0,-0.07494446635246277,0.07499998807907104,-0.0014962405408301424,0.01436611367824444,0,0,-0.9928953647613525,0.9999964833259583,0.00038681952564392877,0.1350763874810668,0,0,0.9573206018518519,0.04267939814814815,0.013563501849568433,295
L_shape_train_0072,train,L-shape,0.0,0.8791842460632324,0.011246954236816641,0.06316842214315815,0,0,0.0,1.0,0.0006910746149649775,0.024542593131980595,0,0,-0.07483351975679398,0.07500000298023224,-0.0016378327941142575,0.0127270533467719,0,0,-0.9993054270744324,0.999998927116394,0.0018053144130034423,0.11998570391527029,0,0,0.9667245370370371,0.033275462962962965,0.01800327332242226,240
L_shape_train_0073,train,L-shape,0.0,0.8442401885986328,0.014773517780785941,0.07039745515295807,0,0,0.0,1.0,0.0019111174710646824,0.038891063158991136,0,0,-0.07384227216243744,0.07500000298023224,-0.0005857529915239731,0.014383306805905207,0,0,-0.9993054270744324,0.9999994039535522,0.003267784720298584,0.14276400668843767,0,0,0.9565972222222222,0.043402777777777776,0.04139715394566624,270
L_shape_train_0074,train,L-shape,0.0,0.8964083194732666,0.007790721507422792,0.03622027655015124,0,0,0.0,1.0,0.001225665121132301,0.03240104748805982,0,0,-0.07438972592353821,0.0747220516204834,-0.0021621325868181884,0.013741701739073922,0,0,-0.994807243347168,0.9999964833259583,-0.0013806797960569384,0.1564375496334078,0,0,0.9446614583333334,0.055338541666666664,0.022700119474313024,245
L_shape_train_0075,train,L-shape,0.0,0.8141983151435852,0.00684689393289596,0.03984544615848243,0,0,0.0,1.0,0.0021712245393751394,0.04223650860173979,0,0,-0.07384227216243744,0.07433034479618073,-0.002125974351656623,0.010220157144494505,0,0,-0.9993054270744324,0.999998927116394,0.0015078932707452892,0.15457738455728207,0,0,0.9493634259259259,0.05063657407407408,0.0576271186440678,80
L_shape_train_0076,train,L-shape,0.0,0.8746205568313599,0.02105158131315774,0.08301940433279681,0,0,0.0,1.0,0.0025961333368387488,0.04685399946079668,0,0,-0.07494446635246277,0.07499998807907104,0.0022918762233867136,0.014887499799407329,0,0,-0.9820112586021423,0.9999969601631165,0.00029889750707028453,0.15020543473890935,0,0,0.9435763888888888,0.05642361111111111,0.03909090909090909,340
L_shape_train_0077,train,L-shape,0.0,0.9002739787101746,0.0106915007032108,0.059316690626939395,0,0,0.0,1.0,0.0005891135186646823,0.02317687649100977,0,0,-0.07438972592353821,0.0747220516204834,-0.0016692204290949223,0.01174091492626837,0,0,-0.9788332581520081,0.9999964833259583,0.0011112102153539901,0.11511023189029017,0,0,0.9692563657407407,0.03074363425925926,0.015789473684210527,180
L_shape_train_0078,train,L-shape,0.0,0.8819158673286438,0.017917883930783352,0.07866894234051613,0,0,0.0,1.0,0.0021189139612639942,0.0423673080154879,0,0,-0.07494446635246277,0.07499998807907104,0.0011094277713844484,0.015210201845293814,0,0,-0.9820112586021423,0.9999969601631165,0.006141161875095552,0.1469238456422003,0,0,0.9490017361111112,0.05099826388888889,0.037037037037037035,300
L_shape_train_0079,train,L-shape,0.0,0.844409167766571,0.007943078171752792,0.05100978659181408,0,0,0.0,1.0,0.0005491120542434079,0.02159705170320087,0,0,-0.0650000050663948,0.0,-0.0017900715088385536,0.008922273839054981,0,0,-0.9913396239280701,0.999998927116394,0.001943328380649392,0.11780540880743881,0,0,0.9685329861111112,0.03146701388888889,0.018072289156626505,5
L_shape_train_0080,train,L-shape,0.0,0.9478798508644104,0.00610516612245933,0.03107511026692056,0,0,0.0,1.0,0.003213754182474481,0.05506883711609808,0,0,-0.07411287724971771,0.07499998807907104,-0.0016215526880437715,0.014388740330897584,0,0,-0.9991823434829712,0.9999964833259583,-0.0008331531827294653,0.14663022811171322,0,0,0.9540653935185185,0.04593460648148148,0.050359712230215826,255
L_shape_train_0081,train,L-shape,0.0,0.8702530860900879,0.012011883535453509,0.05444990121997932,0,0,0.0,1.0,0.0007761365225262664,0.025524122898809468,0,0,-0.07384227216243744,0.07500000298023224,-0.0017880386507453363,0.013695613597863617,0,0,-0.9993054270744324,0.999998927116394,0.004325215128388933,0.15849043742001864,0,0,0.9461082175925926,0.053891782407407406,0.014099783080260303,215
L_shape_train_0082,train,L-shape,0.0,0.809054970741272,0.003349738945096895,0.03289207098497483,0,0,0.0,1.0,0.0006060614164366767,0.021720210102106837,0,0,-0.040000006556510925,0.010078102350234985,-0.0005632698055167027,0.003981163200564275,0,0,-0.9913396239280701,0.9766644239425659,0.001312574538503584,0.10477507039986927,0,0,0.9739583333333334,0.026041666666666668,0.0365296803652968,0
L_shape_train_0083,train,L-shape,0.0,0.9026851654052734,0.023194192852214555,0.0886489415486618,0,0,0.0,1.0,0.0028113969946625054,0.04955933010297972,0,0,-0.07438972592353821,0.0747220516204834,0.0004477782662164558,0.016478103485098018,0,0,-0.9943807125091553,0.9999964833259583,-0.000908556973997663,0.1714137908846694,0,0,0.931640625,0.068359375,0.036525974025974024,290
L_shape_train_0084,train,L-shape,0.0,0.928333580493927,0.010824405563922753,0.059437530962602514,0,0,0.0,1.0,0.0008004609478154669,0.026196460109839604,0,0,-0.07438972592353821,0.07455511391162872,0.0024128625497083973,0.01140080591951036,0,0,-0.9712616205215454,0.9999969601631165,0.0002523654516742816,0.12197106813359063,0,0,0.9641927083333334,0.035807291666666664,0.017991004497751123,150
L_shape_train_0085,train,L-shape,0.0,0.9477648735046387,0.019098502653327562,0.09094032450722181,0,0,0.0,1.0,0.0020806753395677165,0.04327479814961228,0,0,-0.07494446635246277,0.07499998807907104,0.0016134205388543368,0.01340793038819338,0,0,-0.9820112586021423,0.9999969601631165,0.0007092956066874952,0.12566866721608402,0,0,0.9620225694444444,0.03797743055555555,0.0425531914893617,280
L_shape_train_0086,train,L-shape,0.0,0.8760894536972046,0.016468430272518028,0.070626776233367,0,0,0.0,1.0,0.0021856620485239007,0.04412895376221774,0,0,-0.07411287724971771,0.07499998807907104,0.001433408971125674,0.014908369917257863,0,0,-0.9820112586021423,0.9999969601631165,0.004709537037831103,0.15043976819954163,0,0,0.9486400462962963,0.051359953703703706,0.035416666666666666,290
L_shape_train_0087,train,L-shape,0.0,0.8605695962905884,0.005429057071743419,0.028401243041750422,0,0,0.0,1.0,0.0007122657951657419,0.024323420816312745,0,0,-0.07483351975679398,0.07500000298023224,0.0016882307550582078,0.014565562457090016,0,0,-0.9993054270744324,0.9999994039535522,0.0032932943364964253,0.15058893254902267,0,0,0.9479166666666666,0.052083333333333336,0.018957345971563982,285
L_shape_train_0088,train,L-shape,0.0,0.8368803262710571,0.004966662683803709,0.0338539240586781,0,0,0.0,1.0,0.0009389993329359977,0.02772138527478573,0,0,-0.05000000447034836,0.011012420058250427,-0.0011309134047392203,0.0058652862926563635,0,0,-0.998612105846405,0.999998927116394,0.0006132042413069199,0.1384019360121103,0,0,0.9605758101851852,0.03942418981481482,0.029885057471264367,0
L_shape_train_0089,train,L-shape,0.0,0.8920097947120667,0.008042454897922316,0.04238753336656914,0,0,0.0,1.0,0.0020586728480541045,0.04115168340495954,0,0,-0.07389162480831146,0.07499998807907104,-0.0012412375697210707,0.014742036117769012,0,0,-0.9986152648925781,0.9999964833259583,-0.00022269801674054988,0.14184168733719688,0,0,0.9537037037037037,0.046296296296296294,0.04964539007092199,285
L_shape_train_0090,train,L-shape,0.0,0.8780224323272705,0.01315433532870345,0.06274340133625664,0,0,0.0,1.0,0.002139982107716302,0.042257068651921845,0,0,-0.07411287724971771,0.0747220516204834,0.0012231837091450063,0.01356342154831204,0,0,-0.9820112586021423,0.9999969601631165,-0.00012486334753702977,0.1412804737975551,0,0,0.9569589120370371,0.043041087962962965,0.045627376425855515,240
L_shape_train_0091,train,L-shape,0.0,0.9267677664756775,0.01072249941235323,0.06012766922213239,0,0,0.0,1.0,0.0025253736250171505,0.04703531679906099,0,0,-0.005000010132789612,0.07455511391162872,0.0025642518637512155,0.010970137297922705,0,0,-0.9712616205215454,0.9999969601631165,0.00117037718529934,0.15366563502074207,0,0,0.9450231481481481,0.05497685185185185,0.05089408528198074,130
L_shape_train_0092,train,L-shape,0.0,0.8811675310134888,0.0036656549444905474,0.02913251045967833,0,0,0.0,1.0,0.0007990146987140179,0.02533412720766791,0,0,-0.07054413855075836,0.0,-0.0016836589902932584,0.008569253513445882,0,0,-0.994807243347168,0.9999964833259583,0.00025650064479257843,0.1250219751133129,0,0,0.9649160879629629,0.035083912037037035,0.023026315789473683,30
L_shape_train_0093,train,L-shape,0.0,0.8430871367454529,0.007066000363617301,0.0383240650315488,0,0,0.0,1.0,0.0007455045943734822,0.025472958039181252,0,0,-0.07384227216243744,0.07500000298023224,-0.0021275938666399773,0.011084628061660986,0,0,-0.9993054270744324,0.999998927116394,0.0014863011960254949,0.1512898435546928,0,0,0.9508101851851852,0.04918981481481482,0.015600624024960999,115
L_shape_train_0094,train,L-shape,0.0,0.8738890886306763,0.01852883040542279,0.08751263933744399,0,0,0.0,1.0,0.0009142139504008271,0.027909323470240967,0,0,-0.07483351975679398,0.07500000298023224,-0.0008168037297932811,0.013890807011820782,0,0,-0.9993054270744324,0.999998927116394,0.0011511157582491352,0.1278264912577514,0,0,0.9641927083333334,0.035807291666666664,0.02112676056338028,270
L_shape_train_0095,train,L-shape,0.0,0.8484707474708557,0.004208515626790661,0.02763996791538913,0,0,0.0,1.0,0.0006320588506275306,0.02356422060984454,0,0,-0.07405753433704376,0.07388612627983093,-0.002017625019006017,0.009658292193006122,0,0,-0.9820112586021423,0.9932713508605957,-0.002181512290159541,0.12543220513250755,0,0,0.9631076388888888,0.03689236111111111,0.02,50
L_shape_train_0096,train,L-shape,0.0,0.904557466506958,0.009479668364073641,0.05545650063426102,0,0,0.0,1.0,0.0010101420985948709,0.029736233810822136,0,0,-0.025000005960464478,0.06289668381214142,0.00132936451808308,0.008401641094891272,0,0,-0.9712616205215454,0.9999969601631165,0.0009752402154053589,0.15769908766778962,0,0,0.9446614583333334,0.055338541666666664,0.024469820554649267,0
L_shape_train_0097,train,L-shape,0.0,0.9065755605697632,0.010823013084973354,0.06545448489836399,0,0,0.0,1.0,0.0007245334951827923,0.025707555187782543,0,0,-0.042995333671569824,0.03741663694381714,-0.00010858853379937095,0.004227413667961236,0,0,-0.950625479221344,0.9766644239425659,0.0006858536761245449,0.1328839207924533,0,0,0.9609375,0.0390625,0.022540983606557378,0
L_shape_train_0098,train,L-shape,0.0,0.9443798661231995,0.014119733014551996,0.07133649115297003,0,0,0.0,1.0,0.0008387046055523333,0.02741953070703793,0,0,-0.07411287724971771,0.0747220516204834,0.0011842570340916238,0.014006264137975222,0,0,-0.9820112586021423,0.9999969601631165,0.0015001163485437617,0.13213479564535624,0,0,0.9594907407407407,0.04050925925925926,0.017857142857142856,275
L_shape_train_0099,train,L-shape,0.0,0.8203337788581848,0.006923683958651357,0.038988967111653956,0,0,0.0,1.0,0.002369778618837396,0.04194647876824932,0,0,-0.07361538708209991,0.07499998807907104,0.002700001054176095,0.012347801998371825,0,0,-0.9667691588401794,0.9999969601631165,0.0014043604157147154,0.1715580151586103,0,0,0.9327256944444444,0.06727430555555555,0.056074766355140186,145
L_shape_train_0100,train,L-shape,0.0,0.8438504934310913,0.0035323803394846807,0.033611181028986886,0,0,0.0,1.0,0.0009130778058466536,0.027857390001244278,0,0,-0.04500000178813934,0.01918923854827881,-0.0007066597862393354,0.004942924975890182,0,0,-0.9913396239280701,0.9766644239425659,0.0019041129848186825,0.12762242149588904,0,0,0.9616608796296297,0.03833912037037037,0.03614457831325301,0
L_shape_train_0101,train,L-shape,0.0,0.8839083909988403,0.007052851934203217,0.042720642553890006,0,0,0.0,1.0,0.0008450955911367028,0.026713344516772465,0,0,-0.07411287724971771,0.07499998807907104,0.0019151136641287142,0.014321243528306372,0,0,-0.9820112586021423,0.9999969601631165,0.002045996921138053,0.15757746719459506,0,0,0.9432146990740741,0.05678530092592592,0.020100502512562814,255
L_shape_train_0102,train,L-shape,0.0,0.8594417572021484,0.005343087016597194,0.033694517509595505,0,0,0.0,1.0,0.0008828980563622382,0.026975735352169558,0,0,-0.07384227216243744,0.07500000298023224,-0.0022279880418123125,0.01265158127335211,0,0,-0.9993054270744324,0.999998927116394,0.0016012851769860222,0.15378145461292547,0,0,0.9479166666666666,0.052083333333333336,0.030373831775700934,165
L_shape_train_0103,train,L-shape,0.0,0.835928201675415,0.013177977991593556,0.06812489240109801,0,0,0.0,1.0,0.0006557570649655881,0.023343247064292826,0,0,-0.029791854321956635,0.05359272658824921,0.0007416297874577274,0.005880008436522498,0,0,-0.998612105846405,0.9571169018745422,-0.00028549992361217,0.14203250023722885,0,0,0.9551504629629629,0.044849537037037035,0.01366120218579235,0
L_shape_train_0104,train,L-shape,0.0,0.9000470638275146,0.004405586737443964,0.024380134402336166,0,0,0.0,1.0,0.0011828445519010227,0.03211701215443435,0,0,-0.07405753433704376,0.0747220516204834,-0.0024142198607377294,0.01207599253351732,0,0,-0.9820112586021423,0.9999964833259583,-0.0008766987203098661,0.14847105153085555,0,0,0.9461082175925926,0.053891782407407406,0.0234375,150
L_shape_train_0105,train,L-shape,0.0,0.914212167263031,0.019546407131808035,0.07980598752688621,0,0,0.0,1.0,0.002464596604652427,0.04587254116355925,0,0,-0.07483351975679398,0.07500000298023224,-0.0019539180936623815,0.015243502169945597,0,0,-0.9993054270744324,0.999998927116394,0.0018054068607819284,0.15129967139714612,0,0,0.9490017361111112,0.05099826388888889,0.039100684261974585,320
L_shape_train_0106,train,L-shape,0.0,0.9439911246299744,0.007118347806702467,0.04629364518069393,0,0,0.0,1.0,0.00113058565788109,0.03227873719078603,0,0,-0.00919872522354126,0.069146066904068,0.0018467619008367398,0.008583843932613721,0,0,-0.998612105846405,0.9628074765205383,-0.0004606327138390043,0.137955247593495,0,0,0.9533420138888888,0.04665798611111111,0.030737704918032786,10
L_shape_train_0107,train,L-shape,0.0,0.8956191539764404,0.01787194236897415,0.07409596410377932,0,0,0.0,1.0,0.0026419511220107474,0.049143264516412974,0,0,-0.07389162480831146,0.07499998807907104,0.0011980147596828087,0.01510294728884613,0,0,-0.9986152648925781,0.9999969601631165,-0.0008518856631983201,0.1484229439118206,0,0,0.9497251157407407,0.05027488425925926,0.041884816753926704,310
L_shape_train_0108,train,L-shape,0.0,0.8254203200340271,0.01089218740539595,0.05039917847778427,0,0,0.0,1.0,0.0010651043676598757,0.028954885294027635,0,0,-0.07389162480831146,0.07499998807907104,0.0023968342294985495,0.010929834324750904,0,0,-0.9667691588401794,0.9999969601631165,-0.0006102462042757974,0.15259141270680338,0,0,0.9435763888888888,0.05642361111111111,0.017582417582417582,95
L_shape_train_0109,train,L-shape,0.0,0.865735650062561,0.009255008203311902,0.048825481393466166,0,0,0.0,1.0,0.0025470548188658774,0.04631722899930189,0,0,-0.05944615602493286,0.024928554892539978,-0.0014254864153271127,0.007343244870793975,0,0,-0.998612105846405,0.9766644239425659,0.0011050000502008414,0.16225665000883416,0,0,0.94140625,0.05859375,0.05390070921985816,0
L_shape_train_0110,train,L-shape,0.0,0.9179719090461731,0.01317068260174926,0.07352135131547603,0,0,0.0,1.0,0.0006277452274743053,0.0234050279586937,0,0,-0.07411287724971771,0.0747220516204834,0.001098701759474352,0.012052921650363342,0,0,-0.9820112586021423,0.9969497919082642,0.0019305689633492202,0.11422968061722541,0,0,0.9728732638888888,0.027126736111111112,0.018484288354898338,215
L_shape_train_0111,train,L-shape,0.0,0.9601379632949829,0.008751515286534143,0.050303231023519225,0,0,0.0,1.0,0.0005925919308706567,0.023287769109094046,0,0,-0.07094306498765945,0.004029214382171631,-0.0015219670900411006,0.00781483420285087,0,0,-0.956943690776825,0.999998927116394,0.002296814391566268,0.12315351437866583,0,0,0.9652777777777778,0.034722222222222224,0.016216216216216217,15
L_shape_train_0112,train,L-shape,0.0,0.9265040755271912,0.018684116426756932,0.09226637780228913,0,0,0.0,1.0,0.002254637967174252,0.04490036525918985,0,0,-0.07483351975679398,0.07500000298023224,-0.0002660080456364624,0.01355022423297471,0,0,-0.9993054270744324,0.9999994039535522,0.0020576238424567877,0.12758528530806798,0,0,0.9656394675925926,0.034360532407407406,0.05384615384615385,245
L_shape_train_0113,train,L-shape,0.0,0.8824194073677063,0.019869999583955144,0.07684397631493234,0,0,0.0,1.0,0.0025783769432800234,0.04691499452235469,0,0,-0.07389162480831146,0.07499998807907104,0.0005288700157069359,0.016514598308752237,0,0,-0.9788332581520081,0.9999969601631165,0.00022466150329381453,0.1564895891020698,0,0,0.9432146990740741,0.05678530092592592,0.038781163434903045,380
L_shape_train_0114,train,L-shape,0.0,0.8778452277183533,0.009852401317499681,0.05352403347160746,0,0,0.0,1.0,0.002657951114492284,0.04785310999034212,0,0,-0.07384227216243744,0.02755279839038849,-0.0018666740652406588,0.00917287706508385,0,0,-0.9993054270744324,0.999998927116394,-0.0014651414479279385,0.17083952705496736,0,0,0.9359809027777778,0.06401909722222222,0.0534045393858478,35
L_shape_train_0115,train,L-shape,0.0,0.8194310069084167,0.012781972178951643,0.05956489164660474,0,0,0.0,1.0,0.0025400183361920492,0.04590838989068037,0,0,-0.07438972592353821,0.0747220516204834,0.0011791756238650392,0.014465903977809913,0,0,-0.9943807125091553,0.9640410542488098,0.0006094332952165536,0.15201325578269956,0,0,0.9432146990740741,0.05678530092592592,0.044967880085653104,250
L_shape_train_0116,train,L-shape,0.0,0.8649240136146545,0.00582691259852355,0.034574244582648586,0,0,0.0,1.0,0.00281705518891276,0.050028938074315535,0,0,-0.07494446635246277,0.07455511391162872,-0.0018850457477297081,0.012623266835567413,0,0,-0.994807243347168,0.9973381757736206,0.0009345773816204639,0.1419691902710064,0,0,0.9555121527777778,0.044487847222222224,0.07915057915057915,225
L_shape_train_0117,train,L-shape,0.0,0.9768791794776917,0.00968839848061028,0.05631098824111675,0,0,0.0,1.0,0.002012739311558781,0.04197012716434518,0,0,-0.0187559574842453,0.06691011786460876,0.0016009762260148785,0.00808549406474746,0,0,-0.998612105846405,0.9628074765205383,4.8564808181523675e-05,0.1481838154849695,0,0,0.9493634259259259,0.05063657407407408,0.058931860036832415,5
L_shape_train_0118,train,L-shape,0.0,0.9451706409454346,0.03190247640100518,0.1174476777744938,0,0,0.0,1.0,0.0024431986406583477,0.04509288978175242,0,0,-0.07483351975679398,0.07500000298023224,-0.0009063502067066212,0.017087866885926346,0,0,-0.9993054270744324,0.9999994039535522,0.002639152193363838,0.16397227320236527,0,0,0.9381510416666666,0.061848958333333336,0.03612334801762115,360
L_shape_train_0119,train,L-shape,0.0,0.8209978342056274,0.006175545930108018,0.032539679828703046,0,0,0.0,1.0,0.0006838542780045558,0.023450626299210763,0,0,-0.07405753433704376,0.0747220516204834,-0.0024414389864196658,0.011820784886289355,0,0,-0.9820112586021423,0.9999964833259583,-0.0003766622308763477,0.1461815422441759,0,0,0.951171875,0.048828125,0.013910355486862442,125
L_shape_train_0120,train,L-shape,0.0,0.9607716798782349,0.0067294408345627815,0.04571294752333999,0,0,0.0,1.0,0.000933926785364747,0.02938054570675958,0,0,-0.01961594820022583,0.063600093126297,0.0012376882605841038,0.0069175152780375174,0,0,-0.998612105846405,0.9766644239425659,3.68023628888531e-05,0.1343985886832522,0,0,0.9580439814814815,0.04195601851851852,0.0215311004784689,0
L_shape_train_0121,train,L-shape,0.0,0.9407904744148254,0.008161071623867934,0.05130520720132659,0,0,0.0,1.0,0.0005779172880230126,0.022741633083742625,0,0,-0.05037570744752884,0.012249797582626343,-0.0008079170947894454,0.004840814424777979,0,0,-0.9913396239280701,0.9766644239425659,0.0023454318525856018,0.11881864842730828,0,0,0.9688946759259259,0.031105324074074073,0.015717092337917484,0
L_shape_train_0122,train,L-shape,0.0,0.8685056567192078,0.017138088241120352,0.08592444321808979,0,0,0.0,1.0,0.002135028885849924,0.04262208506596332,0,0,-0.07494446635246277,0.07499998807907104,-0.00026847254722034213,0.013499309103399002,0,0,-0.9820112586021423,0.9999969601631165,0.00020056629590793886,0.12424364682801384,0,0,0.9649160879629629,0.035083912037037035,0.053929121725731895,240
L_shape_train_0123,train,L-shape,0.0,0.8844298124313354,0.013040796437760745,0.0717354849466358,0,0,0.0,1.0,0.0007950422586873174,0.027030521839512538,0,0,-0.01961594820022583,0.063600093126297,0.0013935723863714546,0.007835512224444438,0,0,-0.9943807125091553,0.9766644239425659,-0.0013178444872765896,0.14682675915791524,0,0,0.9522569444444444,0.04774305555555555,0.01848998459167951,0
L_shape_train_0124,train,L-shape,0.0,0.8812777400016785,0.01221122796110413,0.06060935414040995,0,0,0.0,1.0,0.0010586697090831068,0.030233439377388406,0,0,-0.07384227216243744,0.07500000298023224,-0.002001574904608316,0.012817001868706282,0,0,-0.9993054270744324,0.999998927116394,0.0030314133204632932,0.1540430889455336,0,0,0.9471932870370371,0.052806712962962965,0.02096177558569667,175
L_shape_train_0125,train,L-shape,0.0,0.8638980388641357,0.01938763839980648,0.08293836904866579,0,0,0.0,1.0,0.0007423656233758838,0.025316115038290947,0,0,-0.07411287724971771,0.07499998807907104,0.0007268542766622785,0.014621935832599369,0,0,-0.9820112586021423,0.9999969601631165,0.0015983346745290167,0.14606082385712804,0,0,0.9547887731481481,0.04521122685185185,0.01366742596810934,280
L_shape_train_0126,train,L-shape,0.0,0.8544890880584717,0.006305736466963986,0.04140635062593929,0,0,0.0,1.0,0.0008061450336956315,0.02562635989192346,0,0,-0.009910747408866882,0.07410934567451477,0.0020148705785956096,0.009150200606140696,0,0,-0.9667691588401794,0.9999969601631165,-0.0012556460630245663,0.14247805633230226,0,0,0.9515335648148148,0.04846643518518518,0.029850746268656716,35
L_shape_train_0127,train,L-shape,0.0,0.937629759311676,0.0053315787263609644,0.03858062781656957,0,0,0.0,1.0,0.0005751607197992227,0.022589676554862322,0,0,-0.043933987617492676,0.013248279690742493,-0.0006732313259918657,0.0042590320948802515,0,0,-0.998612105846405,0.9766644239425659,0.0028136112607373637,0.11859614108917486,0,0,0.9721498842592593,0.02785011574074074,0.016908212560386472,0
L_shape_train_0128,train,L-shape,0.0,0.9059768319129944,0.007729584249891223,0.044786716019121056,0,0,0.0,1.0,0.0018696746944139402,0.040195840656125754,0,0,-0.07450056076049805,0.07455511391162872,-0.0013409417308004642,0.012130439602066573,0,0,-0.994807243347168,0.9973381757736206,0.0009330567573434328,0.1363150741325302,0,0,0.9594907407407407,0.04050925925925926,0.04709576138147567,200
L_shape_train_0129,train,L-shape,0.0,0.9095034599304199,0.011473411282967963,0.05745539780734884,0,0,0.0,1.0,0.0026232094495315795,0.0477052840064998,0,0,-0.021839946508407593,0.069146066904068,0.0019161566537891136,0.008656624101754258,0,0,-0.998612105846405,0.9999969601631165,0.00035562592276821507,0.16237956326358138,0,0,0.9395978009259259,0.06040219907407408,0.053315994798439535,15
L_shape_train_0130,train,L-shape,0.0,0.8173874616622925,0.01598377699349806,0.0671168400731396,0,0,0.0,1.0,0.0021020909986907135,0.04148327889816619,0,0,-0.07411287724971771,0.07499998807907104,0.0009792093004324233,0.01570246875572252,0,0,-0.9820112586021423,0.9999969601631165,0.0033876574802552233,0.14840793183019668,0,0,0.9497251157407407,0.05027488425925926,0.03837953091684435,350
L_shape_train_0131,train,L-shape,0.0,0.9527447819709778,0.01095660012028761,0.047769355806565925,0,0,0.0,1.0,0.0027476212018410916,0.04840607747565285,0,0,-0.07411287724971771,0.07499998807907104,-0.0012423567305732933,0.015394381584868364,0,0,-0.9820112586021423,0.9973381757736206,0.002879387648809589,0.16759436084596027,0,0,0.9341724537037037,0.0658275462962963,0.04446742502585315,290
L_shape_train_0132,train,L-shape,0.0,0.917198121547699,0.009700718603518774,0.05983836522566313,0,0,0.0,1.0,0.001733248372113815,0.03938571722077865,0,0,-0.024103224277496338,0.046086713671684265,0.0005629280295343724,0.004844349011592897,0,0,-0.9943807125091553,0.9571169018745422,0.000700352138833464,0.1303284450579485,0,0,0.9627459490740741,0.03725405092592592,0.05075187969924812,0
L_shape_train_0133,train,L-shape,0.0,0.8047240972518921,0.011625890353604552,0.0586705473722131,0,0,0.0,1.0,0.0006834803735492406,0.023381291244841586,0,0,-0.05500000715255737,0.008902475237846375,-0.00157799279636324,0.007290812297688813,0,0,-0.9913396239280701,0.999998927116394,0.00039651659773409374,0.14427323616652135,0,0,0.9537037037037037,0.046296296296296294,0.015267175572519083,0
L_shape_train_0134,train,L-shape,0.0,0.9192392826080322,0.007619369942976509,0.04059553847548925,0,0,0.0,1.0,0.0009888679789448226,0.03008419735070903,0,0,-0.07411287724971771,0.07499998807907104,-0.0013948561617224994,0.013745005096426026,0,0,-0.9991823434829712,0.9999964833259583,3.954135081585264e-06,0.13627300202538897,0,0,0.9612991898148148,0.03870081018518518,0.017595307917888565,245
L_shape_train_0135,train,L-shape,0.0,0.8695206046104431,0.005929283424258621,0.04020299617973677,0,0,0.0,1.0,0.0005977133383836459,0.022336027209338683,0,0,-0.0043978095054626465,0.07388612627983093,0.0019536320124407887,0.009281980425353662,0,0,-0.998612105846405,0.9640410542488098,-0.004107096822196952,0.13413283778077545,0,0,0.9569589120370371,0.043041087962962965,0.023529411764705882,45
L_shape_train_0136,train,L-shape,0.0,0.9450143575668335,0.010330368321968274,0.0532958252051773,0,0,0.0,1.0,0.0037854438199213256,0.05792029074806273,0,0,-0.07273365557193756,0.07499998807907104,0.0026070247016226253,0.011079693448654905,0,0,-0.998612105846405,0.9999969601631165,0.001314636750369876,0.17118354488487644,0,0,0.9330873842592593,0.06691261574074074,0.08638360175695461,85
L_shape_train_0137,train,L-shape,0.0,0.9596357345581055,0.009603952464641663,0.04726009800676113,0,0,0.0,1.0,0.000775371052980147,0.02639467755410381,0,0,-0.07389162480831146,0.07499998807907104,-0.0018514327799763392,0.013620032285512064,0,0,-0.9986152648925781,0.9999964833259583,-0.0002411839004371022,0.14250491175136346,0,0,0.9533420138888888,0.04665798611111111,0.0158311345646438,215
L_shape_train_0138,train,L-shape,0.0,0.8721886277198792,0.011930441970266489,0.05879270558817977,0,0,0.0,1.0,0.0035872050103972907,0.05491419015150923,0,0,-0.037194862961769104,0.055912598967552185,0.0008290220042302584,0.006948141490497798,0,0,-0.998612105846405,0.9766644239425659,0.0008524204182928466,0.16837074412655348,0,0,0.9345341435185185,0.06546585648148148,0.0641304347826087,0
L_shape_train_0139,train,L-shape,0.0,0.8273023366928101,0.011449732551555927,0.05525986785404352,0,0,0.0,1.0,0.002501411053041617,0.04658356402033698,0,0,-0.027423501014709473,0.06931711733341217,0.0018324993315790951,0.00921824819927257,0,0,-0.998612105846405,0.9640410542488098,-0.00195775725387648,0.16658536278298525,0,0,0.9359809027777778,0.06401909722222222,0.049937578027465665,15
L_shape_train_0140,train,L-shape,0.0,0.9657114148139954,0.01491030940195304,0.07218335299212073,0,0,0.0,1.0,0.0017357374826032254,0.039328972583446024,0,0,-0.07494446635246277,0.07455511391162872,-0.0009570474341873907,0.013126852313381314,0,0,-0.9928953647613525,0.9973381757736206,-0.0004269623732650669,0.12430777318787276,0,0,0.9634693287037037,0.036530671296296294,0.03851640513552068,220
L_shape_train_0141,train,L-shape,0.0,0.9319039583206177,0.010786403062853524,0.05706892191139613,0,0,0.0,1.0,0.0007127938205721202,0.025356787552364774,0,0,-0.07405753433704376,0.07388612627983093,0.0021457283313524116,0.009918366673445369,0,0,-0.998612105846405,0.9640410542488098,-0.0003782107737774991,0.1478743724192985,0,0,0.9493634259259259,0.05063657407407408,0.012534818941504178,60
L_shape_train_0142,train,L-shape,0.0,0.8487213253974915,0.009131504003730865,0.057557928603609435,0,0,0.0,1.0,0.0006567467676682605,0.02351579771189871,0,0,-0.07221826165914536,0.07500000298023224,-0.0015780432187495062,0.009140096833397482,0,0,-0.956943690776825,0.999998927116394,0.0010967080931920834,0.11352554637458943,0,0,0.9699797453703703,0.03002025462962963,0.021696252465483234,55
L_shape_train_0143,train,L-shape,0.0,0.8673959374427795,0.009576610498664161,0.043489701104896104,0,0,0.0,1.0,0.0008169886768209162,0.02668976362159321,0,0,-0.07411287724971771,0.0747220516204834,-0.0021554588305729406,0.014075819325350892,0,0,-0.9820112586021423,0.9999964833259583,-0.00048088780364128914,0.14743096677450102,0,0,0.9508101851851852,0.04918981481481482,0.013761467889908258,235
L_shape_train_0144,train,L-shape,0.0,0.9362603425979614,0.00715818141618793,0.045741353901140015,0,0,0.0,1.0,0.0012239353274236674,0.03318520739389026,0,0,-0.07372584939002991,0.07410934567451477,0.0024271287192176613,0.011943565110936003,0,0,-0.9667691588401794,0.9999969601631165,-0.0004189918372840448,0.15021701553818595,0,0,0.9490017361111112,0.05099826388888889,0.03956043956043956,140
L_shape_train_0145,train,L-shape,0.0,0.9054821729660034,0.016294190105622032,0.08209891962438787,0,0,0.0,1.0,0.0026546644986848588,0.047905286738954,0,0,-0.052917562425136566,0.04811611771583557,-8.57731491258299e-05,0.006470304232587537,0,0,-0.998612105846405,0.999998927116394,0.0003302410255788278,0.17010394944602822,0,0,0.9359809027777778,0.06401909722222222,0.051470588235294115,0
L_shape_train_0146,train,L-shape,0.0,0.8033844828605652,0.006420054012845934,0.03493659437628238,0,0,0.0,1.0,0.000829379518378388,0.02617954235286826,0,0,-0.07411287724971771,0.0,-0.0022013542453620445,0.010399441887439213,0,0,-0.9928953647613525,0.9999964833259583,0.0008319818024810283,0.12595279058280495,0,0,0.9649160879629629,0.035083912037037035,0.023178807947019868,80
L_shape_train_0147,train,L-shape,0.0,0.8602535128593445,0.013838401516228192,0.06718209890586448,0,0,0.0,1.0,0.0025436568625823216,0.04509264530437561,0,0,-0.03500000387430191,0.05396077036857605,0.000819776364045942,0.00819075388707276,0,0,-0.9913396239280701,0.9999969601631165,0.0031098453871015444,0.17776771895255578,0,0,0.9312789351851852,0.06872106481481481,0.048701298701298704,0
L_shape_train_0148,train,L-shape,0.0,0.8702622056007385,0.020905846996137605,0.08838537506828488,0,0,0.0,1.0,0.002790921984274906,0.048126322088609244,0,0,-0.07483351975679398,0.07500000298023224,-0.000786269390826217,0.014919414776858717,0,0,-0.9993054270744324,0.9999994039535522,0.0014527064690304946,0.14473602490269932,0,0,0.9515335648148148,0.04846643518518518,0.051224944320712694,280
L_shape_train_0149,train,L-shape,0.0,0.9307398796081543,0.01714344999190534,0.07300258840036772,0,0,0.0,1.0,0.0008459769370448259,0.026703883781954974,0,0,-0.07494446635246277,0.07499998807907104,-0.002513046320355325,0.015303632007662733,0,0,-0.9928953647613525,0.9999964833259583,0.0014061944845404166,0.1498675338317863,0,0,0.9461082175925926,0.053891782407407406,0.012745098039215686,340
L_shape_train_0150,train,L-shape,0.0,0.982896625995636,0.022163453639088268,0.09366364326710684,0,0,0.0,1.0,0.002827558330156737,0.05031804159063255,0,0,-0.07483351975679398,0.07500000298023224,-0.0010822839680326138,0.014609185096511207,0,0,-0.9993054270744324,0.999998927116394,0.0027281374834139433,0.14208437849069702,0,0,0.9551504629629629,0.044849537037037035,0.05238095238095238,275
L_shape_train_0151,train,L-shape,0.0,0.8996599912643433,0.013700187135361409,0.0548802429597039,0,0,0.0,1.0,0.0026787934971421404,0.04874345892711898,0,0,-0.07384227216243744,0.07500000298023224,-0.0018175418733369076,0.014721264237454871,0,0,-0.9993054270744324,0.9999994039535522,0.0008810499605681764,0.16185580429124263,0,0,0.9421296296296297,0.05787037037037037,0.039473684210526314,245
L_shape_train_0152,train,L-shape,0.0,0.9186903834342957,0.009991308418850368,0.05957811149590315,0,0,0.0,1.0,0.0009369134290695742,0.02852653315910278,0,0,-0.07494446635246277,0.07499998807907104,-0.0025232500694174734,0.011745384213994799,0,0,-0.9928953647613525,0.9999964833259583,-0.001117397074536981,0.12295217847781499,0,0,0.9660011574074074,0.033998842592592594,0.02460456942003515,135
L_shape_train_0153,train,L-shape,0.0,0.84531569480896,0.026704732085986675,0.10250195617672843,0,0,0.0,1.0,0.0007883609246669544,0.02581294200717212,0,0,-0.07384227216243744,0.07500000298023224,-0.0008628204415328111,0.015602332507174398,0,0,-0.9993054270744324,0.9999994039535522,0.003131585483599877,0.15569421805065775,0,0,0.9475549768518519,0.05244502314814815,0.012833168805528134,305
L_shape_train_0154,train,L-shape,0.0,0.9346790313720703,0.016132977694724104,0.0708621125676075,0,0,0.0,1.0,0.0025650667138742626,0.04770622427343571,0,0,-0.07389162480831146,0.07499998807907104,0.0025981687186113385,0.01325244095347808,0,0,-0.9667691588401794,0.9999969601631165,0.0030279244243434666,0.15279054682028873,0,0,0.9424913194444444,0.05750868055555555,0.038974358974358976,185
L_shape_train_0155,train,L-shape,0.0,0.8951605558395386,0.010663150385661775,0.0483131969049334,0,0,0.0,1.0,0.00229109317081532,0.04441076467220678,0,0,-0.07389162480831146,0.07499998807907104,-0.0016604867468467328,0.0143326337560294,0,0,-0.9991823434829712,0.9999964833259583,6.505233647692e-05,0.14551019187289102,0,0,0.9500868055555556,0.04991319444444445,0.037122969837587005,260
L_shape_train_0156,train,L-shape,0.0,0.8292919397354126,0.020237066882920637,0.08409528709953287,0,0,0.0,1.0,0.0020143009153091246,0.04084554392424481,0,0,-0.07438972592353821,0.0747220516204834,0.0004806367548924215,0.01495577041969562,0,0,-0.9820112586021423,0.9999964833259583,0.0004621275447199743,0.1472410180722847,0,0,0.9504484953703703,0.04955150462962963,0.037527593818984545,270
L_shape_train_0157,train,L-shape,0.0,0.8689214587211609,0.015357204614458882,0.06193073795881988,0,0,0.0,1.0,0.0031676738117649046,0.051268652768123715,0,0,-0.07483351975679398,0.07500000298023224,-0.003283893777363658,0.014876318664006103,0,0,-0.9993054270744324,0.999998927116394,0.008506211328899048,0.18253498409858948,0,0,0.9273003472222222,0.07269965277777778,0.03889789303079417,260
L_shape_train_0158,train,L-shape,0.0,0.8457596898078918,0.02284673715257668,0.08811889188843149,0,0,0.0,1.0,0.0010125114823933,0.029100731297728357,0,0,-0.07411287724971771,0.07499998807907104,8.84165153062592e-05,0.01676236437471879,0,0,-0.9820112586021423,0.9999969601631165,0.002332497763796305,0.16280876784068576,0,0,0.9406828703703703,0.05931712962962963,0.015482695810564663,370
L_shape_train_0159,train,L-shape,0.0,0.8350877165794373,0.016984004159389263,0.06847097136627103,0,0,0.0,1.0,0.002544496445571659,0.04597181242447343,0,0,-0.07384227216243744,0.07500000298023224,-0.000837157880326871,0.015304646390833466,0,0,-0.9993054270744324,0.9999994039535522,0.0048090465592125565,0.15765665461390865,0,0,0.9464699074074074,0.053530092592592594,0.041082164328657314,290
double_line_train_0000,train,double-line,0.0,0.863270103931427,0.008136793622784185,0.05809649875105314,0,0,0.0,1.0,0.0010157047805410843,0.028514054553811972,0,0,-0.03338097035884857,0.038679614663124084,0.00014202632883097976,0.0036180334318798375,0,0,-0.998612105846405,0.9766644239425659,0.00022794207476787656,0.12022549455092477,0,0,0.9696180555555556,0.030381944444444444,0.042666666666666665,0
double_line_train_0001,train,double-line,0.0,0.8332520723342896,0.0082036672091611,0.043291820842225354,0,0,0.0,1.0,0.0013511929557555253,0.033978412108066965,0,0,-0.05513168126344681,0.024928554892539978,-0.0010657613715415613,0.006313462116552659,0,0,-0.998612105846405,0.9766644239425659,-0.0006668614779401752,0.1563104385726566,0,0,0.9453125,0.0546875,0.03216374269005848,0
double_line_train_0002,train,double-line,0.0,0.9771245121955872,0.013393297774032194,0.07634341946348368,0,0,0.0,1.0,0.0009573069961603593,0.026867357595402652,0,0,-0.07494446635246277,0.07499998807907104,0.0005060943141062227,0.013764377924678295,0,0,-0.9820112586021423,0.9999969601631165,-0.0015716152592580733,0.11591513361413662,0,0,0.9674479166666666,0.032552083333333336,0.029801324503311258,312
double_line_train_0003,train,double-line,0.0,0.9217057228088379,0.009323076969748299,0.060453159924332936,0,0,0.0,1.0,0.0005896000355413115,0.022179984251024118,0,0,-0.029895886778831482,0.02867567539215088,-4.729746487336578e-05,0.0033022094380430484,0,0,-0.9943807125091553,0.9766644239425659,0.0006679351416231064,0.12268011645896591,0,0,0.9670862268518519,0.03291377314814815,0.020876826722338204,0
double_line_train_0004,train,double-line,0.0,1.0,0.006027627077535861,0.04771039525183119,0,0,0.0,0.9910150170326233,0.0008238702279481071,0.026090140697471165,0,0,-0.004655584692955017,0.05155643820762634,0.0007951055174796946,0.004900987367181775,0,0,-0.9367321133613586,0.9517656564712524,0.00029713261432738765,0.10811717529373846,0,0,0.9743923611111112,0.025607638888888888,0.036011080332409975,0
double_line_train_0005,train,double-line,0.0,0.9045705199241638,0.01739458801094534,0.06947523721763547,0,0,0.0,1.0,0.0026506689653076508,0.04588325401441699,0,0,-0.07438972592353821,0.0747220516204834,-0.0010735732427780964,0.01596298469703443,0,0,-0.9928953647613525,0.9999964833259583,0.00022465033912003155,0.16217137437200155,0,0,0.9406828703703703,0.05931712962962963,0.04368471035137702,310
double_line_train_0006,train,double-line,0.0,0.9944866299629211,0.006725653947922992,0.049987363160682606,0,0,0.0,1.0,0.0008356516266724577,0.02652406218788428,0,0,-0.009910747408866882,0.0464688241481781,0.0008545540751785868,0.0051359333086746,0,0,-0.961885392665863,0.9517656564712524,0.0016017990152856025,0.12289066976277625,0,0,0.9644097222222222,0.035590277777777776,0.03535353535353535,0
double_line_train_0007,train,double-line,0.0,0.9336301684379578,0.008400468117172379,0.05113781179915765,0,0,0.0,1.0,0.0007738963036832434,0.024595052596140747,0,0,-0.012704700231552124,0.07102034986019135,0.0018338477389921468,0.008545158790746993,0,0,-0.9667691588401794,0.9999969601631165,-0.0006141105155553238,0.13857961109803318,0,0,0.9537037037037037,0.046296296296296294,0.025830258302583026,20
double_line_train_0008,train,double-line,0.0,0.9859210848808289,0.020740755206673015,0.08755424832520152,0,0,0.0,1.0,0.0012756974384602574,0.03231045004278743,0,0,-0.07411287724971771,0.07499998807907104,-0.000145352678373456,0.01575172701954327,0,0,-0.9820112586021423,0.9999969601631165,0.0008461217873142838,0.15258581123503273,0,0,0.9487847222222222,0.051215277777777776,0.02265705458290422,306
double_line_train_0009,train,double-line,0.0,0.9953042268753052,0.024248834857206494,0.09901684345110648,0,0,0.0,1.0,0.0008708504287319051,0.027473141259320422,0,0,-0.07483351975679398,0.07500000298023224,-0.0005829448346048594,0.016178771307284175,0,0,-0.9993054270744324,0.9999994039535522,0.0018107019136045387,0.15570860847415277,0,0,0.9457465277777778,0.054253472222222224,0.01344364012409514,336
double_line_train_0010,train,double-line,0.0,0.9436188340187073,0.020275265032843756,0.09544178947492617,0,0,0.0,1.0,0.001150519798371803,0.029362270909804786,0,0,-0.07384227216243744,0.07500000298023224,0.0016531629262317438,0.013127706757181409,0,0,-0.9993054270744324,0.9999994039535522,0.005969961664420596,0.12770443634599443,0,0,0.9652777777777778,0.034722222222222224,0.03259259259259259,260
double_line_train_0011,train,double-line,0.0,0.8033199906349182,0.01847033626655435,0.06771334610006267,0,0,0.0,1.0,0.0009485683835077065,0.02672051755876366,0,0,-0.07438972592353821,0.0747220516204834,-0.001350201342979239,0.017562003505715976,0,0,-0.9820112586021423,0.9999964833259583,-0.0021689366306721545,0.1794270845419588,0,0,0.9288194444444444,0.07118055555555555,0.013188518231186967,384
double_line_train_0012,train,double-line,0.0,0.9602707028388977,0.029452874161405716,0.1058333933727307,0,0,0.0,1.0,0.0041331919298196835,0.05864796889988485,0,0,-0.07483351975679398,0.07500000298023224,-0.0010417436230151604,0.017359934541510764,0,0,-0.9993054270744324,0.9999994039535522,0.005462352131939109,0.17160085862014962,0,0,0.9323640046296297,0.06763599537037036,0.05546623794212219,365
double_line_train_0013,train,double-line,0.0,0.8323421478271484,0.016828993928478902,0.06602911544294861,0,0,0.0,1.0,0.002960777720781388,0.04868523347872834,0,0,-0.07483351975679398,0.07500000298023224,-0.003519482745711381,0.015944719743771135,0,0,-0.9993054270744324,0.999998927116394,0.001697793826881227,0.19520486606593873,0,0,0.9105902777777778,0.08940972222222222,0.033707865168539325,336
double_line_train_0014,train,double-line,0.0,0.8384408354759216,0.021803671715621965,0.09520521168623677,0,0,0.0,1.0,0.0014378494772784136,0.03362036939060849,0,0,-0.07438972592353821,0.0747220516204834,-0.0007246929712386595,0.016298562686634436,0,0,-0.9820112586021423,0.9999964833259583,0.0017107208041630252,0.14911066467176576,0,0,0.9500868055555556,0.04991319444444445,0.027777777777777776,408
double_line_train_0015,train,double-line,0.0,0.9630562663078308,0.03373617413577718,0.12313179345489156,0,0,0.0,1.0,0.003178347501455358,0.05390605455937838,0,0,-0.06753789633512497,0.024928554892539978,-0.0016836495854443423,0.008341979832689436,0,0,-0.998612105846405,0.999998927116394,0.000260833921688404,0.1640936552920319,0,0,0.9392361111111112,0.06076388888888889,0.04285714285714286,10
double_line_train_0016,train,double-line,0.0,0.9490061402320862,0.015615774816574736,0.08216643862754439,0,0,0.0,1.0,0.0008724229884575363,0.02748135374936598,0,0,-0.07433627545833588,0.07500000298023224,0.0010112893370980466,0.012283343384772568,0,0,-0.9993054270744324,0.9999994039535522,0.004400253778671699,0.11735375560946947,0,0,0.9721498842592593,0.02785011574074074,0.025454545454545455,245
double_line_train_0017,train,double-line,0.0,0.9369928240776062,0.0025081860634109626,0.0204881725754181,0,0,0.0,1.0,0.0025953127985337268,0.04519000849148873,0,0,-0.07411287724971771,0.07388612627983093,-0.002543121857646232,0.01140636900920805,0,0,-0.9820112586021423,0.9999964833259583,0.0027624135169322405,0.1650319615154543,0,0,0.94140625,0.05859375,0.03783783783783784,105
double_line_train_0018,train,double-line,0.0,0.8715811967849731,0.02545847005255079,0.09309983762267691,0,0,0.0,1.0,0.0037516365129569612,0.05513117966380284,0,0,-0.07494446635246277,0.07499998807907104,0.0008323642671004765,0.016801101314382023,0,0,-0.9820112586021423,0.9999969601631165,7.506769790981909e-05,0.17558652030675484,0,0,0.9296875,0.0703125,0.04976303317535545,312
double_line_train_0019,train,double-line,0.0,0.9968082308769226,0.01419209952948424,0.0658678557948414,0,0,0.0,1.0,0.000925550370960048,0.029121601355518886,0,0,-0.07000000774860382,0.0004160851240158081,-0.0026132055241355878,0.010558179620530048,0,0,-0.9913396239280701,0.999998927116394,-0.0006855577667010948,0.15320357940077417,0,0,0.9448784722222222,0.055121527777777776,0.015748031496062992,48
double_line_train_0020,train,double-line,0.0,0.9218246340751648,0.014312733979404921,0.0696128332282082,0,0,0.0,1.0,0.0022576374122528016,0.04433366966746223,0,0,-0.07411287724971771,0.0747220516204834,-0.0004265964013972768,0.014027019164895715,0,0,-0.9820112586021423,0.9969497919082642,-0.00019843722763350039,0.12720200665505488,0,0,0.9638310185185185,0.03616898148148148,0.05157593123209169,280
double_line_train_0021,train,double-line,0.0,1.0,0.011779537763122452,0.06563649809954465,0,0,0.0,0.9875079989433289,0.0024742004375352903,0.04611915953027052,0,0,-0.03146731108427048,0.051121845841407776,0.0007794736464145697,0.005768901841406956,0,0,-0.998612105846405,0.9766644239425659,5.091510946739517e-05,0.15610378680599107,0,0,0.9466145833333334,0.053385416666666664,0.06351791530944625,0
double_line_train_0022,train,double-line,0.0,0.8783996105194092,0.022238775452543286,0.07889766941564115,0,0,0.0,1.0,0.0037147568159357266,0.054824015215455255,0,0,-0.07483351975679398,0.07500000298023224,0.0018662868694297719,0.017336275287372405,0,0,-0.9993054270744324,0.9999994039535522,0.0049039760516380836,0.1823576416337244,0,0,0.9215133101851852,0.07848668981481481,0.050473186119873815,360
double_line_train_0023,train,double-line,0.0,0.8574299812316895,0.010164072127816292,0.04329990871143242,0,0,0.0,1.0,0.0010828383103082026,0.030171915313265688,0,0,-0.07411287724971771,0.0747220516204834,-0.0028737024274758166,0.015233641363556292,0,0,-0.9820112586021423,0.9999964833259583,0.0018817124138068822,0.1810619557324097,0,0,0.9262152777777778,0.07378472222222222,0.01582591493570722,282
double_line_train_0024,train,double-line,0.0,0.8182649612426758,0.01281585516934919,0.06059304547453784,0,0,0.0,1.0,0.0029590841537962356,0.04854388012378775,0,0,-0.07483351975679398,0.07500000298023224,-0.0013205299169553823,0.01339119740533766,0,0,-0.9993054270744324,0.999998927116394,0.00164194587914271,0.1465043855208553,0,0,0.9529803240740741,0.04701967592592592,0.05782312925170068,230
double_line_train_0025,train,double-line,0.0,0.9653152823448181,0.02207708840571151,0.08775654364178653,0,0,0.0,1.0,0.0012640272034332156,0.03209004319149881,0,0,-0.07483351975679398,0.07500000298023224,-0.001616429698414221,0.015542379263581546,0,0,-0.9993054270744324,0.999998927116394,0.004416953247022725,0.15929782046301927,0,0,0.9439380787037037,0.056061921296296294,0.020146520146520148,310
double_line_train_0026,train,double-line,0.0,0.9703537225723267,0.030112714474954474,0.11712507487542961,0,0,0.0,1.0,0.002945327885552413,0.048580316649139456,0,0,-0.07411287724971771,0.0747220516204834,-0.0006373089207853708,0.016391405329893353,0,0,-0.9820112586021423,0.9999964833259583,-0.0009166895983980794,0.1591469320845574,0,0,0.9392361111111112,0.06076388888888889,0.047315741583257506,335
double_line_train_0027,train,double-line,0.0,0.8503516912460327,0.009718862355447931,0.05618024347437707,0,0,0.0,1.0,0.0018785062345193216,0.03756302160927384,0,0,-0.015000015497207642,0.049060285091400146,0.0012006549643249148,0.006604875223651075,0,0,-0.9607370495796204,0.964989185333252,0.001954034333013826,0.15313312084397665,0,0,0.9466145833333334,0.053385416666666664,0.054773082942097026,0
double_line_train_0028,train,double-line,0.0,0.9536051750183105,0.019390013341560715,0.08694777783690623,0,0,0.0,1.0,0.0006495868890649743,0.02249931376717382,0,0,-0.07483351975679398,0.07500000298023224,-0.001040565999843508,0.014422845658908513,0,0,-0.9993054270744324,0.9999994039535522,0.00021701227894852678,0.1372296238564314,0,0,0.9555121527777778,0.044487847222222224,0.014580801944106925,270
double_line_train_0029,train,double-line,0.0,0.890964686870575,0.03429910240231914,0.10496710454357619,0,0,0.0,1.0,0.001063620548747066,0.027440492761361308,0,0,-0.07389162480831146,0.07499998807907104,-0.00011617700672811932,0.02009633915305693,0,0,-0.9986152648925781,0.9999969601631165,-0.000489995061798254,0.19852538622772253,0,0,0.9105902777777778,0.08940972222222222,0.012956419316843345,534
double_line_train_0030,train,double-line,0.0,0.8856188058853149,0.020051255291575757,0.08804809601881976,0,0,0.0,1.0,0.0013204761134046647,0.03316951010072757,0,0,-0.07438972592353821,0.0747220516204834,0.00048463984664219123,0.015026309923621478,0,0,-0.9820112586021423,0.9932713508605957,0.00013341008828623066,0.14157910826805845,0,0,0.9562355324074074,0.043764467592592594,0.02689486552567237,310
double_line_train_0031,train,double-line,0.0,1.0,0.012600689518085009,0.06433363813227981,0,0,0.0,0.9416599869728088,0.002447630490038406,0.04393893191280048,0,0,-0.06984391063451767,0.017705082893371582,-0.002141097844556767,0.009439634398471012,0,0,-0.998612105846405,0.999998927116394,0.0025082621917775854,0.16370456711782957,0,0,0.9417679398148148,0.05823206018518518,0.05466666666666667,25
double_line_train_0032,train,double-line,0.0,0.9224658012390137,0.00751414452170812,0.04186939205587845,0,0,0.0,1.0,0.0033738250688960156,0.054160005032931766,0,0,-0.07372584939002991,0.07499998807907104,-0.0015096125813821952,0.012810231432584895,0,0,-0.9986152648925781,0.9999964833259583,-0.0007006629477001736,0.13000138619267715,0,0,0.9627459490740741,0.03725405092592592,0.07911392405063292,210
double_line_train_0033,train,double-line,0.0,0.8422350287437439,0.011829655448282936,0.05562854277459629,0,0,0.0,1.0,0.0011549692264654571,0.029451051922138524,0,0,-0.07384227216243744,0.07500000298023224,-0.00154747906102178,0.015545869821110402,0,0,-0.9993054270744324,0.9999994039535522,0.0008333168912536672,0.15319487163535936,0,0,0.9487847222222222,0.051215277777777776,0.024943310657596373,294
double_line_train_0034,train,double-line,0.0,0.8507134318351746,0.011390075576265965,0.06669888633384699,0,0,0.0,1.0,0.0020248525844955884,0.04000169964470924,0,0,-0.05447514355182648,0.023277223110198975,-0.0007518290954909322,0.005084788344713986,0,0,-0.956943690776825,0.9766644239425659,0.001380864698687758,0.13243888708041102,0,0,0.9634693287037037,0.036530671296296294,0.06566604127579738,0
double_line_train_0035,train,double-line,0.0,0.9227569103240967,0.006935955351865333,0.039849643400713584,0,0,0.0,1.0,0.002149339062506678,0.041525058715673385,0,0,-0.07000000774860382,0.0,-0.0027967934794206587,0.01115292316713641,0,0,-0.994807243347168,0.9999964833259583,-0.0009346287733933423,0.1590006111645117,0,0,0.9466145833333334,0.053385416666666664,0.05740740740740741,66
double_line_train_0036,train,double-line,0.0,0.8411369919776917,0.008609512380240226,0.048636194826182304,0,0,0.0,1.0,0.0032836441468033525,0.049052040422850676,0,0,-0.07372584939002991,0.07499998807907104,0.0018552604780308212,0.012630438244635334,0,0,-0.9667691588401794,0.9999969601631165,0.0027253364883277013,0.1297696352049248,0,0,0.9584056712962963,0.041594328703703706,0.09566517189835576,205
double_line_train_0037,train,double-line,0.0,0.9885877370834351,0.01160828574936406,0.062306603610190976,0,0,0.0,1.0,0.0020276214582500636,0.04033270018372602,0,0,-0.012068867683410645,0.07276669144630432,0.0022969902428384456,0.009607955419537817,0,0,-0.9667691588401794,0.9999969601631165,0.0001918491228328397,0.15540871663202455,0,0,0.9461805555555556,0.05381944444444445,0.05042016806722689,36
double_line_train_0038,train,double-line,0.0,0.851913571357727,0.02155393688789681,0.08967553435788071,0,0,0.0,1.0,0.0013839708667041527,0.03477892048182109,0,0,-0.07438972592353821,0.0747220516204834,-0.0025577611005347636,0.014353574736013506,0,0,-0.9820112586021423,0.9999964833259583,-0.0038269541768790483,0.1535669097738362,0,0,0.9461805555555556,0.05381944444444445,0.022727272727272728,252
double_line_train_0039,train,double-line,0.0,0.9465708136558533,0.008859798847805888,0.053376871086467235,0,0,0.0,1.0,0.0028448711252874797,0.05045303892487608,0,0,-0.05821220576763153,0.039010584354400635,-0.0006713097455859599,0.006552014028160262,0,0,-0.998612105846405,0.999998927116394,0.0008040234848118012,0.165240438266412,0,0,0.9392361111111112,0.06076388888888889,0.07061068702290077,0
double_line_train_0040,train,double-line,0.0,0.8413918018341064,0.02404912475396646,0.09582100560570729,0,0,0.0,1.0,0.0023066710154698404,0.043152975668238495,0,0,-0.07483351975679398,0.07500000298023224,0.0003169022885332298,0.015954412646286293,0,0,-0.9993054270744324,0.9999994039535522,0.006886180624995312,0.14820033265830596,0,0,0.9490017361111112,0.05099826388888889,0.04291845493562232,330
double_line_train_0041,train,double-line,0.0,0.8859969973564148,0.007169956559159295,0.0408376636257765,0,0,0.0,1.0,0.000764026341063005,0.02431572405481466,0,0,-0.07438972592353821,0.07461076974868774,-0.002308582269405532,0.011307162788671709,0,0,-0.994807243347168,0.9999964833259583,-2.647085887440847e-05,0.14067185379672303,0,0,0.9540653935185185,0.04593460648148148,0.020766773162939296,120
double_line_train_0042,train,double-line,0.0,0.9390403628349304,0.015887822650391306,0.07854673194784909,0,0,0.0,1.0,0.001152353434547506,0.0319626605218374,0,0,-0.07483351975679398,0.07500000298023224,-0.0012719922462430852,0.013508274083091127,0,0,-0.9993054270744324,0.999998927116394,0.001544507619352468,0.1253689905131525,0,0,0.9645543981481481,0.03544560185185185,0.02553191489361702,260
double_line_train_0043,train,double-line,0.0,0.9836904406547546,0.007033481029459928,0.04949246217646132,0,0,0.0,1.0,0.000871357650289105,0.02749670576228273,0,0,-0.06937742978334427,0.014012187719345093,-0.0019441054771757787,0.00856342186841661,0,0,-0.9913396239280701,0.999998927116394,0.0015448827406443241,0.15581618118718074,0,0,0.9453125,0.0546875,0.037037037037037035,18
double_line_train_0044,train,double-line,0.0,0.9563429355621338,0.010858793491378391,0.04585520778568018,0,0,0.0,1.0,0.0023617090277925686,0.044225908212947015,0,0,-0.07411287724971771,0.0747220516204834,-0.0028515508294933373,0.014345658101860136,0,0,-0.9820112586021423,0.9999964833259583,0.0025228335996669354,0.1664984526790312,0,0,0.9340277777777778,0.06597222222222222,0.03472931562819203,234
double_line_train_0045,train,double-line,0.0,0.9305441379547119,0.02434453279204684,0.08922814730901418,0,0,0.0,1.0,0.003401338855770451,0.0528641274179371,0,0,-0.07372584939002991,0.07499998807907104,0.002558237666057216,0.016804026649122998,0,0,-0.9367321133613586,0.9999969601631165,0.001442055242174926,0.17279906031180292,0,0,0.9314236111111112,0.0685763888888889,0.04496124031007752,366
double_line_train_0046,train,double-line,0.0,0.9040830731391907,0.011410368450217194,0.06340409650268122,0,0,0.0,1.0,0.0008020216892300932,0.02544394080696577,0,0,-0.07411287724971771,0.0747220516204834,0.0017952256463036906,0.011076998865159116,0,0,-0.9943807125091553,0.9932713508605957,0.003321122491578771,0.12134475390707855,0,0,0.9667245370370371,0.033275462962962965,0.023688663282571912,150
double_line_train_0047,train,double-line,0.0,0.8226566314697266,0.005251096183437093,0.0293935639213453,0,0,0.0,1.0,0.0007538842080436923,0.024090879674154398,0,0,-0.07361538708209991,0.07499998807907104,-0.0020327166550689274,0.011833619377548782,0,0,-0.9986152648925781,0.9999964833259583,0.0015823563788015032,0.1334803804524179,0,0,0.9613715277777778,0.038628472222222224,0.024054982817869417,144
double_line_train_0048,train,double-line,0.0,0.9716143012046814,0.0118800565666822,0.06646967478369915,0,0,0.0,1.0,0.0029002760873279637,0.046956966475721305,0,0,-0.00919872522354126,0.0602973997592926,0.0015750844937024845,0.007665571154200075,0,0,-0.9943807125091553,0.964989185333252,-0.000287558275279783,0.14416135923283746,0,0,0.953125,0.046875,0.07803468208092486,0
double_line_train_0049,train,double-line,0.0,0.8078340888023376,0.008059916900859006,0.04633230739697333,0,0,0.0,1.0,0.0008785931816048644,0.024891000956592243,0,0,-0.03598245978355408,0.04849432408809662,0.0005371148419928633,0.005411905746920903,0,0,-0.998612105846405,0.9766644239425659,-0.0003230179726314317,0.16034230050996365,0,0,0.9444444444444444,0.05555555555555555,0.031088082901554404,0
double_line_train_0050,train,double-line,0.0,0.8976773619651794,0.016489441593674,0.0773410221387462,0,0,0.0,1.0,0.0008141861999993799,0.02458595697198611,0,0,-0.07438972592353821,0.0747220516204834,-0.001104763796320185,0.014194617511575396,0,0,-0.9928953647613525,0.9999964833259583,-0.001102176140732438,0.14189308863551825,0,0,0.9547887731481481,0.04521122685185185,0.019559902200488997,270
double_line_train_0051,train,double-line,0.0,0.811553955078125,0.024507400502409803,0.10104615789375813,0,0,0.0,1.0,0.002166565550767161,0.040758301132979784,0,0,-0.07384227216243744,0.07500000298023224,2.304229214873717e-05,0.015009862245689197,0,0,-0.9993054270744324,0.9999994039535522,0.0040890598817592645,0.1472139729181344,0,0,0.9565972222222222,0.043402777777777776,0.04739336492890995,325
double_line_train_0052,train,double-line,0.0,1.0,0.015338351978260579,0.07661190913505919,0,0,0.0,0.9962419867515564,0.0013181931442684596,0.03326169383010029,0,0,-0.07483351975679398,0.07500000298023224,-0.0031893205628471654,0.012870337641938881,0,0,-0.9913396239280701,0.999998927116394,0.0025307179829623136,0.14244476010215815,0,0,0.9544270833333334,0.045572916666666664,0.02753441802252816,162
double_line_train_0053,train,double-line,0.0,0.8512159585952759,0.016483649071199546,0.07376369451095428,0,0,0.0,1.0,0.0007415298993388811,0.023628259229865507,0,0,-0.07438972592353821,0.0747220516204834,0.00136727453166343,0.014031993547488911,0,0,-0.9820112586021423,0.9640410542488098,-0.0003940119101268162,0.1417774335769659,0,0,0.9529803240740741,0.04701967592592592,0.016766467065868262,270
double_line_train_0054,train,double-line,0.0,0.9877831339836121,0.018065996878786135,0.08700680082964682,0,0,0.0,1.0,0.0034291725303908743,0.0512977595062172,0,0,-0.05000000447034836,0.02585504949092865,-0.0011680895598450054,0.007447185616048797,0,0,-0.9913396239280701,0.999998927116394,-0.0005734740989282727,0.1760109089006175,0,0,0.9309172453703703,0.06908275462962964,0.08157894736842106,0
double_line_train_0055,train,double-line,0.0,1.0,0.008429515636195177,0.053835892150920626,0,0,0.0,0.9900259971618652,0.0011386191386177583,0.03165807776417575,0,0,-0.07384227216243744,0.07382411509752274,-0.002097129677336111,0.009796329253238468,0,0,-0.9993054270744324,0.999998927116394,0.0017556106333224172,0.1405313377663874,0,0,0.9555121527777778,0.044487847222222224,0.03137254901960784,60
double_line_train_0056,train,double-line,0.0,1.0,0.00515648643214785,0.035069073815022014,0,0,0.0,0.9844809770584106,0.001046340132166666,0.029198699037414667,0,0,-0.06951139867305756,0.0,-0.0022629276435408327,0.009944986142918392,0,0,-0.994807243347168,0.9973381757736206,-0.00014803112571826205,0.14403799665351447,0,0,0.9548611111111112,0.04513888888888889,0.0387409200968523,42
double_line_train_0057,train,double-line,0.0,0.8949106931686401,0.01051646574493635,0.0522723426798476,0,0,0.0,1.0,0.0010528441958336367,0.02950198558166327,0,0,-0.03338097035884857,0.06400933861732483,0.0016100213300281514,0.008331522890434697,0,0,-0.998612105846405,0.9999969601631165,0.0010264417928232837,0.18073965846961282,0,0,0.9275173611111112,0.0724826388888889,0.023715415019762844,0
double_line_train_0058,train,double-line,0.0,0.8395713567733765,0.0052899256895165715,0.03676514263208596,0,0,0.0,1.0,0.0006936677015834937,0.022337185614409137,0,0,-0.03587288409471512,0.0290251225233078,-0.00013761677999152907,0.0032908679779659502,0,0,-0.998612105846405,0.9766644239425659,0.0009323960712208645,0.12577229910693444,0,0,0.9665798611111112,0.03342013888888889,0.03125,0
double_line_train_0059,train,double-line,0.0,0.9069249629974365,0.015570197203251828,0.06623086083219308,0,0,0.0,1.0,0.003348894063728275,0.05308677360991259,0,0,-0.07438972592353821,0.0747220516204834,0.0023509455495513976,0.01664609910767185,0,0,-0.9943807125091553,0.9999969601631165,-0.00016230661306811575,0.17954329409948333,0,0,0.9283854166666666,0.07161458333333333,0.050724637681159424,366
double_line_train_0060,train,double-line,0.0,1.0,0.02282433498846017,0.07798285734046939,0,0,0.0,0.9989979863166809,0.004158545871851621,0.061131619741795824,0,0,-0.07433627545833588,0.07500000298023224,-0.0010494402061643389,0.01989735696895168,0,0,-0.9993054270744324,0.9999994039535522,0.006840914547663285,0.20409477480824384,0,0,0.9075520833333334,0.09244791666666667,0.043754410726887794,462
double_line_train_0061,train,double-line,0.0,1.0,0.020443440376833745,0.09583517388342383,0,0,0.0,0.9460089802742004,0.0018929054581180767,0.038184417192381824,0,0,-0.07411287724971771,0.07499998807907104,0.0011413542260588318,0.014577534417138929,0,0,-0.9788332581520081,0.9999969601631165,0.0012960754678782974,0.1379698504801189,0,0,0.9580439814814815,0.04195601851851852,0.04257907542579075,305
double_line_train_0062,train,double-line,0.0,0.8247327208518982,0.00845116377579163,0.048338270628748965,0,0,0.0,1.0,0.0007905732469495248,0.025173061037622124,0,0,-0.07411287724971771,0.07499998807907104,-0.0013507012530074765,0.012050714873174006,0,0,-0.9820112586021423,0.9999964833259583,-0.0013861826215799265,0.12168346307189533,0,0,0.9685329861111112,0.03146701388888889,0.02460456942003515,190
double_line_train_0063,train,double-line,0.0,0.8437515497207642,0.021692086309312967,0.07719267267986081,0,0,0.0,1.0,0.0034296347380236344,0.05266166967773472,0,0,-0.07384227216243744,0.07500000298023224,-0.0030494175993630458,0.01606925554599659,0,0,-0.9993054270744324,0.9999994039535522,0.0035180295611401866,0.2012627159634541,0,0,0.9058159722222222,0.09418402777777778,0.037155669442664956,264
double_line_train_0064,train,double-line,0.0,0.990627646446228,0.015253083088371781,0.07081470095170621,0,0,0.0,1.0,0.0010568340766002183,0.029502112875382583,0,0,-0.07433627545833588,0.07500000298023224,0.0013276102237998405,0.014755806172189368,0,0,-0.9993054270744324,0.9999994039535522,0.006534016392834019,0.1457599369736803,0,0,0.9548611111111112,0.04513888888888889,0.024489795918367346,318
double_line_train_0065,train,double-line,0.0,0.9530507922172546,0.024000335240375367,0.08854598524303353,0,0,0.0,1.0,0.0013604732100955313,0.034213795275947353,0,0,-0.07438972592353821,0.0747220516204834,0.0016205188197394211,0.017282978194833376,0,0,-0.9943807125091553,0.9772876501083374,0.003251142102221315,0.17830734355165928,0,0,0.9253472222222222,0.07465277777777778,0.01639344262295082,372
double_line_train_0066,train,double-line,0.0,0.9910723567008972,0.006617897088416511,0.05385649138494373,0,0,0.0,1.0,0.0009142896505417648,0.028806697464140347,0,0,-0.046922363340854645,0.01710774004459381,-0.0005073594904927261,0.0038326345877020855,0,0,-0.956943690776825,0.9766644239425659,0.000266271114621001,0.10663699803416385,0,0,0.9754050925925926,0.02459490740740741,0.03536977491961415,0
double_line_train_0067,train,double-line,0.0,0.8950083255767822,0.019763889690727444,0.06905141416079794,0,0,0.0,1.0,0.0010479472974246299,0.029347133781486682,0,0,-0.07483351975679398,0.07500000298023224,8.12463315216721e-05,0.01832202168855463,0,0,-0.9993054270744324,0.9999994039535522,0.007859459855858909,0.17502464922196329,0,0,0.9309895833333334,0.06901041666666667,0.013595166163141994,432
double_line_train_0068,train,double-line,0.0,0.9193956255912781,0.010118566952870525,0.06355064356393945,0,0,0.0,1.0,0.0008734700709788336,0.02758020300341198,0,0,-0.07389162480831146,0.0747220516204834,0.0016844352864643075,0.010414141772408387,0,0,-0.9667691588401794,0.9640410542488098,0.0008239932675577519,0.10911409774676012,0,0,0.9728732638888888,0.027126736111111112,0.029473684210526315,130
double_line_train_0069,train,double-line,0.0,0.949011504650116,0.018716608580285135,0.09459669691994725,0,0,0.0,1.0,0.0007811130188336527,0.024845400114534233,0,0,-0.07483351975679398,0.07500000298023224,0.0005523690062411199,0.012798611693617307,0,0,-0.9070445895195007,0.9999994039535522,0.006693912262697403,0.11975651990118584,0,0,0.9678096064814815,0.03219039351851852,0.023972602739726026,220
double_line_train_0070,train,double-line,0.0,0.8065101504325867,0.005090985502260149,0.034286771816143646,0,0,0.0,1.0,0.0009329257127656429,0.02629755105896916,0,0,-0.06678342074155807,0.0020690560340881348,-0.0013403737372115116,0.0071303376059408535,0,0,-0.956943690776825,0.999998927116394,-0.0009758062878972851,0.11860528834491017,0,0,0.9663628472222222,0.033637152777777776,0.03711790393013101,5
double_line_train_0071,train,double-line,0.0,0.8252506852149963,0.0070786424150221005,0.03529253336686977,0,0,0.0,1.0,0.0011579862222316916,0.02951685504421388,0,0,-0.07494446635246277,0.07499998807907104,-0.0031708531573207844,0.012580405706803662,0,0,-0.9928953647613525,0.9999964833259583,0.0006090448789311469,0.15761731427429226,0,0,0.9466145833333334,0.053385416666666664,0.031117397454031116,156
double_line_train_0072,train,double-line,0.0,0.883307158946991,0.009229893066251153,0.051927686662835926,0,0,0.0,1.0,0.0012181823926598386,0.029820849297875898,0,0,-0.0732843279838562,0.07410934567451477,0.0030082449924925137,0.01178666461441113,0,0,-0.998612105846405,0.9999969601631165,0.00011207381774309195,0.17728716521842558,0,0,0.9270833333333334,0.07291666666666667,0.03685092127303183,96
double_line_train_0073,train,double-line,0.0,0.8677550554275513,0.012456788519338497,0.05247361363824973,0,0,0.0,1.0,0.0016407687777515363,0.03799667553954712,0,0,-0.042064838111400604,0.04912307858467102,0.0003762006753176037,0.006819332772299374,0,0,-0.998612105846405,0.9766644239425659,0.0003092516314306219,0.180172787475055,0,0,0.92578125,0.07421875,0.018584070796460177,0
double_line_train_0074,train,double-line,0.0,0.8959569931030273,0.0047156546452242765,0.030484027565584,0,0,0.0,1.0,0.0016343632273169027,0.03725978051073274,0,0,-0.07389162480831146,0.07499998807907104,-0.001672201615292579,0.010649786085879272,0,0,-0.9986152648925781,0.9999964833259583,-0.00026013577216535514,0.1189312267439386,0,0,0.9685329861111112,0.03146701388888889,0.05399568034557235,115
double_line_train_0075,train,double-line,0.0,0.8427318930625916,0.01568113348959607,0.06231916369293364,0,0,0.0,1.0,0.0012415896247451503,0.03143793635777847,0,0,-0.07433627545833588,0.07500000298023224,0.0009890126578587417,0.01626185167061169,0,0,-0.9993054270744324,0.9999994039535522,0.007029151690302469,0.15742456910683217,0,0,0.9479166666666666,0.052083333333333336,0.021169354838709676,396
double_line_train_0076,train,double-line,0.0,0.8472157120704651,0.02132381720825814,0.07383140697987045,0,0,0.0,1.0,0.0038158988916418618,0.05383566869915672,0,0,-0.07483351975679398,0.07500000298023224,0.00047945980440999847,0.01925554008721957,0,0,-0.9993054270744324,0.9999994039535522,0.00715454702677326,0.19194857348582256,0,0,0.9142795138888888,0.0857204861111111,0.05091937765205092,485
double_line_train_0077,train,double-line,0.0,0.8702258467674255,0.0013088262197266398,0.01424588950671319,0,0,0.0,1.0,0.0008859158433214934,0.027917010172891235,0,0,-0.07054413855075836,0.0037268400192260742,-0.002050143795915776,0.009267728029998616,0,0,-0.994807243347168,0.9999964833259583,0.0009443367511502638,0.14287960055193333,0,0,0.9533420138888888,0.04665798611111111,0.0,30
double_line_train_0078,train,double-line,0.0,0.8481116890907288,0.010507664097017536,0.05215822166380588,0,0,0.0,1.0,0.0014811701020570817,0.03563496450030357,0,0,-0.05986122786998749,0.032002732157707214,-0.001070837124306881,0.006806779588886378,0,0,-0.998612105846405,0.9766644239425659,0.0014832476438607922,0.16500331371319427,0,0,0.9395978009259259,0.06040219907407408,0.028678304239401497,0
double_line_train_0079,train,double-line,0.0,0.9785233736038208,0.00801552994723217,0.04477118059296609,0,0,0.0,1.0,0.0008932844028566722,0.028115206945053983,0,0,-0.06455996632575989,0.016433164477348328,-0.001709283782272703,0.007900894362688931,0,0,-0.998612105846405,0.999998927116394,0.0019239646137268413,0.15619929725251405,0,0,0.9448784722222222,0.055121527777777776,0.013846153846153847,0
double_line_train_0080,train,double-line,0.0,1.0,0.015605134211943584,0.07842379314158238,0,0,0.0,0.9820820093154907,0.002495395407701532,0.04560800275981371,0,0,-0.07411287724971771,0.07499998807907104,0.0017187791139197846,0.013315668832738102,0,0,-0.9667691588401794,0.9999969601631165,0.0024439092610716922,0.1313848359220506,0,0,0.9613715277777778,0.038628472222222224,0.05832147937411095,246
double_line_train_0081,train,double-line,0.0,0.8502605557441711,0.016693126676761528,0.07577607139577487,0,0,0.0,1.0,0.0008837319177540916,0.027844952837432112,0,0,-0.07411287724971771,0.0747220516204834,0.0010629882712641524,0.014412726901731518,0,0,-0.9943807125091553,0.9969497919082642,0.0006933466153424417,0.14192079093998133,0,0,0.9569589120370371,0.043041087962962965,0.01696969696969697,280
double_line_train_0082,train,double-line,0.0,0.8596552610397339,0.005368036061655503,0.03691508466987402,0,0,0.0,1.0,0.0021479838588102547,0.042806693036507755,0,0,-0.06455996632575989,0.005322247743606567,-0.0013887949818227855,0.007132166710507671,0,0,-0.9913396239280701,0.999998927116394,0.002068709613080568,0.1264460187627713,0,0,0.9631076388888888,0.03689236111111111,0.06666666666666667,0
double_line_train_0083,train,double-line,0.0,0.8256465792655945,0.01942681705444287,0.07836849287508446,0,0,0.0,1.0,0.0008628961794009363,0.027215771543485173,0,0,-0.07438972592353821,0.0747220516204834,0.00015459128189831972,0.016191365123712706,0,0,-0.9820112586021423,0.9999964833259583,-0.0018046575427837928,0.15506627010074064,0,0,0.9461805555555556,0.05381944444444445,0.014014014014014014,324
double_line_train_0084,train,double-line,0.0,0.9224283695220947,0.006967879360369504,0.043465591897318336,0,0,0.0,1.0,0.002393442865771552,0.043862401410016294,0,0,-0.07273365557193756,0.07410934567451477,0.0018164023047709768,0.009346041765526622,0,0,-0.9667691588401794,0.9999969601631165,0.0022116854564012975,0.12203486561483753,0,0,0.9670862268518519,0.03291377314814815,0.07835820895522388,55
double_line_train_0085,train,double-line,0.0,0.8745379447937012,0.01616668740424256,0.06770766251850653,0,0,0.0,1.0,0.0031093525532115665,0.04797439689297367,0,0,-0.07273365557193756,0.07499998807907104,0.0026291766563965075,0.011357451446115531,0,0,-0.998612105846405,0.9999969601631165,0.0013772208891775033,0.18468267810273797,0,0,0.921875,0.078125,0.059880239520958084,85
double_line_train_0086,train,double-line,0.0,0.9979701638221741,0.025939701113387587,0.09860936639550746,0,0,0.0,1.0,0.0008644834333271892,0.02575712118089756,0,0,-0.07411287724971771,0.0747220516204834,0.000534507032069895,0.01685841889021387,0,0,-0.9820112586021423,0.9969497919082642,0.0002135244589630424,0.16710933903508693,0,0,0.9379340277777778,0.062065972222222224,0.01399825021872266,342
double_line_train_0087,train,double-line,0.0,0.8289158940315247,0.012113698156739431,0.048423659463371065,0,0,0.0,1.0,0.0025976605635757246,0.043111859028941574,0,0,-0.07483351975679398,0.07500000298023224,-0.0037615514690211662,0.014773680426842777,0,0,-0.9993054270744324,0.999998927116394,0.0023253526030910304,0.1960143338762343,0,0,0.9097222222222222,0.09027777777777778,0.03956228956228956,246
double_line_train_0088,train,double-line,0.0,0.8186789751052856,0.013752204222500782,0.065649950597129,0,0,0.0,1.0,0.0035327600220356275,0.05421035907927435,0,0,-0.06485307216644287,0.02734147012233734,-0.001459170527394033,0.007634719836313053,0,0,-0.956943690776825,0.999998927116394,0.0032607781645816025,0.1670767078706303,0,0,0.9405381944444444,0.05946180555555555,0.06467065868263473,0
double_line_train_0089,train,double-line,0.0,0.9079914689064026,0.014310057461359436,0.05387074401303172,0,0,0.0,1.0,0.0035218637462498415,0.05382949874384029,0,0,-0.07494446635246277,0.07499998807907104,-0.0019270486340651081,0.018642865785671307,0,0,-0.994807243347168,0.9999969601631165,0.0007104907127136863,0.1996403416456692,0,0,0.9084201388888888,0.0915798611111111,0.04808475957620212,414
double_line_train_0090,train,double-line,0.0,0.8448072075843811,0.011862198293983882,0.06276568574887342,0,0,0.0,1.0,0.0027975641466953137,0.04779141525967043,0,0,-0.07483351975679398,0.07500000298023224,-0.002436052627335475,0.012174260571298428,0,0,-0.9993054270744324,0.999998927116394,0.0006543067434837145,0.15223773858288192,0,0,0.9490017361111112,0.05099826388888889,0.06357615894039735,175
double_line_train_0091,train,double-line,0.0,0.8821936249732971,0.025859825611506595,0.08464794213674402,0,0,0.0,1.0,0.003958049488978254,0.05532896256670424,0,0,-0.07483351975679398,0.07500000298023224,-0.0009424875686279309,0.01807722640101338,0,0,-0.9993054270744324,0.9999994039535522,0.004100461412437855,0.18294102333996046,0,0,0.9247685185185185,0.07523148148148148,0.05003523608174771,385
double_line_train_0092,train,double-line,0.0,1.0,0.017225272888026666,0.07377137964021256,0,0,0.0,0.9560070037841797,0.0015186918468249064,0.035270359175012866,0,0,-0.07411287724971771,0.0747220516204834,-0.00018138665473088622,0.0146005997038266,0,0,-0.9820112586021423,0.9969497919082642,-0.0001045045055434457,0.14585711706173218,0,0,0.9518229166666666,0.048177083333333336,0.028953229398663696,240
double_line_train_0093,train,double-line,0.0,0.8774870038032532,0.011121123820194716,0.05030540339028353,0,0,0.0,1.0,0.000987662780702252,0.027878691863616644,0,0,-0.07384227216243744,0.07500000298023224,-0.0028872825561039564,0.012474271522011901,0,0,-0.9993054270744324,0.999998927116394,0.0025793004962098268,0.17907572388055612,0,0,0.9292534722222222,0.07074652777777778,0.018538713195201745,138
double_line_train_0094,train,double-line,0.0,0.8803351521492004,0.030109527463065642,0.107339763086592,0,0,0.0,1.0,0.0011212023371761596,0.029996007373045114,0,0,-0.07483351975679398,0.07500000298023224,0.0004897597787526643,0.01747278770964392,0,0,-0.9993054270744324,0.9999994039535522,0.00827563002773483,0.16424152853863214,0,0,0.9401041666666666,0.059895833333333336,0.01725625539257981,420
double_line_train_0095,train,double-line,0.0,1.0,0.016439537936093984,0.07984675732186138,0,0,0.0,0.9785540103912354,0.0007536470678772915,0.02415736096546583,0,0,-0.07411287724971771,0.07499998807907104,0.0011413542260588318,0.014577534417138929,0,0,-0.9788332581520081,0.9999969601631165,0.0012960754678782974,0.1379698504801189,0,0,0.9580439814814815,0.04195601851851852,0.017766497461928935,305
double_line_train_0096,train,double-line,0.0,1.0,0.012357056155889478,0.06737581610319711,0,0,0.0,0.929220974445343,0.002345617213803861,0.042845248938864045,0,0,-0.07000000774860382,0.0,-0.002147796880712526,0.009806695349231405,0,0,-0.9913396239280701,0.999998927116394,0.0033329566746639707,0.1326419451062357,0,0,0.9596354166666666,0.040364583333333336,0.0626865671641791,42
double_line_train_0097,train,double-line,0.0,0.9743654131889343,0.0186004659418965,0.06876099442171278,0,0,0.0,1.0,0.0036097151546359615,0.0550541860930055,0,0,-0.07411287724971771,0.07499998807907104,0.0020751313584494507,0.01717055459255799,0,0,-0.9820112586021423,0.9999969601631165,0.0033161798197161936,0.1828365245821229,0,0,0.9240451388888888,0.0759548611111111,0.04496951219512195,375
double_line_train_0098,train,double-line,0.0,0.920735776424408,0.003901243689420476,0.0316371288547771,0,0,0.0,1.0,0.0007220249972306192,0.023178909115847374,0,0,-0.06654766201972961,0.0,-0.001084235366390742,0.006913970607349876,0,0,-0.994807243347168,0.9999964833259583,-0.0003396692901097359,0.0949179916447486,0,0,0.9797453703703703,0.02025462962962963,0.044673539518900345,10
double_line_train_0099,train,double-line,0.0,0.9637941718101501,0.030978821444652686,0.1071149510287656,0,0,0.0,1.0,0.0027959674545046356,0.04771220126074725,0,0,-0.07483351975679398,0.07500000298023224,-0.0009270440399025878,0.017872051009398312,0,0,-0.9993054270744324,0.9999994039535522,0.004115363532441229,0.1763466986858265,0,0,0.9322916666666666,0.06770833333333333,0.037065637065637064,372
small_rect_edge_train_0000,train,small_rect_edge,0.0,0.8980667591094971,0.01380643640071934,0.0710781498482156,0,0,0.0,1.0,0.0007504381204920786,0.024962464104976725,0,0,-0.07438972592353821,0.0747220516204834,-0.0005273415795441165,0.012792038519732868,0,0,-0.9820112586021423,0.9999964833259583,-0.00024492216383536017,0.11848630184979723,0,0,0.9674479166666666,0.032552083333333336,0.021630615640599003,230
small_rect_edge_train_0001,train,small_rect_edge,0.0,0.9036803245544434,0.00924594535290116,0.04863836030470348,0,0,0.0,1.0,0.001294296881597903,0.03422546527501238,0,0,-0.07389162480831146,0.07499998807907104,-0.001092314212453655,0.014550214829504934,0,0,-0.9986152648925781,0.9999964833259583,0.00028435666165562535,0.13744255426839797,0,0,0.9565972222222222,0.043402777777777776,0.027247956403269755,285
small_rect_edge_train_0002,train,small_rect_edge,0.0,0.8541481494903564,0.009764225808457585,0.05517008796331314,0,0,0.0,1.0,0.001221043876958666,0.03243601402060891,0,0,-0.07372584939002991,0.07410934567451477,0.0015505148513949717,0.013003664630713185,0,0,-0.9367321133613586,0.9999969601631165,0.0007078650162805354,0.12446266575207143,0,0,0.9638310185185185,0.03616898148148148,0.02945736434108527,235
small_rect_edge_train_0003,train,small_rect_edge,0.0,0.9178597927093506,0.016576339712897875,0.07615709469735744,0,0,0.0,1.0,0.0009461254899010614,0.02754572071024634,0,0,-0.07438972592353821,0.0747220516204834,-0.0005131511177212276,0.014640578164088513,0,0,-0.9820112586021423,0.9999964833259583,-0.00022772123913825822,0.13950953176516467,0,0,0.9544270833333334,0.045572916666666664,0.02109181141439206,270
small_rect_edge_train_0004,train,small_rect_edge,0.0,0.9057035446166992,0.0056801018432300525,0.035805399874954985,0,0,0.0,1.0,0.0008644742753218721,0.027566380781467104,0,0,-0.06864529848098755,0.0,-0.0019898905183826747,0.009258362083413551,0,0,-0.994807243347168,0.9999964833259583,-0.00027434411970682923,0.13322782391662422,0,0,0.9612991898148148,0.03870081018518518,0.023255813953488372,25
small_rect_edge_train_0005,train,small_rect_edge,0.0,1.0,0.003268734835664325,0.02623864888136973,0,0,0.0,0.9877259731292725,0.0017932102006549637,0.039926159544446484,0,0,-0.07389162480831146,0.0747220516204834,-0.0025773484365479954,0.011683921511991671,0,0,-0.9768810272216797,0.9999964833259583,-0.0014077380115782875,0.16023909636317518,0,0,0.9377893518518519,0.06221064814814815,0.022222222222222223,120
small_rect_edge_train_0006,train,small_rect_edge,0.0,0.9553653001785278,0.018399568309110624,0.08350730918486447,0,0,0.0,1.0,0.0010108406293309396,0.029382439706688128,0,0,-0.07494446635246277,0.07461076974868774,0.0008568293371893189,0.014368967668330573,0,0,-0.9820112586021423,0.9973381757736206,0.000622971370468669,0.13761872517255808,0,0,0.9547887731481481,0.04521122685185185,0.020214030915576695,265
small_rect_edge_train_0007,train,small_rect_edge,0.0,0.9564170837402344,0.0016358711464034867,0.015120256851332533,0,0,0.0,1.0,0.0008241212840571448,0.027080578159620197,0,0,-0.07361538708209991,0.0,-0.0016959906335816616,0.008589624106449553,0,0,-0.9991823434829712,0.9999964833259583,0.00037098797663390914,0.11649419742803187,0,0,0.9674479166666666,0.032552083333333336,0.04411764705882353,30
small_rect_edge_train_0008,train,small_rect_edge,0.0,0.9540246725082397,0.011431128016906936,0.05886638650135438,0,0,0.0,1.0,0.0018393862863174742,0.04093504522455733,0,0,-0.07477790117263794,0.07455511391162872,-0.0022066502963382474,0.011847666576362765,0,0,-0.9928953647613525,0.9999964833259583,0.0012893198971950267,0.1287590409520285,0,0,0.9616608796296297,0.03833912037037037,0.04046242774566474,165
small_rect_edge_train_0009,train,small_rect_edge,0.0,1.0,0.008634250818532665,0.04459187642634948,0,0,0.0,0.9988200068473816,0.0012633397795811848,0.0341450586697492,0,0,-0.07389162480831146,0.07499998807907104,-0.0018952664740262898,0.013149636172627993,0,0,-0.9986152648925781,0.9999964833259583,0.0005733265748454465,0.13819037852567334,0,0,0.9555121527777778,0.044487847222222224,0.024285714285714285,200
small_rect_edge_train_0010,train,small_rect_edge,0.0,1.0,0.017804806510092155,0.0931086922007709,0,0,0.0,0.9518049955368042,0.0012163756398001202,0.03136498793953102,0,0,-0.07477790117263794,0.07455511391162872,0.001197724012416546,0.011000946750014257,0,0,-0.9820112586021423,0.964989185333252,0.00046112390754792106,0.11166462662155405,0,0,0.9692563657407407,0.03074363425925926,0.03608247422680412,180
small_rect_edge_train_0011,train,small_rect_edge,0.0,1.0,0.017359764985552896,0.08298347968155406,0,0,0.0,0.9936479926109314,0.0013855293056824142,0.03641645295627236,0,0,-0.07411287724971771,0.0747220516204834,0.0013458481353828338,0.014198612202605116,0,0,-0.9820112586021423,0.9999969601631165,0.001323920758177674,0.14308740927801905,0,0,0.9551504629629629,0.044849537037037035,0.024630541871921183,275
small_rect_edge_train_0012,train,small_rect_edge,0.0,0.9037088751792908,0.0018833195310295255,0.020381684238987514,0,0,0.0,1.0,0.0012483166237534195,0.03374938878972644,0,0,-0.059531718492507935,0.0,-0.001379934762587288,0.007247028429465053,0,0,-0.994807243347168,0.9973381757736206,-0.0003660126431323415,0.12137255383011256,0,0,0.9681712962962963,0.031828703703703706,0.027777777777777776,0
small_rect_edge_train_0013,train,small_rect_edge,0.0,0.9685108065605164,0.018584985138120288,0.08388676043230933,0,0,0.0,1.0,0.0012306258496310976,0.03343999802635167,0,0,-0.07411287724971771,0.07499998807907104,0.0008488527533632738,0.014725895799551128,0,0,-0.9820112586021423,0.9999969601631165,0.002740775326367805,0.14050449971458018,0,0,0.9569589120370371,0.043041087962962965,0.021686746987951807,305
small_rect_edge_train_0014,train,small_rect_edge,0.0,0.9784372448921204,0.007492975538904527,0.039505862632259664,0,0,0.0,1.0,0.0009937479885088073,0.029409792718297502,0,0,-0.07438972592353821,0.0747220516204834,-0.0019138212115245147,0.013070221699871164,0,0,-0.9788332581520081,0.9999964833259583,0.0007187027138031597,0.13942991809229652,0,0,0.9562355324074074,0.043764467592592594,0.016417910447761194,225
small_rect_edge_train_0015,train,small_rect_edge,0.0,0.8011882901191711,0.00770243058896422,0.039512439519867125,0,0,0.0,1.0,0.0008780801349698946,0.027127597516558497,0,0,-0.07411287724971771,0.07499998807907104,-0.0014334807012885533,0.014067803720398855,0,0,-0.9991823434829712,0.9999964833259583,-0.001848980168772498,0.1422015952844931,0,0,0.9562355324074074,0.043764467592592594,0.01912568306010929,255
small_rect_edge_train_0016,train,small_rect_edge,0.0,0.892936110496521,0.01243700797931524,0.06344406607876335,0,0,0.0,1.0,0.001621770646630062,0.03656631420279009,0,0,-0.07411287724971771,0.07499998807907104,0.0018279808541087226,0.012131751173365369,0,0,-0.9667691588401794,0.9999969601631165,0.003920920405814993,0.12947307620607185,0,0,0.9612991898148148,0.03870081018518518,0.04011461318051576,185
small_rect_edge_train_0017,train,small_rect_edge,0.0,0.973757266998291,0.018661398688605172,0.08735152314587423,0,0,0.0,1.0,0.0009647384932678607,0.029471020669520627,0,0,-0.07477790117263794,0.07461076974868774,0.001208207778054876,0.014037599294303472,0,0,-0.9820112586021423,0.9772876501083374,0.0016667670422521041,0.13621413939303764,0,0,0.9551504629629629,0.044849537037037035,0.018518518518518517,265
small_rect_edge_train_0018,train,small_rect_edge,0.0,0.8226200342178345,0.003616736541769367,0.025732458696483943,0,0,0.0,1.0,0.0011932549360035747,0.03172331987250212,0,0,-0.07174576818943024,0.0,-0.001424533456210392,0.007927254651016312,0,0,-0.9820112586021423,0.9999964833259583,9.660563793861204e-05,0.11074734704275797,0,0,0.9714265046296297,0.02857349537037037,0.0427807486631016,20
small_rect_edge_train_0019,train,small_rect_edge,0.0,0.9966939687728882,0.02054990364275808,0.09277134440080931,0,0,0.0,1.0,0.0013254070697628238,0.03491046676354796,0,0,-0.07438972592353821,0.0747220516204834,0.00037044163306105746,0.014778144815355944,0,0,-0.9820112586021423,0.9969497919082642,0.001855708769737787,0.143017024474769,0,0,0.9558738425925926,0.044126157407407406,0.024096385542168676,280
small_rect_edge_train_0020,train,small_rect_edge,0.0,0.9329158663749695,0.0068638457403519875,0.04329146673479453,0,0,0.0,1.0,0.0012158089731302527,0.03294458197189498,0,0,-0.07389162480831146,0.0747220516204834,-0.0017909145983005012,0.010640533772682158,0,0,-0.9768810272216797,0.9999964833259583,-0.001338012884675495,0.12084850378847474,0,0,0.9670862268518519,0.03291377314814815,0.03288201160541586,120
small_rect_edge_train_0021,train,small_rect_edge,0.0,0.8710216879844666,0.01941502090617346,0.08633315764900928,0,0,0.0,1.0,0.0012074655473784165,0.032756271816369614,0,0,-0.07438972592353821,0.0747220516204834,-5.069764921683128e-05,0.014824590302364613,0,0,-0.9820112586021423,0.9999964833259583,0.0012740119009153946,0.1437695390924684,0,0,0.9558738425925926,0.044126157407407406,0.022809123649459785,280
small_rect_edge_train_0022,train,small_rect_edge,0.0,0.9393472671508789,0.0018462863973893575,0.018491974902660364,0,0,0.0,1.0,0.0010916792563404197,0.03123304360933495,0,0,-0.0732843279838562,0.00479501485824585,-0.0017427469935716578,0.008457942675579967,0,0,-0.9991823434829712,0.9999964833259583,-0.00015892683020663552,0.13251101007784968,0,0,0.9612991898148148,0.03870081018518518,0.021897810218978103,30
small_rect_edge_train_0023,train,small_rect_edge,0.0,1.0,0.017632482993980778,0.07893362918417927,0,0,0.0,0.9916639924049377,0.0015619944229170128,0.03772374356320706,0,0,-0.07411287724971771,0.07499998807907104,-0.0001423921289474324,0.014961160484377825,0,0,-0.9820112586021423,0.9999969601631165,0.0010505659531224443,0.14145442518233742,0,0,0.9573206018518519,0.04267939814814815,0.02888086642599278,325
small_rect_edge_train_0024,train,small_rect_edge,0.0,0.9749201536178589,0.008133037938562295,0.05153522288749314,0,0,0.0,1.0,0.001423891875203009,0.03657361785128851,0,0,-0.06951139867305756,0.0,-0.0019171885462667517,0.009510930727089424,0,0,-0.9928953647613525,0.9999964833259583,0.001339861558975557,0.11884955291213382,0,0,0.9685329861111112,0.03146701388888889,0.03319502074688797,35
small_rect_edge_train_0025,train,small_rect_edge,0.0,0.8415949940681458,0.013806857592852693,0.06644413606879034,0,0,0.0,1.0,0.0008737794296057136,0.027233202696719368,0,0,-0.07477790117263794,0.07461076974868774,0.0008018279159269123,0.014429778559405786,0,0,-0.9820112586021423,0.9999964833259583,0.002810745279770412,0.13867895789728873,0,0,0.9544270833333334,0.045572916666666664,0.017811704834605598,265
small_rect_edge_train_0026,train,small_rect_edge,0.0,0.9505007266998291,0.022829240555943722,0.09884876239689243,0,0,0.0,1.0,0.0012784931610372882,0.034496913774488006,0,0,-0.07494446635246277,0.07499998807907104,-0.0006954648738933934,0.014559522827948002,0,0,-0.9928953647613525,0.9999969601631165,-0.002350145572588897,0.13924378150698768,0,0,0.9551504629629629,0.044849537037037035,0.02283653846153846,260
small_rect_edge_train_0027,train,small_rect_edge,0.0,0.8948298096656799,0.0110780688890844,0.05460569488575999,0,0,0.0,1.0,0.0009441667848646089,0.02886162234642306,0,0,-0.07389162480831146,0.07499998807907104,0.0018740167433861643,0.013593402119065642,0,0,-0.9788332581520081,0.9999969601631165,0.0005025235929712869,0.14084095176472403,0,0,0.9555121527777778,0.044487847222222224,0.019011406844106463,240
small_rect_edge_train_0028,train,small_rect_edge,0.0,0.8440570831298828,0.0029197669195363467,0.02671871175737392,0,0,0.0,1.0,0.0014686245272901874,0.03556927918228542,0,0,-0.05500000715255737,0.0,-0.0012744456331280094,0.00681173458880578,0,0,-0.9928953647613525,0.9999964833259583,-0.0017542073311671157,0.12271074307800646,0,0,0.9674479166666666,0.032552083333333336,0.05533596837944664,0
small_rect_edge_train_0029,train,small_rect_edge,0.0,1.0,0.0060063221487275265,0.03560534468463414,0,0,0.0,0.9908159971237183,0.0013339487206259811,0.03596155191250167,0,0,-0.07438972592353821,0.07455511391162872,-0.0023636291411498356,0.011132022001250385,0,0,-0.994807243347168,0.9999964833259583,-0.0007531254319743581,0.1428746664197203,0,0,0.9544270833333334,0.045572916666666664,0.029296875,115
small_rect_edge_train_0030,train,small_rect_edge,0.0,0.8756330013275146,0.004567204944308927,0.03545703527841186,0,0,0.0,1.0,0.0008320522072069623,0.027278638736902585,0,0,-0.06994566321372986,0.0,-0.001211887014236439,0.007317389905241899,0,0,-0.9986152648925781,0.9772876501083374,-0.001189048461027495,0.0994694672903944,0,0,0.9782986111111112,0.021701388888888888,0.03592814371257485,15
small_rect_edge_train_0031,train,small_rect_edge,0.0,1.0,0.003045408239105259,0.028050721721817405,0,0,0.0,0.9407719969749451,0.0011639934059025513,0.030787237461119655,0,0,-0.07405753433704376,0.07388612627983093,-0.0021960091975483076,0.010147108781788074,0,0,-0.9820112586021423,0.9932713508605957,0.00039718734889767666,0.14457062409764193,0,0,0.9540653935185185,0.04593460648148148,0.03431372549019608,65
small_rect_edge_train_0032,train,small_rect_edge,0.0,1.0,0.0187056860808365,0.07509439838613978,0,0,0.0,0.9890720248222351,0.0013762904305217995,0.03537378928770056,0,0,-0.07411287724971771,0.07499998807907104,0.0006297085902015506,0.016595731317920432,0,0,-0.9820112586021423,0.9999969601631165,0.004654380994384998,0.16255439454092235,0,0,0.9428530092592593,0.05714699074074074,0.019498607242339833,380
small_rect_edge_train_0033,train,small_rect_edge,0.0,1.0,0.0075299994515195,0.04159605449126669,0,0,0.0,0.9610199928283691,0.0011506275860247788,0.031228432302321127,0,0,-0.07494446635246277,0.07499998807907104,-0.0018501535157190152,0.01337594987986396,0,0,-0.9820112586021423,0.9999964833259583,0.005410933872890719,0.13479331990958104,0,0,0.9576822916666666,0.042317708333333336,0.030303030303030304,260
small_rect_edge_train_0034,train,small_rect_edge,0.0,0.9787905812263489,0.01508157813976949,0.07497831530765584,0,0,0.0,1.0,0.0011325056440438385,0.032332229776490945,0,0,-0.07389162480831146,0.07499998807907104,0.0012678057020012704,0.013470773078074188,0,0,-0.9788332581520081,0.9999969601631165,0.0008699969910392408,0.12464104453138802,0,0,0.9638310185185185,0.03616898148148148,0.02478134110787172,270
small_rect_edge_train_0035,train,small_rect_edge,0.0,1.0,0.01675397624756914,0.07918101860874059,0,0,0.0,0.9772679805755615,0.0009644918221359452,0.02933987511000051,0,0,-0.07411287724971771,0.07499998807907104,0.0019097859654316886,0.013562080715245237,0,0,-0.9667691588401794,0.9999969601631165,0.005382289817606323,0.1387040157751147,0,0,0.9544270833333334,0.045572916666666664,0.019255455712451863,235
small_rect_edge_train_0036,train,small_rect_edge,0.0,1.0,0.01895458026114351,0.0843692109497698,0,0,0.0,0.9910600185394287,0.0010882276455285373,0.03199174234143222,0,0,-0.07438972592353821,0.0747220516204834,0.0008256139537681722,0.014536169559225579,0,0,-0.9820112586021423,0.9640410542488098,0.000731489090294754,0.1404511600047202,0,0,0.9544270833333334,0.045572916666666664,0.019347037484885126,270
small_rect_edge_train_0037,train,small_rect_edge,0.0,1.0,0.016881357243012946,0.07730350920625488,0,0,0.0,0.9447870254516602,0.0009662001091917908,0.02934615141529886,0,0,-0.07411287724971771,0.0747220516204834,0.001153562894884359,0.014403670012661027,0,0,-0.9820112586021423,0.9999969601631165,0.0025717875471989965,0.14005252904166135,0,0,0.9555121527777778,0.044487847222222224,0.018115942028985508,285
small_rect_edge_train_0038,train,small_rect_edge,0.0,0.8926499485969543,0.013978420219549056,0.06848257921165044,0,0,0.0,1.0,0.0016392407792240934,0.036898297196000004,0,0,-0.07494446635246277,0.07455511391162872,-0.0012978428707423586,0.012702401323448383,0,0,-0.9928953647613525,0.9973381757736206,0.0012272850893134968,0.12491996276131645,0,0,0.9634693287037037,0.036530671296296294,0.039603960396039604,220
small_rect_edge_train_0039,train,small_rect_edge,0.0,0.982187032699585,0.016322372472401453,0.08183476534906084,0,0,0.0,1.0,0.0013439410098793883,0.03536640371274104,0,0,-0.07438972592353821,0.0747220516204834,0.0019417245197541047,0.013068760093657782,0,0,-0.9943807125091553,0.9628074765205383,-0.00018059877115101026,0.13859341730072844,0,0,0.9537037037037037,0.046296296296296294,0.02284263959390863,240
small_rect_edge_train_0040,train,small_rect_edge,0.0,0.9360588192939758,0.003181506633575703,0.024686039077822554,0,0,0.0,1.0,0.0009815650129759753,0.029888621668508683,0,0,-0.07196491956710815,0.0,-0.0014432249655429688,0.007953644584185765,0,0,-0.9986152648925781,0.9999964833259583,0.00017906708611311237,0.10664202575322396,0,0,0.9739583333333334,0.026041666666666668,0.027491408934707903,20
small_rect_edge_train_0041,train,small_rect_edge,0.0,0.9252250790596008,0.0025722793607703956,0.023895168643841443,0,0,0.0,1.0,0.0013123953508006202,0.03544426015505554,0,0,-0.06494683027267456,0.0020761489868164062,-0.001958609371083892,0.008957539781604896,0,0,-0.994807243347168,0.9973381757736206,0.0003707724499690812,0.1433205137829331,0,0,0.9551504629629629,0.044849537037037035,0.031578947368421054,0
small_rect_edge_train_0042,train,small_rect_edge,0.0,0.9274948835372925,0.005044896838710513,0.03518900900817431,0,0,0.0,1.0,0.0011649461877014902,0.033243722805057024,0,0,-0.07372584939002991,0.0729910284280777,-0.001536312004275344,0.009951476611602254,0,0,-0.9986152648925781,0.9999964833259583,-0.0021317054995085563,0.10863574150306889,0,0,0.9743200231481481,0.025679976851851853,0.04106280193236715,105
small_rect_edge_train_0043,train,small_rect_edge,0.0,1.0,0.01600540494008682,0.07338752448772609,0,0,0.0,0.9844409823417664,0.0015674735876490121,0.037745232052176836,0,0,-0.07411287724971771,0.0747220516204834,-0.0009946756256761513,0.014426126957134399,0,0,-0.9820112586021423,0.9999964833259583,0.001071945139217321,0.13886184955980108,0,0,0.9555121527777778,0.044487847222222224,0.02902055622732769,275
small_rect_edge_train_0044,train,small_rect_edge,0.0,0.9130210280418396,0.004146278390012244,0.030189092705014024,0,0,0.0,1.0,0.000931363548497083,0.02936412414581243,0,0,-0.06462797522544861,0.0008321702480316162,-0.0016606271674390882,0.007995108285072461,0,0,-0.994807243347168,0.9999964833259583,4.4637149417044215e-07,0.13028681915414758,0,0,0.9605758101851852,0.03942418981481482,0.030162412993039442,0
small_rect_edge_train_0045,train,small_rect_edge,0.0,0.8659155368804932,0.010004176668796086,0.04877481611370286,0,0,0.0,1.0,0.0012927497650876089,0.03406220814741485,0,0,-0.07494446635246277,0.07499998807907104,-0.001098619314790186,0.014248081376775973,0,0,-0.9928953647613525,0.9999964833259583,-0.0004458530572214335,0.13590850857184947,0,0,0.9565972222222222,0.043402777777777776,0.02574002574002574,260
small_rect_edge_train_0046,train,small_rect_edge,0.0,0.9044650197029114,0.005783952346982241,0.03692069322330553,0,0,0.0,1.0,0.001183991803339234,0.032156041368230026,0,0,-0.07411287724971771,0.07388612627983093,-0.0018146444010738007,0.01047558786939046,0,0,-0.9820112586021423,0.9973381757736206,-0.0006796461917912422,0.1203795881535527,0,0,0.9674479166666666,0.032552083333333336,0.03468208092485549,105
small_rect_edge_train_0047,train,small_rect_edge,0.0,0.8243404626846313,0.012255100600938292,0.060850982143748136,0,0,0.0,1.0,0.0011866639144028778,0.03225932790532835,0,0,-0.07438972592353821,0.0747220516204834,0.0015314506944613877,0.013740599935234944,0,0,-0.9820112586021423,0.9628074765205383,0.0006189164290996511,0.1387106578275371,0,0,0.9540653935185185,0.04593460648148148,0.02364394993045897,270
small_rect_edge_train_0048,train,small_rect_edge,0.0,1.0,0.015556055384944624,0.07670214071465883,0,0,0.0,0.9965410232543945,0.0009889673674479127,0.030096705473389267,0,0,-0.07450056076049805,0.07461076974868774,0.0010688168037665524,0.012901891611550547,0,0,-0.9820112586021423,0.9772876501083374,0.00048094816895206385,0.128898671880349,0,0,0.9609375,0.0390625,0.021337126600284494,225
small_rect_edge_train_0049,train,small_rect_edge,0.0,0.9499933123588562,0.009953247922196708,0.0521856041441471,0,0,0.0,1.0,0.001128270480505846,0.03222223511391581,0,0,-0.07438972592353821,0.0747220516204834,-0.0020108452978699156,0.01277310365142336,0,0,-0.9928953647613525,0.9999964833259583,-0.0005095984397485154,0.142282717181842,0,0,0.9540653935185185,0.04593460648148148,0.023154848046309694,210
small_rect_edge_train_0050,train,small_rect_edge,0.0,0.8789972066879272,0.011958641644283759,0.06904409903920192,0,0,0.0,1.0,0.0013166329806187638,0.03469417367742941,0,0,-0.07411287724971771,0.0747220516204834,-0.00022765396149932512,0.011798829836519156,0,0,-0.9820112586021423,0.9969497919082642,-0.0012775195452579486,0.10757249742480372,0,0,0.9764901620370371,0.02350983796296296,0.04056795131845842,200
small_rect_edge_train_0051,train,small_rect_edge,0.0,1.0,0.01571563267599332,0.07465970476380669,0,0,0.0,0.9396759867668152,0.0011733800509116715,0.03172219447699708,0,0,-0.07438972592353821,0.0747220516204834,0.0012410369365372593,0.014181518276445548,0,0,-0.9820112586021423,0.9640410542488098,0.000853826435289833,0.1401816127837276,0,0,0.9537037037037037,0.046296296296296294,0.022031823745410038,270
small_rect_edge_train_0052,train,small_rect_edge,0.0,0.8499346971511841,0.005515632644645579,0.03844711555124663,0,0,0.0,1.0,0.0011833321337622624,0.032323419306987795,0,0,-0.060000017285346985,0.0,-0.0017736273703458547,0.008400052283628655,0,0,-0.9783591032028198,0.9999964833259583,-0.00134306736476396,0.1385488536180207,0,0,0.9591290509259259,0.04087094907407408,0.046153846153846156,0
small_rect_edge_train_0053,train,small_rect_edge,0.0,0.9983327984809875,0.0058832651655022885,0.03364461007872098,0,0,0.0,1.0,0.0013058747389112359,0.035229621699594836,0,0,-0.07438972592353821,0.07455511391162872,-0.002386071115594219,0.011589372571178844,0,0,-0.994807243347168,0.9999964833259583,-0.0002257369326091268,0.14431560889195208,0,0,0.9544270833333334,0.045572916666666664,0.025925925925925925,145
small_rect_edge_train_0054,train,small_rect_edge,0.0,0.9734207391738892,0.0169376257845552,0.07590876181796266,0,0,0.0,1.0,0.001469645351688895,0.036864358943919755,0,0,-0.07411287724971771,0.07499998807907104,0.001171436737489852,0.0144421744965891,0,0,-0.9820112586021423,0.9999969601631165,0.0013898179306832186,0.1439358733824458,0,0,0.9547887731481481,0.04521122685185185,0.02679658952496955,285
small_rect_edge_train_0055,train,small_rect_edge,0.0,0.8397737145423889,0.007851491302647918,0.03840296266138642,0,0,0.0,1.0,0.0011068057544805386,0.03042565390294413,0,0,-0.07411287724971771,0.07499998807907104,-0.0012518672317835605,0.014244098224160819,0,0,-0.9820112586021423,0.9973381757736206,0.0013980704430751859,0.13705113836314775,0,0,0.9565972222222222,0.043402777777777776,0.025,265
small_rect_edge_train_0056,train,small_rect_edge,0.0,0.8862254619598389,0.013232641140584074,0.062007769396987586,0,0,0.0,1.0,0.0012047449385540353,0.033436297082990035,0,0,-0.07411287724971771,0.07499998807907104,0.0013019161458403148,0.014408764454864657,0,0,-0.9820112586021423,0.9999969601631165,0.002816589895465532,0.1397866175039358,0,0,0.9565972222222222,0.043402777777777776,0.02236024844720497,285
small_rect_edge_train_0057,train,small_rect_edge,0.0,1.0,0.01457512757151899,0.06355645556068104,0,0,0.0,0.9182279706001282,0.0017080890937466865,0.038006233114555324,0,0,-0.07389162480831146,0.07499998807907104,-0.001211195852159074,0.016254318722610742,0,0,-0.9986152648925781,0.9999964833259583,-0.00014771838895857972,0.1612722208723172,0,0,0.9410445601851852,0.05895543981481482,0.029946524064171122,335
small_rect_edge_train_0058,train,small_rect_edge,0.0,0.8819423317909241,0.016334064601526026,0.07240321831569063,0,0,0.0,1.0,0.0010786690852708286,0.03178116759245632,0,0,-0.07438972592353821,0.0747220516204834,0.0008256139537681722,0.014536169559225579,0,0,-0.9820112586021423,0.9640410542488098,0.000731489090294754,0.1404511600047202,0,0,0.9544270833333334,0.045572916666666664,0.01932367149758454,270
small_rect_edge_train_0059,train,small_rect_edge,0.0,1.0,0.00290347160890134,0.023764384863700045,0,0,0.0,0.9935849905014038,0.0014519617392647047,0.03571800776279113,0,0,-0.07389162480831146,0.07499998807907104,-0.0024488185482806767,0.012793731604328916,0,0,-0.9991823434829712,0.9999964833259583,-0.0008777395955635088,0.16318861145814378,0,0,0.9381510416666666,0.061848958333333336,0.021505376344086023,165
small_rect_edge_train_0060,train,small_rect_edge,0.0,1.0,0.01878189223195174,0.0884218839974796,0,0,0.0,0.9535989761352539,0.0012320434519400199,0.033263116227186064,0,0,-0.07494446635246277,0.07499998807907104,0.0017270616350557517,0.013242399517023466,0,0,-0.9820112586021423,0.9999969601631165,-0.0005458925931247062,0.13615024932039232,0,0,0.9558738425925926,0.044126157407407406,0.023779724655819776,260
small_rect_edge_train_0061,train,small_rect_edge,0.0,0.8621551990509033,0.006887526681212976,0.03676852118940275,0,0,0.0,1.0,0.001044634953831081,0.029032579353487464,0,0,-0.07411287724971771,0.07499998807907104,-0.0020582954392820182,0.012458280260667087,0,0,-0.9991823434829712,0.9999964833259583,-0.0006352707973073175,0.14088428432474062,0,0,0.9555121527777778,0.044487847222222224,0.026729559748427674,170
small_rect_edge_train_0062,train,small_rect_edge,0.0,0.8942055702209473,0.001962935762456389,0.015382516923409254,0,0,0.0,1.0,0.001415471865416125,0.03635172484780199,0,0,-0.07389162480831146,0.07499998807907104,-0.002311278356635874,0.014087822700976157,0,0,-0.9991823434829712,0.9999964833259583,-0.001266660587875608,0.16025253505205395,0,0,0.9399594907407407,0.06004050925925926,0.02142857142857143,215
small_rect_edge_train_0063,train,small_rect_edge,0.0,0.9412057399749756,0.019386698956185246,0.08585389251056459,0,0,0.0,1.0,0.0010531994652141024,0.030264547775255102,0,0,-0.07438972592353821,0.0747220516204834,0.0007038065167661342,0.014628478621992989,0,0,-0.9788332581520081,0.9932713508605957,0.00040030350680387563,0.13930593165100133,0,0,0.9547887731481481,0.04521122685185185,0.020481927710843374,270
small_rect_edge_train_0064,train,small_rect_edge,0.0,1.0,0.0030471193249489398,0.025368490760834837,0,0,0.0,0.9010519981384277,0.0012718285477064826,0.031979746318590914,0,0,-0.07411287724971771,0.0747220516204834,-0.0025131637327528247,0.013107714960503423,0,0,-0.9991823434829712,0.9999964833259583,0.0013521809166747887,0.16246895348882542,0,0,0.9403211805555556,0.05967881944444445,0.047619047619047616,175
small_rect_edge_train_0065,train,small_rect_edge,0.0,0.9384173154830933,0.007786613735098163,0.04290813848324497,0,0,0.0,1.0,0.0015043480908153233,0.03627629958989282,0,0,-0.07438972592353821,0.07461076974868774,-0.002308582269405532,0.011307162788671709,0,0,-0.994807243347168,0.9999964833259583,-2.647085887440847e-05,0.140671853796723,0,0,0.9540653935185185,0.04593460648148148,0.02976190476190476,120
small_rect_edge_train_0066,train,small_rect_edge,0.0,1.0,0.010196055025315016,0.05292409287242952,0,0,0.0,0.9708210229873657,0.0011079223714423952,0.03170018878366328,0,0,-0.07411287724971771,0.0747220516204834,-0.0021776542794045613,0.011861353894726048,0,0,-0.9820112586021423,0.9999964833259583,0.0008832771070248984,0.14087797091009382,0,0,0.9551504629629629,0.044849537037037035,0.023066485753052916,140
small_rect_edge_train_0067,train,small_rect_edge,0.0,0.9689875841140747,0.021107441249518563,0.08592251954275701,0,0,0.0,1.0,0.0013989760643906063,0.03455893090158579,0,0,-0.07389162480831146,0.07499998807907104,-0.00045493259676732123,0.016662815568830258,0,0,-0.9986152648925781,0.9999969601631165,-0.0009356235595650678,0.16014005198345732,0,0,0.94140625,0.05859375,0.01984877126654064,375
small_rect_edge_train_0068,train,small_rect_edge,0.0,0.8799338936805725,0.011699110416278321,0.06994979186819306,0,0,0.0,1.0,0.0012634377667887344,0.03334562479449945,0,0,-0.07411287724971771,0.0747220516204834,-1.79980189487752e-05,0.012145001597752041,0,0,-0.9491848945617676,0.9932713508605957,0.0018482399429928962,0.10874277720326914,0,0,0.9754050925925926,0.02459490740740741,0.040983606557377046,235
small_rect_edge_train_0069,train,small_rect_edge,0.0,0.9408010244369507,0.012478022810775521,0.060853496147181635,0,0,0.0,1.0,0.0011353500325370718,0.032404429798023174,0,0,-0.07494446635246277,0.07461076974868774,-0.0015692542904246322,0.013693502682182944,0,0,-0.9928953647613525,0.9973381757736206,0.0007993384015544843,0.13656591815772365,0,0,0.9558738425925926,0.044126157407407406,0.021518987341772152,260
small_rect_edge_train_0070,train,small_rect_edge,0.0,0.8215205669403076,0.013328636109657021,0.06503228584771784,0,0,0.0,1.0,0.0009129696775710693,0.028007674407672902,0,0,-0.07411287724971771,0.07499998807907104,-0.0007639519592177951,0.013521586992921017,0,0,-0.9820112586021423,0.9973381757736206,0.0008680148134435176,0.12934282607352257,0,0,0.9638310185185185,0.03616898148148148,0.021645021645021644,245
small_rect_edge_train_0071,train,small_rect_edge,0.0,0.9036810994148254,0.006130313698172863,0.03298789553465146,0,0,0.0,1.0,0.0012240806525504147,0.03317631545536845,0,0,-0.07411287724971771,0.07499998807907104,-0.0020582954392820182,0.012458280260667086,0,0,-0.9991823434829712,0.9999964833259583,-0.0006352707973073175,0.14088428432474062,0,0,0.9555121527777778,0.044487847222222224,0.02857142857142857,170
small_rect_edge_train_0072,train,small_rect_edge,0.0,1.0,0.014480474912791882,0.0703098332134344,0,0,0.0,0.9792029857635498,0.0018697114299154943,0.04156392864903903,0,0,-0.07438972592353821,0.0747220516204834,-0.001259404180692164,0.013422644603885302,0,0,-0.9788332581520081,0.9999964833259583,0.00082459141300138,0.12680493669165047,0,0,0.9638310185185185,0.03616898148148148,0.03873744619799139,255
small_rect_edge_train_0073,train,small_rect_edge,0.0,0.8249239325523376,0.0147669589679464,0.06632219173378666,0,0,0.0,1.0,0.0014980844506579968,0.03619938297075133,0,0,-0.07411287724971771,0.07499998807907104,-0.00023762563446157233,0.01493124001995507,0,0,-0.9820112586021423,0.9999969601631165,-7.74463757335508e-05,0.1394955416196086,0,0,0.9584056712962963,0.041594328703703706,0.028014616321559074,315
small_rect_edge_train_0074,train,small_rect_edge,0.0,0.8141777515411377,0.008320294936142832,0.0554765321049389,0,0,0.0,1.0,0.0009217338584777382,0.02767925950387264,0,0,-0.07389162480831146,0.07499998807907104,-0.0011671192327479798,0.009917405298116196,0,0,-0.9788332581520081,0.9999964833259583,-0.00012711939032467652,0.0963563139987807,0,0,0.9786603009259259,0.021339699074074073,0.03759398496240601,120
small_rect_edge_train_0075,train,small_rect_edge,0.0,0.9757059216499329,0.011593143803094319,0.05861599749874301,0,0,0.0,1.0,0.0012622748165287906,0.03338209980132337,0,0,-0.07389162480831146,0.07499998807907104,0.001799808637264909,0.013800002238895308,0,0,-0.9788332581520081,0.9999969601631165,0.0032591610262763288,0.14048262329537722,0,0,0.9565972222222222,0.043402777777777776,0.02680965147453083,255
small_rect_edge_train_0076,train,small_rect_edge,0.0,0.8373098373413086,0.013680732095154882,0.06640409350413878,0,0,0.0,1.0,0.001046922859839267,0.029368177549382514,0,0,-0.07411287724971771,0.07499998807907104,0.0009903836730195002,0.013437275653672547,0,0,-0.9820112586021423,0.9999969601631165,0.0020174440650138153,0.13126249720872704,0,0,0.9631076388888888,0.03689236111111111,0.02535211267605634,250
small_rect_edge_train_0077,train,small_rect_edge,0.0,0.8128370046615601,0.01708619737898213,0.0750691763694739,0,0,0.0,1.0,0.0011581295661421285,0.03095367430914591,0,0,-0.07494446635246277,0.07461076974868774,-0.0007613575844853012,0.014527272142766211,0,0,-0.9928953647613525,0.9973381757736206,-0.0030022268364333555,0.13768433984043635,0,0,0.9551504629629629,0.044849537037037035,0.02403846153846154,265
small_rect_edge_train_0078,train,small_rect_edge,0.0,1.0,0.004847857027386824,0.03027837708878277,0,0,0.0,0.998320996761322,0.0011736567571966185,0.03350540815347201,0,0,-0.07372584939002991,0.07343901693820953,-0.0017266350860828188,0.012379848003409808,0,0,-0.9986152648925781,0.9999964833259583,-0.001427999478538469,0.1246733708692484,0,0,0.9645543981481481,0.03544560185185185,0.024774774774774775,185
small_rect_edge_train_0079,train,small_rect_edge,0.0,0.8435109853744507,0.01869868128999399,0.08335120639589776,0,0,0.0,1.0,0.0012412837672012825,0.03358548828980336,0,0,-0.07411287724971771,0.07499998807907104,0.0007317944470775763,0.014731698275511029,0,0,-0.9820112586021423,0.9999969601631165,0.001700675006001499,0.14503583886126933,0,0,0.9544270833333334,0.045572916666666664,0.02289156626506024,295
small_rect_edge_train_0080,train,small_rect_edge,0.0,0.9471552968025208,0.00161819342538702,0.014214977141572676,0,0,0.0,1.0,0.0013163741764233069,0.03554317101210649,0,0,-0.07372584939002991,0.07410934567451477,-0.0021692002041230874,0.011457725389102346,0,0,-0.9986152648925781,0.9999964833259583,-0.000291508298754774,0.1374245681548991,0,0,0.9565972222222222,0.043402777777777776,0.04132231404958678,125
small_rect_edge_train_0081,train,small_rect_edge,0.0,0.9171468019485474,0.01797986240668521,0.08507785891442127,0,0,0.0,1.0,0.001458405581716862,0.03553997474265965,0,0,-0.07494446635246277,0.07499998807907104,0.0017688845400698483,0.01296426287882994,0,0,-0.9820112586021423,0.9999969601631165,-0.0015619906207154633,0.13054104156153276,0,0,0.9573206018518519,0.04267939814814815,0.031788079470198675,260
small_rect_edge_train_0082,train,small_rect_edge,0.0,0.8225477337837219,0.008931103086608884,0.05343639531501728,0,0,0.0,1.0,0.001164883465713097,0.031095503575646402,0,0,-0.07411287724971771,0.07499998807907104,-0.0003043503535014612,0.011829373032851092,0,0,-0.9820112586021423,0.9973381757736206,0.0010578835527936732,0.1098888469089764,0,0,0.9754050925925926,0.02459490740740741,0.041407867494824016,210
small_rect_edge_train_0083,train,small_rect_edge,0.0,1.0,0.014717137429384079,0.07614234690996688,0,0,0.0,0.9517149925231934,0.0008811596436081109,0.028722947678691817,0,0,-0.07438972592353821,0.0747220516204834,-0.000506140042691388,0.012840618532082838,0,0,-0.9788332581520081,0.9999964833259583,0.0008272289020775739,0.1174244020073767,0,0,0.9688946759259259,0.031105324074074073,0.021702838063439065,230
small_rect_edge_train_0084,train,small_rect_edge,0.0,0.8074094653129578,0.0012642527323207644,0.01432204375854569,0,0,0.0,1.0,0.0010246679583495414,0.029459972854597245,0,0,-0.06622661650180817,0.0,-0.0012126116403292312,0.00687384272722796,0,0,-0.9991823434829712,0.9846839904785156,-0.00152237602243851,0.10909650650078796,0,0,0.9732349537037037,0.026765046296296297,0.03816793893129771,5
small_rect_edge_train_0085,train,small_rect_edge,0.0,0.9957283139228821,0.008106947176353666,0.04678276468280579,0,0,0.0,1.0,0.0008485482453748032,0.0277595172136046,0,0,-0.07389162480831146,0.07499998807907104,-0.0014590521782843603,0.011865482578763065,0,0,-0.9986152648925781,0.9999964833259583,-0.0005910304716289156,0.1189290923236305,0,0,0.9681712962962963,0.031828703703703706,0.024163568773234202,175
small_rect_edge_train_0086,train,small_rect_edge,0.0,1.0,0.0047311621497606714,0.032437472944736236,0,0,0.0,0.9404829740524292,0.000970147920910407,0.02948941298279088,0,0,-0.07273365557193756,0.07410934567451477,-0.0015262134386123056,0.008633838277622147,0,0,-0.9986152648925781,0.9999964833259583,0.00034349409765531565,0.10738911687639344,0,0,0.9739583333333334,0.026041666666666668,0.036855036855036855,40
small_rect_edge_train_0087,train,small_rect_edge,0.0,0.9532879590988159,0.012016557496491697,0.05609714917268383,0,0,0.0,1.0,0.0009694184754388752,0.029561185547380003,0,0,-0.07411287724971771,0.07499998807907104,-0.0015549978976465624,0.013888650750446378,0,0,-0.9820112586021423,0.9999964833259583,0.00012348347986011908,0.14030440677071954,0,0,0.9562355324074074,0.043764467592592594,0.017902813299232736,245
small_rect_edge_train_0088,train,small_rect_edge,0.0,1.0,0.018579954365358625,0.09893025799349286,0,0,0.0,0.9809060096740723,0.0012821312217662733,0.03459713889761704,0,0,-0.07411287724971771,0.0747220516204834,0.000904318537019814,0.012697175422369006,0,0,-0.9820112586021423,0.9969497919082642,0.0029367452489000075,0.11987674587074719,0,0,0.9688946759259259,0.031105324074074073,0.031932773109243695,235
small_rect_edge_train_0089,train,small_rect_edge,0.0,0.9803104996681213,0.0020823440384350324,0.02020639971819074,0,0,0.0,1.0,0.0008989008212531055,0.029321548823217514,0,0,-0.06415048241615295,0.0018691718578338623,-0.0013555334697701728,0.00714665541810939,0,0,-0.9768810272216797,0.9964806437492371,0.002901409790983625,0.119198614300525,0,0,0.9641927083333334,0.035807291666666664,0.03048780487804878,0
point_cluster_train_0000,train,point_cluster,0.0,0.8352411985397339,0.009954771046960997,0.059444290854325496,0,0,0.0,1.0,0.0007096836645225132,0.023389123116381267,0,0,0.0,0.046596020460128784,0.001167053191844995,0.00600679732755933,0,0,-0.9607370495796204,0.964989185333252,0.005160415529476099,0.12986035850618743,0,0,0.9635416666666666,0.036458333333333336,0.023297491039426525,0
point_cluster_train_0001,train,point_cluster,0.0,0.8940161466598511,0.009623250419348618,0.0604451097183649,0,0,0.0,1.0,0.00033573152635384487,0.01640514372346348,0,0,-0.04500000178813934,0.0,-0.0010543584719050192,0.005624143527932128,0,0,-0.9000070691108704,0.9766644239425659,9.351677376630337e-05,0.1145188617145156,0,0,0.9706307870370371,0.02936921296296296,0.011834319526627219,0
point_cluster_train_0002,train,point_cluster,0.0,0.9864159822463989,0.014027322267136495,0.08799624785391542,0,0,0.0,1.0,0.000255739557798262,0.013774209471865279,0,0,-0.07494446635246277,0.07499998807907104,4.96309453242079e-06,0.011753634295009896,0,0,-0.700005829334259,0.7826626300811768,0.0002575670449813414,0.06651792696645972,0,0,0.9812644675925926,0.01873553240740741,0.011235955056179775,224
point_cluster_train_0003,train,point_cluster,0.0,0.856572151184082,0.00629868994478447,0.048907921922909776,0,0,0.0,1.0,0.0002781276858446223,0.014844236765744267,0,0,-0.0538230836391449,0.0,-0.0010479709496764742,0.00608439361954097,0,0,-0.9913396239280701,0.9614124894142151,0.001006314113274803,0.10482785626768248,0,0,0.9741753472222222,0.025824652777777776,0.013966480446927373,0
point_cluster_train_0004,train,point_cluster,0.0,0.9993104934692383,0.005890646036951458,0.04496584638671877,0,0,0.0,1.0,0.00046378177918355776,0.019641162483027295,0,0,-0.0493769496679306,0.0026433616876602173,-0.0008360268494235006,0.0049213108581479155,0,0,-0.950625479221344,0.9766644239425659,0.0022911041410730425,0.1069622073168129,0,0,0.9741753472222222,0.025824652777777776,0.019021739130434784,0
point_cluster_train_0005,train,point_cluster,0.0,0.8224685192108154,0.008054749840488916,0.053394047223071006,0,0,0.0,1.0,0.0004165385315125739,0.018788923699536785,0,0,-0.07372584939002991,0.0729910284280777,-0.0014031407718667415,0.009674419571544465,0,0,-0.9788332581520081,0.9772876501083374,-0.0013474818062133164,0.09473288314475886,0,0,0.9792390046296297,0.02076099537037037,0.017902813299232736,105
point_cluster_train_0006,train,point_cluster,0.0,1.0,0.010208773325723963,0.06137477040042186,0,0,0.0,0.8647119998931885,0.0003910518630787178,0.016610122522160844,0,0,-0.07483351975679398,0.07433034479618073,-0.0016803034086478874,0.01082499308076488,0,0,-0.9993054270744324,0.9710617065429688,0.0007873502944238242,0.10660468997661196,0,0,0.9746817129629629,0.02531828703703704,0.016260162601626018,147
point_cluster_train_0007,train,point_cluster,0.0,1.0,0.013063333961731082,0.08212252577443042,0,0,0.0,0.9745150208473206,0.0003128195940344422,0.016639783553772526,0,0,-0.07361538708209991,0.07343901693820953,0.0015427088127816441,0.009948694969258782,0,0,-0.9367321133613586,0.9681704044342041,0.000733982599437392,0.09738175274804688,0,0,0.9777199074074074,0.02228009259259259,0.011547344110854504,105
point_cluster_train_0008,train,point_cluster,0.0,1.0,0.017293867888468043,0.08837267305965558,0,0,0.0,0.9932270050048828,0.00039864193078958325,0.018119390606851384,0,0,-0.07411287724971771,0.0747220516204834,-0.0008221104594499424,0.013484171323272308,0,0,-0.9820112586021423,0.9969497919082642,-0.0034601250527480764,0.1275416230094037,0,0,0.9706307870370371,0.02936921296296296,0.011217948717948718,280
point_cluster_train_0009,train,point_cluster,0.0,1.0,0.009470322987896098,0.05738066938837858,0,0,0.0,0.8126710057258606,0.000455750937194184,0.017989777617593353,0,0,0.0,0.07106334716081619,0.0018430841184992998,0.009281908273752937,0,0,-0.9892363548278809,0.9999994039535522,0.002187860408917509,0.11519429928055801,0,0,0.9670862268518519,0.03291377314814815,0.018255578093306288,28
point_cluster_train_0010,train,point_cluster,0.0,1.0,0.010320658772966621,0.06699055175511114,0,0,0.0,0.9768549799919128,0.00035294075927662626,0.017020014977178824,0,0,-0.07433627545833588,0.07433034479618073,-0.0016467640687349355,0.01025551472525905,0,0,-0.9993054270744324,0.9710617065429688,0.00030109046201687306,0.10547548658466145,0,0,0.9735243055555556,0.026475694444444444,0.01279317697228145,114
point_cluster_train_0011,train,point_cluster,0.0,0.8773438334465027,0.003068765146717093,0.02094195787905755,0,0,0.0,1.0,0.0007832474247724922,0.0250420267667837,0,0,-0.07059861719608307,0.0,-0.002333498240827962,0.009953913273775044,0,0,-0.9768810272216797,0.9964806437492371,-0.0028072599984793837,0.14181410366825062,0,0,0.9525462962962963,0.047453703703703706,0.028037383177570093,32
point_cluster_train_0012,train,point_cluster,0.0,1.0,0.006694120499965095,0.04963161717037521,0,0,0.0,0.9164559841156006,0.0004787397338077426,0.019037192699197007,0,0,0.0,0.06800734996795654,0.001417644107277738,0.008094081589433632,0,0,-0.9892363548278809,0.9999994039535522,0.0019426396639001151,0.10009063269719339,0,0,0.9746817129629629,0.02531828703703704,0.027607361963190184,14
point_cluster_train_0013,train,point_cluster,0.0,1.0,0.009756837039444858,0.05771887549846253,0,0,0.0,0.9042789936065674,0.0003504317115854334,0.015928048948914794,0,0,-0.05821220576763153,0.0011621564626693726,-0.0012712308067690443,0.006534787613836491,0,0,-0.956943690776825,0.999998927116394,0.002618131890172932,0.12276545685602402,0,0,0.9650607638888888,0.03493923611111111,0.010507880910683012,0
point_cluster_train_0014,train,point_cluster,0.0,0.9772304892539978,0.008417181842526555,0.05833038309560602,0,0,0.0,1.0,0.00043743180490478324,0.01964808636319734,0,0,0.0,0.06708292663097382,0.0013290678454925204,0.008012801919624769,0,0,-0.9425201416015625,0.9421225190162659,0.0006940963033112321,0.09586682083358063,0,0,0.9787326388888888,0.021267361111111112,0.01837270341207349,14
point_cluster_train_0015,train,point_cluster,0.0,0.9667374491691589,0.02132731181120983,0.11353259832792405,0,0,0.0,1.0,0.0004014685034268984,0.018097893946400736,0,0,-0.07433627545833588,0.07500000298023224,-0.0010360933086270019,0.012061113806626726,0,0,-0.9993054270744324,0.9710617065429688,0.0014063842847665204,0.11137837160678427,0,0,0.9731626157407407,0.02683738425925926,0.013888888888888888,231
point_cluster_train_0016,train,point_cluster,0.0,1.0,0.011021011733949612,0.06763501538178181,0,0,0.0,0.8551459908485413,0.00039275846426823626,0.017484569121775234,0,0,-0.07389162480831146,0.07499998807907104,0.0016145414383909493,0.01114543711574038,0,0,-0.9367321133613586,0.9999969601631165,0.00136957800977042,0.10522045627939333,0,0,0.9741753472222222,0.025824652777777776,0.014373716632443531,168
point_cluster_train_0017,train,point_cluster,0.0,1.0,0.008053780211008011,0.05223033141979977,0,0,0.0,0.8489739894866943,0.00024388983190335608,0.013057024296393663,0,0,-0.07405753433704376,0.0747220516204834,-0.0011096822574338013,0.01074778906212625,0,0,-0.9152344465255737,0.9999964833259583,0.0019883315041321716,0.09664121043853971,0,0,0.9782262731481481,0.021773726851851853,0.011848341232227487,175
point_cluster_train_0018,train,point_cluster,0.0,0.8470433950424194,0.014402885176271715,0.06002056194005893,0,0,0.0,1.0,0.0006030608977501591,0.021770412239101235,0,0,-0.07438972592353821,0.0747220516204834,0.0037640429843493082,0.015239389293291463,0,0,-0.9943807125091553,0.9628074765205383,-2.1786203635403784e-05,0.17584304044440552,0,0,0.9247685185185185,0.07523148148148148,0.009409751924721984,304
point_cluster_train_0019,train,point_cluster,0.0,0.8565222024917603,0.005336556294499435,0.04000163978514191,0,0,0.0,1.0,0.0005401085105000271,0.02149517745939274,0,0,-0.012704700231552124,0.04704059660434723,0.00080495853304725,0.004730454819591979,0,0,-0.9667691588401794,0.9348345398902893,-0.002404279325236092,0.11625700689084723,0,0,0.9670862268518519,0.03291377314814815,0.02278481012658228,0
point_cluster_train_0020,train,point_cluster,0.0,0.9304178357124329,0.013728406801857529,0.07032678544205843,0,0,0.0,1.0,0.0005209911011021446,0.020728860439971453,0,0,-0.07361538708209991,0.0747220516204834,0.0022872048796637465,0.011644426195762156,0,0,-0.9667691588401794,0.9999969601631165,0.0029243736165274945,0.1255872700279355,0,0,0.9610098379629629,0.038990162037037035,0.01308139534883721,133
point_cluster_train_0021,train,point_cluster,0.0,0.9534816145896912,0.007841382410603089,0.052629527324678606,0,0,0.0,1.0,0.0006190872992630358,0.0214789324228549,0,0,-0.005000010132789612,0.04602295160293579,0.00117408886068949,0.0060772477552010745,0,0,-0.9607370495796204,0.964989185333252,0.007673443805995501,0.1352391118784984,0,0,0.9571759259259259,0.04282407407407408,0.02385685884691849,0
point_cluster_train_0022,train,point_cluster,0.0,0.9871950745582581,0.012506599157018383,0.058039115665939583,0,0,0.0,1.0,0.000726472444107963,0.02499765411992362,0,0,-0.07483351975679398,0.07500000298023224,0.001175691654983287,0.015524968501108192,0,0,-0.9993054270744324,0.9999994039535522,0.004938522397424094,0.1463321236279058,0,0,0.9502314814814815,0.04976851851851852,0.0149812734082397,304
point_cluster_train_0023,train,point_cluster,0.0,1.0,0.002349352842497023,0.022018373609574104,0,0,0.0,0.8993970155715942,0.0002713142333690215,0.014428334554078747,0,0,-0.053322091698646545,0.0,-0.001038758992864233,0.005868340129035762,0,0,-0.9768810272216797,0.9846839904785156,0.0001801580551391116,0.10801086371056984,0,0,0.97265625,0.02734375,0.005,0
point_cluster_train_0024,train,point_cluster,0.0,1.0,0.010693012429631684,0.06789038472531633,0,0,0.0,0.847357988357544,0.0002544701953108112,0.013594327759549801,0,0,-0.07221826165914536,0.07500000298023224,0.0015272284969493437,0.010883093044774505,0,0,-0.8289300203323364,0.9999994039535522,0.004753081706709323,0.10337021336687537,0,0,0.9777199074074074,0.02228009259259259,0.011494252873563218,175
point_cluster_train_0025,train,point_cluster,0.0,1.0,0.009537718621534927,0.0646010150154687,0,0,0.0,0.9614130258560181,0.0003457054392331176,0.016693466265125956,0,0,-0.0650000050663948,0.0,-0.0017839504585868712,0.009090709194722721,0,0,-0.9913396239280701,0.999998927116394,0.0007080866333261063,0.11125516759155157,0,0,0.9696180555555556,0.030381944444444444,0.013452914798206279,7
point_cluster_train_0026,train,point_cluster,0.0,0.800000011920929,0.012240611180055162,0.06839176473458519,0,0,0.0,1.0,0.0002982010375018473,0.016029293530654205,0,0,-0.07438972592353821,0.07461076974868774,0.0019133770202407268,0.011738877713077463,0,0,-0.9491848945617676,0.9324720501899719,8.973178995364395e-05,0.11237587449683725,0,0,0.9701244212962963,0.029875578703703703,0.009025270758122744,189
point_cluster_train_0027,train,point_cluster,0.0,0.8554297685623169,0.007930051593912477,0.05308832828232999,0,0,0.0,1.0,0.0005248119899382194,0.021060537285158623,0,0,-0.0366421639919281,0.026776686310768127,-0.00021433975403110876,0.0033468527095645243,0,0,-0.93541419506073,0.9517656564712524,0.0016641355110483278,0.12784300501812496,0,0,0.9630353009259259,0.03696469907407408,0.02,0
point_cluster_train_0028,train,point_cluster,0.0,1.0,0.01760669710342376,0.07644211606675201,0,0,0.0,0.993910014629364,0.0007258507647310142,0.023951598937261048,0,0,-0.07384227216243744,0.07500000298023224,-0.0026507343260433387,0.014742134559229708,0,0,-0.9993054270744324,0.999998927116394,0.0040419498588932954,0.15889063534955056,0,0,0.9427083333333334,0.057291666666666664,0.012833168805528134,240
point_cluster_train_0029,train,point_cluster,0.0,0.9069019556045532,0.012847266427006279,0.07139616279338136,0,0,0.0,1.0,0.000420912587152863,0.017738615743132218,0,0,-0.07411287724971771,0.07499998807907104,0.0010654795225019807,0.012755191265676182,0,0,-0.9667691588401794,0.9999969601631165,0.002996714200519448,0.11710325768461828,0,0,0.9711371527777778,0.028862847222222224,0.014336917562724014,266
point_cluster_train_0030,train,point_cluster,0.0,0.8635048866271973,0.011430219169361171,0.06567471153273202,0,0,0.0,1.0,0.0004097027229835038,0.018671575431153872,0,0,-0.07411287724971771,0.07499998807907104,0.0007249233302125638,0.012960837072856671,0,0,-0.9667691588401794,0.9999969601631165,0.004326987082566592,0.1175696968768226,0,0,0.9711371527777778,0.028862847222222224,0.012704174228675136,287
point_cluster_train_0031,train,point_cluster,0.0,0.9001604914665222,0.005939557953718543,0.04760147984905137,0,0,0.0,1.0,0.000401380006223917,0.019291760885595755,0,0,-0.022524520754814148,0.026776686310768127,8.014307240955532e-05,0.002096591630534717,0,0,-0.93541419506073,0.9517656564712524,0.0004074759816393015,0.10518487361014915,0,0,0.9756944444444444,0.024305555555555556,0.01812688821752266,0
point_cluster_train_0032,train,point_cluster,0.0,0.9824167490005493,0.01143663687778624,0.07294148368695864,0,0,0.0,1.0,0.000361283533964996,0.017647916287813262,0,0,-0.07389162480831146,0.07499998807907104,-2.7867172051359107e-05,0.01182299424837824,0,0,-0.9788332581520081,0.8961398601531982,-0.0016788446958984154,0.09924443618550248,0,0,0.9772135416666666,0.022786458333333332,0.013824884792626729,266
point_cluster_train_0033,train,point_cluster,0.0,0.8026886582374573,0.009340056332921112,0.05364642937226981,0,0,0.0,1.0,0.00048596412374603525,0.019323352002875483,0,0,-0.05447514355182648,0.005724117159843445,-0.0010571399314492872,0.005701770242927386,0,0,-0.956943690776825,0.9766644239425659,-0.00017321966421419616,0.12286697678738277,0,0,0.9670862268518519,0.03291377314814815,0.01565217391304348,0
point_cluster_train_0034,train,point_cluster,0.0,1.0,0.019354943281870065,0.09806932947627053,0,0,0.0,0.9750170111656189,0.0004504932030276568,0.017943750233387155,0,0,-0.07384227216243744,0.07500000298023224,0.00040091377498659614,0.013742018515385241,0,0,-0.9993054270744324,0.9999994039535522,0.004154138341214598,0.12612949220144637,0,0,0.9675925925925926,0.032407407407407406,0.014657980456026058,322
point_cluster_train_0035,train,point_cluster,0.0,0.9302316904067993,0.03669017498321881,0.11378432949035586,0,0,0.0,1.0,0.0007899593630874599,0.02528291466327958,0,0,-0.07411287724971771,0.07499998807907104,0.00010212663134249549,0.019893512880811932,0,0,-0.9820112586021423,0.9999969601631165,0.0027074480999544903,0.20278104406042674,0,0,0.9075520833333334,0.09244791666666667,0.008443908323281062,450
point_cluster_train_0036,train,point_cluster,0.0,1.0,0.014338847979834772,0.0794412167377636,0,0,0.0,0.8897179961204529,0.0003865860807881863,0.017318262899057905,0,0,-0.07405753433704376,0.0747220516204834,0.0015494408295058679,0.012330152131935758,0,0,-0.9667691588401794,0.9932713508605957,0.0018052535880862571,0.11525874084588023,0,0,0.9711371527777778,0.028862847222222224,0.01282051282051282,231
point_cluster_train_0037,train,point_cluster,0.0,0.8947729468345642,0.006776120980381013,0.04527452530411027,0,0,0.0,1.0,0.0004940886412643724,0.01986536175014573,0,0,-0.0187559574842453,0.04006578028202057,0.0005488890121880642,0.004007202098704764,0,0,-0.998612105846405,0.9571169018745422,-0.002719400894319632,0.13028848165203896,0,0,0.9625289351851852,0.03747106481481482,0.017391304347826087,0
point_cluster_train_0038,train,point_cluster,0.0,0.9431043863296509,0.004757153327470102,0.03136165865886613,0,0,0.0,1.0,0.0002830855643238734,0.015078928983617583,0,0,-0.07389162480831146,0.0,-0.0016050358665072257,0.008749767752860816,0,0,-0.9991823434829712,0.9999964833259583,-0.0013372762789206011,0.1072417164003175,0,0,0.9739583333333334,0.026041666666666668,0.01179245283018868,36
point_cluster_train_0039,train,point_cluster,0.0,0.8406710028648376,0.00808795016813393,0.0396512801584117,0,0,0.0,1.0,0.0008395484139866851,0.02530735249054321,0,0,-0.05986122786998749,0.018077358603477478,-0.002054015412189377,0.008460989881488813,0,0,-0.998612105846405,0.9766644239425659,0.0017675661792964092,0.1860996933617705,0,0,0.923828125,0.076171875,0.014705882352941176,0
point_cluster_train_0040,train,point_cluster,0.0,1.0,0.007732120769509897,0.05195593302691157,0,0,0.0,0.8454189896583557,0.00029857182892522325,0.014473741343763448,0,0,-0.05659230053424835,0.0,-0.0011946771895357717,0.006532582740074421,0,0,-0.9913396239280701,0.929390549659729,0.0013744602544681617,0.1032873734560652,0,0,0.97265625,0.02734375,0.013071895424836602,0
point_cluster_train_0041,train,point_cluster,0.0,0.8939234614372253,0.0012032289408302353,0.017531465829987453,0,0,0.0,1.0,0.00022198633221840418,0.013378291434907682,0,0,-0.044804006814956665,0.0022002458572387695,-0.0005524962131554881,0.003816934849948304,0,0,-0.9991823434829712,0.9846839904785156,-0.0015440732863175476,0.0954574099636616,0,0,0.9796006944444444,0.020399305555555556,0.0,0
point_cluster_train_0042,train,point_cluster,0.0,1.0,0.010443983179910717,0.06077732843778684,0,0,0.0,0.919996976852417,0.00032529086995593926,0.01572335443165972,0,0,0.0,0.07500000298023224,0.002007046281640349,0.010045068707375758,0,0,-0.9892363548278809,0.9999994039535522,0.00368105494298679,0.11694376709484255,0,0,0.9675925925925926,0.032407407407407406,0.012244897959183673,56
point_cluster_train_0043,train,point_cluster,0.0,0.9315471053123474,0.018466253014021612,0.08804096348298755,0,0,0.0,1.0,0.0009800783548228166,0.029846890519910924,0,0,-0.07384227216243744,0.07500000298023224,-0.0014988685135095795,0.01360816104617143,0,0,-0.9993054270744324,0.999998927116394,0.00322888705239974,0.1372990598190299,0,0,0.9584780092592593,0.04152199074074074,0.020080321285140562,245
point_cluster_train_0044,train,point_cluster,0.0,0.8990347981452942,0.025097242836939888,0.09229148661459069,0,0,0.0,1.0,0.0004123594456662734,0.01759714214696524,0,0,-0.07494446635246277,0.07499998807907104,-0.0001864166740604021,0.018936735138585556,0,0,-0.9820112586021423,0.9999969601631165,-0.00010348697071970457,0.1777186829064284,0,0,0.9282407407407407,0.07175925925925926,0.006177606177606178,456
point_cluster_train_0045,train,point_cluster,0.0,0.8771299123764038,0.007687600052400335,0.05765028440018636,0,0,0.0,1.0,0.00047491082093781896,0.018876339419686652,0,0,-0.015835925936698914,0.03445865213871002,0.00034908503423341445,0.002885360643024188,0,0,-0.998612105846405,0.9571169018745422,-0.0004451999942897668,0.11430818174743348,0,0,0.9741753472222222,0.025824652777777776,0.02368421052631579,0
point_cluster_train_0046,train,point_cluster,0.0,0.8996389508247375,0.007179074074816459,0.04900170060261723,0,0,0.0,1.0,0.0003232398820627067,0.017058223587375427,0,0,0.0,0.06931711733341217,0.0014557374287741604,0.008217375512646726,0,0,-0.9367321133613586,0.9999969601631165,0.00123640930110856,0.10398349616247568,0,0,0.9756944444444444,0.024305555555555556,0.012468827930174564,21
point_cluster_train_0047,train,point_cluster,0.0,0.915192723274231,0.006625299118409371,0.043430454456533645,0,0,0.0,1.0,0.000505830540701195,0.021114851129259128,0,0,-0.06590601801872253,0.0,-0.0015540201706311632,0.008069954180551788,0,0,-0.9768810272216797,0.9846839904785156,0.0011519314756427506,0.11407960697850096,0,0,0.9691116898148148,0.030888310185185185,0.016701461377870562,7
point_cluster_train_0048,train,point_cluster,0.0,0.800000011920929,0.014397153518610106,0.0685777505309408,0,0,0.0,1.0,0.0007456304867648416,0.023316802974633413,0,0,-0.03284625709056854,0.05229927599430084,0.0010496874391618702,0.0067330773394659845,0,0,-0.9367321133613586,0.9517656564712524,-0.0009400987258198222,0.1742803419425607,0,0,0.9288194444444444,0.07118055555555555,0.015739769150052464,0
point_cluster_train_0049,train,point_cluster,0.0,1.0,0.03415264358827025,0.12714745807738556,0,0,0.0,0.8695399761199951,0.0005551956775080827,0.019832187598328468,0,0,-0.07483351975679398,0.07500000298023224,0.00023366490414547216,0.017917619545238694,0,0,-0.9993054270744324,0.9999994039535522,0.006212736009358734,0.16329234198653916,0,0,0.9392361111111112,0.06076388888888889,0.008756567425569177,462
point_cluster_train_0050,train,point_cluster,0.0,0.859772801399231,0.0030107728192071454,0.020207615067361687,0,0,0.0,1.0,0.0007469015394302982,0.023940933721466502,0,0,-0.07016311585903168,0.0,-0.0021078234227995076,0.00935764643709886,0,0,-0.9986152648925781,0.9846839904785156,-0.0008487011175559557,0.13688763855372565,0,0,0.9589120370370371,0.041087962962962965,0.028938906752411574,24
point_cluster_train_0051,train,point_cluster,0.0,0.8638368248939514,0.012302070440625812,0.0549335340496705,0,0,0.0,1.0,0.0008831587361378802,0.026387571224682833,0,0,-0.07483351975679398,0.07500000298023224,0.002597207741928287,0.01573226606772928,0,0,-0.9993054270744324,0.9999994039535522,0.007215505417965081,0.16087248507960353,0,0,0.94140625,0.05859375,0.01689545934530095,351
point_cluster_train_0052,train,point_cluster,0.0,1.0,0.006143732593163468,0.044898158521416674,0,0,0.0,0.9558820128440857,0.0003794003278017044,0.017159428700218776,0,0,-0.0605572834610939,0.0,-0.0012410373386012874,0.0068149635336720825,0,0,-0.9913396239280701,0.999998927116394,0.0023288864198278774,0.10950920426750804,0,0,0.9716435185185185,0.028356481481481483,0.01728395061728395,0
point_cluster_train_0053,train,point_cluster,0.0,0.9120983481407166,0.011089605465367977,0.044477629964507916,0,0,0.0,1.0,0.0007700222302918081,0.0249234687622414,0,0,-0.07411287724971771,0.0747220516204834,-0.0035123283450957388,0.016032786739905852,0,0,-0.9820112586021423,0.9973381757736206,-0.002389660907738289,0.18068305865830422,0,0,0.9270833333333334,0.07291666666666667,0.010830324909747292,288
point_cluster_train_0054,train,point_cluster,0.0,1.0,0.009389564814345821,0.06159455346760388,0,0,0.0,0.945372998714447,0.0003739254876833271,0.016892258257821154,0,0,0.0,0.049060285091400146,0.0009429259161050948,0.005465560726243508,0,0,-0.9607370495796204,0.964989185333252,0.0031903434048419716,0.1140464744943865,0,0,0.9709201388888888,0.029079861111111112,0.015021459227467811,0
point_cluster_train_0055,train,point_cluster,0.0,0.8638495206832886,0.012892683485957875,0.06183551350446148,0,0,0.0,1.0,0.0005648069501923466,0.020632709169277102,0,0,-0.06154097616672516,0.01620769500732422,-0.0017921605354381932,0.007754394598378365,0,0,-0.956943690776825,0.999998927116394,0.00546732919368272,0.1676538219585083,0,0,0.9415509259259259,0.05844907407407408,0.011702127659574468,0
point_cluster_train_0056,train,point_cluster,0.0,0.8599628210067749,0.02105112811838168,0.07049244639441408,0,0,0.0,1.0,0.0006291378436058208,0.021769440785106696,0,0,-0.07389162480831146,0.07499998807907104,-0.0023406513156024396,0.019665545781596218,0,0,-0.9986152648925781,0.9999969601631165,-0.002625429965081383,0.19527746189978826,0,0,0.9126157407407407,0.08738425925925926,0.00754242614707731,488
point_cluster_train_0057,train,point_cluster,0.0,0.843180239200592,0.009585905288851657,0.058818369719599604,0,0,0.0,1.0,0.00031156607265411703,0.01652583318269883,0,0,-0.07344979047775269,0.0747220516204834,0.001805775527221461,0.01034405155473314,0,0,-0.9667691588401794,0.9640410542488098,0.00021688972615434236,0.10719862811778515,0,0,0.97265625,0.02734375,0.010526315789473684,119
point_cluster_train_0058,train,point_cluster,0.0,1.0,0.01865987727392672,0.095393209495166,0,0,0.0,0.9268940091133118,0.0005450363171769788,0.02059383334282895,0,0,-0.07483351975679398,0.07500000298023224,0.0013955675595853892,0.012288391616809263,0,0,-0.9993054270744324,0.9999994039535522,0.0019147509076531235,0.11590051423149171,0,0,0.9711371527777778,0.028862847222222224,0.01763668430335097,238
point_cluster_train_0059,train,point_cluster,0.0,1.0,0.011742502239199152,0.06392718189018982,0,0,0.0,0.9715849757194519,0.0005561857639501492,0.020946446168803624,0,0,-0.07438972592353821,0.07461076974868774,-0.001841659500280878,0.012855707175360146,0,0,-0.9928953647613525,0.9999964833259583,-0.0005197864893152318,0.13020264122343397,0,0,0.9625289351851852,0.03747106481481482,0.015360983102918587,238
point_cluster_train_0060,train,point_cluster,0.0,1.0,0.009159322996007782,0.05930692320186103,0,0,0.0,0.9076799750328064,0.00032858832101165144,0.016012650376011718,0,0,-0.07221826165914536,0.07433034479618073,-0.0016916052479279675,0.009387956509099194,0,0,-0.956943690776825,0.999998927116394,0.003690354362738112,0.10660872360123172,0,0,0.9731626157407407,0.02683738425925926,0.0125,49
point_cluster_train_0061,train,point_cluster,0.0,0.8601151704788208,0.008461452849048699,0.05517449827031215,0,0,0.0,1.0,0.0008830501659152409,0.02579963760244628,0,0,-0.043112218379974365,0.011554941534996033,-0.0007170020053982389,0.0044667773918068265,0,0,-0.9913396239280701,0.9614124894142151,0.0023550266392973114,0.12656000918606583,0,0,0.9645543981481481,0.03544560185185185,0.03497942386831276,0
point_cluster_train_0062,train,point_cluster,0.0,0.8384808897972107,0.004603427026133296,0.03400890147615513,0,0,0.0,1.0,0.00040373830900837976,0.018160541026205197,0,0,-0.07174576818943024,0.0,-0.001411905295551858,0.008448197495934664,0,0,-0.9820112586021423,0.9973381757736206,-0.003353699406876263,0.10093717834071392,0,0,0.9777199074074074,0.02228009259259259,0.019830028328611898,28
point_cluster_train_0063,train,point_cluster,0.0,0.9942305088043213,0.013773474316967285,0.07069678652686226,0,0,0.0,1.0,0.0008980660112919631,0.026042960662575124,0,0,-0.020965129137039185,0.04912307858467102,0.0011637785161534946,0.005959406148123014,0,0,-0.9367321133613586,0.9517656564712524,-0.0024223283580795396,0.15635358427887597,0,0,0.9427083333333334,0.057291666666666664,0.022636484687083888,0
point_cluster_train_0064,train,point_cluster,0.0,0.9437568187713623,0.010304943428679878,0.06276312627075341,0,0,0.0,1.0,0.0005561567075481569,0.021018597290845528,0,0,-0.0008356720209121704,0.0555480420589447,0.0011406817443289415,0.006103765775003094,0,0,-0.9367321133613586,0.9348345398902893,0.00011866933602033425,0.1181907283234772,0,0,0.9691116898148148,0.030888310185185185,0.019083969465648856,0
point_cluster_train_0065,train,point_cluster,0.0,1.0,0.008429168035305608,0.058753552973299705,0,0,0.0,0.8611469864845276,0.00027782349692036706,0.014666213433129089,0,0,-0.07494446635246277,0.07360678911209106,-0.0011971876622367374,0.01058080808963432,0,0,-0.9820112586021423,0.9973381757736206,0.0002196428544670602,0.09820936412819134,0,0,0.9792390046296297,0.02076099537037037,0.013623978201634877,168
point_cluster_train_0066,train,point_cluster,0.0,0.9283379316329956,0.006667527972189823,0.05367712635969558,0,0,0.0,1.0,0.0003352961891020338,0.01634782959731087,0,0,-0.025000005960464478,0.011941343545913696,-0.00021332535349453488,0.0023427560630258867,0,0,-0.9000070691108704,0.9766644239425659,0.0034328417726404345,0.10524972355538717,0,0,0.9752604166666666,0.024739583333333332,0.01948051948051948,0
point_cluster_train_0067,train,point_cluster,0.0,0.8183661103248596,0.005840207603383802,0.04424171935724615,0,0,0.0,1.0,0.0003628004601018296,0.017672192606982374,0,0,-0.015835925936698914,0.03445865213871002,0.00034908503423341445,0.002885360643024188,0,0,-0.998612105846405,0.9571169018745422,-0.0004451999942897668,0.11430818174743348,0,0,0.9741753472222222,0.025824652777777776,0.015789473684210527,0
point_cluster_train_0068,train,point_cluster,0.0,0.9481872916221619,0.015710624561540532,0.08311721388102046,0,0,0.0,1.0,0.0005821866431721935,0.021792278822640457,0,0,-0.07389162480831146,0.07499998807907104,-0.0007936321597770546,0.013527306487002497,0,0,-0.9788332581520081,0.9999964833259583,-0.0004874264591139595,0.11872912339799252,0,0,0.9665798611111112,0.03342013888888889,0.016233766233766232,294
point_cluster_train_0069,train,point_cluster,0.0,0.8174335956573486,0.014751449580621233,0.08013442722884351,0,0,0.0,1.0,0.00031711810906590135,0.01560701870846837,0,0,-0.07483351975679398,0.07500000298023224,1.4139180334664329e-05,0.012695792805641223,0,0,-0.9070445895195007,0.9999994039535522,0.005491308627959505,0.11231050662170303,0,0,0.9706307870370371,0.02936921296296296,0.010830324909747292,224
point_cluster_train_0070,train,point_cluster,0.0,0.8741503357887268,0.00527725558457085,0.03923294647654977,0,0,0.0,1.0,0.00029912502591118766,0.01584734108509951,0,0,-0.0474085807800293,0.012634560465812683,-0.0007611584377526823,0.00453885517240587,0,0,-0.956943690776825,0.9766644239425659,0.0012849680133513175,0.12460129444531688,0,0,0.9660734953703703,0.03392650462962963,0.013927576601671309,0
point_cluster_train_0071,train,point_cluster,0.0,0.9698559641838074,0.00801213906921745,0.049287224976048816,0,0,0.0,1.0,0.0006180630168981022,0.023130613577750807,0,0,-0.07361538708209991,0.07388612627983093,-0.0017678885724981901,0.009751419854840123,0,0,-0.9820112586021423,0.9999964833259583,-0.0020307620133853226,0.11416695873825297,0,0,0.9716435185185185,0.028356481481481483,0.020876826722338204,63
point_cluster_train_0072,train,point_cluster,0.0,0.9233354926109314,0.012331887119486325,0.0768812469321086,0,0,0.0,1.0,0.0002807667177101528,0.01522290313484586,0,0,-0.07438972592353821,0.0747220516204834,-0.00033558868906564184,0.011497186289027904,0,0,-0.9788332581520081,0.9640410542488098,0.0001431152417757807,0.10022450830913904,0,0,0.9769965277777778,0.023003472222222224,0.011655011655011656,228
point_cluster_train_0073,train,point_cluster,0.0,1.0,0.03208356168000103,0.11560395110514485,0,0,0.0,0.9751690030097961,0.00080130100077777,0.02543253613443757,0,0,-0.07438972592353821,0.0747220516204834,-0.0007275810046983814,0.01922198377486155,0,0,-0.9820112586021423,0.9999964833259583,0.0009609367893298677,0.17352875443852617,0,0,0.9291087962962963,0.0708912037037037,0.010997643362136685,540
point_cluster_train_0074,train,point_cluster,0.0,0.8571793437004089,0.0017157586162642037,0.015283228672384274,0,0,0.0,1.0,0.0005770723025004069,0.022696329408079533,0,0,-0.06246054172515869,0.0,-0.0014226512662221299,0.007358968870394712,0,0,-0.9991823434829712,0.9846839904785156,-0.0012077259258755173,0.11760562357776636,0,0,0.9670862268518519,0.03291377314814815,0.016853932584269662,0
point_cluster_train_0075,train,point_cluster,0.0,1.0,0.00874514650715557,0.059431852344787206,0,0,0.0,0.9946590065956116,0.00034901432054876177,0.01685428727588685,0,0,0.0,0.06095021963119507,0.0013192353179436868,0.007146912640186656,0,0,-0.9667691588401794,0.964989185333252,-0.0007906723402373717,0.10625845936488026,0,0,0.9701244212962963,0.029875578703703703,0.01405152224824356,0
point_cluster_train_0076,train,point_cluster,0.0,0.8073260188102722,0.0038206934232894803,0.03516183777299645,0,0,0.0,1.0,0.00027174917825808126,0.01462827000087202,0,0,-0.01490744948387146,0.03768323361873627,0.00043062938493676484,0.0031985489316559046,0,0,-0.93541419506073,0.9517656564712524,0.0016195975191227194,0.10845358635551935,0,0,0.9721498842592593,0.02785011574074074,0.015267175572519083,0
point_cluster_train_0077,train,point_cluster,0.0,0.9643908143043518,0.004725755030264096,0.03720438097107068,0,0,0.0,1.0,0.00030353475638009885,0.01615711732417247,0,0,-0.05813227593898773,0.0,-0.0010995499571975044,0.006352121672403075,0,0,-0.9783591032028198,0.9846839904785156,-0.0014526623951193567,0.09974859715962628,0,0,0.9746817129629629,0.02531828703703704,0.0125,0
point_cluster_train_0078,train,point_cluster,0.0,0.9786200523376465,0.013087479994013577,0.07433995903875933,0,0,0.0,1.0,0.00043563778012025133,0.019645263551724985,0,0,-0.07389162480831146,0.07499998807907104,0.00144581965287216,0.012121099583953762,0,0,-0.9667691588401794,0.9999969601631165,0.001737884639118824,0.1217131147054636,0,0,0.9701244212962963,0.029875578703703703,0.012681159420289856,224
point_cluster_train_0079,train,point_cluster,0.0,0.9187823534011841,0.010490256620229317,0.06398647557561195,0,0,0.0,1.0,0.0004274149132133634,0.019242196968990048,0,0,-0.0717376247048378,0.0,-0.0016454845948222403,0.008791333390504245,0,0,-0.9993054270744324,0.999998927116394,-0.0014251668094571127,0.10844441219467385,0,0,0.9716435185185185,0.028356481481481483,0.014198782961460446,35
point_cluster_train_0080,train,point_cluster,0.0,1.0,0.002643059269282141,0.021353766610452882,0,0,0.0,0.8332729935646057,0.0004974929831439147,0.018664064074737516,0,0,-0.07054413855075836,0.004630923271179199,-0.003247819254519763,0.011357777135379917,0,0,-0.994807243347168,0.9999964833259583,-0.0012305477058968488,0.17666131291492218,0,0,0.9260706018518519,0.07392939814814815,0.0196078431372549,42
point_cluster_train_0081,train,point_cluster,0.0,0.8151792883872986,0.009299765021852282,0.050051278996523174,0,0,0.0,1.0,0.0010231426330628219,0.029431473580120555,0,0,-0.04500000178813934,0.030693113803863525,-0.0006458590764345394,0.006630425998694851,0,0,-0.9913396239280701,0.9766644239425659,-0.0007988558618645011,0.1676631274245147,0,0,0.9357638888888888,0.0642361111111111,0.02309782608695652,0
point_cluster_train_0082,train,point_cluster,0.0,0.800000011920929,0.015910617338182352,0.06814435014141905,0,0,0.0,1.0,0.00048523697855502916,0.01853110426069091,0,0,-0.07438972592353821,0.07461076974868774,0.0008962579951104191,0.01602949938714126,0,0,-0.9820112586021423,0.9999964833259583,-0.0009157645092475124,0.16601827900827906,0,0,0.9375,0.0625,0.009940357852882704,296
point_cluster_train_0083,train,point_cluster,0.0,0.8412855267524719,0.003111529756744681,0.019422835799307866,0,0,0.0,1.0,0.0007532060478331039,0.024380721970252782,0,0,-0.07389162480831146,0.0747220516204834,-0.0035736431794551513,0.014362640078578185,0,0,-0.9991823434829712,0.9999964833259583,-0.0032507351740302206,0.18152652340680295,0,0,0.9231770833333334,0.07682291666666667,0.013937282229965157,198
point_cluster_train_0084,train,point_cluster,0.0,0.8268638253211975,0.003776162107008666,0.03572068829943219,0,0,0.0,1.0,0.0004638640848160894,0.019619529295749054,0,0,-0.005000010132789612,0.03828169405460358,0.0005101126411722766,0.0036390089679238192,0,0,-0.9607370495796204,0.9517656564712524,0.001144859170987426,0.09751715765827317,0,0,0.9774305555555556,0.022569444444444444,0.02681992337164751,0
point_cluster_train_0085,train,point_cluster,0.0,0.8813904523849487,0.012276235794450387,0.056590973796951105,0,0,0.0,1.0,0.0007674364217867454,0.0245808768846513,0,0,-0.07000000774860382,0.027200445532798767,-0.003582215399041565,0.013574391269480835,0,0,-0.9913396239280701,0.999998927116394,0.002933363009813345,0.23477262435620172,0,0,0.8741319444444444,0.12586805555555555,0.014268727705112961,80
point_cluster_train_0086,train,point_cluster,0.0,0.8479635119438171,0.002708618083788026,0.02082246541683741,0,0,0.0,1.0,0.0007946965784800273,0.024639611510920385,0,0,-0.060000017285346985,0.003191351890563965,-0.002675991606708892,0.009935025716482712,0,0,-0.994807243347168,0.9999964833259583,0.0005254294405016548,0.1776323763894741,0,0,0.931640625,0.068359375,0.02577319587628866,0
point_cluster_train_0087,train,point_cluster,0.0,0.9637514352798462,0.009999188475847876,0.05878149602610345,0,0,0.0,1.0,0.00039661745109629854,0.019083021954905712,0,0,-0.06000000238418579,0.0,-0.0016537762082104261,0.008371144947997554,0,0,-0.9745907783508301,0.999998927116394,0.002862542276421596,0.11562258696164603,0,0,0.9696180555555556,0.030381944444444444,0.011538461538461539,0
point_cluster_train_0088,train,point_cluster,0.0,0.9499166011810303,0.026876024676211172,0.10928337141856401,0,0,0.0,1.0,0.0006102856239993815,0.022382522980210536,0,0,-0.07483351975679398,0.07500000298023224,0.0006010855703843172,0.016134926268341863,0,0,-0.9993054270744324,0.9999994039535522,0.00407460496845252,0.1414848621416846,0,0,0.9559461805555556,0.04405381944444445,0.012373453318335208,371
point_cluster_train_0089,train,point_cluster,0.0,1.0,0.014848757249839965,0.08327684158361778,0,0,0.0,0.7757229804992676,0.0002625619225135004,0.012881613246312283,0,0,0.0,0.07388612627983093,0.0021113209044819493,0.010119388891658325,0,0,-0.9667691588401794,0.964989185333252,0.005061736499825471,0.11675071942741252,0,0,0.9655671296296297,0.03443287037037037,0.009884678747940691,49
point_cluster_train_0090,train,point_cluster,0.0,0.8964284658432007,0.008971027349650319,0.04199738616140765,0,0,0.0,1.0,0.0007943404596988801,0.025254360003488508,0,0,-0.062678761780262,0.015075728297233582,-0.002080044519432165,0.008463172283355079,0,0,-0.9913396239280701,0.999998927116394,0.00267033358708162,0.17350078184075401,0,0,0.9322916666666666,0.06770833333333333,0.0163727959697733,0
point_cluster_train_0091,train,point_cluster,0.0,0.800000011920929,0.006421591897446045,0.04444521631819101,0,0,0.0,1.0,0.0003921483789950057,0.017759589890961686,0,0,-0.016583368182182312,0.04039432108402252,0.0006038236908217961,0.004151715703052788,0,0,-0.998612105846405,0.9571169018745422,-0.0007422724346960658,0.12984559126142126,0,0,0.9635416666666666,0.036458333333333336,0.016203703703703703,0
point_cluster_train_0092,train,point_cluster,0.0,0.8574469089508057,0.016612426096327435,0.06866315717862531,0,0,0.0,1.0,0.0007507812913024316,0.02497330960149468,0,0,-0.07389162480831146,0.07499998807907104,-0.0026092405217544488,0.015815863533914332,0,0,-0.9986152648925781,0.9999964833259583,-0.002333874702647639,0.1592640623017387,0,0,0.943359375,0.056640625,0.012682926829268294,315
point_cluster_train_0093,train,point_cluster,0.0,0.9494954347610474,0.0076648831190271735,0.05457103049207905,0,0,0.0,1.0,0.0003465028453825249,0.016990533834142067,0,0,-0.030000008642673492,0.011941343545913696,-0.00042102402410280237,0.0033538249635178493,0,0,-0.9000070691108704,0.9766644239425659,0.005837063463534125,0.12693858740763908,0,0,0.9645543981481481,0.03544560185185185,0.015267175572519083,0
point_cluster_train_0094,train,point_cluster,0.0,1.0,0.013771192770676592,0.059358734501281776,0,0,0.0,0.9573969841003418,0.0006324535546203455,0.021016657735351166,0,0,-0.06937742978334427,0.004029214382171631,-0.0030260578852095124,0.01066230728745331,0,0,-0.9913396239280701,0.999998927116394,0.0041361658292805295,0.17572581398003934,0,0,0.9298321759259259,0.07016782407407407,0.01021355617455896,30
point_cluster_train_0095,train,point_cluster,0.0,1.0,0.008284473791987964,0.05490141251747623,0,0,0.0,0.9073969721794128,0.00038875716186507987,0.017380807232820424,0,0,-0.06864529848098755,0.0,-0.0016826291275383145,0.008992010952275475,0,0,-0.9928953647613525,0.9973381757736206,0.0007302422770104992,0.11344916933383704,0,0,0.97265625,0.02734375,0.015250544662309368,35
point_cluster_train_0096,train,point_cluster,0.0,0.8396919369697571,0.007128694211773678,0.04795459093242644,0,0,0.0,1.0,0.0003380142669710848,0.016458638322946917,0,0,0.0,0.06264981627464294,0.001590877376387383,0.008092384457740234,0,0,-0.9892363548278809,0.9999994039535522,0.0016241579513815749,0.11949959746966271,0,0,0.9650607638888888,0.03493923611111111,0.013392857142857142,0
point_cluster_train_0097,train,point_cluster,0.0,0.9962968230247498,0.012052295043657877,0.06727812038739696,0,0,0.0,1.0,0.0004457314757423268,0.01881543470340003,0,0,0.0,0.057183489203453064,0.0017036791250575334,0.0082499123335454,0,0,-0.9712616205215454,0.9999969601631165,-0.0021872662683748516,0.12143516548906245,0,0,0.9655671296296297,0.03443287037037037,0.01335559265442404,0
point_cluster_train_0098,train,point_cluster,0.0,1.0,0.015903584344987058,0.08713719853390467,0,0,0.0,0.8935930132865906,0.0004545407309369357,0.01900966178606614,0,0,-0.07438972592353821,0.07461076974868774,0.0004103338104431276,0.01294604579583483,0,0,-0.9820112586021423,0.9772876501083374,0.0003855019259828151,0.11671698390995572,0,0,0.9686053240740741,0.03139467592592592,0.01436265709156194,259
point_cluster_train_0099,train,point_cluster,0.0,0.9953804016113281,0.008710131980141913,0.05831487513581794,0,0,0.0,1.0,0.00042321553229595775,0.018891342366454164,0,0,-0.07367832213640213,0.07500000298023224,-0.001669194723945111,0.010229707370949487,0,0,-0.956943690776825,0.999998927116394,0.0012677143515449846,0.11029192125920097,0,0,0.9713541666666666,0.028645833333333332,0.010660980810234541,96
point_cluster_train_0100,train,point_cluster,0.0,1.0,0.007566370835952007,0.049750603244089905,0,0,0.0,0.9482240080833435,0.0009696960311245035,0.027210359646046425,0,0,-0.012704700231552124,0.0555480420589447,0.0012769815167067227,0.00676660111569842,0,0,-0.9943807125091553,0.9571169018745422,-0.000985522143074141,0.14099411607514967,0,0,0.9564525462962963,0.043547453703703706,0.035343035343035345,0
point_cluster_train_0101,train,point_cluster,0.0,0.9391806125640869,0.009200435905633506,0.04397315407994336,0,0,0.0,1.0,0.0006786440456010125,0.02332947317103352,0,0,-0.07372584939002991,0.07410934567451477,-0.002172483338250054,0.014286171873438553,0,0,-0.9986152648925781,0.9999964833259583,-0.0007890110461664369,0.14343400271370232,0,0,0.9534143518518519,0.04658564814814815,0.012345679012345678,259
point_cluster_train_0102,train,point_cluster,0.0,1.0,0.00866278232920363,0.06102694659100841,0,0,0.0,0.9760599732398987,0.0005073395505961445,0.020275996382234547,0,0,-0.05500000715255737,0.0,-0.0012540779786865675,0.006898477786535492,0,0,-0.9425351619720459,0.999998927116394,0.0003811171897083383,0.11933974851905885,0,0,0.9721498842592593,0.02785011574074074,0.02050113895216401,0
point_cluster_train_0103,train,point_cluster,0.0,0.9410019516944885,0.01882555393213234,0.09957646404336065,0,0,0.0,1.0,0.00024584146578692726,0.014723934353376354,0,0,-0.07483351975679398,0.07500000298023224,-0.0004937931064179995,0.012714802848780321,0,0,-0.9070445895195007,0.9710617065429688,0.0037579843766353507,0.10307914386252108,0,0,0.9748263888888888,0.025173611111111112,0.007590132827324478,264
point_cluster_train_0104,train,point_cluster,0.0,0.800000011920929,0.016847447552747866,0.07335686913750382,0,0,0.0,1.0,0.0007016996473625854,0.0232532029126979,0,0,-0.07411287724971771,0.0747220516204834,0.0016488664841745049,0.01648441109229005,0,0,-0.9820112586021423,0.9969497919082642,0.003270221156981279,0.14957428472106468,0,0,0.9505208333333334,0.049479166666666664,0.013742071881606765,432
point_cluster_train_0105,train,point_cluster,0.0,0.9479122161865234,0.01735946864950906,0.0917882919541355,0,0,0.0,1.0,0.00039081754490595175,0.018844788374173253,0,0,-0.07384227216243744,0.07500000298023224,-0.0002314932366802909,0.013083571595347038,0,0,-0.9993054270744324,0.999998927116394,0.003900868357824813,0.12177051506878911,0,0,0.9706307870370371,0.02936921296296296,0.01073345259391771,294
point_cluster_train_0106,train,point_cluster,0.0,0.9092991948127747,0.012429401605585453,0.06466884733059483,0,0,0.0,1.0,0.00043393523190860396,0.018364773853645447,0,0,-0.07367832213640213,0.07500000298023224,0.0020766426376347363,0.012157961544113997,0,0,-0.9070445895195007,0.9999994039535522,0.006326164685796593,0.12253566267435852,0,0,0.9670862268518519,0.03291377314814815,0.01340033500837521,189
point_cluster_train_0107,train,point_cluster,0.0,0.8556830883026123,0.011646112500548715,0.06787307230530452,0,0,0.0,1.0,0.00034475530480483066,0.01685524334190508,0,0,-0.07438972592353821,0.07455511391162872,0.00029735242046795236,0.011807628253361926,0,0,-0.9820112586021423,0.9973381757736206,0.0010760976353207366,0.10497314964426266,0,0,0.9736689814814815,0.026331018518518517,0.012345679012345678,196
point_cluster_train_0108,train,point_cluster,0.0,0.8621537089347839,0.008056265296242296,0.04967736263713981,0,0,0.0,1.0,0.00043580004583216377,0.01850270542152706,0,0,0.0,0.06400933861732483,0.0016896755626442394,0.007988451720872211,0,0,-0.9667691588401794,0.9999969601631165,-0.0015397896084458032,0.1287421488277479,0,0,0.9594907407407407,0.04050925925925926,0.012867647058823529,0
point_cluster_train_0109,train,point_cluster,0.0,0.8546891212463379,0.010498712604843334,0.061038247002624564,0,0,0.0,1.0,0.00043991883716511503,0.019658973485126047,0,0,-0.07000000774860382,0.0,-0.002072279158272539,0.010342760284940408,0,0,-0.9745907783508301,0.999998927116394,0.001757450802769098,0.11316002102566168,0,0,0.9716435185185185,0.028356481481481483,0.012867647058823529,70
point_cluster_train_0110,train,point_cluster,0.0,0.8745853304862976,0.009746381489229086,0.05701859681617088,0,0,0.0,1.0,0.0005875810144331168,0.02212641397431227,0,0,-0.07438972592353821,0.07455511391162872,0.0020835324388894217,0.010774008552453935,0,0,-0.9425201416015625,0.964989185333252,0.0013936212871309788,0.11415284682450723,0,0,0.9691116898148148,0.030888310185185185,0.01818181818181818,133
point_cluster_train_0111,train,point_cluster,0.0,0.9054633378982544,0.008663879737098425,0.0629958704927157,0,0,0.0,1.0,0.00029779401504331164,0.015901534405268637,0,0,-0.07411287724971771,0.0747220516204834,-0.000504049849782691,0.010357924989308522,0,0,-0.9820112586021423,0.9969497919082642,-0.0009601314606057982,0.09404404521298483,0,0,0.9858217592592593,0.014178240740740741,0.01483679525222552,196
point_cluster_train_0112,train,point_cluster,0.0,0.8038313388824463,0.004831563096137904,0.038697817112151076,0,0,0.0,1.0,0.0005877438191048525,0.022103464194315792,0,0,-0.03500000387430191,0.006284996867179871,-0.0005897881810260178,0.0038624629105063982,0,0,-0.9000070691108704,0.9766644239425659,0.005173149696525393,0.11200423812531189,0,0,0.9706307870370371,0.02936921296296296,0.028169014084507043,0
point_cluster_train_0113,train,point_cluster,0.0,0.8926315903663635,0.01481011744032946,0.07633997234142258,0,0,0.0,1.0,0.0005384978312240155,0.02134321527158841,0,0,-0.07494446635246277,0.07499998807907104,0.0013305332675507223,0.012830067034883038,0,0,-0.9820112586021423,0.9999969601631165,0.0003554593666245233,0.11621690145377968,0,0,0.9670862268518519,0.03291377314814815,0.014563106796116505,280
point_cluster_train_0114,train,point_cluster,0.0,0.8840325474739075,0.008778961284482042,0.06008418008202199,0,0,0.0,1.0,0.000610017894629251,0.02286431323148217,0,0,-0.020965129137039185,0.035067543387413025,0.00030898745495101646,0.0030105952406292284,0,0,-0.9342870712280273,0.9517656564712524,0.0003518135351812277,0.11342706170894572,0,0,0.9701244212962963,0.029875578703703703,0.022026431718061675,0
point_cluster_train_0115,train,point_cluster,0.0,1.0,0.01273104333732691,0.08162883562757539,0,0,0.0,0.9898470044136047,0.0003617863144932522,0.017539056820495478,0,0,-0.07411287724971771,0.07499998807907104,0.00019019048691175326,0.011215687291276652,0,0,-0.9820112586021423,0.9973381757736206,0.0003927176632579951,0.09778902651219801,0,0,0.9807581018518519,0.019241898148148147,0.015384615384615385,245
point_cluster_train_0116,train,point_cluster,0.0,0.8098956346511841,0.010025941549020832,0.04394705521723811,0,0,0.0,1.0,0.0007860712336238336,0.0246828565975336,0,0,-0.07411287724971771,0.07388612627983093,-0.003421720815822482,0.013853696928608638,0,0,-0.9991823434829712,0.9999964833259583,-0.0022321927162583625,0.16863877600860788,0,0,0.9380787037037037,0.061921296296296294,0.014861995753715499,168
point_cluster_train_0117,train,point_cluster,0.0,1.0,0.007972762300697569,0.05848189717809946,0,0,0.0,0.8928179740905762,0.00036010047403612624,0.016257855331900373,0,0,-0.006038203835487366,0.049060285091400146,0.000881994469738048,0.005127409289679588,0,0,-0.998612105846405,0.9571169018745422,-0.002413351702536467,0.11498098495377984,0,0,0.9680989583333334,0.031901041666666664,0.0166270783847981,0
point_cluster_train_0118,train,point_cluster,0.0,0.8080005049705505,0.004835585421544776,0.03620225908181671,0,0,0.0,1.0,0.0004273565762020923,0.018252787836115635,0,0,-0.02701626718044281,0.02755279839038849,2.6187972657175527e-05,0.002615360691817046,0,0,-0.998612105846405,0.9766644239425659,0.0009064199519815264,0.11900103860448354,0,0,0.9721498842592593,0.02785011574074074,0.021798365122615803,0
point_cluster_train_0119,train,point_cluster,0.0,0.8988400101661682,0.00791828090442087,0.04873620488463314,0,0,0.0,1.0,0.00037640552640099214,0.017017281121016806,0,0,-0.07389162480831146,0.0747220516204834,-0.0018286972007007097,0.010368191274198855,0,0,-0.9788332581520081,0.9999964833259583,-0.0006335174364519642,0.1140568859644973,0,0,0.9675925925925926,0.032407407407407406,0.013435700575815739,91
point_cluster_train_0120,train,point_cluster,0.0,0.800000011920929,0.006893650720384257,0.048852152617021256,0,0,0.0,1.0,0.0004034929917435403,0.01835935341445793,0,0,-0.0013393163681030273,0.05155643820762634,0.0008984149942450502,0.005361020244933452,0,0,-0.998612105846405,0.9350854158401489,-0.004987225588390882,0.10974490975197947,0,0,0.97265625,0.02734375,0.01643192488262911,0
point_cluster_train_0121,train,point_cluster,0.0,0.9581655263900757,0.009271363346771169,0.05811985479389258,0,0,0.0,1.0,0.00056999488906176,0.02159848552026832,0,0,0.0,0.06783020496368408,0.001767850083221371,0.009347439572437236,0,0,-0.9712616205215454,0.9999969601631165,0.001000349116271469,0.10611008409598664,0,0,0.9741753472222222,0.025824652777777776,0.020491803278688523,63
point_cluster_train_0122,train,point_cluster,0.0,0.9059250950813293,0.009341421660186219,0.05905346716234895,0,0,0.0,1.0,0.00047473640491565067,0.019987908101955113,0,0,0.0,0.07022714614868164,0.0016056442659141289,0.008584459785196584,0,0,-0.9667691588401794,0.9999969601631165,0.00031507519883302004,0.11503057289836573,0,0,0.9716435185185185,0.028356481481481483,0.016194331983805668,21
point_cluster_train_0123,train,point_cluster,0.0,0.887930691242218,0.014183176640034179,0.08275782834482948,0,0,0.0,1.0,0.0004255918535852322,0.018123652615528556,0,0,-0.07384227216243744,0.07500000298023224,-0.0008051426983136615,0.012189194109660927,0,0,-0.9993054270744324,0.999998927116394,0.002319586098868361,0.10889780561101756,0,0,0.9756944444444444,0.024305555555555556,0.01609657947686117,238
point_cluster_train_0124,train,point_cluster,0.0,1.0,0.013430477584969831,0.06904047423092646,0,0,0.0,0.8642709851264954,0.0005999876970977143,0.0206180343747611,0,0,-0.07483351975679398,0.07500000298023224,-0.002713542808325858,0.011986526504669298,0,0,-0.9913396239280701,0.999998927116394,0.001481060056701406,0.1292039680060979,0,0,0.9620225694444444,0.03797743055555555,0.015978695073235686,140
point_cluster_train_0125,train,point_cluster,0.0,1.0,0.0119636826278077,0.07844443779821174,0,0,0.0,0.9467750191688538,0.00029645702818891515,0.015769602070542704,0,0,-0.07405753433704376,0.0747220516204834,0.0013032999575241571,0.010345176290308481,0,0,-0.9667691588401794,0.9932713508605957,0.0020063793281561056,0.09557348717865127,0,0,0.9807581018518519,0.019241898148148147,0.012853470437017995,161
point_cluster_train_0126,train,point_cluster,0.0,0.8595532774925232,0.004770180736348569,0.03735728838638025,0,0,0.0,1.0,0.00041205275596843823,0.018551689773596315,0,0,-0.006996512413024902,0.04912307858467102,0.0008823738920640339,0.005003650510221122,0,0,-0.9367321133613586,0.9348345398902893,-0.00021335537719466998,0.11437146403791577,0,0,0.9680989583333334,0.031901041666666664,0.019498607242339833,0
point_cluster_train_0127,train,point_cluster,0.0,0.8203471899032593,0.012391370275104742,0.07115315053156145,0,0,0.0,1.0,0.0006004459121161037,0.022596096642799202,0,0,-0.07384227216243744,0.07500000298023224,-0.00032543255117532143,0.012337596237605365,0,0,-0.9993054270744324,0.999998927116394,0.0022107761361203977,0.10997641523286521,0,0,0.9751880787037037,0.024811921296296297,0.0199203187250996,252
point_cluster_train_0128,train,point_cluster,0.0,1.0,0.0126446725149031,0.07609136597283574,0,0,0.0,0.9288560152053833,0.000251273801377802,0.013430753161975534,0,0,-0.07494446635246277,0.07455511391162872,0.0004762208274634624,0.012336548704172938,0,0,-0.9820112586021423,0.9772876501083374,-0.0017138878845681003,0.10059496904355678,0,0,0.9741753472222222,0.025824652777777776,0.01002004008016032,252
point_cluster_train_0129,train,point_cluster,0.0,0.800000011920929,0.005481183726445764,0.03495125961880222,0,0,0.0,1.0,0.0006227097862089673,0.021616554757439413,0,0,-0.07483351975679398,0.07500000298023224,-0.0029716629198648864,0.012082143495339755,0,0,-0.9913396239280701,0.999998927116394,0.0010907196664009934,0.15075799798696374,0,0,0.9490740740740741,0.05092592592592592,0.0205761316872428,128
point_cluster_train_0130,train,point_cluster,0.0,0.800000011920929,0.0036787999637226676,0.032212903852832694,0,0,0.0,1.0,0.00033564641381855363,0.016292125368433653,0,0,-0.004226207733154297,0.03343935310840607,0.0004556497162276948,0.0030945684505044174,0,0,-0.9943807125091553,0.9517656564712524,-3.6558668162561606e-05,0.10370394711772671,0,0,0.9751880787037037,0.024811921296296297,0.019169329073482427,0
point_cluster_train_0131,train,point_cluster,0.0,1.0,0.016891329368499335,0.08378027563835792,0,0,0.0,0.8138279914855957,0.0002998693574530383,0.014585052325222817,0,0,-0.07411287724971771,0.0747220516204834,0.0008132841386314896,0.0140914413960302,0,0,-0.9820112586021423,0.9969497919082642,0.002438240139933138,0.12582094424408485,0,0,0.9655671296296297,0.03443287037037037,0.008683068017366137,308
point_cluster_train_0132,train,point_cluster,0.0,0.9808768630027771,0.009370331188957035,0.07128314461826782,0,0,0.0,1.0,0.0002669784438761848,0.015719197039087453,0,0,0.0,0.06644859910011292,0.001075548773062312,0.0074402847397720745,0,0,-0.9712616205215454,0.9999969601631165,0.0005394465333581509,0.08324685835039504,0,0,0.9837962962962963,0.016203703703703703,0.013605442176870748,42
point_cluster_train_0133,train,point_cluster,0.0,0.9979273080825806,0.006543063751392024,0.04919925913663701,0,0,0.0,1.0,0.0004431258550741606,0.01980436147891526,0,0,-0.022524520754814148,0.030277550220489502,0.0001664952325410451,0.002595495983665829,0,0,-0.998612105846405,0.9571169018745422,0.0006329398216554115,0.11759559197602028,0,0,0.97265625,0.02734375,0.01881720430107527,0
point_cluster_train_0134,train,point_cluster,0.0,0.800000011920929,0.009171628835449357,0.05767110098551641,0,0,0.0,1.0,0.0004645114617974118,0.01961722340229956,0,0,-0.07372584939002991,0.07499998807907104,0.0009888386422837222,0.011408475745177872,0,0,-0.9325828552246094,0.9999969601631165,0.0011620517089559817,0.09846064548535492,0,0,0.9782262731481481,0.021773726851851853,0.018306636155606407,238
point_cluster_train_0135,train,point_cluster,0.0,1.0,0.010158408175912983,0.06521991186477294,0,0,0.0,0.8576610088348389,0.0002673099688426764,0.014257344955590874,0,0,-0.07411287724971771,0.0747220516204834,0.0007797554135322571,0.011159180768010792,0,0,-0.9820112586021423,0.9999969601631165,0.004231457228629383,0.11080930426438729,0,0,0.9772135416666666,0.022786458333333332,0.011235955056179775,189
point_cluster_train_0136,train,point_cluster,0.0,0.8220750093460083,0.00551116859546036,0.04148330486276185,0,0,0.0,1.0,0.0003991249724532719,0.018009384723280546,0,0,-0.03327383100986481,0.014468833804130554,-0.00034304599426428065,0.0030112707113994696,0,0,-0.9913396239280701,0.9614124894142151,0.0001849625758175669,0.10965494065432117,0,0,0.9731626157407407,0.02683738425925926,0.018134715025906734,0
point_cluster_train_0137,train,point_cluster,0.0,0.8779484629631042,0.008562302314439203,0.05789270314730095,0,0,0.0,1.0,0.00033760263101646195,0.01662440196650628,0,0,-0.07344979047775269,0.0747220516204834,-0.0014702019117841566,0.009223609764272174,0,0,-0.9499250054359436,0.9932713508605957,-0.001813662880000198,0.09223271925888783,0,0,0.9802517361111112,0.019748263888888888,0.013089005235602094,70
point_cluster_train_0138,train,point_cluster,0.0,0.800000011920929,0.008492634429280265,0.05589653311764905,0,0,0.0,1.0,0.0006505485442984435,0.024333103828504152,0,0,-0.029584065079689026,0.01918923854827881,-0.00025360780677551194,0.002997962598631778,0,0,-0.961885392665863,0.9766644239425659,0.0028427285516819984,0.12358610633198541,0,0,0.9665798611111112,0.03342013888888889,0.021645021645021644,0
point_cluster_train_0139,train,point_cluster,0.0,0.8125172853469849,0.014645567305723051,0.05756066237441034,0,0,0.0,1.0,0.0007552700763982204,0.024255958722001078,0,0,-0.07389162480831146,0.0747220516204834,0.00456967198018295,0.015059677948400428,0,0,-0.9943807125091553,0.964989185333252,-0.0008155714203136691,0.18596578205035927,0,0,0.9166666666666666,0.08333333333333333,0.011695906432748537,234
point_cluster_train_0140,train,point_cluster,0.0,1.0,0.007141547430853313,0.04471265391568443,0,0,0.0,0.9649379849433899,0.00025177481627367714,0.013651153196887861,0,0,-0.07273365557193756,0.07499998807907104,-0.0016737057195752168,0.010061043759998188,0,0,-0.9986152648925781,0.9999964833259583,0.001796817448916112,0.11270921109973173,0,0,0.9731626157407407,0.02683738425925926,0.010615711252653927,84
point_cluster_train_0141,train,point_cluster,0.0,0.9929648637771606,0.014364142664935233,0.07570868083229171,0,0,0.0,1.0,0.0005637698125577083,0.021594381678921495,0,0,-0.005000010132789612,0.062132030725479126,0.0016260214971326706,0.007582909267869284,0,0,-0.9367321133613586,0.9681704044342041,0.0005740230654838444,0.13556351327173274,0,0,0.9579716435185185,0.04202835648148148,0.014492753623188406,0
point_cluster_train_0142,train,point_cluster,0.0,0.9301417469978333,0.008024945370329483,0.05569261364109077,0,0,0.0,1.0,0.00035758667918680994,0.01740336082749643,0,0,-0.03146731108427048,0.02755279839038849,-6.740152592236107e-05,0.0030020808185273165,0,0,-0.998612105846405,0.9766644239425659,0.0003899753251567341,0.1250195339684501,0,0,0.9686053240740741,0.03139467592592592,0.01284796573875803,0
point_cluster_train_0143,train,point_cluster,0.0,0.8672522902488708,0.011809652472072264,0.049161156623488515,0,0,0.0,1.0,0.0008049195425377951,0.025026915270448126,0,0,-0.07411287724971771,0.0747220516204834,-0.002939876231485633,0.014617997630225532,0,0,-0.9991823434829712,0.9999964833259583,-0.003384625737807154,0.162422061260469,0,0,0.9427806712962963,0.057219328703703706,0.014084507042253521,224
point_cluster_train_0144,train,point_cluster,0.0,1.0,0.0062123155900600845,0.04637513305647913,0,0,0.0,0.9260910153388977,0.00028425354200104874,0.015097396836344482,0,0,-0.009643316268920898,0.03343935310840607,0.0004638569338971542,0.0032422121021030374,0,0,-0.9943807125091553,0.9517656564712524,-0.00031216427184214507,0.11455606701479079,0,0,0.9696180555555556,0.030381944444444444,0.012165450121654502,0
point_cluster_train_0145,train,point_cluster,0.0,0.9392096400260925,0.01624114679786241,0.07567628364681774,0,0,0.0,1.0,0.0007701809647389584,0.024646817289701414,0,0,-0.07389162480831146,0.0747220516204834,0.0030081912323280616,0.01262184308497947,0,0,-0.9667691588401794,0.9999969601631165,0.002980858291266486,0.14615925898957344,0,0,0.9461805555555556,0.05381944444444445,0.015659955257270694,128
point_cluster_train_0146,train,point_cluster,0.0,1.0,0.004965231702701405,0.038088028316316865,0,0,0.0,0.8763939738273621,0.00025516152554364116,0.013681830473384064,0,0,-0.06288188695907593,0.0,-0.0011303042863599127,0.006649997207342393,0,0,-0.9986152648925781,0.8966417908668518,-0.0008427081484114751,0.1000083315987005,0,0,0.9769965277777778,0.023003472222222224,0.011799410029498525,0
point_cluster_train_0147,train,point_cluster,0.0,0.964721143245697,0.0227152656147222,0.09626659797828623,0,0,0.0,1.0,0.0007696382321969226,0.024791239424148247,0,0,-0.07483351975679398,0.07500000298023224,0.0012717193870533567,0.01675359384956512,0,0,-0.9993054270744324,0.9999994039535522,0.00556382529490899,0.15042148299618138,0,0,0.951171875,0.048828125,0.014613778705636743,468
point_cluster_train_0148,train,point_cluster,0.0,0.8355042338371277,0.008677418370839237,0.05368495544733996,0,0,0.0,1.0,0.0005320421359674246,0.020295612620676924,0,0,0.0,0.052607983350753784,0.0011867338207257152,0.006303918662321278,0,0,-0.9943807125091553,0.964989185333252,3.526026342081389e-05,0.11986519212990658,0,0,0.9691116898148148,0.030888310185185185,0.01953125,0
point_cluster_train_0149,train,point_cluster,0.0,0.8749916553497314,0.0034459956490572358,0.02842735714270499,0,0,0.0,1.0,0.0008953448203909728,0.026866685046143694,0,0,-0.05175617337226868,0.0087069571018219,-0.0013671452007083982,0.0064032416343525285,0,0,-0.9768810272216797,0.9964806437492371,0.0019002918915820945,0.14162221863329713,0,0,0.9513888888888888,0.04861111111111111,0.01824817518248175,0
point_cluster_train_0150,train,point_cluster,0.0,0.9909752011299133,0.015806203104232367,0.07504278758481925,0,0,0.0,1.0,0.0007491785368916613,0.025736412282149172,0,0,-0.07438972592353821,0.0747220516204834,0.0010978211131360796,0.015075367101764112,0,0,-0.9820112586021423,0.9628074765205383,-0.0007893351090994353,0.1353270302589102,0,0,0.9577546296296297,0.04224537037037037,0.015604681404421327,368
point_cluster_train_0151,train,point_cluster,0.0,0.9966412782669067,0.013165310489798517,0.07268842040789973,0,0,0.0,1.0,0.000416371186643287,0.018749618008075224,0,0,-0.07411287724971771,0.0747220516204834,-0.0006335274148215023,0.012892324656929773,0,0,-0.9820112586021423,0.9969497919082642,-0.0007686445038854328,0.11898676447885728,0,0,0.9751880787037037,0.024811921296296297,0.0125,259
point_cluster_train_0152,train,point_cluster,0.0,0.800000011920929,0.020029750781220542,0.08478875241667706,0,0,0.0,1.0,0.0007297620349736126,0.02349105069860639,0,0,-0.07477790117263794,0.07455511391162872,0.0008172070698088242,0.01632692087558669,0,0,-0.9820112586021423,0.9973381757736206,0.002651358102462432,0.14808197464121176,0,0,0.9464699074074074,0.053530092592592594,0.014537902388369679,360
point_cluster_train_0153,train,point_cluster,0.0,1.0,0.008757263723838251,0.05836959305124133,0,0,0.0,0.9473620057106018,0.0004304578286354189,0.018073848218576157,0,0,0.0,0.054022058844566345,0.0010539291801655458,0.006026912756543963,0,0,-0.9943807125091553,0.9421225190162659,-0.0004356573271151218,0.10754482661539219,0,0,0.9739583333333334,0.026041666666666668,0.018223234624145785,0
point_cluster_train_0154,train,point_cluster,0.0,0.800000011920929,0.004248214965459569,0.037782871148774974,0,0,0.0,1.0,0.0004089110513666162,0.018392074489725834,0,0,-0.008578658103942871,0.02867567539215088,0.00028011464207709113,0.0023589103845002885,0,0,-0.9943807125091553,0.9517656564712524,0.00023582896769598678,0.09710301066805652,0,0,0.9782262731481481,0.021773726851851853,0.026119402985074626,0
point_cluster_train_0155,train,point_cluster,0.0,0.8393726348876953,0.009494128257722844,0.06119347443180895,0,0,0.0,1.0,0.00037644873804378287,0.017030344973391277,0,0,-0.07389162480831146,0.07499998807907104,0.0008885674739118527,0.01156292357310699,0,0,-0.9325828552246094,0.9999969601631165,0.0006102298719741628,0.09256853814917092,0,0,0.9787326388888888,0.021267361111111112,0.016166281755196306,245
point_cluster_train_0156,train,point_cluster,0.0,1.0,0.010167518771595496,0.054931517169615945,0,0,0.0,0.8999239802360535,0.0006965483965662619,0.0230911320768973,0,0,-0.052917562425136566,0.01124514639377594,-0.0017790078612354894,0.007307885968933853,0,0,-0.998612105846405,0.9766644239425659,0.001968943854990357,0.16742547599607277,0,0,0.9407552083333334,0.059244791666666664,0.017191977077363897,0
point_cluster_train_0157,train,point_cluster,0.0,0.9969016313552856,0.004760778517501657,0.04581179416802699,0,0,0.0,1.0,0.0002525108392108922,0.015164315973928153,0,0,-0.00919872522354126,0.031245693564414978,0.00026832079877042107,0.002326505031769348,0,0,-0.998612105846405,0.9571169018745422,-0.0015724398728909567,0.08978376757076992,0,0,0.9830729166666666,0.016927083333333332,0.017167381974248927,0
point_cluster_train_0158,train,point_cluster,0.0,0.8993315100669861,0.008511685370582132,0.058155202502923754,0,0,0.0,1.0,0.000298427128991871,0.01580470334724081,0,0,-0.07494446635246277,0.07499998807907104,0.0011789955218167354,0.010211260165444136,0,0,-0.9712616205215454,0.9999969601631165,-0.0025116256872058365,0.0925242514542226,0,0,0.9787326388888888,0.021267361111111112,0.013297872340425532,168
point_cluster_train_0159,train,point_cluster,0.0,0.8941232562065125,0.013836071719222472,0.0647341410977495,0,0,0.0,1.0,0.0005268108410139879,0.019885162724150213,0,0,-0.07389162480831146,0.07461076974868774,0.002911822000492571,0.012054247422735257,0,0,-0.9943807125091553,0.9628074765205383,0.0006070400241713758,0.1536347060247507,0,0,0.9442997685185185,0.05570023148148148,0.011148272017837236,140
point_cluster_train_0160,train,point_cluster,0.0,0.9054830074310303,0.008294009560847405,0.053548096102299686,0,0,0.0,1.0,0.00043474355953986997,0.01941847960225142,0,0,-0.0650000050663948,0.0,-0.0015649926817449913,0.008409285673052248,0,0,-0.9745907783508301,0.999998927116394,0.0021809709519234107,0.10831180610960586,0,0,0.9731626157407407,0.02683738425925926,0.014112903225806451,7
point_cluster_train_0161,train,point_cluster,0.0,0.9002302289009094,0.007159259075638989,0.04247740150057785,0,0,0.0,1.0,0.0004975183056322512,0.01988802066714241,0,0,-0.07494446635246277,0.07499998807907104,-0.001653054634247113,0.011870811917811924,0,0,-0.9928953647613525,0.9999964833259583,0.0001562722257707113,0.11367265718964971,0,0,0.9706307870370371,0.02936921296296296,0.016853932584269662,189
point_cluster_train_0162,train,point_cluster,0.0,0.9438012838363647,0.011268081008219506,0.06526468248875851,0,0,0.0,1.0,0.0003275987304126223,0.01726356831362478,0,0,-0.0650000050663948,0.0,-0.0017935563853286483,0.009053681769259199,0,0,-0.9745907783508301,0.999998927116394,0.0033784829962921017,0.11637716561222099,0,0,0.9701244212962963,0.029875578703703703,0.009242144177449169,7
point_cluster_train_0163,train,point_cluster,0.0,0.8806057572364807,0.01108735561164967,0.07097121195154843,0,0,0.0,1.0,0.0002889656375541731,0.015535210916400062,0,0,-0.07494446635246277,0.07276669144630432,0.00014255532490399977,0.01141213212419917,0,0,-0.9820112586021423,0.9973381757736206,0.0017733703598002682,0.09717238858862805,0,0,0.9762008101851852,0.023799189814814815,0.011467889908256881,196
point_cluster_train_0164,train,point_cluster,0.0,0.9006988406181335,0.011312770838121313,0.06203422060077973,0,0,0.0,1.0,0.0008696918289556548,0.025244359883150283,0,0,0.0,0.06731313467025757,0.0020975289129031203,0.009502626668180799,0,0,-0.9943807125091553,0.9640410542488098,0.0013215897658180136,0.13011751334371133,0,0,0.9583333333333334,0.041666666666666664,0.026153846153846153,18
point_cluster_train_0165,train,point_cluster,0.0,1.0,0.0059796128003418506,0.04950101959236488,0,0,0.0,0.9066879749298096,0.00026940241783719374,0.014269999438837984,0,0,-0.0029456019401550293,0.04525624215602875,0.0005862462825866209,0.003955294565756351,0,0,-0.9367321133613586,0.9348345398902893,0.000576053483301722,0.09279382254153101,0,0,0.9782986111111112,0.021701388888888888,0.01592356687898089,0
point_cluster_train_0166,train,point_cluster,0.0,0.9407293796539307,0.005716324080683282,0.04388595057584108,0,0,0.0,1.0,0.00040638120413792356,0.017323168755996137,0,0,-0.03898198902606964,0.01710774004459381,-0.0004260281092245822,0.0033277813129403565,0,0,-0.950625479221344,0.9766644239425659,0.0015097218161422966,0.11595866077124775,0,0,0.9721498842592593,0.02785011574074074,0.022535211267605635,0
point_cluster_train_0167,train,point_cluster,0.0,0.800000011920929,0.009303053745059986,0.043548426354051616,0,0,0.0,1.0,0.0007937541619564096,0.02444590428211241,0,0,-0.07411287724971771,0.07499998807907104,-0.001450367235250909,0.014815998314041264,0,0,-0.9820112586021423,0.9973381757736206,-0.0018042833899522116,0.14576106231277391,0,0,0.9508825231481481,0.04911747685185185,0.017899761336515514,294
point_cluster_train_0168,train,point_cluster,0.0,1.0,0.009457859878239105,0.061057594681695124,0,0,0.0,0.9592300057411194,0.00038805664344518273,0.01643450229996705,0,0,-0.07189750671386719,0.0,-0.00172768115050901,0.008821531122466695,0,0,-0.956943690776825,0.999998927116394,0.002286411473135188,0.11466931530132796,0,0,0.9686053240740741,0.03139467592592592,0.01652892561983471,28
point_cluster_train_0169,train,point_cluster,0.0,0.9017091989517212,0.01615141298959686,0.08291256106074102,0,0,0.0,1.0,0.0004513078688264445,0.01901952024742557,0,0,-0.07384227216243744,0.07500000298023224,-0.0009630993100236756,0.013201972103938382,0,0,-0.9993054270744324,0.999998927116394,0.001563486046978613,0.12517758151902694,0,0,0.9665798611111112,0.03342013888888889,0.012779552715654952,259
point_cluster_train_0170,train,point_cluster,0.0,0.9276868104934692,0.002887812620924832,0.022956621209769674,0,0,0.0,1.0,0.0006058597462941651,0.022794272686070205,0,0,-0.05581770837306976,0.0,-0.0011139933550212947,0.006317337332189203,0,0,-0.994807243347168,0.9999964833259583,-0.0002841315646138456,0.10800034910160779,0,0,0.9730902777777778,0.026909722222222224,0.034482758620689655,0
point_cluster_train_0171,train,point_cluster,0.0,0.8041571378707886,0.00786116297469427,0.0527949825897651,0,0,0.0,1.0,0.0005653846137984483,0.02144040082428761,0,0,-0.044524893164634705,0.021026313304901123,-0.0006185324498262533,0.0043327376757236555,0,0,-0.950625479221344,0.9766644239425659,0.004103565872894789,0.13562860014746486,0,0,0.9599971064814815,0.04000289351851852,0.022026431718061675,0
point_cluster_train_0172,train,point_cluster,0.0,0.988116979598999,0.005624199891119335,0.04131531591885097,0,0,0.0,1.0,0.0004042440430364675,0.018183079629881277,0,0,-0.005691304802894592,0.04499998688697815,0.0008072919897838599,0.0046960806772812875,0,0,-0.998612105846405,0.9350854158401489,-0.0023436198908476165,0.11511415127786935,0,0,0.9696180555555556,0.030381944444444444,0.017632241813602016,0
point_cluster_train_0173,train,point_cluster,0.0,0.800000011920929,0.011449297876862585,0.04959507246178527,0,0,0.0,1.0,0.0008672137736101393,0.026038251018284383,0,0,-0.07494446635246277,0.07499998807907104,0.002606851795765882,0.016454499574016533,0,0,-0.9820112586021423,0.9999969601631165,-6.697943225238608e-05,0.15638140693918937,0,0,0.94140625,0.05859375,0.014585232452142206,432
point_cluster_train_0174,train,point_cluster,0.0,0.977861225605011,0.008708029359122857,0.05416742255333054,0,0,0.0,1.0,0.0004065342040525542,0.018389537608158348,0,0,-0.07483351975679398,0.07500000298023224,-0.0021382249467057626,0.011031482572791759,0,0,-0.9425351619720459,0.999998927116394,0.0018043334432015265,0.10928868975157197,0,0,0.9731626157407407,0.02683738425925926,0.012987012987012988,133
point_cluster_train_0175,train,point_cluster,0.0,0.8156287670135498,0.01316706333475142,0.06788033154111152,0,0,0.0,1.0,0.00042988874311386435,0.018151921424226333,0,0,-0.07483351975679398,0.07500000298023224,-0.0009971516300100593,0.013885112045632845,0,0,-0.9425351619720459,0.999998927116394,0.002103125786864742,0.12475990908633276,0,0,0.9645543981481481,0.03544560185185185,0.01167883211678832,280
point_cluster_train_0176,train,point_cluster,0.0,1.0,0.0042411286475456745,0.034540905874345086,0,0,0.0,0.8889589905738831,0.0002528030977204994,0.013442783093852636,0,0,-0.05500000715255737,0.0,-0.0010458208508444605,0.006418077574317454,0,0,-0.9783591032028198,0.9999964833259583,0.00098262994456659,0.10381388703766366,0,0,0.9782262731481481,0.021773726851851853,0.01607717041800643,0
point_cluster_train_0177,train,point_cluster,0.0,0.8475452661514282,0.01287897264571964,0.056665294394791475,0,0,0.0,1.0,0.0006095773704281008,0.021898157643386235,0,0,-0.07389162480831146,0.07499998807907104,0.002945493666360293,0.012708097603615603,0,0,-0.9667691588401794,0.9999969601631165,-0.00010770506075156543,0.15424464604033192,0,0,0.9417679398148148,0.05823206018518518,0.01059322033898305,147
point_cluster_train_0178,train,point_cluster,0.0,0.9287526607513428,0.011774832202684559,0.05955652570701875,0,0,0.0,1.0,0.0006163532681832159,0.0213084946505915,0,0,0.0,0.07211102545261383,0.002783426286812216,0.01157734616500209,0,0,-0.9070445895195007,0.9999994039535522,0.0028875985804511905,0.13534328231040224,0,0,0.9558738425925926,0.044126157407407406,0.017366136034732273,50
point_cluster_train_0179,train,point_cluster,0.0,1.0,0.013130944650011198,0.08145761693137576,0,0,0.0,0.9197940230369568,0.0002633041089952544,0.013988077538555233,0,0,-0.07389162480831146,0.0747220516204834,-0.0001719981427649381,0.011488155615490148,0,0,-0.9491848945617676,0.9640410542488098,-0.001138805019999617,0.1026302232620339,0,0,0.9767071759259259,0.023292824074074073,0.011467889908256881,210
line_val_0000,val,line,0.0,0.8489447236061096,0.009145304020937264,0.06177709454049781,0,0,0.0,1.0,0.0010851726272246903,0.030375558457199026,0,0,-0.07483351975679398,0.07500000298023224,0.0008536426072101609,0.009407107683011354,0,0,-0.8852874040603638,0.9999994039535522,0.00205058446024648,0.08337639060922258,0,0,0.9811921296296297,0.01880787037037037,0.049315068493150684,135
line_val_0001,val,line,0.0,0.9407532215118408,0.013316203765296249,0.08291923970763128,0,0,0.0,1.0,0.00027457499635164385,0.01615831564926549,0,0,-0.07433627545833588,0.07500000298023224,0.00053695081010961,0.010905087953002542,0,0,-0.9993054270744324,0.9999994039535522,0.002495052228065712,0.09997815052044433,0,0,0.9793836805555556,0.020616319444444444,0.009925558312655087,200
line_val_0002,val,line,0.0,0.976554811000824,0.001393029795045314,0.016839398153189623,0,0,0.0,1.0,0.0019297304614964458,0.04152553774490034,0,0,-0.07361538708209991,0.0,-0.001433706838051202,0.007948213899868849,0,0,-0.9986152648925781,0.9846839904785156,-0.000506253829236677,0.11345075152516372,0,0,0.9714265046296297,0.02857349537037037,0.06542056074766354,30
line_val_0003,val,line,0.0,0.8468519449234009,0.006761882668578673,0.041535781310892514,0,0,0.0,1.0,0.0017560628173803842,0.03857001189930744,0,0,-0.07367832213640213,0.07500000298023224,-0.0019643366680678876,0.012277333008622052,0,0,-0.9993054270744324,0.999998927116394,-9.363146596620532e-05,0.1415115396528249,0,0,0.9529803240740741,0.04701967592592592,0.05087719298245614,155
line_val_0004,val,line,0.0,0.8800694346427917,0.00424608667489784,0.03736976768598859,0,0,0.0,1.0,0.00042649091186898724,0.019124717582754927,0,0,-0.07433627545833588,0.07433034479618073,0.0007609736092962083,0.007833775395606264,0,0,-0.9070445895195007,0.9999994039535522,0.002825621421733457,0.08056233974116853,0,0,0.9855324074074074,0.014467592592592593,0.028688524590163935,80
line_val_0005,val,line,0.0,0.9385837316513062,0.005552710459189332,0.03554565831306269,0,0,0.0,1.0,0.00031791156140604506,0.016828341973792703,0,0,-0.07389162480831146,0.07499998807907104,-0.0017626726454451542,0.010037306214117098,0,0,-0.9991823434829712,0.9999964833259583,-0.0013675471270996947,0.12121728638512368,0,0,0.9674479166666666,0.032552083333333336,0.011111111111111112,85
line_val_0006,val,line,0.0,0.888884961605072,0.0064863882863493115,0.04569623047534939,0,0,0.0,1.0,0.00044910590319583815,0.02002624094625611,0,0,0.0,0.07209232449531555,0.00131848084964548,0.008020783283682473,0,0,-0.9667691588401794,0.964989185333252,0.0010324117664384648,0.0952349001471503,0,0,0.9768518518518519,0.023148148148148147,0.016216216216216217,25
line_val_0007,val,line,0.0,0.8731732964515686,0.014447108550316275,0.0667982637153179,0,0,0.0,1.0,0.0007254315488454369,0.024885253810161097,0,0,-0.07367832213640213,0.07500000298023224,0.0021972120957798325,0.012688104770738746,0,0,-0.9892363548278809,0.9999994039535522,0.006377236553817056,0.13122866459980195,0,0,0.9613715277777778,0.038628472222222224,0.01652892561983471,204
line_val_0008,val,line,0.0,0.8424798250198364,0.004758348478836288,0.03358343861001223,0,0,0.0,1.0,0.0004390388365007109,0.01959012229982624,0,0,-0.059531718492507935,0.0,-0.0013058649535566845,0.00720704718632418,0,0,-0.994807243347168,0.9973381757736206,-0.0002927453149621013,0.11235711484317731,0,0,0.9735966435185185,0.026403356481481483,0.017994858611825194,0
line_val_0009,val,line,0.0,0.9585769772529602,0.008000568361408281,0.05787451561089369,0,0,0.0,1.0,0.0003456150621382727,0.01818566249067225,0,0,-0.046922363340854645,0.00692354142665863,-0.0005755680548544559,0.0039805721047144445,0,0,-0.9913396239280701,0.9766644239425659,0.0014424179190192026,0.09907847001043549,0,0,0.9793836805555556,0.020616319444444444,0.013440860215053764,0
line_val_0010,val,line,0.0,0.8272851705551147,0.012844142377858773,0.06517052587972122,0,0,0.0,1.0,0.0030336344649118407,0.050641515634190656,0,0,-0.07367832213640213,0.07500000298023224,-0.0018761741262601896,0.013665138308406063,0,0,-0.9993054270744324,0.999998927116394,-0.00019279768093838356,0.14088237875819432,0,0,0.9544270833333334,0.045572916666666664,0.059850374064837904,216
line_val_0011,val,line,0.0,0.9564628005027771,0.005129958751341392,0.035217634078446275,0,0,0.0,1.0,0.00043803255539387465,0.019594963069584366,0,0,-0.06654766201972961,0.0,-0.0015917314266078865,0.00814091687504244,0,0,-0.994807243347168,0.9999964833259583,-0.00013622142297983238,0.11922945985428153,0,0,0.9681712962962963,0.031828703703703706,0.014669926650366748,10
line_val_0012,val,line,0.0,0.8052612543106079,0.008268672014714361,0.05701436084921643,0,0,0.0,1.0,0.0032540251397424275,0.05220413047938393,0,0,-0.021450400352478027,0.04448649287223816,0.0004650158290233877,0.0042737615940587155,0,0,-0.9943807125091553,0.9571169018745422,-0.0005024519761920803,0.11713948947701286,0,0,0.9704861111111112,0.029513888888888888,0.11587982832618025,0
line_val_0013,val,line,0.0,0.8378353118896484,0.005860623205366951,0.04302890462556529,0,0,0.0,1.0,0.0005119897218214141,0.020427261488622526,0,0,-0.05000000447034836,0.013783380389213562,-0.0011334952028442381,0.006385644278694023,0,0,-0.9745907783508301,0.999998927116394,0.0023190956670549458,0.1414888729617292,0,0,0.9547887731481481,0.04521122685185185,0.016713091922005572,0
line_val_0014,val,line,0.0,1.0,0.0028982454819689103,0.02836031403693385,0,0,0.0,0.9550889730453491,0.0013923031510785222,0.03571518817973731,0,0,-0.06246054172515869,0.0,-0.0009547543326065082,0.006043373101228288,0,0,-0.9986152648925781,0.9964806437492371,-0.0008189037274590832,0.09583076294656584,0,0,0.9790219907407407,0.02097800925925926,0.07582938388625593,0
line_val_0015,val,line,0.0,0.9470692276954651,0.010385698801441221,0.05408728199902856,0,0,0.0,1.0,0.0009987030040334772,0.02943657144136626,0,0,-0.07483351975679398,0.07500000298023224,-0.0028087654726631525,0.011398838534388424,0,0,-0.9913396239280701,0.999998927116394,0.0031068721695596147,0.15820005852546656,0,0,0.9435763888888888,0.05642361111111111,0.020833333333333332,96
line_val_0016,val,line,0.0,0.9027479290962219,0.006316017653228267,0.04712666475684576,0,0,0.0,1.0,0.001088904579066568,0.030468816433282076,0,0,0.0,0.04448649287223816,0.0006758631853800681,0.004346132096830376,0,0,-0.9943807125091553,0.9421225190162659,-0.00015619116109317273,0.09448898070784266,0,0,0.9793836805555556,0.020616319444444444,0.05099150141643059,0
line_val_0017,val,line,0.0,0.8562369346618652,0.0031712772726837945,0.01976103451585677,0,0,0.0,1.0,0.0019707143936237253,0.0417122527497427,0,0,-0.07405753433704376,0.0747220516204834,-0.0022374061356660807,0.011038016008503402,0,0,-0.9820112586021423,0.9932713508605957,0.0008858491913054388,0.1420424570378211,0,0,0.9515335648148148,0.04846643518518518,0.0456989247311828,105
line_val_0018,val,line,0.0,1.0,0.011430347852755976,0.08431132948808814,0,0,0.0,0.9654679894447327,0.0005089240407364236,0.021244436930360946,0,0,-0.07483351975679398,0.07500000298023224,-0.0002808181678928021,0.009490991632048895,0,0,-0.9425351619720459,0.999998927116394,0.0010319933527272143,0.08802161391049278,0,0,0.9826388888888888,0.017361111111111112,0.024242424242424242,120
line_val_0019,val,line,0.0,0.852825403213501,0.02893076741047143,0.10923797313663806,0,0,0.0,1.0,0.002566546080978932,0.04519513712155505,0,0,-0.07433627545833588,0.07500000298023224,-0.0010883816770122696,0.016008785566062007,0,0,-0.9993054270744324,0.9999994039535522,0.0036847677195813353,0.15616644279454478,0,0,0.9457465277777778,0.054253472222222224,0.045454545454545456,330
cross_val_0000,val,cross,0.0,0.8862270712852478,0.010182262198129509,0.06271921638323001,0,0,0.0,1.0,0.0027234499877387725,0.04889421784648251,0,0,-0.05780456215143204,0.020880073308944702,-0.0010548455369037886,0.0065854543186549645,0,0,-0.9913396239280701,0.9614124894142151,0.0017502548046953355,0.14073406265857033,0,0,0.953125,0.046875,0.06467661691542288,0
cross_val_0001,val,cross,0.0,0.8681844472885132,0.01829477155883473,0.0769009423411883,0,0,0.0,1.0,0.0009715615952801374,0.028012356975899474,0,0,-0.07433627545833588,0.07500000298023224,-0.0010883816770122696,0.016008785566062007,0,0,-0.9993054270744324,0.9999994039535522,0.0036847677195813353,0.15616644279454478,0,0,0.9457465277777778,0.054253472222222224,0.017580144777662874,330
cross_val_0002,val,cross,0.0,0.8576984405517578,0.009667235311065236,0.05304659120799333,0,0,0.0,1.0,0.000915648540723379,0.028826121949029164,0,0,-0.07438972592353821,0.07455511391162872,-0.0023702715730501544,0.012042092150106758,0,0,-0.9928953647613525,0.9999964833259583,-4.7066303118804674e-05,0.13155292198255567,0,0,0.9622395833333334,0.037760416666666664,0.022292993630573247,156
cross_val_0003,val,cross,0.0,0.9765530228614807,0.011735726628136978,0.06998878598199285,0,0,0.0,1.0,0.0009925687875322721,0.03018105764664053,0,0,-0.03598245978355408,0.0343908816576004,3.713325390385257e-08,0.0036218931682281694,0,0,-0.998612105846405,0.9766644239425659,0.001753192740984054,0.13648414698422343,0,0,0.9605034722222222,0.039496527777777776,0.02631578947368421,0
cross_val_0004,val,cross,0.0,0.9176281690597534,0.01452244077317691,0.0723314679544068,0,0,0.0,1.0,0.0028447558999889428,0.04866443354758215,0,0,-0.06485307216644287,0.019852876663208008,-0.0015518857399001718,0.00748738300579778,0,0,-0.956943690776825,0.999998927116394,0.00227844917066654,0.15396818197884607,0,0,0.9487847222222222,0.051215277777777776,0.058823529411764705,0
cross_val_0005,val,cross,0.0,0.8337564468383789,0.016759989120853587,0.08110245014115312,0,0,0.0,1.0,0.0007200106478261727,0.02460156075532984,0,0,-0.07438972592353821,0.07461076974868774,0.000433041455431117,0.014110897057110024,0,0,-0.9820112586021423,0.9999964833259583,0.0021504642662269666,0.13093509648161167,0,0,0.9600694444444444,0.03993055555555555,0.0169971671388102,270
cross_val_0006,val,cross,0.0,1.0,0.02452536040384614,0.10742569520862064,0,0,0.0,0.9940940141677856,0.0009763598123013422,0.029706171482249785,0,0,-0.07483351975679398,0.07500000298023224,0.001857990947933609,0.014328579552153432,0,0,-0.9070445895195007,0.9999994039535522,0.0074535827346456545,0.13841029862647777,0,0,0.9557291666666666,0.044270833333333336,0.018656716417910446,306
cross_val_0007,val,cross,0.0,0.895563006401062,0.01746661326358292,0.08779430372542052,0,0,0.0,1.0,0.000719851917690701,0.02557196307057998,0,0,-0.07483351975679398,0.07500000298023224,-0.0003879719103376071,0.014200757830929302,0,0,-0.9993054270744324,0.9999994039535522,0.0012204576119580048,0.1276217961503328,0,0,0.9639756944444444,0.03602430555555555,0.015514809590973202,276
cross_val_0008,val,cross,0.0,0.8327310085296631,0.002711881214833267,0.017990142295914315,0,0,0.0,1.0,0.0026995843724796067,0.04752502941672061,0,0,-0.07411287724971771,0.07388612627983093,-0.0023511657944052583,0.011092602341584447,0,0,-0.9820112586021423,0.9999964833259583,0.0009290959044139729,0.1427992289548227,0,0,0.9535590277777778,0.046440972222222224,0.09967845659163987,102
cross_val_0009,val,cross,0.0,0.814824640750885,0.022164090933141846,0.0880782202586688,0,0,0.0,1.0,0.0009070855254928271,0.027767561366144333,0,0,-0.07384227216243744,0.07500000298023224,-1.210318845955448e-05,0.01643450048842464,0,0,-0.9993054270744324,0.9999994039535522,0.003981173334371609,0.1555704560419562,0,0,0.9500868055555556,0.04991319444444445,0.014925373134328358,384
cross_val_0010,val,cross,0.0,0.8435366153717041,0.00959557984303198,0.050816234659924686,0,0,0.0,1.0,0.0007279052709539732,0.02403610282073135,0,0,-0.07361538708209991,0.07499998807907104,0.002127992875304901,0.012181918829763511,0,0,-0.9667691588401794,0.9999969601631165,0.0014461215412464095,0.1311741542962705,0,0,0.9622395833333334,0.037760416666666664,0.017266187050359712,174
cross_val_0011,val,cross,0.0,0.9460890293121338,0.011897814700003236,0.06217592835521995,0,0,0.0,1.0,0.0017139162713040907,0.03960195991490667,0,0,-0.07494446635246277,0.07499998807907104,-0.0020787831486409735,0.012373096576150983,0,0,-0.9928953647613525,0.9999964833259583,0.0012251053408868352,0.12530921226598812,0,0,0.9635416666666666,0.036458333333333336,0.03829160530191458,192
cross_val_0012,val,cross,0.0,0.959147036075592,0.01601982889463182,0.08001371289100079,0,0,0.0,1.0,0.0031638350898261975,0.05270134196627803,0,0,-0.03819660842418671,0.03788293898105621,-1.1551478463742467e-05,0.005046818928561684,0,0,-0.998612105846405,0.9766644239425659,-0.001841455090672955,0.1590900871730763,0,0,0.9470486111111112,0.05295138888888889,0.06274007682458387,0
cross_val_0013,val,cross,0.0,0.8598378300666809,0.016373149712644926,0.06812644846833976,0,0,0.0,1.0,0.0023076466491652858,0.04374953693666766,0,0,-0.07438972592353821,0.0747220516204834,0.0009510467643849552,0.015973778007961213,0,0,-0.9820112586021423,0.9969497919082642,0.002585676060233608,0.15574625262419695,0,0,0.9466145833333334,0.053385416666666664,0.03838383838383838,336
cross_val_0014,val,cross,0.0,0.8543620109558105,0.009029103382595672,0.0524258595104713,0,0,0.0,1.0,0.0007688596767062942,0.025259398529861456,0,0,-0.07405753433704376,0.0747220516204834,-0.001622867097871171,0.011359655946468419,0,0,-0.9768810272216797,0.9999964833259583,0.0017450825831070284,0.11660244618260578,0,0,0.9696180555555556,0.030381944444444444,0.02097902097902098,174
L_shape_val_0000,val,L-shape,0.0,0.924557089805603,0.015879601833822327,0.0792381007892231,0,0,0.0,1.0,0.0006706080382206926,0.02387856353613402,0,0,-0.07483351975679398,0.07500000298023224,-0.0011847207349125744,0.012828511006632185,0,0,-0.9425351619720459,0.999998927116394,0.003350278862112814,0.12191825890245866,0,0,0.9656394675925926,0.034360532407407406,0.01566951566951567,220
L_shape_val_0001,val,L-shape,0.0,0.8730087280273438,0.035497503547082525,0.12954527406335517,0,0,0.0,1.0,0.0029657564936550677,0.050550597434539386,0,0,-0.07438972592353821,0.0747220516204834,0.0019258538345133679,0.014126169236895643,0,0,-0.998612105846405,0.9932713508605957,-0.0024174543898846388,0.16342914916074983,0,0,0.9363425925925926,0.06365740740740741,0.04155844155844156,260
L_shape_val_0002,val,L-shape,0.0,0.9929589033126831,0.013243558482136668,0.06979954149223873,0,0,0.0,1.0,0.0008932227630996042,0.028217035830927804,0,0,-0.07494446635246277,0.07499998807907104,0.0014474202449761193,0.01138441315005031,0,0,-0.9712616205215454,0.9999969601631165,0.00030402221021311697,0.12726267576664246,0,0,0.9620225694444444,0.03797743055555555,0.02046783625730994,200
L_shape_val_0003,val,L-shape,0.0,0.9319803714752197,0.015979885856453352,0.07185687213733849,0,0,0.0,1.0,0.0032846163699610364,0.0541971595268229,0,0,-0.042064838111400604,0.06476730108261108,0.0011603751664989869,0.008937317384825498,0,0,-0.998612105846405,0.9766644239425659,-0.0008049920875742424,0.17769311345498756,0,0,0.9276620370370371,0.07233796296296297,0.05466237942122187,0
L_shape_val_0004,val,L-shape,0.0,0.8750445246696472,0.02402762973380319,0.09727080207601091,0,0,0.0,1.0,0.0021850926439381307,0.04412417060915807,0,0,-0.07483351975679398,0.07500000298023224,7.282711454468813e-05,0.015383087689446323,0,0,-0.9993054270744324,0.9999994039535522,0.004565309506721894,0.1523650875635428,0,0,0.9486400462962963,0.051359953703703706,0.035527690700104496,270
L_shape_val_0005,val,L-shape,0.0,0.8136980533599854,0.004243573691063055,0.020687999242853826,0,0,0.0,1.0,0.002624078537337482,0.04498803146937475,0,0,-0.07389162480831146,0.07499998807907104,-0.0021179092894911904,0.014982202303083409,0,0,-0.9986152648925781,0.9999964833259583,-0.0012925870854545523,0.1639037942271439,0,0,0.9392361111111112,0.06076388888888889,0.05338078291814947,260
L_shape_val_0006,val,L-shape,0.0,0.8254366517066956,0.00901867458824873,0.05167773335494268,0,0,0.0,1.0,0.0029529209973083604,0.04940675562086091,0,0,0.0,0.06828878819942474,0.002281693310511333,0.009537139287225039,0,0,-0.9943807125091553,0.9999969601631165,-4.497086184461228e-05,0.15363886218732423,0,0,0.9464699074074074,0.053530092592592594,0.06944444444444445,15
L_shape_val_0007,val,L-shape,0.0,0.8640749454498291,0.019763701182320667,0.08059459064900212,0,0,0.0,1.0,0.002536693816418173,0.04723243745176789,0,0,-0.07483351975679398,0.07500000298023224,-0.0005164938893695189,0.015063373240075546,0,0,-0.9993054270744324,0.9999994039535522,0.004021647232043001,0.1501291104709327,0,0,0.9479166666666666,0.052083333333333336,0.04219409282700422,280
L_shape_val_0008,val,L-shape,0.0,0.927062451839447,0.006989193700536378,0.04520017047760346,0,0,0.0,1.0,0.000657097423552639,0.023410918268292343,0,0,-0.07411287724971771,0.0747220516204834,-0.0012538958603895648,0.010788548667518352,0,0,-0.9820112586021423,0.9973381757736206,-0.0009818649180959728,0.1069340674974694,0,0,0.9746817129629629,0.02531828703703704,0.023454157782515993,155
L_shape_val_0009,val,L-shape,0.0,1.0,0.016739223413659837,0.08134609972436987,0,0,0.0,0.9998869895935059,0.0007061913342180627,0.025118094125588592,0,0,-0.07483351975679398,0.07500000298023224,-0.001356005756221108,0.012956751458235126,0,0,-0.9425351619720459,0.999998927116394,0.004854311937378952,0.1367845290141326,0,0,0.9584056712962963,0.041594328703703706,0.013681592039800995,220
L_shape_val_0010,val,L-shape,0.0,0.861794114112854,0.009641383127826784,0.049922013999259884,0,0,0.0,1.0,0.0028785848213980594,0.051116441325571124,0,0,-0.0650000050663948,0.0,-0.002239109456207155,0.009685167834701995,0,0,-0.9913396239280701,0.999998927116394,0.0029958417198267177,0.14021349331951405,0,0,0.9547887731481481,0.04521122685185185,0.060941828254847646,5
L_shape_val_0011,val,L-shape,0.0,0.8539789319038391,0.012510908661389058,0.05801263333950574,0,0,0.0,1.0,0.0006386328928379549,0.02278423289523457,0,0,-0.07411287724971771,0.07499998807907104,-0.0011872623926373544,0.013781365924849496,0,0,-0.9820112586021423,0.9999964833259583,1.0970192794990942e-05,0.13738247107032603,0,0,0.9580439814814815,0.04195601851851852,0.011363636363636364,250
L_shape_val_0012,val,L-shape,0.0,0.9441702365875244,0.02118034866132937,0.08403140912447184,0,0,0.0,1.0,0.0024111488816776763,0.04663773441568166,0,0,-0.07438972592353821,0.0747220516204834,-0.000871373011721988,0.015892982945112773,0,0,-0.9820112586021423,0.9999964833259583,0.0013675361922785804,0.15766006856324813,0,0,0.9457465277777778,0.054253472222222224,0.03471552555448409,315
L_shape_val_0013,val,L-shape,0.0,0.8805188536643982,0.015191136483871574,0.05969317891029793,0,0,0.0,1.0,0.0022754912885526815,0.04263386420239212,0,0,-0.07433627545833588,0.07500000298023224,-0.00039343664630669755,0.016834291753942507,0,0,-0.9993054270744324,0.9999994039535522,0.004927749838922561,0.17060282382363934,0,0,0.9367042824074074,0.06329571759259259,0.037037037037037035,355
L_shape_val_0014,val,L-shape,0.0,0.846156120300293,0.012582120457342104,0.05579544579504245,0,0,0.0,1.0,0.0019863802698199397,0.04085844670556965,0,0,-0.07411287724971771,0.07499998807907104,-0.0010553863723072464,0.015100319417115302,0,0,-0.9820112586021423,0.9999964833259583,0.0006334285957463079,0.14340651852498681,0,0,0.9537037037037037,0.046296296296296294,0.038018433179723504,305
L_shape_val_0015,val,L-shape,0.0,0.8131959438323975,0.006482697003472519,0.045099318353312524,0,0,0.0,1.0,0.000551934970577282,0.021737661956130246,0,0,-0.07438972592353821,0.07461076974868774,0.0011521081884253632,0.011307152850947766,0,0,-0.9820112586021423,0.9421225190162659,-0.0002675202236972567,0.11936733596181277,0,0,0.9674479166666666,0.032552083333333336,0.01609657947686117,185
L_shape_val_0016,val,L-shape,0.0,0.8414689302444458,0.0073565407813189435,0.04540903417195781,0,0,0.0,1.0,0.0027959557224272024,0.04813143617371461,0,0,-0.07389162480831146,0.07499998807907104,0.0022866432253202357,0.010760140291689455,0,0,-0.9667691588401794,0.9999969601631165,0.002955366736824982,0.14418795372266854,0,0,0.9490017361111112,0.05099826388888889,0.09001956947162426,95
L_shape_val_0017,val,L-shape,0.0,0.8622116446495056,0.009784070903993712,0.049545766411111775,0,0,0.0,1.0,0.002639156248834398,0.04768062225409129,0,0,-0.07389162480831146,0.07499998807907104,0.0023133706687345963,0.013303152471821482,0,0,-0.9788332581520081,0.9999969601631165,5.902134978020547e-05,0.156939794788914,0,0,0.9457465277777778,0.054253472222222224,0.05218446601941747,210
L_shape_val_0018,val,L-shape,0.0,0.9145917296409607,0.004783497896714498,0.04000605587908381,0,0,0.0,1.0,0.0010710897407046071,0.030610576731148257,0,0,-0.013435006141662598,0.06633307039737701,0.0016344198202541858,0.007808119145143397,0,0,-0.998612105846405,0.9999969601631165,-0.00048173556849549103,0.14230709867568367,0,0,0.9533420138888888,0.04665798611111111,0.04119850187265917,5
L_shape_val_0019,val,L-shape,0.0,0.9474263787269592,0.009270020935993536,0.05093575685754761,0,0,0.0,1.0,0.0007070512855770412,0.02510869785692448,0,0,-0.07411287724971771,0.07499998807907104,0.0022156780997411936,0.012878956396331182,0,0,-0.9667691588401794,0.9999969601631165,0.001416738055855536,0.13928660954427555,0,0,0.9547887731481481,0.04521122685185185,0.015256588072122053,190
double_line_val_0000,val,double-line,0.0,0.9500763416290283,0.011290961221132744,0.05280587741302631,0,0,0.0,1.0,0.0037047340043096077,0.05489052090882603,0,0,-0.07384227216243744,0.07500000298023224,-0.003205558876895035,0.014791456517894245,0,0,-0.9993054270744324,0.999998927116394,0.004609707183893382,0.2049339605199431,0,0,0.9092881944444444,0.09071180555555555,0.06096131301289566,222
double_line_val_0001,val,double-line,0.0,0.9567418098449707,0.007363114247006571,0.047326371067275545,0,0,0.0,1.0,0.0010690592591547305,0.02981024753778541,0,0,-0.05659230053424835,0.02240939438343048,-0.001018793218126693,0.006097173135482699,0,0,-0.998612105846405,0.9766644239425659,0.0008285338408650541,0.14411167553280982,0,0,0.9547887731481481,0.04521122685185185,0.03219315895372234,0
double_line_val_0002,val,double-line,0.0,0.9490205645561218,0.011945148224893072,0.05964655022530049,0,0,0.0,1.0,0.0010994216168506278,0.030685152282938805,0,0,-0.07438972592353821,0.07461076974868774,-0.0010519402847556328,0.012954688955175474,0,0,-0.9928953647613525,0.9999964833259583,0.001495245941719582,0.12982048667132193,0,0,0.9620225694444444,0.03797743055555555,0.026509572901325478,225
double_line_val_0003,val,double-line,0.0,0.9166625142097473,0.014552634875405635,0.06865473056445372,0,0,0.0,1.0,0.0008780972631130782,0.02488623342611877,0,0,-0.03146731108427048,0.06505812704563141,0.0014513020141748711,0.00785079073325643,0,0,-0.998612105846405,0.9999969601631165,0.0006428732647826244,0.1638107830242015,0,0,0.9395978009259259,0.06040219907407408,0.019801980198019802,5
double_line_val_0004,val,double-line,0.0,0.8330875635147095,0.005906991504970292,0.0435788423012204,0,0,0.0,1.0,0.0008772949869227079,0.0276430891409012,0,0,-0.06000000238418579,0.0,-0.0011911758769269068,0.007236543611506466,0,0,-0.9913396239280701,0.999998927116394,0.0011042798400416763,0.09686284955847661,0,0,0.9790219907407407,0.02097800925925926,0.03674540682414698,0
double_line_val_0005,val,double-line,0.0,0.917750358581543,0.008674512790649815,0.04363297570229679,0,0,0.0,1.0,0.0011380078223602915,0.029017920756139678,0,0,-0.07389162480831146,0.07499998807907104,-0.0020987336541077603,0.014934102836641722,0,0,-0.9986152648925781,0.9999964833259583,-0.00042897257352942015,0.1584408937488371,0,0,0.94140625,0.05859375,0.030136986301369864,260
double_line_val_0006,val,double-line,0.0,0.8982264995574951,0.024442555256394338,0.09447801159630595,0,0,0.0,1.0,0.0032627109946958997,0.04906621438062556,0,0,-0.07494446635246277,0.07499998807907104,0.0015733091007590432,0.016413629774859217,0,0,-0.9820112586021423,0.9999969601631165,0.0017892971819761711,0.16757626111632262,0,0,0.9323640046296297,0.06763599537037036,0.051639344262295085,340
double_line_val_0007,val,double-line,0.0,1.0,0.022734607051399246,0.08471743348080732,0,0,0.0,0.9506189823150635,0.0013314446658585911,0.031202644491776826,0,0,-0.07483351975679398,0.07500000298023224,-0.003550242218706343,0.015713617685904523,0,0,-0.9993054270744324,0.999998927116394,0.004041491292203621,0.20154138116433512,0,0,0.9075520833333334,0.09244791666666667,0.017253774263120056,312
double_line_val_0008,val,double-line,0.0,1.0,0.008846095296811891,0.04833867969839691,0,0,0.0,0.967208981513977,0.0010573330412929256,0.0295114751198781,0,0,-0.07438972592353821,0.07455511391162872,-0.0022224561824394323,0.011281707296012812,0,0,-0.9928953647613525,0.9999964833259583,0.0012524068168002283,0.13340039697644276,0,0,0.9609375,0.0390625,0.024390243902439025,130
double_line_val_0009,val,double-line,0.0,0.9448152184486389,0.02088253515493879,0.0876379705726472,0,0,0.0,1.0,0.0033467209906558747,0.05467183051371094,0,0,-0.052917562425136566,0.05155643820762634,-2.388217210493706e-05,0.007876628632881669,0,0,-0.998612105846405,0.9766644239425659,0.0005882858839093522,0.18316394375255085,0,0,0.9211516203703703,0.07884837962962964,0.04849660523763336,0
double_line_val_0010,val,double-line,0.0,0.8218756914138794,0.011223171221895764,0.06191699926582207,0,0,0.0,1.0,0.0007040178472245181,0.02402965549278007,0,0,-0.04488102346658707,0.02734147012233734,-0.0006802207984340688,0.005588316684241421,0,0,-0.9943807125091553,0.9766644239425659,0.0022026202586857835,0.15358451673393497,0,0,0.9474826388888888,0.05251736111111111,0.017991004497751123,0
double_line_val_0011,val,double-line,0.0,0.9329298138618469,0.017678538110582547,0.0762824645628719,0,0,0.0,1.0,0.0011902388521573609,0.03303460158097239,0,0,-0.07389162480831146,0.07499998807907104,-0.0013784526381641626,0.015851444259415173,0,0,-0.9986152648925781,0.9999969601631165,0.00046045777991013083,0.1514886081807477,0,0,0.9470486111111112,0.05295138888888889,0.018808777429467086,342
double_line_val_0012,val,double-line,0.0,0.8691631555557251,0.011316403153883854,0.07220284762309377,0,0,0.0,1.0,0.001589140423608047,0.036221812348987706,0,0,-0.02000001072883606,0.027200445532798767,0.00010467724038150024,0.002716068707815486,0,0,-0.961885392665863,0.9766644239425659,-0.0010382887800612177,0.1235408092036672,0,0,0.9667245370370371,0.033275462962962965,0.06206896551724138,0
double_line_val_0013,val,double-line,0.0,1.0,0.015085792984408456,0.0756988625770787,0,0,0.0,0.9887539744377136,0.0021996218883604916,0.042768617516977095,0,0,-0.07483351975679398,0.07500000298023224,-0.0021315583715612,0.012619507709812215,0,0,-0.9993054270744324,0.999998927116394,0.0011093903507302188,0.13345698185687344,0,0,0.9565972222222222,0.043402777777777776,0.0448318804483188,200
double_line_val_0014,val,double-line,0.0,0.8424351811408997,0.01779568672233196,0.07609838847158303,0,0,0.0,1.0,0.001108163019159326,0.02963884688950243,0,0,-0.07494446635246277,0.07499998807907104,-0.0012745893844920727,0.015320676608568375,0,0,-0.9928953647613525,0.9999964833259583,-0.0018203181695365925,0.14376494284784158,0,0,0.9504484953703703,0.04955150462962963,0.021344717182497332,300
small_rect_edge_val_0000,val,small_rect_edge,0.0,0.803451657295227,0.00949198593965169,0.05610745798869724,0,0,0.0,1.0,0.001239047678946345,0.033014496518589856,0,0,-0.07411287724971771,0.0747220516204834,0.001059213596077084,0.011236655002321613,0,0,-0.9820112586021423,0.9999969601631165,0.0011271199670133043,0.10345669393056726,0,0,0.9757667824074074,0.02423321759259259,0.03917525773195876,180
small_rect_edge_val_0001,val,small_rect_edge,0.0,1.0,0.011430944227160782,0.06320876204270519,0,0,0.0,0.9820280075073242,0.0010944510404779404,0.03220431628209522,0,0,-0.07438972592353821,0.0747220516204834,-0.0005273415795441165,0.012792038519732868,0,0,-0.9820112586021423,0.9999964833259583,-0.00024492216383536017,0.11848630184979723,0,0,0.9674479166666666,0.032552083333333336,0.022146507666098807,230
small_rect_edge_val_0002,val,small_rect_edge,0.0,0.9318361282348633,0.01715007578106317,0.09084942368677103,0,0,0.0,1.0,0.001215292692736343,0.03146847785570726,0,0,-0.07411287724971771,0.07499998807907104,-0.0008047680765028215,0.01275802648986865,0,0,-0.9820112586021423,0.9999964833259583,0.0023472290778651463,0.1189561396151597,0,0,0.9710648148148148,0.028935185185185185,0.03620689655172414,245
small_rect_edge_val_0003,val,small_rect_edge,0.0,1.0,0.007782396091291351,0.048572367693333764,0,0,0.0,0.966933012008667,0.0010244610064007618,0.03015981277419061,0,0,-0.07147210836410522,0.0,-0.0018032534259233486,0.009053415396812923,0,0,-0.994807243347168,0.9999964833259583,-0.0012268430651197883,0.11970914222403826,0,0,0.9678096064814815,0.03219039351851852,0.033402922755741124,40
small_rect_edge_val_0004,val,small_rect_edge,0.0,0.8532291650772095,0.008692016192475826,0.04872930524265942,0,0,0.0,1.0,0.0013962624232388204,0.033947083031446085,0,0,-0.07389162480831146,0.07499998807907104,-0.0011090370039541827,0.012338000178802393,0,0,-0.9986152648925781,0.9999964833259583,-0.0001743402336379168,0.1170669583937701,0,0,0.9699797453703703,0.03002025462962963,0.04144144144144144,210
small_rect_edge_val_0005,val,small_rect_edge,0.0,0.8425920605659485,0.016152984093693062,0.07670149958975375,0,0,0.0,1.0,0.001039887554253693,0.029909256323585,0,0,-0.07494446635246277,0.07499998807907104,0.0005149568002067368,0.014596593320098727,0,0,-0.9820112586021423,0.9999969601631165,0.0017817526111230109,0.14093581120284387,0,0,0.9547887731481481,0.04521122685185185,0.02040816326530612,260
small_rect_edge_val_0006,val,small_rect_edge,0.0,0.9688494801521301,0.008983680094051696,0.04270330834129164,0,0,0.0,1.0,0.0019066548880396618,0.04311821428021485,0,0,-0.07450056076049805,0.0747220516204834,-0.002252645510317827,0.014348757080447022,0,0,-0.994807243347168,0.9999964833259583,0.0025562937200986737,0.16396670916605588,0,0,0.9392361111111112,0.06076388888888889,0.032175032175032175,275
small_rect_edge_val_0007,val,small_rect_edge,0.0,0.8762398958206177,0.00858285207376681,0.040711954903331724,0,0,0.0,1.0,0.0013808028134344905,0.035548824746595944,0,0,-0.07438972592353821,0.0747220516204834,-0.0011808060959016006,0.01592671019688517,0,0,-0.9928953647613525,0.9999964833259583,-0.0013594028644513822,0.16572922186272795,0,0,0.9417679398148148,0.05823206018518518,0.02102803738317757,315
small_rect_edge_val_0008,val,small_rect_edge,0.0,0.8899766206741333,0.006211274218980246,0.0438799277431506,0,0,0.0,1.0,0.0009905519869385494,0.029468033914708845,0,0,-0.06978271901607513,0.0,-0.00140258906025405,0.008369871869763242,0,0,-0.9928953647613525,0.9973381757736206,0.0007870915622468736,0.0975833212623297,0,0,0.9786603009259259,0.021339699074074073,0.04199475065616798,40
small_rect_edge_val_0009,val,small_rect_edge,0.0,0.8195767402648926,0.013616612820273818,0.06372878754531142,0,0,0.0,1.0,0.001057799664084558,0.02929565321880607,0,0,-0.07389162480831146,0.07499998807907104,3.3777711602548756e-05,0.014991373213596722,0,0,-0.9986152648925781,0.9999969601631165,-0.0003765886143540869,0.13716476431392294,0,0,0.9565972222222222,0.043402777777777776,0.023086269744835967,335
point_cluster_val_0000,val,point_cluster,0.0,0.800000011920929,0.005949689403509924,0.04077207762393686,0,0,0.0,1.0,0.0004172145294163514,0.01888234395352218,0,0,0.0,0.049060285091400146,0.000986147969443765,0.005595358042140441,0,0,-0.9607370495796204,0.964989185333252,0.002962533645822313,0.1171935475838613,0,0,0.9696180555555556,0.030381944444444444,0.014989293361884369,0
point_cluster_val_0001,val,point_cluster,0.0,1.0,0.005827908895534401,0.04900328245395201,0,0,0.0,0.8409969806671143,0.0002789251264874582,0.014734684189707923,0,0,-0.020288795232772827,0.026139140129089355,8.556101885106828e-05,0.0018684202898756161,0,0,-0.998612105846405,0.9571169018745422,0.001163620767127011,0.10190205454564355,0,0,0.9809027777777778,0.019097222222222224,0.019011406844106463,0
point_cluster_val_0002,val,point_cluster,0.0,1.0,0.009603541349524338,0.055652710997715404,0,0,0.0,0.9593449831008911,0.00043595391670586887,0.01838383751949595,0,0,-0.07411287724971771,0.0,-0.002109025642750095,0.010527139857814045,0,0,-0.9928953647613525,0.9973381757736206,4.503444115808061e-05,0.1170376015264691,0,0,0.9706307870370371,0.02936921296296296,0.013059701492537313,105
point_cluster_val_0003,val,point_cluster,0.0,0.9613434672355652,0.013603510039267783,0.06239860399009796,0,0,0.0,1.0,0.0008231705028770699,0.02534982161975508,0,0,-0.07433627545833588,0.07500000298023224,0.0015575113370518753,0.01502616130214313,0,0,-0.9993054270744324,0.9999994039535522,0.007543150589535125,0.1480047398308289,0,0,0.9524016203703703,0.04759837962962963,0.01818181818181818,322
point_cluster_val_0004,val,point_cluster,0.0,0.8435971140861511,0.004056693631456356,0.038142773482476806,0,0,0.0,1.0,0.0004515307653626358,0.019137070886484458,0,0,-0.015000015497207642,0.018671274185180664,4.144949532389917e-05,0.001802235629732883,0,0,-0.9607370495796204,0.9517656564712524,-0.00017513383985109007,0.10390993012851213,0,0,0.9756944444444444,0.024305555555555556,0.03065134099616858,0
point_cluster_val_0005,val,point_cluster,0.0,0.8500474095344543,0.011220789509496643,0.0605764866063948,0,0,0.0,1.0,0.00045865881084292023,0.019481917934045693,0,0,-0.07389162480831146,0.07499998807907104,-0.0013830962340795883,0.012998942201960621,0,0,-0.9986152648925781,0.9999964833259583,-0.0012415767878674498,0.12215111676965801,0,0,0.9670862268518519,0.03291377314814815,0.013179571663920923,245
point_cluster_val_0006,val,point_cluster,0.0,0.9122597575187683,0.024065661485144153,0.10147846079647721,0,0,0.0,1.0,0.0007426444553183737,0.024455248962302684,0,0,-0.07389162480831146,0.07499998807907104,0.0008848627319956129,0.015861691724767858,0,0,-0.9788332581520081,0.9999969601631165,-0.001093937913066367,0.14250019897558514,0,0,0.9524016203703703,0.04759837962962963,0.014223194748358862,392
point_cluster_val_0007,val,point_cluster,0.0,0.8658818602561951,0.014431368363148067,0.07535189841739716,0,0,0.0,1.0,0.0005523334645355741,0.02191575553413618,0,0,-0.07483351975679398,0.07500000298023224,-0.0010936697147338203,0.013307969785984093,0,0,-0.9993054270744324,0.999998927116394,-0.0007731986287480039,0.12094226939733072,0,0,0.9680989583333334,0.031901041666666664,0.014492753623188406,273
point_cluster_val_0008,val,point_cluster,0.0,0.8841044902801514,0.010178877021206534,0.06480038567355899,0,0,0.0,1.0,0.00027960188755834543,0.01515866260217333,0,0,-0.07372584939002991,0.07499998807907104,0.0009888386422837222,0.011408475745177872,0,0,-0.9325828552246094,0.9999969601631165,0.0011620517089559817,0.09846064548535492,0,0,0.9782262731481481,0.021773726851851853,0.011441647597254004,238
point_cluster_val_0009,val,point_cluster,0.0,0.8568422198295593,0.020057965839871232,0.08400403193118842,0,0,0.0,1.0,0.0006053352327499953,0.02117705663218085,0,0,-0.07483351975679398,0.07500000298023224,0.0007722887324537927,0.016271485990861236,0,0,-0.9993054270744324,0.9999994039535522,0.007885927212151323,0.15443346012283124,0,0,0.9453125,0.0546875,0.011741682974559686,322
point_cluster_val_0010,val,point_cluster,0.0,0.8068321943283081,0.01275260450182503,0.05504257771002745,0,0,0.0,1.0,0.0009049959286736945,0.026245897748592744,0,0,0.0,0.06708292663097382,0.003027526794337771,0.010752498432151267,0,0,-0.9667691588401794,0.9999969601631165,-0.0030264012412873046,0.1706196256022398,0,0,0.9307725694444444,0.06922743055555555,0.016881827209533268,11
point_cluster_val_0011,val,point_cluster,0.0,0.8590400815010071,0.008508610609742054,0.06424663291835678,0,0,0.0,1.0,0.0002965074662050163,0.015813500774853165,0,0,0.0,0.06965881586074829,0.0011687079968396574,0.008026136651921357,0,0,-0.9425201416015625,0.964989185333252,-0.00015476706230570185,0.08452949807226032,0,0,0.9837962962962963,0.016203703703703703,0.017006802721088437,49
point_cluster_val_0012,val,point_cluster,0.0,0.990365743637085,0.01585691586397944,0.08717830078276653,0,0,0.0,1.0,0.0005239619425049534,0.020885002499055026,0,0,-0.07361538708209991,0.0747220516204834,0.002083419378053535,0.011288225781876948,0,0,-0.9667691588401794,0.9999969601631165,0.005392538204196845,0.11933734480539618,0,0,0.9650607638888888,0.03493923611111111,0.014827018121911038,133
point_cluster_val_0013,val,point_cluster,0.0,1.0,0.010773125970310368,0.06661297390053109,0,0,0.0,0.9281659722328186,0.0004741224606900855,0.019875350648501863,0,0,-0.0605572834610939,0.0,-0.0012897117563557845,0.006855494523452982,0,0,-0.9913396239280701,0.999998927116394,0.0032314793266036927,0.11570607692300926,0,0,0.9696180555555556,0.030381944444444444,0.015748031496062992,0
point_cluster_val_0014,val,point_cluster,0.0,1.0,0.013265573974893885,0.07851017390869246,0,0,0.0,0.7469450235366821,0.00022342361087255455,0.011893258920798292,0,0,-0.07372584939002991,0.07499998807907104,0.0008889834991552763,0.012231062515540595,0,0,-0.9367321133613586,0.9772876501083374,0.0008016072694132432,0.10207075429284944,0,0,0.9751880787037037,0.024811921296296297,0.0099601593625498,273
point_cluster_val_0015,val,point_cluster,0.0,0.9444128274917603,0.008374050553996952,0.0577536200887199,0,0,0.0,1.0,0.0004586757643631211,0.01943446993511771,0,0,0.0,0.049060285091400146,0.0010605458929030984,0.005874447501344185,0,0,-0.9607370495796204,0.964989185333252,0.0017399746140182725,0.11298376193654125,0,0,0.97265625,0.02734375,0.018306636155606407,0
point_cluster_val_0016,val,point_cluster,0.0,0.9119004011154175,0.00634484389503861,0.04935388498986522,0,0,0.0,1.0,0.0004045051324215752,0.01829124102365797,0,0,-0.029791854321956635,0.020073503255844116,-0.00014627482677395974,0.0023895515344164774,0,0,-0.998612105846405,0.9571169018745422,0.00042191548891423736,0.10881773847386036,0,0,0.9778645833333334,0.022135416666666668,0.020114942528735632,0
point_cluster_val_0017,val,point_cluster,0.0,0.9018425941467285,0.015286481824323008,0.07268470244641431,0,0,0.0,1.0,0.0006363583789034574,0.02285011980570115,0,0,-0.07438972592353821,0.0747220516204834,-0.0013591635926988805,0.0138938504070297,0,0,-0.9788332581520081,0.9999964833259583,-0.0003598725986564575,0.133911698621419,0,0,0.9579716435185185,0.04202835648148148,0.014647137150466045,280
point_cluster_val_0018,val,point_cluster,0.0,0.860788881778717,0.005591146832776522,0.04067517368841577,0,0,0.0,1.0,0.00047058987224267586,0.019870080078107324,0,0,-0.03954640030860901,0.008113875985145569,-0.0006544604806953834,0.004099780086728595,0,0,-0.9913396239280701,0.9766644239425659,0.001754912225199708,0.11781962815282596,0,0,0.9696180555555556,0.030381944444444444,0.020151133501259445,0
point_cluster_val_0019,val,point_cluster,0.0,0.800000011920929,0.0037467368608001075,0.03206690992508728,0,0,0.0,1.0,0.00025020596243579077,0.013478182982642932,0,0,-0.04022751748561859,0.004029214382171631,-0.0005046041263051813,0.003438800211451317,0,0,-0.950625479221344,0.9766644239425659,0.0018230907218013373,0.0960602068224224,0,0,0.9802517361111112,0.019748263888888888,0.013333333333333334,0
line_test_0000,test,line,0.0,0.913720965385437,0.0044478675022008715,0.04074005621146175,0,0,0.0,1.0,0.0010216946894716886,0.028686266885574144,0,0,-0.05000000447034836,0.012788206338882446,-0.0006006513851591282,0.004211204436812163,0,0,-0.956943690776825,0.999998927116394,0.0022015404492439876,0.10580484528409949,0,0,0.9754050925925926,0.02459490740740741,0.05668016194331984,0
line_test_0001,test,line,0.0,1.0,0.017896850977127475,0.07910724012895205,0,0,0.0,0.9947710037231445,0.0030149590241274346,0.050284328842339375,0,0,-0.07483351975679398,0.07500000298023224,-0.0005829448346048594,0.016178771307284175,0,0,-0.9993054270744324,0.9999994039535522,0.0018107019136045387,0.15570860847415274,0,0,0.9457465277777778,0.054253472222222224,0.045081967213114756,336
line_test_0002,test,line,0.0,0.8957940936088562,0.013148564521139229,0.06640117093796472,0,0,0.0,1.0,0.0011565084914090457,0.03087311745171076,0,0,-0.07389162480831146,0.07499998807907104,0.0008482712049347659,0.013862332261201657,0,0,-0.9788332581520081,0.9999969601631165,0.0010265020211119445,0.1285789478645404,0,0,0.9638310185185185,0.03616898148148148,0.02861230329041488,300
line_test_0003,test,line,0.0,0.8578875660896301,0.0173264900906626,0.09041720539579666,0,0,0.0,1.0,0.0004514331575828018,0.02015279586468865,0,0,-0.07483351975679398,0.07500000298023224,-0.0006826010306853008,0.012815860692776807,0,0,-0.9993054270744324,0.9710617065429688,0.0006737038125316354,0.11774863094114213,0,0,0.9681712962962963,0.031828703703703706,0.012131715771230503,230
line_test_0004,test,line,0.0,0.8324856162071228,0.003706053153492845,0.030192800927325663,0,0,0.0,1.0,0.0002492693408081929,0.014723716695042934,0,0,-0.07237913459539413,0.0,-0.0014847162000714215,0.008235936782090893,0,0,-0.9913396239280701,0.999998927116394,0.0006243521784199402,0.11043574246031909,0,0,0.970703125,0.029296875,0.011869436201780416,35
line_test_0005,test,line,0.0,0.825350821018219,0.010303697915838307,0.06180814241185318,0,0,0.0,1.0,0.0006402902460346619,0.023932832277119523,0,0,-0.07389162480831146,0.0747220516204834,0.0016416088522722323,0.010542432950489981,0,0,-0.9667691588401794,0.9640410542488098,0.001667817101810619,0.10747126308950884,0,0,0.9735243055555556,0.026475694444444444,0.021367521367521368,144
line_test_0006,test,line,0.0,0.9150118231773376,0.012965201665388627,0.08527346879954402,0,0,0.0,1.0,0.0007727993910925256,0.026294229029902,0,0,0.0,0.07211102545261383,0.0012987417657212871,0.008397894997185839,0,0,-0.9070445895195007,0.9999994039535522,0.0010670145093172323,0.09332431863442113,0,0,0.9813368055555556,0.018663194444444444,0.03636363636363636,30
line_test_0007,test,line,0.0,1.0,0.0106378027415059,0.06517897861012452,0,0,0.0,0.9812430143356323,0.001112843609277021,0.03177351344827435,0,0,-0.05000000447034836,0.020880073308944702,-0.0009328538187589773,0.005872266417589072,0,0,-0.9913396239280701,0.999998927116394,0.0020215327445098578,0.1434514212192704,0,0,0.9529803240740741,0.04701967592592592,0.031835205992509365,0
line_test_0008,test,line,0.0,0.9206670522689819,0.013790218661664834,0.0636371217960592,0,0,0.0,1.0,0.0028169639753522695,0.05108618441529588,0,0,-0.07494446635246277,0.07499998807907104,-0.002000762731768191,0.014129139404431838,0,0,-0.9928953647613525,0.9999964833259583,0.0006561639396143922,0.13768319196471024,0,0,0.95703125,0.04296875,0.05172413793103448,294
line_test_0009,test,line,0.0,0.8153979778289795,0.008524667730204816,0.04992340768308154,0,0,0.0,1.0,0.001077277452202031,0.03085990201022834,0,0,-0.07094306498765945,0.0,-0.0016226519262461268,0.0082704341766501,0,0,-0.9913396239280701,0.999998927116394,0.000831330253276974,0.11839531381726691,0,0,0.9678096064814815,0.03219039351851852,0.02872531418312388,25
line_test_0010,test,line,0.0,0.8715705871582031,0.007742129102148788,0.052303782918597025,0,0,0.0,1.0,0.0006962088066049748,0.023923924648299663,0,0,-0.07433627545833588,0.07433034479618073,-0.0013658791997133652,0.009503099463198623,0,0,-0.9993054270744324,0.999998927116394,-0.00041086251359148364,0.0973534211142725,0,0,0.9779369212962963,0.022063078703703703,0.031746031746031744,95
line_test_0011,test,line,0.0,0.9818679094314575,0.005243262879170524,0.0293107146410123,0,0,0.0,1.0,0.001874701801204571,0.04094499148866209,0,0,-0.07411287724971771,0.0747220516204834,-0.0021808106922199606,0.011691328394615789,0,0,-0.9991823434829712,0.9999964833259583,-0.0005686737578495619,0.13955953540747473,0,0,0.9555121527777778,0.044487847222222224,0.03900709219858156,135
line_test_0012,test,line,0.0,0.9225722551345825,0.01018649336837943,0.059481288356538826,0,0,0.0,1.0,0.0012078842199924919,0.03278003270240166,0,0,-0.07384227216243744,0.07500000298023224,-0.00019183423622356108,0.012087230261908185,0,0,-0.9993054270744324,0.9999994039535522,0.002902106234614621,0.11241397077982938,0,0,0.9743200231481481,0.025679976851851853,0.03958333333333333,235
line_test_0013,test,line,0.0,1.0,0.01471681412907923,0.0784516536025308,0,0,0.0,0.9580309987068176,0.0021079180986379033,0.042674024133573595,0,0,-0.007873311638832092,0.06260290741920471,0.0014728653089453776,0.007229109966287847,0,0,-0.9667691588401794,0.9999969601631165,-0.0013014359808746828,0.13175043938184067,0,0,0.9605034722222222,0.039496527777777776,0.051515151515151514,0
line_test_0014,test,line,0.0,0.9271690249443054,0.0040995753925690895,0.028351952104979875,0,0,0.0,1.0,0.0003755998978805211,0.0181304582415637,0,0,-0.07229407131671906,0.0,-0.0015643391600827239,0.008642474937223588,0,0,-0.994807243347168,0.9999964833259583,-0.0020033704061427635,0.11040223060272271,0,0,0.9728732638888888,0.027126736111111112,0.015345268542199489,50
line_test_0015,test,line,0.0,0.8995969295501709,0.008120953432538684,0.0565854477129637,0,0,0.0,1.0,0.00032206661826758473,0.017000719328830596,0,0,0.0,0.07388612627983093,0.0014127566990080392,0.008426340489128494,0,0,-0.9943807125091553,0.9640410542488098,-0.0004502359425478736,0.09609379092470241,0,0,0.9775752314814815,0.022424768518518517,0.01282051282051282,45
line_test_0016,test,line,0.0,0.8615119457244873,0.013531587283338283,0.06766297215555098,0,0,0.0,1.0,0.0017673612606746178,0.038850854342999966,0,0,-0.01071612536907196,0.06633307039737701,0.0016682762684973164,0.007854511003676276,0,0,-0.998612105846405,0.9999969601631165,-0.0008221214979871378,0.14117302789020916,0,0,0.9533420138888888,0.04665798611111111,0.03633916554508748,5
line_test_0017,test,line,0.0,0.9732966423034668,0.003710118820436037,0.024343627422058808,0,0,0.0,1.0,0.0006671248486748448,0.02483666309457157,0,0,-0.07389162480831146,0.07327112555503845,-0.0021115365282942853,0.009932411501652196,0,0,-0.9991823434829712,0.9999964833259583,4.743805887604443e-05,0.1305676511972519,0,0,0.9596354166666666,0.040364583333333336,0.021505376344086023,54
line_test_0018,test,line,0.0,0.9472900032997131,0.01103671053270874,0.06373413162915546,0,0,0.0,1.0,0.0014031079028629595,0.033978160322936525,0,0,-0.07438972592353821,0.0747220516204834,0.0007370177708152267,0.012669409635110188,0,0,-0.9491848945617676,0.9640410542488098,0.0004865013809025927,0.10947160616307346,0,0,0.9725115740740741,0.027488425925925927,0.04678362573099415,285
line_test_0019,test,line,0.0,1.0,0.01364658858823599,0.07861790300685774,0,0,0.0,0.9883599877357483,0.0012514564269049853,0.0338504243336625,0,0,-0.07438972592353821,0.07455511391162872,0.0019707099515168616,0.010508303930512967,0,0,-0.9491848945617676,0.964989185333252,0.0008552384447200355,0.11724410196071056,0,0,0.9670862268518519,0.03291377314814815,0.03368794326241135,125
cross_test_0000,test,cross,0.0,0.8145392537117004,0.01682483885020634,0.08003586132835386,0,0,0.0,1.0,0.0007713480110935591,0.024590547905110532,0,0,-0.07389162480831146,0.07499998807907104,0.0018450974150457317,0.013124120682778899,0,0,-0.9667691588401794,0.9999969601631165,0.004126714269255495,0.13068394114246257,0,0,0.9626736111111112,0.03732638888888889,0.019417475728155338,234
cross_test_0001,test,cross,0.0,0.8541087508201599,0.01491665410621105,0.07020728188629452,0,0,0.0,1.0,0.0027146612216408053,0.04723350781061637,0,0,0.0,0.06840328872203827,0.002453331803230362,0.010075437766276545,0,0,-0.9943807125091553,0.9999969601631165,6.035074617708839e-05,0.1567270009616046,0,0,0.9440104166666666,0.055989583333333336,0.05251141552511415,18
cross_test_0002,test,cross,0.0,0.9978935122489929,0.006939603546900091,0.044367817091082645,0,0,0.0,1.0,0.0009969578133206124,0.030305099894417254,0,0,-0.060000017285346985,0.0,-0.001791050528279609,0.008424154776930764,0,0,-0.9928953647613525,0.9999964833259583,-0.0009665148334331914,0.1374196973455332,0,0,0.9592013888888888,0.04079861111111111,0.025390625,0
cross_test_0003,test,cross,0.0,0.8964581489562988,0.01183937223528578,0.06415864537988081,0,0,0.0,1.0,0.0020486552363123607,0.04147877208462077,0,0,-0.0539531409740448,0.030623912811279297,-0.0007661826093681157,0.005749305911894315,0,0,-0.956943690776825,0.999998927116394,0.005194915828825388,0.1588537521070559,0,0,0.9470486111111112,0.05295138888888889,0.047752808988764044,0
cross_test_0004,test,cross,0.0,0.9066659808158875,0.013196966379180393,0.07162292047818748,0,0,0.0,1.0,0.002012812153056816,0.04038096432623753,0,0,-0.029791854321956635,0.04811611771583557,0.0006251434452780005,0.004964070205000373,0,0,-0.9367321133613586,0.9517656564712524,0.001975692675235526,0.14311784193841687,0,0,0.9513888888888888,0.04861111111111111,0.050724637681159424,0
cross_test_0005,test,cross,0.0,0.8447158932685852,0.021383022456406994,0.08770215368825018,0,0,0.0,1.0,0.0009291865906022765,0.02763879672368263,0,0,-0.07477790117263794,0.07461076974868774,-0.0004986855072072811,0.016094184213643687,0,0,-0.9820112586021423,0.9999964833259583,-0.00022863009664635884,0.15406230405659666,0,0,0.9444444444444444,0.05555555555555555,0.0163098878695209,318
cross_test_0006,test,cross,0.0,0.9704921245574951,0.006825168237300945,0.05661002925485479,0,0,0.0,1.0,0.0015741596343340698,0.03660890604762963,0,0,-0.01000000536441803,0.031107693910598755,0.0003699389764935606,0.00309588699862247,0,0,-0.9607370495796204,0.9348345398902893,-0.0008350239287311626,0.09854473431800138,0,0,0.9752604166666666,0.024739583333333332,0.07761194029850746,0
cross_test_0007,test,cross,0.0,0.825299084186554,0.00691704248405316,0.05150233896664309,0,0,0.0,1.0,0.0005046251247188559,0.020104672956793947,0,0,-0.040000006556510925,0.004029214382171631,-0.0006503026460349145,0.004173936531397484,0,0,-0.9000070691108704,0.9766644239425659,0.0012080268077422967,0.10266187754747481,0,0,0.9752604166666666,0.024739583333333332,0.022443890274314215,0
cross_test_0008,test,cross,0.0,0.8056823015213013,0.016340652050564165,0.07234322676900973,0,0,0.0,1.0,0.001956786335169993,0.03991876904218987,0,0,-0.07389162480831146,0.07499998807907104,4.349298413015074e-05,0.015401291732236725,0,0,-0.9986152648925781,0.9999969601631165,-0.001694601348087114,0.13770092193200853,0,0,0.9565972222222222,0.043402777777777776,0.03882352941176471,372
cross_test_0009,test,cross,0.0,0.9957789182662964,0.008145316790197048,0.056255287324253306,0,0,0.0,1.0,0.0005456961355068617,0.022693134173393713,0,0,-0.0029456019401550293,0.049060285091400146,0.0008149987293614282,0.004906563482838739,0,0,-0.998612105846405,0.9350854158401489,-0.002704770039700735,0.10627139430154216,0,0,0.9717881944444444,0.028211805555555556,0.01937046004842615,0
cross_test_0010,test,cross,0.0,0.8442103266716003,0.016251781238309008,0.08231890367421311,0,0,0.0,1.0,0.000758623639639053,0.024970305085364325,0,0,-0.07483351975679398,0.07500000298023224,0.0015610068496446023,0.012217243856064059,0,0,-0.9993054270744324,0.9999994039535522,0.002640663799158776,0.11498235336971696,0,0,0.9699797453703703,0.03002025462962963,0.023214285714285715,225
cross_test_0011,test,cross,0.0,0.8715880513191223,0.018154656714058446,0.07718814216561456,0,0,0.0,1.0,0.002228258022417625,0.04302395952075732,0,0,-0.07411287724971771,0.07499998807907104,0.0008781533364930914,0.016133784284840552,0,0,-0.9820112586021423,0.9999969601631165,0.0020408100072017987,0.1588766166373021,0,0,0.9453125,0.0546875,0.03881511746680286,354
cross_test_0012,test,cross,0.0,0.854749858379364,0.007741772843507567,0.052132563400233825,0,0,0.0,1.0,0.0007914524585767476,0.02608976102115998,0,0,-0.033702969551086426,0.03445865213871002,4.810944988599254e-05,0.003624412636658461,0,0,-0.998612105846405,0.9766644239425659,0.00042895762231233273,0.1335929553261373,0,0,0.9622395833333334,0.037760416666666664,0.027253668763102725,0
cross_test_0013,test,cross,0.0,0.8525439500808716,0.01719907857967992,0.0714490753172712,0,0,0.0,1.0,0.00084988907393482,0.02610104384185955,0,0,-0.07433627545833588,0.07500000298023224,0.0004233004470329939,0.01640480743669293,0,0,-0.9993054270744324,0.9999994039535522,0.006350165107707855,0.1542311921587833,0,0,0.94921875,0.05078125,0.016538037486218304,384
cross_test_0014,test,cross,0.0,0.9314143061637878,0.009392203027986127,0.05345147687557713,0,0,0.0,1.0,0.0018466814050312947,0.04115162083335918,0,0,-0.07438972592353821,0.07461076974868774,-0.0017962947862947152,0.011802891623731326,0,0,-0.9820112586021423,0.9999964833259583,-0.0007747059664527316,0.1185946705975545,0,0,0.9670138888888888,0.03298611111111111,0.0498220640569395,186
L_shape_test_0000,test,L-shape,0.0,0.8952623009681702,0.018426662830582547,0.07510582257297939,0,0,0.0,1.0,0.0027018142217356297,0.0490606994925134,0,0,-0.07411287724971771,0.07499998807907104,9.970555159573753e-05,0.016729855123247258,0,0,-0.9986152648925781,0.9999969601631165,0.0017384132322014786,0.1591438855276138,0,0,0.9439380787037037,0.056061921296296294,0.03762935089369708,395
L_shape_test_0001,test,L-shape,0.0,0.946495532989502,0.011297303675342442,0.0645807202562683,0,0,0.0,1.0,0.0019198701441012047,0.04133895356659229,0,0,-0.07483351975679398,0.07500000298023224,-0.001392683458376538,0.011730085272922235,0,0,-0.9425351619720459,0.999998927116394,0.005343676435182311,0.12049812219459223,0,0,0.9670862268518519,0.03291377314814815,0.048939641109298535,200
L_shape_test_0002,test,L-shape,0.0,0.8925685882568359,0.023770700837674127,0.09533031067913228,0,0,0.0,1.0,0.002217874193943485,0.04318989045969477,0,0,-0.07438972592353821,0.0747220516204834,-0.0003930715913022006,0.015794137415005658,0,0,-0.9820112586021423,0.9999964833259583,0.0014787673091244938,0.1526120258482928,0,0,0.9486400462962963,0.051359953703703706,0.038223140495867766,310
L_shape_test_0003,test,L-shape,0.0,0.8438071012496948,0.013520555900868203,0.06433929921971845,0,0,0.0,1.0,0.0021946457412990706,0.04216942622185086,0,0,-0.07438972592353821,0.0747220516204834,0.0015723094057412473,0.013602412929354964,0,0,-0.9943807125091553,0.9932713508605957,-0.00011732610161103637,0.14125471027539283,0,0,0.9504484953703703,0.04955150462962963,0.041371158392434985,245
L_shape_test_0004,test,L-shape,0.0,0.9609203934669495,0.017359695901463797,0.06808353285061518,0,0,0.0,1.0,0.003079668498011651,0.051309747492427,0,0,-0.07483351975679398,0.07500000298023224,-0.0011947227957770574,0.01618417030342676,0,0,-0.9993054270744324,0.9999994039535522,0.007429895726831832,0.17953682833889034,0,0,0.9273003472222222,0.07269965277777778,0.04079933388842631,310
L_shape_test_0005,test,L-shape,0.0,0.9519059062004089,0.013695498265574483,0.06159135922245202,0,0,0.0,1.0,0.002196213312412578,0.04390068078713608,0,0,-0.07438972592353821,0.0747220516204834,-0.0014772548241092376,0.014720162554541413,0,0,-0.9820112586021423,0.9999964833259583,-0.0002836860352949265,0.1453164752809393,0,0,0.9529803240740741,0.04701967592592592,0.039125431530494824,295
L_shape_test_0006,test,L-shape,0.0,0.8865916132926941,0.007207707430527282,0.04396777021875931,0,0,0.0,1.0,0.0009056419151386728,0.027651146608047888,0,0,-0.07389162480831146,0.07499998807907104,0.001972805486595327,0.010292064089560963,0,0,-0.9667691588401794,0.9999969601631165,0.0025425610507496727,0.13126981586446845,0,0,0.9616608796296297,0.03833912037037037,0.02982107355864811,95
L_shape_test_0007,test,L-shape,0.0,0.8550984263420105,0.010770258875936634,0.055809943523686206,0,0,0.0,1.0,0.00244099591617231,0.044604076652777574,0,0,-0.023508891463279724,0.07360678911209106,0.0020595791337890894,0.009658602489519094,0,0,-0.998612105846405,0.9640410542488098,0.0005024189416265775,0.1607611124384137,0,0,0.9403211805555556,0.05967881944444445,0.05722070844686648,35
L_shape_test_0008,test,L-shape,0.0,0.8598747849464417,0.01070452674410397,0.053757144452533254,0,0,0.0,1.0,0.0010150151663563317,0.029924706211971304,0,0,-0.07494446635246277,0.07499998807907104,-0.0009914080092804161,0.013723463787115758,0,0,-0.9928953647613525,0.9999964833259583,-0.00031847195710152273,0.12903370786499088,0,0,0.9605758101851852,0.03942418981481482,0.022130013831258646,240
L_shape_test_0009,test,L-shape,0.0,0.906795859336853,0.02904532338745698,0.10739326976402766,0,0,0.0,1.0,0.002716878924898251,0.04776795877220016,0,0,-0.07483351975679398,0.07500000298023224,-4.0167762091624795e-05,0.01752360413911137,0,0,-0.9993054270744324,0.9999994039535522,0.005394392424528228,0.16960816656773697,0,0,0.9374276620370371,0.06257233796296297,0.04113345521023766,385
L_shape_test_0010,test,L-shape,0.0,0.9384093284606934,0.007542514876185443,0.04671564508044703,0,0,0.0,1.0,0.0009695987553439207,0.029487825328045864,0,0,-0.03456604480743408,0.04912307858467102,0.0005118695682742529,0.005447135181057557,0,0,-0.998612105846405,0.9766644239425659,0.0003616114091292494,0.14928190941355213,0,0,0.9497251157407407,0.05027488425925926,0.026717557251908396,0
L_shape_test_0011,test,L-shape,0.0,0.8216805458068848,0.005490723764658604,0.03191286687099808,0,0,0.0,1.0,0.0005427857869546171,0.02142241562032574,0,0,-0.07450056076049805,0.07455511391162872,-0.0015096622626987045,0.011438938209104629,0,0,-0.994807243347168,0.9973381757736206,0.0007232367688966742,0.12682953702441,0,0,0.9649160879629629,0.035083912037037035,0.016100178890876567,185
L_shape_test_0012,test,L-shape,0.0,0.9235537052154541,0.007718755877965156,0.0423410722789169,0,0,0.0,1.0,0.0024271703463185717,0.04586440236725111,0,0,-0.06922253221273422,0.024928554892539978,-0.0015770488432651662,0.008197477205693025,0,0,-0.998612105846405,0.999998927116394,-0.001339402586011231,0.1587224490038076,0,0,0.9439380787037037,0.056061921296296294,0.05172413793103448,15
L_shape_test_0013,test,L-shape,0.0,0.8383557796478271,0.00824229246990803,0.04316706498840734,0,0,0.0,1.0,0.0023143420866863045,0.04327830610070125,0,0,-0.05513168126344681,0.04006578028202057,-0.0005987325507535219,0.006527302665459398,0,0,-0.998612105846405,0.9766644239425659,0.00019068835256432607,0.16977769843479998,0,0,0.9352575231481481,0.06474247685185185,0.04892086330935252,0
L_shape_test_0014,test,L-shape,0.0,0.8144025802612305,0.007353249558777693,0.04339714087247754,0,0,0.0,1.0,0.0007491549951265808,0.024556026389156747,0,0,-0.07411287724971771,0.0747220516204834,-0.0016831895455079913,0.010676788896820277,0,0,-0.9820112586021423,0.9969497919082642,-0.00025092623858384924,0.11765559841417943,0,0,0.9678096064814815,0.03219039351851852,0.021937842778793418,130
L_shape_test_0015,test,L-shape,0.0,0.8619070053100586,0.018284190183462837,0.07346030252963552,0,0,0.0,1.0,0.0028967421277667636,0.05081762822069981,0,0,-0.07411287724971771,0.0747220516204834,0.00205621558793441,0.014340997598175987,0,0,-0.998612105846405,0.9999969601631165,0.0011253347447058735,0.1655271764715088,0,0,0.9385127314814815,0.06148726851851852,0.040214477211796246,265
L_shape_test_0016,test,L-shape,0.0,0.8152045607566833,0.010027005876290114,0.05038129483855278,0,0,0.0,1.0,0.0022229476383438815,0.04254713772786243,0,0,-0.061399780213832855,0.031176701188087463,-0.0010752545117780014,0.007178238970632652,0,0,-0.998612105846405,0.9766644239425659,0.00017462998601803083,0.15781589170674093,0,0,0.9435763888888888,0.05642361111111111,0.0449438202247191,0
L_shape_test_0017,test,L-shape,0.0,0.9882605075836182,0.016190511288186826,0.0735727465200422,0,0,0.0,1.0,0.0027496892251764183,0.04833841499172796,0,0,-0.07411287724971771,0.0747220516204834,0.0028384338064050235,0.014613485361390685,0,0,-0.9943807125091553,0.9999969601631165,0.001426018885484626,0.16663459109032647,0,0,0.9370659722222222,0.06293402777777778,0.04320337197049526,250
L_shape_test_0018,test,L-shape,0.0,0.8322943449020386,0.011281593614765169,0.05648613669759496,0,0,0.0,1.0,0.002922482900666418,0.04889256840686848,0,0,-0.07483351975679398,0.07500000298023224,-0.0017982608362756393,0.013922143394083701,0,0,-0.9993054270744324,0.999998927116394,0.003963286504181774,0.1490044463829939,0,0,0.9482783564814815,0.05172164351851852,0.052689352360043906,245
L_shape_test_0019,test,L-shape,0.0,0.8799826502799988,0.012905601009522259,0.07019570004603778,0,0,0.0,1.0,0.0005465302081709659,0.021545665269858384,0,0,-0.07483351975679398,0.07500000298023224,-0.0013012351754932078,0.012570595414650087,0,0,-0.9993054270744324,0.999998927116394,0.001113588946113682,0.11593462369497717,0,0,0.970703125,0.029296875,0.01391304347826087,250
double_line_test_0000,test,double-line,0.0,0.9473294615745544,0.0075990018343603605,0.046148835825466965,0,0,0.0,1.0,0.0026836515300803715,0.04872073535113806,0,0,-0.0732843279838562,0.07343901693820953,0.0017879680672194809,0.009224960388768843,0,0,-0.9667691588401794,0.9999969601631165,0.0007060112835056821,0.11798620645039713,0,0,0.9681712962962963,0.031828703703703706,0.07522935779816514,50
double_line_test_0001,test,double-line,0.0,0.8430103659629822,0.013134345538522515,0.05965857503981367,0,0,0.0,1.0,0.002607789683949064,0.046501035403279094,0,0,-0.07367832213640213,0.07500000298023224,-0.002328499960842439,0.011082167108080243,0,0,-0.9993054270744324,0.999998927116394,0.0016620949723060389,0.16253582556764695,0,0,0.9399594907407407,0.06004050925925926,0.044350580781414996,105
double_line_test_0002,test,double-line,0.0,0.867563784122467,0.001786826328758077,0.01735285205883365,0,0,0.0,1.0,0.0009238106776373806,0.027381763348677243,0,0,-0.07389162480831146,0.0747220516204834,-0.002283457573934424,0.010518795869506258,0,0,-0.9768810272216797,0.9999964833259583,-0.0007665627843514947,0.14996093475867206,0,0,0.9461082175925926,0.053891782407407406,0.015748031496062992,80
double_line_test_0003,test,double-line,0.0,0.9454852342605591,0.01647621948668361,0.06755488178487357,0,0,0.0,1.0,0.0033915537297380745,0.052206076404130775,0,0,-0.07494446635246277,0.07499998807907104,0.002861593917865927,0.014669649919661966,0,0,-0.9943807125091553,0.9999969601631165,-0.001664541741059077,0.18145971512559242,0,0,0.9215133101851852,0.07848668981481481,0.05039096437880104,300
double_line_test_0004,test,double-line,0.0,0.9479849338531494,0.013139821230384785,0.05806976833160838,0,0,0.0,1.0,0.003189937655676018,0.05062714584130062,0,0,-0.07384227216243744,0.07500000298023224,-0.0024333588048143107,0.01517640641253055,0,0,-0.9993054270744324,0.999998927116394,0.004786996550440866,0.16665220847030598,0,0,0.9379340277777778,0.062065972222222224,0.05226824457593689,252
double_line_test_0005,test,double-line,0.0,0.8818528652191162,0.0026811883612472905,0.01625167903156437,0,0,0.0,1.0,0.002944991251246797,0.050065092651489,0,0,-0.07389162480831146,0.07499998807907104,-0.0028811352159310547,0.014935288800747237,0,0,-0.9991823434829712,0.9999964833259583,0.00019874005415153483,0.175451200505108,0,0,0.9275173611111112,0.0724826388888889,0.02304147465437788,240
double_line_test_0006,test,double-line,0.0,1.0,0.016616235468265787,0.07675665112682464,0,0,0.0,0.9817489981651306,0.003504792452548389,0.053201182529219224,0,0,-0.07384227216243744,0.028044939041137695,-0.0019919517244151967,0.009250889085652015,0,0,-0.9993054270744324,0.999998927116394,0.0009476478557930763,0.17722906222535842,0,0,0.9312789351851852,0.06872106481481481,0.06666666666666667,35
double_line_test_0007,test,double-line,0.0,0.9651214480400085,0.018036901901184507,0.08426727664112493,0,0,0.0,1.0,0.0007958759346769915,0.025273444297525732,0,0,-0.07494446635246277,0.07499998807907104,0.0017270616350557517,0.013242399517023466,0,0,-0.9820112586021423,0.9999969601631165,-0.0005458925931247062,0.13615024932039232,0,0,0.9558738425925926,0.044126157407407406,0.017241379310344827,260
double_line_test_0008,test,double-line,0.0,0.9097318053245544,0.022618803830011056,0.09179591981069965,0,0,0.0,1.0,0.0016496669268235564,0.0381258154672467,0,0,-0.07438972592353821,0.0747220516204834,0.0010328083363775578,0.013796410355505212,0,0,-0.9943807125091553,0.9640410542488098,-0.0006026154058215778,0.14450669052239243,0,0,0.9483506944444444,0.05164930555555555,0.02832244008714597,228
double_line_test_0009,test,double-line,0.0,0.9895150661468506,0.01353872953007306,0.06857179187062361,0,0,0.0,1.0,0.0020297963098898806,0.03989661567485959,0,0,-0.07483351975679398,0.07500000298023224,-0.001559909782102935,0.013804653013538242,0,0,-0.9993054270744324,0.999998927116394,0.0029276832686230556,0.13583872319250523,0,0,0.9584056712962963,0.041594328703703706,0.04573547589616811,260
double_line_test_0010,test,double-line,0.0,0.9013336896896362,0.014350331202860145,0.07302045585130135,0,0,0.0,1.0,0.002709043669272904,0.04811556179686866,0,0,-0.05986122786998749,0.032002732157707214,-0.0010623696046726157,0.006939694918943845,0,0,-0.998612105846405,0.999998927116394,0.0034975205087701194,0.1691688622234169,0,0,0.9370659722222222,0.06293402777777778,0.060085836909871244,0
double_line_test_0011,test,double-line,0.0,0.8776264190673828,0.007582396546897346,0.03532559377158473,0,0,0.0,1.0,0.002009465195307577,0.0398417506515993,0,0,-0.07494446635246277,0.07499998807907104,-0.0020263375794187326,0.01477512976251626,0,0,-0.994807243347168,0.9999964833259583,0.0032146510616089304,0.16014009307921825,0,0,0.94140625,0.05859375,0.043202033036848796,295
double_line_test_0012,test,double-line,0.0,0.9150236248970032,0.009178508802556785,0.06104227951599924,0,0,0.0,1.0,0.0011470499383803043,0.029324407047908802,0,0,-0.04500000178813934,0.0,-0.0010508691856456506,0.005644242220901259,0,0,-0.9913396239280701,0.9766644239425659,0.0005411801841411809,0.11189342204576892,0,0,0.9728732638888888,0.027126736111111112,0.04943820224719101,0
double_line_test_0013,test,double-line,0.0,0.8775239586830139,0.018605753798769657,0.08022109715129966,0,0,0.0,1.0,0.003786674812781038,0.05602609528543811,0,0,-0.02000001072883606,0.06840328872203827,0.002877847213918964,0.011481976857030517,0,0,-0.9943807125091553,0.9999969601631165,-0.0025792360493647314,0.20652578448178166,0,0,0.9045138888888888,0.0954861111111111,0.04905660377358491,18
double_line_test_0014,test,double-line,0.0,0.947579026222229,0.020909887513745937,0.08059974816496948,0,0,0.0,1.0,0.003122138868396481,0.05132151076712939,0,0,-0.07411287724971771,0.07499998807907104,-0.0007830139883379969,0.01722741509331527,0,0,-0.9820112586021423,0.9999964833259583,0.002660836201559707,0.16236508173177977,0,0,0.9427083333333334,0.057291666666666664,0.04487179487179487,414
small_rect_edge_test_0000,test,small_rect_edge,0.0,0.9390729069709778,0.0046838962435113325,0.0366562546002776,0,0,0.0,1.0,0.0010872916059775485,0.0320115156853402,0,0,-0.0656391829252243,0.0,-0.0010994440850077404,0.006703139114681809,0,0,-0.9991823434829712,0.9999964833259583,-0.0008252595034718979,0.09892138816770726,0,0,0.9779369212962963,0.022063078703703703,0.045454545454545456,5
small_rect_edge_test_0001,test,small_rect_edge,0.0,0.886954128742218,0.012425914514366284,0.0668108892335639,0,0,0.0,1.0,0.0009660777049484077,0.028833534930908313,0,0,-0.07372584939002991,0.07410934567451477,0.0014526238481738364,0.012063586846565687,0,0,-0.9367321133613586,0.9999969601631165,0.0012509206788780393,0.11545397226553959,0,0,0.9688946759259259,0.031105324074074073,0.026936026936026935,200
small_rect_edge_test_0002,test,small_rect_edge,0.0,0.9805373549461365,0.007089352200561431,0.038269882012569215,0,0,0.0,1.0,0.0018122345295355276,0.04106630027069971,0,0,-0.07494446635246277,0.07499998807907104,-0.002782938126647086,0.013221458516865797,0,0,-0.994807243347168,0.9999964833259583,-0.0004928775282072214,0.16328764845917978,0,0,0.9406828703703703,0.05931712962962963,0.038397328881469114,210
small_rect_edge_test_0003,test,small_rect_edge,0.0,0.8694117665290833,0.019228153948427428,0.09065007980257228,0,0,0.0,1.0,0.0010353974929010426,0.029804316384076664,0,0,-0.07494446635246277,0.07499998807907104,0.0005509005266638404,0.014490692155775203,0,0,-0.9712616205215454,0.9999969601631165,0.00674179084491563,0.1398526043444807,0,0,0.9544270833333334,0.045572916666666664,0.020910209102091022,260
small_rect_edge_test_0004,test,small_rect_edge,0.0,0.9564783573150635,0.018655499108987256,0.08717918681553523,0,0,0.0,1.0,0.0013801063738625358,0.03484108672051483,0,0,-0.07411287724971771,0.07499998807907104,0.0007859841840669375,0.014798511862763958,0,0,-0.9788332581520081,0.9999969601631165,0.0020330424565515757,0.14151853360096778,0,0,0.9562355324074074,0.043764467592592594,0.026474127557160047,325
small_rect_edge_test_0005,test,small_rect_edge,0.0,1.0,0.008668416792800228,0.04839891206312492,0,0,0.0,0.9793220162391663,0.0011546801284162535,0.03292856272690326,0,0,-0.07389162480831146,0.07499998807907104,-0.0018952664740262898,0.013149636172627993,0,0,-0.9986152648925781,0.9999964833259583,0.0005733265748454465,0.13819037852567334,0,0,0.9555121527777778,0.044487847222222224,0.0171606864274571,200
small_rect_edge_test_0006,test,small_rect_edge,0.0,0.8039367198944092,0.011951975257202489,0.056718362767002914,0,0,0.0,1.0,0.001162600591433821,0.03172853842120833,0,0,-0.07494446635246277,0.07499998807907104,-0.0010390948402885071,0.014363588634759374,0,0,-0.9928953647613525,0.9999964833259583,-0.0012764029125062531,0.1296526568052682,0,0,0.9584056712962963,0.041594328703703706,0.025065963060686015,260
small_rect_edge_test_0007,test,small_rect_edge,0.0,0.9507555961608887,0.0028627386577808364,0.02408214881623887,0,0,0.0,1.0,0.0013638740508920616,0.035138971407509934,0,0,-0.07389162480831146,0.07499998807907104,-0.002465691655675915,0.01295172274600796,0,0,-0.9991823434829712,0.9999964833259583,4.11870944474315e-05,0.16144820841698854,0,0,0.9395978009259259,0.06040219907407408,0.05128205128205128,170
small_rect_edge_test_0008,test,small_rect_edge,0.0,0.960748553276062,0.01767158860268494,0.0788724233399725,0,0,0.0,1.0,0.001477067203571399,0.03789321602121445,0,0,-0.07411287724971771,0.07499998807907104,-0.0010066393534307954,0.014584164313128081,0,0,-0.9820112586021423,0.9999969601631165,0.0006322853636009784,0.14196496577011958,0,0,0.9569589120370371,0.043041087962962965,0.02595797280593325,290
small_rect_edge_test_0009,test,small_rect_edge,0.0,0.9578626751899719,0.008771481030685714,0.04573314707596591,0,0,0.0,1.0,0.0009322334167168096,0.02850869180046937,0,0,-0.07438972592353821,0.0747220516204834,-0.0017354603214361876,0.013347907744511476,0,0,-0.9928953647613525,0.9999964833259583,0.002469567911652525,0.14259921045947788,0,0,0.9537037037037037,0.046296296296296294,0.019204389574759947,245
point_cluster_test_0000,test,point_cluster,0.0,1.0,0.013543853837661489,0.07344248278892682,0,0,0.0,0.898123025894165,0.0005393613310944703,0.020289260235700962,0,0,-0.07483351975679398,0.07500000298023224,-0.0024883674098722017,0.01157347014879932,0,0,-0.9745907783508301,0.999998927116394,0.0007503927319905617,0.12223926179646777,0,0,0.9655671296296297,0.03443287037037037,0.014814814814814815,133
point_cluster_test_0001,test,point_cluster,0.0,0.8365715146064758,0.009827750964969137,0.05077481221671775,0,0,0.0,1.0,0.0008748173886151226,0.026073376069476687,0,0,-0.004655584692955017,0.0588659793138504,0.0020020382039041985,0.008143392431796227,0,0,-0.9367321133613586,0.9517656564712524,-0.0006481178260636861,0.1577043880698543,0,0,0.9457465277777778,0.054253472222222224,0.02200825309491059,0
point_cluster_test_0002,test,point_cluster,0.0,0.877930760383606,0.010004758722533114,0.05739015596837381,0,0,0.0,1.0,0.00033802962948188735,0.016581653704282714,0,0,-0.07411287724971771,0.0,-0.002109025642750095,0.010527139857814045,0,0,-0.9928953647613525,0.9973381757736206,4.503444115808061e-05,0.11703760152646911,0,0,0.9706307870370371,0.02936921296296296,0.010889292196007259,105
point_cluster_test_0003,test,point_cluster,0.0,0.8373827338218689,0.010868468442856317,0.07019363839205643,0,0,0.0,1.0,0.00030377955624350797,0.0160960059315014,0,0,-0.07483351975679398,0.07500000298023224,2.9801190302586526e-05,0.011009423235819181,0,0,-0.9070445895195007,0.9710617065429688,0.0025685123375162083,0.08193107851996169,0,0,0.9807581018518519,0.019241898148148147,0.01282051282051282,196
point_cluster_test_0004,test,point_cluster,0.0,0.8266198039054871,0.010205388377602065,0.054603202027525825,0,0,0.0,1.0,0.0009006864813811801,0.02684331788705978,0,0,-0.015463769435882568,0.04811611771583557,0.0012253753461495594,0.005845498766663441,0,0,-0.9367321133613586,0.9517656564712524,0.0008832800880622084,0.1532393216638805,0,0,0.9450231481481481,0.05497685185185185,0.02168021680216802,0
point_cluster_test_0005,test,point_cluster,0.0,0.8446594476699829,0.01100354468487947,0.05356360933672372,0,0,0.0,1.0,0.0008770045005129996,0.02700682854320691,0,0,-0.07411287724971771,0.0747220516204834,-0.0010565559172795878,0.014457279313381024,0,0,-0.9820112586021423,0.9969497919082642,-0.002219377556482666,0.13601525243297793,0,0,0.9571759259259259,0.04282407407407408,0.017721518987341773,280
point_cluster_test_0006,test,point_cluster,0.0,1.0,0.01188596069239254,0.07242394801860047,0,0,0.0,0.9265900254249573,0.0003341497439477179,0.01634548599818758,0,0,-0.07384227216243744,0.07500000298023224,0.001562972732547981,0.010526096645595949,0,0,-0.9993054270744324,0.9999994039535522,0.002821585160644544,0.10717389640908342,0,0,0.9748263888888888,0.025173611111111112,0.012684989429175475,144
point_cluster_test_0007,test,point_cluster,0.0,1.0,0.013042740394936388,0.07524290781315911,0,0,0.0,0.9261990189552307,0.0002905259003724765,0.015353979244213993,0,0,-0.07438972592353821,0.0747220516204834,0.0016563843107885784,0.01169188642564379,0,0,-0.9491848945617676,0.9628074765205383,-0.00021602677548394745,0.10916400054540411,0,0,0.9722222222222222,0.027777777777777776,0.009671179883945842,204
point_cluster_test_0008,test,point_cluster,0.0,0.9446474313735962,0.012215281749949672,0.0739543008313422,0,0,0.0,1.0,0.00040301854325527393,0.01829753585638699,0,0,-0.07494446635246277,0.07499998807907104,-0.0008697656168671394,0.012364209862722884,0,0,-0.9251210689544678,0.9973381757736206,0.00803863652335066,0.09061981577748492,0,0,0.9782262731481481,0.021773726851851853,0.012526096033402923,280
point_cluster_test_0009,test,point_cluster,0.0,1.0,0.007293475853994432,0.05031173235919775,0,0,0.0,0.8790450096130371,0.00025791298011662784,0.013802715034414196,0,0,-0.07384227216243744,0.07433034479618073,-0.0014487780981990337,0.010591803421143981,0,0,-0.9993054270744324,0.999998927116394,-0.0020860169647170957,0.10130456137212385,0,0,0.9762008101851852,0.023799189814814815,0.009732360097323601,140
point_cluster_test_0010,test,point_cluster,0.0,0.8213997483253479,0.010347713600283357,0.055296219615102546,0,0,0.0,1.0,0.0009465796476299012,0.027265022136837798,0,0,-0.02000001072883606,0.029513224959373474,0.00032523214920527406,0.004216138628516973,0,0,-0.9607370495796204,0.9766644239425659,-0.0020135924612447896,0.16564239091035504,0,0,0.9386574074074074,0.061342592592592594,0.023578363384188627,0
point_cluster_test_0011,test,point_cluster,0.0,0.9343733787536621,0.016857736816746183,0.0907781171511554,0,0,0.0,1.0,0.0003694492970006885,0.01797032044414685,0,0,-0.07494446635246277,0.07499998807907104,0.00022823918563382768,0.012921004403049316,0,0,-0.9712616205215454,0.9999969601631165,-0.0013467773042739955,0.09092891675333352,0,0,0.9741753472222222,0.025824652777777776,0.010676156583629894,252
point_cluster_test_0012,test,point_cluster,0.0,0.9231888651847839,0.008425644826439161,0.057342871378441886,0,0,0.0,1.0,0.0005185529072251585,0.02075521196311509,0,0,-0.022524520754814148,0.03768323361873627,0.0003720204102272099,0.0033900089764211656,0,0,-0.93541419506073,0.9517656564712524,0.0009904887936297907,0.12282059708474115,0,0,0.9645543981481481,0.03544560185185185,0.01939655172413793,0
point_cluster_test_0013,test,point_cluster,0.0,0.8657161593437195,0.01772821115378907,0.07031415613966512,0,0,0.0,1.0,0.0007164867948395786,0.024086689001919816,0,0,-0.0029456019401550293,0.0747220516204834,0.0031646452326741484,0.01169927812083402,0,0,-0.9667691588401794,0.9999969601631165,0.0060839512210535485,0.16660443879607692,0,0,0.9298321759259259,0.07016782407407407,0.011680143755615454,80
point_cluster_test_0014,test,point_cluster,0.0,0.8382524847984314,0.007169283520380742,0.04973615946205025,0,0,0.0,1.0,0.00040247797086420987,0.019356125889362915,0,0,-0.07361538708209991,0.0747220516204834,-0.0013276505255985453,0.009700785964552991,0,0,-0.9820112586021423,0.9973381757736206,-0.0010548426829094144,0.09725938071881629,0,0,0.9797453703703703,0.02025462962962963,0.0158311345646438,105
point_cluster_test_0015,test,point_cluster,0.0,0.8398562073707581,0.006683770711434691,0.047888064511920396,0,0,0.0,1.0,0.00042188491379083307,0.019059187967756932,0,0,-0.03456604480743408,0.015604943037033081,-0.0003824861358023352,0.0030455547459744855,0,0,-0.998612105846405,0.9766644239425659,0.0002716661922898277,0.12156512855602236,0,0,0.9731626157407407,0.02683738425925926,0.017902813299232736,0
point_cluster_test_0016,test,point_cluster,0.0,1.0,0.015991410416467663,0.07046088809061292,0,0,0.0,0.9386590123176575,0.0007702262718575421,0.023897229017779215,0,0,-0.07483351975679398,0.07500000298023224,-0.002062106414491104,0.01573079852174284,0,0,-0.9993054270744324,0.999998927116394,-0.002967004830241893,0.151026365645686,0,0,0.9473379629629629,0.052662037037037035,0.015060240963855422,344
point_cluster_test_0017,test,point_cluster,0.0,1.0,0.007271481205963128,0.0455931137500252,0,0,0.0,0.7786350250244141,0.00022831228691049747,0.012131698145939635,0,0,-0.07389162480831146,0.0,-0.0018379901367653576,0.009476960139951597,0,0,-0.9768810272216797,0.9999964833259583,1.0710846557534145e-05,0.11186367049938158,0,0,0.9700520833333334,0.029947916666666668,0.010183299389002037,48
point_cluster_test_0018,test,point_cluster,0.0,1.0,0.013344064240502322,0.08113957658820947,0,0,0.0,0.9440919756889343,0.0002892382779262132,0.015422534028882072,0,0,-0.07384227216243744,0.07500000298023224,-0.0011849794574556182,0.011787269655051972,0,0,-0.9993054270744324,0.999998927116394,0.0007717714167854326,0.10570813069268367,0,0,0.9756944444444444,0.024305555555555556,0.010141987829614604,203
point_cluster_test_0019,test,point_cluster,0.0,0.9309418201446533,0.010388404185943256,0.0677552858335289,0,0,0.0,1.0,0.00036678590415114605,0.017997658492198507,0,0,-0.07384227216243744,0.07433034479618073,0.001738929536023298,0.010365383061422283,0,0,-0.9070445895195007,0.9999994039535522,0.002887871994230577,0.09956042469606609,0,0,0.9782262731481481,0.021773726851851853,0.014527845036319613,140
