sample_id,split,family,X_ref3_min,X_ref3_max,X_ref3_mean,X_ref3_std,GT_min,GT_max,GT_mean,GT_std,Mshell_onehot_invalid,delta_rho_min,delta_rho_max,delta_rho_mean,delta_rho_std,Pcyc_min,Pcyc_max,Pcyc_mean,Pcyc_std,Pcyc_abs_le_0p25_ratio,Pcyc_abs_gt_0p25_ratio,nan_count_all_metadata,inf_count_all_metadata
line_train_0000,train,line,0.0,1.0,0.00449140090495348,0.04211243987083435,0.0,0.9294610023498535,0.0005632963730022311,0.022108016535639763,0,-0.06678342074155807,0.0,-0.0009257291094399989,0.006324563641101122,-0.956943690776825,0.999998927116394,-0.001211513881571591,0.09077884256839752,0.9811921296296297,0.01880787037037037,0,0
line_train_0001,train,line,0.0,1.0,0.012560732662677765,0.06890735030174255,0.0,0.9412720203399658,0.0028232308104634285,0.048176318407058716,0,-0.002860620617866516,0.0719234049320221,0.0025229980237782,0.010292747989296913,-0.9943734407424927,0.9640410542488098,-0.0017473354237154126,0.15536171197891235,0.9435763888888888,0.05642361111111111,0,0
line_train_0002,train,line,0.0,0.9454691410064697,0.011644584126770496,0.06838008016347885,0.0,1.0,0.0006008617347106338,0.022482380270957947,0,-0.07411286234855652,0.0747220367193222,-0.00044263037852942944,0.011658894829452038,-0.9256665706634521,0.9999964833259583,0.002553238533437252,0.1047392264008522,0.9761284722222222,0.023871527777777776,0,0
line_train_0003,train,line,0.0,1.0,0.011811609379947186,0.07095605880022049,0.0,0.9836980104446411,0.0011709040263667703,0.031707532703876495,0,-0.07389162480831146,0.07500000298023224,0.001537581323646009,0.012000344693660736,-0.966776430606842,0.9999969601631165,0.0034389218781143427,0.1193074882030487,0.9688946759259259,0.031105324074074073,0,0
line_train_0004,train,line,0.0,0.9821658730506897,0.008686909452080727,0.05702142044901848,0.0,1.0,0.0012850910425186157,0.034686703234910965,0,-0.07344980537891388,0.0747220367193222,0.0016120800282806158,0.009131203405559063,-0.9943734407424927,0.9640410542488098,0.0008160211727954447,0.10730452090501785,0.9721498842592593,0.02785011574074074,0,0
line_train_0005,train,line,0.0,0.8798874616622925,0.005825597792863846,0.04287184774875641,0.0,1.0,0.0003208420821465552,0.016950558871030807,0,-0.07389162480831146,0.07500000298023224,-0.0011671192478388548,0.009917405433952808,-0.9788332581520081,0.9999964833259583,-0.00012711186718661338,0.0963563323020935,0.9786603009259259,0.021339699074074073,0,0
line_train_0006,train,line,0.0,0.884836733341217,0.004318272694945335,0.035708677023649216,0.0,1.0,0.0024634941946715117,0.04521606117486954,0,-0.0022671371698379517,0.048305317759513855,0.0007696154643781483,0.004656237084418535,-0.998612105846405,0.9649965167045593,-0.0027477145195007324,0.1076165959239006,0.9739583333333334,0.026041666666666668,0,0
line_train_0007,train,line,0.0,0.9543970823287964,0.017387254163622856,0.07859231531620026,0.0,1.0,0.0014010117156431079,0.034482523798942566,0,-0.07411286234855652,0.07500000298023224,0.0009446106851100922,0.01463775709271431,-0.9820112586021423,0.9999969601631165,0.0019398860167711973,0.1420031487941742,0.9558738425925926,0.044126157407407406,0,0
line_train_0008,train,line,0.0,0.8476860523223877,0.00816827267408371,0.05275166407227516,0.0,1.0,0.001380926463752985,0.03478657081723213,0,-0.06837531924247742,0.0,-0.0015473604435101151,0.008632122538983822,-0.9788332581520081,0.9999964833259583,-0.0008482717094011605,0.10103915631771088,0.9730902777777778,0.026909722222222224,0,0
line_train_0009,train,line,0.0,0.8471689820289612,0.00808755960315466,0.050392717123031616,0.0,1.0,0.0019199729431420565,0.0393528938293457,0,-0.013526573777198792,0.05524376034736633,0.001123482477851212,0.00598992221057415,-0.998612105846405,0.9649965167045593,-0.0014272542903199792,0.12899108231067657,0.9609375,0.0390625,0,0
line_train_0010,train,line,0.0,1.0,0.010641329921782017,0.07543418556451797,0.0,0.962086021900177,0.0009106749203056097,0.02864544279873371,0,0.0,0.07090720534324646,0.001083442592062056,0.007344888988882303,-0.971254289150238,0.9999969601631165,-0.0007483749650418758,0.0805925726890564,0.9835069444444444,0.016493055555555556,0,0
line_train_0011,train,line,0.0,0.8892042636871338,0.010683335363864899,0.05676596239209175,0.0,1.0,0.0008754994487389922,0.02761770598590374,0,-0.07494446635246277,0.07499998807907104,-0.000706528197042644,0.014051084406673908,-0.9820112586021423,0.9999964833259583,-0.0003501673636492342,0.12416385114192963,0.9622395833333334,0.037760416666666664,0,0
line_train_0012,train,line,0.0,0.8667486906051636,0.0072054993361234665,0.051803939044475555,0.0,1.0,0.0016895002918317914,0.038399532437324524,0,-0.07000000774860382,0.0,-0.0012671691365540028,0.007645817939192057,-0.9745883345603943,0.999998927116394,0.0015929931541904807,0.10521791875362396,0.9761284722222222,0.023871527777777776,0,0
line_train_0013,train,line,0.0,1.0,0.015394346788525581,0.08294400572776794,0.0,0.9983350038528442,0.0026939036324620247,0.04800853133201599,0,-0.015370890498161316,0.06242644786834717,0.001739489147439599,0.007985401898622513,-0.998612105846405,0.9628074765205383,-0.0010503116063773632,0.15675288438796997,0.9418402777777778,0.058159722222222224,0,0
line_train_0014,train,line,0.0,0.9054788947105408,0.009277410805225372,0.059175994247198105,0.0,1.0,0.0004470260755624622,0.019939037039875984,0,-0.07411286234855652,0.0747220367193222,-0.0009729739394970238,0.011090491898357868,-0.9820112586021423,0.9969497919082642,-0.001966142328456044,0.10409627854824066,0.9786603009259259,0.021339699074074073,0,0
line_train_0015,train,line,0.0,0.8387010097503662,0.017812786623835564,0.08082703500986099,0.0,1.0,0.0013774544931948185,0.03405134007334709,0,-0.07483351975679398,0.07500000298023224,0.0004993131733499467,0.014729136601090431,-0.9993054270744324,0.9999994039535522,0.006883209105581045,0.14072415232658386,0.9555121527777778,0.044487847222222224,0,0
line_train_0016,train,line,0.0,1.0,0.00684741698205471,0.05419342964887619,0.0,0.9736430048942566,0.0009887012420222163,0.029150187969207764,0,-0.044524893164634705,0.01918923854827881,-0.00042993525858037174,0.003608154132962227,-0.998612105846405,0.9766644239425659,0.0011591777438297868,0.11047269403934479,0.9750434027777778,0.024956597222222224,0,0
line_train_0017,train,line,0.0,0.939806342124939,0.018432291224598885,0.08984056860208511,0.0,1.0,0.002266050549224019,0.043500229716300964,0,-0.07389162480831146,0.07500000298023224,-0.0007802699692547321,0.014171908609569073,-0.9986152648925781,0.977294921875,-0.0012852507643401623,0.12481378018856049,0.9639756944444444,0.03602430555555555,0,0
line_train_0018,train,line,0.0,0.8904845714569092,0.006726143416017294,0.05318133160471916,0.0,1.0,0.0014088123571127653,0.034307971596717834,0,-0.04488102346658707,0.028465673327445984,-0.00031108304392546415,0.0044502862729132175,-0.9607370495796204,0.9766571521759033,0.0008543586009182036,0.11027621477842331,0.9721498842592593,0.02785011574074074,0,0
line_train_0019,train,line,0.0,0.9592086672782898,0.020794428884983063,0.10215260833501816,0.0,1.0,0.00046992022544145584,0.02090471424162388,0,-0.07384227216243744,0.07500000298023224,0.0005831419257447124,0.01304507628083229,-0.9993054270744324,0.9999994039535522,0.0042117261327803135,0.12140043824911118,0.970703125,0.029296875,0,0
line_train_0020,train,line,0.0,0.920325517654419,0.0028604273684322834,0.023931143805384636,0.0,1.0,0.002640280406922102,0.04908648878335953,0,-0.07174576818943024,0.008058428764343262,-0.002261029090732336,0.009418117813766003,-0.9991823434829712,0.9999964833259583,-0.0010108434362336993,0.15410356223583221,0.9448784722222222,0.055121527777777776,0,0
line_train_0021,train,line,0.0,0.8385335803031921,0.0064297448843717575,0.04157880321145058,0.0,1.0,0.00048709841212257743,0.020397750660777092,0,-0.046922363340854645,0.031176701188087463,-0.0004645963490474969,0.004955045413225889,-0.998612105846405,0.9766644239425659,-0.00031729869078844786,0.14471015334129333,0.9544270833333334,0.045572916666666664,0,0
line_train_0022,train,line,0.0,0.8513717651367188,0.0062394593842327595,0.04730921983718872,0.0,1.0,0.0004268499033059925,0.019107885658740997,0,-0.07372584939002991,0.07410933077335358,0.0013010131660848856,0.010260958224534988,-0.9367321133613586,0.9999969601631165,0.0009544696076773107,0.09682101011276245,0.9779369212962963,0.022063078703703703,0,0
line_train_0023,train,line,0.0,0.8811675310134888,0.018248291686177254,0.08267716318368912,0.0,1.0,0.0018699958454817533,0.03973524644970894,0,-0.07411286234855652,0.07500000298023224,-5.0789985834853724e-05,0.014929208904504776,-0.9820112586021423,0.9999969601631165,0.0012315278872847557,0.14073678851127625,0.9573206018518519,0.04267939814814815,0,0
line_train_0024,train,line,0.0,0.8439950942993164,0.005348886828869581,0.04299803450703621,0.0,1.0,0.0012108274968340993,0.03279754891991615,0,-0.04405190050601959,0.017705097794532776,-0.00045736762695014477,0.0037500225007534027,-0.998612105846405,0.9766644239425659,0.0015611471608281136,0.10908441990613937,0.9761284722222222,0.023871527777777776,0,0
line_train_0025,train,line,0.0,0.9628086686134338,0.005754404701292515,0.044229183346033096,0.0,1.0,0.0010856343433260918,0.031053662300109863,0,-0.04369854927062988,0.04104971885681152,-1.0124786967935506e-05,0.004623299930244684,-0.998612105846405,0.9766644239425659,-0.00031711769406683743,0.14640158414840698,0.9529803240740741,0.04701967592592592,0,0
line_train_0026,train,line,0.0,0.8944239616394043,0.009643085300922394,0.06339860707521439,0.0,1.0,0.0011360578937456012,0.03156961500644684,0,-0.07389162480831146,0.07500000298023224,0.0009024724713526666,0.0104783670976758,-0.966776430606842,0.9999969601631165,0.001364198629744351,0.09130758047103882,0.9808304398148148,0.019169560185185185,0,0
line_train_0027,train,line,0.0,0.838626503944397,0.010867253877222538,0.0578635074198246,0.0,1.0,0.0009421986760571599,0.027896443381905556,0,-0.0650000050663948,0.0,-0.0024462121073156595,0.010036488994956017,-0.9745883345603943,0.999998927116394,0.0014786573592573404,0.15549971163272858,0.9461805555555556,0.05381944444444445,0,0
line_train_0028,train,line,0.0,0.9151919484138489,0.010268564336001873,0.057718243449926376,0.0,1.0,0.00194424984510988,0.04178047180175781,0,-0.07384227216243744,0.07500000298023224,0.001505718333646655,0.010365338064730167,-0.9993054270744324,0.9999994039535522,0.0039729708805680275,0.11566636711359024,0.9710648148148148,0.028935185185185185,0,0
line_train_0029,train,line,0.0,0.991910994052887,0.0019141989760100842,0.018372798338532448,0.0,1.0,0.0012306395219638944,0.034109871834516525,0,-0.06951139867305756,0.0,-0.002601730404421687,0.01054010633379221,-0.994807243347168,0.9999964833259583,0.00025271211052313447,0.1578405797481537,0.9457465277777778,0.054253472222222224,0,0
line_train_0030,train,line,0.0,0.942111074924469,0.006685378961265087,0.0515575110912323,0.0,1.0,0.0005314080626703799,0.022114133462309837,0,0.0,0.06005951762199402,0.0008888986776582897,0.005722129717469215,-0.966776430606842,0.9999969601631165,-0.0019862724002450705,0.09230879694223404,0.9793836805555556,0.020616319444444444,0,0
line_train_0031,train,line,0.0,0.9853371977806091,0.009286021813750267,0.0606733001768589,0.0,1.0,0.0006983132334426045,0.025990290567278862,0,-0.025000005960464478,0.04525624215602875,0.0005702186026610434,0.0043571325950324535,-0.9367321133613586,0.9517656564712524,-0.0007202789420261979,0.12861184775829315,0.9613715277777778,0.038628472222222224,0,0
line_train_0032,train,line,0.0,0.9736624360084534,0.013079393655061722,0.07461381703615189,0.0,1.0,0.0018425307935103774,0.03996069356799126,0,-0.07494446635246277,0.07499998807907104,-0.00026907181018032134,0.013301940634846687,-0.9251137971878052,0.9973381757736206,0.005567261017858982,0.09981586784124374,0.9717881944444444,0.028211805555555556,0,0
line_train_0033,train,line,0.0,0.9659035801887512,0.009403038769960403,0.06353290379047394,0.0,1.0,0.001157645951025188,0.03302283212542534,0,-0.021450400352478027,0.04241880774497986,0.0004617003141902387,0.003942894749343395,-0.998612105846405,0.9571169018745422,-0.002461635507643223,0.12393049895763397,0.9681712962962963,0.031828703703703706,0,0
line_train_0034,train,line,0.0,1.0,0.005609007552266121,0.04158499091863632,0.0,0.9778509736061096,0.0005149975186213851,0.021454626694321632,0,-0.06723527610301971,0.0030522793531417847,-0.001481922809034586,0.007498770486563444,-0.9913396239280701,0.999998927116394,0.00046258338261395693,0.1230984553694725,0.9641927083333334,0.035807291666666664,0,0
line_train_0035,train,line,0.0,0.8115506768226624,0.014778479002416134,0.06887690722942352,0.0,1.0,0.0005064609576947987,0.020137328654527664,0,-0.07494446635246277,0.07499998807907104,0.0017398757627233863,0.013150844722986221,-0.9820112586021423,0.9999969601631165,-0.0011617967393249273,0.13359057903289795,0.9569589120370371,0.043041087962962965,0,0
line_train_0036,train,line,0.0,0.8996365666389465,0.008257829584181309,0.055971600115299225,0.0,1.0,0.0018744115950539708,0.040334224700927734,0,-0.07483351975679398,0.0,-0.0014310076367110014,0.008306666277348995,-0.9745883345603943,0.9766571521759033,1.200861152028665e-05,0.1115664690732956,0.9721498842592593,0.02785011574074074,0,0
line_train_0037,train,line,0.0,0.8746970295906067,0.008678259328007698,0.05130607634782791,0.0,1.0,0.0005795382894575596,0.022811153903603554,0,-0.023508906364440918,0.055912598967552185,0.0010139610385522246,0.0060898857191205025,-0.998612105846405,0.9571169018745422,-0.0008811844163574278,0.13981032371520996,0.9537037037037037,0.046296296296296294,0,0
line_train_0038,train,line,0.0,0.8683336973190308,0.009328584186732769,0.057434871792793274,0.0,1.0,0.0014528160681948066,0.03505803272128105,0,-0.07389162480831146,0.07500000298023224,-2.063344254565891e-05,0.011682161130011082,-0.9325755834579468,0.9999969601631165,-8.74567122082226e-05,0.10902048647403717,0.9721498842592593,0.02785011574074074,0,0
line_train_0039,train,line,0.0,0.9244390726089478,0.017279718071222305,0.0779222771525383,0.0,1.0,0.0018757350044324994,0.041003357619047165,0,-0.0732843279838562,0.07500000298023224,0.0023030827287584543,0.011228443123400211,-0.966776430606842,0.9999969601631165,0.001113544567488134,0.1399689018726349,0.9540653935185185,0.04593460648148148,0,0
line_train_0040,train,line,0.0,0.8593627214431763,0.005445950664579868,0.04532858729362488,0.0,1.0,0.00047858073958195746,0.020086584612727165,0,-0.0650000050663948,0.0,-0.0008071851334534585,0.005933390464633703,-0.9425351619720459,0.999998927116394,0.0005120071582496166,0.08918379247188568,0.9826388888888888,0.017361111111111112,0,0
line_train_0041,train,line,0.0,0.8639391660690308,0.010841780342161655,0.060169026255607605,0.0,1.0,0.0003982344060204923,0.017930682748556137,0,-0.07450057566165924,0.07461076974868774,-0.0007188006420619786,0.012682158499956131,-0.9820112586021423,0.9973381757736206,-6.374619988491759e-05,0.11721379309892654,0.9674479166666666,0.032552083333333336,0,0
line_train_0042,train,line,0.0,1.0,0.02623811922967434,0.11283224076032639,0.0,0.9881600141525269,0.001623651129193604,0.03698784485459328,0,-0.07483351975679398,0.07500000298023224,0.0012097380822524428,0.014728753827512264,-0.9993054270744324,0.9999994039535522,0.005264198407530785,0.13824915885925293,0.9587673611111112,0.04123263888888889,0,0
line_train_0043,train,line,0.0,0.9825054407119751,0.023237602785229683,0.10924502462148666,0.0,1.0,0.0022732496727257967,0.04583550617098808,0,-0.04801961034536362,0.015529453754425049,-0.0008509144536219537,0.0051087853498756886,-0.998612105846405,0.9766644239425659,0.0018085279734805226,0.13826465606689453,0.9613715277777778,0.038628472222222224,0,0
line_train_0044,train,line,0.0,0.9725668430328369,0.010818731039762497,0.0679878368973732,0.0,1.0,0.0002674362331163138,0.015760155394673347,0,-0.07494446635246277,0.07499998807907104,-0.00042809746810235083,0.010959118604660034,-0.9770127534866333,0.9999964833259583,-0.0016123336972668767,0.09125199168920517,0.9779369212962963,0.022063078703703703,0,0
line_train_0045,train,line,0.0,0.8940976858139038,0.008621715940535069,0.05865631625056267,0.0,1.0,0.0006014177924953401,0.023622523993253708,0,-0.040000006556510925,0.023565545678138733,-0.0005287041421979666,0.00503820413723588,-0.9607370495796204,0.9766571521759033,0.0027451766654849052,0.14366978406906128,0.9540653935185185,0.04593460648148148,0,0
line_train_0046,train,line,0.0,1.0,0.012684810906648636,0.0744640901684761,0.0,0.9646220207214355,0.0005298943142406642,0.022038737311959267,0,-0.07483351975679398,0.07500000298023224,0.00016987364506348968,0.01170234102755785,-0.9070494771003723,0.9999994039535522,0.0036337922792881727,0.10332687944173813,0.9754050925925926,0.02459490740740741,0,0
line_train_0047,train,line,0.0,0.8603711724281311,0.01350335031747818,0.06440505385398865,0.0,1.0,0.0013420340837910771,0.03395373374223709,0,-0.07411286234855652,0.07500000298023224,0.0009882154408842325,0.014653634279966354,-0.9820112586021423,0.9999969601631165,0.004636937286704779,0.14141513407230377,0.9573206018518519,0.04267939814814815,0,0
line_train_0048,train,line,0.0,0.8934291005134583,0.008183316327631474,0.061244674026966095,0.0,1.0,0.001598043949343264,0.03839452564716339,0,-0.015000000596046448,0.0197792649269104,6.187162216519937e-05,0.0019760101567953825,-0.9607370495796204,0.9517656564712524,0.0002491373452357948,0.11346356570720673,0.9721498842592593,0.02785011574074074,0,0
line_train_0049,train,line,0.0,0.8096792101860046,0.009723003022372723,0.05283410847187042,0.0,1.0,0.00124318094458431,0.031148545444011688,0,-0.07494446635246277,0.07499998807907104,0.0021586413495242596,0.012023086659610271,-0.971254289150238,0.9999969601631165,-0.0002253818529425189,0.13596723973751068,0.9551504629629629,0.044849537037037035,0,0
line_train_0050,train,line,0.0,1.0,0.007640126161277294,0.05011141672730446,0.0,0.9965389966964722,0.0005507729947566986,0.02176438271999359,0,-0.07191011309623718,0.0,-0.0015097022987902164,0.008248547092080116,-0.9820112586021423,0.9932713508605957,-0.0014653622638434172,0.10939948260784149,0.9721498842592593,0.02785011574074074,0,0
line_train_0051,train,line,0.0,0.9876855611801147,0.018292734399437904,0.08401931077241898,0.0,1.0,0.002000516979023814,0.043644603341817856,0,-0.07367832213640213,0.07500000298023224,-0.0019643367268145084,0.012277333065867424,-0.9993054270744324,0.999998927116394,-9.363303252030164e-05,0.14151154458522797,0.9529803240740741,0.04701967592592592,0,0
line_train_0052,train,line,0.0,0.9032493829727173,0.010553487576544285,0.06214172765612602,0.0,1.0,0.00037226604763418436,0.017966100946068764,0,-0.07411286234855652,0.0747220367193222,0.0007066703401505947,0.011514205485582352,-0.9820112586021423,0.9969497919082642,0.003164408029988408,0.10890500992536545,0.9754050925925926,0.02459490740740741,0,0
line_train_0053,train,line,0.0,1.0,0.02105916664004326,0.09525921195745468,0.0,0.9468420147895813,0.0015432898653671145,0.03643103688955307,0,-0.07450057566165924,0.07461076974868774,-6.079445665818639e-05,0.014757465571165085,-0.9820112586021423,0.9999964833259583,0.0002463484706822783,0.14386816322803497,0.9533420138888888,0.04665798611111111,0,0
line_train_0054,train,line,0.0,0.8898372650146484,0.0073906173929572105,0.053562648594379425,0.0,1.0,0.0004004841030109674,0.017993265762925148,0,-0.022720783948898315,0.04104971885681152,0.0003504221676848829,0.0032902611419558525,-0.93541419506073,0.9517656564712524,-0.00011948896280955523,0.10776668787002563,0.9732349537037037,0.026765046296296297,0,0
line_train_0055,train,line,0.0,0.8397800326347351,0.005879839416593313,0.04485906660556793,0.0,1.0,0.00039699565968476236,0.019137483090162277,0,0.0,0.0588659793138504,0.0012841487769037485,0.007148044649511576,-0.971254289150238,0.9999969601631165,-0.001305483398027718,0.11149972677230835,0.9730902777777778,0.026909722222222224,0,0
line_train_0056,train,line,0.0,0.8121616244316101,0.013016963377594948,0.06378670036792755,0.0,1.0,0.0009465343318879604,0.028059594333171844,0,-0.07411286234855652,0.0747220367193222,-0.0008341505890712142,0.013343333266675472,-0.9820112586021423,0.9999964833259583,-0.00031803851015865803,0.13222067058086395,0.9634693287037037,0.036530671296296294,0,0
line_train_0057,train,line,0.0,0.8900724649429321,0.0188707634806633,0.07464886456727982,0.0,1.0,0.003169597592204809,0.05291152745485306,0,-0.07384227216243744,0.07500000298023224,0.0025092558935284615,0.015033970586955547,-0.9993054270744324,0.9999994039535522,0.006688196212053299,0.15453100204467773,0.9453125,0.0546875,0,0
line_train_0058,train,line,0.0,0.9522014260292053,0.008645809255540371,0.05624008551239967,0.0,1.0,0.0005510327755473554,0.021757619455456734,0,-0.05000000447034836,0.0,-0.0011394571047276258,0.006046195048838854,-0.9913396239280701,0.999998927116394,-0.0011467145523056388,0.12180789560079575,0.9678096064814815,0.03219039351851852,0,0
line_train_0059,train,line,0.0,0.8675653338432312,0.006143003702163696,0.032964762300252914,0.0,1.0,0.001918995869345963,0.039420221000909805,0,-0.07411286234855652,0.07388612627983093,-0.0026664850302040577,0.011566408909857273,-0.9820112586021423,0.9999964833259583,0.0025837798602879047,0.15473110973834991,0.9461805555555556,0.05381944444444445,0,0
line_train_0060,train,line,0.0,0.8342593312263489,0.007715438958257437,0.05691659078001976,0.0,1.0,0.0005116370739415288,0.02038092538714409,0,-0.07483351975679398,0.07500000298023224,0.0004115730698686093,0.008830874226987362,-0.9070494771003723,0.9999994039535522,0.0034150625579059124,0.08544662594795227,0.9826388888888888,0.017361111111111112,0,0
line_train_0061,train,line,0.0,0.8693512678146362,0.01288261916488409,0.06243757903575897,0.0,1.0,0.0023720317985862494,0.04552369564771652,0,-0.07367832213640213,0.07500000298023224,0.002300337189808488,0.01215433981269598,-0.9892363548278809,0.9999994039535522,0.00520356185734272,0.13010035455226898,0.9609375,0.0390625,0,0
line_train_0062,train,line,0.0,1.0,0.0011443115072324872,0.014930578880012035,0.0,0.9660300016403198,0.0014023478142917156,0.0338253416121006,0,-0.06978271901607513,0.0,-0.0013760221190750599,0.00756362359970808,-0.9986152648925781,0.9999964833259583,-1.2952808901900426e-05,0.11274611204862595,0.9717881944444444,0.028211805555555556,0,0
line_train_0063,train,line,0.0,0.9930309653282166,0.016004910692572594,0.07030680775642395,0.0,1.0,0.0005328648840077221,0.02216471917927265,0,-0.07384227216243744,0.07500000298023224,0.0022921550553292036,0.013283300213515759,-0.9993054270744324,0.9999994039535522,0.005490852519869804,0.14120258390903473,0.9544270833333334,0.045572916666666664,0,0
line_train_0064,train,line,0.0,0.8090739250183105,0.0200283732265234,0.08774923533201218,0.0,1.0,0.0024198603350669146,0.04375508055090904,0,-0.07483351975679398,0.07500000298023224,0.0012213113950565457,0.014990215189754963,-0.9993054270744324,0.9999994039535522,0.005379694513976574,0.13829836249351501,0.95703125,0.04296875,0,0
line_train_0065,train,line,0.0,0.8827441930770874,0.015888508409261703,0.07888101041316986,0.0,1.0,0.0007742341258563101,0.026402220129966736,0,-0.07389162480831146,0.07500000298023224,-0.0008226194186136127,0.014143483713269234,-0.9986152648925781,0.9999964833259583,6.732351175742224e-05,0.12489166110754013,0.9639756944444444,0.03602430555555555,0,0
line_train_0066,train,line,0.0,0.9761507511138916,0.02331501990556717,0.09742232412099838,0.0,1.0,0.0027087065391242504,0.04814883694052696,0,-0.07483351975679398,0.07500000298023224,-0.0011811548611149192,0.016286293044686317,-0.9993054270744324,0.999998927116394,-0.0007965075201354921,0.14938119053840637,0.9505208333333334,0.049479166666666664,0,0
line_train_0067,train,line,0.0,0.9658094048500061,0.023000959306955338,0.09731648117303848,0.0,1.0,0.0030325318221002817,0.05064452812075615,0,-0.07367832213640213,0.07500000298023224,-0.002234711544588208,0.01406735647469759,-0.9993054270744324,0.999998927116394,-0.00018935957632493228,0.15265752375125885,0.9448784722222222,0.055121527777777776,0,0
line_train_0068,train,line,0.0,0.957156777381897,0.007161679212003946,0.04437877610325813,0.0,1.0,0.003835270879790187,0.058370333164930344,0,-0.05500000715255737,0.0,-0.0017279121093451977,0.008199737407267094,-0.994807243347168,0.9999964833259583,-0.0005686915246769786,0.12481072545051575,0.9665798611111112,0.03342013888888889,0,0
line_train_0069,train,line,0.0,0.8512768149375916,0.0085624223574996,0.05362926796078682,0.0,1.0,0.0015265158144757152,0.03617781773209572,0,-0.043933987617492676,0.040918827056884766,-2.033684177149553e-05,0.0046240598894655704,-0.956943690776825,0.9517656564712524,-0.0006743687554262578,0.1394212692975998,0.9544270833333334,0.045572916666666664,0,0
line_train_0070,train,line,0.0,0.9456461668014526,0.006547794211655855,0.05060701072216034,0.0,1.0,0.0007171920733526349,0.025488320738077164,0,-0.03489135950803757,0.021026313304901123,-0.0002573078963905573,0.0032533404882997274,-0.9913396239280701,0.9766571521759033,0.0009960078168660402,0.11130517721176147,0.9732349537037037,0.026765046296296297,0,0
line_train_0071,train,line,0.0,0.9457338452339172,0.016755804419517517,0.08421865105628967,0.0,1.0,0.001524908933788538,0.03825909271836281,0,-0.07411286234855652,0.07500000298023224,-0.0001912581064971164,0.014292237348854542,-0.9820112586021423,0.997345507144928,0.0014310163678601384,0.13117526471614838,0.9639756944444444,0.03602430555555555,0,0
line_train_0072,train,line,0.0,1.0,0.019609777256846428,0.10762327909469604,0.0,0.9973229765892029,0.0004723407619167119,0.021014312282204628,0,-0.07237913459539413,0.0,-0.0014847160782665014,0.008235936984419823,-0.9913396239280701,0.999998927116394,0.0006243524258024991,0.11043575406074524,0.970703125,0.029296875,0,0
line_train_0073,train,line,0.0,0.9677038788795471,0.008829442784190178,0.058695293962955475,0.0,1.0,0.00025601463858038187,0.015126645565032959,0,0.0,0.0686892718076706,0.00136081175878644,0.008137749508023262,-0.971254289150238,0.9999969601631165,0.00024995405692607164,0.09456437081098557,0.9786603009259259,0.021339699074074073,0,0
line_train_0074,train,line,0.0,0.8814548850059509,0.0017513727070763707,0.01975170150399208,0.0,1.0,0.000523881521075964,0.02183428220450878,0,-0.07405753433704376,0.07388612627983093,-0.001903687254525721,0.009351509623229504,-0.9820112586021423,0.9932713508605957,0.0003166488604620099,0.12482812255620956,0.9623842592592593,0.03761574074074074,0,0
line_train_0075,train,line,0.0,1.0,0.02181164361536503,0.09406592696905136,0.0,0.9964309930801392,0.003361681243404746,0.05586986988782883,0,-0.07367832213640213,0.07500000298023224,-0.0023572042118757963,0.013414671644568443,-0.9993054270744324,0.999998927116394,-0.00011236000136705115,0.15501812100410461,0.9435763888888888,0.05642361111111111,0,0
line_train_0076,train,line,0.0,0.9245485067367554,0.01119114737957716,0.06938203424215317,0.0,1.0,0.0021536131389439106,0.04413694143295288,0,-0.07450057566165924,0.07455511391162872,0.0006625485839322209,0.010629844851791859,-0.9820112586021423,0.9973381757736206,0.0016762882005423307,0.10961445420980453,0.9714265046296297,0.02857349537037037,0,0
line_train_0077,train,line,0.0,1.0,0.022114742547273636,0.096623495221138,0.0,0.9573010206222534,0.0015751636819913983,0.03708956763148308,0,-0.07411286234855652,0.07500000298023224,-0.0006628318224102259,0.014731205068528652,-0.9820112586021423,0.997345507144928,0.001086984877474606,0.14126135408878326,0.9558738425925926,0.044126157407407406,0,0
line_train_0078,train,line,0.0,0.899516761302948,0.011380638927221298,0.06746687740087509,0.0,1.0,0.0010971518931910396,0.03066221810877323,0,-0.07372584939002991,0.07410933077335358,0.0015746834687888622,0.012066849507391453,-0.9367321133613586,0.9999969601631165,-0.00047199896653182805,0.11387232691049576,0.9696180555555556,0.030381944444444444,0,0
line_train_0079,train,line,0.0,1.0,0.0063257780857384205,0.04564294591546059,0.0,0.948078989982605,0.0006151961861178279,0.022970611229538918,0,-0.047043703496456146,0.008113875985145569,-0.0006671689916402102,0.004250279627740383,-0.950625479221344,0.9766644239425659,0.0038662070874124765,0.10793785750865936,0.9743923611111112,0.025607638888888888,0,0
line_train_0080,train,line,0.0,1.0,0.006303137168288231,0.04614775627851486,0.0,0.9543570280075073,0.0012875436805188656,0.03320598229765892,0,-0.07411286234855652,0.0747220367193222,-0.0011676860740408301,0.009839195758104324,-0.9820112586021423,0.9999964833259583,-0.0003878561838064343,0.09978820383548737,0.9808304398148148,0.019169560185185185,0,0
line_train_0081,train,line,0.0,0.9145917296409607,0.010277454741299152,0.06399031728506088,0.0,1.0,0.0004984881961718202,0.02082750014960766,0,-0.02000001072883606,0.04780039191246033,0.0007963980897329748,0.00556119903922081,-0.9943734407424927,0.9766571521759033,0.0003129800606984645,0.14150139689445496,0.9544270833333334,0.045572916666666664,0,0
line_train_0082,train,line,0.0,1.0,0.004019535146653652,0.041946891695261,0.0,0.9197189807891846,0.0009584568906575441,0.028232470154762268,0,-0.011075571179389954,0.05124610662460327,0.000573983765207231,0.004394956864416599,-0.998612105846405,0.9517656564712524,-0.003328601596876979,0.09420053660869598,0.9765625,0.0234375,0,0
line_train_0083,train,line,0.0,0.9283568263053894,0.0021081273443996906,0.019014080986380577,0.0,1.0,0.0010945898247882724,0.03132225573062897,0,-0.07389162480831146,0.0747220367193222,-0.00217935792170465,0.011170835234224796,-0.9991823434829712,0.9999964833259583,-0.0035173457581549883,0.1410769820213318,0.9540653935185185,0.04593460648148148,0,0
line_train_0084,train,line,0.0,0.9817001223564148,0.010464678518474102,0.06399460881948471,0.0,1.0,0.0007250956841744483,0.025745147839188576,0,-0.04559693485498428,0.024928554892539978,-0.0005250193062238395,0.004344498738646507,-0.998612105846405,0.9766644239425659,-0.0006234580068849027,0.1323801875114441,0.9623842592592593,0.03761574074074074,0,0
line_train_0085,train,line,0.0,0.9988992214202881,0.02396451309323311,0.09740962833166122,0.0,1.0,0.002939321333542466,0.05103932321071625,0,-0.07411286234855652,0.07500000298023224,0.0008781533106230199,0.016133783385157585,-0.9820112586021423,0.9999969601631165,0.0020408127456903458,0.1588767021894455,0.9453125,0.0546875,0,0
line_train_0086,train,line,0.0,0.8758131861686707,0.0033016493543982506,0.031484849750995636,0.0,1.0,0.00045017432421445847,0.020075080916285515,0,-0.06692276895046234,0.0,-0.0007926654070615768,0.0059444778598845005,-0.9768810272216797,0.9846839904785156,-0.002212885534390807,0.08058686554431915,0.9851707175925926,0.014829282407407407,0,0
line_train_0087,train,line,0.0,0.9144002199172974,0.010214081965386868,0.057105161249637604,0.0,1.0,0.0010580457746982574,0.030317969620227814,0,-0.05605853348970413,0.026139140129089355,-0.0008601541630923748,0.0057157473638653755,-0.998612105846405,0.9766644239425659,0.001464545726776123,0.14292924106121063,0.9547887731481481,0.04521122685185185,0,0
line_train_0088,train,line,0.0,0.9291979074478149,0.004460200667381287,0.039699167013168335,0.0,1.0,0.0004052250296808779,0.018257277086377144,0,-0.047043703496456146,0.0,-0.0004831294936593622,0.003729520132765174,-0.950625479221344,0.9766644239425659,0.0012847625184804201,0.07932376116514206,0.9844473379629629,0.015552662037037037,0,0
line_train_0089,train,line,0.0,0.9887265563011169,0.011160858906805515,0.07304748892784119,0.0,1.0,0.0002939045079983771,0.015624516643583775,0,-0.07372584939002991,0.07410933077335358,-0.000196029432117939,0.011079012416303158,-0.9256714582443237,0.977294921875,0.000972311943769455,0.09095655381679535,0.9801070601851852,0.019892939814814815,0,0
line_train_0090,train,line,0.0,0.8656209707260132,0.008801610209047794,0.06048765778541565,0.0,1.0,0.0006313234334811568,0.02268679253757,0,-0.07000000774860382,0.0,-0.0015551157994195819,0.009390685707330704,-0.9745883345603943,0.999998927116394,0.0022393804974853992,0.09745274484157562,0.9793836805555556,0.020616319444444444,0,0
line_train_0091,train,line,0.0,0.8875894546508789,0.007009850814938545,0.05114058777689934,0.0,1.0,0.0003200546489097178,0.016933204606175423,0,-0.04264545440673828,0.012249812483787537,-0.0004321920278016478,0.003326045349240303,-0.950625479221344,0.9766644239425659,0.003014578018337488,0.10034339874982834,0.9790219907407407,0.02097800925925926,0,0
line_train_0092,train,line,0.0,0.9287542700767517,0.010184097103774548,0.07197616249322891,0.0,1.0,0.0007678254623897374,0.026175515726208687,0,-0.07389162480831146,0.07500000298023224,0.0007619679090566933,0.01024441048502922,-0.9367321133613586,0.9999969601631165,-0.0003339050163049251,0.09449654817581177,0.9797453703703703,0.02025462962962963,0,0
line_train_0093,train,line,0.0,0.8151274919509888,0.010006275027990341,0.0497681125998497,0.0,1.0,0.0004432419955264777,0.019764255732297897,0,-0.07483351975679398,0.07433034479618073,-0.0022227878216654062,0.012030529789626598,-0.9993054270744324,0.999998927116394,0.0025467281229794025,0.13763968646526337,0.9558738425925926,0.044126157407407406,0,0
line_train_0094,train,line,0.0,0.889220118522644,0.006492855958640575,0.04406150430440903,0.0,1.0,0.0013232891215011477,0.03353871405124664,0,-0.043933987617492676,0.036681532859802246,-0.0002072285278700292,0.005226171109825373,-0.9943734407424927,0.9614124894142151,0.0016077510081231594,0.13754414021968842,0.9576822916666666,0.042317708333333336,0,0
line_train_0095,train,line,0.0,0.9229230284690857,0.002047610003501177,0.01985306851565838,0.0,1.0,0.0005553441005758941,0.021997828036546707,0,-0.06978271901607513,0.0,-0.0022172818426042795,0.009840135462582111,-0.994807243347168,0.9999964833259583,0.0007390619721263647,0.14458967745304108,0.9547887731481481,0.04521122685185185,0,0
line_train_0096,train,line,0.0,0.8615298271179199,0.009212244302034378,0.05509636178612709,0.0,1.0,0.0004714696842711419,0.019837327301502228,0,-0.07433627545833588,0.07500000298023224,0.0014035492204129696,0.012181510217487812,-0.9993054270744324,0.9999994039535522,0.004139564465731382,0.11983488500118256,0.9691840277777778,0.030815972222222224,0,0
line_train_0097,train,line,0.0,0.9883952140808105,0.01691558212041855,0.07703161239624023,0.0,1.0,0.0005530758644454181,0.02300572209060192,0,-0.07483351975679398,0.07500000298023224,-0.0010405660141259432,0.014422845095396042,-0.9993054270744324,0.9999994039535522,0.0002170163788832724,0.13722965121269226,0.9555121527777778,0.044487847222222224,0,0
line_train_0098,train,line,0.0,0.9413058161735535,0.006182757671922445,0.044676072895526886,0.0,1.0,0.0006958433659747243,0.023993544280529022,0,-0.07405753433704376,0.0747220367193222,-0.0004721462610177696,0.010175930336117744,-0.9152344465255737,0.9999964833259583,0.0019967618864029646,0.09205694496631622,0.9808304398148148,0.019169560185185185,0,0
line_train_0099,train,line,0.0,0.8878164291381836,0.006927527021616697,0.053587865084409714,0.0,1.0,0.0003208187990821898,0.0169464573264122,0,-0.029066137969493866,0.026139140129089355,-3.0192744816304184e-05,0.002215055050328374,-0.998612105846405,0.9766644239425659,0.001302308519370854,0.10379035770893097,0.9793836805555556,0.020616319444444444,0,0
line_train_0100,train,line,0.0,0.9086325168609619,0.007850050926208496,0.057583924382925034,0.0,1.0,0.00039347264100797474,0.018937885761260986,0,-0.029895886778831482,0.01918923854827881,-0.00021340750390663743,0.002698473632335663,-0.961885392665863,0.9766571521759033,0.0023823250085115433,0.10903622210025787,0.9735966435185185,0.026403356481481483,0,0
line_train_0101,train,line,0.0,0.9523147344589233,0.006176227703690529,0.03596125543117523,0.0,1.0,0.0018868378829210997,0.042007025331258774,0,-0.07438972592353821,0.07455511391162872,-0.0023439619690179825,0.01087139267474413,-0.994807243347168,0.9999964833259583,-0.0011101581621915102,0.14166611433029175,0.9547887731481481,0.04521122685185185,0,0
line_train_0102,train,line,0.0,0.9973381161689758,0.007389902137219906,0.05748340114951134,0.0,1.0,0.0008477132651023567,0.026835203170776367,0,0.0,0.056155264377593994,0.0007402014452964067,0.005123699549585581,-0.9367321133613586,0.9999969601631165,0.00021487039339262992,0.08799704164266586,0.9822048611111112,0.017795138888888888,0,0
line_train_0103,train,line,0.0,0.9008367657661438,0.0037975346203893423,0.03676111623644829,0.0,1.0,0.0003138981410302222,0.016592390835285187,0,-0.03500000387430191,0.008902475237846375,-0.00039705634117126465,0.0031737154349684715,-0.8999997973442078,0.9766571521759033,0.0018159280298277736,0.09511417895555496,0.9786603009259259,0.021339699074074073,0,0
line_train_0104,train,line,0.0,0.9584712982177734,0.0050486302934587,0.038018740713596344,0.0,1.0,0.00025472865672782063,0.015049322508275509,0,-0.07103495299816132,0.0,-0.0011587978806346655,0.0072585721500217915,-0.9783591032028198,0.9999964833259583,8.377129415748641e-05,0.09804082661867142,0.9772135416666666,0.022786458333333332,0,0
line_train_0105,train,line,0.0,0.8395854234695435,0.016282275319099426,0.07655449211597443,0.0,1.0,0.0018932662205770612,0.040248796343803406,0,-0.07494446635246277,0.07499998807907104,0.0017398757627233863,0.013150845654308796,-0.9820112586021423,0.9999969601631165,-0.0011617972049862146,0.13359057903289795,0.9569589120370371,0.043041087962962965,0,0
line_train_0106,train,line,0.0,1.0,0.009268486872315407,0.06694438308477402,0.0,0.9838489890098572,0.00038869789568707347,0.018728839233517647,0,-0.06000000238418579,0.0,-0.0013914246810600162,0.007616767194122076,-0.9425351619720459,0.999998927116394,0.003752592485398054,0.11434542387723923,0.9728732638888888,0.027126736111111112,0,0
line_train_0107,train,line,0.0,1.0,0.014538220129907131,0.07802116870880127,0.0,0.964676022529602,0.000438815652159974,0.019604520872235298,0,-0.07477790117263794,0.07455511391162872,0.0015887117478996515,0.011397967115044594,-0.949177622795105,0.9649819135665894,0.0009173230500891805,0.11729436367750168,0.9670862268518519,0.03291377314814815,0,0
line_train_0108,train,line,0.0,0.8456666469573975,0.00723594194278121,0.04677996039390564,0.0,1.0,0.0011229324154555798,0.029972612857818604,0,-0.07367832213640213,0.07500000298023224,-0.0021473083179444075,0.0124592250213027,-0.956943690776825,0.999998927116394,0.0018216229509562254,0.14391469955444336,0.9509548611111112,0.04904513888888889,0,0
line_train_0109,train,line,0.0,0.9764852523803711,0.007145595271140337,0.04796148091554642,0.0,1.0,0.0010684014996513724,0.031430356204509735,0,-0.004226207733154297,0.05554802715778351,0.0011098927352577448,0.006148023065179586,-0.9943734407424927,0.9649819135665894,0.0005679982132278383,0.12236667424440384,0.9663628472222222,0.033637152777777776,0,0
line_train_0110,train,line,0.0,0.9787886142730713,0.0010483694495633245,0.013332529924809933,0.0,1.0,0.0022238397505134344,0.045506834983825684,0,-0.07389162480831146,0.07500000298023224,-0.001420418033376336,0.008517597801983356,-0.9991823434829712,0.9999964833259583,0.0005429951124824584,0.11412198841571808,0.9717881944444444,0.028211805555555556,0,0
line_train_0111,train,line,0.0,0.9514675736427307,0.009328002110123634,0.054031189531087875,0.0,1.0,0.0016713084187358618,0.039364274591207504,0,-0.04559693485498428,0.033575594425201416,-0.0003421241126488894,0.004801751114428043,-0.998612105846405,0.9766644239425659,-0.001127064460888505,0.14194278419017792,0.9547887731481481,0.04521122685185185,0,0
line_train_0112,train,line,0.0,0.8975347280502319,0.00414321618154645,0.040392886847257614,0.0,1.0,0.0004328970971982926,0.019342932850122452,0,-0.011706843972206116,0.04602295160293579,0.0004897355102002621,0.003697821171954274,-0.93541419506073,0.9517656564712524,-0.00041612121276557446,0.09343165904283524,0.9797453703703703,0.02025462962962963,0,0
line_train_0113,train,line,0.0,0.9479095339775085,0.003558881115168333,0.0284795630723238,0.0,1.0,0.0003145862719975412,0.016681378707289696,0,-0.06073029339313507,0.0,-0.0009817465906962752,0.006067485548555851,-0.9783591032028198,0.9846839904785156,0.0005088564357720315,0.09821817278862,0.9761284722222222,0.023871527777777776,0,0
line_train_0114,train,line,0.0,0.8775116801261902,0.0044869487173855305,0.03879342973232269,0.0,1.0,0.00037602928932756186,0.018155593425035477,0,0.0,0.07051075994968414,0.0009874157840386033,0.00706626009196043,-0.7981081008911133,0.9649965167045593,0.002098995726555586,0.07773657888174057,0.9830005787037037,0.016999421296296297,0,0
line_train_0115,train,line,0.0,0.9270066022872925,0.008886398747563362,0.051204927265644073,0.0,1.0,0.00036834203638136387,0.017778879031538963,0,-0.07196491956710815,0.07500000298023224,0.0018560499884188175,0.009515399113297462,-0.966776430606842,0.9999969601631165,0.0009182735811918974,0.12160387635231018,0.9660011574074074,0.033998842592592594,0,0
line_train_0116,train,line,0.0,0.9285836219787598,0.01827889494597912,0.08313731104135513,0.0,1.0,0.0019040447659790516,0.0399775505065918,0,-0.07477790117263794,0.07461076974868774,0.0016217830125242472,0.014466174878180027,-0.9820112586021423,0.9649819135665894,0.0012285703560337424,0.1370171755552292,0.9544270833333334,0.045572916666666664,0,0
line_train_0117,train,line,0.0,1.0,0.005186526104807854,0.047536153346300125,0.0,0.9851779937744141,0.0005421683890745044,0.022548647597432137,0,-0.015000000596046448,0.028465673327445984,0.000220119662117213,0.002675403840839863,-0.9607370495796204,0.9517656564712524,-0.0020435694605112076,0.10825058817863464,0.97265625,0.02734375,0,0
line_train_0118,train,line,0.0,0.813633918762207,0.011036532931029797,0.05523895099759102,0.0,1.0,0.0015699664363637567,0.03639844059944153,0,-0.07483351975679398,0.07500000298023224,0.0010023692157119513,0.013615129515528679,-0.9993054270744324,0.9999994039535522,0.0039138528518378735,0.1315307319164276,0.9573206018518519,0.04267939814814815,0,0
line_train_0119,train,line,0.0,0.9976813793182373,0.009348488412797451,0.060477662831544876,0.0,1.0,0.00027765953564085066,0.01633911207318306,0,-0.07494446635246277,0.07499998807907104,-0.0011989973718300462,0.010132388211786747,-0.9770127534866333,0.9999964833259583,0.00039989128708839417,0.09386561065912247,0.9790219907407407,0.02097800925925926,0,0
line_train_0120,train,line,0.0,0.8770837783813477,0.01299352291971445,0.07239120453596115,0.0,1.0,0.0002648727677296847,0.015611937269568443,0,-0.07384227216243744,0.07500000298023224,0.0008834588224999607,0.011684847995638847,-0.9993054270744324,0.9999994039535522,0.0034686243161559105,0.11017103493213654,0.9754050925925926,0.02459490740740741,0,0
line_train_0121,train,line,0.0,0.9479939341545105,0.010510544292628765,0.06617679446935654,0.0,1.0,0.0020717387087643147,0.043767526745796204,0,-0.04500000923871994,0.018671274185180664,-0.0008312223944813013,0.005628487560898066,-0.9607370495796204,0.9766571521759033,0.0031990977004170418,0.14261221885681152,0.9551504629629629,0.044849537037037035,0,0
line_train_0122,train,line,0.0,0.8063066005706787,0.007635817397385836,0.053278807550668716,0.0,1.0,0.0006448759231716394,0.022636471316218376,0,-0.07494446635246277,0.07499998807907104,-0.0011619104770943522,0.010433346964418888,-0.9820112586021423,0.9999964833259583,0.0015455915126949549,0.09507562965154648,0.9801070601851852,0.019892939814814815,0,0
line_train_0123,train,line,0.0,0.985817015171051,0.012893606908619404,0.06693968176841736,0.0,1.0,0.0011360320495441556,0.030980762094259262,0,-0.07384227216243744,0.07500000298023224,0.0017624057363718748,0.011760578490793705,-0.9993054270744324,0.9999994039535522,0.0055850776843726635,0.12075652182102203,0.9674479166666666,0.032552083333333336,0,0
line_train_0124,train,line,0.0,1.0,0.004541697446256876,0.04288266971707344,0.0,0.9958599805831909,0.00040698397788219154,0.019551299512386322,0,-0.06253572553396225,0.0,-0.0007781198946759105,0.005692897830158472,-0.956943690776825,0.999998927116394,-0.0005855676718056202,0.08234233409166336,0.9840856481481481,0.015914351851851853,0,0
line_train_0125,train,line,0.0,0.9978466033935547,0.007733557838946581,0.05261198803782463,0.0,1.0,0.0002754394372459501,0.01620117574930191,0,-0.07438972592353821,0.07461076974868774,-0.0010889718541875482,0.010116029530763626,-0.9820112586021423,0.9999964833259583,-0.001071679755114019,0.09848703444004059,0.9779369212962963,0.022063078703703703,0,0
line_train_0126,train,line,0.0,0.9984304308891296,0.011658642441034317,0.07105419784784317,0.0,1.0,0.0011150025529786944,0.03278440609574318,0,-0.07384227216243744,0.07433034479618073,-0.001521677477285266,0.008678555488586426,-0.9993054270744324,0.999998927116394,-0.00046353263314813375,0.1048659235239029,0.9732349537037037,0.026765046296296297,0,0
line_train_0127,train,line,0.0,0.9833963513374329,0.015391387045383453,0.07488144189119339,0.0,1.0,0.0011406672419980168,0.032541897147893906,0,-0.07361537218093872,0.07410933077335358,0.002263417234644294,0.01110098883509636,-0.966776430606842,0.9999969601631165,0.0016753680538386106,0.1403176337480545,0.9558738425925926,0.044126157407407406,0,0
line_train_0128,train,line,0.0,0.8750062584877014,0.015936635434627533,0.07778437435626984,0.0,1.0,0.0013240799307823181,0.03354145959019661,0,-0.07411286234855652,0.0747220367193222,-0.0006999985198490322,0.013889375142753124,-0.9820112586021423,0.9999964833259583,0.0006280482048168778,0.13155581057071686,0.9645543981481481,0.03544560185185185,0,0
line_train_0129,train,line,0.0,0.934876561164856,0.006283541675657034,0.04498805105686188,0.0,1.0,0.0006814788794144988,0.02535833604633808,0,-0.004226207733154297,0.06272047758102417,0.0015537043800577521,0.0075265029445290565,-0.998612105846405,0.9649965167045593,-0.0014418878126889467,0.13267405331134796,0.9574652777777778,0.042534722222222224,0,0
line_train_0130,train,line,0.0,0.9757030606269836,0.018478820100426674,0.10451304912567139,0.0,1.0,0.0015004886081442237,0.037615180015563965,0,-0.07411286234855652,0.07388611137866974,0.0016689568292349577,0.00997787993401289,-0.9667691588401794,0.9969497919082642,0.0038312373217195272,0.10459214448928833,0.9769965277777778,0.023003472222222224,0,0
line_train_0131,train,line,0.0,0.9803162217140198,0.007643369026482105,0.04540198668837547,0.0,1.0,0.00043425310286693275,0.01946873776614666,0,-0.07389162480831146,0.07500000298023224,-0.0016734482487663627,0.013758520595729351,-0.9986152648925781,0.9999964833259583,-0.0015569976530969143,0.13899864256381989,0.9558738425925926,0.044126157407407406,0,0
line_train_0132,train,line,0.0,0.842025101184845,0.014035171829164028,0.07872721552848816,0.0,1.0,0.001530345412902534,0.03683417662978172,0,-0.07483351975679398,0.07500000298023224,-8.162517769960687e-05,0.011225612834095955,-0.9425351619720459,0.9999994039535522,0.0015149483224377036,0.10811257362365723,0.9725115740740741,0.027488425925925927,0,0
line_train_0133,train,line,0.0,0.9035080671310425,0.015256051905453205,0.07874766737222672,0.0,1.0,0.0011451536556705832,0.03184313327074051,0,-0.03456604480743408,0.04474341869354248,0.0004026332462672144,0.005251946393400431,-0.998612105846405,0.9766644239425659,0.0003154496953357011,0.1578829437494278,0.9444444444444444,0.05555555555555555,0,0
line_train_0134,train,line,0.0,0.981198251247406,0.007272228132933378,0.04759830981492996,0.0,1.0,0.00044559742673300207,0.019844476133584976,0,-0.07494446635246277,0.07499998807907104,-0.0014490492176264524,0.011082613840699196,-0.9928953647613525,0.9999964833259583,-0.0003299869713373482,0.1054995208978653,0.9743200231481481,0.025679976851851853,0,0
line_train_0135,train,line,0.0,0.978727400302887,0.011089676059782505,0.070562444627285,0.0,1.0,0.0005211223615333438,0.021715085953474045,0,-0.07494446635246277,0.07455511391162872,0.0005918310489505529,0.011787174269557,-0.9820112586021423,0.9772876501083374,-0.001195188146084547,0.10294165462255478,0.9748263888888888,0.025173611111111112,0,0
line_train_0136,train,line,0.0,0.8102447390556335,0.010289478115737438,0.06600846350193024,0.0,1.0,0.0009573608986102045,0.028398877009749413,0,-0.07450057566165924,0.07276667654514313,0.0008073117351159453,0.008904308080673218,-0.9820112586021423,0.9649819135665894,0.0024397983215749264,0.09426390379667282,0.9787326388888888,0.021267361111111112,0,0
line_train_0137,train,line,0.0,1.0,0.010281656868755817,0.05690966174006462,0.0,0.9927219748497009,0.0004725630860775709,0.021028660237789154,0,-0.07494446635246277,0.07499998807907104,-0.000593369419220835,0.012788178399205208,-0.9820112586021423,0.9999964833259583,-0.00023581349523738027,0.11430209875106812,0.9685329861111112,0.03146701388888889,0,0
line_train_0138,train,line,0.0,0.8773484230041504,0.012603730894625187,0.07873111963272095,0.0,1.0,0.00041496381163597107,0.01865704357624054,0,-0.07494446635246277,0.07455511391162872,0.00033307410194538534,0.01155862770974636,-0.9820112586021423,0.9772876501083374,-0.00014242225734051317,0.0949292853474617,0.9772135416666666,0.022786458333333332,0,0
line_train_0139,train,line,0.0,0.9017295837402344,0.004361736122518778,0.03596900403499603,0.0,1.0,0.00032813765574246645,0.017311474308371544,0,-0.05944615602493286,0.0023154616355895996,-0.0012580656912177801,0.006739077158272266,-0.9913396239280701,0.9766571521759033,0.002163700293749571,0.12206535041332245,0.9656394675925926,0.034360532407407406,0,0
line_train_0140,train,line,0.0,0.9065624475479126,0.007616836577653885,0.044714778661727905,0.0,1.0,0.0018747770227491856,0.04056056961417198,0,-0.07411286234855652,0.07388612627983093,-0.0003759944811463356,0.011315373703837395,-0.9820112586021423,0.9969497919082642,0.0013770170044153929,0.1131361722946167,0.9735966435185185,0.026403356481481483,0,0
line_train_0141,train,line,0.0,0.9823096394538879,0.02116287127137184,0.08942592889070511,0.0,1.0,0.0011714465217664838,0.03250786289572716,0,-0.07389162480831146,0.07500000298023224,0.0026964496355503798,0.013566473498940468,-0.966776430606842,0.9999969601631165,0.0016514406306669116,0.15473686158657074,0.9427083333333334,0.057291666666666664,0,0
line_train_0142,train,line,0.0,0.9799953103065491,0.007406515534967184,0.05001671612262726,0.0,1.0,0.0005598411080427468,0.022094974294304848,0,0.0,0.06731313467025757,0.0013304626336321235,0.0074987211264669895,-0.9943734407424927,0.9640410542488098,-0.0006898251012898982,0.10883863270282745,0.9714265046296297,0.02857349537037037,0,0
line_train_0143,train,line,0.0,0.8701471090316772,0.008236340247094631,0.04211601987481117,0.0,1.0,0.0019362537423148751,0.0410446934401989,0,-0.07405753433704376,0.0747220367193222,-0.002153645735234022,0.012183639220893383,-0.9820112586021423,0.9999964833259583,-0.0025403809268027544,0.14185523986816406,0.9547887731481481,0.04521122685185185,0,0
line_train_0144,train,line,0.0,0.8864485621452332,0.006675774231553078,0.047839898616075516,0.0,1.0,0.00044229827472008765,0.019721053540706635,0,-0.037194862961769104,0.017705097794532776,-0.0003529378736857325,0.003110278630629182,-0.998612105846405,0.9766644239425659,0.0018557717557996511,0.11135295033454895,0.9764901620370371,0.02350983796296296,0,0
line_train_0145,train,line,0.0,0.8860644698143005,0.006757206749171019,0.04425552114844322,0.0,1.0,0.0004596357757691294,0.020470326766371727,0,-0.042064838111400604,0.022191748023033142,-0.00042960079736076295,0.003861087840050459,-0.998612105846405,0.9766644239425659,0.001313036191277206,0.12194313853979111,0.9703414351851852,0.029658564814814815,0,0
line_train_0146,train,line,0.0,0.8289825320243835,0.006607996299862862,0.04321957752108574,0.0,1.0,0.0014499807730317116,0.035011641681194305,0,-0.07389162480831146,0.07500000298023224,-0.0010411507682874799,0.010802709497511387,-0.9986152648925781,0.9999964833259583,0.0006713704788126051,0.1016477644443512,0.9764901620370371,0.02350983796296296,0,0
line_train_0147,train,line,0.0,1.0,0.014949151314795017,0.07723537087440491,0.0,0.998881995677948,0.0011686475481837988,0.032455604523420334,0,-0.011706843972206116,0.0729910284280777,0.001931007718667388,0.008868664503097534,-0.966776430606842,0.9999969601631165,-4.671884744311683e-05,0.14119914174079895,0.9544270833333334,0.045572916666666664,0,0
line_train_0148,train,line,0.0,0.914922297000885,0.009203832596540451,0.05526195093989372,0.0,1.0,0.0010962521191686392,0.029789412394165993,0,-0.07433627545833588,0.07433034479618073,-0.001490614260546863,0.010708106681704521,-0.9993054270744324,0.999998927116394,8.144354069372639e-05,0.10766109079122543,0.9725115740740741,0.027488425925925927,0,0
line_train_0149,train,line,0.0,0.8685938715934753,0.015642259269952774,0.0819060206413269,0.0,1.0,0.00032256165286526084,0.01701415330171585,0,-0.07494446635246277,0.07499998807907104,-0.00019795895786955953,0.012936570681631565,-0.9820112586021423,0.9999969601631165,-0.0013620279496535659,0.1192532330751419,0.9681712962962963,0.031828703703703706,0,0
line_train_0150,train,line,0.0,0.9622212052345276,0.007750823628157377,0.05312084034085274,0.0,1.0,0.0027461829595267773,0.047906339168548584,0,-0.04500000923871994,0.008902475237846375,-0.0011514617362990975,0.005944269243627787,-0.8999997973442078,0.9766571521759033,0.003313767956569791,0.13745582103729248,0.9557291666666666,0.044270833333333336,0,0
line_train_0151,train,line,0.0,0.9362059831619263,0.01224792655557394,0.067207470536232,0.0,1.0,0.0007354646804742515,0.026152336969971657,0,-0.07411286234855652,0.0747220367193222,0.001308563631027937,0.012288584373891354,-0.9820112586021423,0.9999969601631165,0.003704350907355547,0.11953455209732056,0.9681712962962963,0.031828703703703706,0,0
line_train_0152,train,line,0.0,0.9954171180725098,0.004941348452121019,0.041886452585458755,0.0,1.0,0.00023459491785615683,0.013951227068901062,0,-0.07300883531570435,0.0,-0.0009292242466472089,0.006885617505759001,-0.9928953647613525,0.9772876501083374,-0.0006491665844805539,0.08237119764089584,0.9851707175925926,0.014829282407407407,0,0
line_train_0153,train,line,0.0,0.9386744499206543,0.009175133891403675,0.061061009764671326,0.0,1.0,0.0023148315958678722,0.04428791254758835,0,-0.03327383100986481,0.02923448383808136,-0.0001099010551115498,0.0036419967655092478,-0.998612105846405,0.9614124894142151,-0.00020726384536828846,0.13827037811279297,0.9613715277777778,0.038628472222222224,0,0
line_train_0154,train,line,0.0,0.9103057980537415,0.00392953772097826,0.03242156282067299,0.0,1.0,0.0005543085280805826,0.021888216957449913,0,-0.052917562425136566,0.0,-0.0007626190781593323,0.005158220883458853,-0.9913396239280701,0.9766644239425659,0.0007577624055556953,0.08483648300170898,0.9819155092592593,0.01808449074074074,0,0
line_train_0155,train,line,0.0,0.8720797896385193,0.004586190450936556,0.029443997889757156,0.0,1.0,0.00042528414633125067,0.019056783989071846,0,-0.06913208961486816,0.0,-0.0016083570662885904,0.008212411776185036,-0.9768810272216797,0.9999964833259583,0.0001731788070173934,0.11890212446451187,0.9663628472222222,0.033637152777777776,0,0
line_train_0156,train,line,0.0,0.8859601020812988,0.004464391153305769,0.036889493465423584,0.0,1.0,0.0004614038625732064,0.01935253106057644,0,-0.051511429250240326,0.0,-0.0006324483547359705,0.004479244351387024,-0.950625479221344,0.9766644239425659,0.001319172908551991,0.08649498969316483,0.9808304398148148,0.019169560185185185,0,0
line_train_0157,train,line,0.0,0.865345299243927,0.011302854865789413,0.05998948961496353,0.0,1.0,0.0011716601438820362,0.03253713995218277,0,-0.044524893164634705,0.02923448383808136,-0.000583039945922792,0.005450165830552578,-0.998612105846405,0.9766644239425659,0.0017669110093265772,0.16173824667930603,0.9461805555555556,0.05381944444444445,0,0
line_train_0158,train,line,0.0,0.88746577501297,0.010441767051815987,0.07063434273004532,0.0,1.0,0.0004959986545145512,0.020745616406202316,0,-0.07372584939002991,0.07500000298023224,0.00038352346746250987,0.010070647113025188,-0.9325755834579468,0.9999969601631165,0.00020551274064928293,0.0860985517501831,0.9822048611111112,0.017795138888888888,0,0
line_train_0159,train,line,0.0,0.8268221020698547,0.017981072887778282,0.07910405099391937,0.0,1.0,0.0017704589990898967,0.03780483081936836,0,-0.07389162480831146,0.07500000298023224,0.0019981663208454847,0.01337256096303463,-0.966776430606842,0.9999969601631165,0.0019110747380182147,0.13812564313411713,0.9555121527777778,0.044487847222222224,0,0
cross_train_0000,train,cross,0.0,1.0,0.010448980145156384,0.058830324560403824,0.0,0.9930559992790222,0.0024912282824516296,0.04753847420215607,0,-0.05447514355182648,0.011012420058250427,-0.0013754777610301971,0.006675482727587223,-0.998612105846405,0.9766644239425659,0.0018288606079295278,0.14723865687847137,0.9548611111111112,0.04513888888888889,0,0
cross_train_0001,train,cross,0.0,0.9434105157852173,0.014307178556919098,0.0755515769124031,0.0,1.0,0.0008824277319945395,0.027226220816373825,0,-0.025000005960464478,0.04300259053707123,0.0005959970294497907,0.005467636045068502,-0.9943734407424927,0.9766571521759033,0.0007211233605630696,0.15570701658725739,0.9457465277777778,0.054253472222222224,0,0
cross_train_0002,train,cross,0.0,0.9508361220359802,0.005153336562216282,0.03419651463627815,0.0,1.0,0.0008502249256707728,0.027791351079940796,0,-0.0650000125169754,0.0,-0.002065318403765559,0.00948928389698267,-0.9783591032028198,0.9999964833259583,0.002210673177614808,0.13999471068382263,0.9596354166666666,0.040364583333333336,0,0
cross_train_0003,train,cross,0.0,0.8925638794898987,0.008328301832079887,0.05298222601413727,0.0,1.0,0.0006522835465148091,0.023327963426709175,0,-0.018470540642738342,0.043132081627845764,0.000639508303720504,0.0045203701592981815,-0.998612105846405,0.9571169018745422,-0.0009650691645219922,0.13447627425193787,0.9609375,0.0390625,0,0
cross_train_0004,train,cross,0.0,0.8144310712814331,0.012752641923725605,0.06292154639959335,0.0,1.0,0.0007496545440517366,0.024710223078727722,0,-0.07411286234855652,0.07500000298023224,0.0007454734877683222,0.014134488999843597,-0.9788332581520081,0.9999969601631165,0.0043761469423770905,0.1278618425130844,0.9639756944444444,0.03602430555555555,0,0
cross_train_0005,train,cross,0.0,0.9362655878067017,0.012701385654509068,0.065822072327137,0.0,1.0,0.0020095952786505222,0.040905535221099854,0,-0.07372584939002991,0.07410933077335358,0.0019534509629011154,0.012673703022301197,-0.9367321133613586,0.9999969601631165,0.0001498681667726487,0.12666116654872894,0.9622395833333334,0.037760416666666664,0,0
cross_train_0006,train,cross,0.0,0.8392429947853088,0.006609963718801737,0.043997976928949356,0.0,1.0,0.0008421942475251853,0.02588219754397869,0,-0.040000006556510925,0.017630532383918762,-0.000619115715380758,0.004463366232812405,-0.9913396239280701,0.9766571521759033,0.0025331724900752306,0.13128909468650818,0.9609375,0.0390625,0,0
cross_train_0007,train,cross,0.0,0.823432981967926,0.011904329992830753,0.059879545122385025,0.0,1.0,0.0007960258517414331,0.02610854245722294,0,-0.07372584939002991,0.07410933077335358,0.0019534509629011154,0.012673703953623772,-0.9367321133613586,0.9999969601631165,0.00014986818132456392,0.12666116654872894,0.9622395833333334,0.037760416666666664,0,0
cross_train_0008,train,cross,0.0,0.87819904088974,0.0066334339790046215,0.034444864839315414,0.0,1.0,0.0025143632665276527,0.04602479934692383,0,-0.07372584939002991,0.07343901693820953,-0.0022450971882790327,0.01294171717017889,-0.9986152648925781,0.9999964833259583,-0.0014946677256375551,0.13864387571811676,0.95703125,0.04296875,0,0
cross_train_0009,train,cross,0.0,0.9944677352905273,0.008240651339292526,0.046806514263153076,0.0,1.0,0.0009432408842258155,0.02870168536901474,0,-0.06000000238418579,0.0052417367696762085,-0.0020620664581656456,0.008882999420166016,-0.9913396239280701,0.999998927116394,0.001970283454284072,0.15502984821796417,0.9461805555555556,0.05381944444444445,0,0
cross_train_0010,train,cross,0.0,0.9670871496200562,0.019603800028562546,0.09026402235031128,0.0,1.0,0.0009412624058313668,0.028712043538689613,0,-0.07483351975679398,0.07500000298023224,0.0010096941841766238,0.014445872977375984,-0.9070494771003723,0.9999994039535522,0.008730105124413967,0.13944943249225616,0.9544270833333334,0.045572916666666664,0,0
cross_train_0011,train,cross,0.0,0.8201722502708435,0.013113487511873245,0.07457931339740753,0.0,1.0,0.0004620187683030963,0.01937296986579895,0,-0.07494446635246277,0.07499998807907104,0.00020360546477604657,0.011967696249485016,-0.971254289150238,0.9999969601631165,0.0007765670889057219,0.09321990609169006,0.9765625,0.0234375,0,0
cross_train_0012,train,cross,0.0,0.9501485824584961,0.01905970275402069,0.09716084599494934,0.0,1.0,0.0007528832647949457,0.025669250637292862,0,-0.07483351975679398,0.07500000298023224,0.00022803178580943495,0.013302133418619633,-0.9070494771003723,0.9999994039535522,0.005068173166364431,0.11448322981595993,0.9700520833333334,0.029947916666666668,0,0
cross_train_0013,train,cross,0.0,0.8737286925315857,0.02501501888036728,0.10072346031665802,0.0,1.0,0.0033118438441306353,0.05417219176888466,0,-0.07483351975679398,0.07500000298023224,-0.0012600491754710674,0.015849407762289047,-0.9993054270744324,0.999998927116394,0.0037107376847416162,0.1545650213956833,0.9461805555555556,0.05381944444444445,0,0
cross_train_0014,train,cross,0.0,0.8683887124061584,0.00889554526656866,0.04821736365556717,0.0,1.0,0.0023060196544975042,0.04327082261443138,0,-0.07477790117263794,0.0,-0.0032281489111483097,0.012385889887809753,-0.994807243347168,0.9999964833259583,0.0002946110616903752,0.15425673127174377,0.9466145833333334,0.053385416666666664,0,0
cross_train_0015,train,cross,0.0,0.8088095784187317,0.022762978449463844,0.09084831178188324,0.0,1.0,0.0023654212709516287,0.044324882328510284,0,-0.07384227216243744,0.07500000298023224,-0.0008369444403797388,0.016192371025681496,-0.9993054270744324,0.9999994039535522,0.0012902611633762717,0.15324069559574127,0.9505208333333334,0.049479166666666664,0,0
cross_train_0016,train,cross,0.0,0.910323977470398,0.007240244187414646,0.045294251292943954,0.0,1.0,0.001138841500505805,0.03161171078681946,0,-0.027423501014709473,0.04474341869354248,0.0005950774648226798,0.004962591920047998,-0.998612105846405,0.9571169018745422,-0.0014380218926817179,0.1545005738735199,0.9461805555555556,0.05381944444444445,0,0
cross_train_0017,train,cross,0.0,0.8623707294464111,0.02534288913011551,0.10455652326345444,0.0,1.0,0.0024100597947835922,0.04455452039837837,0,-0.07477790117263794,0.07461076974868774,-0.0004986854619346559,0.016094185411930084,-0.9820112586021423,0.9999964833259583,-0.00022867349616717547,0.15406224131584167,0.9444444444444444,0.05555555555555555,0,0
cross_train_0018,train,cross,0.0,0.9019914269447327,0.013528247363865376,0.07218170166015625,0.0,1.0,0.0011158541310578585,0.031078018248081207,0,-0.042995333671569824,0.03398369252681732,-0.00022349065693560988,0.004346955101937056,-0.950625479221344,0.9766644239425659,0.0013609853340312839,0.14272440969944,0.9561631944444444,0.04383680555555555,0,0
cross_train_0019,train,cross,0.0,0.905756950378418,0.01889718323945999,0.08566833287477493,0.0,1.0,0.002852316712960601,0.04958405718207359,0,0.0,0.0720360279083252,0.0030019471887499094,0.011803344823420048,-0.971254289150238,0.9999969601631165,0.0015552780823782086,0.15390729904174805,0.9457465277777778,0.054253472222222224,0,0
cross_train_0020,train,cross,0.0,0.8452227711677551,0.02021644078195095,0.09265583008527756,0.0,1.0,0.0022536430042237043,0.04374617338180542,0,-0.07494446635246277,0.07499998807907104,0.0007237560348585248,0.015184520743787289,-0.9820112586021423,0.9999969601631165,0.0021985690109431744,0.13715754449367523,0.9548611111111112,0.04513888888888889,0,0
cross_train_0021,train,cross,0.0,0.9899343848228455,0.020448172464966774,0.09655909985303879,0.0,1.0,0.001865822239778936,0.04088037461042404,0,-0.07483351975679398,0.07500000298023224,0.0007182774133980274,0.014002838172018528,-0.9070494771003723,0.9999994039535522,0.004018719773739576,0.12378429621458054,0.9631076388888888,0.03689236111111111,0,0
cross_train_0022,train,cross,0.0,0.8994132876396179,0.008878457359969616,0.04857368767261505,0.0,1.0,0.002275321166962385,0.043249182403087616,0,-0.00840197503566742,0.06920309364795685,0.0019353912211954594,0.008665317669510841,-0.9367321133613586,0.9681704044342041,-0.000345076055964455,0.14498476684093475,0.9539930555555556,0.04600694444444445,0,0
cross_train_0023,train,cross,0.0,0.9559398293495178,0.0015191235579550266,0.015915168449282646,0.0,1.0,0.0007733707316219807,0.026299750432372093,0,-0.06282919645309448,0.0020761489868164062,-0.0015900799771770835,0.007663168013095856,-0.9768810272216797,0.9964806437492371,0.002070176415145397,0.13164684176445007,0.9583333333333334,0.041666666666666664,0,0
cross_train_0024,train,cross,0.0,0.8962845802307129,0.024736519902944565,0.09578763693571091,0.0,1.0,0.0031253474298864603,0.052221059799194336,0,-0.07483351975679398,0.07500000298023224,-0.0012600490590557456,0.015849407762289047,-0.9993054270744324,0.999998927116394,0.00371073791757226,0.1545650213956833,0.9461805555555556,0.05381944444444445,0,0
cross_train_0025,train,cross,0.0,0.9593246579170227,0.008877070620656013,0.0545898899435997,0.0,1.0,0.000710987311322242,0.02531108446419239,0,-0.046922363340854645,0.02066047489643097,-0.0006622610962949693,0.004581870045512915,-0.998612105846405,0.9766644239425659,0.0009154959116131067,0.13258381187915802,0.9622395833333334,0.037760416666666664,0,0
cross_train_0026,train,cross,0.0,0.9644448161125183,0.004626428242772818,0.033799465745687485,0.0,1.0,0.0007875539013184607,0.025835784152150154,0,-0.06351533532142639,0.0,-0.0016951150028035045,0.008058781735599041,-0.994807243347168,0.9999964833259583,0.0006290835444815457,0.13378044962882996,0.9596354166666666,0.040364583333333336,0,0
cross_train_0027,train,cross,0.0,0.9318005442619324,0.011063460260629654,0.054084472358226776,0.0,1.0,0.003077602479606867,0.053349122405052185,0,-0.06678342074155807,0.01710774004459381,-0.0017313805874437094,0.007967171259224415,-0.956943690776825,0.999998927116394,0.0013080984354019165,0.156114861369133,0.9448784722222222,0.055121527777777776,0,0
cross_train_0028,train,cross,0.0,0.8473477363586426,0.01973857171833515,0.08512289822101593,0.0,1.0,0.0010340712033212185,0.02883329801261425,0,-0.07483351975679398,0.07500000298023224,0.000591268006246537,0.014746374450623989,-0.9070494771003723,0.9999994039535522,0.009830483235418797,0.14444230496883392,0.953125,0.046875,0,0
cross_train_0029,train,cross,0.0,0.8598082065582275,0.010647744871675968,0.06393539905548096,0.0,1.0,0.0006107133231125772,0.022884320467710495,0,-0.07411286234855652,0.07500000298023224,-0.0010709959315136075,0.011518250219523907,-0.9820112586021423,0.997345507144928,-0.00047055003233253956,0.10663963854312897,0.9761284722222222,0.023871527777777776,0,0
cross_train_0030,train,cross,0.0,0.8808678984642029,0.02092866040766239,0.08630131185054779,0.0,1.0,0.002700491575524211,0.04766194894909859,0,-0.07384227216243744,0.07500000298023224,-0.0009405019227415323,0.016113771125674248,-0.9993054270744324,0.9999994039535522,0.003133026883006096,0.156514510512352,0.9479166666666666,0.052083333333333336,0,0
cross_train_0031,train,cross,0.0,0.8623566627502441,0.009322297759354115,0.05817297473549843,0.0,1.0,0.000924613035749644,0.02748272195458412,0,-0.029169544577598572,0.038679614663124084,0.0002753974695224315,0.0038028848357498646,-0.998612105846405,0.9766644239425659,0.0008147780899889767,0.1330457478761673,0.9622395833333334,0.037760416666666664,0,0
cross_train_0032,train,cross,0.0,0.8813492655754089,0.006417406722903252,0.03593916445970535,0.0,1.0,0.0011321945348754525,0.030038245022296906,0,-0.07000000774860382,0.0,-0.002796793356537819,0.011152924038469791,-0.994807243347168,0.9999964833259583,-0.000934677547775209,0.1590006947517395,0.9466145833333334,0.053385416666666664,0,0
cross_train_0033,train,cross,0.0,0.8459600210189819,0.012848103418946266,0.0669640600681305,0.0,1.0,0.0009469465003348887,0.02886645682156086,0,-0.05000000447034836,0.01918923854827881,-0.0011944674188271165,0.006583245005458593,-0.9913396239280701,0.999998927116394,0.0008922897977754474,0.15328411757946014,0.9448784722222222,0.055121527777777776,0,0
cross_train_0034,train,cross,0.0,0.9009552597999573,0.012843286618590355,0.06000589206814766,0.0,1.0,0.002088759560137987,0.041287895292043686,0,-0.07384227216243744,0.07500000298023224,0.0020794731099158525,0.014435553923249245,-0.9993054270744324,0.9999994039535522,0.0069048041477799416,0.14454782009124756,0.9544270833333334,0.045572916666666664,0,0
cross_train_0035,train,cross,0.0,0.8579743504524231,0.02114761248230934,0.08825701475143433,0.0,1.0,0.003081296104937792,0.050932832062244415,0,-0.07494446635246277,0.07499998807907104,0.0016292063519358635,0.015034402720630169,-0.9820112586021423,0.9999969601631165,0.00030290777795016766,0.14152052998542786,0.9505208333333334,0.049479166666666664,0,0
cross_train_0036,train,cross,0.0,0.9583969712257385,0.013218535110354424,0.06424935162067413,0.0,1.0,0.0009843556908890605,0.029902730137109756,0,-0.07389162480831146,0.07500000298023224,0.002183337230235338,0.013395563699305058,-0.966776430606842,0.9999969601631165,0.0017308557871729136,0.1337980329990387,0.9552951388888888,0.04470486111111111,0,0
cross_train_0037,train,cross,0.0,0.8904236555099487,0.009236431680619717,0.0600346103310585,0.0,1.0,0.000598741986323148,0.02242487668991089,0,0.0,0.06242644786834717,0.001274689333513379,0.007102182134985924,-0.9943734407424927,0.9628074765205383,0.0004195430956315249,0.10502059757709503,0.9700520833333334,0.029947916666666668,0,0
cross_train_0038,train,cross,0.0,0.8619545698165894,0.01217793207615614,0.054112307727336884,0.0,1.0,0.001255102688446641,0.033106155693531036,0,-0.07389162480831146,0.07500000298023224,-0.0024168326053768396,0.015295300632715225,-0.9986152648925781,0.9999969601631165,0.0011044142302125692,0.16486048698425293,0.9366319444444444,0.06336805555555555,0,0
cross_train_0039,train,cross,0.0,0.8787099719047546,0.019668402150273323,0.09188690036535263,0.0,1.0,0.0021728703286498785,0.04349368065595627,0,-0.07483351975679398,0.07500000298023224,0.0005440557724796236,0.014115436933934689,-0.9993054270744324,0.9999994039535522,0.0037379255518317223,0.12425416707992554,0.9644097222222222,0.035590277777777776,0,0
cross_train_0040,train,cross,0.0,0.9227415919303894,0.008757131174206734,0.05498681217432022,0.0,1.0,0.000971837667748332,0.02864622138440609,0,-0.021450400352478027,0.04241880774497986,0.0005540403653867543,0.004313298501074314,-0.998612105846405,0.9571169018745422,-0.002953962655737996,0.13575370609760284,0.9618055555555556,0.03819444444444445,0,0
cross_train_0041,train,cross,0.0,0.8252377510070801,0.01702190563082695,0.07307521253824234,0.0,1.0,0.0024536941200494766,0.045835673809051514,0,-0.07494446635246277,0.07499998807907104,0.0016410333337262273,0.014944062568247318,-0.9820112586021423,0.9999969601631165,0.001403027563355863,0.14031168818473816,0.9505208333333334,0.049479166666666664,0,0
cross_train_0042,train,cross,0.0,0.8785154223442078,0.010681693442165852,0.05205769091844559,0.0,1.0,0.0011343833757564425,0.03158921003341675,0,-0.07405753433704376,0.07388612627983093,0.002413972979411483,0.010530686937272549,-0.998612105846405,0.9640410542488098,-0.0006836334941908717,0.15538103878498077,0.9435763888888888,0.05642361111111111,0,0
cross_train_0043,train,cross,0.0,0.827569305896759,0.010478533804416656,0.051689475774765015,0.0,1.0,0.00270576449111104,0.04634188860654831,0,-0.00919872522354126,0.0691460520029068,0.002216114429756999,0.009359505027532578,-0.998612105846405,0.9628074765205383,-0.0005527437897399068,0.15112225711345673,0.9440104166666666,0.055989583333333336,0,0
cross_train_0044,train,cross,0.0,0.8317004442214966,0.0019457414746284485,0.016161780804395676,0.0,1.0,0.002633137395605445,0.04632868617773056,0,-0.07361538708209991,0.0747220367193222,-0.002356137614697218,0.010539433918893337,-0.9991823434829712,0.9999964833259583,-0.0004898682818748057,0.14080801606178284,0.953125,0.046875,0,0
cross_train_0045,train,cross,0.0,0.8280620574951172,0.008668981492519379,0.044789720326662064,0.0,1.0,0.0009790915064513683,0.029022274538874626,0,-0.06678342074155807,0.01710774004459381,-0.0017313803546130657,0.007967171259224415,-0.956943690776825,0.999998927116394,0.0013080986682325602,0.1561148762702942,0.9448784722222222,0.055121527777777776,0,0
cross_train_0046,train,cross,0.0,0.800000011920929,0.006584804970771074,0.042925622314214706,0.0,1.0,0.0006524659693241119,0.022504903376102448,0,-0.0538230836391449,0.007003173232078552,-0.0009847554611042142,0.005462685599923134,-0.950625479221344,0.9766644239425659,0.0018736436031758785,0.11595158278942108,0.9683159722222222,0.031684027777777776,0,0
cross_train_0047,train,cross,0.0,0.8268665075302124,0.010357155464589596,0.048009008169174194,0.0,1.0,0.0026506169233471155,0.046335186809301376,0,-0.07389162480831146,0.07500000298023224,-0.002254016464576125,0.014470684342086315,-0.9986152648925781,0.9999964833259583,-0.001257308409549296,0.1540841907262802,0.9466145833333334,0.053385416666666664,0,0
cross_train_0048,train,cross,0.0,0.8313021659851074,0.0050638108514249325,0.03672737255692482,0.0,1.0,0.0007547661662101746,0.024930160492658615,0,-0.05807612091302872,0.004434451460838318,-0.0011287322267889977,0.006193116307258606,-0.9913396239280701,0.9766644239425659,0.0033526411280035973,0.11972961574792862,0.96875,0.03125,0,0
cross_train_0049,train,cross,0.0,0.9671366810798645,0.012116609141230583,0.062408749014139175,0.0,1.0,0.000792517967056483,0.02601737342774868,0,0.0,0.07388611137866974,0.0021387040615081787,0.00977866631001234,-0.966776430606842,0.9649965167045593,0.00203300965949893,0.12855537235736847,0.9596354166666666,0.040364583333333336,0,0
cross_train_0050,train,cross,0.0,0.9634180068969727,0.02236511930823326,0.08797997236251831,0.0,1.0,0.0030782686080783606,0.05130831152200699,0,-0.07494446635246277,0.07499998807907104,0.00022500228078570217,0.01728813163936138,-0.9820112586021423,0.9999969601631165,0.0028066099621355534,0.16933731734752655,0.9357638888888888,0.0642361111111111,0,0
cross_train_0051,train,cross,0.0,0.8185690641403198,0.02765534073114395,0.10425535589456558,0.0,1.0,0.0007681626593694091,0.024370858445763588,0,-0.07483351975679398,0.07500000298023224,0.0008017754880711436,0.016186682507395744,-0.9993054270744324,0.9999994039535522,0.005969494581222534,0.1503635048866272,0.9483506944444444,0.05164930555555555,0,0
cross_train_0052,train,cross,0.0,0.8351490497589111,0.006967759691178799,0.03876214474439621,0.0,1.0,0.0010543041862547398,0.030156424269080162,0,-0.07367832213640213,0.07500000298023224,-0.0022098692134022713,0.010123330168426037,-0.9913396239280701,0.999998927116394,0.0034255257342010736,0.14374074339866638,0.953125,0.046875,0,0
cross_train_0053,train,cross,0.0,0.8768568634986877,0.002386118983849883,0.02063893899321556,0.0,1.0,0.0024045200552791357,0.04547947272658348,0,-0.07372584939002991,0.011126965284347534,-0.0022481102496385574,0.009461220353841782,-0.9986152648925781,0.9964806437492371,-0.0020125764422118664,0.1570570021867752,0.9448784722222222,0.055121527777777776,0,0
cross_train_0054,train,cross,0.0,0.8700562119483948,0.006895469967275858,0.04415376856923103,0.0,1.0,0.0010143595281988382,0.029053833335638046,0,-0.009910747408866882,0.06639085710048676,0.0017949119210243225,0.008157887496054173,-0.966776430606842,0.9999969601631165,-0.0024655465967953205,0.14483635127544403,0.9509548611111112,0.04904513888888889,0,0
cross_train_0055,train,cross,0.0,0.9636204242706299,0.02404891513288021,0.10134104639291763,0.0,1.0,0.0010172621114179492,0.03004090115427971,0,-0.07494446635246277,0.07499998807907104,0.000196704946574755,0.016092266887426376,-0.9820112586021423,0.9999969601631165,0.001942636794410646,0.15701551735401154,0.9448784722222222,0.055121527777777776,0,0
cross_train_0056,train,cross,0.0,0.8614547848701477,0.014205983839929104,0.07156654447317123,0.0,1.0,0.0008777131442911923,0.026882439851760864,0,-0.07477790117263794,0.07455511391162872,0.0014482865808531642,0.013193832710385323,-0.9820112586021423,0.9649819135665894,0.0012812050990760326,0.1294153481721878,0.9605034722222222,0.039496527777777776,0,0
cross_train_0057,train,cross,0.0,0.878848135471344,0.021025536581873894,0.0813361182808876,0.0,1.0,0.0026134296786040068,0.046960875391960144,0,-0.07483351975679398,0.07500000298023224,0.001698202802799642,0.015734385699033737,-0.9993054270744324,0.9999994039535522,0.005999598186463118,0.15512527525424957,0.9470486111111112,0.05295138888888889,0,0
cross_train_0058,train,cross,0.0,0.9171669483184814,0.012225177139043808,0.0699940025806427,0.0,1.0,0.0017524933209642768,0.03912556916475296,0,-0.07367832213640213,0.07500000298023224,-0.0010189811000600457,0.011517172679305077,-0.956943690776825,0.999998927116394,0.0008867588476277888,0.10792401432991028,0.9748263888888888,0.025173611111111112,0,0
cross_train_0059,train,cross,0.0,0.9300240874290466,0.009675996378064156,0.04741600900888443,0.0,1.0,0.003230014815926552,0.05284464731812477,0,-0.07438972592353821,0.0747220367193222,-0.002681824378669262,0.013040498830378056,-0.9788332581520081,0.9999964833259583,-0.0010002910858020186,0.1561511754989624,0.9448784722222222,0.055121527777777776,0,0
cross_train_0060,train,cross,0.0,0.9216598868370056,0.023004980757832527,0.08787625283002853,0.0,1.0,0.0035969659220427275,0.055332381278276443,0,-0.07483351975679398,0.07500000298023224,-0.0007240356062538922,0.01690586470067501,-0.9993054270744324,0.9999994039535522,0.004617319442331791,0.16441568732261658,0.9383680555555556,0.06163194444444445,0,0
cross_train_0061,train,cross,0.0,0.8878322243690491,0.013463187962770462,0.06289206445217133,0.0,1.0,0.0007290524081327021,0.024949170649051666,0,-0.0019290745258331299,0.07388612627983093,0.002636849880218506,0.010647736489772797,-0.9943734407424927,0.9640410542488098,-0.00406299764290452,0.15215808153152466,0.9435763888888888,0.05642361111111111,0,0
cross_train_0062,train,cross,0.0,0.8633543252944946,0.004693119786679745,0.03466266393661499,0.0,1.0,0.0020280559547245502,0.0416688472032547,0,-0.06478734314441681,0.0,-0.0016308232443407178,0.008361189626157284,-0.9928953647613525,0.9973381757736206,0.0006894987891428173,0.12353515625,0.9674479166666666,0.032552083333333336,0,0
cross_train_0063,train,cross,0.0,0.8576446771621704,0.011778825893998146,0.056373611092567444,0.0,1.0,0.0020211865194141865,0.041640643030405045,0,-0.0650000050663948,0.00692354142665863,-0.002175980480387807,0.009224561043083668,-0.9913396239280701,0.999998927116394,0.0025213416665792465,0.15753673017024994,0.9427083333333334,0.057291666666666664,0,0
cross_train_0064,train,cross,0.0,0.851050078868866,0.011801348999142647,0.06265726685523987,0.0,1.0,0.0008087322930805385,0.0264402087777853,0,-0.07384227216243744,0.07382411509752274,-0.0021459353156387806,0.010320581495761871,-0.9993054270744324,0.999998927116394,-0.00015091206296347082,0.12995366752147675,0.9605034722222222,0.039496527777777776,0,0
cross_train_0065,train,cross,0.0,0.8312047123908997,0.012487690895795822,0.0626564770936966,0.0,1.0,0.00073762028478086,0.024331267923116684,0,-0.07411286234855652,0.0747220367193222,0.0022221615072339773,0.011623511090874672,-0.966776430606842,0.9999969601631165,0.002228935481980443,0.130644753575325,0.9600694444444444,0.03993055555555555,0,0
cross_train_0066,train,cross,0.0,0.8031483292579651,0.005842534359544516,0.038647860288619995,0.0,1.0,0.0007967478595674038,0.024581199511885643,0,-0.01961594820022583,0.058086514472961426,0.001242629368789494,0.006562061607837677,-0.998612105846405,0.9999969601631165,-0.00043916073627769947,0.1467028707265854,0.9526909722222222,0.047309027777777776,0,0
cross_train_0067,train,cross,0.0,0.9701023697853088,0.019124940037727356,0.08595629036426544,0.0,1.0,0.003443306777626276,0.05569371581077576,0,-0.07221826165914536,0.07500000298023224,-0.0024512175004929304,0.012065180577337742,-0.956943690776825,0.999998927116394,0.000912256829906255,0.1565711349248886,0.9409722222222222,0.059027777777777776,0,0
cross_train_0068,train,cross,0.0,0.8430352807044983,0.0017879910301417112,0.016825545579195023,0.0,1.0,0.0010198494419455528,0.03003603033721447,0,-0.07361538708209991,0.0747220367193222,-0.0020644692704081535,0.010469663888216019,-0.9820112586021423,0.9999964833259583,0.0008650173549540341,0.13886059820652008,0.9552951388888888,0.04470486111111111,0,0
cross_train_0069,train,cross,0.0,1.0,0.01338972244411707,0.06364139169454575,0.0,0.9385579824447632,0.0026897352654486895,0.04732480272650719,0,-0.07000000774860382,0.0023154616355895996,-0.0025256802327930927,0.010287798941135406,-0.9913396239280701,0.999998927116394,0.0031176970805972815,0.15834985673427582,0.9431423611111112,0.05685763888888889,0,0
cross_train_0070,train,cross,0.0,0.9328819513320923,0.017847256734967232,0.07518934458494186,0.0,1.0,0.00296869152225554,0.050516534596681595,0,-0.07483351975679398,0.07500000298023224,-0.0020193217787891626,0.01546807773411274,-0.9993054270744324,0.999998927116394,0.0016675866208970547,0.1584930419921875,0.9396701388888888,0.06032986111111111,0,0
cross_train_0071,train,cross,0.0,0.8617933988571167,0.014917425811290741,0.060698289424180984,0.0,1.0,0.0030931923538446426,0.0507875420153141,0,-0.07389162480831146,0.07500000298023224,-0.0008589662611484528,0.016217265278100967,-0.9986152648925781,0.977294921875,-0.0010271614883095026,0.151492640376091,0.9474826388888888,0.05251736111111111,0,0
cross_train_0072,train,cross,0.0,0.9275543093681335,0.01434439979493618,0.08084247261285782,0.0,1.0,0.0015354016795754433,0.036459218710660934,0,-0.07494446635246277,0.07499998807907104,0.0007743506575934589,0.013003839179873466,-0.9820112586021423,0.9999969601631165,-0.0014376071048900485,0.11276499181985855,0.9704861111111112,0.029513888888888888,0,0
cross_train_0073,train,cross,0.0,0.8330674767494202,0.011312929913401604,0.06051948666572571,0.0,1.0,0.0015586800873279572,0.036112796515226364,0,-0.07483351975679398,0.07500000298023224,-0.00163744215387851,0.013175939209759235,-0.9745883345603943,0.999998927116394,0.0037211114540696144,0.12532645463943481,0.9639756944444444,0.03602430555555555,0,0
cross_train_0074,train,cross,0.0,0.8179196119308472,0.014621712267398834,0.06415534019470215,0.0,1.0,0.0026719255838543177,0.04540124535560608,0,-0.07411286234855652,0.07500000298023224,0.002102917293086648,0.014402014203369617,-0.966776430606842,0.9999969601631165,0.006404520012438297,0.1540958136320114,0.9479166666666666,0.052083333333333336,0,0
cross_train_0075,train,cross,0.0,0.8129050731658936,0.011272137984633446,0.0528271347284317,0.0,1.0,0.0025690754409879446,0.045404285192489624,0,-0.008490294218063354,0.07500000298023224,0.0024978111032396555,0.010220292024314404,-0.966776430606842,0.9999969601631165,-0.0003125295042991638,0.1513863354921341,0.9435763888888888,0.05642361111111111,0,0
cross_train_0076,train,cross,0.0,0.9695023894309998,0.009567942470312119,0.05833236128091812,0.0,1.0,0.0015263239620253444,0.036834653466939926,0,-0.0650000050663948,0.0,-0.001642032410018146,0.008402976207435131,-0.9745883345603943,0.999998927116394,0.0016096015460789204,0.12317148596048355,0.9678819444444444,0.03211805555555555,0,0
cross_train_0077,train,cross,0.0,0.8446781039237976,0.015014346688985825,0.07241860777139664,0.0,1.0,0.0008932782802730799,0.02726634033024311,0,-0.07411286234855652,0.0747220367193222,0.00011896076466655359,0.01428097765892744,-0.9820112586021423,0.9969497919082642,0.0009025067556649446,0.13280335068702698,0.9631076388888888,0.03689236111111111,0,0
cross_train_0078,train,cross,0.0,0.925178050994873,0.010301504284143448,0.050247181206941605,0.0,1.0,0.0012784420978277922,0.033722735941410065,0,-0.07344980537891388,0.0747220367193222,0.0028486682567745447,0.011417319066822529,-0.998612105846405,0.9640410542488098,-0.0012446284526959062,0.167140930891037,0.9353298611111112,0.0646701388888889,0,0
cross_train_0079,train,cross,0.0,0.9267754554748535,0.01118150819092989,0.06147966533899307,0.0,1.0,0.002253688871860504,0.042728129774332047,0,-0.005000010132789612,0.057966336607933044,0.0019127833656966686,0.008465210907161236,-0.971254289150238,0.9999969601631165,0.0014080256223678589,0.15729227662086487,0.9435763888888888,0.05642361111111111,0,0
cross_train_0080,train,cross,0.0,0.9329280257225037,0.010472262278199196,0.051806770265102386,0.0,1.0,0.002293073106557131,0.04507264867424965,0,-0.07477790117263794,0.07461076974868774,-0.0021720523945987225,0.01388266496360302,-0.9928953647613525,0.9999964833259583,0.0008559236885048449,0.13971342146396637,0.9552951388888888,0.04470486111111111,0,0
cross_train_0081,train,cross,0.0,0.9292600750923157,0.015188594348728657,0.07406336814165115,0.0,1.0,0.0008986081229522824,0.028298048302531242,0,-0.07438972592353821,0.0747220367193222,0.0006276798085309565,0.01407814770936966,-0.9820112586021423,0.9640410542488098,0.0005383148090913892,0.13253673911094666,0.9609375,0.0390625,0,0
cross_train_0082,train,cross,0.0,0.8387601375579834,0.007901131175458431,0.050851061940193176,0.0,1.0,0.0018143760971724987,0.039113834500312805,0,-0.07483351975679398,0.07500000298023224,-0.0022193060722202063,0.011117297224700451,-0.9745883345603943,0.999998927116394,-4.732967499876395e-05,0.11359454691410065,0.9704861111111112,0.029513888888888888,0,0
cross_train_0083,train,cross,0.0,0.946223258972168,0.025474395602941513,0.10414182394742966,0.0,1.0,0.0021109271328896284,0.043337561190128326,0,-0.07494446635246277,0.07461076974868774,-0.00042855553328990936,0.016111936420202255,-0.9820112586021423,0.9973381757736206,-0.002691013505682349,0.15380491316318512,0.9453125,0.0546875,0,0
cross_train_0084,train,cross,0.0,0.8373953700065613,0.005571159068495035,0.037267815321683884,0.0,1.0,0.0008839993388392031,0.027106329798698425,0,-0.043112218379974365,0.02066047489643097,-0.0006976451841183007,0.00450889952480793,-0.998612105846405,0.9766644239425659,0.0019999027717858553,0.14043934643268585,0.9583333333333334,0.041666666666666664,0,0
cross_train_0085,train,cross,0.0,0.9429692029953003,0.009893037378787994,0.0610974058508873,0.0,1.0,0.0008908435702323914,0.02733289822936058,0,-0.040000006556510925,0.02585504949092865,-0.0005827414570376277,0.005441977176815271,-0.9913396239280701,0.9766571521759033,0.001904239528812468,0.15702193975448608,0.9453125,0.0546875,0,0
cross_train_0086,train,cross,0.0,0.8744133114814758,0.015987928956747055,0.07008612155914307,0.0,1.0,0.0033953264355659485,0.05298090726137161,0,-0.07494446635246277,0.07499998807907104,-0.0008722101920284331,0.017191311344504356,-0.9928953647613525,0.9999969601631165,-0.0036472082138061523,0.15907464921474457,0.9388020833333334,0.061197916666666664,0,0
cross_train_0087,train,cross,0.0,0.9572803974151611,0.009197009727358818,0.05965662747621536,0.0,1.0,0.0007334370166063309,0.026048924773931503,0,-0.07483351975679398,0.07500000298023224,-0.001193143310956657,0.011337367817759514,-0.9993054270744324,0.999998927116394,0.0015013619558885694,0.10353096574544907,0.9765625,0.0234375,0,0
cross_train_0088,train,cross,0.0,0.9332144856452942,0.013201803900301456,0.06423196941614151,0.0,1.0,0.003569892141968012,0.05706874281167984,0,-0.05447514355182648,0.03768323361873627,-0.0005911635817028582,0.00622588163241744,-0.998612105846405,0.9766644239425659,0.00150231400039047,0.16849884390830994,0.9401041666666666,0.059895833333333336,0,0
cross_train_0089,train,cross,0.0,0.9261669516563416,0.01765538938343525,0.07456544041633606,0.0,1.0,0.0009734283084981143,0.029728328809142113,0,-0.07411286234855652,0.0747220367193222,0.001099610817618668,0.015950215980410576,-0.9820112586021423,0.9969497919082642,0.000612658157479018,0.15681318938732147,0.9470486111111112,0.05295138888888889,0,0
cross_train_0090,train,cross,0.0,0.8976088762283325,0.015246002934873104,0.0625339075922966,0.0,1.0,0.002887089503929019,0.04935663938522339,0,-0.07411286234855652,0.0747220367193222,0.0014622225426137447,0.01631406880915165,-0.9820112586021423,0.9999969601631165,-0.0009887943742796779,0.16815686225891113,0.9375,0.0625,0,0
cross_train_0091,train,cross,0.0,0.853553295135498,0.012747876346111298,0.061994098126888275,0.0,1.0,0.0024351486936211586,0.04609932750463486,0,-0.07483351975679398,0.07500000298023224,-0.0019530331483110785,0.014998795464634895,-0.9993054270744324,0.999998927116394,0.0009103936026804149,0.14703987538814545,0.9500868055555556,0.04991319444444445,0,0
cross_train_0092,train,cross,0.0,0.8770252466201782,0.013501626439392567,0.06760703027248383,0.0,1.0,0.0023688117507845163,0.04586314409971237,0,-0.07411286234855652,0.0747220367193222,0.0016395770944654942,0.012219258584082127,-0.966776430606842,0.9932713508605957,0.0033373748883605003,0.12913645803928375,0.9613715277777778,0.038628472222222224,0,0
cross_train_0093,train,cross,0.0,0.92612224817276,0.013553212396800518,0.05957720801234245,0.0,1.0,0.0033323897514492273,0.05402345582842827,0,-0.07384227216243744,0.07500000298023224,-0.0024019917473196983,0.01357322372496128,-0.9993054270744324,0.999998927116394,0.0009866085601970553,0.15456251800060272,0.9466145833333334,0.053385416666666664,0,0
cross_train_0094,train,cross,0.0,0.959896445274353,0.013321657665073872,0.06735032051801682,0.0,1.0,0.002789316698908806,0.04909896105527878,0,-0.07483351975679398,0.07500000298023224,-0.0012582918861880898,0.014308913610875607,-0.9993054270744324,0.999998927116394,-0.0024253239389508963,0.13708510994911194,0.95703125,0.04296875,0,0
cross_train_0095,train,cross,0.0,0.9730948805809021,0.005571639630943537,0.037013426423072815,0.0,1.0,0.0006220978102646768,0.02331806719303131,0,-0.07405753433704376,0.0,-0.0016518024494871497,0.008985297754406929,-0.9820112586021423,0.9932713508605957,-0.00028042978374287486,0.1074361503124237,0.9709201388888888,0.029079861111111112,0,0
cross_train_0096,train,cross,0.0,0.8567042350769043,0.01170334406197071,0.05577684938907623,0.0,1.0,0.002992869820445776,0.05037272348999977,0,-0.0650000050663948,0.00692354142665863,-0.002567799761891365,0.010038365609943867,-0.9913396239280701,0.999998927116394,0.0028399804141372442,0.16957707703113556,0.9340277777777778,0.06597222222222222,0,0
cross_train_0097,train,cross,0.0,0.92221999168396,0.005653051659464836,0.04213101044297218,0.0,1.0,0.0007030739798210561,0.02502012625336647,0,-0.0493769496679306,0.0053222328424453735,-0.0007586244610138237,0.004651953000575304,-0.950625479221344,0.9766644239425659,0.002595284255221486,0.10676248371601105,0.9743923611111112,0.025607638888888888,0,0
cross_train_0098,train,cross,0.0,0.8190202713012695,0.018588028848171234,0.07797630876302719,0.0,1.0,0.0024009328335523605,0.043429408222436905,0,-0.07389162480831146,0.07500000298023224,0.0013510985299944878,0.015525585040450096,-0.9788332581520081,0.9999969601631165,-0.0008904501446522772,0.14847014844417572,0.9483506944444444,0.05164930555555555,0,0
cross_train_0099,train,cross,0.0,0.8941792845726013,0.0075385477393865585,0.04463358223438263,0.0,1.0,0.0008580789435654879,0.02710244618356228,0,-0.06097753345966339,0.009452179074287415,-0.001302376389503479,0.006611732766032219,-0.956943690776825,0.999998927116394,0.0007332884124480188,0.1326349824666977,0.9605034722222222,0.039496527777777776,0,0
cross_train_0100,train,cross,0.0,0.8136603832244873,0.015928125008940697,0.06911198794841766,0.0,1.0,0.0026894768234342337,0.04659777134656906,0,-0.07372584939002991,0.07500000298023224,0.002220101887360215,0.01470274943858385,-0.966776430606842,0.9999969601631165,0.0012815005611628294,0.1477803885936737,0.9496527777777778,0.050347222222222224,0,0
cross_train_0101,train,cross,0.0,0.8923925757408142,0.008272665552794933,0.05224006250500679,0.0,1.0,0.0005828988505527377,0.022930188104510307,0,-0.07450057566165924,0.07455511391162872,-0.0015523004112765193,0.010753156617283821,-0.9928953647613525,0.9973381757736206,-0.0005165077745914459,0.10644477605819702,0.9748263888888888,0.025173611111111112,0,0
cross_train_0102,train,cross,0.0,0.9322426915168762,0.01210653968155384,0.061905838549137115,0.0,1.0,0.0020718735177069902,0.04150397703051567,0,-0.008578658103942871,0.05615527927875519,0.0014524438884109259,0.006915444042533636,-0.998612105846405,0.9628074765205383,-0.0028827970381826162,0.14540618658065796,0.9526909722222222,0.047309027777777776,0,0
cross_train_0103,train,cross,0.0,0.8842537999153137,0.011529712937772274,0.059265974909067154,0.0,1.0,0.0010426916414871812,0.029893627390265465,0,-0.06000000238418579,0.0052417367696762085,-0.0020620664581656456,0.008882999420166016,-0.9913396239280701,0.999998927116394,0.001970283454284072,0.15502986311912537,0.9461805555555556,0.05381944444444445,0,0
cross_train_0104,train,cross,0.0,0.9132702946662903,0.0035775871947407722,0.026724476367235184,0.0,1.0,0.002876727608963847,0.04898825287818909,0,-0.07411286234855652,0.07360680401325226,-0.0026878940407186747,0.011170236393809319,-0.9991823434829712,0.9999964833259583,0.0005479859537445009,0.15365289151668549,0.9466145833333334,0.053385416666666664,0,0
cross_train_0105,train,cross,0.0,0.8627867102622986,0.008635340258479118,0.05511143058538437,0.0,1.0,0.001789354020729661,0.03993294760584831,0,-0.029584065079689026,0.030277565121650696,3.1756806606608734e-07,0.003610259620472789,-0.9943734407424927,0.9766571521759033,0.00014607732009608299,0.13621078431606293,0.9605034722222222,0.039496527777777776,0,0
cross_train_0106,train,cross,0.0,0.8178487420082092,0.0172552689909935,0.08266661316156387,0.0,1.0,0.002063536085188389,0.03981423005461693,0,-0.07367832213640213,0.07500000298023224,-0.0011373197194188833,0.013347551226615906,-0.9993054270744324,0.999998927116394,-0.000597597798332572,0.12798690795898438,0.9644097222222222,0.035590277777777776,0,0
cross_train_0107,train,cross,0.0,0.9677675366401672,0.012081938795745373,0.07287681847810745,0.0,1.0,0.0005841187667101622,0.022969823330640793,0,-0.07411286234855652,0.0747220367193222,0.0014807760016992688,0.01093220990151167,-0.966776430606842,0.9999969601631165,0.005809680093079805,0.1059160903096199,0.9739583333333334,0.026041666666666668,0,0
cross_train_0108,train,cross,0.0,0.8688210248947144,0.016659235581755638,0.08089295774698257,0.0,1.0,0.0026245166081935167,0.04693356528878212,0,-0.07433627545833588,0.07500000298023224,-0.00041282098391093314,0.015007751993834972,-0.9993054270744324,0.9999994039535522,0.0036787656135857105,0.1395828276872635,0.9592013888888888,0.04079861111111111,0,0
cross_train_0109,train,cross,0.0,0.8822489380836487,0.007768961600959301,0.0488244965672493,0.0,1.0,0.0022763158194720745,0.043884843587875366,0,-0.05500000715255737,0.01620769500732422,-0.001472714589908719,0.0072608874179422855,-0.9913396239280701,0.999998927116394,0.002238802844658494,0.15696966648101807,0.9431423611111112,0.05685763888888889,0,0
L_shape_train_0000,train,L-shape,0.0,0.8989241123199463,0.010043274611234665,0.051870085299015045,0.0,1.0,0.0025216450449079275,0.0464760921895504,0,-0.07411286234855652,0.07388612627983093,0.0021322963293641806,0.011494261212646961,-0.9820112586021423,0.9969497919082642,-4.651949348044582e-05,0.13412153720855713,0.9591290509259259,0.04087094907407408,0,0
L_shape_train_0001,train,L-shape,0.0,0.913041889667511,0.014080381952226162,0.07360904663801193,0.0,1.0,0.0021253000013530254,0.04419904574751854,0,-0.025000005960464478,0.041376590728759766,0.00044972856994718313,0.004741877317428589,-0.9943734407424927,0.9766571521759033,0.0007119392394088209,0.1478738933801651,0.9518952546296297,0.04810474537037037,0,0
L_shape_train_0002,train,L-shape,0.0,0.8374823927879333,0.010536073707044125,0.057970769703388214,0.0,1.0,0.0009101172327063978,0.026979750022292137,0,-0.07494446635246277,0.07455511391162872,0.0005392190651036799,0.013580380007624626,-0.9820112586021423,0.9973381757736206,0.0020916934590786695,0.1333349347114563,0.9591290509259259,0.04087094907407408,0,0
L_shape_train_0003,train,L-shape,0.0,0.9109359383583069,0.01175780687481165,0.06305541098117828,0.0,1.0,0.000622909574303776,0.023269323632121086,0,-0.07256869971752167,0.0747220367193222,0.0020868091378360987,0.009934086352586746,-0.966776430606842,0.9999969601631165,0.0007308014901354909,0.12659524381160736,0.9605758101851852,0.03942418981481482,0,0
L_shape_train_0004,train,L-shape,0.0,0.9287258982658386,0.02200394682586193,0.09381598234176636,0.0,1.0,0.0027562647592276335,0.0476546548306942,0,-0.07483351975679398,0.07500000298023224,-0.0003524574276525527,0.015399663709104061,-0.9993054270744324,0.9999994039535522,0.004246898926794529,0.1493169367313385,0.9500868055555556,0.04991319444444445,0,0
L_shape_train_0005,train,L-shape,0.0,0.9705938696861267,0.0016639335080981255,0.018225643783807755,0.0,1.0,0.0006446781335398555,0.02409294992685318,0,-0.07059861719608307,0.0,-0.001981941983103752,0.009037462994456291,-0.9768810272216797,0.9999964833259583,0.0004885244998149574,0.13137182593345642,0.9558738425925926,0.044126157407407406,0,0
L_shape_train_0006,train,L-shape,0.0,0.8973462581634521,0.008873511105775833,0.053218383342027664,0.0,1.0,0.0031739429105073214,0.05281570181250572,0,-0.07189750671386719,0.020293861627578735,-0.0017070830799639225,0.008234893903136253,-0.956943690776825,0.999998927116394,0.006119157653301954,0.15401741862297058,0.9479166666666666,0.052083333333333336,0,0
L_shape_train_0007,train,L-shape,0.0,0.8802615404129028,0.006863343995064497,0.04526425898075104,0.0,1.0,0.0005725473747588694,0.022492099553346634,0,-0.017901554703712463,0.04912307858467102,0.0006750286556780338,0.0044619436375796795,-0.998612105846405,0.9517656564712524,-0.0019868414383381605,0.11851304769515991,0.9703414351851852,0.029658564814814815,0,0
L_shape_train_0008,train,L-shape,0.0,0.8372825384140015,0.0024957736022770405,0.020887600257992744,0.0,1.0,0.001988304080441594,0.04050617292523384,0,-0.07411286234855652,0.07388611137866974,-0.0023022869136184454,0.010175932198762894,-0.9991823434829712,0.9999964833259583,0.0006992559065110981,0.15167485177516937,0.9464699074074074,0.053530092592592594,0,0
L_shape_train_0009,train,L-shape,0.0,0.8655572533607483,0.006317438557744026,0.04361996054649353,0.0,1.0,0.0019346245098859072,0.0415814183652401,0,-0.01243184506893158,0.060237959027290344,0.001143253524787724,0.006470388267189264,-0.998612105846405,0.9628074765205383,-0.0028939018957316875,0.12345940619707108,0.9627459490740741,0.03725405092592592,0,0
L_shape_train_0010,train,L-shape,0.0,0.8827301859855652,0.011257867328822613,0.059963468462228775,0.0,1.0,0.0008631734526716173,0.026317529380321503,0,-0.07405753433704376,0.0747220367193222,0.002297784900292754,0.012449687346816063,-0.9667691588401794,0.9640410542488098,0.0022934747394174337,0.12989181280136108,0.9605758101851852,0.03942418981481482,0,0
L_shape_train_0011,train,L-shape,0.0,0.8692342042922974,0.016590138897299767,0.06318015605211258,0.0,1.0,0.0029096747748553753,0.049549296498298645,0,-0.07411286234855652,0.07500000298023224,-3.128736716462299e-05,0.016971388831734657,-0.9820112586021423,0.9999969601631165,0.0015222243964672089,0.17750275135040283,0.9258535879629629,0.07414641203703703,0,0
L_shape_train_0012,train,L-shape,0.0,0.8580362200737,0.006722866557538509,0.045892152935266495,0.0,1.0,0.0008298272732645273,0.02621559239923954,0,-0.043112218379974365,0.018077343702316284,-0.0005950924823991954,0.004071800038218498,-0.998612105846405,0.9766644239425659,0.0018651149002835155,0.12647216022014618,0.9674479166666666,0.032552083333333336,0,0
L_shape_train_0013,train,L-shape,0.0,0.8695085644721985,0.008044383488595486,0.04726807028055191,0.0,1.0,0.0021816352382302284,0.042418815195560455,0,-0.02470037341117859,0.06783020496368408,0.001565904705785215,0.008086541667580605,-0.998612105846405,0.9766644239425659,0.0012767945881932974,0.15136149525642395,0.9479166666666666,0.052083333333333336,0,0
L_shape_train_0014,train,L-shape,0.0,0.8278419971466064,0.007697084918618202,0.03621652349829674,0.0,1.0,0.002904699882492423,0.04859611764550209,0,-0.07411286234855652,0.07500000298023224,-0.0017061849357560277,0.014671564102172852,-0.9991823434829712,0.9999964833259583,2.188790858781431e-05,0.15239663422107697,0.9493634259259259,0.05063657407407408,0,0
L_shape_train_0015,train,L-shape,0.0,0.8581842184066772,0.004036884289234877,0.032608501613140106,0.0,1.0,0.0007769878720864654,0.02548074908554554,0,-0.07367832213640213,0.07500000298023224,-0.002005344955250621,0.010677577927708626,-0.9993054270744324,0.999998927116394,0.002020628657191992,0.15043295919895172,0.9508101851851852,0.04918981481481482,0,0
L_shape_train_0016,train,L-shape,0.0,0.9021427631378174,0.012055092491209507,0.06690411269664764,0.0,1.0,0.0011068920139223337,0.03074907884001732,0,-0.06455997377634048,0.028044939041137695,-0.001406438066624105,0.007500401698052883,-0.998612105846405,0.999998927116394,0.001910082995891571,0.1638604998588562,0.9395978009259259,0.06040219907407408,0,0
L_shape_train_0017,train,L-shape,0.0,0.8465142846107483,0.007692686282098293,0.04658849537372589,0.0,1.0,0.0005519810365512967,0.021772313863039017,0,-0.07389162480831146,0.07500000298023224,0.0018683687085285783,0.010564361698925495,-0.966776430606842,0.9999969601631165,0.001521323574706912,0.11577384918928146,0.9667245370370371,0.033275462962962965,0,0
L_shape_train_0018,train,L-shape,0.0,0.8874413967132568,0.008883863687515259,0.05034754052758217,0.0,1.0,0.0007696920074522495,0.025274327024817467,0,-0.021839946508407593,0.057966336607933044,0.0010375439887866378,0.006266412790864706,-0.998612105846405,0.9571169018745422,-0.00016034801956266165,0.13693885505199432,0.9562355324074074,0.043764467592592594,0,0
L_shape_train_0019,train,L-shape,0.0,0.8880411386489868,0.021546432748436928,0.09470463544130325,0.0,1.0,0.0006298297666944563,0.023500733077526093,0,-0.07483351975679398,0.07500000298023224,0.0013206443982198834,0.01409824751317501,-0.9993054270744324,0.9999994039535522,0.004921067971736193,0.13197678327560425,0.9612991898148148,0.03870081018518518,0,0
L_shape_train_0020,train,L-shape,0.0,0.857610821723938,0.007797548081725836,0.04168025776743889,0.0,1.0,0.0009911572560667992,0.029340660199522972,0,-0.0650000125169754,0.0,-0.002529832534492016,0.01050513330847025,-0.9928953647613525,0.9999964833259583,0.004535282496362925,0.14909304678440094,0.9533420138888888,0.04665798611111111,0,0
L_shape_train_0021,train,L-shape,0.0,0.8460881114006042,0.008367293514311314,0.041015345603227615,0.0,1.0,0.0025491591077297926,0.04650421440601349,0,-0.07384227216243744,0.07500000298023224,-0.002263298723846674,0.012303954921662807,-0.9993054270744324,0.999998927116394,0.005613010376691818,0.16243067383766174,0.9410445601851852,0.05895543981481482,0,0
L_shape_train_0022,train,L-shape,0.0,0.911884605884552,0.01933957077562809,0.08496848493814468,0.0,1.0,0.0029693711549043655,0.05064385384321213,0,-0.06984391063451767,0.03580904006958008,-0.0017360500060021877,0.009973038919270039,-0.998612105846405,0.999998927116394,0.0021982844918966293,0.18516260385513306,0.9240451388888888,0.0759548611111111,0,0
L_shape_train_0023,train,L-shape,0.0,0.8352453708648682,0.02322486788034439,0.08714675158262253,0.0,1.0,0.002556574298068881,0.04509071260690689,0,-0.07411286234855652,0.07500000298023224,0.0012123924680054188,0.01614709571003914,-0.9820112586021423,0.9999969601631165,0.0006982332561165094,0.16726498305797577,0.9388744212962963,0.061125578703703706,0,0
L_shape_train_0024,train,L-shape,0.0,0.940784215927124,0.0072102597914636135,0.05037710443139076,0.0,1.0,0.0007916734903119504,0.025898754596710205,0,-0.030000008642673492,0.021026313304901123,-0.0002340903738513589,0.0031830400694161654,-0.961885392665863,0.9766571521759033,0.002995509887114167,0.12427464872598648,0.9667245370370371,0.033275462962962965,0,0
L_shape_train_0025,train,L-shape,0.0,0.8868047595024109,0.007741949986666441,0.04809488728642464,0.0,1.0,0.002482212148606777,0.04624389111995697,0,-0.06514719128608704,0.030623912811279297,-0.0011798416962847114,0.007119976915419102,-0.956943690776825,0.999998927116394,0.006317973602563143,0.16282644867897034,0.9457465277777778,0.054253472222222224,0,0
L_shape_train_0026,train,L-shape,0.0,0.859890341758728,0.016873769462108612,0.08508848398923874,0.0,1.0,0.0022532129660248756,0.043299682438373566,0,-0.07389162480831146,0.07500000298023224,-0.0004381227772682905,0.013792576268315315,-0.9820112586021423,0.9999969601631165,-0.001160267973318696,0.1251920610666275,0.9641927083333334,0.035807291666666664,0,0
L_shape_train_0027,train,L-shape,0.0,0.9325661659240723,0.021235909312963486,0.10063211619853973,0.0,1.0,0.0006103042396716774,0.0227914210408926,0,-0.07477790117263794,0.07461076974868774,0.00019962023361586034,0.014143150299787521,-0.9820112586021423,0.9999964833259583,0.0006794430082663894,0.12845399975776672,0.9609375,0.0390625,0,0
L_shape_train_0028,train,L-shape,0.0,0.8708025217056274,0.01241625752300024,0.053985051810741425,0.0,1.0,0.0028064330108463764,0.04849638417363167,0,-0.07389162480831146,0.07500000298023224,0.002183308592066169,0.01560225896537304,-0.9788332581520081,0.9999969601631165,0.003164550755172968,0.16054515540599823,0.9363425925925926,0.06365740740740741,0,0
L_shape_train_0029,train,L-shape,0.0,0.8807112574577332,0.0022458378225564957,0.020232344046235085,0.0,1.0,0.0006538372836075723,0.023363826796412468,0,-0.05973973870277405,0.009232908487319946,-0.0015303768450394273,0.007281992584466934,-0.994807243347168,0.9999964833259583,0.0005984488525427878,0.1404598206281662,0.9547887731481481,0.04521122685185185,0,0
L_shape_train_0030,train,L-shape,0.0,0.8254434466362,0.0073821223340928555,0.04554247483611107,0.0,1.0,0.002968628192320466,0.04838345944881439,0,-0.07433627545833588,0.013248264789581299,-0.0023017721250653267,0.009939746931195259,-0.998612105846405,0.999998927116394,0.0023827983532100916,0.15800121426582336,0.9464699074074074,0.053530092592592594,0,0
L_shape_train_0031,train,L-shape,0.0,0.9968757629394531,0.016673823818564415,0.0819861963391304,0.0,1.0,0.0024282534141093493,0.046374838799238205,0,-0.07438972592353821,0.0747220367193222,0.0018533244729042053,0.012942539528012276,-0.9943734407424927,0.9640410542488098,0.0011114577064290643,0.1451624184846878,0.9493634259259259,0.05063657407407408,0,0
L_shape_train_0032,train,L-shape,0.0,0.8646188378334045,0.0026112282648682594,0.02167518623173237,0.0,1.0,0.002289519878104329,0.04332471266388893,0,-0.07405753433704376,0.0747220367193222,-0.002126893028616905,0.011969676241278648,-0.9820112586021423,0.9999964833259583,-0.0003613774315454066,0.1511603593826294,0.9490017361111112,0.05099826388888889,0,0
L_shape_train_0033,train,L-shape,0.0,0.8549456596374512,0.01508792582899332,0.07053592056035995,0.0,1.0,0.00250672223046422,0.04573706537485123,0,-0.07411286234855652,0.0747220367193222,0.002938436111435294,0.012814393267035484,-0.9943734407424927,0.9932713508605957,0.0018541498575359583,0.16232071816921234,0.9395978009259259,0.06040219907407408,0,0
L_shape_train_0034,train,L-shape,0.0,0.9901617765426636,0.016293801367282867,0.083133764564991,0.0,1.0,0.002213702304288745,0.04468417912721634,0,-0.07494446635246277,0.07455511391162872,0.000953921175096184,0.013347337022423744,-0.9820112586021423,0.9973381757736206,0.001158974482677877,0.1350872665643692,0.9562355324074074,0.043764467592592594,0,0
L_shape_train_0035,train,L-shape,0.0,1.0,0.009349720552563667,0.04889216646552086,0.0,0.9694399833679199,0.0024301246739923954,0.045340634882450104,0,-0.07438972592353821,0.07461076974868774,-0.0015054555842652917,0.013668001629412174,-0.994807243347168,0.9999964833259583,0.0004881729546468705,0.1576334834098816,0.9442997685185185,0.05570023148148148,0,0
L_shape_train_0036,train,L-shape,0.0,0.8821251392364502,0.02067496068775654,0.08822246640920639,0.0,1.0,0.0029454692266881466,0.05056869611144066,0,-0.07477790117263794,0.07461076974868774,0.0019869862589985132,0.014205479063093662,-0.9943734407424927,0.9649819135665894,0.0003851738292723894,0.16692925989627838,0.9345341435185185,0.06546585648148148,0,0
L_shape_train_0037,train,L-shape,0.0,0.9639872908592224,0.008150823414325714,0.0579521507024765,0.0,1.0,0.0005665828939527273,0.02229514718055725,0,-0.012704700231552124,0.044550761580467224,0.0006546699441969395,0.0041928584687411785,-0.998612105846405,0.9571169018745422,-0.0019478900358080864,0.11742947995662689,0.9678096064814815,0.03219039351851852,0,0
L_shape_train_0038,train,L-shape,0.0,0.8623656034469604,0.014990990050137043,0.06638273596763611,0.0,1.0,0.002290229545906186,0.04299521818757057,0,-0.07494446635246277,0.07499998807907104,-0.0003675172629300505,0.015412652865052223,-0.9928953647613525,0.9999969601631165,-0.0005104683805257082,0.1538815200328827,0.9453848379629629,0.054615162037037035,0,0
L_shape_train_0039,train,L-shape,0.0,0.9534534215927124,0.025510063394904137,0.10308600962162018,0.0,1.0,0.0008039282984100282,0.02732047624886036,0,-0.07389162480831146,0.07500000298023224,0.0011207856005057693,0.015101872384548187,-0.9788332581520081,0.9999969601631165,0.0005150755750946701,0.14606033265590668,0.9504484953703703,0.04955150462962963,0,0
L_shape_train_0040,train,L-shape,0.0,0.8629229664802551,0.009547257795929909,0.05466818809509277,0.0,1.0,0.0007673751679249108,0.025210190564393997,0,-0.07389162480831146,0.07500000298023224,0.0010475703747943044,0.012513553723692894,-0.9788332581520081,0.9999969601631165,0.00011147434270242229,0.1141788437962532,0.9703414351851852,0.029658564814814815,0,0
L_shape_train_0041,train,L-shape,0.0,0.8747643828392029,0.0227531585842371,0.08540555834770203,0.0,1.0,0.0029454955365508795,0.05031728744506836,0,-0.07411286234855652,0.07500000298023224,0.0006877243285998702,0.01713651977479458,-0.9820112586021423,0.9999969601631165,0.0031298580579459667,0.1646977961063385,0.9381510416666666,0.061848958333333336,0,0
L_shape_train_0042,train,L-shape,0.0,0.8651671409606934,0.005071177612990141,0.031148377805948257,0.0,1.0,0.0009812789503484964,0.028942320495843887,0,-0.07000000774860382,0.008823797106742859,-0.0025627445429563522,0.010237330570816994,-0.998612105846405,0.999998927116394,0.003139978740364313,0.1638248711824417,0.9424913194444444,0.05750868055555555,0,0
L_shape_train_0043,train,L-shape,0.0,0.8562215566635132,0.005457261111587286,0.024696175009012222,0.0,1.0,0.0030302295926958323,0.05013429373502731,0,-0.07483351975679398,0.07500000298023224,0.0017512827180325985,0.015574516728520393,-0.9993054270744324,0.9999994039535522,0.004808727651834488,0.17316341400146484,0.9269386574074074,0.07306134259259259,0,0
L_shape_train_0044,train,L-shape,0.0,0.8326103091239929,0.002021460561081767,0.015627479180693626,0.0,1.0,0.000752487510908395,0.025671442970633507,0,-0.07361538708209991,0.0747220367193222,-0.0020614592358469963,0.010297263972461224,-0.9991823434829712,0.9999964833259583,-0.0020906482823193073,0.13526086509227753,0.9591290509259259,0.04087094907407408,0,0
L_shape_train_0045,train,L-shape,0.0,0.8699305653572083,0.012600894086062908,0.06627470999956131,0.0,1.0,0.0007815174176357687,0.025657186284661293,0,-0.024900048971176147,0.062249839305877686,0.001250989269465208,0.00781544391065836,-0.9943734407424927,0.9766571521759033,-0.0003551284607965499,0.15077200531959534,0.9493634259259259,0.05063657407407408,0,0
L_shape_train_0046,train,L-shape,0.0,0.861727237701416,0.016717614606022835,0.07376207411289215,0.0,1.0,0.001000155578367412,0.028633825480937958,0,-0.07483351975679398,0.07500000298023224,-0.0008284035720862448,0.014799355529248714,-0.9993054270744324,0.9999994039535522,0.004495784640312195,0.14211422204971313,0.9555121527777778,0.044487847222222224,0,0
L_shape_train_0047,train,L-shape,0.0,0.9293930530548096,0.01186676137149334,0.05694587156176567,0.0,1.0,0.0020979137625545263,0.043676018714904785,0,-0.07411286234855652,0.0747220367193222,0.002015535021200776,0.014129377901554108,-0.9820112586021423,0.9999969601631165,0.0012201291974633932,0.14245890080928802,0.9526186342592593,0.04738136574074074,0,0
L_shape_train_0048,train,L-shape,0.0,0.9151232242584229,0.016698269173502922,0.07032117992639542,0.0,1.0,0.0011772209545597434,0.032687652856111526,0,-0.07494446635246277,0.07499998807907104,0.0026295725256204605,0.01458087656646967,-0.9943734407424927,0.9999969601631165,-0.001334313303232193,0.15816879272460938,0.9403211805555556,0.05967881944444445,0,0
L_shape_train_0049,train,L-shape,0.0,0.8768422603607178,0.018842970952391624,0.07591943442821503,0.0,1.0,0.0031327849719673395,0.05177413299679756,0,-0.07483351975679398,0.07500000298023224,-0.0036871538031846285,0.01302235946059227,-0.9913396239280701,0.999998927116394,0.0009579732432030141,0.1783706396818161,0.9287471064814815,0.07125289351851852,0,0
L_shape_train_0050,train,L-shape,0.0,0.9589741230010986,0.014015228487551212,0.08662066608667374,0.0,1.0,0.0006693967152386904,0.024914976209402084,0,-0.07411286234855652,0.07500000298023224,4.2198709707008675e-05,0.011503095738589764,-0.9820112586021423,0.997345507144928,0.0020503124687820673,0.10724356025457382,0.9772135416666666,0.022786458333333332,0,0
L_shape_train_0051,train,L-shape,0.0,1.0,0.005577430594712496,0.044288743287324905,0.0,0.983739972114563,0.0005342155345715582,0.022213902324438095,0,-0.0650000050663948,0.0,-0.0013964059762656689,0.007706306874752045,-0.9745883345603943,0.999998927116394,0.0007377789588645101,0.11644714325666428,0.970703125,0.029296875,0,0
L_shape_train_0052,train,L-shape,0.0,0.9156309366226196,0.016480039805173874,0.07781766355037689,0.0,1.0,0.0011474330676719546,0.031873781234025955,0,-0.07494446635246277,0.07499998807907104,0.0005986675387248397,0.015044662170112133,-0.9820112586021423,0.9999969601631165,0.006289770361036062,0.14595066010951996,0.9508101851851852,0.04918981481481482,0,0
L_shape_train_0053,train,L-shape,0.0,0.8124902248382568,0.006037256680428982,0.036732327193021774,0.0,1.0,0.0016158615471795201,0.0367814302444458,0,-0.07405753433704376,0.0747220367193222,-0.0015276109334081411,0.011462943628430367,-0.9788332581520081,0.9999964833259583,-0.00029934756457805634,0.12561526894569397,0.9652777777777778,0.034722222222222224,0,0
L_shape_train_0054,train,L-shape,0.0,0.9164928793907166,0.021357271820306778,0.09708566218614578,0.0,1.0,0.0020118984393775463,0.04251766949892044,0,-0.07483351975679398,0.07500000298023224,0.0016472891438752413,0.013661024160683155,-0.9993054270744324,0.9999994039535522,0.0054382020607590675,0.13206690549850464,0.9609375,0.0390625,0,0
L_shape_train_0055,train,L-shape,0.0,0.8634997010231018,0.010440520942211151,0.05611034855246544,0.0,1.0,0.0006132429116405547,0.02292858436703682,0,-0.07372584939002991,0.07410933077335358,0.0021160643082112074,0.011593066155910492,-0.966776430606842,0.9999969601631165,0.0018906777258962393,0.1336822211742401,0.9594907407407407,0.04050925925925926,0,0
L_shape_train_0056,train,L-shape,0.0,0.8392288684844971,0.004406619351357222,0.02300676703453064,0.0,1.0,0.002341250889003277,0.04338572174310684,0,-0.07411286234855652,0.07500000298023224,-0.0020516107324510813,0.015100778080523014,-0.9991823434829712,0.9999964833259583,0.0002695962321013212,0.16350184381008148,0.9417679398148148,0.05823206018518518,0,0
L_shape_train_0057,train,L-shape,0.0,1.0,0.013503671623766422,0.06334616243839264,0.0,0.9984899759292603,0.0008080124389380217,0.02643600106239319,0,-0.07483351975679398,0.07500000298023224,-0.0014504820574074984,0.01317344605922699,-0.9993054270744324,0.999998927116394,0.0019044694490730762,0.14938466250896454,0.9508101851851852,0.04918981481481482,0,0
L_shape_train_0058,train,L-shape,0.0,0.8491170406341553,0.02103446237742901,0.08844119310379028,0.0,1.0,0.0008323176298290491,0.02630809135735035,0,-0.07483351975679398,0.07500000298023224,-0.0012725993292406201,0.014831144362688065,-0.9993054270744324,0.9999994039535522,0.001988603500649333,0.14511997997760773,0.951171875,0.048828125,0,0
L_shape_train_0059,train,L-shape,0.0,1.0,0.028594983741641045,0.10728828608989716,0.0,0.9906529784202576,0.0030209345277398825,0.05137180536985397,0,-0.07438972592353821,0.0747220367193222,-0.0010028599062934518,0.01702994480729103,-0.9820112586021423,0.9999964833259583,0.0002007392031373456,0.16605044901371002,0.9406828703703703,0.05931712962962963,0,0
L_shape_train_0060,train,L-shape,0.0,0.8430289030075073,0.010843027383089066,0.06192406639456749,0.0,1.0,0.0024564131163060665,0.043918635696172714,0,-0.04264545440673828,0.03768323361873627,-0.00012045699986629188,0.00433144299313426,-0.998612105846405,0.9766644239425659,0.0017367696855217218,0.1405239999294281,0.9576822916666666,0.042317708333333336,0,0
L_shape_train_0061,train,L-shape,0.0,0.834477961063385,0.010007352568209171,0.05112438648939133,0.0,1.0,0.001996462233364582,0.041648879647254944,0,-0.07433627545833588,0.07433034479618073,-0.001969340955838561,0.011217358522117138,-0.9993054270744324,0.999998927116394,0.002667972818017006,0.13704414665699005,0.9569589120370371,0.043041087962962965,0,0
L_shape_train_0062,train,L-shape,0.0,0.8291014432907104,0.004250353667885065,0.02802853472530842,0.0,1.0,0.0009340801043435931,0.02761734463274479,0,-0.07494446635246277,0.07499998807907104,-0.002417951822280884,0.011051428504288197,-0.9928953647613525,0.9999964833259583,0.00030019093537703156,0.1369844377040863,0.9591290509259259,0.04087094907407408,0,0
L_shape_train_0063,train,L-shape,0.0,1.0,0.015021059662103653,0.07688342034816742,0.0,0.9982270002365112,0.0029203039593994617,0.051228273659944534,0,-0.05000000447034836,0.041637688875198364,-0.00040935544529929757,0.007576222065836191,-0.9913396239280701,0.999998927116394,-0.00022478339087683707,0.16610124707221985,0.9377893518518519,0.06221064814814815,0,0
L_shape_train_0064,train,L-shape,0.0,0.8352348804473877,0.01171852182596922,0.06228996813297272,0.0,1.0,0.0007851075497455895,0.02570173889398575,0,-0.07483351975679398,0.07500000298023224,0.0010827662190422416,0.012255296111106873,-0.9993054270744324,0.9999994039535522,0.0032808692194521427,0.11809980869293213,0.9685329861111112,0.03146701388888889,0,0
L_shape_train_0065,train,L-shape,0.0,0.8464304208755493,0.004204045049846172,0.027019189670681953,0.0,1.0,0.0005180383450351655,0.020468425005674362,0,-0.07411286234855652,0.0747220367193222,-0.0014438944635912776,0.011030450463294983,-0.9820112586021423,0.997345507144928,-0.0008523232536390424,0.11388323456048965,0.9688946759259259,0.031105324074074073,0,0
L_shape_train_0066,train,L-shape,0.0,0.8937916159629822,0.019617918878793716,0.08463996648788452,0.0,1.0,0.002679522382095456,0.04779796674847603,0,-0.07384227216243744,0.07500000298023224,-0.0002216339053120464,0.014572970569133759,-0.9993054270744324,0.9999994039535522,0.0036618481390178204,0.13969877362251282,0.9580439814814815,0.04195601851851852,0,0
L_shape_train_0067,train,L-shape,0.0,0.9290580153465271,0.006210103165358305,0.05111432820558548,0.0,1.0,0.0005729682161472738,0.022536249831318855,0,-0.030000008642673492,0.032482877373695374,3.794802614720538e-05,0.0038353633135557175,-0.9607370495796204,0.9766571521759033,0.0015417379327118397,0.11839132755994797,0.9685329861111112,0.03146701388888889,0,0
L_shape_train_0068,train,L-shape,0.0,0.943812906742096,0.008710290305316448,0.05431557819247246,0.0,1.0,0.0007844205247238278,0.02669716440141201,0,0.0,0.06840328872203827,0.0014569011982530355,0.007973329164087772,-0.9943734407424927,0.9421225190162659,-0.0003984787908848375,0.11242576688528061,0.970703125,0.029296875,0,0
L_shape_train_0069,train,L-shape,0.0,0.8850614428520203,0.009403057396411896,0.052723195403814316,0.0,1.0,0.002148183062672615,0.04187547415494919,0,-0.019137486815452576,0.05573040246963501,0.0012187652755528688,0.006482933182269335,-0.998612105846405,0.9571169018745422,-0.002880723448470235,0.14898596704006195,0.9464699074074074,0.053530092592592594,0,0
L_shape_train_0070,train,L-shape,0.0,0.9455790519714355,0.019700685515999794,0.08529030531644821,0.0,1.0,0.0026218676939606667,0.04823353514075279,0,-0.07494446635246277,0.07499998807907104,0.0012668956769630313,0.014372359961271286,-0.9820112586021423,0.9999969601631165,0.0004512864979915321,0.14999783039093018,0.9461082175925926,0.053891782407407406,0,0
L_shape_train_0071,train,L-shape,0.0,0.8949539065361023,0.017238736152648926,0.07938243448734283,0.0,1.0,0.000700978678651154,0.024960501119494438,0,-0.07494446635246277,0.07499998807907104,-0.001496240496635437,0.014366114512085915,-0.9928953647613525,0.9999964833259583,0.0003867789637297392,0.13507643342018127,0.9573206018518519,0.04267939814814815,0,0
L_shape_train_0072,train,L-shape,0.0,0.8791842460632324,0.011246954090893269,0.06316842138767242,0.0,1.0,0.0006910745869390666,0.024542592465877533,0,-0.07483351975679398,0.07500000298023224,-0.0016378327272832394,0.01272705290466547,-0.9993054270744324,0.999998927116394,0.0018053182866424322,0.11998569965362549,0.9667245370370371,0.033275462962962965,0,0
L_shape_train_0073,train,L-shape,0.0,0.8442401885986328,0.014773517847061157,0.07039745151996613,0.0,1.0,0.0019111172296106815,0.03889106586575508,0,-0.07384227216243744,0.07500000298023224,-0.0005857530049979687,0.014383306726813316,-0.9993054270744324,0.9999994039535522,0.003267786232754588,0.14276403188705444,0.9565972222222222,0.043402777777777776,0,0
L_shape_train_0074,train,L-shape,0.0,0.8964083194732666,0.007790721487253904,0.03622027859091759,0.0,1.0,0.0012256650952622294,0.03240104764699936,0,-0.07438972592353821,0.0747220367193222,-0.0021621326450258493,0.013741702772676945,-0.994807243347168,0.9999964833259583,-0.001380736124701798,0.156437486410141,0.9446614583333334,0.055338541666666664,0,0
L_shape_train_0075,train,L-shape,0.0,0.8141983151435852,0.0068468935787677765,0.03984544426202774,0.0,1.0,0.0021712244488298893,0.042236510664224625,0,-0.07384227216243744,0.07433034479618073,-0.002125974278897047,0.010220156982541084,-0.9993054270744324,0.999998927116394,0.0015078901778906584,0.15457740426063538,0.9493634259259259,0.05063657407407408,0,0
L_shape_train_0076,train,L-shape,0.0,0.8746205568313599,0.02105158194899559,0.08301939815282822,0.0,1.0,0.0025961333885788918,0.04685400053858757,0,-0.07494446635246277,0.07499998807907104,0.0022918761242181063,0.014887499623000622,-0.9820112586021423,0.9999969601631165,0.0002988950873259455,0.15020529925823212,0.9435763888888888,0.05642361111111111,0,0
L_shape_train_0077,train,L-shape,0.0,0.9002739787101746,0.010691500268876553,0.05931669473648071,0.0,1.0,0.0005891135660931468,0.023176876828074455,0,-0.07438972592353821,0.0747220367193222,-0.0016692203935235739,0.011740915477275848,-0.9788332581520081,0.9999964833259583,0.001111196237616241,0.1151101291179657,0.9692563657407407,0.03074363425925926,0,0
L_shape_train_0078,train,L-shape,0.0,0.8819158673286438,0.01791788451373577,0.07866894453763962,0.0,1.0,0.002118913922458887,0.04236731305718422,0,-0.07494446635246277,0.07499998807907104,0.001109427772462368,0.01521020196378231,-0.9820112586021423,0.9999969601631165,0.006141143850982189,0.14692369103431702,0.9490017361111112,0.05099826388888889,0,0
L_shape_train_0079,train,L-shape,0.0,0.844409167766571,0.007943077944219112,0.05100978910923004,0.0,1.0,0.0005491120391525328,0.02159705013036728,0,-0.0650000050663948,0.0,-0.0017900714883580804,0.008922274224460125,-0.9913396239280701,0.999998927116394,0.0019433354027569294,0.11780541390180588,0.9685329861111112,0.03146701388888889,0,0
L_shape_train_0080,train,L-shape,0.0,0.9478798508644104,0.006105165928602219,0.03107510879635811,0.0,1.0,0.0032137541566044092,0.055068835616111755,0,-0.07411286234855652,0.07500000298023224,-0.0016215526266023517,0.014388740994036198,-0.9991823434829712,0.9999964833259583,-0.0008331590797752142,0.14663034677505493,0.9540653935185185,0.04593460648148148,0,0
L_shape_train_0081,train,L-shape,0.0,0.8702530860900879,0.012011883780360222,0.0544499009847641,0.0,1.0,0.000776136526837945,0.02552412450313568,0,-0.07384227216243744,0.07500000298023224,-0.0017880386440083385,0.013695613481104374,-0.9993054270744324,0.999998927116394,0.004325211979448795,0.15849047899246216,0.9461082175925926,0.053891782407407406,0,0
L_shape_train_0082,train,L-shape,0.0,0.809054970741272,0.0033497391268610954,0.032892074435949326,0.0,1.0,0.0006060614250600338,0.02172021009027958,0,-0.040000006556510925,0.010078102350234985,-0.0005632697721011937,0.003981162793934345,-0.9913396239280701,0.9766571521759033,0.0013125856639817357,0.10477501899003983,0.9739583333333334,0.026041666666666668,0,0
L_shape_train_0083,train,L-shape,0.0,0.9026851654052734,0.023194193840026855,0.08864894509315491,0.0,1.0,0.0028113971929997206,0.0495593324303627,0,-0.07438972592353821,0.0747220367193222,0.0004477782640606165,0.016478102654218674,-0.9943734407424927,0.9999964833259583,-0.0009085468482226133,0.17141376435756683,0.931640625,0.068359375,0,0
L_shape_train_0084,train,L-shape,0.0,0.928333580493927,0.010824405588209629,0.059437528252601624,0.0,1.0,0.0008004609262570739,0.02619645930826664,0,-0.07438972592353821,0.07455511391162872,0.0024128626100718975,0.011400804854929447,-0.971254289150238,0.9999969601631165,0.0002523672301322222,0.12197098135948181,0.9641927083333334,0.035807291666666664,0,0
L_shape_train_0085,train,L-shape,0.0,0.9477648735046387,0.01909850351512432,0.09094032645225525,0.0,1.0,0.002080675447359681,0.04327479749917984,0,-0.07494446635246277,0.07499998807907104,0.0016134204342961311,0.013407930731773376,-0.9820112586021423,0.9999969601631165,0.0007093039457686245,0.12566857039928436,0.9620225694444444,0.03797743055555555,0,0
L_shape_train_0086,train,L-shape,0.0,0.8760894536972046,0.016468429937958717,0.07062678039073944,0.0,1.0,0.002185662044212222,0.04412895441055298,0,-0.07411286234855652,0.07500000298023224,0.0014334089355543256,0.01490836963057518,-0.9820112586021423,0.9999969601631165,0.004709537606686354,0.1504398137331009,0.9486400462962963,0.051359953703703706,0,0
L_shape_train_0087,train,L-shape,0.0,0.8605695962905884,0.005429056938737631,0.028401242569088936,0.0,1.0,0.0007122657843865454,0.024323424324393272,0,-0.07483351975679398,0.07500000298023224,0.0016882307827472687,0.014565562829375267,-0.9993054270744324,0.9999994039535522,0.0032932874746620655,0.15058894455432892,0.9479166666666666,0.052083333333333336,0,0
L_shape_train_0088,train,L-shape,0.0,0.8368803262710571,0.00496666319668293,0.0338539257645607,0.0,1.0,0.0009389992919750512,0.027721386402845383,0,-0.05000000447034836,0.011012420058250427,-0.001130913384258747,0.005865286570042372,-0.998612105846405,0.999998927116394,0.0006132029229775071,0.13840191066265106,0.9605758101851852,0.03942418981481482,0,0
L_shape_train_0089,train,L-shape,0.0,0.8920097947120667,0.008042455650866032,0.04238753393292427,0.0,1.0,0.0020586729515343904,0.041151683777570724,0,-0.07389162480831146,0.07500000298023224,-0.0012412375072017312,0.014742035418748856,-0.9986152648925781,0.9999964833259583,-0.00022269785404205322,0.1418418437242508,0.9537037037037037,0.046296296296296294,0,0
L_shape_train_0090,train,L-shape,0.0,0.8780224323272705,0.013154334388673306,0.0627434030175209,0.0,1.0,0.002139982068911195,0.04225706681609154,0,-0.07411286234855652,0.0747220367193222,0.0012231835862621665,0.013563421554863453,-0.9820112586021423,0.9999969601631165,-0.00012485614570323378,0.14128050208091736,0.9569589120370371,0.043041087962962965,0,0
L_shape_train_0091,train,L-shape,0.0,0.9267677664756775,0.010722499340772629,0.06012766808271408,0.0,1.0,0.0025253738276660442,0.04703531786799431,0,-0.005000010132789612,0.07455511391162872,0.0025642518885433674,0.01097013708204031,-0.971254289150238,0.9999969601631165,0.0011703858617693186,0.15366554260253906,0.9450231481481481,0.05497685185185185,0,0
L_shape_train_0092,train,L-shape,0.0,0.8811675310134888,0.003665654920041561,0.029132511466741562,0.0,1.0,0.0007990146987140179,0.025334127247333527,0,-0.07054413855075836,0.0,-0.0016836590366438031,0.008569253608584404,-0.994807243347168,0.9999964833259583,0.0002564810565672815,0.1250218003988266,0.9649160879629629,0.035083912037037035,0,0
L_shape_train_0093,train,L-shape,0.0,0.8430871367454529,0.0070660007186234,0.03832406550645828,0.0,1.0,0.0007455046288669109,0.025472957640886307,0,-0.07384227216243744,0.07500000298023224,-0.0021275938488543034,0.01108462829142809,-0.9993054270744324,0.999998927116394,0.0014862956013530493,0.15128986537456512,0.9508101851851852,0.04918981481481482,0,0
L_shape_train_0094,train,L-shape,0.0,0.8738890886306763,0.018528832122683525,0.08751264214515686,0.0,1.0,0.0009142139460891485,0.027909323573112488,0,-0.07483351975679398,0.07500000298023224,-0.0008168037165887654,0.013890806585550308,-0.9993054270744324,0.999998927116394,0.0011511160992085934,0.1278264969587326,0.9641927083333334,0.035807291666666664,0,0
L_shape_train_0095,train,L-shape,0.0,0.8484707474708557,0.004208515863865614,0.02763996832072735,0.0,1.0,0.0006320588872767985,0.02356422133743763,0,-0.07405753433704376,0.07388612627983093,-0.0020176249090582132,0.009658291935920715,-0.9820112586021423,0.9932713508605957,-0.00218151044100523,0.12543226778507233,0.9631076388888888,0.03689236111111111,0,0
L_shape_train_0096,train,L-shape,0.0,0.904557466506958,0.009479667991399765,0.0554565005004406,0.0,1.0,0.0010101421503350139,0.02973623387515545,0,-0.025000005960464478,0.06289666891098022,0.0013293646043166518,0.008401640690863132,-0.971254289150238,0.9999969601631165,0.0009752601617947221,0.15769892930984497,0.9446614583333334,0.055338541666666664,0,0
L_shape_train_0097,train,L-shape,0.0,0.9065755605697632,0.010823013260960579,0.06545448303222656,0.0,1.0,0.000724533514585346,0.025707555934786797,0,-0.042995333671569824,0.03741665184497833,-0.00010858850146178156,0.004227413795888424,-0.950625479221344,0.9766644239425659,0.0006858674460090697,0.1328839659690857,0.9609375,0.0390625,0,0
L_shape_train_0098,train,L-shape,0.0,0.9443798661231995,0.01411973312497139,0.07133648544549942,0.0,1.0,0.0008387046400457621,0.02741953171789646,0,-0.07411286234855652,0.0747220367193222,0.0011842570966109633,0.014006264507770538,-0.9820112586021423,0.9999969601631165,0.00150011177174747,0.13213485479354858,0.9594907407407407,0.04050925925925926,0,0
L_shape_train_0099,train,L-shape,0.0,0.8203337788581848,0.006923684384673834,0.03898896649479866,0.0,1.0,0.002369778463616967,0.04194647818803787,0,-0.07361537218093872,0.07500000298023224,0.0027000010013580322,0.012347802519798279,-0.966776430606842,0.9999969601631165,0.0014043902046978474,0.17155806720256805,0.9327256944444444,0.06727430555555555,0,0
L_shape_train_0100,train,L-shape,0.0,0.8438504934310913,0.0035323803313076496,0.033611178398132324,0.0,1.0,0.0009130778489634395,0.02785738930106163,0,-0.04500000923871994,0.01918923854827881,-0.0007066598627716303,0.004942924715578556,-0.9913396239280701,0.9766571521759033,0.001904108328744769,0.12762239575386047,0.9616608796296297,0.03833912037037037,0,0
L_shape_train_0101,train,L-shape,0.0,0.8839083909988403,0.007052851840853691,0.04272064194083214,0.0,1.0,0.0008450956083834171,0.02671334519982338,0,-0.07411286234855652,0.07500000298023224,0.0019151135347783566,0.014321242459118366,-0.9820112586021423,0.9999969601631165,0.0020460172090679407,0.1575774848461151,0.9432146990740741,0.05678530092592592,0,0
L_shape_train_0102,train,L-shape,0.0,0.8594417572021484,0.005343087483197451,0.033694516867399216,0.0,1.0,0.0008828980498947203,0.026975736021995544,0,-0.07384227216243744,0.07500000298023224,-0.0022279880940914154,0.012651581317186356,-0.9993054270744324,0.999998927116394,0.0016012785490602255,0.1537814885377884,0.9479166666666666,0.052083333333333336,0,0
L_shape_train_0103,train,L-shape,0.0,0.835928201675415,0.013177977874875069,0.06812489032745361,0.0,1.0,0.0006557570304721594,0.023343244567513466,0,-0.029791854321956635,0.05359272658824921,0.0007416298030875623,0.005880008917301893,-0.998612105846405,0.9571169018745422,-0.00028548133559525013,0.14203253388404846,0.9551504629629629,0.044849537037037035,0,0
L_shape_train_0104,train,L-shape,0.0,0.9000470638275146,0.00440558698028326,0.024380134418606758,0.0,1.0,0.0011828445130959153,0.03211700916290283,0,-0.07405753433704376,0.0747220367193222,-0.0024142200127243996,0.012075992301106453,-0.9820112586021423,0.9999964833259583,-0.0008767735562287271,0.14847101271152496,0.9461082175925926,0.053891782407407406,0,0
L_shape_train_0105,train,L-shape,0.0,0.914212167263031,0.019546406343579292,0.07980598509311676,0.0,1.0,0.0024645966477692127,0.04587254300713539,0,-0.07483351975679398,0.07500000298023224,-0.001953918021172285,0.015243503265082836,-0.9993054270744324,0.999998927116394,0.0018054069951176643,0.15129967033863068,0.9490017361111112,0.05099826388888889,0,0
L_shape_train_0106,train,L-shape,0.0,0.9439911246299744,0.007118347566574812,0.04629364609718323,0.0,1.0,0.0011305855587124825,0.03227873519062996,0,-0.00919872522354126,0.0691460520029068,0.0018467619083821774,0.00858384370803833,-0.998612105846405,0.9628074765205383,-0.00046061971806921065,0.13795526325702667,0.9533420138888888,0.04665798611111111,0,0
L_shape_train_0107,train,L-shape,0.0,0.8956191539764404,0.01787194237112999,0.0740959569811821,0.0,1.0,0.0026419509667903185,0.04914325848221779,0,-0.07389162480831146,0.07500000298023224,0.001198014710098505,0.015102948062121868,-0.9986152648925781,0.9999969601631165,-0.0008518598042428493,0.1484229862689972,0.9497251157407407,0.05027488425925926,0,0
L_shape_train_0108,train,L-shape,0.0,0.8254203200340271,0.010892188176512718,0.05039917677640915,0.0,1.0,0.00106510438490659,0.02895488776266575,0,-0.07389162480831146,0.07500000298023224,0.0023968343157321215,0.010929834097623825,-0.966776430606842,0.9999969601631165,-0.0006102126208133996,0.15259143710136414,0.9435763888888888,0.05642361111111111,0,0
L_shape_train_0109,train,L-shape,0.0,0.865735650062561,0.009255008772015572,0.04882548004388809,0.0,1.0,0.0025470550172030926,0.04631723091006279,0,-0.05944615602493286,0.024928554892539978,-0.0014254865236580372,0.007343245204538107,-0.998612105846405,0.9766644239425659,0.0011049980530515313,0.1622566431760788,0.94140625,0.05859375,0,0
L_shape_train_0110,train,L-shape,0.0,0.9179719090461731,0.013170682825148106,0.07352135330438614,0.0,1.0,0.0006277452339418232,0.023405030369758606,0,-0.07411286234855652,0.0747220367193222,0.0010987017303705215,0.012052921578288078,-0.9820112586021423,0.9969497919082642,0.0019305578898638487,0.11422973871231079,0.9728732638888888,0.027126736111111112,0,0
L_shape_train_0111,train,L-shape,0.0,0.9601379632949829,0.008751515299081802,0.05030323192477226,0.0,1.0,0.0005925919394940138,0.02328776940703392,0,-0.07094306498765945,0.004029214382171631,-0.0015219671186059713,0.007814833894371986,-0.956943690776825,0.999998927116394,0.0022968114353716373,0.12315353751182556,0.9652777777777778,0.034722222222222224,0,0
L_shape_train_0112,train,L-shape,0.0,0.9265040755271912,0.018684115260839462,0.09226638078689575,0.0,1.0,0.0022546378895640373,0.04490036144852638,0,-0.07483351975679398,0.07500000298023224,-0.0002660080208443105,0.013550224713981152,-0.9993054270744324,0.9999994039535522,0.0020576324313879013,0.1275852918624878,0.9656394675925926,0.034360532407407406,0,0
L_shape_train_0113,train,L-shape,0.0,0.8824194073677063,0.01986999809741974,0.0768439769744873,0.0,1.0,0.002578376792371273,0.04691499471664429,0,-0.07389162480831146,0.07500000298023224,0.0005288701504468918,0.016514597460627556,-0.9788332581520081,0.9999969601631165,0.00022471026750281453,0.15648964047431946,0.9432146990740741,0.05678530092592592,0,0
L_shape_train_0114,train,L-shape,0.0,0.8778452277183533,0.009852400980889797,0.05352403596043587,0.0,1.0,0.0026579510886222124,0.04785311222076416,0,-0.07384227216243744,0.02755279839038849,-0.0018666739342734218,0.009172877296805382,-0.9993054270744324,0.999998927116394,-0.0014651425881311297,0.1708395630121231,0.9359809027777778,0.06401909722222222,0,0
L_shape_train_0115,train,L-shape,0.0,0.8194310069084167,0.012781972996890545,0.05956488847732544,0.0,1.0,0.0025400181766599417,0.04590838775038719,0,-0.07438972592353821,0.0747220367193222,0.0011791756842285395,0.014465904794633389,-0.9943734407424927,0.9640410542488098,0.0006094440468586981,0.15201328694820404,0.9432146990740741,0.05678530092592592,0,0
L_shape_train_0116,train,L-shape,0.0,0.8649240136146545,0.005826912354677916,0.034574244171381,0.0,1.0,0.0028170552104711533,0.05002893507480621,0,-0.07494446635246277,0.07455511391162872,-0.0018850460182875395,0.012623266316950321,-0.994807243347168,0.9973381757736206,0.000934548384975642,0.1419692188501358,0.9555121527777778,0.044487847222222224,0,0
L_shape_train_0117,train,L-shape,0.0,0.9768791794776917,0.00968839880079031,0.0563109889626503,0.0,1.0,0.0020127391908317804,0.04197012633085251,0,-0.0187559574842453,0.06691010296344757,0.001600976218469441,0.008085493929684162,-0.998612105846405,0.9628074765205383,4.857040403294377e-05,0.14818382263183594,0.9493634259259259,0.05063657407407408,0,0
L_shape_train_0118,train,L-shape,0.0,0.9451706409454346,0.03190247714519501,0.11744767427444458,0.0,1.0,0.002443198813125491,0.04509288817644119,0,-0.07483351975679398,0.07500000298023224,-0.0009063501493074,0.017087867483496666,-0.9993054270744324,0.9999994039535522,0.0026391614228487015,0.16397228837013245,0.9381510416666666,0.061848958333333336,0,0
L_shape_train_0119,train,L-shape,0.0,0.8209978342056274,0.00617554597556591,0.03253968060016632,0.0,1.0,0.0006838542176410556,0.02345062792301178,0,-0.07405753433704376,0.0747220367193222,-0.002441439079120755,0.011820784769952297,-0.9820112586021423,0.9999964833259583,-0.0003767157031688839,0.1461814045906067,0.951171875,0.048828125,0,0
L_shape_train_0120,train,L-shape,0.0,0.9607716798782349,0.00672944076359272,0.04571295157074928,0.0,1.0,0.000933926785364747,0.029380545020103455,0,-0.01961594820022583,0.063600093126297,0.0012376882368698716,0.006917515769600868,-0.998612105846405,0.9766644239425659,3.6813817132497206e-05,0.13439859449863434,0.9580439814814815,0.04195601851851852,0,0
L_shape_train_0121,train,L-shape,0.0,0.9407904744148254,0.008161071687936783,0.05130520835518837,0.0,1.0,0.0005779173225164413,0.022741634398698807,0,-0.05037570744752884,0.012249812483787537,-0.0008079170947894454,0.004840814508497715,-0.9913396239280701,0.9766644239425659,0.0023454318288713694,0.11881867796182632,0.9688946759259259,0.031105324074074073,0,0
L_shape_train_0122,train,L-shape,0.0,0.8685056567192078,0.01713808812201023,0.08592444658279419,0.0,1.0,0.002135029062628746,0.04262208193540573,0,-0.07494446635246277,0.07499998807907104,-0.0002684725041035563,0.013499308377504349,-0.9820112586021423,0.9999969601631165,0.0002005781134357676,0.1242436021566391,0.9649160879629629,0.035083912037037035,0,0
L_shape_train_0123,train,L-shape,0.0,0.8844298124313354,0.013040796853601933,0.07173548638820648,0.0,1.0,0.0007950422586873174,0.027030525729060173,0,-0.019615963101387024,0.063600093126297,0.0013935723109170794,0.007835512980818748,-0.9943734407424927,0.9766571521759033,-0.0013178378576412797,0.14682671427726746,0.9522569444444444,0.04774305555555555,0,0
L_shape_train_0124,train,L-shape,0.0,0.8812777400016785,0.012211227789521217,0.0606093555688858,0.0,1.0,0.001058669644407928,0.030233437195420265,0,-0.07384227216243744,0.07500000298023224,-0.0020015749614685774,0.012817001901566982,-0.9993054270744324,0.999998927116394,0.0030314093455672264,0.15404312312602997,0.9471932870370371,0.052806712962962965,0,0
L_shape_train_0125,train,L-shape,0.0,0.8638980388641357,0.019387638196349144,0.08293836563825607,0.0,1.0,0.0007423656643368304,0.025316113606095314,0,-0.07411286234855652,0.07500000298023224,0.000726854195818305,0.014621935784816742,-0.9820112586021423,0.9999969601631165,0.0015983434859663248,0.14606085419654846,0.9547887731481481,0.04521122685185185,0,0
L_shape_train_0126,train,L-shape,0.0,0.8544890880584717,0.006305736489593983,0.04140634834766388,0.0,1.0,0.0008061450207605958,0.02562635764479637,0,-0.009910747408866882,0.07410933077335358,0.0020148707553744316,0.00915020052343607,-0.966776430606842,0.9999969601631165,-0.0012556234141811728,0.1424780637025833,0.9515335648148148,0.04846643518518518,0,0
L_shape_train_0127,train,L-shape,0.0,0.937629759311676,0.005331579130142927,0.03858062997460365,0.0,1.0,0.0005751607241109014,0.022589677944779396,0,-0.043933987617492676,0.013248264789581299,-0.0006732312613166869,0.004259032197296619,-0.998612105846405,0.9766644239425659,0.0028136009350419044,0.1185961663722992,0.9721498842592593,0.02785011574074074,0,0
L_shape_train_0128,train,L-shape,0.0,0.9059768319129944,0.007729584351181984,0.044786714017391205,0.0,1.0,0.0018696746556088328,0.04019584134221077,0,-0.07450057566165924,0.07455511391162872,-0.0013409416424110532,0.012130440212786198,-0.994807243347168,0.9973381757736206,0.0009330197935923934,0.1363150179386139,0.9594907407407407,0.04050925925925926,0,0
L_shape_train_0129,train,L-shape,0.0,0.9095034599304199,0.01147341076284647,0.0574553981423378,0.0,1.0,0.002623209496960044,0.04770528897643089,0,-0.021839946508407593,0.069146066904068,0.0019161566160619259,0.00865662470459938,-0.998612105846405,0.9999969601631165,0.0003556412411853671,0.16237957775592804,0.9395978009259259,0.06040219907407408,0,0
L_shape_train_0130,train,L-shape,0.0,0.8173874616622925,0.01598377712070942,0.06711683422327042,0.0,1.0,0.0021020909771323204,0.041483279317617416,0,-0.07411286234855652,0.07500000298023224,0.000979209435172379,0.015702469274401665,-0.9820112586021423,0.9999969601631165,0.003387657692655921,0.14840802550315857,0.9497251157407407,0.05027488425925926,0,0
L_shape_train_0131,train,L-shape,0.0,0.9527447819709778,0.010956601239740849,0.04776935279369354,0.0,1.0,0.0027476211544126272,0.04840607941150665,0,-0.07411286234855652,0.07500000298023224,-0.0012423568405210972,0.015394382178783417,-0.9820112586021423,0.997345507144928,0.0028793420642614365,0.1675943285226822,0.9341724537037037,0.0658275462962963,0,0
L_shape_train_0132,train,L-shape,0.0,0.917198121547699,0.009700717404484749,0.05983836576342583,0.0,1.0,0.0017332482384517789,0.03938571736216545,0,-0.024103224277496338,0.046086713671684265,0.0005629280931316316,0.004844349343329668,-0.9943734407424927,0.9571169018745422,0.000700373318977654,0.1303284764289856,0.9627459490740741,0.03725405092592592,0,0
L_shape_train_0133,train,L-shape,0.0,0.8047240972518921,0.011625890620052814,0.05867055058479309,0.0,1.0,0.0006834804080426693,0.023381292819976807,0,-0.05500000715255737,0.008902475237846375,-0.0015779929235577583,0.007290812209248543,-0.9913396239280701,0.999998927116394,0.000396512245060876,0.14427317678928375,0.9537037037037037,0.046296296296296294,0,0
L_shape_train_0134,train,L-shape,0.0,0.9192392826080322,0.007619369775056839,0.040595538914203644,0.0,1.0,0.0009888679487630725,0.030084194615483284,0,-0.07411286234855652,0.07500000298023224,-0.0013948561390861869,0.013745005242526531,-0.9991823434829712,0.9999964833259583,3.943495812563924e-06,0.1362730711698532,0.9612991898148148,0.03870081018518518,0,0
L_shape_train_0135,train,L-shape,0.0,0.8695206046104431,0.005929283332079649,0.040202993899583817,0.0,1.0,0.0005977133987471461,0.022336026653647423,0,-0.0043978095054626465,0.07388612627983093,0.0019536318723112345,0.00928198080509901,-0.998612105846405,0.9640410542488098,-0.004107075743377209,0.13413284718990326,0.9569589120370371,0.043041087962962965,0,0
L_shape_train_0136,train,L-shape,0.0,0.9450143575668335,0.010330368764698505,0.05329582095146179,0.0,1.0,0.003785443492233753,0.05792028829455376,0,-0.07273365557193756,0.07500000298023224,0.002607024973258376,0.011079694144427776,-0.998612105846405,0.9999969601631165,0.0013146573910489678,0.1711835265159607,0.9330873842592593,0.06691261574074074,0,0
L_shape_train_0137,train,L-shape,0.0,0.9596357345581055,0.0096039529889822,0.0472600981593132,0.0,1.0,0.000775371037889272,0.02639467641711235,0,-0.07389162480831146,0.07500000298023224,-0.0018514327239245176,0.013620031997561455,-0.9986152648925781,0.9999964833259583,-0.0002411515306448564,0.14250506460666656,0.9533420138888888,0.04665798611111111,0,0
L_shape_train_0138,train,L-shape,0.0,0.8721886277198792,0.011930441483855247,0.058792706578969955,0.0,1.0,0.00358720519579947,0.054914191365242004,0,-0.037194862961769104,0.055912598967552185,0.0008290220866911113,0.006948141846805811,-0.998612105846405,0.9766644239425659,0.0008524412987753749,0.16837076842784882,0.9345341435185185,0.06546585648148148,0,0
L_shape_train_0139,train,L-shape,0.0,0.8273023366928101,0.011449731886386871,0.05525986850261688,0.0,1.0,0.0025014111306518316,0.04658355936408043,0,-0.027423501014709473,0.06931711733341217,0.0018324992852285504,0.009218248538672924,-0.998612105846405,0.9640410542488098,-0.0019577385392040014,0.16658537089824677,0.9359809027777778,0.06401909722222222,0,0
L_shape_train_0140,train,L-shape,0.0,0.9657114148139954,0.014910309575498104,0.07218335568904877,0.0,1.0,0.0017357374308630824,0.03932897374033928,0,-0.07494446635246277,0.07455511391162872,-0.0009570475667715073,0.013126851990818977,-0.9928953647613525,0.9973381757736206,-0.0004270212084520608,0.12430784106254578,0.9634693287037037,0.036530671296296294,0,0
L_shape_train_0141,train,L-shape,0.0,0.9319039583206177,0.010786402970552444,0.057068921625614166,0.0,1.0,0.0007127938442863524,0.02535679005086422,0,-0.07405753433704376,0.07388612627983093,0.002145728562027216,0.009918366558849812,-0.998612105846405,0.9640410542488098,-0.0003781848354265094,0.1478743851184845,0.9493634259259259,0.05063657407407408,0,0
L_shape_train_0142,train,L-shape,0.0,0.8487213253974915,0.009131504222750664,0.057557929307222366,0.0,1.0,0.000656746793538332,0.023515798151493073,0,-0.07221826165914536,0.07500000298023224,-0.0015780432149767876,0.009140096604824066,-0.956943690776825,0.999998927116394,0.0010967066045850515,0.11352554708719254,0.9699797453703703,0.03002025462962963,0,0
L_shape_train_0143,train,L-shape,0.0,0.8673959374427795,0.009576610289514065,0.04348969832062721,0.0,1.0,0.0008169886423274875,0.026689762249588966,0,-0.07411286234855652,0.0747220367193222,-0.0021554590202867985,0.014075818471610546,-0.9820112586021423,0.9999964833259583,-0.000480911519844085,0.14743094146251678,0.9508101851851852,0.04918981481481482,0,0
L_shape_train_0144,train,L-shape,0.0,0.9362603425979614,0.007158180698752403,0.045741356909275055,0.0,1.0,0.001223935279995203,0.0331852100789547,0,-0.07372584939002991,0.07410933077335358,0.002427128842100501,0.011943564750254154,-0.966776430606842,0.9999969601631165,-0.0004189914034213871,0.15021704137325287,0.9490017361111112,0.05099826388888889,0,0
L_shape_train_0145,train,L-shape,0.0,0.9054821729660034,0.016294190660119057,0.08209891617298126,0.0,1.0,0.0026546644512563944,0.04790528491139412,0,-0.05291756987571716,0.04811611771583557,-8.577312109991908e-05,0.006470304448157549,-0.998612105846405,0.999998927116394,0.00033025690936483443,0.17010396718978882,0.9359809027777778,0.06401909722222222,0,0
L_shape_train_0146,train,L-shape,0.0,0.8033844828605652,0.006420054007321596,0.03493659570813179,0.0,1.0,0.0008293795399367809,0.026179544627666473,0,-0.07411287724971771,0.0,-0.002201354131102562,0.010399442166090012,-0.9928953647613525,0.9999964833259583,0.0008319379412569106,0.12595263123512268,0.9649160879629629,0.035083912037037035,0,0
L_shape_train_0147,train,L-shape,0.0,0.8602535128593445,0.01383840199559927,0.06718209385871887,0.0,1.0,0.0025436568539589643,0.04509264603257179,0,-0.03500000387430191,0.053960785269737244,0.0008197763236239552,0.008190753869712353,-0.9913396239280701,0.9999969601631165,0.0031098690815269947,0.1777675896883011,0.9312789351851852,0.06872106481481481,0,0
L_shape_train_0148,train,L-shape,0.0,0.8702622056007385,0.02090584486722946,0.08838537335395813,0.0,1.0,0.0027909220661967993,0.04812632128596306,0,-0.07483351975679398,0.07500000298023224,-0.0007862694328650832,0.014919416047632694,-0.9993054270744324,0.9999994039535522,0.0014527105959132314,0.14473605155944824,0.9515335648148148,0.04846643518518518,0,0
L_shape_train_0149,train,L-shape,0.0,0.9307398796081543,0.017143448814749718,0.07300259172916412,0.0,1.0,0.0008459769305773079,0.026703882962465286,0,-0.07494446635246277,0.07499998807907104,-0.00251304660923779,0.01530363131314516,-0.9928953647613525,0.9999964833259583,0.0014061356196179986,0.14986763894557953,0.9461082175925926,0.053891782407407406,0,0
L_shape_train_0150,train,L-shape,0.0,0.982896625995636,0.022163452580571175,0.09366364032030106,0.0,1.0,0.0028275582008063793,0.05031803995370865,0,-0.07483351975679398,0.07500000298023224,-0.0010822839103639126,0.014609185047447681,-0.9993054270744324,0.999998927116394,0.002728144871070981,0.14208438992500305,0.9551504629629629,0.044849537037037035,0,0
L_shape_train_0151,train,L-shape,0.0,0.8996599912643433,0.01370018720626831,0.05488024279475212,0.0,1.0,0.002678793389350176,0.04874345660209656,0,-0.07384227216243744,0.07500000298023224,-0.0018175417790189385,0.014721263200044632,-0.9993054270744324,0.9999994039535522,0.0008810513536445796,0.16185583174228668,0.9421296296296297,0.05787037037037037,0,0
L_shape_train_0152,train,L-shape,0.0,0.9186903834342957,0.009991307742893696,0.05957811325788498,0.0,1.0,0.0009369134204462171,0.028526535257697105,0,-0.07494446635246277,0.07499998807907104,-0.0025232499465346336,0.011745383962988853,-0.9928953647613525,0.9999964833259583,-0.001117465435527265,0.12295226007699966,0.9660011574074074,0.033998842592592594,0,0
L_shape_train_0153,train,L-shape,0.0,0.84531569480896,0.026704732328653336,0.10250196605920792,0.0,1.0,0.000788360892329365,0.025812936946749687,0,-0.07384227216243744,0.07500000298023224,-0.0008628204232081771,0.015602332539856434,-0.9993054270744324,0.9999994039535522,0.0031315821688622236,0.15569423139095306,0.9475549768518519,0.05244502314814815,0,0
L_shape_train_0154,train,L-shape,0.0,0.9346790313720703,0.016132976859807968,0.07086210697889328,0.0,1.0,0.0025650665629655123,0.04770622402429581,0,-0.07389162480831146,0.07500000298023224,0.0025981685612350702,0.013252440840005875,-0.966776430606842,0.9999969601631165,0.0030279478523880243,0.15279054641723633,0.9424913194444444,0.05750868055555555,0,0
L_shape_train_0155,train,L-shape,0.0,0.8951605558395386,0.010663150809705257,0.0483131967484951,0.0,1.0,0.002291093347594142,0.04441076144576073,0,-0.07389162480831146,0.07500000298023224,-0.0016604867996647954,0.014332634396851063,-0.9991823434829712,0.9999964833259583,6.506936915684491e-05,0.14551027119159698,0.9500868055555556,0.04991319444444445,0,0
L_shape_train_0156,train,L-shape,0.0,0.8292919397354126,0.020237065851688385,0.08409528434276581,0.0,1.0,0.0020143010187894106,0.04084554314613342,0,-0.07438972592353821,0.0747220367193222,0.00048063680878840387,0.01495577022433281,-0.9820112586021423,0.9999964833259583,0.00046212549204938114,0.1472409963607788,0.9504484953703703,0.04955150462962963,0,0
L_shape_train_0157,train,L-shape,0.0,0.8689214587211609,0.015357204712927341,0.061930738389492035,0.0,1.0,0.003167673945426941,0.05126865208148956,0,-0.07483351975679398,0.07500000298023224,-0.0032838936895132065,0.014876318164169788,-0.9993054270744324,0.999998927116394,0.008506204932928085,0.18253496289253235,0.9273003472222222,0.07269965277777778,0,0
L_shape_train_0158,train,L-shape,0.0,0.8457596898078918,0.022846737876534462,0.08811889588832855,0.0,1.0,0.0010125114349648356,0.029100732877850533,0,-0.07411286234855652,0.07500000298023224,8.8416418293491e-05,0.01676236279308796,-0.9820112586021423,0.9999969601631165,0.002332485280930996,0.1628088653087616,0.9406828703703703,0.05931712962962963,0,0
L_shape_train_0159,train,L-shape,0.0,0.8350877165794373,0.0169840045273304,0.06847096979618073,0.0,1.0,0.00254449644125998,0.045971810817718506,0,-0.07384227216243744,0.07500000298023224,-0.0008371578878723085,0.015304646454751492,-0.9993054270744324,0.9999994039535522,0.004809045698493719,0.15765666961669922,0.9464699074074074,0.053530092592592594,0,0
double_line_train_0000,train,double-line,0.0,0.863270103931427,0.008136793039739132,0.0580965019762516,0.0,1.0,0.0010157048236578703,0.02851405367255211,0,-0.033380962908267975,0.038679614663124084,0.00014202635793481022,0.003618033602833748,-0.998612105846405,0.9766644239425659,0.00022795431141275913,0.12022549659013748,0.9696180555555556,0.030381944444444444,0,0
double_line_train_0001,train,double-line,0.0,0.8332520723342896,0.008203667588531971,0.04329181835055351,0.0,1.0,0.0013511930592358112,0.0339784137904644,0,-0.05513167381286621,0.024928554892539978,-0.0010657614329829812,0.006313462276011705,-0.998612105846405,0.9766644239425659,-0.0006668638088740408,0.15631046891212463,0.9453125,0.0546875,0,0
double_line_train_0002,train,double-line,0.0,0.9771245121955872,0.013393298722803593,0.07634341716766357,0.0,1.0,0.0009573069983161986,0.02686735801398754,0,-0.07494446635246277,0.07499998807907104,0.0005060943658463657,0.013764378614723682,-0.9820112586021423,0.9999969601631165,-0.0015716099878773093,0.11591506004333496,0.9674479166666666,0.032552083333333336,0,0
double_line_train_0003,train,double-line,0.0,0.9217057228088379,0.009323077276349068,0.060453157871961594,0.0,1.0,0.0005896000657230616,0.0221799835562706,0,-0.029895886778831482,0.02867567539215088,-4.729744978249073e-05,0.003302209312096238,-0.9943734407424927,0.9766571521759033,0.0006679401267319918,0.12268011271953583,0.9670862268518519,0.03291377314814815,0,0
double_line_train_0004,train,double-line,0.0,1.0,0.006027626805007458,0.047710396349430084,0.0,0.9910150170326233,0.0008238702430389822,0.026090141385793686,0,-0.004655584692955017,0.05155643820762634,0.0007951055304147303,0.004900987725704908,-0.9367321133613586,0.9517656564712524,0.0002971492358483374,0.10811720043420792,0.9743923611111112,0.025607638888888888,0,0
double_line_train_0005,train,double-line,0.0,0.9045705199241638,0.01739458739757538,0.06947524100542068,0.0,1.0,0.0026506688445806503,0.04588325321674347,0,-0.07438972592353821,0.0747220367193222,-0.0010735733667388558,0.015962986275553703,-0.9928953647613525,0.9999964833259583,0.00022455608996096998,0.16217127442359924,0.9406828703703703,0.05931712962962963,0,0
double_line_train_0006,train,double-line,0.0,0.9944866299629211,0.0067256540060043335,0.04998736456036568,0.0,1.0,0.0008356515900231898,0.02652406319975853,0,-0.009910747408866882,0.0464688241481781,0.0008545541204512119,0.00513593340292573,-0.961885392665863,0.9517656564712524,0.0016018174355849624,0.12289072573184967,0.9644097222222222,0.035590277777777776,0,0
double_line_train_0007,train,double-line,0.0,0.9336301684379578,0.008400468155741692,0.051137812435626984,0.0,1.0,0.0007738962885923684,0.024595052003860474,0,-0.012704700231552124,0.07102034986019135,0.0018338478403165936,0.008545159362256527,-0.966776430606842,0.9999969601631165,-0.0006140900077298284,0.1385796070098877,0.9537037037037037,0.046296296296296294,0,0
double_line_train_0008,train,double-line,0.0,0.9859210848808289,0.020740756765007973,0.08755425363779068,0.0,1.0,0.0012756974902004004,0.032310448586940765,0,-0.07411286234855652,0.07500000298023224,-0.00014535269292537123,0.015751728788018227,-0.9820112586021423,0.9999969601631165,0.0008461240795440972,0.15258589386940002,0.9487847222222222,0.051215277777777776,0,0
double_line_train_0009,train,double-line,0.0,0.9953042268753052,0.02424883469939232,0.09901683777570724,0.0,1.0,0.0008708504610694945,0.027473144233226776,0,-0.07483351975679398,0.07500000298023224,-0.0005829448346048594,0.01617877185344696,-0.9993054270744324,0.9999994039535522,0.0018107104115188122,0.15570862591266632,0.9457465277777778,0.054253472222222224,0,0
double_line_train_0010,train,double-line,0.0,0.9436188340187073,0.020275266841053963,0.0954417809844017,0.0,1.0,0.0011505198199301958,0.02936227060854435,0,-0.07384227216243744,0.07500000298023224,0.0016531628789380193,0.0131277060136199,-0.9993054270744324,0.9999994039535522,0.005969959311187267,0.127704456448555,0.9652777777777778,0.034722222222222224,0,0
double_line_train_0011,train,double-line,0.0,0.8033199906349182,0.018470335751771927,0.06771334260702133,0.0,1.0,0.0009485683403909206,0.026720518246293068,0,-0.07438972592353821,0.0747220367193222,-0.0013502014335244894,0.017562003806233406,-0.9820112586021423,0.9999964833259583,-0.0021689662244170904,0.17942696809768677,0.9288194444444444,0.07118055555555555,0,0
double_line_train_0012,train,double-line,0.0,0.9602707028388977,0.029452873393893242,0.10583339631557465,0.0,1.0,0.004133192356675863,0.05864797160029411,0,-0.07483351975679398,0.07500000298023224,-0.0010417435551062226,0.017359936609864235,-0.9993054270744324,0.9999994039535522,0.005462354980409145,0.17160086333751678,0.9323640046296297,0.06763599537037036,0,0
double_line_train_0013,train,double-line,0.0,0.8323421478271484,0.01682899333536625,0.06602911651134491,0.0,1.0,0.002960777375847101,0.048685234040021896,0,-0.07483351975679398,0.07500000298023224,-0.0035194826778024435,0.015944719314575195,-0.9993054270744324,0.999998927116394,0.001697793137282133,0.19520480930805206,0.9105902777777778,0.08940972222222222,0,0
double_line_train_0014,train,double-line,0.0,0.8384408354759216,0.02180366963148117,0.09520521014928818,0.0,1.0,0.0014378494815900922,0.03362037241458893,0,-0.07438972592353821,0.0747220367193222,-0.000724692945368588,0.01629856415092945,-0.9820112586021423,0.9999964833259583,0.001710703014396131,0.14911065995693207,0.9500868055555556,0.04991319444444445,0,0
double_line_train_0015,train,double-line,0.0,0.9630562663078308,0.03373617306351662,0.12313180416822433,0.0,1.0,0.0031783476006239653,0.05390605330467224,0,-0.06753789633512497,0.024928554892539978,-0.0016836494905874133,0.008341980166733265,-0.998612105846405,0.999998927116394,0.0002608323411550373,0.16409367322921753,0.9392361111111112,0.06076388888888889,0,0
double_line_train_0016,train,double-line,0.0,0.9490061402320862,0.015615775249898434,0.08216644078493118,0.0,1.0,0.0008724229992367327,0.027481354773044586,0,-0.07433627545833588,0.07500000298023224,0.0010112893069162965,0.012283342890441418,-0.9993054270744324,0.9999994039535522,0.004400253761559725,0.11735378205776215,0.9721498842592593,0.02785011574074074,0,0
double_line_train_0017,train,double-line,0.0,0.9369928240776062,0.002508186036720872,0.02048817276954651,0.0,1.0,0.002595312660560012,0.045190006494522095,0,-0.07411286234855652,0.07388612627983093,-0.0025431220419704914,0.011406369507312775,-0.9820112586021423,0.9999964833259583,0.002762359566986561,0.16503188014030457,0.94140625,0.05859375,0,0
double_line_train_0018,train,double-line,0.0,0.8715811967849731,0.02545846998691559,0.09309983998537064,0.0,1.0,0.003751636715605855,0.055131178349256516,0,-0.07494446635246277,0.07499998807907104,0.0008323642541654408,0.016801102086901665,-0.9820112586021423,0.9999969601631165,7.508778071496636e-05,0.17558644711971283,0.9296875,0.0703125,0,0
double_line_train_0019,train,double-line,0.0,0.9968082308769226,0.014192098751664162,0.06586785614490509,0.0,1.0,0.0009255503537133336,0.029121598228812218,0,-0.07000000774860382,0.0004160851240158081,-0.0026132056955248117,0.010558179579675198,-0.9913396239280701,0.999998927116394,-0.0006855435203760862,0.153203547000885,0.9448784722222222,0.055121527777777776,0,0
double_line_train_0020,train,double-line,0.0,0.9218246340751648,0.01431273389607668,0.06961283832788467,0.0,1.0,0.00225763744674623,0.044333674013614655,0,-0.07411286234855652,0.0747220367193222,-0.0004265964380465448,0.014027019031345844,-0.9820112586021423,0.9969497919082642,-0.00019845642964355648,0.12720206379890442,0.9638310185185185,0.03616898148148148,0,0
double_line_train_0021,train,double-line,0.0,1.0,0.011779538355767727,0.06563650071620941,0.0,0.9875079989433289,0.0024742004461586475,0.04611916095018387,0,-0.03146731108427048,0.05112186074256897,0.0007794737466610968,0.005768902134150267,-0.998612105846405,0.9766644239425659,5.0940103392349556e-05,0.15610380470752716,0.9466145833333334,0.053385416666666664,0,0
double_line_train_0022,train,double-line,0.0,0.8783996105194092,0.022238776087760925,0.07889766991138458,0.0,1.0,0.0037147568073123693,0.054824016988277435,0,-0.07483351975679398,0.07500000298023224,0.001866286969743669,0.017336275428533554,-0.9993054270744324,0.9999994039535522,0.004903972148895264,0.18235765397548676,0.9215133101851852,0.07848668981481481,0,0
double_line_train_0023,train,double-line,0.0,0.8574299812316895,0.010164070874452591,0.04329990968108177,0.0,1.0,0.0010828383965417743,0.030171917751431465,0,-0.07411286234855652,0.0747220367193222,-0.002873702673241496,0.015233642421662807,-0.9820112586021423,0.9999964833259583,0.0018816672964021564,0.18106186389923096,0.9262152777777778,0.07378472222222222,0,0
double_line_train_0024,train,double-line,0.0,0.8182649612426758,0.01281585544347763,0.06059304624795914,0.0,1.0,0.0029590842314064503,0.04854388162493706,0,-0.07483351975679398,0.07500000298023224,-0.0013205298455432057,0.01339119765907526,-0.9993054270744324,0.999998927116394,0.0016419492894783616,0.14650432765483856,0.9529803240740741,0.04701967592592592,0,0
double_line_train_0025,train,double-line,0.0,0.9653152823448181,0.02207709103822708,0.08775654435157776,0.0,1.0,0.0012640272034332156,0.032090041786432266,0,-0.07483351975679398,0.07500000298023224,-0.001616429421119392,0.015542379580438137,-0.9993054270744324,0.999998927116394,0.004416952840983868,0.1592978537082672,0.9439380787037037,0.056061921296296294,0,0
double_line_train_0026,train,double-line,0.0,0.9703537225723267,0.03011271543800831,0.11712507158517838,0.0,1.0,0.0029453278984874487,0.048580318689346313,0,-0.07411286234855652,0.0747220367193222,-0.0006373088690452278,0.01639140397310257,-0.9820112586021423,0.9999964833259583,-0.000916707853320986,0.15914689004421234,0.9392361111111112,0.06076388888888889,0,0
double_line_train_0027,train,double-line,0.0,0.8503516912460327,0.009718861430883408,0.05618024244904518,0.0,1.0,0.001878506038337946,0.0375630222260952,0,-0.015000000596046448,0.04906027019023895,0.00120065500959754,0.0066048759035766125,-0.9607370495796204,0.9649819135665894,0.001954047940671444,0.1531330645084381,0.9466145833333334,0.053385416666666664,0,0
double_line_train_0028,train,double-line,0.0,0.9536051750183105,0.019390013068914413,0.08694778382778168,0.0,1.0,0.0006495869602076709,0.022499315440654755,0,-0.07483351975679398,0.07500000298023224,-0.0010405660141259432,0.014422845095396042,-0.9993054270744324,0.9999994039535522,0.00021701640798710287,0.13722965121269226,0.9555121527777778,0.044487847222222224,0,0
double_line_train_0029,train,double-line,0.0,0.890964686870575,0.034299105405807495,0.10496710240840912,0.0,1.0,0.001063620438799262,0.027440492063760757,0,-0.07389162480831146,0.07500000298023224,-0.00011617690324783325,0.02009633742272854,-0.9986152648925781,0.9999969601631165,-0.000489946105517447,0.19852550327777863,0.9105902777777778,0.08940972222222222,0,0
double_line_train_0030,train,double-line,0.0,0.8856188058853149,0.020051253959536552,0.08804809302091599,0.0,1.0,0.0013204761780798435,0.03316951170563698,0,-0.07438972592353821,0.0747220367193222,0.0004846397787332535,0.01502630952745676,-0.9820112586021423,0.9932713508605957,0.00013339798897504807,0.14157910645008087,0.9562355324074074,0.043764467592592594,0,0
double_line_train_0031,train,double-line,0.0,1.0,0.012600690126419067,0.06433364003896713,0.0,0.9416599869728088,0.002447630511596799,0.04393893480300903,0,-0.06984391063451767,0.017705097794532776,-0.002141097793355584,0.009439634159207344,-0.998612105846405,0.999998927116394,0.0025082617066800594,0.16370457410812378,0.9417679398148148,0.05823206018518518,0,0
double_line_train_0032,train,double-line,0.0,0.9224658012390137,0.0075141447596251965,0.0418693944811821,0.0,1.0,0.003373824991285801,0.05416000634431839,0,-0.07372584939002991,0.07500000298023224,-0.0015096125425770879,0.012810230255126953,-0.9986152648925781,0.9999964833259583,-0.0007006360683590174,0.13000153005123138,0.9627459490740741,0.03725405092592592,0,0
double_line_train_0033,train,double-line,0.0,0.8422350287437439,0.01182965561747551,0.055628541857004166,0.0,1.0,0.001154969329945743,0.029451051726937294,0,-0.07384227216243744,0.07500000298023224,-0.0015474790707230568,0.015545870177447796,-0.9993054270744324,0.9999994039535522,0.0008333130972459912,0.15319488942623138,0.9487847222222222,0.051215277777777776,0,0
double_line_train_0034,train,double-line,0.0,0.8507134318351746,0.011390076950192451,0.06669888645410538,0.0,1.0,0.0020248526707291603,0.04000169783830643,0,-0.05447514355182648,0.023277223110198975,-0.0007518290658481419,0.005084788426756859,-0.956943690776825,0.9766644239425659,0.00138087326195091,0.13243892788887024,0.9634693287037037,0.036530671296296294,0,0
double_line_train_0035,train,double-line,0.0,0.9227569103240967,0.00693595502525568,0.03984964266419411,0.0,1.0,0.0021493390668183565,0.041525062173604965,0,-0.07000000774860382,0.0,-0.002796793356537819,0.011152924038469791,-0.994807243347168,0.9999964833259583,-0.000934677547775209,0.1590006947517395,0.9466145833333334,0.053385416666666664,0,0
double_line_train_0036,train,double-line,0.0,0.8411369919776917,0.008609511889517307,0.048636194318532944,0.0,1.0,0.0032836440950632095,0.04905204102396965,0,-0.07372584939002991,0.07500000298023224,0.001855260576121509,0.012630438432097435,-0.966776430606842,0.9999969601631165,0.002725357888266444,0.1297696977853775,0.9584056712962963,0.041594328703703706,0,0
double_line_train_0037,train,double-line,0.0,0.9885877370834351,0.011608285829424858,0.06230660527944565,0.0,1.0,0.002027621492743492,0.040332697331905365,0,-0.01206885278224945,0.07276669144630432,0.0022969902493059635,0.009607954882085323,-0.966776430606842,0.9999969601631165,0.0001918612833833322,0.15540872514247894,0.9461805555555556,0.05381944444444445,0,0
double_line_train_0038,train,double-line,0.0,0.851913571357727,0.02155393548309803,0.08967553079128265,0.0,1.0,0.0013839708408340812,0.03477892279624939,0,-0.07438972592353821,0.0747220367193222,-0.002557761035859585,0.014353575184941292,-0.9820112586021423,0.9999964833259583,-0.003826996311545372,0.15356679260730743,0.9461805555555556,0.05381944444444445,0,0
double_line_train_0039,train,double-line,0.0,0.9465708136558533,0.00885979924350977,0.05337687209248543,0.0,1.0,0.0028448712546378374,0.05045304074883461,0,-0.05821220576763153,0.039010584354400635,-0.0006713097100146115,0.006552014499902725,-0.998612105846405,0.999998927116394,0.0008040330139920115,0.16524046659469604,0.9392361111111112,0.06076388888888889,0,0
double_line_train_0040,train,double-line,0.0,0.8413918018341064,0.024049125611782074,0.09582100808620453,0.0,1.0,0.0023066711146384478,0.04315297305583954,0,-0.07483351975679398,0.07500000298023224,0.00031690223840996623,0.015954412519931793,-0.9993054270744324,0.9999994039535522,0.006886183749884367,0.1482003629207611,0.9490017361111112,0.05099826388888889,0,0
double_line_train_0041,train,double-line,0.0,0.8859969973564148,0.007169956341385841,0.040837664157152176,0.0,1.0,0.0007640263647772372,0.0243157260119915,0,-0.07438972592353821,0.07461076974868774,-0.0023085821885615587,0.011307163164019585,-0.994807243347168,0.9999964833259583,-2.651706563483458e-05,0.1406717598438263,0.9540653935185185,0.04593460648148148,0,0
double_line_train_0042,train,double-line,0.0,0.9390403628349304,0.015887822955846786,0.07854673266410828,0.0,1.0,0.0011523534776642919,0.03196265920996666,0,-0.07483351975679398,0.07500000298023224,-0.0012719923397526145,0.013508274219930172,-0.9993054270744324,0.999998927116394,0.0015445073368027806,0.12536899745464325,0.9645543981481481,0.03544560185185185,0,0
double_line_train_0043,train,double-line,0.0,0.9836904406547546,0.007033481262624264,0.04949246346950531,0.0,1.0,0.0008713576244190335,0.027496708557009697,0,-0.06937742978334427,0.014012187719345093,-0.0019441054901108146,0.008563422597944736,-0.9913396239280701,0.999998927116394,0.0015448803314939141,0.1558162271976471,0.9453125,0.0546875,0,0
double_line_train_0044,train,double-line,0.0,0.9563429355621338,0.010858792811632156,0.04585520923137665,0.0,1.0,0.0023617090191692114,0.04422590509057045,0,-0.07411286234855652,0.0747220367193222,-0.0028515507001429796,0.014345658011734486,-0.9820112586021423,0.9999964833259583,0.0025227894075214863,0.16649837791919708,0.9340277777777778,0.06597222222222222,0,0
double_line_train_0045,train,double-line,0.0,0.9305441379547119,0.024344531819224358,0.08922814577817917,0.0,1.0,0.0034013388212770224,0.05286413058638573,0,-0.07372584939002991,0.07500000298023224,0.002558237873017788,0.016804026439785957,-0.9367321133613586,0.9999969601631165,0.001442094100639224,0.17279914021492004,0.9314236111111112,0.0685763888888889,0,0
double_line_train_0046,train,double-line,0.0,0.9040830731391907,0.011410368606448174,0.06340409815311432,0.0,1.0,0.0008020217064768076,0.02544393762946129,0,-0.07411286234855652,0.0747220367193222,0.001795225660316646,0.01107699889689684,-0.9943734407424927,0.9932713508605957,0.0033211337868124247,0.12134483456611633,0.9667245370370371,0.033275462962962965,0,0
double_line_train_0047,train,double-line,0.0,0.8226566314697266,0.005251096561551094,0.02939356490969658,0.0,1.0,0.0007538841455243528,0.024090882390737534,0,-0.07361537218093872,0.07500000298023224,-0.0020327165257185698,0.011833619326353073,-0.9986152648925781,0.9999964833259583,0.001582387019880116,0.13348059356212616,0.9613715277777778,0.038628472222222224,0,0
double_line_train_0048,train,double-line,0.0,0.9716143012046814,0.011880056001245975,0.06646967679262161,0.0,1.0,0.002900275867432356,0.04695696383714676,0,-0.00919872522354126,0.060297414660453796,0.001575084519572556,0.007665571290999651,-0.9943734407424927,0.9649819135665894,-0.00028753833612427115,0.14416132867336273,0.953125,0.046875,0,0
double_line_train_0049,train,double-line,0.0,0.8078340888023376,0.008059917017817497,0.046332307159900665,0.0,1.0,0.0008785932441242039,0.024891002103686333,0,-0.03598245978355408,0.04849432408809662,0.000537114916369319,0.005411905702203512,-0.998612105846405,0.9766644239425659,-0.0003230037691537291,0.16034230589866638,0.9444444444444444,0.05555555555555555,0,0
double_line_train_0050,train,double-line,0.0,0.8976773619651794,0.016489440575242043,0.07734102010726929,0.0,1.0,0.0008141861762851477,0.024585958570241928,0,-0.07438972592353821,0.0747220367193222,-0.0011047638254240155,0.014194617979228497,-0.9928953647613525,0.9999964833259583,-0.0011022055987268686,0.14189298450946808,0.9547887731481481,0.04521122685185185,0,0
double_line_train_0051,train,double-line,0.0,0.811553955078125,0.02450740337371826,0.10104615986347198,0.0,1.0,0.0021665652748197317,0.040758296847343445,0,-0.07384227216243744,0.07500000298023224,2.3042231987346895e-05,0.015009862370789051,-0.9993054270744324,0.9999994039535522,0.004089046735316515,0.14721401035785675,0.9565972222222222,0.043402777777777776,0,0
double_line_train_0052,train,double-line,0.0,1.0,0.015338352881371975,0.07661191374063492,0.0,0.9962419867515564,0.0013181931572034955,0.03326169401407242,0,-0.07483351975679398,0.07500000298023224,-0.003189320443198085,0.012870337814092636,-0.9913396239280701,0.999998927116394,0.0025307266041636467,0.14244474470615387,0.9544270833333334,0.045572916666666664,0,0
double_line_train_0053,train,double-line,0.0,0.8512159585952759,0.016483649611473083,0.07376369088888168,0.0,1.0,0.0007415299187414348,0.02362825721502304,0,-0.07438972592353821,0.0747220367193222,0.0013672745553776622,0.01403199415653944,-0.9820112586021423,0.9640410542488098,-0.00039402113179676235,0.14177745580673218,0.9529803240740741,0.04701967592592592,0,0
double_line_train_0054,train,double-line,0.0,0.9877831339836121,0.01806599646806717,0.08700679987668991,0.0,1.0,0.003429172793403268,0.051297757774591446,0,-0.05000000447034836,0.02585504949092865,-0.0011680893367156386,0.00744718499481678,-0.9913396239280701,0.999998927116394,-0.0005734441219829023,0.176010861992836,0.9309172453703703,0.06908275462962964,0,0
double_line_train_0055,train,double-line,0.0,1.0,0.008429516106843948,0.05383588746190071,0.0,0.9900259971618652,0.0011386191472411156,0.03165807947516441,0,-0.07384227216243744,0.07382411509752274,-0.0020971295889467,0.009796329773962498,-0.9993054270744324,0.999998927116394,0.001755605568177998,0.14053137600421906,0.9555121527777778,0.044487847222222224,0,0
double_line_train_0056,train,double-line,0.0,1.0,0.005156486760824919,0.03506907448172569,0.0,0.9844809770584106,0.0010463400976732373,0.029198696836829185,0,-0.06951139867305756,0.0,-0.0022629275918006897,0.009944985620677471,-0.994807243347168,0.9973381757736206,-0.00014807631669100374,0.1440378874540329,0.9548611111111112,0.04513888888888889,0,0
double_line_train_0057,train,double-line,0.0,0.8949106931686401,0.01051646564155817,0.05227234214544296,0.0,1.0,0.0010528442217037082,0.029501987621188164,0,-0.033380962908267975,0.06400933861732483,0.0016100214561447501,0.008331523276865482,-0.998612105846405,0.9999969601631165,0.0010264792945235968,0.18073968589305878,0.9275173611111112,0.0724826388888889,0,0
double_line_train_0058,train,double-line,0.0,0.8395713567733765,0.005289925262331963,0.03676513954997063,0.0,1.0,0.0006936676800251007,0.022337185218930244,0,-0.03587288409471512,0.0290251225233078,-0.00013761676382273436,0.0032908678986132145,-0.998612105846405,0.9766644239425659,0.0009323992999270558,0.12577231228351593,0.9665798611111112,0.03342013888888889,0,0
double_line_train_0059,train,double-line,0.0,0.9069249629974365,0.015570197254419327,0.06623086333274841,0.0,1.0,0.0033488941844552755,0.0530867725610733,0,-0.07438972592353821,0.0747220367193222,0.0023509457241743803,0.01664610020816326,-0.9943734407424927,0.9999969601631165,-0.0001622797135496512,0.17954330146312714,0.9283854166666666,0.07161458333333333,0,0
double_line_train_0060,train,double-line,0.0,1.0,0.02282433584332466,0.07798285782337189,0.0,0.9989979863166809,0.0041585457511246204,0.06113161891698837,0,-0.07433627545833588,0.07500000298023224,-0.0010494402376934886,0.019897356629371643,-0.9993054270744324,0.9999994039535522,0.006840910296887159,0.204094797372818,0.9075520833333334,0.09244791666666667,0,0
double_line_train_0061,train,double-line,0.0,1.0,0.020443441346287727,0.09583517909049988,0.0,0.9460089802742004,0.0018929055659100413,0.03818441554903984,0,-0.07411286234855652,0.07500000298023224,0.0011413543252274394,0.014577534981071949,-0.9788332581520081,0.9999969601631165,0.001296084956265986,0.13796988129615784,0.9580439814814815,0.04195601851851852,0,0
double_line_train_0062,train,double-line,0.0,0.8247327208518982,0.00845116376876831,0.04833827167749405,0.0,1.0,0.0007905732491053641,0.025173060595989227,0,-0.07411286234855652,0.07500000298023224,-0.0013507010880857706,0.012050715275108814,-0.9820112586021423,0.9999964833259583,-0.0013861751649528742,0.1216835007071495,0.9685329861111112,0.03146701388888889,0,0
double_line_train_0063,train,double-line,0.0,0.8437515497207642,0.02169208601117134,0.07719267159700394,0.0,1.0,0.003429634729400277,0.05266167223453522,0,-0.07384227216243744,0.07500000298023224,-0.0030494178645312786,0.016069255769252777,-0.9993054270744324,0.9999994039535522,0.003518032841384411,0.20126277208328247,0.9058159722222222,0.09418402777777778,0,0
double_line_train_0064,train,double-line,0.0,0.990627646446228,0.015253083780407906,0.07081469893455505,0.0,1.0,0.0010568341240286827,0.029502112418413162,0,-0.07433627545833588,0.07500000298023224,0.0013276104582473636,0.01475580595433712,-0.9993054270744324,0.9999994039535522,0.006534009240567684,0.1457599699497223,0.9548611111111112,0.04513888888888889,0,0
double_line_train_0065,train,double-line,0.0,0.9530507922172546,0.02400033548474312,0.08854598551988602,0.0,1.0,0.0013604732230305672,0.03421379625797272,0,-0.07438972592353821,0.0747220367193222,0.0016205189749598503,0.01728297956287861,-0.9943734407424927,0.9772876501083374,0.003251149319112301,0.17830733954906464,0.9253472222222222,0.07465277777777778,0,0
double_line_train_0066,train,double-line,0.0,0.9910723567008972,0.006617897190153599,0.053856488317251205,0.0,1.0,0.0009142896742559969,0.028806699439883232,0,-0.04692237079143524,0.01710774004459381,-0.0005073595093563199,0.0038326347712427378,-0.956943690776825,0.9766644239425659,0.00026627443730831146,0.10663703083992004,0.9754050925925926,0.02459490740740741,0,0
double_line_train_0067,train,double-line,0.0,0.8950083255767822,0.0197638887912035,0.06905141472816467,0.0,1.0,0.00104794732760638,0.0293471310287714,0,-0.07483351975679398,0.07500000298023224,8.124623855110258e-05,0.018322020769119263,-0.9993054270744324,0.9999994039535522,0.007859459146857262,0.17502465844154358,0.9309895833333334,0.06901041666666667,0,0
double_line_train_0068,train,double-line,0.0,0.9193956255912781,0.010118566453456879,0.06355064362287521,0.0,1.0,0.0008734700386412442,0.027580205351114273,0,-0.07389162480831146,0.0747220367193222,0.0016844352940097451,0.010414142161607742,-0.9667691588401794,0.9640410542488098,0.0008239899761974812,0.10911411046981812,0.9728732638888888,0.027126736111111112,0,0
double_line_train_0069,train,double-line,0.0,0.949011504650116,0.018716609105467796,0.09459669142961502,0.0,1.0,0.0007811129908077419,0.02484539896249771,0,-0.07483351975679398,0.07500000298023224,0.000552368990611285,0.012798612006008625,-0.9070494771003723,0.9999994039535522,0.006693912670016289,0.1197565570473671,0.9678096064814815,0.03219039351851852,0,0
double_line_train_0070,train,double-line,0.0,0.8065101504325867,0.00509098544716835,0.03428677096962929,0.0,1.0,0.0009329256718046963,0.026297552511096,0,-0.06678342074155807,0.0020690560340881348,-0.0013403737684711814,0.007130337413400412,-0.956943690776825,0.999998927116394,-0.0009758006199263036,0.11860532313585281,0.9663628472222222,0.033637152777777776,0,0
double_line_train_0071,train,double-line,0.0,0.8252506852149963,0.007078642025589943,0.03529253229498863,0.0,1.0,0.001157986233010888,0.029516851529479027,0,-0.07494446635246277,0.07499998807907104,-0.003170853480696678,0.012580406852066517,-0.9928953647613525,0.9999964833259583,0.000609000853728503,0.15761743485927582,0.9466145833333334,0.053385416666666664,0,0
double_line_train_0072,train,double-line,0.0,0.883307158946991,0.009229892864823341,0.05192768573760986,0.0,1.0,0.0012181825004518032,0.029820850118994713,0,-0.0732843279838562,0.07410933077335358,0.003008245024830103,0.011786664836108685,-0.998612105846405,0.9999969601631165,0.00011209481453988701,0.17728716135025024,0.9270833333333334,0.07291666666666667,0,0
double_line_train_0073,train,double-line,0.0,0.8677550554275513,0.012456788681447506,0.05247361212968826,0.0,1.0,0.0016407688381150365,0.037996675819158554,0,-0.042064838111400604,0.04912307858467102,0.000376200710888952,0.006819332949817181,-0.998612105846405,0.9766644239425659,0.0003092605038546026,0.18017280101776123,0.92578125,0.07421875,0,0
double_line_train_0074,train,double-line,0.0,0.8959569931030273,0.004715654533356428,0.030484028160572052,0.0,1.0,0.0016343632014468312,0.0372597798705101,0,-0.07389162480831146,0.07500000298023224,-0.001672201557084918,0.01064978539943695,-0.9986152648925781,0.9999964833259583,-0.0002601326268631965,0.11893142759799957,0.9685329861111112,0.03146701388888889,0,0
double_line_train_0075,train,double-line,0.0,0.8427318930625916,0.015681134536862373,0.06231916323304176,0.0,1.0,0.0012415895471349359,0.031437937170267105,0,-0.07433627545833588,0.07500000298023224,0.0009890126530081034,0.01626185141503811,-0.9993054270744324,0.9999994039535522,0.007029143627732992,0.15742459893226624,0.9479166666666666,0.052083333333333336,0,0
double_line_train_0076,train,double-line,0.0,0.8472157120704651,0.02132381685078144,0.07383140921592712,0.0,1.0,0.0038158989045768976,0.0538356639444828,0,-0.07483351975679398,0.07500000298023224,0.0004794597625732422,0.019255541265010834,-0.9993054270744324,0.9999994039535522,0.007154539227485657,0.19194859266281128,0.9142795138888888,0.0857204861111111,0,0
double_line_train_0077,train,double-line,0.0,0.8702258467674255,0.0013088263804093003,0.014245889149606228,0.0,1.0,0.00088591588428244,0.027917008846998215,0,-0.07054413855075836,0.0037268400192260742,-0.002050143899396062,0.009267727844417095,-0.994807243347168,0.9999964833259583,0.0009442951995879412,0.14287948608398438,0.9533420138888888,0.04665798611111111,0,0
double_line_train_0078,train,double-line,0.0,0.8481116890907288,0.010507664643228054,0.05215822160243988,0.0,1.0,0.001481170067563653,0.03563496470451355,0,-0.05986122041940689,0.032002732157707214,-0.0010708371410146356,0.006806779652833939,-0.998612105846405,0.9766644239425659,0.0014832497108727694,0.16500334441661835,0.9395978009259259,0.06040219907407408,0,0
double_line_train_0079,train,double-line,0.0,0.9785233736038208,0.008015530183911324,0.04477117955684662,0.0,1.0,0.0008932843920774758,0.028115205466747284,0,-0.06455997377634048,0.016433164477348328,-0.0017092837952077389,0.007900894619524479,-0.998612105846405,0.999998927116394,0.0019239679677411914,0.15619932115077972,0.9448784722222222,0.055121527777777776,0,0
double_line_train_0080,train,double-line,0.0,1.0,0.015605134889483452,0.07842379063367844,0.0,0.9820820093154907,0.002495395252481103,0.045607998967170715,0,-0.07411286234855652,0.07500000298023224,0.001718779094517231,0.01331566832959652,-0.966776430606842,0.9999969601631165,0.002443932928144932,0.13138487935066223,0.9613715277777778,0.038628472222222224,0,0
double_line_train_0081,train,double-line,0.0,0.8502605557441711,0.016693126410245895,0.07577607780694962,0.0,1.0,0.0008837319328449667,0.027844952419400215,0,-0.07411286234855652,0.0747220367193222,0.0010629883036017418,0.01441272720694542,-0.9943734407424927,0.9969497919082642,0.0006933446857146919,0.14192084968090057,0.9569589120370371,0.043041087962962965,0,0
double_line_train_0082,train,double-line,0.0,0.8596552610397339,0.005368036217987537,0.03691508248448372,0.0,1.0,0.002147983992472291,0.04280669242143631,0,-0.06455997377634048,0.0053222328424453735,-0.0013887950917705894,0.007132166996598244,-0.9913396239280701,0.999998927116394,0.002068702597171068,0.12644603848457336,0.9631076388888888,0.03689236111111111,0,0
double_line_train_0083,train,double-line,0.0,0.8256465792655945,0.01942681521177292,0.07836849242448807,0.0,1.0,0.0008628961513750255,0.02721576765179634,0,-0.07438972592353821,0.0747220367193222,0.0001545912673464045,0.01619136705994606,-0.9820112586021423,0.9999964833259583,-0.0018046697368845344,0.15506619215011597,0.9461805555555556,0.05381944444444445,0,0
double_line_train_0084,train,double-line,0.0,0.9224283695220947,0.0069678789004683495,0.043465591967105865,0.0,1.0,0.0023934426717460155,0.04386240243911743,0,-0.07273365557193756,0.07410933077335358,0.0018164024222642183,0.009346040897071362,-0.966776430606842,0.9999969601631165,0.002211692975834012,0.12203487753868103,0.9670862268518519,0.03291377314814815,0,0
double_line_train_0085,train,double-line,0.0,0.8745379447937012,0.01616668701171875,0.06770766526460648,0.0,1.0,0.0031093524303287268,0.04797440022230148,0,-0.07273365557193756,0.07500000298023224,0.0026291769463568926,0.011357450857758522,-0.998612105846405,0.9999969601631165,0.0013772493693977594,0.184682697057724,0.921875,0.078125,0,0
double_line_train_0086,train,double-line,0.0,0.9979701638221741,0.02593970112502575,0.09860936552286148,0.0,1.0,0.0008644834160804749,0.025757120922207832,0,-0.07411286234855652,0.0747220367193222,0.000534506980329752,0.0168584194034338,-0.9820112586021423,0.9969497919082642,0.00021352895419113338,0.1671093851327896,0.9379340277777778,0.062065972222222224,0,0
double_line_train_0087,train,double-line,0.0,0.8289158940315247,0.012113697826862335,0.04842366278171539,0.0,1.0,0.002597660291939974,0.043111857026815414,0,-0.07483351975679398,0.07500000298023224,-0.003761551808565855,0.01477367989718914,-0.9993054270744324,0.999998927116394,0.0023253594990819693,0.19601428508758545,0.9097222222222222,0.09027777777777778,0,0
double_line_train_0088,train,double-line,0.0,0.8186789751052856,0.013752204366028309,0.06564995646476746,0.0,1.0,0.003532760078087449,0.0542103573679924,0,-0.06485307216644287,0.027341485023498535,-0.0014591705985367298,0.007634719833731651,-0.956943690776825,0.999998927116394,0.0032607901375740767,0.16707675158977509,0.9405381944444444,0.05946180555555555,0,0
double_line_train_0089,train,double-line,0.0,0.9079914689064026,0.014310057274997234,0.05387074127793312,0.0,1.0,0.0035218640696257353,0.05382949858903885,0,-0.07494446635246277,0.07499998807907104,-0.0019270485499873757,0.018642866984009743,-0.994807243347168,0.9999969601631165,0.0007104757823981345,0.19964036345481873,0.9084201388888888,0.0915798611111111,0,0
double_line_train_0090,train,double-line,0.0,0.8448072075843811,0.011862196959555149,0.0627656877040863,0.0,1.0,0.002797564258798957,0.04779141768813133,0,-0.07483351975679398,0.07500000298023224,-0.002436052542179823,0.012174260802567005,-0.9993054270744324,0.999998927116394,0.0006543167401105165,0.1522376835346222,0.9490017361111112,0.05099826388888889,0,0
double_line_train_0091,train,double-line,0.0,0.8821936249732971,0.025859829038381577,0.08464793860912323,0.0,1.0,0.003958049695938826,0.05532895773649216,0,-0.07483351975679398,0.07500000298023224,-0.0009424873860552907,0.018077226355671883,-0.9993054270744324,0.9999994039535522,0.004100458230823278,0.18294104933738708,0.9247685185185185,0.07523148148148148,0,0
double_line_train_0092,train,double-line,0.0,1.0,0.017225272953510284,0.07377137988805771,0.0,0.9560070037841797,0.0015186918899416924,0.035270363092422485,0,-0.07411286234855652,0.0747220367193222,-0.0001813865965232253,0.014600600115954876,-0.9820112586021423,0.9969497919082642,-0.00010450625995872542,0.1458570659160614,0.9518229166666666,0.048177083333333336,0,0
double_line_train_0093,train,double-line,0.0,0.8774870038032532,0.011121124029159546,0.05030540004372597,0.0,1.0,0.00098766281735152,0.027878692373633385,0,-0.07384227216243744,0.07500000298023224,-0.0028872827533632517,0.012474271468818188,-0.9993054270744324,0.999998927116394,0.0025792927481234074,0.17907574772834778,0.9292534722222222,0.07074652777777778,0,0
double_line_train_0094,train,double-line,0.0,0.8803351521492004,0.030109526589512825,0.1073397621512413,0.0,1.0,0.0011212023673579097,0.029996007680892944,0,-0.07483351975679398,0.07500000298023224,0.000489759782794863,0.01747278869152069,-0.9993054270744324,0.9999994039535522,0.00827562715858221,0.16424156725406647,0.9401041666666666,0.059895833333333336,0,0
double_line_train_0095,train,double-line,0.0,1.0,0.016439538449048996,0.07984675467014313,0.0,0.9785540103912354,0.0007536470657214522,0.024157363921403885,0,-0.07411286234855652,0.07500000298023224,0.0011413543252274394,0.014577534981071949,-0.9788332581520081,0.9999969601631165,0.001296084956265986,0.13796988129615784,0.9580439814814815,0.04195601851851852,0,0
double_line_train_0096,train,double-line,0.0,1.0,0.012357056140899658,0.06737581640481949,0.0,0.929220974445343,0.002345617162063718,0.04284524545073509,0,-0.07000000774860382,0.0,-0.0021477967966347933,0.009806694462895393,-0.9913396239280701,0.999998927116394,0.003332955064252019,0.13264192640781403,0.9596354166666666,0.040364583333333336,0,0
double_line_train_0097,train,double-line,0.0,0.9743654131889343,0.01860046572983265,0.06876099854707718,0.0,1.0,0.003609715262427926,0.055054184049367905,0,-0.07411286234855652,0.07500000298023224,0.002075131284072995,0.017170555889606476,-0.9820112586021423,0.9999969601631165,0.0033161898609250784,0.18283654749393463,0.9240451388888888,0.0759548611111111,0,0
double_line_train_0098,train,double-line,0.0,0.920735776424408,0.003901243442669511,0.031637128442525864,0.0,1.0,0.0007220249972306192,0.023178908973932266,0,-0.06654766201972961,0.0,-0.0010842353804036975,0.006913970690220594,-0.994807243347168,0.9999964833259583,-0.00033967223134823143,0.09491800516843796,0.9797453703703703,0.02025462962962963,0,0
double_line_train_0099,train,double-line,0.0,0.9637941718101501,0.030978821218013763,0.10711495578289032,0.0,1.0,0.002795967273414135,0.04771219938993454,0,-0.07483351975679398,0.07500000298023224,-0.0009270439622923732,0.017872052267193794,-0.9993054270744324,0.9999994039535522,0.004115377087146044,0.17634668946266174,0.9322916666666666,0.06770833333333333,0,0
small_rect_edge_train_0000,train,small_rect_edge,0.0,0.8980667591094971,0.013806438073515892,0.07107814401388168,0.0,1.0,0.0007504380773752928,0.02496246248483658,0,-0.07438972592353821,0.0747220367193222,-0.0005273416172713041,0.012792038731276989,-0.9820112586021423,0.9999964833259583,-0.00024492459488101304,0.11848623305559158,0.9674479166666666,0.032552083333333336,0,0
small_rect_edge_train_0001,train,small_rect_edge,0.0,0.9036803245544434,0.009245945140719414,0.04863836243748665,0.0,1.0,0.001294296933338046,0.0342254638671875,0,-0.07389162480831146,0.07500000298023224,-0.0010923141380771995,0.01455021370202303,-0.9986152648925781,0.9999964833259583,0.0002843834226951003,0.13744275271892548,0.9565972222222222,0.043402777777777776,0,0
small_rect_edge_train_0002,train,small_rect_edge,0.0,0.8541481494903564,0.009764225222170353,0.05517008900642395,0.0,1.0,0.0012210438726469874,0.03243601694703102,0,-0.07372584939002991,0.07410933077335358,0.0015505149494856596,0.013003665022552013,-0.9367321133613586,0.9999969601631165,0.0007078900234773755,0.12446271628141403,0.9638310185185185,0.03616898148148148,0,0
small_rect_edge_train_0003,train,small_rect_edge,0.0,0.9178597927093506,0.016576340422034264,0.0761571004986763,0.0,1.0,0.0009461254812777042,0.02754572033882141,0,-0.07438972592353821,0.0747220367193222,-0.0005131512298248708,0.014640577137470245,-0.9820112586021423,0.9999964833259583,-0.00022776852711103857,0.1395094394683838,0.9544270833333334,0.045572916666666664,0,0
small_rect_edge_train_0004,train,small_rect_edge,0.0,0.9057035446166992,0.005680101923644543,0.03580540046095848,0.0,1.0,0.0008644743356853724,0.02756638266146183,0,-0.06864529848098755,0.0,-0.0019898905884474516,0.009258362464606762,-0.994807243347168,0.9999964833259583,-0.00027436879463493824,0.1332276612520218,0.9612991898148148,0.03870081018518518,0,0
small_rect_edge_train_0005,train,small_rect_edge,0.0,1.0,0.003268734784796834,0.02623864822089672,0.0,0.9877259731292725,0.0017932103946805,0.039926160126924515,0,-0.07389162480831146,0.0747220367193222,-0.002577348379418254,0.011683921329677105,-0.9768810272216797,0.9999964833259583,-0.0014077946543693542,0.16023896634578705,0.9377893518518519,0.06221064814814815,0,0
small_rect_edge_train_0006,train,small_rect_edge,0.0,0.9553653001785278,0.018399568274617195,0.08350731432437897,0.0,1.0,0.0010108406422659755,0.02938244119286537,0,-0.07494446635246277,0.07461076974868774,0.0008568293415009975,0.014368967153131962,-0.9820112586021423,0.9973381757736206,0.0006229754653759301,0.13761867582798004,0.9547887731481481,0.04521122685185185,0,0
small_rect_edge_train_0007,train,small_rect_edge,0.0,0.9564170837402344,0.0016358711291104555,0.015120257623493671,0.0,1.0,0.0008241212926805019,0.027080576866865158,0,-0.07361538708209991,0.0,-0.0016959905624389648,0.008589624427258968,-0.9991823434829712,0.9999964833259583,0.0003709912416525185,0.11649422347545624,0.9674479166666666,0.032552083333333336,0,0
small_rect_edge_train_0008,train,small_rect_edge,0.0,0.9540246725082397,0.011431127786636353,0.058866389095783234,0.0,1.0,0.001839386415667832,0.04093504324555397,0,-0.07477790117263794,0.07455511391162872,-0.0022066503297537565,0.011847666464745998,-0.9928953647613525,0.9999964833259583,0.0012892833910882473,0.12875904142856598,0.9616608796296297,0.03833912037037037,0,0
small_rect_edge_train_0009,train,small_rect_edge,0.0,1.0,0.008634250611066818,0.04459187760949135,0.0,0.9988200068473816,0.0012633397709578276,0.0341450572013855,0,-0.07389162480831146,0.07500000298023224,-0.0018952665850520134,0.01314963586628437,-0.9986152648925781,0.9999964833259583,0.0005733539001084864,0.13819055259227753,0.9555121527777778,0.044487847222222224,0,0
small_rect_edge_train_0010,train,small_rect_edge,0.0,1.0,0.01780480518937111,0.09310869872570038,0.0,0.9518049955368042,0.0012163757346570492,0.031364988535642624,0,-0.07477790117263794,0.07455511391162872,0.0011977239046245813,0.011000946164131165,-0.9820112586021423,0.9649819135665894,0.0004611203621607274,0.11166461557149887,0.9692563657407407,0.03074363425925926,0,0
small_rect_edge_train_0011,train,small_rect_edge,0.0,1.0,0.017359765246510506,0.08298347890377045,0.0,0.9936479926109314,0.0013855292927473783,0.03641645237803459,0,-0.07411286234855652,0.0747220367193222,0.001345848198980093,0.014198612421751022,-0.9820112586021423,0.9999969601631165,0.001323922537267208,0.1430874764919281,0.9551504629629629,0.044849537037037035,0,0
small_rect_edge_train_0012,train,small_rect_edge,0.0,0.9037088751792908,0.0018833194626495242,0.020381683483719826,0.0,1.0,0.0012483166065067053,0.03374939039349556,0,-0.059531718492507935,0.0,-0.0013799348380416632,0.007247029338032007,-0.994807243347168,0.9973381757736206,-0.00036605491186492145,0.12137246131896973,0.9681712962962963,0.031828703703703706,0,0
small_rect_edge_train_0013,train,small_rect_edge,0.0,0.9685108065605164,0.01858498342335224,0.0838867574930191,0.0,1.0,0.0012306259013712406,0.0334399975836277,0,-0.07411286234855652,0.07500000298023224,0.0008488527964800596,0.014725896529853344,-0.9820112586021423,0.9999969601631165,0.0027407859452068806,0.14050455391407013,0.9569589120370371,0.043041087962962965,0,0
small_rect_edge_train_0014,train,small_rect_edge,0.0,0.9784372448921204,0.007492975331842899,0.039505861699581146,0.0,1.0,0.0009937479626387358,0.02940979413688183,0,-0.07438972592353821,0.0747220367193222,-0.0019138212082907557,0.013070221990346909,-0.9788332581520081,0.9999964833259583,0.0007186275324784219,0.13942986726760864,0.9562355324074074,0.043764467592592594,0,0
small_rect_edge_train_0015,train,small_rect_edge,0.0,0.8011882901191711,0.007702430710196495,0.03951243683695793,0.0,1.0,0.0008780802018009126,0.027127597481012344,0,-0.07411286234855652,0.07500000298023224,-0.0014334805309772491,0.01406780257821083,-0.9991823434829712,0.9999964833259583,-0.0018489843932911754,0.14220164716243744,0.9562355324074074,0.043764467592592594,0,0
small_rect_edge_train_0016,train,small_rect_edge,0.0,0.892936110496521,0.012437008321285248,0.06344407051801682,0.0,1.0,0.0016217706725001335,0.03656631335616112,0,-0.07411286234855652,0.07500000298023224,0.0018279808573424816,0.012131751514971256,-0.966776430606842,0.9999969601631165,0.003920937422662973,0.12947309017181396,0.9612991898148148,0.03870081018518518,0,0
small_rect_edge_train_0017,train,small_rect_edge,0.0,0.973757266998291,0.018661396577954292,0.08735152333974838,0.0,1.0,0.0009647385450080037,0.0294710211455822,0,-0.07477790117263794,0.07461076974868774,0.001208207686431706,0.014037598855793476,-0.9820112586021423,0.9772876501083374,0.0016667619347572327,0.13621409237384796,0.9551504629629629,0.044849537037037035,0,0
small_rect_edge_train_0018,train,small_rect_edge,0.0,0.8226200342178345,0.003616736503317952,0.025732459500432014,0.0,1.0,0.001193254953250289,0.03172332048416138,0,-0.07174576818943024,0.0,-0.00142453343141824,0.007927254773676395,-0.9820112586021423,0.9999964833259583,9.661781950853765e-05,0.11074741929769516,0.9714265046296297,0.02857349537037037,0,0
small_rect_edge_train_0019,train,small_rect_edge,0.0,0.9966939687728882,0.02054990455508232,0.09277134388685226,0.0,1.0,0.0013254069490358233,0.03491046279668808,0,-0.07438972592353821,0.0747220367193222,0.00037044170312583447,0.014778145588934422,-0.9820112586021423,0.9969497919082642,0.0018556960858404636,0.14301705360412598,0.9558738425925926,0.044126157407407406,0,0
small_rect_edge_train_0020,train,small_rect_edge,0.0,0.9329158663749695,0.006863845512270927,0.04329146817326546,0.0,1.0,0.0012158089084550738,0.032944582402706146,0,-0.07389162480831146,0.0747220367193222,-0.0017909148009493947,0.010640534572303295,-0.9768810272216797,0.9999964833259583,-0.0013380616437643766,0.1208484098315239,0.9670862268518519,0.03291377314814815,0,0
small_rect_edge_train_0021,train,small_rect_edge,0.0,0.8710216879844666,0.01941502094268799,0.08633315563201904,0.0,1.0,0.0012074655387550592,0.032756268978118896,0,-0.07438972592353821,0.0747220367193222,-5.069766484666616e-05,0.014824590645730495,-0.9820112586021423,0.9999964833259583,0.0012739941012114286,0.14376959204673767,0.9558738425925926,0.044126157407407406,0,0
small_rect_edge_train_0022,train,small_rect_edge,0.0,0.9393472671508789,0.0018462863517925143,0.018491974100470543,0.0,1.0,0.0010916793253272772,0.0312330462038517,0,-0.0732843279838562,0.00479501485824585,-0.001742746913805604,0.008457942865788937,-0.9991823434829712,0.9999964833259583,-0.0001589383027749136,0.13251112401485443,0.9612991898148148,0.03870081018518518,0,0
small_rect_edge_train_0023,train,small_rect_edge,0.0,1.0,0.017632482573390007,0.07893362641334534,0.0,0.9916639924049377,0.0015619943151250482,0.03772374242544174,0,-0.07411286234855652,0.07500000298023224,-0.00014239207666832954,0.014961160719394684,-0.9820112586021423,0.9999969601631165,0.0010505799436941743,0.14145450294017792,0.9573206018518519,0.04267939814814815,0,0
small_rect_edge_train_0024,train,small_rect_edge,0.0,0.9749201536178589,0.008133037947118282,0.0515352264046669,0.0,1.0,0.0014238920994102955,0.0365736186504364,0,-0.06951139867305756,0.0,-0.0019171886378899217,0.009510931558907032,-0.9928953647613525,0.9999964833259583,0.0013398315059021115,0.1188494861125946,0.9685329861111112,0.03146701388888889,0,0
small_rect_edge_train_0025,train,small_rect_edge,0.0,0.8415949940681458,0.013806857168674469,0.06644413620233536,0.0,1.0,0.0008737794123589993,0.027233202010393143,0,-0.07477790117263794,0.07461076974868774,0.0008018278749659657,0.014429778791964054,-0.9820112586021423,0.9999964833259583,0.0028107468970119953,0.13867893815040588,0.9544270833333334,0.045572916666666664,0,0
small_rect_edge_train_0026,train,small_rect_edge,0.0,0.9505007266998291,0.022829242050647736,0.09884876757860184,0.0,1.0,0.0012784930877387524,0.034496914595365524,0,-0.07494446635246277,0.07499998807907104,-0.0006954648997634649,0.014559523202478886,-0.9928953647613525,0.9999969601631165,-0.002350166207179427,0.13924376666545868,0.9551504629629629,0.044849537037037035,0,0
small_rect_edge_train_0027,train,small_rect_edge,0.0,0.8948298096656799,0.011078068055212498,0.054605696350336075,0.0,1.0,0.000944166851695627,0.028861623257398605,0,-0.07389162480831146,0.07500000298023224,0.0018740168306976557,0.013593400828540325,-0.9788332581520081,0.9999969601631165,0.0005025589489378035,0.14084099233150482,0.9555121527777778,0.044487847222222224,0,0
small_rect_edge_train_0028,train,small_rect_edge,0.0,0.8440570831298828,0.0029197668191045523,0.026718709617853165,0.0,1.0,0.0014686244539916515,0.03556927666068077,0,-0.05500000715255737,0.0,-0.0012744456762447953,0.00681173475459218,-0.9928953647613525,0.9999964833259583,-0.0017542416462674737,0.12271083891391754,0.9674479166666666,0.032552083333333336,0,0
small_rect_edge_train_0029,train,small_rect_edge,0.0,1.0,0.006006322335451841,0.03560534492135048,0.0,0.9908159971237183,0.001333948690444231,0.03596155345439911,0,-0.07438972592353821,0.07455511391162872,-0.002363629173487425,0.011132022365927696,-0.994807243347168,0.9999964833259583,-0.0007531470619142056,0.14287447929382324,0.9544270833333334,0.045572916666666664,0,0
small_rect_edge_train_0030,train,small_rect_edge,0.0,0.8756330013275146,0.004567204974591732,0.03545703366398811,0.0,1.0,0.0008320522028952837,0.027278639376163483,0,-0.06994566321372986,0.0,-0.0012118869926780462,0.007317390292882919,-0.9986152648925781,0.977294921875,-0.0011890674941241741,0.0994696319103241,0.9782986111111112,0.021701388888888888,0,0
small_rect_edge_train_0031,train,small_rect_edge,0.0,1.0,0.0030454082880169153,0.028050722554326057,0.0,0.9407719969749451,0.0011639934964478016,0.030787236988544464,0,-0.07405753433704376,0.07388612627983093,-0.0021960095036774874,0.01014710869640112,-0.9820112586021423,0.9932713508605957,0.00039711553836241364,0.14457052946090698,0.9540653935185185,0.04593460648148148,0,0
small_rect_edge_train_0032,train,small_rect_edge,0.0,1.0,0.018705686554312706,0.07509440183639526,0.0,0.9890720248222351,0.0013762903399765491,0.03537379205226898,0,-0.07411286234855652,0.07500000298023224,0.0006297085783444345,0.016595732420682907,-0.9820112586021423,0.9999969601631165,0.004654399584978819,0.16255445778369904,0.9428530092592593,0.05714699074074074,0,0
small_rect_edge_train_0033,train,small_rect_edge,0.0,1.0,0.007529998663812876,0.041596055030822754,0.0,0.9610199928283691,0.0011506275041028857,0.031228432431817055,0,-0.07494446635246277,0.07499998807907104,-0.0018501535523682833,0.013375950045883656,-0.9820112586021423,0.9999964833259583,0.0054108863696455956,0.13479343056678772,0.9576822916666666,0.042317708333333336,0,0
small_rect_edge_train_0034,train,small_rect_edge,0.0,0.9787905812263489,0.015081577934324741,0.0749783143401146,0.0,1.0,0.001132505596615374,0.03233223408460617,0,-0.07389162480831146,0.07500000298023224,0.0012678056955337524,0.01347077265381813,-0.9788332581520081,0.9999969601631165,0.0008700373000465333,0.12464109808206558,0.9638310185185185,0.03616898148148148,0,0
small_rect_edge_train_0035,train,small_rect_edge,0.0,1.0,0.016753975301980972,0.0791810154914856,0.0,0.9772679805755615,0.0009644918609410524,0.029339879751205444,0,-0.07411286234855652,0.07500000298023224,0.0019097857875749469,0.013562080450356007,-0.966776430606842,0.9999969601631165,0.0053822994232177734,0.13870404660701752,0.9544270833333334,0.045572916666666664,0,0
small_rect_edge_train_0036,train,small_rect_edge,0.0,1.0,0.018954578787088394,0.08436921238899231,0.0,0.9910600185394287,0.0010882276110351086,0.03199174255132675,0,-0.07438972592353821,0.0747220367193222,0.0008256138535216451,0.014536169357597828,-0.9820112586021423,0.9640410542488098,0.0007314761751331389,0.14045117795467377,0.9544270833333334,0.045572916666666664,0,0
small_rect_edge_train_0037,train,small_rect_edge,0.0,1.0,0.01688135787844658,0.07730351388454437,0.0,0.9447870254516602,0.0009662001393735409,0.029346155002713203,0,-0.07411286234855652,0.0747220367193222,0.00115356280002743,0.014403670094907284,-0.9820112586021423,0.9999969601631165,0.0025717865210026503,0.14005260169506073,0.9555121527777778,0.044487847222222224,0,0
small_rect_edge_train_0038,train,small_rect_edge,0.0,0.8926499485969543,0.013978419825434685,0.06848257780075073,0.0,1.0,0.001639240887016058,0.03689829632639885,0,-0.07494446635246277,0.07455511391162872,-0.0012978429440408945,0.012702401727437973,-0.9928953647613525,0.9973381757736206,0.0012272418243810534,0.12492003291845322,0.9634693287037037,0.036530671296296294,0,0
small_rect_edge_train_0039,train,small_rect_edge,0.0,0.982187032699585,0.01632237248122692,0.08183476328849792,0.0,1.0,0.0013439409667626023,0.035366401076316833,0,-0.07438972592353821,0.0747220367193222,0.00194172456394881,0.013068758882582188,-0.9943734407424927,0.9628074765205383,-0.00018059711146634072,0.1385934054851532,0.9537037037037037,0.046296296296296294,0,0
small_rect_edge_train_0040,train,small_rect_edge,0.0,0.9360588192939758,0.003181506646797061,0.024686038494110107,0.0,1.0,0.0009815649827942252,0.029888620600104332,0,-0.07196491956710815,0.0,-0.001443224959075451,0.007953643798828125,-0.9986152648925781,0.9999964833259583,0.00017907160508912057,0.10664215683937073,0.9739583333333334,0.026041666666666668,0,0
small_rect_edge_train_0041,train,small_rect_edge,0.0,0.9252250790596008,0.002572279190644622,0.02389516867697239,0.0,1.0,0.0013123953249305487,0.03544425964355469,0,-0.06494683027267456,0.0020761191844940186,-0.0019586095586419106,0.00895754061639309,-0.994807243347168,0.9973381757736206,0.0003707140567712486,0.14332042634487152,0.9551504629629629,0.044849537037037035,0,0
small_rect_edge_train_0042,train,small_rect_edge,0.0,0.9274948835372925,0.005044896621257067,0.035189010202884674,0.0,1.0,0.0011649461230263114,0.03324372321367264,0,-0.07372584939002991,0.0729910284280777,-0.001536311930976808,0.009951476007699966,-0.9986152648925781,0.9999964833259583,-0.0021316802594810724,0.10863593965768814,0.9743200231481481,0.025679976851851853,0,0
small_rect_edge_train_0043,train,small_rect_edge,0.0,1.0,0.01600540429353714,0.0733875259757042,0.0,0.9844409823417664,0.0015674735186621547,0.03774522989988327,0,-0.07411286234855652,0.0747220367193222,-0.0009946756763383746,0.014426127076148987,-0.9820112586021423,0.9999964833259583,0.0010719387792050838,0.13886182010173798,0.9555121527777778,0.044487847222222224,0,0
small_rect_edge_train_0044,train,small_rect_edge,0.0,0.9130210280418396,0.004146278370171785,0.030189089477062225,0.0,1.0,0.0009313635528087616,0.029364125803112984,0,-0.06462796032428741,0.0008321702480316162,-0.0016606271965429187,0.007995108142495155,-0.994807243347168,0.9999964833259583,4.242001807597262e-07,0.13028664886951447,0.9605758101851852,0.03942418981481482,0,0
small_rect_edge_train_0045,train,small_rect_edge,0.0,0.8659155368804932,0.010004176758229733,0.04877481237053871,0.0,1.0,0.0012927497737109661,0.034062206745147705,0,-0.07494446635246277,0.07499998807907104,-0.00109861942473799,0.014248081482946873,-0.9928953647613525,0.9999964833259583,-0.0004459233896341175,0.1359085589647293,0.9565972222222222,0.043402777777777776,0,0
small_rect_edge_train_0046,train,small_rect_edge,0.0,0.9044650197029114,0.005783952306956053,0.0369206927716732,0.0,1.0,0.0011839917860925198,0.032156042754650116,0,-0.07411286234855652,0.07388611137866974,-0.001814644318073988,0.010475588031113148,-0.9820112586021423,0.997345507144928,-0.0006796486559323967,0.12037960439920425,0.9674479166666666,0.032552083333333336,0,0
small_rect_edge_train_0047,train,small_rect_edge,0.0,0.8243404626846313,0.012255101464688778,0.06085098162293434,0.0,1.0,0.0011866638669744134,0.03225933015346527,0,-0.07438972592353821,0.0747220367193222,0.001531450543552637,0.013740599155426025,-0.9820112586021423,0.9628074765205383,0.0006189128034748137,0.13871067762374878,0.9540653935185185,0.04593460648148148,0,0
small_rect_edge_train_0048,train,small_rect_edge,0.0,1.0,0.01555605512112379,0.07670214772224426,0.0,0.9965410232543945,0.0009889673674479127,0.03009670414030552,0,-0.07450057566165924,0.07461076974868774,0.0010688167531043291,0.012901891954243183,-0.9820112586021423,0.9772876501083374,0.00048094618250615895,0.12889862060546875,0.9609375,0.0390625,0,0
small_rect_edge_train_0049,train,small_rect_edge,0.0,0.9499933123588562,0.009953247383236885,0.052185602486133575,0.0,1.0,0.001128270523622632,0.03222223371267319,0,-0.07438972592353821,0.0747220367193222,-0.0020108453463763,0.012773104012012482,-0.9928953647613525,0.9999964833259583,-0.0005096520180813968,0.1422826647758484,0.9540653935185185,0.04593460648148148,0,0
small_rect_edge_train_0050,train,small_rect_edge,0.0,0.8789972066879272,0.011958641931414604,0.0690440982580185,0.0,1.0,0.001316632959060371,0.03469417616724968,0,-0.07411286234855652,0.0747220367193222,-0.00022765397443436086,0.011798830702900887,-0.9820112586021423,0.9969497919082642,-0.0012775385985150933,0.1075725257396698,0.9764901620370371,0.02350983796296296,0,0
small_rect_edge_train_0051,train,small_rect_edge,0.0,1.0,0.01571563258767128,0.07465970516204834,0.0,0.9396759867668152,0.0011733800638467073,0.03172219544649124,0,-0.07438972592353821,0.0747220367193222,0.0012410368071869016,0.014181517995893955,-0.9820112586021423,0.9640410542488098,0.0008538176189176738,0.14018163084983826,0.9537037037037037,0.046296296296296294,0,0
small_rect_edge_train_0052,train,small_rect_edge,0.0,0.8499346971511841,0.005515632685273886,0.03844711184501648,0.0,1.0,0.0011833320604637265,0.03232342004776001,0,-0.060000017285346985,0.0,-0.0017736275913193822,0.008400051854550838,-0.9783591032028198,0.9999964833259583,-0.0013431190745905042,0.13854895532131195,0.9591290509259259,0.04087094907407408,0,0
small_rect_edge_train_0053,train,small_rect_edge,0.0,0.9983327984809875,0.005883265286684036,0.03364460915327072,0.0,1.0,0.0013058746699243784,0.035229623317718506,0,-0.07438972592353821,0.07455511391162872,-0.002386071253567934,0.011589372530579567,-0.994807243347168,0.9999964833259583,-0.00022577866911888123,0.1443154662847519,0.9544270833333334,0.045572916666666664,0,0
small_rect_edge_train_0054,train,small_rect_edge,0.0,0.9734207391738892,0.016937626525759697,0.07590875774621964,0.0,1.0,0.0014696454163640738,0.03686435893177986,0,-0.07411286234855652,0.07500000298023224,0.0011714368592947721,0.014442174695432186,-0.9820112586021423,0.9999969601631165,0.0013898254837840796,0.1439359188079834,0.9547887731481481,0.04521122685185185,0,0
small_rect_edge_train_0055,train,small_rect_edge,0.0,0.8397737145423889,0.007851491682231426,0.03840296342968941,0.0,1.0,0.00110680575016886,0.030425654724240303,0,-0.07411286234855652,0.07500000298023224,-0.0012518672738224268,0.014244097284972668,-0.9820112586021423,0.997345507144928,0.001398047897964716,0.13705116510391235,0.9565972222222222,0.043402777777777776,0,0
small_rect_edge_train_0056,train,small_rect_edge,0.0,0.8862254619598389,0.01323264092206955,0.06200776994228363,0.0,1.0,0.0012047449126839638,0.03343629837036133,0,-0.07411286234855652,0.07500000298023224,0.0013019161997362971,0.01440876442939043,-0.9820112586021423,0.9999969601631165,0.002816599328070879,0.13978664577007294,0.9565972222222222,0.043402777777777776,0,0
small_rect_edge_train_0057,train,small_rect_edge,0.0,1.0,0.014575127512216568,0.06355645507574081,0.0,0.9182279706001282,0.0017080889083445072,0.03800623118877411,0,-0.07389162480831146,0.07500000298023224,-0.0012111959513276815,0.016254320740699768,-0.9986152648925781,0.9999964833259583,-0.00014770554844290018,0.16127236187458038,0.9410445601851852,0.05895543981481482,0,0
small_rect_edge_train_0058,train,small_rect_edge,0.0,0.8819423317909241,0.016334064304828644,0.07240322232246399,0.0,1.0,0.0010786690982058644,0.03178117051720619,0,-0.07438972592353821,0.0747220367193222,0.0008256138535216451,0.014536169357597828,-0.9820112586021423,0.9640410542488098,0.0007314761751331389,0.14045117795467377,0.9544270833333334,0.045572916666666664,0,0
small_rect_edge_train_0059,train,small_rect_edge,0.0,1.0,0.0029034714680165052,0.023764386773109436,0.0,0.9935849905014038,0.0014519616961479187,0.03571800887584686,0,-0.07389162480831146,0.07500000298023224,-0.0024488186463713646,0.01279373187571764,-0.9991823434829712,0.9999964833259583,-0.0008777339826337993,0.16318869590759277,0.9381510416666666,0.061848958333333336,0,0
small_rect_edge_train_0060,train,small_rect_edge,0.0,1.0,0.018781891092658043,0.08842188119888306,0.0,0.9535989761352539,0.0012320434907451272,0.03326311707496643,0,-0.07494446635246277,0.07499998807907104,0.001727061695419252,0.01324239932000637,-0.9820112586021423,0.9999969601631165,-0.0005458857049234211,0.13615016639232635,0.9558738425925926,0.044126157407407406,0,0
small_rect_edge_train_0061,train,small_rect_edge,0.0,0.8621551990509033,0.006887526251375675,0.03676852211356163,0.0,1.0,0.0010446349624544382,0.029032578691840172,0,-0.07411286234855652,0.07500000298023224,-0.0020582955330610275,0.012458279728889465,-0.9991823434829712,0.9999964833259583,-0.0006352741620503366,0.14088435471057892,0.9555121527777778,0.044487847222222224,0,0
small_rect_edge_train_0062,train,small_rect_edge,0.0,0.8942055702209473,0.001962935784831643,0.015382516197860241,0.0,1.0,0.0014154717791825533,0.036351729184389114,0,-0.07389162480831146,0.07500000298023224,-0.0023112783674150705,0.01408782321959734,-0.9991823434829712,0.9999964833259583,-0.0012666279217228293,0.1602526158094406,0.9399594907407407,0.06004050925925926,0,0
small_rect_edge_train_0063,train,small_rect_edge,0.0,0.9412057399749756,0.019386697560548782,0.08585388958454132,0.0,1.0,0.0010531994048506021,0.03026454895734787,0,-0.07438972592353821,0.0747220367193222,0.000703806581441313,0.01462847925722599,-0.9788332581520081,0.9932713508605957,0.0004002974892500788,0.1393059641122818,0.9547887731481481,0.04521122685185185,0,0
small_rect_edge_train_0064,train,small_rect_edge,0.0,1.0,0.0030471193604171276,0.02536849118769169,0.0,0.9010519981384277,0.001271828543394804,0.031979747116565704,0,-0.07411286234855652,0.0747220367193222,-0.002513163723051548,0.013107714243233204,-0.9991823434829712,0.9999964833259583,0.0013521529035642743,0.16246892511844635,0.9403211805555556,0.05967881944444445,0,0
small_rect_edge_train_0065,train,small_rect_edge,0.0,0.9384173154830933,0.0077866134233772755,0.042908139526844025,0.0,1.0,0.001504348125308752,0.03627629950642586,0,-0.07438972592353821,0.07461076974868774,-0.0023085821885615587,0.011307163164019585,-0.994807243347168,0.9999964833259583,-2.651727118063718e-05,0.1406717598438263,0.9540653935185185,0.04593460648148148,0,0
small_rect_edge_train_0066,train,small_rect_edge,0.0,1.0,0.010196054354310036,0.05292408913373947,0.0,0.9708210229873657,0.001107922405935824,0.03170019015669823,0,-0.07411286234855652,0.0747220367193222,-0.002177654067054391,0.011861354112625122,-0.9820112586021423,0.9999964833259583,0.0008832801249809563,0.14087800681591034,0.9551504629629629,0.044849537037037035,0,0
small_rect_edge_train_0067,train,small_rect_edge,0.0,0.9689875841140747,0.021107442677021027,0.08592252433300018,0.0,1.0,0.001398976193740964,0.03455892950296402,0,-0.07389162480831146,0.07500000298023224,-0.00045493245124816895,0.01666281558573246,-0.9986152648925781,0.9999969601631165,-0.0009355854126624763,0.16014017164707184,0.94140625,0.05859375,0,0
small_rect_edge_train_0068,train,small_rect_edge,0.0,0.8799338936805725,0.011699111200869083,0.06994979083538055,0.0,1.0,0.001263437676243484,0.033345628529787064,0,-0.07411286234855652,0.0747220367193222,-1.7998050680034794e-05,0.012145000509917736,-0.949177622795105,0.9932713508605957,0.0018482162849977612,0.10874277353286743,0.9754050925925926,0.02459490740740741,0,0
small_rect_edge_train_0069,train,small_rect_edge,0.0,0.9408010244369507,0.012478022836148739,0.060853492468595505,0.0,1.0,0.0011353500885888934,0.03240443393588066,0,-0.07494446635246277,0.07461076974868774,-0.0015692544402554631,0.01369350217282772,-0.9928953647613525,0.9973381757736206,0.0007992934552021325,0.1365659534931183,0.9558738425925926,0.044126157407407406,0,0
small_rect_edge_train_0070,train,small_rect_edge,0.0,0.8215205669403076,0.013328636065125465,0.06503228843212128,0.0,1.0,0.0009129696409218013,0.02800767496228218,0,-0.07411286234855652,0.07500000298023224,-0.0007639519753865898,0.0135215874761343,-0.9820112586021423,0.997345507144928,0.0008680082391947508,0.12934286892414093,0.9638310185185185,0.03616898148148148,0,0
small_rect_edge_train_0071,train,small_rect_edge,0.0,0.9036810994148254,0.006130313500761986,0.03298789635300636,0.0,1.0,0.0012240806827321649,0.03317631408572197,0,-0.07411286234855652,0.07500000298023224,-0.0020582955330610275,0.012458279728889465,-0.9991823434829712,0.9999964833259583,-0.0006352736381813884,0.14088435471057892,0.9555121527777778,0.044487847222222224,0,0
small_rect_edge_train_0072,train,small_rect_edge,0.0,1.0,0.014480475336313248,0.0703098326921463,0.0,0.9792029857635498,0.001869711559265852,0.04156392812728882,0,-0.07438972592353821,0.0747220367193222,-0.0012594042345881462,0.013422644697129726,-0.9788332581520081,0.9999964833259583,0.0008245977805927396,0.12680482864379883,0.9638310185185185,0.03616898148148148,0,0
small_rect_edge_train_0073,train,small_rect_edge,0.0,0.8249239325523376,0.014766959473490715,0.0663221925497055,0.0,1.0,0.0014980843989178538,0.036199383437633514,0,-0.07411286234855652,0.07500000298023224,-0.00023762557248119265,0.014931240119040012,-0.9820112586021423,0.9999969601631165,-7.743312744423747e-05,0.1394955813884735,0.9584056712962963,0.041594328703703706,0,0
small_rect_edge_train_0074,train,small_rect_edge,0.0,0.8141777515411377,0.008320294320583344,0.05547653138637543,0.0,1.0,0.0009217339102178812,0.027679257094860077,0,-0.07389162480831146,0.07500000298023224,-0.001167119131423533,0.009917405433952808,-0.9788332581520081,0.9999964833259583,-0.00012711180897895247,0.0963563323020935,0.9786603009259259,0.021339699074074073,0,0
small_rect_edge_train_0075,train,small_rect_edge,0.0,0.9757059216499329,0.01159314438700676,0.058615997433662415,0.0,1.0,0.0012622749200090766,0.033382102847099304,0,-0.07389162480831146,0.07500000298023224,0.001799808582291007,0.01380000077188015,-0.9788332581520081,0.9999969601631165,0.0032591698691248894,0.14048263430595398,0.9565972222222222,0.043402777777777776,0,0
small_rect_edge_train_0076,train,small_rect_edge,0.0,0.8373098373413086,0.013680731877684593,0.06640409678220749,0.0,1.0,0.001046922872774303,0.02936817705631256,0,-0.07411286234855652,0.07500000298023224,0.000990383792668581,0.013437275774776936,-0.9820112586021423,0.9999969601631165,0.0020174579694867134,0.13126255571842194,0.9631076388888888,0.03689236111111111,0,0
small_rect_edge_train_0077,train,small_rect_edge,0.0,0.8128370046615601,0.017086196690797806,0.07506918162107468,0.0,1.0,0.001158129540272057,0.030953677371144295,0,-0.07494446635246277,0.07461076974868774,-0.0007613576017320156,0.014527271501719952,-0.9928953647613525,0.9973381757736206,-0.0030022442806512117,0.13768433034420013,0.9551504629629629,0.044849537037037035,0,0
small_rect_edge_train_0078,train,small_rect_edge,0.0,1.0,0.004847857169806957,0.03027837723493576,0.0,0.998320996761322,0.0011736568994820118,0.033505409955978394,0,-0.07372584939002991,0.07343901693820953,-0.0017266350332647562,0.012379846535623074,-0.9986152648925781,0.9999964833259583,-0.0014280108734965324,0.12467353790998459,0.9645543981481481,0.03544560185185185,0,0
small_rect_edge_train_0079,train,small_rect_edge,0.0,0.8435109853744507,0.018698683008551598,0.08335120975971222,0.0,1.0,0.0012412838404998183,0.03358549252152443,0,-0.07411286234855652,0.07500000298023224,0.0007317944546230137,0.014731698669493198,-0.9820112586021423,0.9999969601631165,0.001700677559711039,0.14503592252731323,0.9544270833333334,0.045572916666666664,0,0
small_rect_edge_train_0080,train,small_rect_edge,0.0,0.9471552968025208,0.0016181933460757136,0.014214977622032166,0.0,1.0,0.0013163740513846278,0.03554316982626915,0,-0.07372584939002991,0.07410933077335358,-0.0021692002192139626,0.011457724496722221,-0.9986152648925781,0.9999964833259583,-0.0002915055665653199,0.1374247968196869,0.9565972222222222,0.043402777777777776,0,0
small_rect_edge_train_0081,train,small_rect_edge,0.0,0.9171468019485474,0.017979862168431282,0.08507785946130753,0.0,1.0,0.001458405633457005,0.03553997725248337,0,-0.07494446635246277,0.07499998807907104,0.0017688843654468656,0.012964263558387756,-0.9820112586021423,0.9999969601631165,-0.001561999786645174,0.1305409073829651,0.9573206018518519,0.04267939814814815,0,0
small_rect_edge_train_0082,train,small_rect_edge,0.0,0.8225477337837219,0.00893110316246748,0.05343639478087425,0.0,1.0,0.0011648834915831685,0.03109550289809704,0,-0.07411286234855652,0.07500000298023224,-0.00030435039661824703,0.011829373426735401,-0.9820112586021423,0.997345507144928,0.0010578871006146073,0.10988888144493103,0.9754050925925926,0.02459490740740741,0,0
small_rect_edge_train_0083,train,small_rect_edge,0.0,1.0,0.014717137441039085,0.07614234834909439,0.0,0.9517149925231934,0.0008811596198938787,0.02872294932603836,0,-0.07438972592353821,0.0747220367193222,-0.0005061400588601828,0.012840618379414082,-0.9788332581520081,0.9999964833259583,0.0008272140985354781,0.11742430925369263,0.9688946759259259,0.031105324074074073,0,0
small_rect_edge_train_0084,train,small_rect_edge,0.0,0.8074094653129578,0.0012642525834962726,0.014322043396532536,0.0,1.0,0.0010246679885312915,0.02945997565984726,0,-0.06622661650180817,0.0,-0.001212611678056419,0.006873842794448137,-0.9991823434829712,0.9846839904785156,-0.0015224076341837645,0.10909655690193176,0.9732349537037037,0.026765046296296297,0,0
small_rect_edge_train_0085,train,small_rect_edge,0.0,0.9957283139228821,0.008106946013867855,0.04678276553750038,0.0,1.0,0.0008485482539981604,0.02775951661169529,0,-0.07389162480831146,0.07500000298023224,-0.0014590522041544318,0.011865483596920967,-0.9986152648925781,0.9999964833259583,-0.000591013696976006,0.11892923712730408,0.9681712962962963,0.031828703703703706,0,0
small_rect_edge_train_0086,train,small_rect_edge,0.0,1.0,0.004731162451207638,0.03243747353553772,0.0,0.9404829740524292,0.0009701478411443532,0.029489416629076004,0,-0.07273365557193756,0.07410933077335358,-0.0015262134838849306,0.008633838035166264,-0.9986152648925781,0.9999964833259583,0.00034349437919445336,0.10738927870988846,0.9739583333333334,0.026041666666666668,0,0
small_rect_edge_train_0087,train,small_rect_edge,0.0,0.9532879590988159,0.012016557157039642,0.05609714984893799,0.0,1.0,0.0009694184991531074,0.029561186209321022,0,-0.07411286234855652,0.07500000298023224,-0.0015549978706985712,0.013888649642467499,-0.9820112586021423,0.9999964833259583,0.00012349199096206576,0.14030444622039795,0.9562355324074074,0.043764467592592594,0,0
small_rect_edge_train_0088,train,small_rect_edge,0.0,1.0,0.018579956144094467,0.09893026202917099,0.0,0.9809060096740723,0.001282131182961166,0.034597139805555344,0,-0.07411286234855652,0.0747220367193222,0.0009043185855261981,0.012697175145149231,-0.9820112586021423,0.9969497919082642,0.00293674785643816,0.11987678706645966,0.9688946759259259,0.031105324074074073,0,0
small_rect_edge_train_0089,train,small_rect_edge,0.0,0.9803104996681213,0.0020823441445827484,0.020206399261951447,0.0,1.0,0.0008989008492790163,0.02932155132293701,0,-0.06415048241615295,0.0018691718578338623,-0.0013555336045101285,0.007146656047552824,-0.9768810272216797,0.9964806437492371,0.002901351312175393,0.11919856071472168,0.9641927083333334,0.035807291666666664,0,0
point_cluster_train_0000,train,point_cluster,0.0,0.8352411985397339,0.00995477195829153,0.05944429337978363,0.0,1.0,0.000709683692548424,0.023389119654893875,0,0.0,0.046596020460128784,0.001167053123936057,0.0060067977756261826,-0.9607370495796204,0.9649819135665894,0.005160419270396233,0.12986035645008087,0.9635416666666666,0.036458333333333336,0,0
point_cluster_train_0001,train,point_cluster,0.0,0.8940161466598511,0.009623250924050808,0.060445111244916916,0.0,1.0,0.0003357315144967288,0.016405142843723297,0,-0.04500000923871994,0.0,-0.001054358552210033,0.005624143872410059,-0.8999997973442078,0.9766571521759033,9.352396591566503e-05,0.11451873183250427,0.9706307870370371,0.02936921296296296,0,0
point_cluster_train_0002,train,point_cluster,0.0,0.9864159822463989,0.014027321711182594,0.08799625188112259,0.0,1.0,0.0002557395491749048,0.013774208724498749,0,-0.07494446635246277,0.07499998807907104,4.963018000125885e-06,0.011753633618354797,-0.700005829334259,0.7826626300811768,0.0002575569087639451,0.06651797145605087,0.9812644675925926,0.01873553240740741,0,0
point_cluster_train_0003,train,point_cluster,0.0,0.856572151184082,0.006298690102994442,0.04890792444348335,0.0,1.0,0.0002781276998575777,0.014844234101474285,0,-0.0538230836391449,0.0,-0.0010479709599167109,0.006084393244236708,-0.9913396239280701,0.9614124894142151,0.0010063147637993097,0.10482785105705261,0.9741753472222222,0.025824652777777776,0,0
point_cluster_train_0004,train,point_cluster,0.0,0.9993104934692383,0.005890646018087864,0.044965844601392746,0.0,1.0,0.0004637818201445043,0.01964116469025612,0,-0.0493769496679306,0.0026433616876602173,-0.000836026796605438,0.004921311046928167,-0.950625479221344,0.9766644239425659,0.0022910984698683023,0.10696221888065338,0.9741753472222222,0.025824652777777776,0,0
point_cluster_train_0005,train,point_cluster,0.0,0.8224685192108154,0.00805475004017353,0.05339404568076134,0.0,1.0,0.0004165385034866631,0.01878892257809639,0,-0.07372584939002991,0.0729910284280777,-0.0014031407190486789,0.009674418717622757,-0.9788332581520081,0.977294921875,-0.0013474351726472378,0.0947330966591835,0.9792390046296297,0.02076099537037037,0,0
point_cluster_train_0006,train,point_cluster,0.0,1.0,0.01020877342671156,0.06137476861476898,0.0,0.8647119998931885,0.000391051871702075,0.016610123217105865,0,-0.07483351975679398,0.07433034479618073,-0.0016803033649921417,0.010824992321431637,-0.9993054270744324,0.9710617065429688,0.0007873563445173204,0.10660465806722641,0.9746817129629629,0.02531828703703704,0,0
point_cluster_train_0007,train,point_cluster,0.0,1.0,0.013063333928585052,0.08212252706289291,0.0,0.9745150208473206,0.0003128195821773261,0.01663978397846222,0,-0.07361537218093872,0.07343901693820953,0.0015427087200805545,0.00994869414716959,-0.9367321133613586,0.9681704044342041,0.0007339948206208646,0.09738171845674515,0.9777199074074074,0.02228009259259259,0,0
point_cluster_train_0008,train,point_cluster,0.0,1.0,0.017293868586421013,0.08837267011404037,0.0,0.9932270050048828,0.00039864194695837796,0.018119392916560173,0,-0.07411286234855652,0.0747220367193222,-0.0008221105672419071,0.013484170660376549,-0.9820112586021423,0.9969497919082642,-0.003460164414718747,0.1275416612625122,0.9706307870370371,0.02936921296296296,0,0
point_cluster_train_0009,train,point_cluster,0.0,1.0,0.009470324032008648,0.05738066881895065,0.0,0.8126710057258606,0.0004557509673759341,0.01798977516591549,0,0.0,0.07106334716081619,0.0018430841155350208,0.00928190816193819,-0.9892363548278809,0.9999994039535522,0.0021878634579479694,0.11519428342580795,0.9670862268518519,0.03291377314814815,0,0
point_cluster_train_0010,train,point_cluster,0.0,1.0,0.01032065786421299,0.06699055433273315,0.0,0.9768549799919128,0.0003529407549649477,0.01702001318335533,0,-0.07433627545833588,0.07433034479618073,-0.00164676399435848,0.010255515575408936,-0.9993054270744324,0.9710617065429688,0.0003010949876625091,0.10547547787427902,0.9735243055555556,0.026475694444444444,0,0
point_cluster_train_0011,train,point_cluster,0.0,0.8773438334465027,0.003068765392526984,0.02094195783138275,0.0,1.0,0.0007832474075257778,0.025042027235031128,0,-0.07059861719608307,0.0,-0.002333498327061534,0.009953913278877735,-0.9768810272216797,0.9964806437492371,-0.002807317767292261,0.14181406795978546,0.9525462962962963,0.047453703703703706,0,0
point_cluster_train_0012,train,point_cluster,0.0,1.0,0.006694120354950428,0.049631617963314056,0.0,0.9164559841156006,0.0004787397338077426,0.019037192687392235,0,0.0,0.06800734996795654,0.001417644089087844,0.008094082586467266,-0.9892363548278809,0.9999994039535522,0.001942641451023519,0.10009060800075531,0.9746817129629629,0.02531828703703704,0,0
point_cluster_train_0013,train,point_cluster,0.0,1.0,0.009756837040185928,0.057718873023986816,0.0,0.9042789936065674,0.00035043168463744223,0.015928048640489578,0,-0.05821220576763153,0.0011621564626693726,-0.0012712308671325445,0.006534787826240063,-0.956943690776825,0.999998927116394,0.0026181270368397236,0.12276549637317657,0.9650607638888888,0.03493923611111111,0,0
point_cluster_train_0014,train,point_cluster,0.0,0.9772304892539978,0.008417181670665741,0.05833037942647934,0.0,1.0,0.00043743179412558675,0.01964808627963066,0,0.0,0.06708292663097382,0.0013290679780766368,0.008012802340090275,-0.9425274729728699,0.9421225190162659,0.000694098649546504,0.09586679935455322,0.9787326388888888,0.021267361111111112,0,0
point_cluster_train_0015,train,point_cluster,0.0,0.9667374491691589,0.021327313035726547,0.11353260278701782,0.0,1.0,0.0004014685400761664,0.01809789426624775,0,-0.07433627545833588,0.07500000298023224,-0.0010360933374613523,0.01206111442297697,-0.9993054270744324,0.9710617065429688,0.0014063805574551225,0.11137840896844864,0.9731626157407407,0.02683738425925926,0,0
point_cluster_train_0016,train,point_cluster,0.0,1.0,0.011021011509001255,0.06763501465320587,0.0,0.8551459908485413,0.00039275846211239696,0.017484571784734726,0,-0.07389162480831146,0.07500000298023224,0.0016145413974300027,0.011145437136292458,-0.9367321133613586,0.9999969601631165,0.0013695766683667898,0.10522044450044632,0.9741753472222222,0.025824652777777776,0,0
point_cluster_train_0017,train,point_cluster,0.0,1.0,0.008053780533373356,0.05223033204674721,0.0,0.8489739894866943,0.00024388983729295433,0.013057023286819458,0,-0.07405753433704376,0.0747220367193222,-0.0011096822563558817,0.010747788473963737,-0.9152344465255737,0.9999964833259583,0.0019883092027157545,0.09664109349250793,0.9782262731481481,0.021773726851851853,0,0
point_cluster_train_0018,train,point_cluster,0.0,0.8470433950424194,0.014402885921299458,0.060020562261343,0.0,1.0,0.0006030608783476055,0.021770412102341652,0,-0.07438972592353821,0.0747220367193222,0.003764043329283595,0.015239388681948185,-0.9943734407424927,0.9628074765205383,-2.1777495931019075e-05,0.17584306001663208,0.9247685185185185,0.07523148148148148,0,0
point_cluster_train_0019,train,point_cluster,0.0,0.8565222024917603,0.005336556117981672,0.04000164195895195,0.0,1.0,0.0005401084781624377,0.02149517834186554,0,-0.012704700231552124,0.04704059660434723,0.0008049585158005357,0.00473045464605093,-0.966776430606842,0.9348412156105042,-0.002404276980087161,0.11625701934099197,0.9670862268518519,0.03291377314814815,0,0
point_cluster_train_0020,train,point_cluster,0.0,0.9304178357124329,0.01372840628027916,0.0703267827630043,0.0,1.0,0.0005209911032579839,0.020728861913084984,0,-0.07361538708209991,0.0747220367193222,0.0022872048430144787,0.011644426733255386,-0.966776430606842,0.9999969601631165,0.0029243770986795425,0.12558728456497192,0.9610098379629629,0.038990162037037035,0,0
point_cluster_train_0021,train,point_cluster,0.0,0.9534816145896912,0.007841382175683975,0.05262952670454979,0.0,1.0,0.0006190873100422323,0.021478930488228798,0,-0.005000010132789612,0.0460229367017746,0.0011740888003259897,0.00607724767178297,-0.9607370495796204,0.9649819135665894,0.007673447951674461,0.1352391242980957,0.9571759259259259,0.04282407407407408,0,0
point_cluster_train_0022,train,point_cluster,0.0,0.9871950745582581,0.012506597675383091,0.0580391101539135,0.0,1.0,0.0007264724699780345,0.024997655302286148,0,-0.07483351975679398,0.07500000298023224,0.0011756917228922248,0.0155249685049057,-0.9993054270744324,0.9999994039535522,0.004938522819429636,0.14633214473724365,0.9502314814814815,0.04976851851851852,0,0
point_cluster_train_0023,train,point_cluster,0.0,1.0,0.002349352929741144,0.022018371149897575,0.0,0.8993970155715942,0.0002713142312131822,0.014428333379328251,0,-0.05332207679748535,0.0,-0.0010387591319158673,0.005868340376764536,-0.9768810272216797,0.9846839904785156,0.0001801145845092833,0.1080106645822525,0.97265625,0.02734375,0,0
point_cluster_train_0024,train,point_cluster,0.0,1.0,0.010693011805415154,0.06789038330316544,0.0,0.847357988357544,0.0002544701856095344,0.013594326563179493,0,-0.07221826165914536,0.07500000298023224,0.0015272285090759397,0.010883092880249023,-0.8289300203323364,0.9999994039535522,0.004753085784614086,0.10337024927139282,0.9777199074074074,0.02228009259259259,0,0
point_cluster_train_0025,train,point_cluster,0.0,1.0,0.009537719190120697,0.06460101902484894,0.0,0.9614130258560181,0.00034570545540191233,0.016693465411663055,0,-0.0650000050663948,0.0,-0.001783950487151742,0.009090708568692207,-0.9913396239280701,0.999998927116394,0.0007080983486957848,0.11125514656305313,0.9696180555555556,0.030381944444444444,0,0
point_cluster_train_0026,train,point_cluster,0.0,0.800000011920929,0.01224061194807291,0.06839177012443542,0.0,1.0,0.00029820104828104377,0.016029290854930878,0,-0.07438972592353821,0.07461076974868774,0.0019133769674226642,0.01173887774348259,-0.949177622795105,0.9324671626091003,8.97376230568625e-05,0.11237581074237823,0.9701244212962963,0.029875578703703703,0,0
point_cluster_train_0027,train,point_cluster,0.0,0.8554297685623169,0.007930051535367966,0.05308832600712776,0.0,1.0,0.0005248119705356658,0.021060537546873093,0,-0.0366421639919281,0.026776686310768127,-0.00021433972869999707,0.0033468524925410748,-0.93541419506073,0.9517656564712524,0.0016641533002257347,0.12784305214881897,0.9630353009259259,0.03696469907407408,0,0
point_cluster_train_0028,train,point_cluster,0.0,1.0,0.017606697976589203,0.07644211500883102,0.0,0.993910014629364,0.0007258508121594787,0.02395159937441349,0,-0.07384227216243744,0.07500000298023224,-0.002650734269991517,0.01474213507026434,-0.9993054270744324,0.999998927116394,0.004041953012347221,0.15889064967632294,0.9427083333333334,0.057291666666666664,0,0
point_cluster_train_0029,train,point_cluster,0.0,0.9069019556045532,0.012847266159951687,0.07139616459608078,0.0,1.0,0.0004209125763736665,0.017738616093993187,0,-0.07411286234855652,0.07500000298023224,0.0010654794750735164,0.012755190953612328,-0.966776430606842,0.9999969601631165,0.0029967313166707754,0.11710330098867416,0.9711371527777778,0.028862847222222224,0,0
point_cluster_train_0030,train,point_cluster,0.0,0.8635048866271973,0.011430219747126102,0.06567470729351044,0.0,1.0,0.0004097027413081378,0.01867157593369484,0,-0.07411286234855652,0.07500000298023224,0.0007249232730828226,0.012960837222635746,-0.966776430606842,0.9999969601631165,0.004326993133872747,0.11756974458694458,0.9711371527777778,0.028862847222222224,0,0
point_cluster_train_0031,train,point_cluster,0.0,0.9001604914665222,0.005939557682722807,0.04760148376226425,0.0,1.0,0.00040138003532774746,0.01929176226258278,0,-0.022524520754814148,0.026776686310768127,8.014310878934339e-05,0.002096591517329216,-0.93541419506073,0.9517656564712524,0.000407490530051291,0.10518492013216019,0.9756944444444444,0.024305555555555556,0,0
point_cluster_train_0032,train,point_cluster,0.0,0.9824167490005493,0.011436636559665203,0.07294148206710815,0.0,1.0,0.0003612835134845227,0.017647916451096535,0,-0.07389162480831146,0.07500000298023224,-2.7867172320839018e-05,0.011822993867099285,-0.9788332581520081,0.8961398601531982,-0.0016788304783403873,0.09924441576004028,0.9772135416666666,0.022786458333333332,0,0
point_cluster_train_0033,train,point_cluster,0.0,0.8026886582374573,0.009340055286884308,0.05364643409848213,0.0,1.0,0.0004859641194343567,0.019323352724313736,0,-0.05447514355182648,0.005724117159843445,-0.001057139947079122,0.005701770074665546,-0.956943690776825,0.9766644239425659,-0.00017320805636700243,0.12286702543497086,0.9670862268518519,0.03291377314814815,0,0
point_cluster_train_0034,train,point_cluster,0.0,1.0,0.019354941323399544,0.09806932508945465,0.0,0.9750170111656189,0.0004504932148847729,0.01794375106692314,0,-0.07384227216243744,0.07500000298023224,0.00040091382106766105,0.013742017559707165,-0.9993054270744324,0.9999994039535522,0.004154132679104805,0.12612953782081604,0.9675925925925926,0.032407407407407406,0,0
point_cluster_train_0035,train,point_cluster,0.0,0.9302316904067993,0.03669017180800438,0.11378432810306549,0.0,1.0,0.0007899593911133707,0.02528291381895542,0,-0.07411286234855652,0.07500000298023224,0.00010212662891717628,0.01989351399242878,-0.9820112586021423,0.9999969601631165,0.0027074518147855997,0.20278112590312958,0.9075520833333334,0.09244791666666667,0,0
point_cluster_train_0036,train,point_cluster,0.0,1.0,0.014338849112391472,0.07944121211767197,0.0,0.8897179961204529,0.0003865860926453024,0.01731826364994049,0,-0.07405753433704376,0.0747220367193222,0.0015494407853111625,0.012330153025686741,-0.9667691588401794,0.9932713508605957,0.0018052523955702782,0.11525878310203552,0.9711371527777778,0.028862847222222224,0,0
point_cluster_train_0037,train,point_cluster,0.0,0.8947729468345642,0.006776120979338884,0.0452745258808136,0.0,1.0,0.0004940886283293366,0.019865361973643303,0,-0.0187559574842453,0.04006578028202057,0.0005488890456035733,0.004007202573120594,-0.998612105846405,0.9571169018745422,-0.0027193876449018717,0.13028843700885773,0.9625289351851852,0.03747106481481482,0,0
point_cluster_train_0038,train,point_cluster,0.0,0.9431043863296509,0.004757153335958719,0.0313616581261158,0.0,1.0,0.0002830855664797127,0.015078929252922535,0,-0.07389162480831146,0.0,-0.0016050359699875116,0.008749767206609249,-0.9991823434829712,0.9999964833259583,-0.001337285852059722,0.10724177211523056,0.9739583333333334,0.026041666666666668,0,0
point_cluster_train_0039,train,point_cluster,0.0,0.8406710028648376,0.008087949827313423,0.03965127840638161,0.0,1.0,0.0008395484182983637,0.02530735172331333,0,-0.05986122041940689,0.018077343702316284,-0.0020540154073387384,0.008460989221930504,-0.998612105846405,0.9766644239425659,0.0017675517592579126,0.18609972298145294,0.923828125,0.076171875,0,0
point_cluster_train_0040,train,point_cluster,0.0,1.0,0.007732120808213949,0.0519559383392334,0.0,0.8454189896583557,0.00029857183108106256,0.014473741874098778,0,-0.056592293083667755,0.0,-0.0011946771992370486,0.006532582920044661,-0.9913396239280701,0.929390549659729,0.0013744574971497059,0.10328739136457443,0.97265625,0.02734375,0,0
point_cluster_train_0041,train,point_cluster,0.0,0.8939234614372253,0.0012032288359478116,0.017531465739011765,0.0,1.0,0.000221986323595047,0.013378291390836239,0,-0.044804006814956665,0.0022002458572387695,-0.0005524962325580418,0.0038169347681105137,-0.9991823434829712,0.9846839904785156,-0.0015440736897289753,0.09545741230249405,0.9796006944444444,0.020399305555555556,0,0
point_cluster_train_0042,train,point_cluster,0.0,1.0,0.010443983599543571,0.06077732890844345,0.0,0.919996976852417,0.00032529086456634104,0.01572335511445999,0,0.0,0.07500000298023224,0.0020070462487637997,0.010045069269835949,-0.9892363548278809,0.9999994039535522,0.003681052941828966,0.11694376915693283,0.9675925925925926,0.032407407407407406,0,0
point_cluster_train_0043,train,point_cluster,0.0,0.9315471053123474,0.018466250970959663,0.08804096281528473,0.0,1.0,0.0009800783591344953,0.02984688989818096,0,-0.07384227216243744,0.07500000298023224,-0.0014988684561103582,0.013608160428702831,-0.9993054270744324,0.999998927116394,0.0032288911752402782,0.1372990608215332,0.9584780092592593,0.04152199074074074,0,0
point_cluster_train_0044,train,point_cluster,0.0,0.8990347981452942,0.02509724162518978,0.09229148924350739,0.0,1.0,0.0004123594262637198,0.017597142606973648,0,-0.07494446635246277,0.07499998807907104,-0.00018641684437170625,0.01893673464655876,-0.9820112586021423,0.9999969601631165,-0.00010349987860536203,0.17771856486797333,0.9282407407407407,0.07175925925925926,0,0
point_cluster_train_0045,train,point_cluster,0.0,0.8771299123764038,0.007687600329518318,0.057650286704301834,0.0,1.0,0.0004749108338728547,0.018876340240240097,0,-0.015835925936698914,0.034458667039871216,0.0003490850212983787,0.002885360736399889,-0.998612105846405,0.9571169018745422,-0.0004451863933354616,0.11430811136960983,0.9741753472222222,0.025824652777777776,0,0
point_cluster_train_0046,train,point_cluster,0.0,0.8996389508247375,0.00717907352373004,0.049001701176166534,0.0,1.0,0.00032323988853022456,0.017058225348591805,0,0.0,0.06931711733341217,0.0014557375106960535,0.008217374794185162,-0.9367321133613586,0.9999969601631165,0.0012364074354991317,0.10398347675800323,0.9756944444444444,0.024305555555555556,0,0
point_cluster_train_0047,train,point_cluster,0.0,0.915192723274231,0.006625298876315355,0.043430451303720474,0.0,1.0,0.0005058305687271059,0.021114850416779518,0,-0.06590601801872253,0.0,-0.0015540203312411904,0.008069954812526703,-0.9768810272216797,0.9846839904785156,0.0011518739629536867,0.11407960206270218,0.9691116898148148,0.030888310185185185,0,0
point_cluster_train_0048,train,point_cluster,0.0,0.800000011920929,0.014397152699530125,0.06857775151729584,0.0,1.0,0.0007456304156221449,0.023316800594329834,0,-0.03284625709056854,0.05229927599430084,0.001049687503837049,0.0067330775782465935,-0.9367321133613586,0.9517656564712524,-0.0009400714770890772,0.1742803305387497,0.9288194444444444,0.07118055555555555,0,0
point_cluster_train_0049,train,point_cluster,0.0,1.0,0.034152641892433167,0.12714746594429016,0.0,0.8695399761199951,0.0005551956710405648,0.01983218640089035,0,-0.07483351975679398,0.07500000298023224,0.00023366483219433576,0.01791762001812458,-0.9993054270744324,0.9999994039535522,0.006212738808244467,0.16329237818717957,0.9392361111111112,0.06076388888888889,0,0
point_cluster_train_0050,train,point_cluster,0.0,0.859772801399231,0.0030107730999588966,0.020207615569233894,0.0,1.0,0.0007469016127288342,0.023940935730934143,0,-0.07016310095787048,0.0,-0.0021078235004097223,0.009357646107673645,-0.9986152648925781,0.9846839904785156,-0.0008487001177854836,0.13688796758651733,0.9589120370370371,0.041087962962962965,0,0
point_cluster_train_0051,train,point_cluster,0.0,0.8638368248939514,0.01230207085609436,0.05493353679776192,0.0,1.0,0.0008831587620079517,0.026387568563222885,0,-0.07483351975679398,0.07500000298023224,0.0025972079019993544,0.015732266008853912,-0.9993054270744324,0.9999994039535522,0.007215509191155434,0.16087250411510468,0.94140625,0.05859375,0,0
point_cluster_train_0052,train,point_cluster,0.0,1.0,0.006143731996417046,0.04489815607666969,0.0,0.9558820128440857,0.0003794003278017044,0.01715942658483982,0,-0.0605572909116745,0.0,-0.0012410373892635107,0.006814963649958372,-0.9913396239280701,0.999998927116394,0.0023288715165108442,0.10950922966003418,0.9716435185185185,0.028356481481481483,0,0
point_cluster_train_0053,train,point_cluster,0.0,0.9120983481407166,0.011089605279266834,0.04447763040661812,0.0,1.0,0.0007700222195126116,0.02492346800863743,0,-0.07411286234855652,0.0747220367193222,-0.003512328490614891,0.016032785177230835,-0.9820112586021423,0.997345507144928,-0.002389667322859168,0.18068312108516693,0.9270833333333334,0.07291666666666667,0,0
point_cluster_train_0054,train,point_cluster,0.0,1.0,0.009389566257596016,0.06159454956650734,0.0,0.945372998714447,0.0003739254898391664,0.01689225807785988,0,0.0,0.04906027019023895,0.0009429259807802737,0.0054655601270496845,-0.9607370495796204,0.9649819135665894,0.003190348856151104,0.11404644697904587,0.9709201388888888,0.029079861111111112,0,0
point_cluster_train_0055,train,point_cluster,0.0,0.8638495206832886,0.012892683036625385,0.06183551251888275,0.0,1.0,0.0005648069200105965,0.020632708445191383,0,-0.06154097616672516,0.01620769500732422,-0.0017921605613082647,0.007754394318908453,-0.956943690776825,0.999998927116394,0.005467340350151062,0.1676539033651352,0.9415509259259259,0.05844907407407408,0,0
point_cluster_train_0056,train,point_cluster,0.0,0.8599628210067749,0.021051129326224327,0.0704924464225769,0.0,1.0,0.000629137852229178,0.021769443526864052,0,-0.07389162480831146,0.07500000298023224,-0.0023406511172652245,0.019665546715259552,-0.9986152648925781,0.9999969601631165,-0.00262538087554276,0.1952776461839676,0.9126157407407407,0.08738425925925926,0,0
point_cluster_train_0057,train,point_cluster,0.0,0.843180239200592,0.009585904888808727,0.05881837382912636,0.0,1.0,0.00031156608019955456,0.016525834798812866,0,-0.07344980537891388,0.0747220367193222,0.0018057755660265684,0.010344051755964756,-0.9667691588401794,0.9640410542488098,0.0002168877108488232,0.10719865560531616,0.97265625,0.02734375,0,0
point_cluster_train_0058,train,point_cluster,0.0,1.0,0.01865987665951252,0.09539321064949036,0.0,0.9268940091133118,0.0005450363387353718,0.020593835040926933,0,-0.07483351975679398,0.07500000298023224,0.0013955675531178713,0.012288390658795834,-0.9993054270744324,0.9999994039535522,0.0019147485727444291,0.11590053141117096,0.9711371527777778,0.028862847222222224,0,0
point_cluster_train_0059,train,point_cluster,0.0,1.0,0.011742503382265568,0.06392718106508255,0.0,0.9715849757194519,0.0005561857251450419,0.02094644494354725,0,-0.07438972592353821,0.07461076974868774,-0.0018416596576571465,0.012855707667768002,-0.9928953647613525,0.9999964833259583,-0.0005198211292736232,0.13020265102386475,0.9625289351851852,0.03747106481481482,0,0
point_cluster_train_0060,train,point_cluster,0.0,1.0,0.009159322828054428,0.05930692330002785,0.0,0.9076799750328064,0.00032858832855708897,0.016012651845812798,0,-0.07221826165914536,0.07433034479618073,-0.0016916051972657442,0.009387956000864506,-0.956943690776825,0.999998927116394,0.003690350567921996,0.10660871863365173,0.9731626157407407,0.02683738425925926,0,0
point_cluster_train_0061,train,point_cluster,0.0,0.8601151704788208,0.008461453020572662,0.05517449975013733,0.0,1.0,0.0008830501465126872,0.025799637660384178,0,-0.043112218379974365,0.011554941534996033,-0.0007170020835474133,0.004466777201741934,-0.9913396239280701,0.9614124894142151,0.002355017000809312,0.1265600472688675,0.9645543981481481,0.03544560185185185,0,0
point_cluster_train_0062,train,point_cluster,0.0,0.8384808897972107,0.004603426903486252,0.034008901566267014,0.0,1.0,0.0004037383187096566,0.018160540610551834,0,-0.07174576818943024,0.0,-0.0014119053957983851,0.00844819750636816,-0.9820112586021423,0.997345507144928,-0.003353702835738659,0.10093718022108078,0.9777199074074074,0.02228009259259259,0,0
point_cluster_train_0063,train,point_cluster,0.0,0.9942305088043213,0.013773474842309952,0.07069678604602814,0.0,1.0,0.0008980660932138562,0.026042962446808815,0,-0.020965129137039185,0.04912307858467102,0.001163778593763709,0.005959406495094299,-0.9367321133613586,0.9517656564712524,-0.0024223115760833025,0.15635356307029724,0.9427083333333334,0.057291666666666664,0,0
point_cluster_train_0064,train,point_cluster,0.0,0.9437568187713623,0.010304943658411503,0.06276313215494156,0.0,1.0,0.000556156737729907,0.02101859450340271,0,-0.0008356720209121704,0.0555480420589447,0.0011406817939132452,0.0061037661507725716,-0.9367321133613586,0.9348412156105042,0.00011868795263580978,0.1181907057762146,0.9691116898148148,0.030888310185185185,0,0
point_cluster_train_0065,train,point_cluster,0.0,1.0,0.008429167792201042,0.05875355005264282,0.0,0.8611469864845276,0.0002778235066216439,0.014666212722659111,0,-0.07494446635246277,0.07360678911209106,-0.0011971876956522465,0.010580806992948055,-0.9820112586021423,0.9973381757736206,0.00021964049665257335,0.09820941835641861,0.9792390046296297,0.02076099537037037,0,0
point_cluster_train_0066,train,point_cluster,0.0,0.9283379316329956,0.006667527835816145,0.05367712676525116,0.0,1.0,0.0003352962085045874,0.01634783111512661,0,-0.025000005960464478,0.011941343545913696,-0.00021332532924134284,0.002342756139114499,-0.8999997973442078,0.9766571521759033,0.003432850819081068,0.10524961352348328,0.9752604166666666,0.024739583333333332,0,0
point_cluster_train_0067,train,point_cluster,0.0,0.8183661103248596,0.005840207915753126,0.04424171894788742,0.0,1.0,0.0003628004633355886,0.017672192305326462,0,-0.015835925936698914,0.034458667039871216,0.00034908505040220916,0.002885360736399889,-0.998612105846405,0.9571169018745422,-0.0004451866843737662,0.11430810391902924,0.9741753472222222,0.025824652777777776,0,0
point_cluster_train_0068,train,point_cluster,0.0,0.9481872916221619,0.015710623934864998,0.08311721682548523,0.0,1.0,0.0005821865634061396,0.021792281419038773,0,-0.07389162480831146,0.07500000298023224,-0.0007936321198940277,0.013527306728065014,-0.9788332581520081,0.9999964833259583,-0.00048740554484538734,0.11872914433479309,0.9665798611111112,0.03342013888888889,0,0
point_cluster_train_0069,train,point_cluster,0.0,0.8174335956573486,0.014751450158655643,0.08013442903757095,0.0,1.0,0.0003171181015204638,0.015607018955051899,0,-0.07483351975679398,0.07500000298023224,1.41391883516917e-05,0.012695793062448502,-0.9070494771003723,0.9999994039535522,0.0054913111962378025,0.11231052875518799,0.9706307870370371,0.02936921296296296,0,0
point_cluster_train_0070,train,point_cluster,0.0,0.8741503357887268,0.005277255084365606,0.03923294320702553,0.0,1.0,0.0002991250075865537,0.0158473439514637,0,-0.0474085807800293,0.012634560465812683,-0.0007611584151163697,0.004538854584097862,-0.956943690776825,0.9766644239425659,0.0012849820777773857,0.124601349234581,0.9660734953703703,0.03392650462962963,0,0
point_cluster_train_0071,train,point_cluster,0.0,0.9698559641838074,0.008012139238417149,0.04928722232580185,0.0,1.0,0.000618063029833138,0.023130612447857857,0,-0.07361538708209991,0.07388611137866974,-0.0017678886651992798,0.00975141953676939,-0.9820112586021423,0.9999964833259583,-0.002030766336247325,0.11416701227426529,0.9716435185185185,0.028356481481481483,0,0
point_cluster_train_0072,train,point_cluster,0.0,0.9233354926109314,0.012331887148320675,0.07688124477863312,0.0,1.0,0.00028076671878807247,0.015222902409732342,0,-0.07438972592353821,0.0747220367193222,-0.00033558867289684713,0.011497186496853828,-0.9788332581520081,0.9640410542488098,0.0001431077835150063,0.10022445768117905,0.9769965277777778,0.023003472222222224,0,0
point_cluster_train_0073,train,point_cluster,0.0,1.0,0.03208356350660324,0.11560394614934921,0.0,0.9751690030097961,0.000801300979219377,0.025432536378502846,0,-0.07438972592353821,0.0747220367193222,-0.0007275809184648097,0.01922198385000229,-0.9820112586021423,0.9999964833259583,0.0009609367698431015,0.17352861166000366,0.9291087962962963,0.0708912037037037,0,0
point_cluster_train_0074,train,point_cluster,0.0,0.8571793437004089,0.0017157585825771093,0.01528322882950306,0.0,1.0,0.0005770723219029605,0.02269633114337921,0,-0.06246054172515869,0.0,-0.0014226512284949422,0.00735896872356534,-0.9991823434829712,0.9846839904785156,-0.0012077214196324348,0.11760561913251877,0.9670862268518519,0.03291377314814815,0,0
point_cluster_train_0075,train,point_cluster,0.0,1.0,0.008745146915316582,0.059431854635477066,0.0,0.9946590065956116,0.00034901429899036884,0.016854288056492805,0,0.0,0.06095021963119507,0.001319235423579812,0.007146912626922131,-0.966776430606842,0.9649965167045593,-0.0007906659739091992,0.10625842213630676,0.9701244212962963,0.029875578703703703,0,0
point_cluster_train_0076,train,point_cluster,0.0,0.8073260188102722,0.0038206935860216618,0.03516183793544769,0.0,1.0,0.0002717491879593581,0.014628270640969276,0,-0.01490744948387146,0.03768323361873627,0.0004306294140405953,0.003198548685759306,-0.93541419506073,0.9517656564712524,0.0016196073265746236,0.10845362395048141,0.9721498842592593,0.02785011574074074,0,0
point_cluster_train_0077,train,point_cluster,0.0,0.9643908143043518,0.00472575519233942,0.037204381078481674,0.0,1.0,0.00030353476176969707,0.0161571204662323,0,-0.05813227593898773,0.0,-0.0010995499324053526,0.006352121476083994,-0.9783591032028198,0.9846839904785156,-0.001452658325433731,0.09974858909845352,0.9746817129629629,0.02531828703703704,0,0
point_cluster_train_0078,train,point_cluster,0.0,0.9786200523376465,0.013087480328977108,0.07433996349573135,0.0,1.0,0.0004356378049124032,0.019645262509584427,0,-0.07389162480831146,0.07500000298023224,0.0014458196237683296,0.012121099978685379,-0.966776430606842,0.9999969601631165,0.001737887505441904,0.12171316891908646,0.9701244212962963,0.029875578703703703,0,0
point_cluster_train_0079,train,point_cluster,0.0,0.9187823534011841,0.010490256361663342,0.06398647278547287,0.0,1.0,0.00042741489596664906,0.019242195412516594,0,-0.0717376247048378,0.0,-0.001645484589971602,0.008791333064436913,-0.9993054270744324,0.999998927116394,-0.0014251702232286334,0.10844440013170242,0.9716435185185185,0.028356481481481483,0,0
point_cluster_train_0080,train,point_cluster,0.0,1.0,0.002643059240654111,0.021353766322135925,0.0,0.8332729935646057,0.0004974930197931826,0.018664062023162842,0,-0.07054413855075836,0.004630923271179199,-0.003247818909585476,0.011357776820659637,-0.994807243347168,0.9999964833259583,-0.001230590627528727,0.1766611635684967,0.9260706018518519,0.07392939814814815,0,0
point_cluster_train_0081,train,point_cluster,0.0,0.8151792883872986,0.009299765340983868,0.05005127936601639,0.0,1.0,0.0010231425985693932,0.029431477189064026,0,-0.04500000923871994,0.03069309890270233,-0.0006458591087721288,0.006630426272749901,-0.9913396239280701,0.9766571521759033,-0.0007988556753844023,0.167663112282753,0.9357638888888888,0.0642361111111111,0,0
point_cluster_train_0082,train,point_cluster,0.0,0.800000011920929,0.015910616144537926,0.06814435124397278,0.0,1.0,0.00048523698933422565,0.018531104549765587,0,-0.07438972592353821,0.07461076974868774,0.0008962579886429012,0.01602949947118759,-0.9820112586021423,0.9999964833259583,-0.0009157498716376722,0.16601824760437012,0.9375,0.0625,0,0
point_cluster_train_0083,train,point_cluster,0.0,0.8412855267524719,0.003111529629677534,0.01942283660173416,0.0,1.0,0.0007532060262747109,0.024380723014473915,0,-0.07389162480831146,0.0747220367193222,-0.003573642810806632,0.014362639747560024,-0.9991823434829712,0.9999964833259583,-0.0032507239375263453,0.18152658641338348,0.9231770833333334,0.07682291666666667,0,0
point_cluster_train_0084,train,point_cluster,0.0,0.8268638253211975,0.0037761623971164227,0.03572068735957146,0.0,1.0,0.00046386406756937504,0.01961953192949295,0,-0.005000010132789612,0.03828169405460358,0.000510112673509866,0.003639009315520525,-0.9607370495796204,0.9517656564712524,0.0011448792647570372,0.09751719981431961,0.9774305555555556,0.022569444444444444,0,0
point_cluster_train_0085,train,point_cluster,0.0,0.8813904523849487,0.012276234105229378,0.0565909743309021,0.0,1.0,0.0007674365187995136,0.024580877274274826,0,-0.07000000774860382,0.027200445532798767,-0.003582215402275324,0.013574391603469849,-0.9913396239280701,0.999998927116394,0.002933406736701727,0.23477259278297424,0.8741319444444444,0.12586805555555555,0,0
point_cluster_train_0086,train,point_cluster,0.0,0.8479635119438171,0.002708618063479662,0.020822465419769287,0.0,1.0,0.0007946965633891523,0.024639612063765526,0,-0.060000017285346985,0.003191351890563965,-0.0026759919710457325,0.009935026057064533,-0.994807243347168,0.9999964833259583,0.0005253419512882829,0.17763231694698334,0.931640625,0.068359375,0,0
point_cluster_train_0087,train,point_cluster,0.0,0.9637514352798462,0.009999187663197517,0.058781497180461884,0.0,1.0,0.0003966174554079771,0.019083023071289062,0,-0.06000000238418579,0.0,-0.0016537761548534036,0.008371144533157349,-0.9745883345603943,0.999998927116394,0.002862556604668498,0.11562256515026093,0.9696180555555556,0.030381944444444444,0,0
point_cluster_train_0088,train,point_cluster,0.0,0.9499166011810303,0.026876024901866913,0.10928337275981903,0.0,1.0,0.000610285613220185,0.022382522001862526,0,-0.07483351975679398,0.07500000298023224,0.000601085601374507,0.016134927049279213,-0.9993054270744324,0.9999994039535522,0.004074609838426113,0.14148491621017456,0.9559461805555556,0.04405381944444445,0,0
point_cluster_train_0089,train,point_cluster,0.0,1.0,0.014848756603896618,0.08327683806419373,0.0,0.7757229804992676,0.00026256192359142005,0.012881613336503506,0,0.0,0.07388611137866974,0.002111320849508047,0.010119388811290264,-0.966776430606842,0.9649965167045593,0.005061731673777103,0.11675085127353668,0.9655671296296297,0.03443287037037037,0,0
point_cluster_train_0090,train,point_cluster,0.0,0.8964284658432007,0.008971027098596096,0.041997384279966354,0.0,1.0,0.0007943404489196837,0.02525436133146286,0,-0.062678761780262,0.015075743198394775,-0.002080044476315379,0.008463172242045403,-0.9913396239280701,0.999998927116394,0.0026703327894210815,0.17350083589553833,0.9322916666666666,0.06770833333333333,0,0
point_cluster_train_0091,train,point_cluster,0.0,0.800000011920929,0.006421592086553574,0.0444452166557312,0.0,1.0,0.00039214841672219336,0.017759591341018677,0,-0.016583368182182312,0.04039432108402252,0.0006038237479515374,0.004151715897023678,-0.998612105846405,0.9571169018745422,-0.0007422619382850826,0.12984557449817657,0.9635416666666666,0.036458333333333336,0,0
point_cluster_train_0092,train,point_cluster,0.0,0.8574469089508057,0.016612425446510315,0.06866315752267838,0.0,1.0,0.0007507813279516995,0.0249733068048954,0,-0.07389162480831146,0.07500000298023224,-0.0026092405896633863,0.015815863385796547,-0.9986152648925781,0.9999964833259583,-0.0023338363971561193,0.15926429629325867,0.943359375,0.056640625,0,0
point_cluster_train_0093,train,point_cluster,0.0,0.9494954347610474,0.00766488304361701,0.05457102879881859,0.0,1.0,0.0003465028421487659,0.016990534961223602,0,-0.030000008642673492,0.011941343545913696,-0.0004210240440443158,0.003353825071826577,-0.8999997973442078,0.9766571521759033,0.005837074015289545,0.12693849205970764,0.9645543981481481,0.03544560185185185,0,0
point_cluster_train_0094,train,point_cluster,0.0,1.0,0.013771193102002144,0.059358734637498856,0.0,0.9573969841003418,0.0006324534770101309,0.02101665735244751,0,-0.06937742978334427,0.004029214382171631,-0.003026057966053486,0.01066230796277523,-0.9913396239280701,0.999998927116394,0.004136152099817991,0.17572587728500366,0.9298321759259259,0.07016782407407407,0,0
point_cluster_train_0095,train,point_cluster,0.0,1.0,0.008284473791718483,0.05490141361951828,0.0,0.9073969721794128,0.0003887571510858834,0.017380809411406517,0,-0.06864529848098755,0.0,-0.001682629226706922,0.008992010727524757,-0.9928953647613525,0.9973381757736206,0.0007302241865545511,0.1134490892291069,0.97265625,0.02734375,0,0
point_cluster_train_0096,train,point_cluster,0.0,0.8396919369697571,0.00712869456037879,0.04795459285378456,0.0,1.0,0.0003380142734386027,0.01645863801240921,0,0.0,0.06264981627464294,0.0015908775385469198,0.008092384785413742,-0.9892363548278809,0.9999994039535522,0.0016241612611338496,0.119499571621418,0.9650607638888888,0.03493923611111111,0,0
point_cluster_train_0097,train,point_cluster,0.0,0.9962968230247498,0.012052295729517937,0.06727812439203262,0.0,1.0,0.0004457314789760858,0.018815435469150543,0,0.0,0.057183489203453064,0.001703679095953703,0.008249912410974503,-0.971254289150238,0.9999969601631165,-0.002187250414863229,0.12143492698669434,0.9655671296296297,0.03443287037037037,0,0
point_cluster_train_0098,train,point_cluster,0.0,1.0,0.01590358465909958,0.08713720738887787,0.0,0.8935930132865906,0.00045454074279405177,0.019009660929441452,0,-0.07438972592353821,0.07461076974868774,0.00041033371235243976,0.012946045957505703,-0.9820112586021423,0.9772876501083374,0.0003854868409689516,0.11671694368124008,0.9686053240740741,0.03139467592592592,0,0
point_cluster_train_0099,train,point_cluster,0.0,0.9953804016113281,0.008710131980478764,0.05831487104296684,0.0,1.0,0.0004232155333738774,0.018891343846917152,0,-0.07367832213640213,0.07500000298023224,-0.0016691946657374501,0.010229706764221191,-0.956943690776825,0.999998927116394,0.0012677112827077508,0.11029192060232162,0.9713541666666666,0.028645833333333332,0,0
point_cluster_train_0100,train,point_cluster,0.0,1.0,0.007566371001303196,0.04975060373544693,0.0,0.9482240080833435,0.0009696960914880037,0.027210360392928123,0,-0.012704700231552124,0.05554802715778351,0.0012769815512001514,0.006766601465642452,-0.9943734407424927,0.9571169018745422,-0.0009855105308815837,0.1409941464662552,0.9564525462962963,0.043547453703703706,0,0
point_cluster_train_0101,train,point_cluster,0.0,0.9391806125640869,0.009200436063110828,0.043973155319690704,0.0,1.0,0.0006786440499126911,0.0233294740319252,0,-0.07372584939002991,0.07410933077335358,-0.0021724833641201258,0.014286171644926071,-0.9986152648925781,0.9999964833259583,-0.0007890091510489583,0.14343421161174774,0.9534143518518519,0.04658564814814815,0,0
point_cluster_train_0102,train,point_cluster,0.0,1.0,0.008662782609462738,0.06102694943547249,0.0,0.9760599732398987,0.0005073395441286266,0.020275995135307312,0,-0.05500000715255737,0.0,-0.0012540778843685985,0.006898477207869291,-0.9425351619720459,0.999998927116394,0.00038112420588731766,0.11933959275484085,0.9721498842592593,0.02785011574074074,0,0
point_cluster_train_0103,train,point_cluster,0.0,0.9410019516944885,0.018825553357601166,0.09957646578550339,0.0,1.0,0.000245841481955722,0.01472393423318863,0,-0.07483351975679398,0.07500000298023224,-0.0004937931662425399,0.012714803218841553,-0.9070494771003723,0.9710617065429688,0.0037579804193228483,0.10307920724153519,0.9748263888888888,0.025173611111111112,0,0
point_cluster_train_0104,train,point_cluster,0.0,0.800000011920929,0.01684744656085968,0.07335686683654785,0.0,1.0,0.0007016996969468892,0.023253202438354492,0,-0.07411286234855652,0.0747220367193222,0.0016488662222400308,0.01648441143333912,-0.9820112586021423,0.9969497919082642,0.0032701988238841295,0.14957432448863983,0.9505208333333334,0.049479166666666664,0,0
point_cluster_train_0105,train,point_cluster,0.0,0.9479122161865234,0.017359469085931778,0.09178829938173294,0.0,1.0,0.00039081755676306784,0.018844790756702423,0,-0.07384227216243744,0.07500000298023224,-0.0002314932644367218,0.013083572499454021,-0.9993054270744324,0.999998927116394,0.0039008604362607002,0.12177056074142456,0.9706307870370371,0.02936921296296296,0,0
point_cluster_train_0106,train,point_cluster,0.0,0.9092991948127747,0.012429400347173214,0.06466884911060333,0.0,1.0,0.00043393525993451476,0.01836477220058441,0,-0.07367832213640213,0.07500000298023224,0.0020766425877809525,0.01215795986354351,-0.9070494771003723,0.9999994039535522,0.006326168775558472,0.12253569066524506,0.9670862268518519,0.03291377314814815,0,0
point_cluster_train_0107,train,point_cluster,0.0,0.8556830883026123,0.011646113358438015,0.06787307560443878,0.0,1.0,0.00034475530264899135,0.01685524359345436,0,-0.07438972592353821,0.07455511391162872,0.00029735240968875587,0.011807627975940704,-0.9820112586021423,0.9973381757736206,0.001076081651262939,0.1049731969833374,0.9736689814814815,0.026331018518518517,0,0
point_cluster_train_0108,train,point_cluster,0.0,0.8621537089347839,0.00805626530200243,0.04967736452817917,0.0,1.0,0.00043580002966336906,0.018502702936530113,0,0.0,0.06400933861732483,0.0016896756133064628,0.007988451980054379,-0.966776430606842,0.9999969601631165,-0.001539772842079401,0.12874212861061096,0.9594907407407407,0.04050925925925926,0,0
point_cluster_train_0109,train,point_cluster,0.0,0.8546891212463379,0.01049871277064085,0.06103824824094772,0.0,1.0,0.00043991883285343647,0.019658971577882767,0,-0.07000000774860382,0.0,-0.0020722791086882353,0.010342760011553764,-0.9745883345603943,0.999998927116394,0.001757459482178092,0.11316001415252686,0.9716435185185185,0.028356481481481483,0,0
point_cluster_train_0110,train,point_cluster,0.0,0.8745853304862976,0.00974638108164072,0.05701860040426254,0.0,1.0,0.0005875810165889561,0.022126415744423866,0,-0.07438972592353821,0.07455511391162872,0.0020835325121879578,0.010774007998406887,-0.9425274729728699,0.9649819135665894,0.001393629820086062,0.11415278911590576,0.9691116898148148,0.030888310185185185,0,0
point_cluster_train_0111,train,point_cluster,0.0,0.9054633378982544,0.008663879707455635,0.06299586594104767,0.0,1.0,0.0002977940021082759,0.015901533886790276,0,-0.07411286234855652,0.0747220367193222,-0.0005040498799644411,0.010357925668358803,-0.9820112586021423,0.9969497919082642,-0.0009601637138985097,0.09404411911964417,0.9858217592592593,0.014178240740740741,0,0
point_cluster_train_0112,train,point_cluster,0.0,0.8038313388824463,0.004831563215702772,0.03869781643152237,0.0,1.0,0.0005877438234165311,0.022103464230895042,0,-0.03500000387430191,0.006284996867179871,-0.0005897881928831339,0.003862462705001235,-0.8999997973442078,0.9766571521759033,0.005173160694539547,0.1120041087269783,0.9706307870370371,0.02936921296296296,0,0
point_cluster_train_0113,train,point_cluster,0.0,0.8926315903663635,0.014810116961598396,0.0763399749994278,0.0,1.0,0.000538497872184962,0.02134321630001068,0,-0.07494446635246277,0.07499998807907104,0.0013305331813171506,0.012830066494643688,-0.9820112586021423,0.9999969601631165,0.0003554282884579152,0.11621668189764023,0.9670862268518519,0.03291377314814815,0,0
point_cluster_train_0114,train,point_cluster,0.0,0.8840325474739075,0.00877896137535572,0.060084179043769836,0.0,1.0,0.0006100178579799831,0.022864311933517456,0,-0.020965129137039185,0.035067543387413025,0.00030898748082108796,0.003010595217347145,-0.9342870712280273,0.9517656564712524,0.0003518127487041056,0.1134270578622818,0.9701244212962963,0.029875578703703703,0,0
point_cluster_train_0115,train,point_cluster,0.0,1.0,0.012731043621897697,0.08162883669137955,0.0,0.9898470044136047,0.0003617863403633237,0.01753905601799488,0,-0.07411286234855652,0.07500000298023224,0.00019019056344404817,0.011215686798095703,-0.9820112586021423,0.997345507144928,0.0003927286888938397,0.09778904169797897,0.9807581018518519,0.019241898148148147,0,0
point_cluster_train_0116,train,point_cluster,0.0,0.8098956346511841,0.010025941766798496,0.04394705593585968,0.0,1.0,0.0007860712357796729,0.02468285523355007,0,-0.07411286234855652,0.07388612627983093,-0.003421720815822482,0.01385369710624218,-0.9991823434829712,0.9999964833259583,-0.0022322002332657576,0.16863887012004852,0.9380787037037037,0.061921296296296294,0,0
point_cluster_train_0117,train,point_cluster,0.0,1.0,0.007972762919962406,0.058481890708208084,0.0,0.8928179740905762,0.0003601005009841174,0.01625785604119301,0,-0.006038203835487366,0.049060285091400146,0.0008819944923743606,0.005127409473061562,-0.998612105846405,0.9571169018745422,-0.002413331065326929,0.11498098820447922,0.9680989583333334,0.031901041666666664,0,0
point_cluster_train_0118,train,point_cluster,0.0,0.8080005049705505,0.004835585597902536,0.03620225563645363,0.0,1.0,0.0004273565427865833,0.018252786248922348,0,-0.02701626718044281,0.02755279839038849,2.6187984985881485e-05,0.0026153610087931156,-0.998612105846405,0.9766644239425659,0.0009064230252988636,0.11900104582309723,0.9721498842592593,0.02785011574074074,0,0
point_cluster_train_0119,train,point_cluster,0.0,0.8988400101661682,0.0079182805493474,0.04873620718717575,0.0,1.0,0.0003764055436477065,0.01701727882027626,0,-0.07389162480831146,0.0747220367193222,-0.0018286972772330046,0.010368190705776215,-0.9788332581520081,0.9999964833259583,-0.0006335083744488657,0.11405684798955917,0.9675925925925926,0.032407407407407406,0,0
point_cluster_train_0120,train,point_cluster,0.0,0.800000011920929,0.006893650162965059,0.04885215312242508,0.0,1.0,0.00040349297341890633,0.018359355628490448,0,-0.0013393163681030273,0.05155643820762634,0.0008984151063486934,0.005361020565032959,-0.998612105846405,0.9350926876068115,-0.0049871900118887424,0.10974492132663727,0.97265625,0.02734375,0,0
point_cluster_train_0121,train,point_cluster,0.0,0.9581655263900757,0.009271363727748394,0.05811985209584236,0.0,1.0,0.000569994852412492,0.021598482504487038,0,0.0,0.06783020496368408,0.0017678500153124332,0.009347439743578434,-0.971254289150238,0.9999969601631165,0.001000352785922587,0.1061098575592041,0.9741753472222222,0.025824652777777776,0,0
point_cluster_train_0122,train,point_cluster,0.0,0.9059250950813293,0.009341420605778694,0.059053465723991394,0.0,1.0,0.00047473644372075796,0.019987909123301506,0,0.0,0.07022714614868164,0.0016056442400440574,0.008584460243582726,-0.966776430606842,0.9999969601631165,0.00031509791733697057,0.11503059417009354,0.9716435185185185,0.028356481481481483,0,0
point_cluster_train_0123,train,point_cluster,0.0,0.887930691242218,0.014183176681399345,0.08275782316923141,0.0,1.0,0.0004255918611306697,0.018123652786016464,0,-0.07384227216243744,0.07500000298023224,-0.0008051427430473268,0.01218919362872839,-0.9993054270744324,0.999998927116394,0.0023195832036435604,0.10889782011508942,0.9756944444444444,0.024305555555555556,0,0
point_cluster_train_0124,train,point_cluster,0.0,1.0,0.013430477119982243,0.06904046982526779,0.0,0.8642709851264954,0.0005999876884743571,0.020618034526705742,0,-0.07483351975679398,0.07500000298023224,-0.0027135428972542286,0.011986526660621166,-0.9913396239280701,0.999998927116394,0.0014810649445280433,0.12920396029949188,0.9620225694444444,0.03797743055555555,0,0
point_cluster_train_0125,train,point_cluster,0.0,1.0,0.011963683180510998,0.07844443619251251,0.0,0.9467750191688538,0.000296457001240924,0.015769602730870247,0,-0.07405753433704376,0.0747220367193222,0.001303300028666854,0.010345177724957466,-0.9667691588401794,0.9932713508605957,0.00200637080706656,0.09557358175516129,0.9807581018518519,0.019241898148148147,0,0
point_cluster_train_0126,train,point_cluster,0.0,0.8595532774925232,0.004770180676132441,0.03735728934407234,0.0,1.0,0.0004120527592021972,0.018551690503954887,0,-0.006996512413024902,0.04912307858467102,0.0008823740063235164,0.005003650672733784,-0.9367321133613586,0.9348412156105042,-0.00021334523626137525,0.11437145620584488,0.9680989583333334,0.031901041666666664,0,0
point_cluster_train_0127,train,point_cluster,0.0,0.8203471899032593,0.012391370721161366,0.07115314900875092,0.0,1.0,0.0006004458991810679,0.022596096619963646,0,-0.07384227216243744,0.07500000298023224,-0.0003254325711168349,0.012337597087025642,-0.9993054270744324,0.999998927116394,0.0022107751574367285,0.10997644066810608,0.9751880787037037,0.024811921296296297,0,0
point_cluster_train_0128,train,point_cluster,0.0,1.0,0.012644672766327858,0.07609136402606964,0.0,0.9288560152053833,0.0002512737992219627,0.013430751860141754,0,-0.07494446635246277,0.07455511391162872,0.00047622082638554275,0.012336550280451775,-0.9820112586021423,0.9772876501083374,-0.001713885460048914,0.1005948856472969,0.9741753472222222,0.025824652777777776,0,0
point_cluster_train_0129,train,point_cluster,0.0,0.800000011920929,0.0054811835289001465,0.034951258450746536,0.0,1.0,0.0006227097474038601,0.021616557613015175,0,-0.07483351975679398,0.07500000298023224,-0.002971662674099207,0.012082143686711788,-0.9913396239280701,0.999998927116394,0.0010907163377851248,0.15075798332691193,0.9490740740740741,0.05092592592592592,0,0
point_cluster_train_0130,train,point_cluster,0.0,0.800000011920929,0.0036788000725209713,0.03221290186047554,0.0,1.0,0.00033564644400030375,0.01629212684929371,0,-0.004226207733154297,0.03343935310840607,0.00045564971514977515,0.003094568382948637,-0.9943734407424927,0.9517656564712524,-3.657117486000061e-05,0.10370388627052307,0.9751880787037037,0.024811921296296297,0,0
point_cluster_train_0131,train,point_cluster,0.0,1.0,0.016891328617930412,0.08378027379512787,0.0,0.8138279914855957,0.0002998693671543151,0.01458505354821682,0,-0.07411286234855652,0.0747220367193222,0.0008132841321639717,0.014091440476477146,-0.9820112586021423,0.9969497919082642,0.0024382262490689754,0.12582093477249146,0.9655671296296297,0.03443287037037037,0,0
point_cluster_train_0132,train,point_cluster,0.0,0.9808768630027771,0.009370330721139908,0.07128314673900604,0.0,1.0,0.00026697845896705985,0.015719197690486908,0,0.0,0.06644859910011292,0.001075548818334937,0.007440284360200167,-0.971254289150238,0.9999969601631165,0.0005394465406425297,0.08324670046567917,0.9837962962962963,0.016203703703703703,0,0
point_cluster_train_0133,train,point_cluster,0.0,0.9979273080825806,0.006543064024299383,0.04919926077127457,0.0,1.0,0.0004431258712429553,0.01980436034500599,0,-0.022524520754814148,0.030277565121650696,0.00016649524332024157,0.0025954958982765675,-0.998612105846405,0.9571169018745422,0.0006329466705210507,0.1175955981016159,0.97265625,0.02734375,0,0
point_cluster_train_0134,train,point_cluster,0.0,0.800000011920929,0.009171629324555397,0.05767109990119934,0.0,1.0,0.0004645114822778851,0.019617225974798203,0,-0.07372584939002991,0.07500000298023224,0.000988838612101972,0.011408476158976555,-0.9325755834579468,0.9999969601631165,0.0011620630975812674,0.09846065938472748,0.9782262731481481,0.021773726851851853,0,0
point_cluster_train_0135,train,point_cluster,0.0,1.0,0.010158408433198929,0.06521991640329361,0.0,0.8576610088348389,0.00026730995159596205,0.014257343485951424,0,-0.07411286234855652,0.0747220367193222,0.0007797552971169353,0.011159180663526058,-0.9820112586021423,0.9999969601631165,0.004231458529829979,0.110809326171875,0.9772135416666666,0.022786458333333332,0,0
point_cluster_train_0136,train,point_cluster,0.0,0.8220750093460083,0.005511168390512466,0.04148330166935921,0.0,1.0,0.00039912498323246837,0.018009383231401443,0,-0.03327383100986481,0.014468833804130554,-0.0003430460055824369,0.003011270659044385,-0.9913396239280701,0.9614124894142151,0.0001849566906457767,0.1096549779176712,0.9731626157407407,0.02683738425925926,0,0
point_cluster_train_0137,train,point_cluster,0.0,0.8779484629631042,0.008562302216887474,0.057892702519893646,0.0,1.0,0.00033760262886062264,0.01662440225481987,0,-0.07344980537891388,0.0747220367193222,-0.0014702019980177283,0.009223610162734985,-0.9499250054359436,0.9932713508605957,-0.001813700539059937,0.09223275631666183,0.9802517361111112,0.019748263888888888,0,0
point_cluster_train_0138,train,point_cluster,0.0,0.800000011920929,0.008492634631693363,0.05589652806520462,0.0,1.0,0.0006505485507659614,0.024333102628588676,0,-0.029584065079689026,0.01918923854827881,-0.0002536078682169318,0.002997962525114417,-0.961885392665863,0.9766571521759033,0.002842711517587304,0.12358612567186356,0.9665798611111112,0.03342013888888889,0,0
point_cluster_train_0139,train,point_cluster,0.0,0.8125172853469849,0.01464556809514761,0.05756066367030144,0.0,1.0,0.0007552701281383634,0.024255961179733276,0,-0.07389162480831146,0.0747220367193222,0.004569672048091888,0.015059678815305233,-0.9943734407424927,0.9649819135665894,-0.0008155558025464416,0.18596576154232025,0.9166666666666666,0.08333333333333333,0,0
point_cluster_train_0140,train,point_cluster,0.0,1.0,0.007141547743231058,0.04471265524625778,0.0,0.9649379849433899,0.00025177482166327536,0.013651151210069656,0,-0.07273365557193756,0.07500000298023224,-0.0016737057594582438,0.010061044245958328,-0.9986152648925781,0.9999964833259583,0.0017968203173950315,0.11270936578512192,0.9731626157407407,0.02683738425925926,0,0
point_cluster_train_0141,train,point_cluster,0.0,0.9929648637771606,0.014364142902195454,0.07570868730545044,0.0,1.0,0.0005637698341161013,0.02159438282251358,0,-0.005000010132789612,0.062132030725479126,0.001626021577976644,0.007582909427583218,-0.9367321133613586,0.9681704044342041,0.000574035570025444,0.13556352257728577,0.9579716435185185,0.04202835648148148,0,0
point_cluster_train_0142,train,point_cluster,0.0,0.9301417469978333,0.008024945855140686,0.055692609399557114,0.0,1.0,0.00035758668673224747,0.017403360456228256,0,-0.03146731108427048,0.02755279839038849,-6.740153912687674e-05,0.0030020808335393667,-0.998612105846405,0.9766644239425659,0.00038997753290459514,0.12501953542232513,0.9686053240740741,0.03139467592592592,0,0
point_cluster_train_0143,train,point_cluster,0.0,0.8672522902488708,0.011809652671217918,0.0491611585021019,0.0,1.0,0.0008049195166677237,0.025026917457580566,0,-0.07411286234855652,0.0747220367193222,-0.002939876401796937,0.014617997221648693,-0.9991823434829712,0.9999964833259583,-0.0033846390433609486,0.16242213547229767,0.9427806712962963,0.057219328703703706,0,0
point_cluster_train_0144,train,point_cluster,0.0,1.0,0.006212315056473017,0.04637513309717178,0.0,0.9260910153388977,0.0002842535322997719,0.01509739551693201,0,-0.009643316268920898,0.03343935310840607,0.0004638568789232522,0.0032422118820250034,-0.9943734407424927,0.9517656564712524,-0.00031218063668347895,0.11455605924129486,0.9696180555555556,0.030381944444444444,0,0
point_cluster_train_0145,train,point_cluster,0.0,0.9392096400260925,0.016241146251559258,0.07567628473043442,0.0,1.0,0.0007701809518039227,0.0246468186378479,0,-0.07389162480831146,0.0747220367193222,0.003008191240951419,0.012621843256056309,-0.966776430606842,0.9999969601631165,0.002980870893225074,0.14615926146507263,0.9461805555555556,0.05381944444444445,0,0
point_cluster_train_0146,train,point_cluster,0.0,1.0,0.004965231288224459,0.03808802738785744,0.0,0.8763939738273621,0.0002551615471020341,0.013681829907000065,0,-0.06288190186023712,0.0,-0.0011303042992949486,0.0066499970853328705,-0.9986152648925781,0.896656334400177,-0.0008427199791185558,0.10000856965780258,0.9769965277777778,0.023003472222222224,0,0
point_cluster_train_0147,train,point_cluster,0.0,0.964721143245697,0.022715263068675995,0.09626659750938416,0.0,1.0,0.0007696382817812264,0.024791238829493523,0,-0.07483351975679398,0.07500000298023224,0.0012717193458229303,0.01675359345972538,-0.9993054270744324,0.9999994039535522,0.005563817452639341,0.15042153000831604,0.951171875,0.048828125,0,0
point_cluster_train_0148,train,point_cluster,0.0,0.8355042338371277,0.00867741834372282,0.05368495360016823,0.0,1.0,0.0005320421187207103,0.02029561437666416,0,0.0,0.052607983350753784,0.0011867337161675096,0.006303918547928333,-0.9943734407424927,0.9649819135665894,3.525849388097413e-05,0.11986518651247025,0.9691116898148148,0.030888310185185185,0,0
point_cluster_train_0149,train,point_cluster,0.0,0.8749916553497314,0.0034459957387298346,0.028427356854081154,0.0,1.0,0.0008953448268584907,0.02686668373644352,0,-0.05175617337226868,0.008706986904144287,-0.0013671453343704343,0.006403242237865925,-0.9768810272216797,0.9964806437492371,0.0019002532353624701,0.14162200689315796,0.9513888888888888,0.04861111111111111,0,0
point_cluster_train_0150,train,point_cluster,0.0,0.9909752011299133,0.015806201845407486,0.07504279166460037,0.0,1.0,0.0007491785218007863,0.025736410170793533,0,-0.07438972592353821,0.0747220367193222,0.0010978211648762226,0.01507536694407463,-0.9820112586021423,0.9628074765205383,-0.0007893700967542827,0.1353270262479782,0.9577546296296297,0.04224537037037037,0,0
point_cluster_train_0151,train,point_cluster,0.0,0.9966412782669067,0.013165310956537724,0.07268842309713364,0.0,1.0,0.0004163712146691978,0.018749617040157318,0,-0.07411286234855652,0.0747220367193222,-0.0006335274665616453,0.012892324477434158,-0.9820112586021423,0.9969497919082642,-0.0007686839089728892,0.11898685246706009,0.9751880787037037,0.024811921296296297,0,0
point_cluster_train_0152,train,point_cluster,0.0,0.800000011920929,0.02002974972128868,0.08478875458240509,0.0,1.0,0.0007297620177268982,0.02349105104804039,0,-0.07477790117263794,0.07455511391162872,0.0008172069792635739,0.016326921060681343,-0.9820112586021423,0.9973381757736206,0.0026513247285038233,0.1480819284915924,0.9464699074074074,0.053530092592592594,0,0
point_cluster_train_0153,train,point_cluster,0.0,1.0,0.008757264353334904,0.05836958810687065,0.0,0.9473620057106018,0.00043045784696005285,0.018073849380016327,0,0.0,0.05402204394340515,0.0010539292125031352,0.006026912480592728,-0.9943734407424927,0.9421225190162659,-0.00043565290980041027,0.10754483938217163,0.9739583333333334,0.026041666666666668,0,0
point_cluster_train_0154,train,point_cluster,0.0,0.800000011920929,0.004248214885592461,0.03778287395834923,0.0,1.0,0.00040891102980822325,0.018392076715826988,0,-0.008578658103942871,0.02867567539215088,0.00028011464746668935,0.002358910394832492,-0.9943734407424927,0.9517656564712524,0.00023582605354022235,0.09710296988487244,0.9782262731481481,0.021773726851851853,0,0
point_cluster_train_0155,train,point_cluster,0.0,0.8393726348876953,0.009494127705693245,0.061193473637104034,0.0,1.0,0.00037644876283593476,0.017030343413352966,0,-0.07389162480831146,0.07500000298023224,0.0008885674178600311,0.011562924832105637,-0.9325755834579468,0.9999969601631165,0.0006102360785007477,0.09256848692893982,0.9787326388888888,0.021267361111111112,0,0
point_cluster_train_0156,train,point_cluster,0.0,1.0,0.010167519561946392,0.05493151396512985,0.0,0.8999239802360535,0.0006965484353713691,0.023091131821274757,0,-0.052917562425136566,0.01124514639377594,-0.0017790079582482576,0.007307886146008968,-0.998612105846405,0.9766644239425659,0.001968952128663659,0.1674255132675171,0.9407552083333334,0.059244791666666664,0,0
point_cluster_train_0157,train,point_cluster,0.0,0.9969016313552856,0.00476077850908041,0.045811790972948074,0.0,1.0,0.0002525108284316957,0.015164315700531006,0,-0.00919872522354126,0.031245693564414978,0.0002683208149392158,0.0023265050258487463,-0.998612105846405,0.9571169018745422,-0.0015724373515695333,0.08978375047445297,0.9830729166666666,0.016927083333333332,0,0
point_cluster_train_0158,train,point_cluster,0.0,0.8993315100669861,0.008511684834957123,0.05815520137548447,0.0,1.0,0.00029842715593986213,0.015804702416062355,0,-0.07494446635246277,0.07499998807907104,0.0011789954733103514,0.010211260989308357,-0.971254289150238,0.9999969601631165,-0.0025116426404565573,0.0925239622592926,0.9787326388888888,0.021267361111111112,0,0
point_cluster_train_0159,train,point_cluster,0.0,0.8941232562065125,0.013836072757840157,0.06473414599895477,0.0,1.0,0.0005268108216114342,0.019885161891579628,0,-0.07389162480831146,0.07461076974868774,0.002911822171881795,0.012054246850311756,-0.9943734407424927,0.9628074765205383,0.0006070617819204926,0.1536346971988678,0.9442997685185185,0.05570023148148148,0,0
point_cluster_train_0160,train,point_cluster,0.0,0.9054830074310303,0.00829400960355997,0.053548093885183334,0.0,1.0,0.0004347435606177896,0.01941847801208496,0,-0.0650000050663948,0.0,-0.001564992475323379,0.008409285917878151,-0.9745883345603943,0.999998927116394,0.002180984942242503,0.10831178724765778,0.9731626157407407,0.02683738425925926,0,0
point_cluster_train_0161,train,point_cluster,0.0,0.9002302289009094,0.007159259170293808,0.042477402836084366,0.0,1.0,0.00049751834012568,0.019888021051883698,0,-0.07494446635246277,0.07499998807907104,-0.0016530546126887202,0.011870811693370342,-0.9928953647613525,0.9999964833259583,0.0001562353572808206,0.11367278546094894,0.9706307870370371,0.02936921296296296,0,0
point_cluster_train_0162,train,point_cluster,0.0,0.9438012838363647,0.011268080212175846,0.06526467949151993,0.0,1.0,0.00032759871101006866,0.017263568937778473,0,-0.0650000050663948,0.0,-0.001793556148186326,0.009053681045770645,-0.9745883345603943,0.999998927116394,0.003378496039658785,0.11637715250253677,0.9701244212962963,0.029875578703703703,0,0
point_cluster_train_0163,train,point_cluster,0.0,0.8806057572364807,0.011087356135249138,0.07097120583057404,0.0,1.0,0.0002889656461775303,0.015535210259258747,0,-0.07494446635246277,0.07276667654514313,0.00014255530550144613,0.011412132531404495,-0.9820112586021423,0.9973381757736206,0.0017733604181557894,0.09717229008674622,0.9762008101851852,0.023799189814814815,0,0
point_cluster_train_0164,train,point_cluster,0.0,0.9006988406181335,0.011312771588563919,0.06203421950340271,0.0,1.0,0.0008696918375790119,0.02524436265230179,0,0.0,0.06731313467025757,0.0020975288935005665,0.009502626955509186,-0.9943734407424927,0.9640410542488098,0.0013216257793828845,0.1301175057888031,0.9583333333333334,0.041666666666666664,0,0
point_cluster_train_0165,train,point_cluster,0.0,1.0,0.005979612935334444,0.04950102046132088,0.0,0.9066879749298096,0.0002694024005904794,0.014269998297095299,0,-0.0029455870389938354,0.04525624215602875,0.0005862463149242103,0.003955294378101826,-0.9367321133613586,0.9348412156105042,0.0005760591011494398,0.09279383718967438,0.9782986111111112,0.021701388888888888,0,0
point_cluster_train_0166,train,point_cluster,0.0,0.9407293796539307,0.0057163238525390625,0.04388594999909401,0.0,1.0,0.0004063812375534326,0.017323169857263565,0,-0.03898198902606964,0.01710774004459381,-0.0004260280984453857,0.0033277813345193863,-0.950625479221344,0.9766644239425659,0.0015097277937456965,0.11595870554447174,0.9721498842592593,0.02785011574074074,0,0
point_cluster_train_0167,train,point_cluster,0.0,0.800000011920929,0.00930305477231741,0.043548427522182465,0.0,1.0,0.0007937541813589633,0.024445904418826103,0,-0.07411286234855652,0.07500000298023224,-0.0014503671554848552,0.014815998263657093,-0.9820112586021423,0.997345507144928,-0.0018042968586087227,0.1457611471414566,0.9508825231481481,0.04911747685185185,0,0
point_cluster_train_0168,train,point_cluster,0.0,1.0,0.009457860141992569,0.061057593673467636,0.0,0.9592300057411194,0.00038805665099062026,0.016434501856565475,0,-0.07189750671386719,0.0,-0.001727681141346693,0.00882153119891882,-0.956943690776825,0.999998927116394,0.0022864090278744698,0.1146693229675293,0.9686053240740741,0.03139467592592592,0,0
point_cluster_train_0169,train,point_cluster,0.0,0.9017091989517212,0.016151413321495056,0.08291256427764893,0.0,1.0,0.00045130786020308733,0.019019518047571182,0,-0.07384227216243744,0.07500000298023224,-0.0009630993008613586,0.013201972469687462,-0.9993054270744324,0.999998927116394,0.001563483732752502,0.12517762184143066,0.9665798611111112,0.03342013888888889,0,0
point_cluster_train_0170,train,point_cluster,0.0,0.9276868104934692,0.0028878124430775642,0.022956620901823044,0.0,1.0,0.0006058596773073077,0.022794272750616074,0,-0.05581770837306976,0.0,-0.0011139934649690986,0.00631733750924468,-0.994807243347168,0.9999964833259583,-0.00028416397981345654,0.10800023376941681,0.9730902777777778,0.026909722222222224,0,0
point_cluster_train_0171,train,point_cluster,0.0,0.8041571378707886,0.007861162535846233,0.05279498174786568,0.0,1.0,0.0005653846310451627,0.021440399810671806,0,-0.044524893164634705,0.021026313304901123,-0.0006185324164107442,0.004332737531512976,-0.950625479221344,0.9766644239425659,0.004103578627109528,0.13562865555286407,0.9599971064814815,0.04000289351851852,0,0
point_cluster_train_0172,train,point_cluster,0.0,0.988116979598999,0.005624199751764536,0.041315317153930664,0.0,1.0,0.00040424405597150326,0.018183080479502678,0,-0.005691304802894592,0.04499998688697815,0.0008072920027188957,0.004696080926805735,-0.998612105846405,0.9350926876068115,-0.0023436094634234905,0.11511415243148804,0.9696180555555556,0.030381944444444444,0,0
point_cluster_train_0173,train,point_cluster,0.0,0.800000011920929,0.011449296958744526,0.049595072865486145,0.0,1.0,0.0008672137628309429,0.02603825367987156,0,-0.07494446635246277,0.07499998807907104,0.0026068519800901413,0.01645449921488762,-0.9820112586021423,0.9999969601631165,-6.697685603285208e-05,0.1563812494277954,0.94140625,0.05859375,0,0
point_cluster_train_0174,train,point_cluster,0.0,0.977861225605011,0.008708029985427856,0.05416742339730263,0.0,1.0,0.0004065342072863132,0.018389537930488586,0,-0.07483351975679398,0.07500000298023224,-0.0021382251288741827,0.011031482368707657,-0.9425351619720459,0.999998927116394,0.0018043405143544078,0.10928868502378464,0.9731626157407407,0.02683738425925926,0,0
point_cluster_train_0175,train,point_cluster,0.0,0.8156287670135498,0.01316706370562315,0.06788032501935959,0.0,1.0,0.00042988869245164096,0.018151920288801193,0,-0.07483351975679398,0.07500000298023224,-0.0009971517138183117,0.013885111548006535,-0.9425351619720459,0.999998927116394,0.0021031273063272238,0.12475994974374771,0.9645543981481481,0.03544560185185185,0,0
point_cluster_train_0176,train,point_cluster,0.0,1.0,0.004241128917783499,0.03454090654850006,0.0,0.8889589905738831,0.0002528030890971422,0.013442783616483212,0,-0.05500000715255737,0.0,-0.0010458208853378892,0.006418078672140837,-0.9783591032028198,0.9999964833259583,0.0009825981687754393,0.1038140058517456,0.9782262731481481,0.021773726851851853,0,0
point_cluster_train_0177,train,point_cluster,0.0,0.8475452661514282,0.01287897303700447,0.056665293872356415,0.0,1.0,0.0006095774006098509,0.02189815603196621,0,-0.07389162480831146,0.07500000298023224,0.0029454936739057302,0.012708098627626896,-0.966776430606842,0.9999969601631165,-0.00010767151252366602,0.15424464643001556,0.9417679398148148,0.05823206018518518,0,0
point_cluster_train_0178,train,point_cluster,0.0,0.9287526607513428,0.01177483145147562,0.05955652520060539,0.0,1.0,0.0006163532962091267,0.021308494731783867,0,0.0,0.07211102545261383,0.0027834263164550066,0.011577346362173557,-0.9070494771003723,0.9999994039535522,0.002887599403038621,0.1353432834148407,0.9558738425925926,0.044126157407407406,0,0
point_cluster_train_0179,train,point_cluster,0.0,1.0,0.013130944222211838,0.08145761489868164,0.0,0.9197940230369568,0.0002633041003718972,0.013988077640533447,0,-0.07389162480831146,0.0747220367193222,-0.000171998210134916,0.011488156393170357,-0.949177622795105,0.9640410542488098,-0.00113883416634053,0.10263016819953918,0.9767071759259259,0.023292824074074073,0,0
line_val_0000,val,line,0.0,0.8489447236061096,0.009145303629338741,0.06177709624171257,0.0,1.0,0.0010851726401597261,0.030375558882951736,0,-0.07483351975679398,0.07500000298023224,0.000853642588481307,0.009407107718288898,-0.8852874040603638,0.9999994039535522,0.0020505846478044987,0.08337637037038803,0.9811921296296297,0.01880787037037037,0,0
line_val_0001,val,line,0.0,0.9407532215118408,0.013316203840076923,0.08291923999786377,0.0,1.0,0.0002745749952737242,0.016158314421772957,0,-0.07433627545833588,0.07500000298023224,0.0005369508289732039,0.010905087925493717,-0.9993054270744324,0.9999994039535522,0.002495049498975277,0.09997817128896713,0.9793836805555556,0.020616319444444444,0,0
line_val_0002,val,line,0.0,0.976554811000824,0.001393029699102044,0.016839398071169853,0.0,1.0,0.0019297304097563028,0.04152553901076317,0,-0.07361537218093872,0.0,-0.0014337068423628807,0.007948213256895542,-0.9986152648925781,0.9846839904785156,-0.0005062721902504563,0.11345086991786957,0.9714265046296297,0.02857349537037037,0,0
line_val_0003,val,line,0.0,0.8468519449234009,0.006761882454156876,0.04153577983379364,0.0,1.0,0.0017560628475621343,0.038570012897253036,0,-0.07367832213640213,0.07500000298023224,-0.001964336493983865,0.012277333065867424,-0.9993054270744324,0.999998927116394,-9.363324352307245e-05,0.14151154458522797,0.9529803240740741,0.04701967592592592,0,0
line_val_0004,val,line,0.0,0.8800694346427917,0.004246086347848177,0.03736976906657219,0.0,1.0,0.0004264909075573087,0.019124716520309448,0,-0.07433627545833588,0.07433034479618073,0.0007609736057929695,0.00783377606421709,-0.9070494771003723,0.9999994039535522,0.0028256226796656847,0.08056234568357468,0.9855324074074074,0.014467592592592593,0,0
line_val_0005,val,line,0.0,0.9385837316513062,0.0055527109652757645,0.03554565832018852,0.0,1.0,0.00031791155925020576,0.016828341409564018,0,-0.07389162480831146,0.07500000298023224,-0.001762672676704824,0.010037305764853954,-0.9991823434829712,0.9999964833259583,-0.0013675593072548509,0.12121735513210297,0.9674479166666666,0.032552083333333336,0,0
line_val_0006,val,line,0.0,0.888884961605072,0.006486388389021158,0.045696232467889786,0.0,1.0,0.0004491058934945613,0.02002624049782753,0,0.0,0.07209232449531555,0.0013184808194637299,0.008020782843232155,-0.966776430606842,0.9649965167045593,0.0010324240429326892,0.09523499757051468,0.9768518518518519,0.023148148148148147,0,0
line_val_0007,val,line,0.0,0.8731732964515686,0.014447108842432499,0.06679826229810715,0.0,1.0,0.0007254316005855799,0.024885253980755806,0,-0.07367832213640213,0.07500000298023224,0.0021972120739519596,0.01268810499459505,-0.9892363548278809,0.9999994039535522,0.006377235986292362,0.13122870028018951,0.9613715277777778,0.038628472222222224,0,0
line_val_0008,val,line,0.0,0.8424798250198364,0.004758348222821951,0.03358343988656998,0.0,1.0,0.00043903884943574667,0.019590120762586594,0,-0.059531718492507935,0.0,-0.0013058650074526668,0.007207047659903765,-0.994807243347168,0.9973381757736206,-0.00029277268913574517,0.11235706508159637,0.9735966435185185,0.026403356481481483,0,0
line_val_0009,val,line,0.0,0.9585769772529602,0.008000568486750126,0.057874515652656555,0.0,1.0,0.0003456150589045137,0.01818566396832466,0,-0.046922363340854645,0.00692354142665863,-0.0005755680613219738,0.003980572335422039,-0.9913396239280701,0.9766644239425659,0.0014424100518226624,0.09907850623130798,0.9793836805555556,0.020616319444444444,0,0
line_val_0010,val,line,0.0,0.8272851705551147,0.012844141572713852,0.0651705265045166,0.0,1.0,0.00303363474085927,0.050641514360904694,0,-0.07367832213640213,0.07500000298023224,-0.0018761741230264306,0.013665138743817806,-0.9993054270744324,0.999998927116394,-0.00019280209380667657,0.14088237285614014,0.9544270833333334,0.045572916666666664,0,0
line_val_0011,val,line,0.0,0.9564628005027771,0.0051299589686095715,0.035217635333538055,0.0,1.0,0.0004380325262900442,0.019594961777329445,0,-0.06654766201972961,0.0,-0.0015917315613478422,0.00814091693609953,-0.994807243347168,0.9999964833259583,-0.0001362314505968243,0.1192292869091034,0.9681712962962963,0.031828703703703706,0,0
line_val_0012,val,line,0.0,0.8052612543106079,0.008268671110272408,0.05701436102390289,0.0,1.0,0.00325402501039207,0.052204132080078125,0,-0.021450400352478027,0.04448650777339935,0.00046501588076353073,0.0042737615294754505,-0.9943734407424927,0.9571169018745422,-0.0005024351994507015,0.11713950335979462,0.9704861111111112,0.029513888888888888,0,0
line_val_0013,val,line,0.0,0.8378353118896484,0.005860622972249985,0.04302890598773956,0.0,1.0,0.0005119897541590035,0.020427260547876358,0,-0.05000000447034836,0.013783380389213562,-0.001133495126850903,0.006385643966495991,-0.9745883345603943,0.999998927116394,0.002319114049896598,0.14148879051208496,0.9547887731481481,0.04521122685185185,0,0
line_val_0014,val,line,0.0,1.0,0.002898245817050338,0.028360314667224884,0.0,0.9550889730453491,0.001392303267493844,0.03571518510580063,0,-0.06246054172515869,0.0,-0.0009547543595544994,0.006043373607099056,-0.9986152648925781,0.9964806437492371,-0.0008189182844944298,0.09583091735839844,0.9790219907407407,0.02097800925925926,0,0
line_val_0015,val,line,0.0,0.9470692276954651,0.010385698638856411,0.054087284952402115,0.0,1.0,0.0009987029479816556,0.029436573386192322,0,-0.07483351975679398,0.07500000298023224,-0.002808765508234501,0.011398838832974434,-0.9913396239280701,0.999998927116394,0.0031068800017237663,0.15820002555847168,0.9435763888888888,0.05642361111111111,0,0
line_val_0016,val,line,0.0,0.9027479290962219,0.00631601782515645,0.04712666943669319,0.0,1.0,0.0010889045661315322,0.030468817800283432,0,0.0,0.04448650777339935,0.0006758631789125502,0.00434613274410367,-0.9943734407424927,0.9421225190162659,-0.00015617242024745792,0.09448900818824768,0.9793836805555556,0.020616319444444444,0,0
line_val_0017,val,line,0.0,0.8562369346618652,0.003171277232468128,0.019761035218834877,0.0,1.0,0.0019707144238054752,0.041712258011102676,0,-0.07405753433704376,0.0747220367193222,-0.002237406326457858,0.011038016527891159,-0.9820112586021423,0.9932713508605957,0.0008857639040797949,0.142042338848114,0.9515335648148148,0.04846643518518518,0,0
line_val_0018,val,line,0.0,1.0,0.011430347338318825,0.0843113362789154,0.0,0.9654679894447327,0.000508924073074013,0.021244434639811516,0,-0.07483351975679398,0.07500000298023224,-0.00028081811615265906,0.00949099101126194,-0.9425351619720459,0.999998927116394,0.0010319930734112859,0.08802163600921631,0.9826388888888888,0.017361111111111112,0,0
line_val_0019,val,line,0.0,0.852825403213501,0.028930766507983208,0.10923796892166138,0.0,1.0,0.002566545968875289,0.045195139944553375,0,-0.07433627545833588,0.07500000298023224,-0.0010883817449212074,0.016008786857128143,-0.9993054270744324,0.9999994039535522,0.0036847745068371296,0.1561664640903473,0.9457465277777778,0.054253472222222224,0,0
cross_val_0000,val,cross,0.0,0.8862270712852478,0.01018226146697998,0.06271921843290329,0.0,1.0,0.0027234500739723444,0.04889421537518501,0,-0.05780456215143204,0.02088005840778351,-0.001054845517501235,0.006585454102605581,-0.9913396239280701,0.9614124894142151,0.0017502494156360626,0.14073409140110016,0.953125,0.046875,0,0
cross_val_0001,val,cross,0.0,0.8681844472885132,0.018294770270586014,0.07690094411373138,0.0,1.0,0.0009715615888126194,0.028012359514832497,0,-0.07433627545833588,0.07500000298023224,-0.0010883817449212074,0.016008786857128143,-0.9993054270744324,0.9999994039535522,0.0036847745068371296,0.1561664640903473,0.9457465277777778,0.054253472222222224,0,0
cross_val_0002,val,cross,0.0,0.8576984405517578,0.009667235426604748,0.05304659157991409,0.0,1.0,0.0009156486485153437,0.028826123103499413,0,-0.07438972592353821,0.07455511391162872,-0.0023702720645815134,0.01204209215939045,-0.9928953647613525,0.9999964833259583,-4.711050496553071e-05,0.1315528303384781,0.9622395833333334,0.037760416666666664,0,0
cross_val_0003,val,cross,0.0,0.9765530228614807,0.011735726147890091,0.06998878717422485,0.0,1.0,0.0009925687918439507,0.03018105961382389,0,-0.03598245978355408,0.0343908816576004,3.718391639040419e-08,0.003621893236413598,-0.998612105846405,0.9766644239425659,0.0017532104393467307,0.13648420572280884,0.9605034722222222,0.039496527777777776,0,0
cross_val_0004,val,cross,0.0,0.9176281690597534,0.014522441662847996,0.07233146578073502,0.0,1.0,0.002844755770638585,0.048664432018995285,0,-0.06485307216644287,0.019852876663208008,-0.0015518857399001718,0.007487383671104908,-0.956943690776825,0.999998927116394,0.002278455998748541,0.15396824479103088,0.9487847222222222,0.051215277777777776,0,0
cross_val_0005,val,cross,0.0,0.8337564468383789,0.01675998792052269,0.08110244572162628,0.0,1.0,0.0007200106629170477,0.024601561948657036,0,-0.07438972592353821,0.07461076974868774,0.000433041452197358,0.014110897667706013,-0.9820112586021423,0.9999964833259583,0.002150441985577345,0.13093510270118713,0.9600694444444444,0.03993055555555555,0,0
cross_val_0006,val,cross,0.0,1.0,0.024525359272956848,0.10742569714784622,0.0,0.9940940141677856,0.0009763598209246993,0.02970617078244686,0,-0.07483351975679398,0.07500000298023224,0.001857990981079638,0.014328579418361187,-0.9070494771003723,0.9999994039535522,0.00745357247069478,0.1384103149175644,0.9557291666666666,0.044270833333333336,0,0
cross_val_0007,val,cross,0.0,0.895563006401062,0.01746661402285099,0.08779430389404297,0.0,1.0,0.0007198519306257367,0.02557196468114853,0,-0.07483351975679398,0.07500000298023224,-0.0003879718715324998,0.014200757257640362,-0.9993054270744324,0.9999994039535522,0.001220464939251542,0.12762178480625153,0.9639756944444444,0.03602430555555555,0,0
cross_val_0008,val,cross,0.0,0.8327310085296631,0.0027118814177811146,0.017990142107009888,0.0,1.0,0.002699584234505892,0.04752502590417862,0,-0.07411286234855652,0.07388611137866974,-0.002351165749132633,0.011092603206634521,-0.9820112586021423,0.9999964833259583,0.0009290683083236217,0.14279915392398834,0.9535590277777778,0.046440972222222224,0,0
cross_val_0009,val,cross,0.0,0.814824640750885,0.02216409333050251,0.08807822316884995,0.0,1.0,0.0009070854284800589,0.027767563238739967,0,-0.07384227216243744,0.07500000298023224,-1.2103123481210787e-05,0.016434499993920326,-0.9993054270744324,0.9999994039535522,0.003981172107160091,0.15557047724723816,0.9500868055555556,0.04991319444444445,0,0
cross_val_0010,val,cross,0.0,0.8435366153717041,0.009595579467713833,0.050816234201192856,0.0,1.0,0.0007279052515514195,0.0240361038595438,0,-0.07361537218093872,0.07500000298023224,0.002127992920577526,0.012181919068098068,-0.966776430606842,0.9999969601631165,0.001446128124371171,0.13117417693138123,0.9622395833333334,0.037760416666666664,0,0
cross_val_0011,val,cross,0.0,0.9460890293121338,0.011897814460098743,0.0621759258210659,0.0,1.0,0.0017139161936938763,0.03960195928812027,0,-0.07494446635246277,0.07499998807907104,-0.002078783232718706,0.012373097240924835,-0.9928953647613525,0.9999964833259583,0.00122505659237504,0.1253092885017395,0.9635416666666666,0.036458333333333336,0,0
cross_val_0012,val,cross,0.0,0.959147036075592,0.016019830480217934,0.0800137147307396,0.0,1.0,0.003163835033774376,0.05270134285092354,0,-0.03819660842418671,0.03788293898105621,-1.155143490905175e-05,0.005046818871051073,-0.998612105846405,0.9766644239425659,-0.00184143939986825,0.1590900868177414,0.9470486111111112,0.05295138888888889,0,0
cross_val_0013,val,cross,0.0,0.8598378300666809,0.016373148187994957,0.06812644749879837,0.0,1.0,0.002307646442204714,0.04374953359365463,0,-0.07438972592353821,0.0747220367193222,0.0009510467643849552,0.015973778441548347,-0.9820112586021423,0.9969497919082642,0.0025856660213321447,0.15574629604816437,0.9466145833333334,0.053385416666666664,0,0
cross_val_0014,val,cross,0.0,0.8543620109558105,0.009029103443026543,0.05242586135864258,0.0,1.0,0.0007688596379011869,0.02525939792394638,0,-0.07405753433704376,0.0747220367193222,-0.0016228670720010996,0.011359657160937786,-0.9768810272216797,0.9999964833259583,0.0017450375016778708,0.11660231649875641,0.9696180555555556,0.030381944444444444,0,0
L_shape_val_0000,val,L-shape,0.0,0.924557089805603,0.01587960310280323,0.07923810184001923,0.0,1.0,0.0006706080748699605,0.023878566920757294,0,-0.07483351975679398,0.07500000298023224,-0.0011847206624224782,0.01282851118594408,-0.9425351619720459,0.999998927116394,0.003350281622260809,0.12191827595233917,0.9656394675925926,0.034360532407407406,0,0
L_shape_val_0001,val,L-shape,0.0,0.8730087280273438,0.035497501492500305,0.12954527139663696,0.0,1.0,0.002965756691992283,0.05055059865117073,0,-0.07438972592353821,0.0747220367193222,0.001925853779539466,0.014126168563961983,-0.998612105846405,0.9932713508605957,-0.002417450537905097,0.1634291708469391,0.9363425925925926,0.06365740740740741,0,0
L_shape_val_0002,val,L-shape,0.0,0.9929589033126831,0.013243557885289192,0.06979954242706299,0.0,1.0,0.0008932228083722293,0.02821703441441059,0,-0.07494446635246277,0.07499998807907104,0.0014474204508587718,0.011384413577616215,-0.971254289150238,0.9999969601631165,0.0003040283336304128,0.12726254761219025,0.9620225694444444,0.03797743055555555,0,0
L_shape_val_0003,val,L-shape,0.0,0.9319803714752197,0.015979886054992676,0.07185687124729156,0.0,1.0,0.0032846166286617517,0.05419715493917465,0,-0.042064838111400604,0.06476730108261108,0.0011603751918300986,0.008937316946685314,-0.998612105846405,0.9766644239425659,-0.0008049870957620442,0.17769314348697662,0.9276620370370371,0.07233796296296297,0,0
L_shape_val_0004,val,L-shape,0.0,0.8750445246696472,0.02402763068675995,0.09727080911397934,0.0,1.0,0.0021850927732884884,0.044124167412519455,0,-0.07483351975679398,0.07500000298023224,7.282722071977332e-05,0.015383088029921055,-0.9993054270744324,0.9999994039535522,0.004565313458442688,0.15236510336399078,0.9486400462962963,0.051359953703703706,0,0
L_shape_val_0005,val,L-shape,0.0,0.8136980533599854,0.004243573639541864,0.020687999203801155,0.0,1.0,0.00262407842092216,0.044988032430410385,0,-0.07389162480831146,0.07500000298023224,-0.0021179092582315207,0.014982201159000397,-0.9986152648925781,0.9999964833259583,-0.001292586326599121,0.16390398144721985,0.9392361111111112,0.06076388888888889,0,0
L_shape_val_0006,val,L-shape,0.0,0.8254366517066956,0.009018673561513424,0.05167773365974426,0.0,1.0,0.0029529212042689323,0.0494067557156086,0,0.0,0.06828880310058594,0.002281693508848548,0.009537139907479286,-0.9943734407424927,0.9999969601631165,-4.493107189773582e-05,0.1536388248205185,0.9464699074074074,0.053530092592592594,0,0
L_shape_val_0007,val,L-shape,0.0,0.8640749454498291,0.019763700664043427,0.08059458434581757,0.0,1.0,0.002536693587899208,0.04723243787884712,0,-0.07483351975679398,0.07500000298023224,-0.0005164939211681485,0.015063372440636158,-0.9993054270744324,0.9999994039535522,0.004021649714559317,0.15012912452220917,0.9479166666666666,0.052083333333333336,0,0
L_shape_val_0008,val,L-shape,0.0,0.927062451839447,0.006989194080233574,0.0452001690864563,0.0,1.0,0.0006570973782800138,0.023410918191075325,0,-0.07411286234855652,0.0747220367193222,-0.001253895927220583,0.010788547806441784,-0.9820112586021423,0.997345507144928,-0.000981854391284287,0.1069340929389,0.9746817129629629,0.02531828703703704,0,0
L_shape_val_0009,val,L-shape,0.0,1.0,0.016739223152399063,0.08134610205888748,0.0,0.9998869895935059,0.0007061913493089378,0.025118092074990273,0,-0.07483351975679398,0.07500000298023224,-0.0013560056686401367,0.012956751510500908,-0.9425351619720459,0.999998927116394,0.004854309372603893,0.13678452372550964,0.9584056712962963,0.041594328703703706,0,0
L_shape_val_0010,val,L-shape,0.0,0.861794114112854,0.009641382843255997,0.04992201551795006,0.0,1.0,0.002878584899008274,0.05111644044518471,0,-0.0650000050663948,0.0,-0.002239109482616186,0.009685168042778969,-0.9913396239280701,0.999998927116394,0.002995845628902316,0.14021345973014832,0.9547887731481481,0.04521122685185185,0,0
L_shape_val_0011,val,L-shape,0.0,0.8539789319038391,0.012510907836258411,0.05801263451576233,0.0,1.0,0.0006386329187080264,0.022784234955906868,0,-0.07411286234855652,0.07500000298023224,-0.0011872622417286038,0.013781366869807243,-0.9820112586021423,0.9999964833259583,1.0995952834491618e-05,0.13738250732421875,0.9580439814814815,0.04195601851851852,0,0
L_shape_val_0012,val,L-shape,0.0,0.9441702365875244,0.021180346608161926,0.08403141051530838,0.0,1.0,0.002411148976534605,0.04663773253560066,0,-0.07438972592353821,0.0747220367193222,-0.0008713732240721583,0.015892982482910156,-0.9820112586021423,0.9999964833259583,0.0013674815418198705,0.15766000747680664,0.9457465277777778,0.054253472222222224,0,0
L_shape_val_0013,val,L-shape,0.0,0.8805188536643982,0.015191135928034782,0.05969318002462387,0.0,1.0,0.0022754911333322525,0.042633865028619766,0,-0.07433627545833588,0.07500000298023224,-0.0003934366104658693,0.016834290698170662,-0.9993054270744324,0.9999994039535522,0.004927753936499357,0.17060284316539764,0.9367042824074074,0.06329571759259259,0,0
L_shape_val_0014,val,L-shape,0.0,0.846156120300293,0.012582121416926384,0.055795446038246155,0.0,1.0,0.001986380200833082,0.040858443826436996,0,-0.07411286234855652,0.07500000298023224,-0.001055386383086443,0.015100320801138878,-0.9820112586021423,0.9999964833259583,0.0006334122736006975,0.14340655505657196,0.9537037037037037,0.046296296296296294,0,0
L_shape_val_0015,val,L-shape,0.0,0.8131959438323975,0.00648269709199667,0.045099321752786636,0.0,1.0,0.0005519349942915142,0.021737661212682724,0,-0.07438972592353821,0.07461076974868774,0.0011521081905812025,0.011307152919471264,-0.9820112586021423,0.9421225190162659,-0.00026751530822366476,0.119367316365242,0.9674479166666666,0.032552083333333336,0,0
L_shape_val_0016,val,L-shape,0.0,0.8414689302444458,0.007356541231274605,0.04540903493762016,0.0,1.0,0.0027959556318819523,0.048131439834833145,0,-0.07389162480831146,0.07500000298023224,0.0022866432555019855,0.010760140605270863,-0.966776430606842,0.9999969601631165,0.002955397590994835,0.14418798685073853,0.9490017361111112,0.05099826388888889,0,0
L_shape_val_0017,val,L-shape,0.0,0.8622116446495056,0.009784070774912834,0.0495457649230957,0.0,1.0,0.002639156300574541,0.04768062010407448,0,-0.07389162480831146,0.07500000298023224,0.002313370816409588,0.013303151354193687,-0.9788332581520081,0.9999969601631165,5.903039709664881e-05,0.15693983435630798,0.9457465277777778,0.054253472222222224,0,0
L_shape_val_0018,val,L-shape,0.0,0.9145917296409607,0.004783498123288155,0.04000605642795563,0.0,1.0,0.001071089762263,0.030610576272010803,0,-0.013435006141662598,0.06633307039737701,0.0016344197792932391,0.007808119524270296,-0.998612105846405,0.9999969601631165,-0.0004817140579689294,0.1423071026802063,0.9533420138888888,0.04665798611111111,0,0
L_shape_val_0019,val,L-shape,0.0,0.9474263787269592,0.009270019829273224,0.050935760140419006,0.0,1.0,0.0007070513092912734,0.025108695030212402,0,-0.07411286234855652,0.07500000298023224,0.0022156781051307917,0.012878956273198128,-0.966776430606842,0.9999969601631165,0.0014167723711580038,0.13928666710853577,0.9547887731481481,0.04521122685185185,0,0
double_line_val_0000,val,double-line,0.0,0.9500763416290283,0.011290960945189,0.05280587822198868,0.0,1.0,0.0037047339137643576,0.05489052087068558,0,-0.07384227216243744,0.07500000298023224,-0.0032055589836090803,0.0147914569824934,-0.9993054270744324,0.999998927116394,0.004609706345945597,0.2049340009689331,0.9092881944444444,0.09071180555555555,0,0
double_line_val_0001,val,double-line,0.0,0.9567418098449707,0.0073631140403449535,0.04732637479901314,0.0,1.0,0.0010690591298043728,0.02981024794280529,0,-0.056592293083667755,0.02240939438343048,-0.001018793205730617,0.006097172852605581,-0.998612105846405,0.9766644239425659,0.0008285320363938808,0.14411170780658722,0.9547887731481481,0.04521122685185185,0,0
double_line_val_0002,val,double-line,0.0,0.9490205645561218,0.011945147998631,0.05964655429124832,0.0,1.0,0.0010994216427206993,0.030685152858495712,0,-0.07438972592353821,0.07461076974868774,-0.0010519404895603657,0.012954688630998135,-0.9928953647613525,0.9999964833259583,0.001495189731940627,0.12982046604156494,0.9620225694444444,0.03797743055555555,0,0
double_line_val_0003,val,double-line,0.0,0.9166625142097473,0.01455263514071703,0.06865473091602325,0.0,1.0,0.0008780971984378994,0.0248862337321043,0,-0.03146731108427048,0.06505812704563141,0.0014513018541038036,0.007850791327655315,-0.998612105846405,0.9999969601631165,0.0006428907508961856,0.16381077468395233,0.9395978009259259,0.06040219907407408,0,0
double_line_val_0004,val,double-line,0.0,0.8330875635147095,0.005906991194933653,0.04357884079217911,0.0,1.0,0.0008772949804551899,0.02764309011399746,0,-0.06000000238418579,0.0,-0.0011911758920177817,0.0072365435771644115,-0.9913396239280701,0.999998927116394,0.0011042860569432378,0.09686283767223358,0.9790219907407407,0.02097800925925926,0,0
double_line_val_0005,val,double-line,0.0,0.917750358581543,0.00867451261729002,0.043632976710796356,0.0,1.0,0.0011380078503862023,0.029017919674515724,0,-0.07389162480831146,0.07500000298023224,-0.0020987335592508316,0.01493410300463438,-0.9986152648925781,0.9999964833259583,-0.00042896566446870565,0.15844106674194336,0.94140625,0.05859375,0,0
double_line_val_0006,val,double-line,0.0,0.8982264995574951,0.024442555382847786,0.09447801113128662,0.0,1.0,0.003262710990384221,0.049066212028265,0,-0.07494446635246277,0.07499998807907104,0.0015733090694993734,0.016413629055023193,-0.9820112586021423,0.9999969601631165,0.0017892713658511639,0.1675761640071869,0.9323640046296297,0.06763599537037036,0,0
double_line_val_0007,val,double-line,0.0,1.0,0.02273460663855076,0.08471743017435074,0.0,0.9506189823150635,0.0013314447132870555,0.0312026459723711,0,-0.07483351975679398,0.07500000298023224,-0.0035502423997968435,0.015713617205619812,-0.9993054270744324,0.999998927116394,0.00404148967936635,0.20154131948947906,0.9075520833333334,0.09244791666666667,0,0
double_line_val_0008,val,double-line,0.0,1.0,0.008846095763146877,0.04833867773413658,0.0,0.967208981513977,0.001057333080098033,0.029511477798223495,0,-0.07438972592353821,0.07455511391162872,-0.002222456270828843,0.01128170732408762,-0.9928953647613525,0.9999964833259583,0.0012523605255410075,0.13340026140213013,0.9609375,0.0390625,0,0
double_line_val_0009,val,double-line,0.0,0.9448152184486389,0.020882533863186836,0.08763796836137772,0.0,1.0,0.0033467209432274103,0.05467182770371437,0,-0.052917562425136566,0.05155643820762634,-2.3882146706455387e-05,0.007876628078520298,-0.998612105846405,0.9766644239425659,0.0005883105914108455,0.18316394090652466,0.9211516203703703,0.07884837962962964,0,0
double_line_val_0010,val,double-line,0.0,0.8218756914138794,0.011223170906305313,0.06191699951887131,0.0,1.0,0.0007040178752504289,0.024029655382037163,0,-0.04488102346658707,0.027341485023498535,-0.000680220837239176,0.005588316824287176,-0.9943734407424927,0.9766571521759033,0.002202622825279832,0.1535845249891281,0.9474826388888888,0.05251736111111111,0,0
double_line_val_0011,val,double-line,0.0,0.9329298138618469,0.01767853833734989,0.07628246396780014,0.0,1.0,0.001190238748677075,0.03303460404276848,0,-0.07389162480831146,0.07500000298023224,-0.0013784526381641626,0.015851443633437157,-0.9986152648925781,0.9999969601631165,0.0004604840069077909,0.15148872137069702,0.9470486111111112,0.05295138888888889,0,0
double_line_val_0012,val,double-line,0.0,0.8691631555557251,0.011316402815282345,0.07220284640789032,0.0,1.0,0.0015891403891146183,0.036221813410520554,0,-0.02000001072883606,0.027200445532798767,0.00010467727406648919,0.0027160688769072294,-0.961885392665863,0.9766571521759033,-0.0010382739128544927,0.12354075908660889,0.9667245370370371,0.033275462962962965,0,0
double_line_val_0013,val,double-line,0.0,1.0,0.015085793100297451,0.0756988599896431,0.0,0.9887539744377136,0.002199621871113777,0.04276861622929573,0,-0.07483351975679398,0.07500000298023224,-0.0021315584890544415,0.012619507499039173,-0.9993054270744324,0.999998927116394,0.0011093909852206707,0.1334569901227951,0.9565972222222222,0.043402777777777776,0,0
double_line_val_0014,val,double-line,0.0,0.8424351811408997,0.017795685678720474,0.07609838247299194,0.0,1.0,0.0011081630364060402,0.029638849198818207,0,-0.07494446635246277,0.07499998807907104,-0.0012745894491672516,0.015320676378905773,-0.9928953647613525,0.9999964833259583,-0.0018203957006335258,0.14376503229141235,0.9504484953703703,0.04955150462962963,0,0
small_rect_edge_val_0000,val,small_rect_edge,0.0,0.803451657295227,0.00949198566377163,0.05610746145248413,0.0,1.0,0.0012390477349981666,0.03301449492573738,0,-0.07411286234855652,0.0747220367193222,0.0010592136532068253,0.011236654594540596,-0.9820112586021423,0.9999969601631165,0.0011271272087469697,0.10345670580863953,0.9757667824074074,0.02423321759259259,0,0
small_rect_edge_val_0001,val,small_rect_edge,0.0,1.0,0.011430944316089153,0.06320875883102417,0.0,0.9820280075073242,0.0010944510577246547,0.032204315066337585,0,-0.07438972592353821,0.0747220367193222,-0.0005273415590636432,0.012792038731276989,-0.9820112586021423,0.9999964833259583,-0.0002449247695039958,0.11848624050617218,0.9674479166666666,0.032552083333333336,0,0
small_rect_edge_val_0002,val,small_rect_edge,0.0,0.9318361282348633,0.01715007610619068,0.09084942191839218,0.0,1.0,0.0012152927229180932,0.031468477100133896,0,-0.07411286234855652,0.07500000298023224,-0.0008047681185416877,0.012758026830852032,-0.9820112586021423,0.9999964833259583,0.002347234170883894,0.11895615607500076,0.9710648148148148,0.028935185185185185,0,0
small_rect_edge_val_0003,val,small_rect_edge,0.0,1.0,0.007782396394759417,0.048572368919849396,0.0,0.966933012008667,0.0010244610020890832,0.030159814283251762,0,-0.07147212326526642,0.0,-0.0018032535444945097,0.009053416550159454,-0.994807243347168,0.9999964833259583,-0.0012268692953512073,0.11970900744199753,0.9678096064814815,0.03219039351851852,0,0
small_rect_edge_val_0004,val,small_rect_edge,0.0,0.8532291650772095,0.008692015893757343,0.0487293042242527,0.0,1.0,0.0013962624361738563,0.03394708409905434,0,-0.07389162480831146,0.07500000298023224,-0.001109036966226995,0.012338000349700451,-0.9986152648925781,0.9999964833259583,-0.00017434459005016834,0.11706706136465073,0.9699797453703703,0.03002025462962963,0,0
small_rect_edge_val_0005,val,small_rect_edge,0.0,0.8425920605659485,0.016152985394001007,0.07670149952173233,0.0,1.0,0.0010398876620456576,0.029909256845712662,0,-0.07494446635246277,0.07499998807907104,0.0005149568896740675,0.014596592634916306,-0.9820112586021423,0.9999969601631165,0.001781763625331223,0.1409357339143753,0.9547887731481481,0.04521122685185185,0,0
small_rect_edge_val_0006,val,small_rect_edge,0.0,0.9688494801521301,0.008983680047094822,0.042703304439783096,0.0,1.0,0.0019066549139097333,0.04311821237206459,0,-0.07450057566165924,0.0747220367193222,-0.002252645790576935,0.014348756521940231,-0.994807243347168,0.9999964833259583,0.00255622249096632,0.1639665812253952,0.9392361111111112,0.06076388888888889,0,0
small_rect_edge_val_0007,val,small_rect_edge,0.0,0.8762398958206177,0.00858285278081894,0.04071195423603058,0.0,1.0,0.0013808028306812048,0.035548824816942215,0,-0.07438972592353821,0.0747220367193222,-0.0011808060808107257,0.01592670939862728,-0.9928953647613525,0.9999964833259583,-0.0013594547053799033,0.16572917997837067,0.9417679398148148,0.05823206018518518,0,0
small_rect_edge_val_0008,val,small_rect_edge,0.0,0.8899766206741333,0.006211274303495884,0.043879926204681396,0.0,1.0,0.000990552012808621,0.029468031600117683,0,-0.06978271901607513,0.0,-0.0014025891432538629,0.00836987141519785,-0.9928953647613525,0.9973381757736206,0.0007870666449889541,0.09758329391479492,0.9786603009259259,0.021339699074074073,0,0
small_rect_edge_val_0009,val,small_rect_edge,0.0,0.8195767402648926,0.013616613112390041,0.06372878700494766,0.0,1.0,0.0010577996727079153,0.029295654967427254,0,-0.07389162480831146,0.07500000298023224,3.377769098733552e-05,0.01499137282371521,-0.9986152648925781,0.9999969601631165,-0.0003765727742575109,0.1371648758649826,0.9565972222222222,0.043402777777777776,0,0
point_cluster_val_0000,val,point_cluster,0.0,0.800000011920929,0.005949689075350761,0.040772076696157455,0.0,1.0,0.00041721455636434257,0.01888234354555607,0,0.0,0.04906027019023895,0.0009861479047685862,0.0055953580886125565,-0.9607370495796204,0.9649819135665894,0.0029625401366502047,0.11719352006912231,0.9696180555555556,0.030381944444444444,0,0
point_cluster_val_0001,val,point_cluster,0.0,1.0,0.005827908869832754,0.04900328442454338,0.0,0.8409969806671143,0.00027892511570826173,0.014734683558344841,0,-0.020288795232772827,0.026139140129089355,8.55610123835504e-05,0.0018684203969314694,-0.998612105846405,0.9571169018745422,0.0011636174749583006,0.1019020527601242,0.9809027777777778,0.019097222222222224,0,0
point_cluster_val_0002,val,point_cluster,0.0,1.0,0.00960354134440422,0.05565270781517029,0.0,0.9593449831008911,0.0004359539016149938,0.01838383637368679,0,-0.07411287724971771,0.0,-0.0021090256050229073,0.010527140460908413,-0.9928953647613525,0.9973381757736206,4.497843110584654e-05,0.11703755706548691,0.9706307870370371,0.02936921296296296,0,0
point_cluster_val_0003,val,point_cluster,0.0,0.9613434672355652,0.013603510335087776,0.062398601323366165,0.0,1.0,0.0008231704705394804,0.025349820032715797,0,-0.07433627545833588,0.07500000298023224,0.0015575112774968147,0.015026161447167397,-0.9993054270744324,0.9999994039535522,0.007543147075921297,0.14800475537776947,0.9524016203703703,0.04759837962962963,0,0
point_cluster_val_0004,val,point_cluster,0.0,0.8435971140861511,0.004056693986058235,0.03814277425408363,0.0,1.0,0.00045153076644055545,0.019137067720294,0,-0.015000000596046448,0.018671274185180664,4.1449580749031156e-05,0.0018022357253357768,-0.9607370495796204,0.9517656564712524,-0.0001750981609802693,0.10390995442867279,0.9756944444444444,0.024305555555555556,0,0
point_cluster_val_0005,val,point_cluster,0.0,0.8500474095344543,0.011220789514482021,0.060576487332582474,0.0,1.0,0.0004586588474921882,0.019481921568512917,0,-0.07389162480831146,0.07500000298023224,-0.0013830962125211954,0.012998942285776138,-0.9986152648925781,0.9999964833259583,-0.0012415546225383878,0.12215128540992737,0.9670862268518519,0.03291377314814815,0,0
point_cluster_val_0006,val,point_cluster,0.0,0.9122597575187683,0.024065662175416946,0.1014784649014473,0.0,1.0,0.0007426444790326059,0.024455247446894646,0,-0.07389162480831146,0.07500000298023224,0.0008848626748658717,0.015861691907048225,-0.9788332581520081,0.9999969601631165,-0.0010939209023490548,0.14250026643276215,0.9524016203703703,0.04759837962962963,0,0
point_cluster_val_0007,val,point_cluster,0.0,0.8658818602561951,0.014431368559598923,0.07535190135240555,0.0,1.0,0.0005523334839381278,0.021915756165981293,0,-0.07483351975679398,0.07500000298023224,-0.0010936696780845523,0.013307970017194748,-0.9993054270744324,0.999998927116394,-0.0007731968071311712,0.12094227224588394,0.9680989583333334,0.031901041666666664,0,0
point_cluster_val_0008,val,point_cluster,0.0,0.8841044902801514,0.010178877040743828,0.06480038911104202,0.0,1.0,0.00027960186707787216,0.01515866257250309,0,-0.07372584939002991,0.07500000298023224,0.000988838612101972,0.011408476158976555,-0.9325755834579468,0.9999969601631165,0.00116206263191998,0.09846065938472748,0.9782262731481481,0.021773726851851853,0,0
point_cluster_val_0009,val,point_cluster,0.0,0.8568422198295593,0.02005796507000923,0.08400402963161469,0.0,1.0,0.0006053352262824774,0.021177055314183235,0,-0.07483351975679398,0.07500000298023224,0.0007722887094132602,0.01627148501574993,-0.9993054270744324,0.9999994039535522,0.007885925471782684,0.154433473944664,0.9453125,0.0546875,0,0
point_cluster_val_0010,val,point_cluster,0.0,0.8068321943283081,0.012752603739500046,0.0550425760447979,0.0,1.0,0.0009049959480762482,0.026245899498462677,0,0.0,0.06708294153213501,0.003027526894584298,0.010752499103546143,-0.966776430606842,0.9999969601631165,-0.003026354592293501,0.17061957716941833,0.9307725694444444,0.06922743055555555,0,0
point_cluster_val_0011,val,point_cluster,0.0,0.8590400815010071,0.008508611470460892,0.06424663215875626,0.0,1.0,0.000296507467282936,0.015813497826457024,0,0.0,0.06965881586074829,0.001168707967735827,0.00802613701671362,-0.9425274729728699,0.9649819135665894,-0.0001547756401123479,0.08452941477298737,0.9837962962962963,0.016203703703703703,0,0
point_cluster_val_0012,val,point_cluster,0.0,0.990365743637085,0.015856916084885597,0.0871782973408699,0.0,1.0,0.0005239619640633464,0.020885001868009567,0,-0.07361538708209991,0.0747220367193222,0.002083419356495142,0.011288225650787354,-0.966776430606842,0.9999969601631165,0.005392541643232107,0.11933737993240356,0.9650607638888888,0.03493923611111111,0,0
point_cluster_val_0013,val,point_cluster,0.0,1.0,0.010773126035928726,0.06661297380924225,0.0,0.9281659722328186,0.0004741224693134427,0.01987535133957863,0,-0.0605572909116745,0.0,-0.0012897117994725704,0.00685549434274435,-0.9913396239280701,0.999998927116394,0.003231465583667159,0.11570611596107483,0.9696180555555556,0.030381944444444444,0,0
point_cluster_val_0014,val,point_cluster,0.0,1.0,0.013265573419630527,0.07851017266511917,0.0,0.7469450235366821,0.0002234236162621528,0.011893260292708874,0,-0.07372584939002991,0.07500000298023224,0.0008889835444279015,0.012231063097715378,-0.9367321133613586,0.977294921875,0.0008016293286345899,0.10207080841064453,0.9751880787037037,0.024811921296296297,0,0
point_cluster_val_0015,val,point_cluster,0.0,0.9444128274917603,0.008374051190912724,0.05775361880660057,0.0,1.0,0.0004586757568176836,0.019434472545981407,0,0.0,0.04906027019023895,0.0010605459101498127,0.005874447524547577,-0.9607370495796204,0.9649819135665894,0.0017399736680090427,0.11298371851444244,0.97265625,0.02734375,0,0
point_cluster_val_0016,val,point_cluster,0.0,0.9119004011154175,0.006344843655824661,0.049353886395692825,0.0,1.0,0.00040450517553836107,0.01829124242067337,0,-0.029791854321956635,0.02007351815700531,-0.0001462748332414776,0.0023895518388599157,-0.998612105846405,0.9571169018745422,0.0004219124384690076,0.10881775617599487,0.9778645833333334,0.022135416666666668,0,0
point_cluster_val_0017,val,point_cluster,0.0,0.9018425941467285,0.015286481007933617,0.07268470525741577,0.0,1.0,0.0006363583379425108,0.022850122302770615,0,-0.07438972592353821,0.0747220367193222,-0.001359163667075336,0.013893851079046726,-0.9788332581520081,0.9999964833259583,-0.0003599118790589273,0.13391157984733582,0.9579716435185185,0.04202835648148148,0,0
point_cluster_val_0018,val,point_cluster,0.0,0.860788881778717,0.005591147113591433,0.040675170719623566,0.0,1.0,0.0004705898754764348,0.019870081916451454,0,-0.03954640030860901,0.008113875985145569,-0.0006544604548253119,0.004099780227988958,-0.9913396239280701,0.9766571521759033,0.0017548995092511177,0.117819644510746,0.9696180555555556,0.030381944444444444,0,0
point_cluster_val_0019,val,point_cluster,0.0,0.800000011920929,0.003746737027540803,0.032066911458969116,0.0,1.0,0.00025020597968250513,0.013478183187544346,0,-0.04022751748561859,0.004029214382171631,-0.0005046040751039982,0.0034388001076877117,-0.950625479221344,0.9766644239425659,0.0018230892019346356,0.09606024622917175,0.9802517361111112,0.019748263888888888,0,0
line_test_0000,test,line,0.0,0.913720965385437,0.004447867628186941,0.040740057826042175,0.0,1.0,0.0010216946247965097,0.028686268255114555,0,-0.05000000447034836,0.012788206338882446,-0.0006006513722240925,0.004211205057799816,-0.956943690776825,0.999998927116394,0.0022015487775206566,0.10580489039421082,0.9754050925925926,0.02459490740740741,0,0
line_test_0001,test,line,0.0,1.0,0.017896853387355804,0.07910723984241486,0.0,0.9947710037231445,0.0030149591621011496,0.05028432980179787,0,-0.07483351975679398,0.07500000298023224,-0.0005829448928125203,0.01617877185344696,-0.9993054270744324,0.9999994039535522,0.0018107109935954213,0.15570862591266632,0.9457465277777778,0.054253472222222224,0,0
line_test_0002,test,line,0.0,0.8957940936088562,0.013148564845323563,0.0664011761546135,0.0,1.0,0.001156508456915617,0.030873116105794907,0,-0.07389162480831146,0.07500000298023224,0.0008482713019475341,0.01386233139783144,-0.9788332581520081,0.9999969601631165,0.0010265037417411804,0.1285790205001831,0.9638310185185185,0.03616898148148148,0,0
line_test_0003,test,line,0.0,0.8578875660896301,0.017326489090919495,0.09041720628738403,0.0,1.0,0.00045143315219320357,0.02015279419720173,0,-0.07483351975679398,0.07500000298023224,-0.0006826010649092495,0.012815861031413078,-0.9993054270744324,0.9710617065429688,0.0006737106014043093,0.11774865537881851,0.9681712962962963,0.031828703703703706,0,0
line_test_0004,test,line,0.0,0.8324856162071228,0.0037060531321913004,0.030192801728844643,0.0,1.0,0.00024926933110691607,0.014723717235028744,0,-0.07237913459539413,0.0,-0.0014847160782665014,0.008235936984419823,-0.9913396239280701,0.999998927116394,0.0006243526004254818,0.11043575406074524,0.970703125,0.029296875,0,0
line_test_0005,test,line,0.0,0.825350821018219,0.010303698480129242,0.06180814281105995,0.0,1.0,0.0006402902072295547,0.02393283322453499,0,-0.07389162480831146,0.0747220367193222,0.0016416087746620178,0.010542433708906174,-0.9667691588401794,0.9640410542488098,0.001667817123234272,0.1074712872505188,0.9735243055555556,0.026475694444444444,0,0
line_test_0006,test,line,0.0,0.9150118231773376,0.012965202331542969,0.08527346700429916,0.0,1.0,0.000772799423430115,0.026294231414794922,0,0.0,0.07211102545261383,0.0012987417867407203,0.008397894911468029,-0.9070494771003723,0.9999994039535522,0.0010670145275071263,0.09332433342933655,0.9813368055555556,0.018663194444444444,0,0
line_test_0007,test,line,0.0,1.0,0.010637803003191948,0.06517897546291351,0.0,0.9812430143356323,0.0011128437472507358,0.031773511320352554,0,-0.05000000447034836,0.02088005840778351,-0.0009328537853434682,0.0058722663670778275,-0.9913396239280701,0.999998927116394,0.0020215322729200125,0.14345140755176544,0.9529803240740741,0.04701967592592592,0,0
line_test_0008,test,line,0.0,0.9206670522689819,0.013790218159556389,0.06363712251186371,0.0,1.0,0.0028169641736894846,0.0510861836373806,0,-0.07494446635246277,0.07499998807907104,-0.0020007628481835127,0.014129138551652431,-0.9928953647613525,0.9999964833259583,0.0006560868350788951,0.13768327236175537,0.95703125,0.04296875,0,0
line_test_0009,test,line,0.0,0.8153979778289795,0.008524667471647263,0.04992340877652168,0.0,1.0,0.0010772774694487453,0.030859900638461113,0,-0.07094306498765945,0.0,-0.0016226520529016852,0.008270434103906155,-0.9913396239280701,0.999998927116394,0.0008313244907185435,0.11839533597230911,0.9678096064814815,0.03219039351851852,0,0
line_test_0010,test,line,0.0,0.8715705871582031,0.007742128800600767,0.05230378732085228,0.0,1.0,0.0006962088518776,0.023923924192786217,0,-0.07433627545833588,0.07433034479618073,-0.0013658790849149227,0.009503099136054516,-0.9993054270744324,0.999998927116394,-0.00041085688280873,0.09735341370105743,0.9779369212962963,0.022063078703703703,0,0
line_test_0011,test,line,0.0,0.9818679094314575,0.005243262741714716,0.029310714453458786,0.0,1.0,0.0018747017020359635,0.04094499349594116,0,-0.07411286234855652,0.0747220367193222,-0.0021808105520904064,0.011691328138113022,-0.9991823434829712,0.9999964833259583,-0.0005686721997335553,0.1395595520734787,0.9555121527777778,0.044487847222222224,0,0
line_test_0012,test,line,0.0,0.9225722551345825,0.010186493396759033,0.059481289237737656,0.0,1.0,0.0012078842846676707,0.032780032604932785,0,-0.07384227216243744,0.07500000298023224,-0.00019183423137292266,0.012087231501936913,-0.9993054270744324,0.9999994039535522,0.0029021005611866713,0.11241399496793747,0.9743200231481481,0.025679976851851853,0,0
line_test_0013,test,line,0.0,1.0,0.014716814272105694,0.07845165580511093,0.0,0.9580309987068176,0.002107918029651046,0.042674023658037186,0,-0.007873311638832092,0.06260290741920471,0.0014728652313351631,0.007229110226035118,-0.966776430606842,0.9999969601631165,-0.00130142318084836,0.1317504495382309,0.9605034722222222,0.039496527777777776,0,0
line_test_0014,test,line,0.0,0.9271690249443054,0.004099575337022543,0.028351951390504837,0.0,1.0,0.00037559992051683366,0.018130455166101456,0,-0.07229407131671906,0.0,-0.0015643392689526081,0.008642475120723248,-0.994807243347168,0.9999964833259583,-0.0020033742766827345,0.1104021668434143,0.9728732638888888,0.027126736111111112,0,0
line_test_0015,test,line,0.0,0.8995969295501709,0.008120953105390072,0.05658544600009918,0.0,1.0,0.0003220665967091918,0.017000721767544746,0,0.0,0.07388612627983093,0.0014127567410469055,0.00842634029686451,-0.9943734407424927,0.9640410542488098,-0.00045021125697530806,0.09609377384185791,0.9775752314814815,0.022424768518518517,0,0
line_test_0016,test,line,0.0,0.8615119457244873,0.013531588017940521,0.06766297668218613,0.0,1.0,0.0017673613037914038,0.038850851356983185,0,-0.01071612536907196,0.06633307039737701,0.0016682763816788793,0.00785451103001833,-0.998612105846405,0.9999969601631165,-0.0008221024181693792,0.14117304980754852,0.9533420138888888,0.04665798611111111,0,0
line_test_0017,test,line,0.0,0.9732966423034668,0.003710119053721428,0.02434362657368183,0.0,1.0,0.0006671248702332377,0.02483666129410267,0,-0.07389162480831146,0.07327114045619965,-0.0021115364506840706,0.009932411834597588,-0.9991823434829712,0.9999964833259583,4.744405669043772e-05,0.13056766986846924,0.9596354166666666,0.040364583333333336,0,0
line_test_0018,test,line,0.0,0.9472900032997131,0.011036709882318974,0.06373412907123566,0.0,1.0,0.0014031080063432455,0.033978160470724106,0,-0.07438972592353821,0.0747220367193222,0.0007370176608674228,0.012669410556554794,-0.949177622795105,0.9640410542488098,0.0004864645597990602,0.10947160422801971,0.9725115740740741,0.027488425925925927,0,0
line_test_0019,test,line,0.0,1.0,0.013646588660776615,0.07861790060997009,0.0,0.9883599877357483,0.0012514563277363777,0.033850423991680145,0,-0.07438972592353821,0.07455511391162872,0.001970710000023246,0.01050830353051424,-0.949177622795105,0.9649819135665894,0.0008552453946322203,0.11724404990673065,0.9670862268518519,0.03291377314814815,0,0
cross_test_0000,test,cross,0.0,0.8145392537117004,0.016824839636683464,0.08003585785627365,0.0,1.0,0.0007713479571975768,0.024590548127889633,0,-0.07389162480831146,0.07500000298023224,0.0018450975185260177,0.01312412042170763,-0.966776430606842,0.9999969601631165,0.004126706626266241,0.13068395853042603,0.9626736111111112,0.03732638888888889,0,0
cross_test_0001,test,cross,0.0,0.8541087508201599,0.01491665281355381,0.07020728290081024,0.0,1.0,0.002714661182835698,0.04723351076245308,0,0.0,0.06840328872203827,0.002453331835567951,0.01007543783634901,-0.9943734407424927,0.9999969601631165,6.037433195160702e-05,0.1567269116640091,0.9440104166666666,0.055989583333333336,0,0
cross_test_0002,test,cross,0.0,0.9978935122489929,0.0069396039471030235,0.04436781629920006,0.0,1.0,0.000996957765892148,0.030305102467536926,0,-0.060000017285346985,0.0,-0.001791050541214645,0.008424155414104462,-0.9928953647613525,0.9999964833259583,-0.0009665410034358501,0.13741981983184814,0.9592013888888888,0.04079861111111111,0,0
cross_test_0003,test,cross,0.0,0.8964581489562988,0.011839372105896473,0.06415864825248718,0.0,1.0,0.002048655180260539,0.04147876799106598,0,-0.0539531409740448,0.030623912811279297,-0.0007661825511604548,0.005749306175857782,-0.956943690776825,0.999998927116394,0.005194931291043758,0.15885379910469055,0.9470486111111112,0.05295138888888889,0,0
cross_test_0004,test,cross,0.0,0.9066659808158875,0.013196966610848904,0.07162292301654816,0.0,1.0,0.0020128122996538877,0.040380965918302536,0,-0.029791854321956635,0.04811611771583557,0.000625143526121974,0.0049640703946352005,-0.9367321133613586,0.9517656564712524,0.0019757181871682405,0.14311785995960236,0.9513888888888888,0.04861111111111111,0,0
cross_test_0005,test,cross,0.0,0.8447158932685852,0.021383021026849747,0.08770215511322021,0.0,1.0,0.000929186528082937,0.027638792991638184,0,-0.07477790117263794,0.07461076974868774,-0.0004986856365576386,0.016094185411930084,-0.9820112586021423,0.9999964833259583,-0.00022867329244036227,0.15406224131584167,0.9444444444444444,0.05555555555555555,0,0
cross_test_0006,test,cross,0.0,0.9704921245574951,0.006825167685747147,0.05661003291606903,0.0,1.0,0.0015741594834253192,0.03660890460014343,0,-0.01000000536441803,0.031107693910598755,0.00036993902176618576,0.003095887368544936,-0.9607370495796204,0.9348412156105042,-0.0008350121206603944,0.09854481369256973,0.9752604166666666,0.024739583333333332,0,0
cross_test_0007,test,cross,0.0,0.825299084186554,0.0069170426577329636,0.05150234326720238,0.0,1.0,0.0005046251462772489,0.020104672759771347,0,-0.040000006556510925,0.004029214382171631,-0.000650302623398602,0.0041739363223314285,-0.8999997973442078,0.9766571521759033,0.001208040164783597,0.10266177356243134,0.9752604166666666,0.024739583333333332,0,0
cross_test_0008,test,cross,0.0,0.8056823015213013,0.016340652480721474,0.07234323024749756,0.0,1.0,0.0019567864947021008,0.039918772876262665,0,-0.07389162480831146,0.07500000298023224,4.3493040720932186e-05,0.015401291660964489,-0.9986152648925781,0.9999969601631165,-0.001694591948762536,0.13770101964473724,0.9565972222222222,0.043402777777777776,0,0
cross_test_0009,test,cross,0.0,0.9957789182662964,0.008145316503942013,0.0562552884221077,0.0,1.0,0.000545696122571826,0.02269313484430313,0,-0.0029455870389938354,0.049060285091400146,0.0008149987552314997,0.004906563553959131,-0.998612105846405,0.9350926876068115,-0.0027047547046095133,0.10627138614654541,0.9717881944444444,0.028211805555555556,0,0
cross_test_0010,test,cross,0.0,0.8442103266716003,0.016251780092716217,0.08231890201568604,0.0,1.0,0.000758623646106571,0.02497030422091484,0,-0.07483351975679398,0.07500000298023224,0.0015610067639499903,0.012217243202030659,-0.9993054270744324,0.9999994039535522,0.0026406629476696253,0.11498235911130905,0.9699797453703703,0.03002025462962963,0,0
cross_test_0011,test,cross,0.0,0.8715880513191223,0.018154656514525414,0.07718814164400101,0.0,1.0,0.002228258177638054,0.043023958802223206,0,-0.07411286234855652,0.07500000298023224,0.0008781533106230199,0.016133785247802734,-0.9820112586021423,0.9999969601631165,0.0020408129785209894,0.1588767021894455,0.9453125,0.0546875,0,0
cross_test_0012,test,cross,0.0,0.854749858379364,0.007741773035377264,0.05213256925344467,0.0,1.0,0.000791452475823462,0.026089763268828392,0,-0.033702969551086426,0.034458667039871216,4.810946848010644e-05,0.0036244129296392202,-0.998612105846405,0.9766644239425659,0.0004289679927751422,0.13359293341636658,0.9622395833333334,0.037760416666666664,0,0
cross_test_0013,test,cross,0.0,0.8525439500808716,0.0171990767121315,0.07144907861948013,0.0,1.0,0.0008498890674673021,0.026101043447852135,0,-0.07433627545833588,0.07500000298023224,0.00042330051655881107,0.016404807567596436,-0.9993054270744324,0.9999994039535522,0.0063501629047095776,0.1542312204837799,0.94921875,0.05078125,0,0
cross_test_0014,test,cross,0.0,0.9314143061637878,0.009392202831804752,0.053451478481292725,0.0,1.0,0.0018466813489794731,0.04115162044763565,0,-0.07438972592353821,0.07461076974868774,-0.0017962948186323047,0.01180289126932621,-0.9820112586021423,0.9999964833259583,-0.0007747385534457862,0.11859458684921265,0.9670138888888888,0.03298611111111111,0,0
L_shape_test_0000,test,L-shape,0.0,0.8952623009681702,0.018426664173603058,0.07510582357645035,0.0,1.0,0.002701814053580165,0.049060698598623276,0,-0.07411286234855652,0.07500000298023224,9.970559767680243e-05,0.01672985404729843,-0.9986152648925781,0.9999969601631165,0.0017384369857609272,0.15914398431777954,0.9439380787037037,0.056061921296296294,0,0
L_shape_test_0001,test,L-shape,0.0,0.946495532989502,0.01129730325192213,0.06458071619272232,0.0,1.0,0.0019198701484128833,0.041338954120874405,0,-0.07483351975679398,0.07500000298023224,-0.0013926834799349308,0.011730085127055645,-0.9425351619720459,0.999998927116394,0.005343682132661343,0.12049812823534012,0.9670862268518519,0.03291377314814815,0,0
L_shape_test_0002,test,L-shape,0.0,0.8925685882568359,0.02377070114016533,0.09533031284809113,0.0,1.0,0.002217874163761735,0.043189890682697296,0,-0.07438972592353821,0.0747220367193222,-0.0003930716193281114,0.015794137492775917,-0.9820112586021423,0.9999964833259583,0.0014787393156439066,0.15261195600032806,0.9486400462962963,0.051359953703703706,0,0
L_shape_test_0003,test,L-shape,0.0,0.8438071012496948,0.013520556502044201,0.0643393024802208,0.0,1.0,0.0021946458145976067,0.04216942563652992,0,-0.07438972592353821,0.0747220367193222,0.0015723094111308455,0.013602412305772305,-0.9943734407424927,0.9932713508605957,-0.00011731987615348771,0.141254723072052,0.9504484953703703,0.04955150462962963,0,0
L_shape_test_0004,test,L-shape,0.0,0.9609203934669495,0.017359696328639984,0.06808353215456009,0.0,1.0,0.003079668153077364,0.05130975320935249,0,-0.07483351975679398,0.07500000298023224,-0.0011947228340432048,0.016184169799089432,-0.9993054270744324,0.9999994039535522,0.007429894059896469,0.179536834359169,0.9273003472222222,0.07269965277777778,0,0
L_shape_test_0005,test,L-shape,0.0,0.9519059062004089,0.013695497065782547,0.06159135699272156,0.0,1.0,0.0021962132304906845,0.04390067979693413,0,-0.07438972592353821,0.0747220367193222,-0.0014772549038752913,0.014720162376761436,-0.9820112586021423,0.9999964833259583,-0.0002837151987478137,0.14531639218330383,0.9529803240740741,0.04701967592592592,0,0
L_shape_test_0006,test,L-shape,0.0,0.8865916132926941,0.0072077070362865925,0.04396776854991913,0.0,1.0,0.0009056419366970658,0.027651147916913033,0,-0.07389162480831146,0.07500000298023224,0.0019728054758161306,0.010292064398527145,-0.966776430606842,0.9999969601631165,0.0025425872299820185,0.13126984238624573,0.9616608796296297,0.03833912037037037,0,0
L_shape_test_0007,test,L-shape,0.0,0.8550984263420105,0.01077025942504406,0.05580994114279747,0.0,1.0,0.002440996002405882,0.04460407793521881,0,-0.023508906364440918,0.07360680401325226,0.0020595791283994913,0.009658602997660637,-0.998612105846405,0.9640410542488098,0.0005024421261623502,0.16076113283634186,0.9403211805555556,0.05967881944444445,0,0
L_shape_test_0008,test,L-shape,0.0,0.8598747849464417,0.010704525746405125,0.05375714600086212,0.0,1.0,0.0010150150628760457,0.029924703761935234,0,-0.07494446635246277,0.07499998807907104,-0.000991408247500658,0.013723463751375675,-0.9928953647613525,0.9999964833259583,-0.0003185374371241778,0.12903377413749695,0.9605758101851852,0.03942418981481482,0,0
L_shape_test_0009,test,L-shape,0.0,0.906795859336853,0.02904532663524151,0.10739327222108841,0.0,1.0,0.002716879127547145,0.04776795953512192,0,-0.07483351975679398,0.07500000298023224,-4.016765524283983e-05,0.01752360537648201,-0.9993054270744324,0.9999994039535522,0.005394404754042625,0.16960817575454712,0.9374276620370371,0.06257233796296297,0,0
L_shape_test_0010,test,L-shape,0.0,0.9384093284606934,0.0075425151735544205,0.046715643256902695,0.0,1.0,0.0009695987682789564,0.02948782593011856,0,-0.03456604480743408,0.04912307858467102,0.0005118695553392172,0.005447135306894779,-0.998612105846405,0.9766644239425659,0.0003616161411628127,0.14928190410137177,0.9497251157407407,0.05027488425925926,0,0
L_shape_test_0011,test,L-shape,0.0,0.8216805458068848,0.00549072353169322,0.03191286697983742,0.0,1.0,0.0005427857395261526,0.02142241597175598,0,-0.07450057566165924,0.07455511391162872,-0.001509662251919508,0.011438938789069653,-0.994807243347168,0.9973381757736206,0.0007232044008560479,0.12682950496673584,0.9649160879629629,0.035083912037037035,0,0
L_shape_test_0012,test,L-shape,0.0,0.9235537052154541,0.007718756329268217,0.042341072112321854,0.0,1.0,0.002427170053124428,0.04586440324783325,0,-0.06922253221273422,0.024928554892539978,-0.0015770487952977419,0.008197477087378502,-0.998612105846405,0.999998927116394,-0.001339406007900834,0.15872246026992798,0.9439380787037037,0.056061921296296294,0,0
L_shape_test_0013,test,L-shape,0.0,0.8383557796478271,0.008242292329668999,0.04316706582903862,0.0,1.0,0.002314342185854912,0.04327830672264099,0,-0.05513167381286621,0.04006578028202057,-0.0005987324984744191,0.006527302786707878,-0.998612105846405,0.9766644239425659,0.00019070354755967855,0.16977770626544952,0.9352575231481481,0.06474247685185185,0,0
L_shape_test_0014,test,L-shape,0.0,0.8144025802612305,0.007353249005973339,0.04339713975787163,0.0,1.0,0.0007491550059057772,0.024556024000048637,0,-0.07411286234855652,0.0747220367193222,-0.001683189650066197,0.010676789097487926,-0.9820112586021423,0.9969497919082642,-0.0002509471378289163,0.11765552312135696,0.9678096064814815,0.03219039351851852,0,0
L_shape_test_0015,test,L-shape,0.0,0.8619070053100586,0.018284190446138382,0.07346030324697495,0.0,1.0,0.002896742196753621,0.05081762745976448,0,-0.07411286234855652,0.0747220367193222,0.002056215424090624,0.014340998604893684,-0.998612105846405,0.9999969601631165,0.0011253481497988105,0.16552720963954926,0.9385127314814815,0.06148726851851852,0,0
L_shape_test_0016,test,L-shape,0.0,0.8152045607566833,0.010027007199823856,0.05038129538297653,0.0,1.0,0.0022229477763175964,0.042547136545181274,0,-0.061399780213832855,0.031176701188087463,-0.0010752544039860368,0.007178239058703184,-0.998612105846405,0.9766644239425659,0.0001746275374898687,0.15781591832637787,0.9435763888888888,0.05642361111111111,0,0
L_shape_test_0017,test,L-shape,0.0,0.9882605075836182,0.016190512105822563,0.07357274740934372,0.0,1.0,0.002749689156189561,0.04833841323852539,0,-0.07411286234855652,0.0747220367193222,0.0028384339530020952,0.014613484963774681,-0.9943734407424927,0.9999969601631165,0.0014260454336181283,0.16663461923599243,0.9370659722222222,0.06293402777777778,0,0
L_shape_test_0018,test,L-shape,0.0,0.8322943449020386,0.011281592771410942,0.056486133486032486,0.0,1.0,0.0029224830213934183,0.04889256879687309,0,-0.07483351975679398,0.07500000298023224,-0.0017982607241719961,0.013922142796218395,-0.9993054270744324,0.999998927116394,0.003963283263146877,0.1490044742822647,0.9482783564814815,0.05172164351851852,0,0
L_shape_test_0019,test,L-shape,0.0,0.8799826502799988,0.012905602343380451,0.07019569724798203,0.0,1.0,0.000546530238352716,0.021545665338635445,0,-0.07483351975679398,0.07500000298023224,-0.0013012351701036096,0.012570594437420368,-0.9993054270744324,0.999998927116394,0.001113596255891025,0.11593461781740189,0.970703125,0.029296875,0,0
double_line_test_0000,test,double-line,0.0,0.9473294615745544,0.0075990017503499985,0.046148836612701416,0.0,1.0,0.0026836516335606575,0.04872073605656624,0,-0.0732843279838562,0.07343901693820953,0.0017879680963233113,0.009224960580468178,-0.966776430606842,0.9999969601631165,0.0007060245843604207,0.11798620223999023,0.9681712962962963,0.031828703703703706,0,0
double_line_test_0001,test,double-line,0.0,0.8430103659629822,0.013134346343576908,0.05965857580304146,0.0,1.0,0.0026077895890921354,0.0465010404586792,0,-0.07367832213640213,0.07500000298023224,-0.0023284999188035727,0.01108216680586338,-0.9993054270744324,0.999998927116394,0.0016620928654447198,0.1625358760356903,0.9399594907407407,0.06004050925925926,0,0
double_line_test_0002,test,double-line,0.0,0.867563784122467,0.0017868264112621546,0.01735285297036171,0.0,1.0,0.0009238107595592737,0.027381762862205505,0,-0.07389162480831146,0.0747220367193222,-0.002283457899466157,0.010518795810639858,-0.9768810272216797,0.9999964833259583,-0.0007666178862564266,0.14996081590652466,0.9461082175925926,0.053891782407407406,0,0
double_line_test_0003,test,double-line,0.0,0.9454852342605591,0.016476217657327652,0.06755488365888596,0.0,1.0,0.003391553647816181,0.052206072956323624,0,-0.07494446635246277,0.07499998807907104,0.0028615938499569893,0.014669650234282017,-0.9943734407424927,0.9999969601631165,-0.0016645427094772458,0.18145966529846191,0.9215133101851852,0.07848668981481481,0,0
double_line_test_0004,test,double-line,0.0,0.9479849338531494,0.013139820657670498,0.05806976929306984,0.0,1.0,0.0031899374444037676,0.050627149641513824,0,-0.07384227216243744,0.07500000298023224,-0.002433358458802104,0.015176407061517239,-0.9993054270744324,0.999998927116394,0.004786997567862272,0.16665221750736237,0.9379340277777778,0.062065972222222224,0,0
double_line_test_0005,test,double-line,0.0,0.8818528652191162,0.0026811882853507996,0.01625167950987816,0.0,1.0,0.002944991225376725,0.05006509646773338,0,-0.07389162480831146,0.07500000298023224,-0.0028811353258788586,0.01493528950959444,-0.9991823434829712,0.9999964833259583,0.00019873195560649037,0.17545130848884583,0.9275173611111112,0.0724826388888889,0,0
double_line_test_0006,test,double-line,0.0,1.0,0.01661623641848564,0.07675664871931076,0.0,0.9817489981651306,0.0035047924611717463,0.05320117995142937,0,-0.07384227216243744,0.028044939041137695,-0.0019919516053050756,0.009250888600945473,-0.9993054270744324,0.999998927116394,0.0009476616396568716,0.1772291213274002,0.9312789351851852,0.06872106481481481,0,0
double_line_test_0007,test,double-line,0.0,0.9651214480400085,0.01803690195083618,0.0842672735452652,0.0,1.0,0.00079587590880692,0.02527344413101673,0,-0.07494446635246277,0.07499998807907104,0.00172706157900393,0.01324239932000637,-0.9820112586021423,0.9999969601631165,-0.0005458856467157602,0.13615016639232635,0.9558738425925926,0.044126157407407406,0,0
double_line_test_0008,test,double-line,0.0,0.9097318053245544,0.02261880412697792,0.0917959213256836,0.0,1.0,0.0016496670432388783,0.038125816732645035,0,-0.07438972592353821,0.0747220367193222,0.00103280832991004,0.013796410523355007,-0.9943734407424927,0.9640410542488098,-0.0006026081391610205,0.14450666308403015,0.9483506944444444,0.05164930555555555,0,0
double_line_test_0009,test,double-line,0.0,0.9895150661468506,0.013538729399442673,0.0685717910528183,0.0,1.0,0.002029796363785863,0.03989661857485771,0,-0.07483351975679398,0.07500000298023224,-0.0015599096659570932,0.013804652728140354,-0.9993054270744324,0.999998927116394,0.0029276814311742783,0.13583874702453613,0.9584056712962963,0.041594328703703706,0,0
double_line_test_0010,test,double-line,0.0,0.9013336896896362,0.014350330457091331,0.07302045077085495,0.0,1.0,0.002709043910726905,0.0481155626475811,0,-0.05986122041940689,0.032002732157707214,-0.0010623695561662316,0.0069396947510540485,-0.998612105846405,0.999998927116394,0.0034975220914930105,0.1691688895225525,0.9370659722222222,0.06293402777777778,0,0
double_line_test_0011,test,double-line,0.0,0.8776264190673828,0.007582397200167179,0.03532559424638748,0.0,1.0,0.0020094653591513634,0.039841752499341965,0,-0.07494446635246277,0.07499998807907104,-0.0020263376645743847,0.014775129966437817,-0.994807243347168,0.9999964833259583,0.0032146116718649864,0.16014012694358826,0.94140625,0.05859375,0,0
double_line_test_0012,test,double-line,0.0,0.9150236248970032,0.009178509004414082,0.06104227527976036,0.0,1.0,0.0011470499448478222,0.029324404895305634,0,-0.04500000923871994,0.0,-0.0010508692357689142,0.005644242279231548,-0.9913396239280701,0.9766571521759033,0.0005411810125224292,0.11189333349466324,0.9728732638888888,0.027126736111111112,0,0
double_line_test_0013,test,double-line,0.0,0.8775239586830139,0.018605753779411316,0.08022110164165497,0.0,1.0,0.003786674700677395,0.056026093661785126,0,-0.02000001072883606,0.06840328872203827,0.0028778472915291786,0.011481977067887783,-0.9943734407424927,0.9999969601631165,-0.0025792033411562443,0.20652563869953156,0.9045138888888888,0.0954861111111111,0,0
double_line_test_0014,test,double-line,0.0,0.947579026222229,0.020909888669848442,0.08059974759817123,0.0,1.0,0.00312213902361691,0.05132151395082474,0,-0.07411286234855652,0.07500000298023224,-0.0007830139365978539,0.0172274149954319,-0.9820112586021423,0.9999964833259583,0.0026608076877892017,0.1623651534318924,0.9427083333333334,0.057291666666666664,0,0
small_rect_edge_test_0000,test,small_rect_edge,0.0,0.9390729069709778,0.00468389643356204,0.036656253039836884,0.0,1.0,0.00108729163184762,0.03201151639223099,0,-0.0656391829252243,0.0,-0.001099444110877812,0.006703139748424292,-0.9991823434829712,0.9999964833259583,-0.0008252624538727105,0.09892142564058304,0.9779369212962963,0.022063078703703703,0,0
small_rect_edge_test_0001,test,small_rect_edge,0.0,0.886954128742218,0.012425915338099003,0.06681088358163834,0.0,1.0,0.0009660777286626399,0.0288335382938385,0,-0.07372584939002991,0.07410933077335358,0.0014526238664984703,0.012063587084412575,-0.9367321133613586,0.9999969601631165,0.0012509478256106377,0.11545398086309433,0.9688946759259259,0.031105324074074073,0,0
small_rect_edge_test_0002,test,small_rect_edge,0.0,0.9805373549461365,0.007089352235198021,0.038269881159067154,0.0,1.0,0.0018122345209121704,0.04106630012392998,0,-0.07494446635246277,0.07499998807907104,-0.0027829380705952644,0.013221459463238716,-0.994807243347168,0.9999964833259583,-0.0004929170827381313,0.1632877141237259,0.9406828703703703,0.05931712962962963,0,0
small_rect_edge_test_0003,test,small_rect_edge,0.0,0.8694117665290833,0.019228152930736542,0.09065008163452148,0.0,1.0,0.001035397406667471,0.02980431728065014,0,-0.07494446635246277,0.07499998807907104,0.00055090052774176,0.01449069194495678,-0.971254289150238,0.9999969601631165,0.006741807330399752,0.13985244929790497,0.9544270833333334,0.045572916666666664,0,0
small_rect_edge_test_0004,test,small_rect_edge,0.0,0.9564783573150635,0.018655499443411827,0.08717918395996094,0.0,1.0,0.0013801063178107142,0.034841086715459824,0,-0.07411286234855652,0.07500000298023224,0.0007859843317419291,0.014798511750996113,-0.9788332581520081,0.9999969601631165,0.002033057389780879,0.14151862263679504,0.9562355324074074,0.043764467592592594,0,0
small_rect_edge_test_0005,test,small_rect_edge,0.0,1.0,0.008668416179716587,0.04839891195297241,0.0,0.9793220162391663,0.001154680154286325,0.03292855992913246,0,-0.07389162480831146,0.07500000298023224,-0.0018952665850520134,0.01314963586628437,-0.9986152648925781,0.9999964833259583,0.0005733539001084864,0.13819055259227753,0.9555121527777778,0.044487847222222224,0,0
small_rect_edge_test_0006,test,small_rect_edge,0.0,0.8039367198944092,0.011951975524425507,0.056718360632658005,0.0,1.0,0.0011626005871221423,0.03172853961586952,0,-0.07494446635246277,0.07499998807907104,-0.0010390951065346599,0.014363588765263557,-0.9928953647613525,0.9999964833259583,-0.0012764839921146631,0.12965275347232819,0.9584056712962963,0.041594328703703706,0,0
small_rect_edge_test_0007,test,small_rect_edge,0.0,0.9507555961608887,0.0028627384454011917,0.02408214658498764,0.0,1.0,0.0013638740638270974,0.035138972103595734,0,-0.07389162480831146,0.07500000298023224,-0.0024656918831169605,0.012951723299920559,-0.9991823434829712,0.9999964833259583,4.118646393180825e-05,0.16144828498363495,0.9395978009259259,0.06040219907407408,0,0
small_rect_edge_test_0008,test,small_rect_edge,0.0,0.960748553276062,0.01767158880829811,0.0788724273443222,0.0,1.0,0.0014770671259611845,0.03789321705698967,0,-0.07411286234855652,0.07500000298023224,-0.0010066393297165632,0.014584164135158062,-0.9820112586021423,0.9999969601631165,0.0006323017878457904,0.14196506142616272,0.9569589120370371,0.043041087962962965,0,0
small_rect_edge_test_0009,test,small_rect_edge,0.0,0.9578626751899719,0.008771480992436409,0.045733146369457245,0.0,1.0,0.0009322334663011134,0.02850869484245777,0,-0.07438972592353821,0.0747220367193222,-0.0017354604788124561,0.013347908854484558,-0.9928953647613525,0.9999964833259583,0.0024695114698261023,0.14259907603263855,0.9537037037037037,0.046296296296296294,0,0
point_cluster_test_0000,test,point_cluster,0.0,1.0,0.013543855398893356,0.0734424889087677,0.0,0.898123025894165,0.0005393613246269524,0.020289259031414986,0,-0.07483351975679398,0.07500000298023224,-0.002488367259502411,0.011573470197618008,-0.9745883345603943,0.999998927116394,0.0007504046661779284,0.12223923951387405,0.9655671296296297,0.03443287037037037,0,0
point_cluster_test_0001,test,point_cluster,0.0,0.8365715146064758,0.009827750734984875,0.05077481269836426,0.0,1.0,0.0008748173713684082,0.026073375716805458,0,-0.004655584692955017,0.0588659793138504,0.0020020385272800922,0.008143393322825432,-0.9367321133613586,0.9517656564712524,-0.000648085493594408,0.15770438313484192,0.9457465277777778,0.054253472222222224,0,0
point_cluster_test_0002,test,point_cluster,0.0,0.877930760383606,0.010004758834838867,0.057390157133340836,0.0,1.0,0.00033802964026108384,0.01658165454864502,0,-0.07411287724971771,0.0,-0.002109025837853551,0.010527140460908413,-0.9928953647613525,0.9973381757736206,4.4978325604461133e-05,0.11703755706548691,0.9706307870370371,0.02936921296296296,0,0
point_cluster_test_0003,test,point_cluster,0.0,0.8373827338218689,0.010868468321859837,0.07019364088773727,0.0,1.0,0.00030377955408766866,0.016096007078886032,0,-0.07483351975679398,0.07500000298023224,2.980121826112736e-05,0.011009423062205315,-0.9070494771003723,0.9710617065429688,0.0025685098953545094,0.08193112164735794,0.9807581018518519,0.019241898148148147,0,0
point_cluster_test_0004,test,point_cluster,0.0,0.8266198039054871,0.010205388069152832,0.054603200405836105,0.0,1.0,0.0009006864856928587,0.026843320578336716,0,-0.015463769435882568,0.04811611771583557,0.001225375453941524,0.005845499224960804,-0.9367321133613586,0.9517656564712524,0.0008833120227791369,0.15323930978775024,0.9450231481481481,0.05497685185185185,0,0
point_cluster_test_0005,test,point_cluster,0.0,0.8446594476699829,0.011003545485436916,0.05356361344456673,0.0,1.0,0.0008770045242272317,0.027006827294826508,0,-0.07411286234855652,0.0747220367193222,-0.0010565560078248382,0.0144572788849473,-0.9820112586021423,0.9969497919082642,-0.0022193824406713247,0.13601531088352203,0.9571759259259259,0.04282407407407408,0,0
point_cluster_test_0006,test,point_cluster,0.0,1.0,0.011885960586369038,0.07242394238710403,0.0,0.9265900254249573,0.00033414975041523576,0.016345486044883728,0,-0.07384227216243744,0.07500000298023224,0.0015629726694896817,0.010526096448302269,-0.9993054270744324,0.9999994039535522,0.002821584464982152,0.10717391222715378,0.9748263888888888,0.025173611111111112,0,0
point_cluster_test_0007,test,point_cluster,0.0,1.0,0.01304274145513773,0.07524290680885315,0.0,0.9261990189552307,0.0002905259025283158,0.015353977680206299,0,-0.07438972592353821,0.0747220367193222,0.0016563840908929706,0.011691886931657791,-0.949177622795105,0.9628074765205383,-0.00021602613560389727,0.10916399955749512,0.9722222222222222,0.027777777777777776,0,0
point_cluster_test_0008,test,point_cluster,0.0,0.9446474313735962,0.012215281836688519,0.07395430654287338,0.0,1.0,0.0004030185518786311,0.018297536298632622,0,-0.07494446635246277,0.07499998807907104,-0.0008697655866853893,0.01236420962959528,-0.9251137971878052,0.9973381757736206,0.008038651198148727,0.09061989933252335,0.9782262731481481,0.021773726851851853,0,0
point_cluster_test_0009,test,point_cluster,0.0,1.0,0.007293475791811943,0.05031173303723335,0.0,0.8790450096130371,0.0002579129650257528,0.013802713714540005,0,-0.07384227216243744,0.07433034479618073,-0.0014487780863419175,0.010591804049909115,-0.9993054270744324,0.999998927116394,-0.0020860189106315374,0.1013045683503151,0.9762008101851852,0.023799189814814815,0,0
point_cluster_test_0010,test,point_cluster,0.0,0.8213997483253479,0.01034771278500557,0.055296216160058975,0.0,1.0,0.0009465796174481511,0.027265021577477455,0,-0.02000001072883606,0.029513224959373474,0.00032523219124414027,0.004216138739138842,-0.9607370495796204,0.9766571521759033,-0.002013576216995716,0.16564235091209412,0.9386574074074074,0.061342592592592594,0,0
point_cluster_test_0011,test,point_cluster,0.0,0.9343733787536621,0.016857735812664032,0.09077811241149902,0.0,1.0,0.00036944932071492076,0.017970319837331772,0,-0.07494446635246277,0.07499998807907104,0.0002282392088091001,0.012921004556119442,-0.971254289150238,0.9999969601631165,-0.0013467647368088365,0.09092876315116882,0.9741753472222222,0.025824652777777776,0,0
point_cluster_test_0012,test,point_cluster,0.0,0.9231888651847839,0.008425644598901272,0.05734287202358246,0.0,1.0,0.0005185529007576406,0.020755214616656303,0,-0.022524520754814148,0.03768323361873627,0.00037202046951279044,0.0033900090493261814,-0.93541419506073,0.9517656564712524,0.0009905094048008323,0.1228206530213356,0.9645543981481481,0.03544560185185185,0,0
point_cluster_test_0013,test,point_cluster,0.0,0.8657161593437195,0.017728211358189583,0.07031416147947311,0.0,1.0,0.0007164868875406682,0.024086689576506615,0,-0.0029455870389938354,0.0747220367193222,0.0031646450515836477,0.011699278838932514,-0.966776430606842,0.9999969601631165,0.006083970423787832,0.16660450398921967,0.9298321759259259,0.07016782407407407,0,0
point_cluster_test_0014,test,point_cluster,0.0,0.8382524847984314,0.007169282995164394,0.04973616078495979,0.0,1.0,0.0004024779482278973,0.019356127828359604,0,-0.07361538708209991,0.0747220367193222,-0.001327650505118072,0.00970078632235527,-0.9820112586021423,0.997345507144928,-0.0010548604186624289,0.09725937992334366,0.9797453703703703,0.02025462962962963,0,0
point_cluster_test_0015,test,point_cluster,0.0,0.8398562073707581,0.006683770567178726,0.04788806289434433,0.0,1.0,0.00042188490624539554,0.019059188663959503,0,-0.03456604480743408,0.015604943037033081,-0.00038248614873737097,0.0030455549713224173,-0.998612105846405,0.9766644239425659,0.0002716520393732935,0.12156516313552856,0.9731626157407407,0.02683738425925926,0,0
point_cluster_test_0016,test,point_cluster,0.0,1.0,0.015991410240530968,0.07046088576316833,0.0,0.9386590123176575,0.0007702262373641133,0.023897230625152588,0,-0.07483351975679398,0.07500000298023224,-0.0020621062722057104,0.01573079824447632,-0.9993054270744324,0.999998927116394,-0.0029670074582099915,0.1510263830423355,0.9473379629629629,0.052662037037037035,0,0
point_cluster_test_0017,test,point_cluster,0.0,1.0,0.007271481212228537,0.04559311270713806,0.0,0.7786350250244141,0.00022831227397546172,0.012131699360907078,0,-0.07389162480831146,0.0,-0.0018379902467131615,0.009476960636675358,-0.9768810272216797,0.9999964833259583,1.0679579645511694e-05,0.11186356842517853,0.9700520833333334,0.029947916666666668,0,0
point_cluster_test_0018,test,point_cluster,0.0,1.0,0.01334406342357397,0.08113957941532135,0.0,0.9440919756889343,0.00028923829086124897,0.015422533266246319,0,-0.07384227216243744,0.07500000298023224,-0.0011849793372675776,0.01178727112710476,-0.9993054270744324,0.999998927116394,0.0007717676926404238,0.10570813715457916,0.9756944444444444,0.024305555555555556,0,0
point_cluster_test_0019,test,point_cluster,0.0,0.9309418201446533,0.010388404130935669,0.06775528937578201,0.0,1.0,0.0003667858836706728,0.017997656017541885,0,-0.07384227216243744,0.07433034479618073,0.0017389296554028988,0.010365383699536324,-0.9070494771003723,0.9999994039535522,0.0028878769371658564,0.09956043213605881,0.9782262731481481,0.021773726851851853,0,0
