variant,seed,sample_id,family,NMSE,PSNR,SSIM,MAE,runtime_per_sample
S01_ref3,0,line_test_0000,line,2.3802509444870017,27.07478623842836,0.3825261612118287,0.004847067408263683,0.0
S01_ref3,0,line_test_0001,line,2.8095012944802833,21.423931945356394,0.13889635238782713,0.018482092767953873,0.0
S01_ref3,0,line_test_0002,line,4.807651813460952,23.382970345778627,0.13800560093434078,0.013160272501409054,0.0
S01_ref3,0,line_test_0003,line,20.815884979731333,20.72716650864688,0.03983880943284683,0.017313355579972267,0.0
S01_ref3,0,line_test_0004,line,4.649641262704731,29.964212165871572,0.4553805125801917,0.0038088178262114525,0.0
S01_ref3,0,line_test_0005,line,6.786229838878678,24.1007251453845,0.15493485578576247,0.010280394926667213,0.0
S01_ref3,0,line_test_0006,line,10.60137618062908,21.345418914537504,0.08446241488050694,0.01284397765994072,0.0
S01_ref3,0,line_test_0007,line,4.426647906072224,23.32815268619378,0.16619566648424866,0.010784328915178776,0.0
S01_ref3,0,line_test_0008,line,1.8135518536743036,23.235446376161633,0.23123112055233644,0.014363869093358517,0.0
S01_ref3,0,line_test_0009,line,3.072263364576465,25.33223538731692,0.23050864512863198,0.008944889530539513,0.0
S01_ref3,0,line_test_0010,line,4.9294071940408974,25.491728215192296,0.23530805952593553,0.007784923072904348,0.0
S01_ref3,0,line_test_0011,line,1.3147859913230748,26.558338904591263,0.3291600565470073,0.006723260506987572,0.0
S01_ref3,0,line_test_0012,line,3.5992917109430396,24.119749132379656,0.18949062841425662,0.010440508835017681,0.0
S01_ref3,0,line_test_0013,line,3.117376110988589,22.07584341427855,0.19016827927944632,0.01393706165254116,0.0
S01_ref3,0,line_test_0014,line,3.1051062043979045,29.90919653102088,0.4446150998744279,0.004324931651353836,0.0
S01_ref3,0,line_test_0015,line,11.342034748113198,24.8421861212335,0.16921340935711962,0.008140262216329575,0.0
S01_ref3,0,line_test_0016,line,3.4204998338397994,22.862114676284474,0.1443160330839841,0.014005864039063454,0.0
S01_ref3,0,line_test_0017,line,1.7248491085084598,29.72749163043329,0.4591276436787117,0.004199373535811901,0.0
S01_ref3,0,line_test_0018,line,3.847254494079633,23.517094010274405,0.16841588996073928,0.011343679390847683,0.0
S01_ref3,0,line_test_0019,line,5.588556219707127,21.82809236699163,0.11150610035696375,0.013699670322239399,0.0
S01_ref3,0,cross_test_0000,cross,10.753727009748326,21.864774348822444,0.06885125524766704,0.016591349616646767,0.0
S01_ref3,0,cross_test_0001,cross,2.15543072326895,23.165333476123813,0.2303705837373378,0.014476739801466465,0.0
S01_ref3,0,cross_test_0002,cross,2.701914913956144,26.048271501408237,0.26968484183952673,0.007455948740243912,0.0
S01_ref3,0,cross_test_0003,cross,2.373120475336822,23.879702903179798,0.24715704033249272,0.01165051106363535,0.0
S01_ref3,0,cross_test_0004,cross,2.891044503253579,23.25514144506613,0.2198308381926557,0.012470589950680733,0.0
S01_ref3,0,cross_test_0005,cross,10.671320116224576,20.88253055030414,0.043164886577722134,0.021378768607974052,0.0
S01_ref3,0,cross_test_0006,cross,2.25428169229143,25.19016074646297,0.3660811784891298,0.00659990357235074,0.0
S01_ref3,0,cross_test_0007,cross,6.200106690590632,26.007332704804927,0.27205166423574995,0.006666935048997402,0.0
S01_ref3,0,cross_test_0008,cross,3.7173170649120486,22.263738013022415,0.1142077031346542,0.016891146078705788,0.0
S01_ref3,0,cross_test_0009,cross,6.4984573299944435,24.75149696445634,0.1838999514997055,0.008267752826213837,0.0
S01_ref3,0,cross_test_0010,cross,11.41240889185101,21.47374336267915,0.05837932900363861,0.016331734135746956,0.0
S01_ref3,0,cross_test_0011,cross,3.645834490222038,21.69618971048582,0.10496867248424277,0.018717769533395767,0.0
S01_ref3,0,cross_test_0012,cross,3.8658607119766355,25.79414091708026,0.2786096213203514,0.007573322393000126,0.0
S01_ref3,0,cross_test_0013,cross,8.182413694702488,22.533426337619055,0.06693676175344941,0.017392681911587715,0.0
S01_ref3,0,cross_test_0014,cross,2.19688149928185,24.28545770831958,0.229496313676244,0.010209028609097004,0.0
S01_ref3,0,L_shape_test_0000,L-shape,3.0429111770592057,21.339281504715245,0.09227929327432895,0.0199446938931942,0.0
S01_ref3,0,L_shape_test_0001,L-shape,2.5611217491567078,23.57915155505416,0.22686428053173077,0.011385496705770493,0.0
S01_ref3,0,L_shape_test_0002,L-shape,5.243198565646372,20.084957506129122,0.06497218249078694,0.023905368521809578,0.0
S01_ref3,0,L_shape_test_0003,L-shape,2.864450051882877,22.91788644436342,0.14939910995875008,0.014397700317203999,0.0
S01_ref3,0,L_shape_test_0004,L-shape,2.4443019889460547,21.898836214355015,0.1180024371881098,0.019108491018414497,0.0
S01_ref3,0,L_shape_test_0005,L-shape,2.6114448965110353,22.970910897310183,0.14126028470119179,0.014901294372975826,0.0
S01_ref3,0,L_shape_test_0006,L-shape,3.0155357082981524,26.36743583509655,0.273437965604994,0.007584443781524897,0.0
S01_ref3,0,L_shape_test_0007,L-shape,2.0580469676245943,23.864968329970143,0.22518585411396555,0.011804604902863503,0.0
S01_ref3,0,L_shape_test_0008,L-shape,3.9257124046223932,24.535223746564444,0.1517940992573826,0.011288892477750778,0.0
S01_ref3,0,L_shape_test_0009,L-shape,5.426535435410413,19.05801342341531,0.055014476954555934,0.02903236262500286,0.0
S01_ref3,0,L_shape_test_0010,L-shape,2.991112256922217,25.844124880245033,0.2557087740372253,0.00795796886086464,0.0
S01_ref3,0,L_shape_test_0011,L-shape,2.9436238075839745,28.691020540287305,0.3587993153961883,0.005845237988978624,0.0
S01_ref3,0,L_shape_test_0012,L-shape,1.4944414723816883,25.0135498933495,0.2895905895943398,0.009194079786539078,0.0
S01_ref3,0,L_shape_test_0013,L-shape,1.6815826113718695,25.005011336679388,0.2601414049761634,0.009763726033270359,0.0
S01_ref3,0,L_shape_test_0014,L-shape,3.748547361567417,26.454167979392377,0.24751686536190284,0.007755553349852562,0.0
S01_ref3,0,L_shape_test_0015,L-shape,2.5847282716709543,21.741474533725725,0.1267341368016889,0.019355561584234238,0.0
S01_ref3,0,L_shape_test_0016,L-shape,1.9683844789345752,24.469654597883007,0.2327814117408584,0.01114949956536293,0.0
S01_ref3,0,L_shape_test_0017,L-shape,2.7173505052346063,21.958664994118116,0.1454454158288662,0.016943052411079407,0.0
S01_ref3,0,L_shape_test_0018,L-shape,2.0331411919772306,23.11797808350686,0.18169766669027637,0.013153130188584328,0.0
S01_ref3,0,L_shape_test_0019,L-shape,11.131529136575391,22.864459928916983,0.0865607709487707,0.012968703173100948,0.0
S01_ref3,0,double_line_test_0000,double-line,1.4189561916965179,24.712876898541637,0.32368730959949105,0.00894961878657341,0.0
S01_ref3,0,double_line_test_0001,double-line,2.2537478413249934,23.108057155720658,0.16796838724166624,0.014489470981061459,0.0
S01_ref3,0,double_line_test_0002,double-line,1.347697752556682,29.949906212283317,0.47839494157162543,0.002656852826476097,0.0
S01_ref3,0,double_line_test_0003,double-line,2.032300334940617,22.547409483099422,0.18892443253079708,0.017394784837961197,0.0
S01_ref3,0,double_line_test_0004,double-line,1.8021684738711559,23.337169241489132,0.2183967914429537,0.01453909371048212,0.0
S01_ref3,0,double_line_test_0005,double-line,1.0515953789530075,25.77581109340973,0.27927709485082103,0.005461409222334623,0.0
S01_ref3,0,double_line_test_0006,double-line,2.4569996535427463,21.398725187332026,0.16274390659856275,0.01755886897444725,0.0
S01_ref3,0,double_line_test_0007,double-line,11.619962046353578,21.290359695995093,0.052719236633647824,0.01798316091299057,0.0
S01_ref3,0,double_line_test_0008,double-line,6.393358612580016,20.31020316479955,0.050341055234826786,0.023033034056425095,0.0
S01_ref3,0,double_line_test_0009,double-line,3.1704852829823147,22.958794699562993,0.16987633294568028,0.013805760070681572,0.0
S01_ref3,0,double_line_test_0010,double-line,2.6369076156483358,22.12959430612617,0.1698501690578966,0.015006392262876034,0.0
S01_ref3,0,double_line_test_0011,double-line,1.4646527779402727,26.32485132930425,0.31041127943150254,0.00885059218853712,0.0
S01_ref3,0,double_line_test_0012,double-line,4.420801937316856,24.193764470762286,0.20729718341099165,0.0091761015355587,0.0
S01_ref3,0,double_line_test_0013,double-line,2.3514124392668077,21.29911080047188,0.16378248031260403,0.01952323131263256,0.0
S01_ref3,0,double_line_test_0014,double-line,2.9171887998746624,21.12832268280541,0.11072322031668859,0.02182207815349102,0.0
S01_ref3,0,small_rect_edge_test_0000,small_rect_edge,1.856671688444159,27.201516902172813,0.37691903834900436,0.005248184781521559,0.0
S01_ref3,0,small_rect_edge_test_0001,small_rect_edge,5.7986830179431585,23.163875436528567,0.11760286424456741,0.012604792602360249,0.0
S01_ref3,0,small_rect_edge_test_0002,small_rect_edge,1.6127609362147655,25.646138968452775,0.27356527273553055,0.008388127200305462,0.0
S01_ref3,0,small_rect_edge_test_0003,small_rect_edge,9.547541992756518,20.71026289060194,0.05477431927618206,0.019123908132314682,0.0
S01_ref3,0,small_rect_edge_test_0004,small_rect_edge,6.6098219594095715,20.94945943833032,0.0685004309697104,0.01872633583843708,0.0
S01_ref3,0,small_rect_edge_test_0005,small_rect_edge,2.9980905746778514,24.69327025592589,0.17736509973458756,0.00955373514443636,0.0
S01_ref3,0,small_rect_edge_test_0006,small_rect_edge,3.6680777450172832,24.32078624508793,0.15753848932898692,0.01232131291180849,0.0
S01_ref3,0,small_rect_edge_test_0007,small_rect_edge,1.3565659458700565,27.753272021894357,0.3750632077676366,0.004069554153829813,0.0
S01_ref3,0,small_rect_edge_test_0008,small_rect_edge,4.878457563904861,21.539351598518117,0.07739700115420987,0.018167076632380486,0.0
S01_ref3,0,small_rect_edge_test_0009,small_rect_edge,3.255285294039051,25.76992229834135,0.209368462672205,0.00932644959539175,0.0
S01_ref3,0,point_cluster_test_0000,point_cluster,13.364726545708512,21.658723684496497,0.08247248450220265,0.01346984039992094,0.0
S01_ref3,0,point_cluster_test_0001,point_cluster,3.9558694141407313,25.698748756379928,0.22076768391511112,0.009851604700088501,0.0
S01_ref3,0,point_cluster_test_0002,point_cluster,12.368916055710809,24.68232246130341,0.13840100875980121,0.01001445110887289,0.0
S01_ref3,0,point_cluster_test_0003,point_cluster,18.9885798124762,23.079165960302905,0.10246053228788736,0.01072299387305975,0.0
S01_ref3,0,point_cluster_test_0004,point_cluster,4.35650517309383,25.027007013016235,0.19403024276224157,0.010260539129376411,0.0
S01_ref3,0,point_cluster_test_0005,point_cluster,4.571261306511319,24.76559073774483,0.15102242666042043,0.011394094675779343,0.0
S01_ref3,0,point_cluster_test_0006,point_cluster,20.145060345877898,22.02629511088358,0.0809879593410838,0.011867261491715908,0.0
S01_ref3,0,point_cluster_test_0007,point_cluster,24.531646415725273,21.710846067372906,0.06880111609285798,0.012977169826626778,0.0
S01_ref3,0,point_cluster_test_0008,point_cluster,16.457929954995468,22.586289316674133,0.08743811776850305,0.0120964664965868,0.0
S01_ref3,0,point_cluster_test_0009,point_cluster,13.941082898513537,24.63645022794963,0.18961836630456239,0.007390833459794521,0.0
S01_ref3,0,point_cluster_test_0010,point_cluster,4.550754424658355,24.701817352694523,0.1715421267870638,0.010643248446285725,0.0
S01_ref3,0,point_cluster_test_0011,point_cluster,26.124335208885793,20.736596137980314,0.040056444696771526,0.016767136752605438,0.0
S01_ref3,0,point_cluster_test_0012,point_cluster,8.104192872300578,24.567648761043323,0.1633324286417862,0.008592503145337105,0.0
S01_ref3,0,point_cluster_test_0013,point_cluster,9.40680057842769,22.626197096828502,0.0588850085506696,0.017972636967897415,0.0
S01_ref3,0,point_cluster_test_0014,point_cluster,6.964103870402129,25.833101628329782,0.2204103895467587,0.0072594559751451015,0.0
S01_ref3,0,point_cluster_test_0015,point_cluster,6.869029789407138,26.026830862394853,0.22542482987555842,0.006856473162770271,0.0
S01_ref3,0,point_cluster_test_0016,point_cluster,9.044329245940753,22.31493343524932,0.08136752199193524,0.01594388671219349,0.0
S01_ref3,0,point_cluster_test_0017,point_cluster,14.309402495942228,24.590493656888967,0.23099226033744255,0.007245099171996117,0.0
S01_ref3,0,point_cluster_test_0018,point_cluster,28.063406684234053,21.25424015705494,0.060916420684482143,0.013240963220596313,0.0
S01_ref3,0,point_cluster_test_0019,point_cluster,14.510070626051228,23.277181112413906,0.10792015601908729,0.010377067141234875,0.0
S02_plain_residual_unet,0,line_test_0000,line,1.365879467004493,29.48688973620083,0.49629645809402145,0.002545042196288705,0.018526485000620596
S02_plain_residual_unet,0,line_test_0001,line,1.3280877010445937,24.677956850902223,0.3347472132046017,0.007740357890725136,0.0009820109989959747
S02_plain_residual_unet,0,line_test_0002,line,1.6510385139859685,28.024728178133135,0.43016958912750264,0.004759584087878466,0.0008971230017777998
S02_plain_residual_unet,0,line_test_0003,line,7.443669857475446,25.193244326427454,0.16717333653796781,0.009079944342374802,0.0009090380008274224
S02_plain_residual_unet,0,line_test_0004,line,1.6993118889727241,34.33567570156919,0.7175259295518394,0.001049910206347704,0.0008734639995964244
S02_plain_residual_unet,0,line_test_0005,line,2.0777388493249624,29.24110105274974,0.46026750379068415,0.004300204571336508,0.000981805998890195
S02_plain_residual_unet,0,line_test_0006,line,4.54727924184403,25.021525196835825,0.2072503030699531,0.00823476817458868,0.0009427100012544543
S02_plain_residual_unet,0,line_test_0007,line,2.0039604182038575,26.770011026408266,0.3706801578568781,0.00487920455634594,0.0008682089974172413
S02_plain_residual_unet,0,line_test_0008,line,0.9544403178124763,26.023258180168966,0.41631411776975763,0.005515367724001408,0.000882247000845382
S02_plain_residual_unet,0,line_test_0009,line,1.3291345268650736,28.971130294271404,0.4554010922919478,0.003266537096351385,0.0008795510002528317
S02_plain_residual_unet,0,line_test_0010,line,1.7117265126399732,30.08533162204508,0.5185440601587135,0.003122018650174141,0.000945200001297053
S02_plain_residual_unet,0,line_test_0011,line,1.0689458407746668,27.457332359485545,0.33701110365492043,0.00259895296767354,0.0008784340025158599
S02_plain_residual_unet,0,line_test_0012,line,1.4304614047475537,28.12715795686611,0.42971586792705196,0.004137355834245682,0.0008803839991742279
S02_plain_residual_unet,0,line_test_0013,line,1.2624158834303605,26.00171096273441,0.45501668059713785,0.006528789177536964,0.0008757389987295028
S02_plain_residual_unet,0,line_test_0014,line,1.3016877891606944,33.68489258544051,0.6803570593567481,0.0009557127486914396,0.0009377049973409157
S02_plain_residual_unet,0,line_test_0015,line,3.8471067623844877,29.53775346756961,0.4484761087364684,0.003423212328925729,0.000933988001634134
S02_plain_residual_unet,0,line_test_0016,line,1.5101491718497264,26.412812029861946,0.33340036841648935,0.006081202067434788,0.0009156710002571344
S02_plain_residual_unet,0,line_test_0017,line,1.1739627355457047,31.39845966365462,0.5569712466903464,0.001140758628025651,0.0008699559984961525
S02_plain_residual_unet,0,line_test_0018,line,1.6714133140918048,27.137764783050017,0.358129037978842,0.005006034392863512,0.0008696190016053151
S02_plain_residual_unet,0,line_test_0019,line,2.4258517979898673,25.452446238165216,0.2830009703413586,0.006940047722309828,0.0008714909999980591
S02_plain_residual_unet,0,cross_test_0000,cross,3.135383430413447,27.21745797894245,0.3174447328297776,0.006896673701703548,0.0008755039998504799
S02_plain_residual_unet,0,cross_test_0001,cross,0.9318512531660398,26.807208303941422,0.5013473928576457,0.005991089623421431,0.0008735599985811859
S02_plain_residual_unet,0,cross_test_0002,cross,1.3980139976710968,28.90987307942074,0.4490465466992755,0.0027839699760079384,0.0009457380001549609
S02_plain_residual_unet,0,cross_test_0003,cross,1.126096571051933,27.117144575730592,0.47704743595995874,0.0050242189317941666,0.0008680149985593744
S02_plain_residual_unet,0,cross_test_0004,cross,1.1913891772237808,27.10515280751752,0.48517270768775617,0.005854433868080378,0.0009375429981446359
S02_plain_residual_unet,0,cross_test_0005,cross,3.156517464913681,26.172629877662818,0.2340384274887214,0.008751999586820602,0.000865930000145454
S02_plain_residual_unet,0,cross_test_0006,cross,1.3084219057490076,27.552764423702833,0.49679577995935637,0.0035097661893814802,0.0008743010002945084
S02_plain_residual_unet,0,cross_test_0007,cross,2.150075199383522,30.606787899121638,0.5698226623962,0.0027270440477877855,0.0009098180016735569
S02_plain_residual_unet,0,cross_test_0008,cross,1.4285909992059551,26.416954984230088,0.3345607121082933,0.006747137289494276,0.0008803950004221406
S02_plain_residual_unet,0,cross_test_0009,cross,2.5325359781166914,28.84404351725329,0.41999380349425747,0.0037139595951884985,0.0008898660016711801
S02_plain_residual_unet,0,cross_test_0010,cross,3.67126684720694,26.399357225503095,0.23178179077083272,0.008085916750133038,0.0012014950007142033
S02_plain_residual_unet,0,cross_test_0011,cross,1.5187836004194166,25.49920018683412,0.2891805675140451,0.007904555648565292,0.0008874960003595334
S02_plain_residual_unet,0,cross_test_0012,cross,1.5186140417243572,29.85212881932856,0.5483274372798282,0.0031859350856393576,0.0008883189984771889
S02_plain_residual_unet,0,cross_test_0013,cross,2.0526845259775306,28.53901846482179,0.3734939369774629,0.005614632274955511,0.0008768940024310723
S02_plain_residual_unet,0,cross_test_0014,cross,1.1975748373334263,26.920497512567096,0.3581712323329749,0.004280317574739456,0.0008852219980326481
S02_plain_residual_unet,0,L_shape_test_0000,L-shape,1.414554376544999,24.665977537116966,0.2351108924528019,0.008097340352833271,0.0008600759974797256
S02_plain_residual_unet,0,L_shape_test_0001,L-shape,1.262524499551688,26.651055534061573,0.42431331157118096,0.00502085592597723,0.0008834760010358877
S02_plain_residual_unet,0,L_shape_test_0002,L-shape,1.9329018981103134,24.418822657754045,0.22126523763323538,0.011256097815930843,0.0008822669988148846
S02_plain_residual_unet,0,L_shape_test_0003,L-shape,1.3649478345717379,26.13713842104049,0.3210426638873304,0.005850390065461397,0.0008727599997655489
S02_plain_residual_unet,0,L_shape_test_0004,L-shape,1.2991632306065908,24.64374761611177,0.22927919181847917,0.007154420949518681,0.0009318720003648195
S02_plain_residual_unet,0,L_shape_test_0005,L-shape,1.257260731045442,26.14546616065185,0.30501658857044367,0.005523324012756348,0.0008779170020716265
S02_plain_residual_unet,0,L_shape_test_0006,L-shape,1.3692865478690104,29.796137018470354,0.48529684185331334,0.0025273996870964766,0.0008708530003787018
S02_plain_residual_unet,0,L_shape_test_0007,L-shape,1.2188624157845935,26.13997450515175,0.3345789045855698,0.005166014190763235,0.000946537998970598
S02_plain_residual_unet,0,L_shape_test_0008,L-shape,1.5308913997419717,28.624964593477497,0.40039164698508484,0.003419813234359026,0.0009071179993043188
S02_plain_residual_unet,0,L_shape_test_0009,L-shape,2.0312862106826497,23.325528733708193,0.18508720575654375,0.014062141999602318,0.0008792430016910657
S02_plain_residual_unet,0,L_shape_test_0010,L-shape,1.4857741822970012,28.882924117135587,0.44864920385609913,0.0029475518967956305,0.0008778789997450076
S02_plain_residual_unet,0,L_shape_test_0011,L-shape,1.2366872123414518,32.45724512804055,0.6148263865363447,0.0012727658031508327,0.0008890559984138235
S02_plain_residual_unet,0,L_shape_test_0012,L-shape,1.0844232307699886,26.406350819977394,0.32449702593656027,0.0038962149992585182,0.00093544099945575
S02_plain_residual_unet,0,L_shape_test_0013,L-shape,1.1207636575851332,26.76705301038263,0.32967747534634967,0.0039930506609380245,0.0008760519995121285
S02_plain_residual_unet,0,L_shape_test_0014,L-shape,1.4721589254337177,30.513250923701882,0.5108522176948652,0.002436818787828088,0.0008613810023234691
S02_plain_residual_unet,0,L_shape_test_0015,L-shape,1.2781168806408452,24.799917970985106,0.27555665538491336,0.007455259561538696,0.0008762770012253895
S02_plain_residual_unet,0,L_shape_test_0016,L-shape,1.198333735300439,26.624975914726544,0.3272261150044026,0.004360985476523638,0.0009314920025644824
S02_plain_residual_unet,0,L_shape_test_0017,L-shape,1.3472881518141568,25.005516530281632,0.31394341213286725,0.007520085200667381,0.00088088099801098
S02_plain_residual_unet,0,L_shape_test_0018,L-shape,1.3039266150611084,25.047122019816207,0.2406128755653901,0.005770587362349033,0.0008797070004220586
S02_plain_residual_unet,0,L_shape_test_0019,L-shape,3.553135537527061,27.823890675465464,0.33677341385894427,0.005221780855208635,0.000879882001754595
S02_plain_residual_unet,0,double_line_test_0000,double-line,1.0718480793533758,25.93123432477816,0.3186623018696172,0.004215562716126442,0.0008781940014159773
S02_plain_residual_unet,0,double_line_test_0001,double-line,1.233122262895557,25.727048871095217,0.2934716604399229,0.005966939963400364,0.0009447349984839093
S02_plain_residual_unet,0,double_line_test_0002,double-line,1.0928988647807116,30.86003119013412,0.5230282242940225,0.0013846943620592356,0.0008895520004443824
S02_plain_residual_unet,0,double_line_test_0003,double-line,1.1495672771403116,25.021944256165472,0.33009255258849995,0.006581989582628012,0.0008727939966775011
S02_plain_residual_unet,0,double_line_test_0004,double-line,1.0748885715670282,25.58148867595793,0.3380326288233307,0.005683625116944313,0.0008749909975449555
S02_plain_residual_unet,0,double_line_test_0005,double-line,1.0145759649955368,25.93145225701106,0.2502687119760068,0.0034310256596654654,0.0009499129992036615
S02_plain_residual_unet,0,double_line_test_0006,double-line,1.390961845346095,23.869623937277776,0.2742205989347981,0.008873271755874157,0.0008711959999345709
S02_plain_residual_unet,0,double_line_test_0007,double-line,3.937282399892176,25.990441037167848,0.23826660027635793,0.0076000685803592205,0.0008677420009917114
S02_plain_residual_unet,0,double_line_test_0008,double-line,2.246210126232219,24.85299023512693,0.1960898061601841,0.010233133099973202,0.0008739900004002266
S02_plain_residual_unet,0,double_line_test_0009,double-line,1.5060505398132498,26.191656717541264,0.3761189167230012,0.0054706367664039135,0.0010558350004430395
S02_plain_residual_unet,0,double_line_test_0010,double-line,1.381591330974286,24.93674748104482,0.31299049346188296,0.007603919133543968,0.000870537001901539
S02_plain_residual_unet,0,double_line_test_0011,double-line,1.0548050420565387,27.750476069145307,0.3579455498093139,0.002792946994304657,0.0008891360012057703
S02_plain_residual_unet,0,double_line_test_0012,double-line,1.9714487296927519,27.700920290311927,0.40509205480050037,0.0044049290008842945,0.000885949997609714
S02_plain_residual_unet,0,double_line_test_0013,double-line,1.2295509598285888,24.114933547101916,0.34154671160910555,0.008990946225821972,0.0008711899972695392
S02_plain_residual_unet,0,double_line_test_0014,double-line,1.2340189452258215,24.864749821475975,0.30198418302394664,0.008920213207602501,0.0009435529973416124
S02_plain_residual_unet,0,small_rect_edge_test_0000,small_rect_edge,1.1577955768009733,29.252549044648617,0.47353119903964797,0.0022126990370452404,0.0009071549975487869
S02_plain_residual_unet,0,small_rect_edge_test_0001,small_rect_edge,2.0947316987856563,27.58588515673057,0.34710799080553556,0.005196550861001015,0.0008776819995546248
S02_plain_residual_unet,0,small_rect_edge_test_0002,small_rect_edge,1.1519975268477538,27.107323371459188,0.3290975148810927,0.0030614007264375687,0.0010448540015204344
S02_plain_residual_unet,0,small_rect_edge_test_0003,small_rect_edge,3.4928296648442,25.077404548271463,0.2135933345787498,0.009052987210452557,0.0009476030027144589
S02_plain_residual_unet,0,small_rect_edge_test_0004,small_rect_edge,2.5658889313693294,25.05897846237336,0.2355301604196644,0.008681438863277435,0.0008721710000827443
S02_plain_residual_unet,0,small_rect_edge_test_0005,small_rect_edge,1.5111308159691208,27.66869706944358,0.353266809545336,0.0034680436365306377,0.0008602890011388808
S02_plain_residual_unet,0,small_rect_edge_test_0006,small_rect_edge,1.2095994389356155,29.138755873231027,0.46570074093258024,0.003920214716345072,0.0008701529986865353
S02_plain_residual_unet,0,small_rect_edge_test_0007,small_rect_edge,1.1409105205825614,28.505165493645322,0.3887376811072538,0.0020880133379250765,0.0008780799980740994
S02_plain_residual_unet,0,small_rect_edge_test_0008,small_rect_edge,1.7719285066051664,25.9377151489215,0.2682832020278633,0.007850822992622852,0.0008847849967423826
S02_plain_residual_unet,0,small_rect_edge_test_0009,small_rect_edge,1.3968843020571837,29.444208471067313,0.4548353982292347,0.0026774031575769186,0.0008768430016061757
S02_plain_residual_unet,0,point_cluster_test_0000,point_cluster,4.693734059834344,26.203139544931844,0.3113006185618608,0.00548820523545146,0.0008807000012893695
S02_plain_residual_unet,0,point_cluster_test_0001,point_cluster,1.37008364952089,30.30369730053682,0.5449828161694555,0.003019933821633458,0.0009363470016978681
S02_plain_residual_unet,0,point_cluster_test_0002,point_cluster,3.398090798190125,30.2932888581271,0.48578292615052826,0.003416533814743161,0.0010122380008397158
S02_plain_residual_unet,0,point_cluster_test_0003,point_cluster,6.270761509089894,27.890887906164327,0.340076481010543,0.005141144618391991,0.000982446003035875
S02_plain_residual_unet,0,point_cluster_test_0004,point_cluster,1.6013985672917606,29.37339512854573,0.4895926569885026,0.0036723956000059843,0.0008941369997046422
S02_plain_residual_unet,0,point_cluster_test_0005,point_cluster,1.5498747888737816,29.46298526946661,0.4560032408636712,0.003403439186513424,0.0008855039995978586
S02_plain_residual_unet,0,point_cluster_test_0006,point_cluster,6.913591622461821,26.670943720699736,0.28022898963488757,0.0059134396724402905,0.0008660349994897842
S02_plain_residual_unet,0,point_cluster_test_0007,point_cluster,8.147661065585808,26.49778330491578,0.2786098496579072,0.005920103285461664,0.0008799860006547533
S02_plain_residual_unet,0,point_cluster_test_0008,point_cluster,5.727450184842598,27.17042821858127,0.30287270923184917,0.005724939983338118,0.0008804060016700532
S02_plain_residual_unet,0,point_cluster_test_0009,point_cluster,4.406039796543328,29.63893139753307,0.506678379472846,0.0026437032502144575,0.0010293360028299503
S02_plain_residual_unet,0,point_cluster_test_0010,point_cluster,1.694493443825473,28.99225238432892,0.4496763882068556,0.003910648170858622,0.0008730010013096035
S02_plain_residual_unet,0,point_cluster_test_0011,point_cluster,9.708219216106986,25.035652801355425,0.16453548464446902,0.008745760656893253,0.0009427080003661104
S02_plain_residual_unet,0,point_cluster_test_0012,point_cluster,3.3605005298670783,28.390706892892883,0.3815355459616981,0.003692522644996643,0.0008834379987092689
S02_plain_residual_unet,0,point_cluster_test_0013,point_cluster,2.467194168569982,28.438583358155384,0.3568008493811659,0.005373301915824413,0.0008753900001465809
S02_plain_residual_unet,0,point_cluster_test_0014,point_cluster,2.2874992269790067,30.668144227269064,0.5202373928134331,0.0027883974835276604,0.0008755829985602759
S02_plain_residual_unet,0,point_cluster_test_0015,point_cluster,2.5679423414142724,30.299931958271745,0.4838826993564408,0.0029073208570480347,0.0008822260024317075
S02_plain_residual_unet,0,point_cluster_test_0016,point_cluster,2.6571223336291556,27.634581558892418,0.38924545853452747,0.005108410492539406,0.0008749190019443631
S02_plain_residual_unet,0,point_cluster_test_0017,point_cluster,3.4512318091538665,30.7669676228904,0.6421253987919083,0.002082433085888624,0.0008922529996198136
S02_plain_residual_unet,0,point_cluster_test_0018,point_cluster,10.92031543876988,25.353292216380602,0.2139167610191806,0.006781581789255142,0.0009372169988637324
S02_plain_residual_unet,0,point_cluster_test_0019,point_cluster,5.200355525276793,27.733546031236816,0.32824958182242364,0.004900827072560787,0.0008763339974393602
S02_plain_residual_unet,1,line_test_0000,line,0.9876898079777637,30.894808092208965,0.5289020406313334,0.0014169455971568823,0.0008554350024496671
S02_plain_residual_unet,1,line_test_0001,line,0.9867980184358777,25.967941473896005,0.270030894394713,0.004017618019133806,0.0008924559988372494
S02_plain_residual_unet,1,line_test_0002,line,0.9786427638081653,30.296058378195532,0.5035292752940352,0.0019179554656147957,0.0008958520011219662
S02_plain_residual_unet,1,line_test_0003,line,1.0995713564768035,33.498881114829246,0.6717900678572286,0.001584306126460433,0.000885183999344008
S02_plain_residual_unet,1,line_test_0004,line,1.0215873867755745,36.54565132644747,0.8029657385336653,0.0005982113652862608,0.0008517109999957029
S02_plain_residual_unet,1,line_test_0005,line,0.9995996360435823,32.41874983684089,0.6119918367881875,0.001006272272206843,0.0009318800002802163
S02_plain_residual_unet,1,line_test_0006,line,0.9842805956935005,31.667852189568315,0.5863816672854845,0.0015253254678100348,0.0008882180009095464
S02_plain_residual_unet,1,line_test_0007,line,0.9977936099865051,29.79849532792413,0.4746265783204847,0.0016306368634104729,0.0008746809980948456
S02_plain_residual_unet,1,line_test_0008,line,0.9822576612200756,25.89849153847772,0.25837287629016636,0.0033209016546607018,0.0009524680026515853
S02_plain_residual_unet,1,line_test_0009,line,0.9929574366915218,30.237513398663516,0.4940806395068475,0.0016448835376650095,0.0008852099999785423
S02_plain_residual_unet,1,line_test_0010,line,1.009677977993498,32.377846674232444,0.6109312702120906,0.0011682441690936685,0.0008870290002960246
S02_plain_residual_unet,1,line_test_0011,line,0.9996049697271693,27.748605473257836,0.34871036522836313,0.0024124549236148596,0.0008807849990262184
S02_plain_residual_unet,1,line_test_0012,line,0.9698237266062062,29.814991524009137,0.480975559553498,0.0019006100483238697,0.0008749939988774713
S02_plain_residual_unet,1,line_test_0013,line,0.9808885188794474,27.097539044402854,0.3469202580122827,0.002901711966842413,0.0008739770019019488
S02_plain_residual_unet,1,line_test_0014,line,0.9993475866420047,34.83279517209954,0.733583577177276,0.0006533741252496839,0.0008747819993004669
S02_plain_residual_unet,1,line_test_0015,line,1.0503672488239761,35.175684240184225,0.7484776405181498,0.0008516322122886777,0.0008765080019657034
S02_plain_residual_unet,1,line_test_0016,line,0.9765397352367275,28.306111317139564,0.39748697270880834,0.002701714402064681,0.0008744669976294972
S02_plain_residual_unet,1,line_test_0017,line,1.0292275991734294,31.969888710334796,0.586519554155768,0.0010856343433260918,0.0008749990010983311
S02_plain_residual_unet,1,line_test_0018,line,0.9901274362567557,29.411692616320238,0.44588714952653274,0.001978494692593813,0.0008787869992374908
S02_plain_residual_unet,1,line_test_0019,line,0.9868038334320942,29.358780434900584,0.44809911617182857,0.0017056092619895935,0.0008717950004211161
S02_plain_residual_unet,1,cross_test_0000,cross,1.0160075386444931,32.11139540204813,0.6000223649774878,0.001677238498814404,0.0009361159973195754
S02_plain_residual_unet,1,cross_test_0001,cross,0.9947176230271052,26.523676128651232,0.2797492473385081,0.0032371918205171824,0.0009485800001129974
S02_plain_residual_unet,1,cross_test_0002,cross,1.0064138609869613,30.337222176687604,0.4990785233637349,0.0016448028618469834,0.0009048170031746849
S02_plain_residual_unet,1,cross_test_0003,cross,0.9433486222752028,27.88617872154405,0.3932797703027644,0.0031146227847784758,0.0008918399980757385
S02_plain_residual_unet,1,cross_test_0004,cross,0.9910614854269388,27.904683214053367,0.36976504096679863,0.003041000571101904,0.0009016399999381974
S02_plain_residual_unet,1,cross_test_0005,cross,1.0143690740569558,31.102751695170028,0.5440662074846666,0.0019506821408867836,0.0008863580005709082
S02_plain_residual_unet,1,cross_test_0006,cross,0.9234980538952887,29.06588259247277,0.4524755300498011,0.002077863086014986,0.0008913919991755392
S02_plain_residual_unet,1,cross_test_0007,cross,0.9974319207844026,33.94249174995731,0.694840729859362,0.0010357528226450086,0.0008852980026858859
S02_plain_residual_unet,1,cross_test_0008,cross,0.997822513939528,27.97550118629134,0.3766487169933655,0.0031805767212063074,0.0009063210018211976
S02_plain_residual_unet,1,cross_test_0009,cross,1.0082255874227568,32.84402236426565,0.6373348506348693,0.001073117251507938,0.0008766270002524834
S02_plain_residual_unet,1,cross_test_0010,cross,0.9867293853807317,32.10553601311162,0.6018641078652149,0.0014391313306987286,0.0009437019980396144
S02_plain_residual_unet,1,cross_test_0011,cross,0.9964382319482021,27.32965539073939,0.35594823506403955,0.003912989515811205,0.000886976999026956
S02_plain_residual_unet,1,cross_test_0012,cross,0.9695637548825276,31.800839163397207,0.5893948773284271,0.0015212326543405652,0.0008659859995532315
S02_plain_residual_unet,1,cross_test_0013,cross,0.9991963178509744,31.665732326033883,0.5772550781339176,0.0017407871782779694,0.0008666020003147423
S02_plain_residual_unet,1,cross_test_0014,cross,0.9897109186066078,27.7484404947728,0.34971646951713825,0.00232622935436666,0.0008864679984981194
S02_plain_residual_unet,1,L_shape_test_0000,L-shape,0.9925171643336347,26.204793682975843,0.28223171898228444,0.003918172791600227,0.0008660180028527975
S02_plain_residual_unet,1,L_shape_test_0001,L-shape,0.9867198089147338,27.721515139474498,0.34748691607920873,0.00231495825573802,0.0008773019981163088
S02_plain_residual_unet,1,L_shape_test_0002,L-shape,0.9690238028070555,27.417576198163857,0.3534021626339404,0.0033386563882231712,0.0009424230011063628
S02_plain_residual_unet,1,L_shape_test_0003,L-shape,0.9704590387446785,27.61852670152786,0.3536084771154,0.0028930443804711103,0.0008863790026225615
S02_plain_residual_unet,1,L_shape_test_0004,L-shape,0.9851904767872464,25.845182907710182,0.2568537387583351,0.0038564177230000496,0.0009326309991593007
S02_plain_residual_unet,1,L_shape_test_0005,L-shape,0.9831448092890601,27.213544673781776,0.32719130318121536,0.0028972881846129894,0.0008822510026220698
S02_plain_residual_unet,1,L_shape_test_0006,L-shape,0.9911808573192143,31.19955164279251,0.5455036207578473,0.0012973165139555931,0.0008846340024319943
S02_plain_residual_unet,1,L_shape_test_0007,L-shape,0.9898130171596772,27.04398977718972,0.3248032053902276,0.0034695619251579046,0.0008813909989839885
S02_plain_residual_unet,1,L_shape_test_0008,L-shape,0.9626069620746229,30.639918436998546,0.5199709837707898,0.0013976508053019643,0.0008784480014583096
S02_plain_residual_unet,1,L_shape_test_0009,L-shape,0.9671514617535627,26.54829489722339,0.30202165800634206,0.0035617644898593426,0.0008788619998085778
S02_plain_residual_unet,1,L_shape_test_0010,L-shape,1.008360794896769,30.566292533390325,0.5143685809502386,0.0017641985323280096,0.000939900000958005
S02_plain_residual_unet,1,L_shape_test_0011,L-shape,1.0025685223472258,33.36870300562942,0.6622629423417022,0.0008579730638302863,0.0008799120005278382
S02_plain_residual_unet,1,L_shape_test_0012,L-shape,0.9899888616871592,26.80203586708,0.30513764625493656,0.00316483317874372,0.0008863029979693238
S02_plain_residual_unet,1,L_shape_test_0013,L-shape,0.9943128943792954,27.286962605715637,0.32406477465321587,0.0029860560316592455,0.0009432420010853093
S02_plain_residual_unet,1,L_shape_test_0014,L-shape,0.9943651253389517,32.21733892046383,0.6035514100816423,0.001247015898115933,0.0008619479995104484
S02_plain_residual_unet,1,L_shape_test_0015,L-shape,0.9838422823044907,25.936368543151886,0.26152015441937565,0.0035857295151799917,0.0008833649990265258
S02_plain_residual_unet,1,L_shape_test_0016,L-shape,0.9929726310914826,27.4413810910638,0.33152961053133345,0.0028406833298504353,0.0008815120017970912
S02_plain_residual_unet,1,L_shape_test_0017,L-shape,0.9956934479879122,26.318865269877357,0.29585709616745803,0.004122995305806398,0.0008734149996598717
S02_plain_residual_unet,1,L_shape_test_0018,L-shape,0.9865279436212264,26.25855938971146,0.27018097857687373,0.003417910309508443,0.001045521999913035
S02_plain_residual_unet,1,L_shape_test_0019,L-shape,1.0234767854157725,33.22922839822624,0.6564572912650556,0.0011605111649259925,0.0008993590017780662
S02_plain_residual_unet,1,double_line_test_0000,double-line,0.9774971094567521,26.33141173606667,0.28731632303875904,0.003276848467066884,0.0008792320004431531
S02_plain_residual_unet,1,double_line_test_0001,double-line,1.0064702683276334,26.60910071502706,0.30868514789794316,0.004004204645752907,0.0008861559981596656
S02_plain_residual_unet,1,double_line_test_0002,double-line,1.0104114298716866,31.20084869454725,0.5418059650706615,0.001303745317272842,0.0009467750023759436
S02_plain_residual_unet,1,double_line_test_0003,double-line,0.9874644010221877,25.68207400411581,0.2402898313172961,0.0038953779730945826,0.0008737979987927247
S02_plain_residual_unet,1,double_line_test_0004,double-line,0.9472979221615669,26.130257481580657,0.2940463242655185,0.004065623041242361,0.000878431001183344
S02_plain_residual_unet,1,double_line_test_0005,double-line,1.0040184400395071,25.976880988905727,0.2489460158565628,0.003416952909901738,0.000870813997607911
S02_plain_residual_unet,1,double_line_test_0006,double-line,0.9957341790939769,25.32134199456602,0.26669573123511076,0.005191949661821127,0.0010013000028266106
S02_plain_residual_unet,1,double_line_test_0007,double-line,0.9982093509942821,31.95019058885924,0.590557234445899,0.001441997941583395,0.0009377399983350188
S02_plain_residual_unet,1,double_line_test_0008,double-line,0.9992981460842868,28.370543081385314,0.3869780441650299,0.0025151954032480717,0.0008952169991971459
S02_plain_residual_unet,1,double_line_test_0009,double-line,0.9921708610262756,28.004187289178063,0.36337531346926494,0.0025838238652795553,0.0008948180002334993
S02_plain_residual_unet,1,double_line_test_0010,double-line,0.9922753126892232,26.37422152574061,0.2764812552962466,0.0033524474129080772,0.0008950399969762657
S02_plain_residual_unet,1,double_line_test_0011,double-line,0.9928596961549139,28.013319264750976,0.3577043009100559,0.002346313325688243,0.0009389760016347282
S02_plain_residual_unet,1,double_line_test_0012,double-line,0.9873877649496113,30.70389761499145,0.5156867268719346,0.0014915516367182136,0.0008821189985610545
S02_plain_residual_unet,1,double_line_test_0013,double-line,0.9915260644926193,25.049357535897073,0.2121960294789692,0.0044913818128407,0.0008856759995978791
S02_plain_residual_unet,1,double_line_test_0014,double-line,0.9824135069543845,25.855024727395964,0.28691239851028294,0.004919835831969976,0.0008772500004852191
S02_plain_residual_unet,1,small_rect_edge_test_0000,small_rect_edge,0.9859726446261846,29.95021959012508,0.4803081933016741,0.0015569488750770688,0.0009358110000903253
S02_plain_residual_unet,1,small_rect_edge_test_0001,small_rect_edge,1.0043357048513781,30.77838043301279,0.5236670511800036,0.0016311929794028401,0.0008806879995972849
S02_plain_residual_unet,1,small_rect_edge_test_0002,small_rect_edge,1.01006865593956,27.67832987507765,0.34135519416214827,0.0023386627435684204,0.0008779060008237138
S02_plain_residual_unet,1,small_rect_edge_test_0003,small_rect_edge,0.9745724164367655,30.621037468787208,0.5180363588898848,0.0016591714229434729,0.0008767800027271733
S02_plain_residual_unet,1,small_rect_edge_test_0004,small_rect_edge,1.02422744237963,29.047393103601024,0.4397476297627661,0.0028137725312262774,0.0008829959988361225
S02_plain_residual_unet,1,small_rect_edge_test_0005,small_rect_edge,1.0189209001750137,29.380313058966998,0.4679485128602424,0.002357089426368475,0.0008866909993230365
S02_plain_residual_unet,1,small_rect_edge_test_0006,small_rect_edge,0.9745294848581266,30.07722183295956,0.48672038862282035,0.001684590708464384,0.0008606990013504401
S02_plain_residual_unet,1,small_rect_edge_test_0007,small_rect_edge,1.0129364915279309,29.021859002203847,0.41616428456623444,0.0018822780111804605,0.0008878480002749711
S02_plain_residual_unet,1,small_rect_edge_test_0008,small_rect_edge,1.0446579947474428,28.232435595012717,0.38194492102369554,0.0029351143166422844,0.0009433929990336765
S02_plain_residual_unet,1,small_rect_edge_test_0009,small_rect_edge,0.9851658020569659,30.960719406872983,0.5348550851872513,0.001423087902367115,0.0009507219983788673
S02_plain_residual_unet,1,point_cluster_test_0000,point_cluster,1.039917911421757,32.74833379422205,0.6797095176078466,0.0012328819138929248,0.0008804270000837278
S02_plain_residual_unet,1,point_cluster_test_0001,point_cluster,0.9913998837152617,31.70867961608621,0.5838642370060518,0.0018578812014311552,0.0008808300008240622
S02_plain_residual_unet,1,point_cluster_test_0002,point_cluster,1.0747261999347095,35.29266052930381,0.7531500676004009,0.0010836339788511395,0.0008621769993624184
S02_plain_residual_unet,1,point_cluster_test_0003,point_cluster,1.0533360208639606,35.63842148382093,0.7670911055022902,0.0008142756996676326,0.0008777959992585238
S02_plain_residual_unet,1,point_cluster_test_0004,point_cluster,0.975348917407027,31.526789462123695,0.5806009967350786,0.002016352256760001,0.0008910059987101704
S02_plain_residual_unet,1,point_cluster_test_0005,point_cluster,1.0052505148470374,31.343208155635907,0.5598652814236798,0.0018298322102054954,0.0008786209982645232
S02_plain_residual_unet,1,point_cluster_test_0006,point_cluster,1.1215707286941599,34.569714212660465,0.7518635556760145,0.0009936788119375706,0.0010350470001867507
S02_plain_residual_unet,1,point_cluster_test_0007,point_cluster,1.1655880510649785,34.942662214617684,0.7657267070179129,0.0012032852973788977,0.0008832100029394496
S02_plain_residual_unet,1,point_cluster_test_0008,point_cluster,1.0408628448442283,34.576106488337594,0.7238913372260168,0.0011220885207876563,0.0009431170001334976
S02_plain_residual_unet,1,point_cluster_test_0009,point_cluster,1.0925673008508014,35.69493362416316,0.8134100066041112,0.0008891209145076573,0.0008850070007611066
S02_plain_residual_unet,1,point_cluster_test_0010,point_cluster,0.9744140272886805,31.39521608397349,0.567391528927555,0.001865700469352305,0.0008826429984765127
S02_plain_residual_unet,1,point_cluster_test_0011,point_cluster,1.1457807411833738,34.3160333443281,0.7088905018801609,0.0014869706938043237,0.0008907510018616449
S02_plain_residual_unet,1,point_cluster_test_0012,point_cluster,1.1348009209284171,33.10554945296174,0.6539302194819275,0.001637966837733984,0.0008898739979485981
S02_plain_residual_unet,1,point_cluster_test_0013,point_cluster,1.1025421026543532,31.93666492588791,0.5872462315152468,0.0023249995429068804,0.0008926730006351136
S02_plain_residual_unet,1,point_cluster_test_0014,point_cluster,1.0528851887787778,34.03794386374273,0.6964562651243302,0.0009794404031708837,0.0009170599987555761
S02_plain_residual_unet,1,point_cluster_test_0015,point_cluster,1.1819619886735102,33.669749661646264,0.6751032650905203,0.0013546652626246214,0.0008836300003167707
S02_plain_residual_unet,1,point_cluster_test_0016,point_cluster,1.0275480629262894,31.760675716103414,0.6121109711357615,0.0017610975774005055,0.000885983001353452
S02_plain_residual_unet,1,point_cluster_test_0017,point_cluster,1.2319480849295177,35.24078462679451,0.831176593619156,0.0009520672610960901,0.0009478770007262938
S02_plain_residual_unet,1,point_cluster_test_0018,point_cluster,1.3026270811239873,34.58744308638141,0.7413094645112157,0.0013930315617471933,0.0008814979992166627
S02_plain_residual_unet,1,point_cluster_test_0019,point_cluster,0.9998966422019046,34.89432528936242,0.7364584739241369,0.0007137224311009049,0.000873290999152232
S02_plain_residual_unet,2,line_test_0000,line,0.996528158621183,30.85611785929048,0.5189883312071687,0.0010543866083025932,0.0008551810024073347
S02_plain_residual_unet,2,line_test_0001,line,0.9952343244343324,25.93097097032217,0.24542889771889892,0.0031128106638789177,0.0010035630002676044
S02_plain_residual_unet,2,line_test_0002,line,0.9922587662031144,30.236050736712954,0.48440968137496365,0.0012539011659100652,0.0008843350005918182
S02_plain_residual_unet,2,line_test_0003,line,0.9933153002264324,33.94024397062192,0.6914339032798745,0.0006521790055558085,0.0008848729994497262
S02_plain_residual_unet,2,line_test_0004,line,0.9970373185243918,36.65129252711171,0.8060666937799221,0.0002786736295092851,0.0008754390000831336
S02_plain_residual_unet,2,line_test_0005,line,0.9970397860551969,32.42988597269396,0.6100722238603824,0.0006817824905738235,0.000949851000768831
S02_plain_residual_unet,2,line_test_0006,line,0.9855686465296368,31.66217248241622,0.5698720388507656,0.0008843439281918108,0.000879463001183467
S02_plain_residual_unet,2,line_test_0007,line,0.9939293562074278,29.815347332648432,0.46927672793574593,0.0011619433062151074,0.0008741359997657128
S02_plain_residual_unet,2,line_test_0008,line,0.9960424180095162,25.837967492793567,0.2413482908325782,0.00288778287358582,0.0008859439985826612
S02_plain_residual_unet,2,line_test_0009,line,0.9936839194441947,30.234337227183595,0.48416292912377995,0.0011345663806423545,0.0008825750010146294
S02_plain_residual_unet,2,line_test_0010,line,0.9952961934312969,32.440151905527365,0.6104888781362824,0.0007355378475040197,0.000885030000063125
S02_plain_residual_unet,2,line_test_0011,line,0.9979082284723266,27.755983525010727,0.33959566032825766,0.00192988570779562,0.000909325997781707
S02_plain_residual_unet,2,line_test_0012,line,0.9909261524410853,29.72150665007063,0.45513080109425863,0.0012840874260291457,0.000866461999976309
S02_plain_residual_unet,2,line_test_0013,line,0.9930930598420954,27.043835848896588,0.3221421592120019,0.002172326436266303,0.0009392929969180841
S02_plain_residual_unet,2,line_test_0014,line,0.9946954178867947,34.85305986438293,0.7330221589405881,0.00040467060171067715,0.0009509779993095435
S02_plain_residual_unet,2,line_test_0015,line,0.9955094911209447,35.40864183593678,0.757603546931371,0.0003896373091265559,0.0008781579999777023
S02_plain_residual_unet,2,line_test_0016,line,0.9931833791067349,28.232715942735407,0.3674587947880917,0.0018424659501761198,0.001056651002727449
S02_plain_residual_unet,2,line_test_0017,line,1.0064690452284388,32.06699855790446,0.5898550586651284,0.0007391210529021919,0.0009523819971946068
S02_plain_residual_unet,2,line_test_0018,line,0.9935599450053518,29.39666280075036,0.4338888947684676,0.0014562604483217,0.000943906998145394
S02_plain_residual_unet,2,line_test_0019,line,0.9946083567223502,29.324567790345657,0.4364232643234354,0.0012757426593452692,0.0008871499994711485
S02_plain_residual_unet,2,cross_test_0000,cross,0.990927275854165,32.21994656992133,0.5991276445828785,0.0008663318585604429,0.0008780440002738032
S02_plain_residual_unet,2,cross_test_0001,cross,0.9974179552490868,26.51190211198399,0.2702564472851964,0.0027670725248754025,0.0008825869990687352
S02_plain_residual_unet,2,cross_test_0002,cross,0.9952628761571337,30.385610119900505,0.4931282401030494,0.0010643333662301302,0.0008975860000646207
S02_plain_residual_unet,2,cross_test_0003,cross,0.9955305164709439,27.652354967142383,0.3342635729611284,0.0021770696621388197,0.0008763449986872729
S02_plain_residual_unet,2,cross_test_0004,cross,0.9914775149104225,27.902860750483832,0.34886949453749855,0.0021252522710710764,0.000884232998942025
S02_plain_residual_unet,2,cross_test_0005,cross,0.9914587130083875,31.201965429143588,0.5417901286806975,0.0010851883562281728,0.0009550930008117575
S02_plain_residual_unet,2,cross_test_0006,cross,0.9966829337867629,28.734672425199854,0.39435147358843,0.0016012968262657523,0.0008848969991959166
S02_plain_residual_unet,2,cross_test_0007,cross,0.9946993282584585,33.954406282588195,0.6904313614044763,0.0005684311618097126,0.0009478710016992409
S02_plain_residual_unet,2,cross_test_0008,cross,0.9901667186081884,28.008950820020964,0.3554718681182827,0.002068418776616454,0.0008840759983286262
S02_plain_residual_unet,2,cross_test_0009,cross,0.9971082552022628,32.89217648678337,0.6357244469580421,0.0006138557218946517,0.00088442599735572
S02_plain_residual_unet,2,cross_test_0010,cross,0.9930036149775189,32.078008382298634,0.5909554322996575,0.0008355663157999516,0.00088449800023227
S02_plain_residual_unet,2,cross_test_0011,cross,0.9877430367928554,27.36771924429032,0.3241736525276126,0.002507006749510765,0.0008801469994068611
S02_plain_residual_unet,2,cross_test_0012,cross,0.9971821085510388,31.67885810721351,0.5677392091041322,0.0008691810071468353,0.0008843380019243341
S02_plain_residual_unet,2,cross_test_0013,cross,0.9862106553584322,31.722543753962746,0.572334192838127,0.0009784410940483212,0.0009303239967266563
S02_plain_residual_unet,2,cross_test_0014,cross,0.9947216215604863,27.726508485447958,0.33957755131506695,0.0018924884498119354,0.0008618680003564805
S02_plain_residual_unet,2,L_shape_test_0000,L-shape,0.9927273608416524,26.20387426058356,0.26129813127758705,0.002881590509787202,0.0008828299978631549
S02_plain_residual_unet,2,L_shape_test_0001,L-shape,0.9949578939633845,27.685406621763512,0.3363101809085363,0.001944016432389617,0.0009399930022482295
S02_plain_residual_unet,2,L_shape_test_0002,L-shape,0.9940665607504713,27.30676619367869,0.31696842268797454,0.0024137094151228666,0.000874925000971416
S02_plain_residual_unet,2,L_shape_test_0003,L-shape,0.9951465994392674,27.509428278475873,0.3255602045455969,0.002314956160262227,0.0008911410004657228
S02_plain_residual_unet,2,L_shape_test_0004,L-shape,0.9964324506105261,25.795906147098027,0.23649438882817986,0.00317000481300056,0.0008805520010355394
S02_plain_residual_unet,2,L_shape_test_0005,L-shape,0.9947332572466973,27.16265301256952,0.3090095894816416,0.0023240679875016212,0.0008810909966996405
S02_plain_residual_unet,2,L_shape_test_0006,L-shape,0.9978776842376801,31.170307411919683,0.537617147863756,0.0009432955412194133,0.0008719360012037214
S02_plain_residual_unet,2,L_shape_test_0007,L-shape,0.9929137369318425,27.030406100378453,0.2999906203712699,0.0025269438046962023,0.0009485129994573072
S02_plain_residual_unet,2,L_shape_test_0008,L-shape,0.998845907666069,30.479423381841716,0.4972699940748258,0.0010709288762882352,0.0008856259992171545
S02_plain_residual_unet,2,L_shape_test_0009,L-shape,0.992759385341815,26.434799643898135,0.2702474772863669,0.0028360115829855204,0.0008818199967208784
S02_plain_residual_unet,2,L_shape_test_0010,L-shape,0.9922256717201565,30.636347686074153,0.5084361978781593,0.0010423160856589675,0.0009347909981443081
S02_plain_residual_unet,2,L_shape_test_0011,L-shape,0.9973131731431119,33.391528242541604,0.6614361395911362,0.0005698827444575727,0.0008884000017133076
S02_plain_residual_unet,2,L_shape_test_0012,L-shape,0.9966213544656353,26.773037102533955,0.28620813878469215,0.0024955717381089926,0.0008847400022204965
S02_plain_residual_unet,2,L_shape_test_0013,L-shape,0.9967968896620768,27.2761266883745,0.31098862380684394,0.0023724401835352182,0.0008821010014798958
S02_plain_residual_unet,2,L_shape_test_0014,L-shape,0.9957534128829513,32.211279835666474,0.5976469321569171,0.0008019779925234616,0.0010650710028130561
S02_plain_residual_unet,2,L_shape_test_0015,L-shape,0.9948808296159434,25.887912911672352,0.24336508622501418,0.002987966872751713,0.0008824739998090081
S02_plain_residual_unet,2,L_shape_test_0016,L-shape,0.9934031527348864,27.439498503966107,0.32177779159143577,0.0022923368960618973,0.0008794770001259167
S02_plain_residual_unet,2,L_shape_test_0017,L-shape,0.9943359376609102,26.324790161113185,0.2639011975587126,0.002848829375579953,0.0008742499994696118
S02_plain_residual_unet,2,L_shape_test_0018,L-shape,0.9976300278371356,26.209958554330967,0.25445666284259805,0.0029788652900606394,0.0008773939989623614
S02_plain_residual_unet,2,L_shape_test_0019,L-shape,0.9974751888910025,33.34098737370031,0.6591586740014721,0.0006201707292348146,0.0009322180012532044
S02_plain_residual_unet,2,double_line_test_0000,double-line,0.9979391840832988,26.24152597432238,0.25895350048980653,0.0027316531632095575,0.0008836869965307415
S02_plain_residual_unet,2,double_line_test_0001,double-line,0.9925475067502985,26.669597550750566,0.28311071677495625,0.002794113242998719,0.0008772380024311133
S02_plain_residual_unet,2,double_line_test_0002,double-line,0.9992136421144233,31.249247451981557,0.5418076545693632,0.0009747878066264093,0.0008862819995556492
S02_plain_residual_unet,2,double_line_test_0003,double-line,0.9952449333682452,25.647988700682962,0.22656862485099966,0.003425947157666087,0.0009031310000864323
S02_plain_residual_unet,2,double_line_test_0004,double-line,0.9904825255424016,25.936654969405897,0.2451224508917753,0.00334849301725626,0.0008856489985191729
S02_plain_residual_unet,2,double_line_test_0005,double-line,0.9995871518314405,25.996091377135976,0.2450098907522413,0.003022772492840886,0.0008691729999554809
S02_plain_residual_unet,2,double_line_test_0006,double-line,0.9907889370947452,25.342964695049478,0.2233174594217895,0.003622505348175764,0.0008815010005491786
S02_plain_residual_unet,2,double_line_test_0007,double-line,0.9945659046444831,31.96607112785975,0.5840490505996502,0.0008576857508160174,0.0008720129990251735
S02_plain_residual_unet,2,double_line_test_0008,double-line,0.9911976453028021,28.405891514812524,0.37912672657536317,0.00175565539393574,0.0008753420006542001
S02_plain_residual_unet,2,double_line_test_0009,double-line,0.9936571481235813,27.99768652508179,0.35168785236189565,0.0020825176034122705,0.0008798480012046639
S02_plain_residual_unet,2,double_line_test_0010,double-line,0.9963603798977929,26.35637883040715,0.2647564737988443,0.0028132712468504906,0.00088019399845507
S02_plain_residual_unet,2,double_line_test_0011,double-line,0.9976756753428921,27.992304455136697,0.34970539956164387,0.0020425578113645315,0.0009458419990551192
S02_plain_residual_unet,2,double_line_test_0012,double-line,0.9985620071918027,30.655024746322862,0.5058104412166263,0.0011791494907811284,0.0010566810015006922
S02_plain_residual_unet,2,double_line_test_0013,double-line,0.9969302636553069,25.025751063562524,0.19831576105969265,0.0038737328723073006,0.0008811469997453969
S02_plain_residual_unet,2,double_line_test_0014,double-line,0.9925870410479621,25.810281996456187,0.24035546585125994,0.003320874646306038,0.000874926001415588
S02_plain_residual_unet,2,small_rect_edge_test_0000,small_rect_edge,0.9926140598475768,29.92106402235121,0.46695540271698177,0.001152052078396082,0.0008855560008669272
S02_plain_residual_unet,2,small_rect_edge_test_0001,small_rect_edge,0.9914767911854422,30.834343797686937,0.5195136203574687,0.0010045532835647464,0.0008635110025352333
S02_plain_residual_unet,2,small_rect_edge_test_0002,small_rect_edge,0.9980596435665322,27.7302740545622,0.3391762906784384,0.0018739918014034629,0.000885948000359349
S02_plain_residual_unet,2,small_rect_edge_test_0003,small_rect_edge,0.9938334760847621,30.53604226915219,0.5018968899800716,0.0011192387901246548,0.0008981140017567668
S02_plain_residual_unet,2,small_rect_edge_test_0004,small_rect_edge,0.9909209932468886,29.190966736407354,0.4262122091801793,0.0016111767617985606,0.0009332879999419674
S02_plain_residual_unet,2,small_rect_edge_test_0005,small_rect_edge,0.9973683762360271,29.47316198125336,0.4503967771969918,0.0012774979695677757,0.000867141003254801
S02_plain_residual_unet,2,small_rect_edge_test_0006,small_rect_edge,0.9957094157228822,29.983845584092215,0.4688822739670656,0.0012442312436178327,0.0009343909987364896
S02_plain_residual_unet,2,small_rect_edge_test_0007,small_rect_edge,1.000471178608098,29.07563524522192,0.4148865799237185,0.0014402492670342326,0.0008816970002953894
S02_plain_residual_unet,2,small_rect_edge_test_0008,small_rect_edge,0.9976235836749129,28.43250994719091,0.38174465839960725,0.0017131000058725476,0.0008762680008658208
S02_plain_residual_unet,2,small_rect_edge_test_0009,small_rect_edge,0.9946449657029671,30.919132040648183,0.5241448355346345,0.000998769304715097,0.0008740670018596575
S02_plain_residual_unet,2,point_cluster_test_0000,point_cluster,0.9980741387902784,32.92669628095017,0.685437223776481,0.0006298231310211122,0.0008867359974829014
S02_plain_residual_unet,2,point_cluster_test_0001,point_cluster,0.9937056076925201,31.698590998260677,0.5695208665774841,0.0010159681551158428,0.0008779810013948008
S02_plain_residual_unet,2,point_cluster_test_0002,point_cluster,0.9904969407222888,35.64710715899212,0.7680210886972128,0.0004607244918588549,0.0009421009999641683
S02_plain_residual_unet,2,point_cluster_test_0003,point_cluster,0.9991691856166306,35.86770039499916,0.7762731228877031,0.00036903444561176,0.0008841980015859008
S02_plain_residual_unet,2,point_cluster_test_0004,point_cluster,0.9956811426470887,31.437186651376862,0.5543431465192954,0.0010546306148171425,0.0008833009997033514
S02_plain_residual_unet,2,point_cluster_test_0005,point_cluster,0.9963407964908151,31.38187220365486,0.5511248990811222,0.0010094429599121213,0.000969102002272848
S02_plain_residual_unet,2,point_cluster_test_0006,point_cluster,0.9943252685890156,35.09269602204506,0.7719615695695443,0.0004028569965157658,0.0008783019984548446
S02_plain_residual_unet,2,point_cluster_test_0007,point_cluster,0.9949309832520402,35.63018327320113,0.7933699710323908,0.0004053042794112116,0.0008816590016067494
S02_plain_residual_unet,2,point_cluster_test_0008,point_cluster,0.9853428621443876,34.81416764513455,0.7326770736477326,0.0005451905308291316,0.000867679002112709
S02_plain_residual_unet,2,point_cluster_test_0009,point_cluster,0.992955851176957,36.11011616423952,0.8261267657327299,0.0002947524772025645,0.000873897999554174
S02_plain_residual_unet,2,point_cluster_test_0010,point_cluster,0.9953455866029044,31.302912150590785,0.5462968256205647,0.0010833718115463853,0.0008788119994278532
S02_plain_residual_unet,2,point_cluster_test_0011,point_cluster,0.996010505973448,34.92440937414672,0.7376215934476597,0.0006047750939615071,0.0009255110016965773
S02_plain_residual_unet,2,point_cluster_test_0012,point_cluster,1.0027557278558414,33.642794994295734,0.6745887768954117,0.0006408948102034628,0.0008811510015220847
S02_plain_residual_unet,2,point_cluster_test_0013,point_cluster,0.9988651921449903,32.365547962493494,0.6074076794275969,0.0009513428085483611,0.0008813040003587957
S02_plain_residual_unet,2,point_cluster_test_0014,point_cluster,0.9997002704833793,34.26305578917959,0.7056144228209864,0.0004941753577440977,0.0009980980030377395
S02_plain_residual_unet,2,point_cluster_test_0015,point_cluster,0.9946681108265609,34.419002794200004,0.7136169976279361,0.0005483061540871859,0.0008831470004224684
S02_plain_residual_unet,2,point_cluster_test_0016,point_cluster,0.994149152327485,31.90418154168222,0.6117994776013581,0.0009129193495027721,0.0008796590009296779
S02_plain_residual_unet,2,point_cluster_test_0017,point_cluster,1.0048114543393036,36.12586288836119,0.8587050981318982,0.0003292132751084864,0.0008988830013549887
S02_plain_residual_unet,2,point_cluster_test_0018,point_cluster,1.0032866420391975,35.721393697550305,0.7905898396607752,0.0004561580717563629,0.0008843439973134082
S02_plain_residual_unet,2,point_cluster_test_0019,point_cluster,0.9998609832294152,34.89448015862919,0.734551204176138,0.00039812762406654656,0.0008671959985804278
S03_concat_Mshell,0,line_test_0000,line,0.9960186772439206,30.858338830897523,0.522151871555752,0.001246860483661294,0.0009007560001919046
S03_concat_Mshell,0,line_test_0001,line,0.9897488768990649,25.954974059964517,0.25447400620674226,0.0034301953855901957,0.0009474399994360283
S03_concat_Mshell,0,line_test_0002,line,0.9855807179342028,30.265378366817984,0.49156869776066525,0.0015229685232043266,0.0009429230012756307
S03_concat_Mshell,0,line_test_0003,line,1.007771439922029,33.877494849095115,0.688705297663736,0.0009588204557076097,0.000924992000364
S03_concat_Mshell,0,line_test_0004,line,1.0149750183061554,36.57385293276472,0.8037164588538954,0.000467285281047225,0.0009346760016342159
S03_concat_Mshell,0,line_test_0005,line,0.9974101212103177,32.428273069983724,0.6124527041569809,0.0009132687118835747,0.0009302629987359978
S03_concat_Mshell,0,line_test_0006,line,0.9986668873233618,31.604834905592508,0.567181243137402,0.0011423376854509115,0.0009668350030551665
S03_concat_Mshell,0,line_test_0007,line,0.9934732406277536,29.817340624440735,0.4730606721487581,0.001432822784408927,0.0009443810013181064
S03_concat_Mshell,0,line_test_0008,line,0.9889824830377022,25.868860068681965,0.25043444945235943,0.0031392842065542936,0.0009349979991384316
S03_concat_Mshell,0,line_test_0009,line,0.9944399940149974,30.231034071645453,0.48694667788287116,0.0013609695015475154,0.0009422850016562734
S03_concat_Mshell,0,line_test_0010,line,0.996292930506833,32.435804931783736,0.6128357564681417,0.0009638671763241291,0.000937078999413643
S03_concat_Mshell,0,line_test_0011,line,0.9966276240973623,27.761560177428237,0.3438055865423042,0.002145421225577593,0.0009315179995610379
S03_concat_Mshell,0,line_test_0012,line,0.9908694749548318,29.721755128578394,0.45871960014273916,0.0015318035148084164,0.0009433659979549702
S03_concat_Mshell,0,line_test_0013,line,0.9851441644725837,27.07873767522948,0.33213702677108764,0.002469013910740614,0.0009275330012314953
S03_concat_Mshell,0,line_test_0014,line,1.0066793701964245,34.80104933513588,0.7313559250781145,0.0005732967401854694,0.0009283600011258386
S03_concat_Mshell,0,line_test_0015,line,1.0056267961212801,35.36472752898532,0.7565632371779202,0.0006024226895533502,0.0009493779980402905
S03_concat_Mshell,0,line_test_0016,line,0.9875452493052324,28.257440419039565,0.3754620880320976,0.002132723806425929,0.0009316750001744367
S03_concat_Mshell,0,line_test_0017,line,1.0019074329536366,32.086726840860734,0.5929372150421954,0.0009204946691170335,0.0009326860017608851
S03_concat_Mshell,0,line_test_0018,line,0.990263622303001,29.411095262501213,0.4395438627312691,0.0017046087887138128,0.0009369190011057071
S03_concat_Mshell,0,line_test_0019,line,0.9923516778028963,29.334432581728667,0.4413789670393176,0.0015444883611053228,0.0009242609994544182
S03_concat_Mshell,0,cross_test_0000,cross,0.9928423678573364,32.21156166184788,0.6017719820106755,0.0011888286098837852,0.0009299340017605573
S03_concat_Mshell,0,cross_test_0001,cross,0.9908006372852761,26.54081152955005,0.27988654324291284,0.003076400374993682,0.0009455270010221284
S03_concat_Mshell,0,cross_test_0002,cross,0.9977923136015417,30.374586792339862,0.49502839609585714,0.0013051516143605113,0.000932005001232028
S03_concat_Mshell,0,cross_test_0003,cross,0.9931763756807328,27.662637096835134,0.34076356055192125,0.0024929747451096773,0.0009890930014080368
S03_concat_Mshell,0,cross_test_0004,cross,0.9916261511288065,27.902209766312417,0.3534492343797334,0.0024193404242396355,0.0009529950002615806
S03_concat_Mshell,0,cross_test_0005,cross,0.9940498027950968,31.190630417968986,0.5444847870712284,0.0014635667903348804,0.0009399949994985946
S03_concat_Mshell,0,cross_test_0006,cross,0.9919475854213379,28.755355510859893,0.4005329029819764,0.0018025444587692618,0.000953476999711711
S03_concat_Mshell,0,cross_test_0007,cross,1.0024027130622544,33.92090220599888,0.6902665740355456,0.0008042454719543457,0.000930064998101443
S03_concat_Mshell,0,cross_test_0008,cross,0.9835292255961146,28.038161312907484,0.36581541792246597,0.002458873437717557,0.0009386159981659148
S03_concat_Mshell,0,cross_test_0009,cross,1.0003110777829614,32.878248621868956,0.636835342347292,0.000840682303532958,0.0009147570017375983
S03_concat_Mshell,0,cross_test_0010,cross,1.0011038487798967,32.04272544135336,0.5905188835950407,0.0010892630089074373,0.0009298260010837112
S03_concat_Mshell,0,cross_test_0011,cross,0.9872685358124454,27.369806038613973,0.3294373805504547,0.0028292119968682528,0.0009419790003448725
S03_concat_Mshell,0,cross_test_0012,cross,0.9985179970804414,31.673043971136934,0.570031028583204,0.0011081130942329764,0.0009324109996668994
S03_concat_Mshell,0,cross_test_0013,cross,0.9993045544651146,31.665261962736217,0.5700001653652588,0.0012793921632692218,0.000934521001909161
S03_concat_Mshell,0,cross_test_0014,cross,0.9931519146196089,27.733367223470967,0.34413005788624457,0.002116474788635969,0.0009327490006398875
S03_concat_Mshell,0,L_shape_test_0000,L-shape,0.9909472627362327,26.211668723274837,0.2678290953478258,0.0032375315204262733,0.0009336020011687651
S03_concat_Mshell,0,L_shape_test_0001,L-shape,0.9897275095564753,27.708297048807093,0.3438290815413196,0.0022058968897908926,0.0009184599985019304
S03_concat_Mshell,0,L_shape_test_0002,L-shape,0.9854996276015866,27.344356147495322,0.3281110557870567,0.002778795314952731,0.0009202569999615662
S03_concat_Mshell,0,L_shape_test_0003,L-shape,0.9884033579632062,27.538956800905257,0.3342567214551504,0.002576257800683379,0.0009260090009775013
S03_concat_Mshell,0,L_shape_test_0004,L-shape,0.9922645828894382,25.814110184773355,0.2448494141082216,0.003517752978950739,0.0009307260006607976
S03_concat_Mshell,0,L_shape_test_0005,L-shape,0.9897945790368815,27.18426867421723,0.3162689481057841,0.002577349077910185,0.0009367150014440995
S03_concat_Mshell,0,L_shape_test_0006,L-shape,0.9952294538165772,31.181848275252815,0.5417614168592558,0.0011619367869570851,0.0009438950000912882
S03_concat_Mshell,0,L_shape_test_0007,L-shape,0.9884805615742296,27.04984012944909,0.30831133089747564,0.0028515364974737167,0.0009347679988422897
S03_concat_Mshell,0,L_shape_test_0008,L-shape,0.99218313670869,30.50849007079077,0.5038003766424071,0.0013151707826182246,0.0009186959978251252
S03_concat_Mshell,0,L_shape_test_0009,L-shape,0.9919214748526186,26.43846707763773,0.27647900966890304,0.0032070796005427837,0.0009354110006825067
S03_concat_Mshell,0,L_shape_test_0010,L-shape,0.9952565153468372,30.623101996055833,0.5100505111743401,0.0012864450691267848,0.0009371779997309204
S03_concat_Mshell,0,L_shape_test_0011,L-shape,1.0022048955981782,33.3702785987823,0.6619303434663041,0.0007750076474621892,0.0009271989983972162
S03_concat_Mshell,0,L_shape_test_0012,L-shape,0.9917037262427506,26.79451978712998,0.2937095979691236,0.0027501273434609175,0.0009244410030078143
S03_concat_Mshell,0,L_shape_test_0013,L-shape,0.9944300535736661,27.286451009952554,0.3172208077408683,0.0026603860314935446,0.0009474300022702664
S03_concat_Mshell,0,L_shape_test_0014,L-shape,0.9998008894365962,32.19366251336049,0.5986718323281344,0.0010205042781308293,0.0009375570007250644
S03_concat_Mshell,0,L_shape_test_0015,L-shape,0.9902148575338109,25.908329313738392,0.25175084789245733,0.0033234888687729836,0.0009526759968139231
S03_concat_Mshell,0,L_shape_test_0016,L-shape,0.9903448072468926,27.452889524793616,0.3280458346629881,0.002552370773628354,0.0009276270029658917
S03_concat_Mshell,0,L_shape_test_0017,L-shape,0.9902707051225226,26.342582125250836,0.27246410101515184,0.0032237691339105368,0.0009382429998368025
S03_concat_Mshell,0,L_shape_test_0018,L-shape,0.9929311473855758,26.230462337366728,0.26246056848599586,0.0032598187681287527,0.0009293049988627899
S03_concat_Mshell,0,L_shape_test_0019,L-shape,0.998404069281594,33.33694482692985,0.661283072686221,0.0008884790586307645,0.0009743890004756395
S03_concat_Mshell,0,double_line_test_0000,double-line,0.9913925788837519,26.270110014359314,0.2667070259265852,0.0029318747110664845,0.0009454979990550783
S03_concat_Mshell,0,double_line_test_0001,double-line,0.9911251188662293,26.675825487865687,0.2909512291447669,0.0032066134735941887,0.0009359809992020018
S03_concat_Mshell,0,double_line_test_0002,double-line,1.0005006184433598,31.24365743535956,0.5436402145540116,0.001131167053245008,0.0009301079990109429
S03_concat_Mshell,0,double_line_test_0003,double-line,0.9901912320575698,25.670097538532634,0.2358489184392801,0.0037785577587783337,0.0009278140023525339
S03_concat_Mshell,0,double_line_test_0004,double-line,0.9869350671744491,25.952237301048413,0.25314300410295165,0.0036732477601617575,0.0009424790005141404
S03_concat_Mshell,0,double_line_test_0005,double-line,0.9964773507852002,26.009623681123706,0.25015145778161596,0.003222005208954215,0.0009368979990540538
S03_concat_Mshell,0,double_line_test_0006,double-line,0.9881548334563818,25.354526189434146,0.23249424779064087,0.004072749055922031,0.0009300069978053216
S03_concat_Mshell,0,double_line_test_0007,double-line,0.991408531672019,31.97988024705878,0.5886885891385787,0.0011726377997547388,0.0009260830011044163
S03_concat_Mshell,0,double_line_test_0008,double-line,0.987588232691431,28.421735066122938,0.38611013541269634,0.002115016570314765,0.0009284770021622535
S03_concat_Mshell,0,double_line_test_0009,double-line,0.9901260599013628,28.013147117516922,0.3586054278730718,0.0023642496671527624,0.0009355700021842495
S03_concat_Mshell,0,double_line_test_0010,double-line,0.9890686638475699,26.38827906233629,0.2746751406494647,0.0031110753770917654,0.0009420110000064597
S03_concat_Mshell,0,double_line_test_0011,double-line,0.9952729744133098,28.00277616609984,0.35526652072701254,0.0022831824608147144,0.0009342429984826595
S03_concat_Mshell,0,double_line_test_0012,double-line,0.9883892013403774,30.699495165723363,0.5140167845242057,0.0013816175051033497,0.0009367620004923083
S03_concat_Mshell,0,double_line_test_0013,double-line,0.9904239418081795,25.054187837280878,0.2091288439621027,0.004268351476639509,0.0009423340015928261
S03_concat_Mshell,0,double_line_test_0014,double-line,0.9895785600584265,25.82346545986524,0.24822001813026595,0.0036951375659555197,0.000929951998841716
S03_concat_Mshell,0,small_rect_edge_test_0000,small_rect_edge,0.9960330781021551,29.90613031958826,0.4676694827625274,0.001326872268691659,0.0009340949982288294
S03_concat_Mshell,0,small_rect_edge_test_0001,small_rect_edge,0.9869888240117736,30.8540469614347,0.5253203237554682,0.0012887985212728381,0.0009291380010836292
S03_concat_Mshell,0,small_rect_edge_test_0002,small_rect_edge,0.9960409804454139,27.739066892079258,0.34372550518996986,0.0021009230986237526,0.0009357590024592355
S03_concat_Mshell,0,small_rect_edge_test_0003,small_rect_edge,0.9928429290219863,30.54037306421189,0.5062034807430265,0.0014350591227412224,0.001015591999021126
S03_concat_Mshell,0,small_rect_edge_test_0004,small_rect_edge,0.9929760628479164,29.181969453494677,0.42962601759465124,0.001961928093805909,0.0009666219993960112
S03_concat_Mshell,0,small_rect_edge_test_0005,small_rect_edge,0.9978387425244012,29.47111400532341,0.4534450462235634,0.0015295929042622447,0.0009376099988003261
S03_concat_Mshell,0,small_rect_edge_test_0006,small_rect_edge,0.9937896538576666,29.992226807387965,0.4735987775111156,0.0015192597638815641,0.0009885139988909941
S03_concat_Mshell,0,small_rect_edge_test_0007,small_rect_edge,0.9994398966106578,29.080114381729942,0.4178222511799978,0.0016002125339582562,0.0009348159983346704
S03_concat_Mshell,0,small_rect_edge_test_0008,small_rect_edge,0.9925303446652269,28.45473917840198,0.389106590340852,0.0020578259136527777,0.0009327569969173055
S03_concat_Mshell,0,small_rect_edge_test_0009,small_rect_edge,0.9988212412628772,30.900934955632238,0.525190692836898,0.0012386461021378636,0.0009245900000678375
S03_concat_Mshell,0,point_cluster_test_0000,point_cluster,0.9982341527368628,32.92600033733591,0.6879445980533916,0.0009412888903170824,0.0009285470005124807
S03_concat_Mshell,0,point_cluster_test_0001,point_cluster,0.9972241503881987,31.683240211572045,0.571464708459772,0.001305888406932354,0.0009347369996248744
S03_concat_Mshell,0,point_cluster_test_0002,point_cluster,1.0116728062886333,35.555238188689565,0.7644764780123542,0.0007225909503176808,0.0009278240031562746
S03_concat_Mshell,0,point_cluster_test_0003,point_cluster,1.0082212360545475,35.82853268516611,0.7755836258326275,0.0005825773114338517,0.0009229069983121008
S03_concat_Mshell,0,point_cluster_test_0004,point_cluster,0.9992275766514651,31.421745502916878,0.5562096388355579,0.0013468099059537053,0.000950080000620801
S03_concat_Mshell,0,point_cluster_test_0005,point_cluster,0.9959981004794679,31.38336635238311,0.5542897809105056,0.0012681185035035014,0.0009920770025928505
S03_concat_Mshell,0,point_cluster_test_0006,point_cluster,1.0150454650862477,35.003125903036754,0.7688172990364832,0.0006538635934703052,0.0009385960001964122
S03_concat_Mshell,0,point_cluster_test_0007,point_cluster,1.023151335157182,35.50871419405144,0.7887353841799524,0.0007060765055939555,0.0009512870019534603
S03_concat_Mshell,0,point_cluster_test_0008,point_cluster,1.002923518932117,34.737363447313726,0.7294544429062855,0.0007880737539380789,0.0009526370013190899
S03_concat_Mshell,0,point_cluster_test_0009,point_cluster,1.0083179597013667,36.04344062693541,0.824612470332806,0.0005313229630701244,0.0009334520000265911
S03_concat_Mshell,0,point_cluster_test_0010,point_cluster,0.9908607026712672,31.322525269628976,0.5517785661637777,0.0013604381820186973,0.0009506389978923835
S03_concat_Mshell,0,point_cluster_test_0011,point_cluster,1.0104044372788974,34.86209601805879,0.7350732889968334,0.0009210408898070455,0.0009211389988195151
S03_concat_Mshell,0,point_cluster_test_0012,point_cluster,1.0065985586222057,33.626183455645815,0.6755422276981988,0.0008947342284955084,0.0009348229978058953
S03_concat_Mshell,0,point_cluster_test_0013,point_cluster,1.0032799178451086,32.3463953375411,0.6088196550536521,0.0013256804086267948,0.0009311289977631532
S03_concat_Mshell,0,point_cluster_test_0014,point_cluster,1.0047404565089335,34.24121512451408,0.7056504284696372,0.0006667239940725267,0.0009383830001752358
S03_concat_Mshell,0,point_cluster_test_0015,point_cluster,1.0058524739591712,34.37044199710853,0.7120958254927169,0.0007590048480778933,0.0009325840001110919
S03_concat_Mshell,0,point_cluster_test_0016,point_cluster,0.9972207146120593,31.890783881061694,0.6141151890676608,0.001268076361157,0.0009272250026697293
S03_concat_Mshell,0,point_cluster_test_0017,point_cluster,1.0371285806520882,35.98838274382407,0.8549237547329158,0.0005458148662000895,0.000939671001106035
S03_concat_Mshell,0,point_cluster_test_0018,point_cluster,0.9839590007294697,35.805873950216416,0.7955488959096751,0.0007092414889484644,0.0009331119981652591
S03_concat_Mshell,0,point_cluster_test_0019,point_cluster,1.0137549962475982,34.83454662797438,0.732521357936419,0.0005935117369517684,0.0009373989996674936
S04_concat_Mshell_delta,0,line_test_0000,line,1.4083883827192727,29.353789520604792,0.48293939069538167,0.00345783238299191,0.00308932299958542
S04_concat_Mshell_delta,0,line_test_0001,line,1.4127428455601008,24.409593249018428,0.2966308954560568,0.009763152338564396,0.0009620399978302885
S04_concat_Mshell_delta,0,line_test_0002,line,1.7538361952730064,27.762409978069684,0.39307579087646316,0.006021344102919102,0.0009462480011279695
S04_concat_Mshell_delta,0,line_test_0003,line,8.059731489784166,24.847909463246538,0.14193682476191583,0.010330809280276299,0.0009586430023773573
S04_concat_Mshell_delta,0,line_test_0004,line,1.8008270948353493,34.08368631160568,0.6956683046021924,0.0018880917923524976,0.0009456620027776808
S04_concat_Mshell_delta,0,line_test_0005,line,2.2579080456723783,28.879948288121255,0.41592655933155215,0.005359723698347807,0.0009418130030098837
S04_concat_Mshell_delta,0,line_test_0006,line,4.84678415976565,24.74450457703557,0.18340323997716926,0.00927202869206667,0.0009461260015086737
S04_concat_Mshell_delta,0,line_test_0007,line,2.104969100438643,26.556445166793768,0.3393063172837593,0.006081093102693558,0.0010189049971813802
S04_concat_Mshell_delta,0,line_test_0008,line,0.9776984778546753,25.918696688134695,0.4053782247429153,0.006653575226664543,0.0009498260005784687
S04_concat_Mshell_delta,0,line_test_0009,line,1.4023833206909848,28.738152599572487,0.43044420679308387,0.004311427474021912,0.0009429210003872868
S04_concat_Mshell_delta,0,line_test_0010,line,1.8563158314337205,29.733156793155228,0.47928872648861054,0.004177234601229429,0.0009396999994351063
S04_concat_Mshell_delta,0,line_test_0011,line,1.0846691132810025,27.393916612764926,0.33760649451351427,0.0034474718850106,0.0009427170007256791
S04_concat_Mshell_delta,0,line_test_0012,line,1.532666556474588,27.827442749584485,0.39548210653323085,0.0053686778992414474,0.0009559179998177569
S04_concat_Mshell_delta,0,line_test_0013,line,1.3314774246186145,25.770397435064197,0.4162980832682494,0.007753726560622454,0.0009513539989711717
S04_concat_Mshell_delta,0,line_test_0014,line,1.3493893799059802,33.528588112361284,0.6678209529639808,0.001669364864937961,0.0009328699998150114
S04_concat_Mshell_delta,0,line_test_0015,line,4.1678307412186495,29.189994927015917,0.40770675983341254,0.004426587838679552,0.0009496510028839111
S04_concat_Mshell_delta,0,line_test_0016,line,1.5783869896917992,26.22087556069001,0.30954991230177986,0.0072465199045836926,0.0009481199995207135
S04_concat_Mshell_delta,0,line_test_0017,line,1.1879513222393578,31.347016327545617,0.5549107942449976,0.0018633540021255612,0.0009440819994779304
S04_concat_Mshell_delta,0,line_test_0018,line,1.7554270407862689,26.924775434861704,0.3326943459349112,0.006180586759001017,0.0009673410022514872
S04_concat_Mshell_delta,0,line_test_0019,line,2.5535754718828607,25.22960177129349,0.2546843745405053,0.008131244219839573,0.000963653001235798
S04_concat_Mshell_delta,0,cross_test_0000,cross,3.4207912909867826,26.839098596911008,0.2744063503254547,0.008175563998520374,0.0009333300004072953
S04_concat_Mshell_delta,0,cross_test_0001,cross,0.9638446547099646,26.66060394377979,0.47287822906307414,0.007337530609220266,0.0009430419995624106
S04_concat_Mshell_delta,0,cross_test_0002,cross,1.4503321584316617,28.750313510619854,0.4334062972810104,0.003433128586038947,0.0009336390030512121
S04_concat_Mshell_delta,0,cross_test_0003,cross,1.1725256321907922,26.941677367526296,0.450448690874193,0.006175510119646788,0.0009438880006200634
S04_concat_Mshell_delta,0,cross_test_0004,cross,1.2595084555523133,26.86367848607552,0.4468064262854059,0.007051617838442326,0.0009448769997106865
S04_concat_Mshell_delta,0,cross_test_0005,cross,3.4246824485235963,25.818508862432843,0.1995045377160656,0.010188975371420383,0.000943216000450775
S04_concat_Mshell_delta,0,cross_test_0006,cross,1.3286694711015306,27.486073126497853,0.48605671288076835,0.00438569113612175,0.0009386569981870707
S04_concat_Mshell_delta,0,cross_test_0007,cross,2.327199320795849,30.26298874727512,0.5307543570229781,0.003613570239394903,0.0009623480000300333
S04_concat_Mshell_delta,0,cross_test_0008,cross,1.509733688332566,26.1770307434184,0.3057947693624095,0.008025899529457092,0.000944552000873955
S04_concat_Mshell_delta,0,cross_test_0009,cross,2.686438280547468,28.587830922554787,0.3898929610139953,0.004622815176844597,0.0009388869984832127
S04_concat_Mshell_delta,0,cross_test_0010,cross,4.020402079073176,26.004821682940683,0.19738595850617804,0.009406264871358871,0.0009404630000062753
S04_concat_Mshell_delta,0,cross_test_0011,cross,1.6023237241494654,25.266656570365285,0.2624317189394451,0.009212583303451538,0.0009394789994985331
S04_concat_Mshell_delta,0,cross_test_0012,cross,1.6188589428080433,29.574512965549292,0.5143545585864753,0.00410498259589076,0.0009580999976606108
S04_concat_Mshell_delta,0,cross_test_0013,cross,2.3000474723764066,28.044872543138233,0.3145150550150666,0.007310775574296713,0.0009370180014229845
S04_concat_Mshell_delta,0,cross_test_0014,cross,1.2316510162154553,26.798647279817402,0.3480482581198738,0.005288949701935053,0.0009379410003020894
S04_concat_Mshell_delta,0,L_shape_test_0000,L-shape,1.4740533613381543,24.487042208210262,0.21601338251327903,0.009666490368545055,0.0009440560024813749
S04_concat_Mshell_delta,0,L_shape_test_0001,L-shape,1.3045241914744554,26.50893201939904,0.40062268288885416,0.0063573201186954975,0.0009412119979970157
S04_concat_Mshell_delta,0,L_shape_test_0002,L-shape,2.054016207296568,24.154882090573256,0.1960683482797016,0.012713300995528698,0.0009418619993084576
S04_concat_Mshell_delta,0,L_shape_test_0003,L-shape,1.4154785422619482,25.9792657265685,0.30386269306467045,0.007012277841567993,0.0009533330012345687
S04_concat_Mshell_delta,0,L_shape_test_0004,L-shape,1.3446414173695078,24.494319951530063,0.2174213574442779,0.009130983613431454,0.0009444040006201249
S04_concat_Mshell_delta,0,L_shape_test_0005,L-shape,1.3011272594784387,25.99652174405753,0.2910444466110657,0.00677174748852849,0.0009569680005370174
S04_concat_Mshell_delta,0,L_shape_test_0006,L-shape,1.4226902747517438,29.629976913894794,0.4662536271750524,0.003608762053772807,0.0009368589999212418
S04_concat_Mshell_delta,0,L_shape_test_0007,L-shape,1.2584737738016691,26.001079814842964,0.3220094893368674,0.006379513069987297,0.0009610060005798005
S04_concat_Mshell_delta,0,L_shape_test_0008,L-shape,1.5879497924433141,28.46604061400921,0.38244208987774014,0.004540708381682634,0.0009457580017624423
S04_concat_Mshell_delta,0,L_shape_test_0009,L-shape,2.162766191933027,23.053144074746594,0.16166288529745748,0.015875378623604774,0.0009527589973004069
S04_concat_Mshell_delta,0,L_shape_test_0010,L-shape,1.5483733119963867,28.703695530253196,0.42630523368939716,0.004023182671517134,0.0009423070005141199
S04_concat_Mshell_delta,0,L_shape_test_0011,L-shape,1.2836547034640993,32.295361693231214,0.6007912150322543,0.002052718074992299,0.0009401960014656652
S04_concat_Mshell_delta,0,L_shape_test_0012,L-shape,1.105202538533233,26.32392045132697,0.32332644335156174,0.005128240678459406,0.0009354980029456783
S04_concat_Mshell_delta,0,L_shape_test_0013,L-shape,1.1422122373696257,26.684725337099884,0.3279935594304135,0.005128609947860241,0.0009631289976823609
S04_concat_Mshell_delta,0,L_shape_test_0014,L-shape,1.5606097355233777,30.259854818564264,0.48463752629074525,0.0033954037353396416,0.0009371740015922114
S04_concat_Mshell_delta,0,L_shape_test_0015,L-shape,1.3194256662121178,24.661774220467688,0.2589833743036215,0.00897997710853815,0.0009402889991179109
S04_concat_Mshell_delta,0,L_shape_test_0016,L-shape,1.2225318792383264,26.538151946983703,0.32337878985247775,0.00567224295809865,0.0009410150014446117
S04_concat_Mshell_delta,0,L_shape_test_0017,L-shape,1.398291670016648,24.844143964260866,0.2925878304056166,0.008901351131498814,0.000944248000450898
S04_concat_Mshell_delta,0,L_shape_test_0018,L-shape,1.3206806756973817,24.9916753935535,0.24503912716719106,0.007284326478838921,0.0009332140034530312
S04_concat_Mshell_delta,0,L_shape_test_0019,L-shape,3.915250227411349,27.402413251257663,0.28820127517588406,0.006640677805989981,0.0009385019984620158
S04_concat_Mshell_delta,0,double_line_test_0000,double-line,1.072601312728464,25.928183233384384,0.32979035532606066,0.005176186561584473,0.0009330579996458255
S04_concat_Mshell_delta,0,double_line_test_0001,double-line,1.2852960763796804,25.547078769275473,0.27815077755009104,0.0072737750597298145,0.0009461980007472448
S04_concat_Mshell_delta,0,double_line_test_0002,double-line,1.108407007665504,30.798838492240197,0.5195503115786068,0.0018622013740241528,0.0009464680006203707
S04_concat_Mshell_delta,0,double_line_test_0003,double-line,1.1606678770007939,24.980208561076083,0.3284699225962219,0.008052114397287369,0.0009458799977437593
S04_concat_Mshell_delta,0,double_line_test_0004,double-line,1.1022807065705469,25.472201258456025,0.3342648382614881,0.007293495815247297,0.0009482950008532498
S04_concat_Mshell_delta,0,double_line_test_0005,double-line,1.0204437190740716,25.906407487837477,0.25354951077563914,0.0039961328729987144,0.0009436459986318368
S04_concat_Mshell_delta,0,double_line_test_0006,double-line,1.4454150336793103,23.702850363094033,0.2560102926797193,0.010125207714736462,0.0009393809996254276
S04_concat_Mshell_delta,0,double_line_test_0007,double-line,4.246737967498528,25.661852228394185,0.2019729025175204,0.009129362180829048,0.0009513370023341849
S04_concat_Mshell_delta,0,double_line_test_0008,double-line,2.392513128732566,24.578950677346167,0.17038836237001384,0.011843979358673096,0.0009339589996670838
S04_concat_Mshell_delta,0,double_line_test_0009,double-line,1.574685170138345,25.998114874969684,0.34703647241375485,0.006993011571466923,0.000948326000070665
S04_concat_Mshell_delta,0,double_line_test_0010,double-line,1.4369037659587898,24.766266691354165,0.29022125830808126,0.00894466508179903,0.001021805001073517
S04_concat_Mshell_delta,0,double_line_test_0011,double-line,1.0645395658422196,27.710580087476806,0.361102068591602,0.003679718589410186,0.0009457220003241673
S04_concat_Mshell_delta,0,double_line_test_0012,double-line,2.0665839051820156,27.4962446800764,0.37751951813550993,0.0054720197804272175,0.0009567400011292193
S04_concat_Mshell_delta,0,double_line_test_0013,double-line,1.2645241462355665,23.993127972256495,0.32091519535899754,0.010531343519687653,0.0009486920025665313
S04_concat_Mshell_delta,0,double_line_test_0014,double-line,1.2952076407191524,24.654574146957216,0.2770762265557784,0.010302040725946426,0.0009410090024175588
S04_concat_Mshell_delta,0,small_rect_edge_test_0000,small_rect_edge,1.2027387381861632,29.08715499625057,0.45940212123728585,0.0029379723127931356,0.0009405409982718993
S04_concat_Mshell_delta,0,small_rect_edge_test_0001,small_rect_edge,2.2315443270264512,27.311114222443706,0.31397392322821494,0.006383148953318596,0.0009494780024397187
S04_concat_Mshell_delta,0,small_rect_edge_test_0002,small_rect_edge,1.1674457460810026,27.04947207293861,0.3270340728294724,0.003739411709830165,0.0009432410006411374
S04_concat_Mshell_delta,0,small_rect_edge_test_0003,small_rect_edge,3.736939245257132,24.784018162237082,0.18381183141452626,0.010478700511157513,0.0009531350006000139
S04_concat_Mshell_delta,0,small_rect_edge_test_0004,small_rect_edge,2.724106253532716,24.799116772688432,0.20680985150261144,0.010031201876699924,0.0009391830026288517
S04_concat_Mshell_delta,0,small_rect_edge_test_0005,small_rect_edge,1.5718500074220492,27.497606943869542,0.3369415742982597,0.004407218657433987,0.0009405090022482909
S04_concat_Mshell_delta,0,small_rect_edge_test_0006,small_rect_edge,1.276077866012,28.9063999871094,0.43759060100145913,0.0049766236916184425,0.0009449190001760144
S04_concat_Mshell_delta,0,small_rect_edge_test_0007,small_rect_edge,1.156875921813516,28.444813349632227,0.38705376275850156,0.0027179932221770287,0.0009491199998592492
S04_concat_Mshell_delta,0,small_rect_edge_test_0008,small_rect_edge,1.889263930732008,25.659250676549384,0.23840108657372663,0.009118838235735893,0.0009467799973208457
S04_concat_Mshell_delta,0,small_rect_edge_test_0009,small_rect_edge,1.4513799752783274,29.278001395140073,0.43679569212187574,0.0036523377057164907,0.000919231002626475
S04_concat_Mshell_delta,0,point_cluster_test_0000,point_cluster,5.0410512388763244,25.89311317577342,0.2725752280598635,0.006741812918335199,0.0009493350007687695
S04_concat_Mshell_delta,0,point_cluster_test_0001,point_cluster,1.4429919452211888,30.078529254764447,0.5139947970912525,0.0041678291745483875,0.0009413819971086923
S04_concat_Mshell_delta,0,point_cluster_test_0002,point_cluster,3.742809268420892,29.873661678455292,0.44039666162029023,0.004388449247926474,0.0009802009990380611
S04_concat_Mshell_delta,0,point_cluster_test_0003,point_cluster,7.010154235348027,27.40681529613301,0.29014591220102653,0.006371940020471811,0.0009368999999423977
S04_concat_Mshell_delta,0,point_cluster_test_0004,point_cluster,1.7007035010371068,29.112103564742362,0.45465686970000946,0.004774386063218117,0.0009394369990332052
S04_concat_Mshell_delta,0,point_cluster_test_0005,point_cluster,1.6418205916932715,29.212694436145497,0.4272790660884485,0.004476641770452261,0.0009537740006635431
S04_concat_Mshell_delta,0,point_cluster_test_0006,point_cluster,7.5711749506007,26.27634821941312,0.23819630083593077,0.007241529878228903,0.0009481160013820045
S04_concat_Mshell_delta,0,point_cluster_test_0007,point_cluster,8.893184840702398,26.117539541225526,0.23950658744758258,0.007100758142769337,0.0009384030017827172
S04_concat_Mshell_delta,0,point_cluster_test_0008,point_cluster,6.193498027987829,26.8306816837675,0.26614600953581785,0.006798062939196825,0.000927048000448849
S04_concat_Mshell_delta,0,point_cluster_test_0009,point_cluster,4.864736596432677,29.20882221649305,0.4596840678552937,0.0037163645029067993,0.0009406419994775206
S04_concat_Mshell_delta,0,point_cluster_test_0010,point_cluster,1.8027387026313317,28.723323427260986,0.41375812568540243,0.005091116297990084,0.0009505479974905029
S04_concat_Mshell_delta,0,point_cluster_test_0011,point_cluster,10.457114060278885,24.712929875626273,0.14024023003268923,0.009969045408070087,0.0009482540008320939
S04_concat_Mshell_delta,0,point_cluster_test_0012,point_cluster,3.6042945406301965,28.0865438898244,0.34583410012030347,0.0047462680377066135,0.0009440300018468406
S04_concat_Mshell_delta,0,point_cluster_test_0013,point_cluster,2.7144352026137115,28.02382194400815,0.3048163488669447,0.006930497940629721,0.0009369350009365007
S04_concat_Mshell_delta,0,point_cluster_test_0014,point_cluster,2.4712780532834615,30.332537893271713,0.48408498522029614,0.0036825404968112707,0.0009575899966876023
S04_concat_Mshell_delta,0,point_cluster_test_0015,point_cluster,2.7438339413302604,30.012206594063606,0.453245027452646,0.003731649136170745,0.0009463080023124348
S04_concat_Mshell_delta,0,point_cluster_test_0016,point_cluster,2.896319718583563,27.26023180050356,0.33825253225815743,0.0065599228255450726,0.0009390789964527357
S04_concat_Mshell_delta,0,point_cluster_test_0017,point_cluster,3.859798011223034,30.281063026134245,0.597683115140559,0.0029388749971985817,0.0009605820014257915
S04_concat_Mshell_delta,0,point_cluster_test_0018,point_cluster,11.746657400308457,25.036500779484424,0.18258757150572377,0.008052884601056576,0.0009373469983984251
S04_concat_Mshell_delta,0,point_cluster_test_0019,point_cluster,5.645262412780618,27.377035226640626,0.2882911247103143,0.00611043581739068,0.0009317880030721426
S04_concat_Mshell_delta,1,line_test_0000,line,0.9666393101261275,30.98836906892455,0.5388128288744057,0.0015629342524334788,0.0009146800002781674
S04_concat_Mshell_delta,1,line_test_0001,line,0.9591310017607443,26.091444976376962,0.29758578469109775,0.0045929946936666965,0.0009567829984007403
S04_concat_Mshell_delta,1,line_test_0002,line,0.9599171105579956,30.37996279781305,0.5164117872865773,0.0024122977629303932,0.0009493319994362537
S04_concat_Mshell_delta,1,line_test_0003,line,1.1478114308049994,33.31240969759893,0.6574665045338068,0.002070652088150382,0.000940511999942828
S04_concat_Mshell_delta,1,line_test_0004,line,0.995914870169702,36.656184346123226,0.8067480923942346,0.0008235256536863744,0.0009494879996054806
S04_concat_Mshell_delta,1,line_test_0005,line,0.9880039452668187,32.469424089728996,0.6183121877970503,0.001352381776086986,0.0009466939991398249
S04_concat_Mshell_delta,1,line_test_0006,line,1.019615957474277,31.514674995580712,0.5720457205372004,0.0019569697324186563,0.0009615430026315153
S04_concat_Mshell_delta,1,line_test_0007,line,0.9738266233905583,29.904085983585233,0.4883219548585817,0.0019794050604104996,0.0009413099978701212
S04_concat_Mshell_delta,1,line_test_0008,line,0.9602814486670475,25.996760676441323,0.2872847658619209,0.004206118173897266,0.0011021509999409318
S04_concat_Mshell_delta,1,line_test_0009,line,0.9689162911857321,30.343957224639198,0.5060371914852586,0.001916416804306209,0.000949930999922799
S04_concat_Mshell_delta,1,line_test_0010,line,0.9963417647826899,32.435591882844705,0.6173624596585887,0.0014787547988817096,0.0010475710005266592
S04_concat_Mshell_delta,1,line_test_0011,line,0.9722756913809562,27.86899529899228,0.3717337035377129,0.0031410064548254013,0.0009521190004306845
S04_concat_Mshell_delta,1,line_test_0012,line,0.9747233157713683,29.79310618630366,0.4791597055493858,0.002284425776451826,0.000945279000006849
S04_concat_Mshell_delta,1,line_test_0013,line,0.9151817016157653,27.398662104970196,0.3903418347849635,0.003096742322668433,0.000935668998863548
S04_concat_Mshell_delta,1,line_test_0014,line,0.995075537823865,34.851400580667914,0.7350978139323827,0.0012524209450930357,0.0009453739985474385
S04_concat_Mshell_delta,1,line_test_0015,line,1.0113730727062038,35.33998187369383,0.7572636644134403,0.0011185152688995004,0.0009438349989068229
S04_concat_Mshell_delta,1,line_test_0016,line,0.9727020449953436,28.323212310546786,0.39474492001774464,0.002799984999001026,0.0009609220032871235
S04_concat_Mshell_delta,1,line_test_0017,line,1.0131208097492015,32.0383905869718,0.5950185165338474,0.0018535307608544827,0.0009416020002390724
S04_concat_Mshell_delta,1,line_test_0018,line,0.9785905155813405,29.462593461750863,0.4558689889260305,0.0023619486019015312,0.000954843002546113
S04_concat_Mshell_delta,1,line_test_0019,line,0.9693366672265566,29.436342487691874,0.46176685948627055,0.002138885436579585,0.0009440419999009464
S04_concat_Mshell_delta,1,cross_test_0000,cross,1.018185110971613,32.102096935828015,0.5986794545172262,0.002027899492532015,0.0009454939972783905
S04_concat_Mshell_delta,1,cross_test_0001,cross,0.9561923367840626,26.695221597039705,0.31276637492581827,0.0036401303950697184,0.0009412020008312538
S04_concat_Mshell_delta,1,cross_test_0002,cross,1.0018847347886677,30.3568107375651,0.5045916445005182,0.00237884558737278,0.000977997999143554
S04_concat_Mshell_delta,1,cross_test_0003,cross,0.9490850554659077,27.859849532621567,0.38634180199670876,0.0033199640456587076,0.0009458849999646191
S04_concat_Mshell_delta,1,cross_test_0004,cross,0.9573762643573639,28.054862924896256,0.3915230046822239,0.003252137918025255,0.0009420280002814252
S04_concat_Mshell_delta,1,cross_test_0005,cross,1.0371761487315587,31.006186724231206,0.5367298316477429,0.002818146487697959,0.0009560170001350343
S04_concat_Mshell_delta,1,cross_test_0006,cross,0.9395696918385382,28.990952509164597,0.4391560579386196,0.0022058156318962574,0.0009400779999850783
S04_concat_Mshell_delta,1,cross_test_0007,cross,0.9923890633186845,33.964504683019506,0.6958745622209195,0.0012847414473071694,0.0009470690019952599
S04_concat_Mshell_delta,1,cross_test_0008,cross,0.9877943652958945,28.019368587399555,0.38619741892375814,0.003661872586235404,0.000947259999520611
S04_concat_Mshell_delta,1,cross_test_0009,cross,1.0023906866510142,32.869229412261205,0.6392292217832403,0.0013235369697213173,0.0009502499997324776
S04_concat_Mshell_delta,1,cross_test_0010,cross,1.0350669300898625,31.89783232637506,0.5859266277703226,0.0020473322365432978,0.0009426559990970418
S04_concat_Mshell_delta,1,cross_test_0011,cross,1.0210846291045554,27.223541837107554,0.34371846012321156,0.004531606566160917,0.0009554669995850418
S04_concat_Mshell_delta,1,cross_test_0012,cross,0.9680737526305637,31.80751842996188,0.5887435094820217,0.0016882767667993903,0.0009514859993942082
S04_concat_Mshell_delta,1,cross_test_0013,cross,1.0216192015394008,31.569350267203333,0.569395872237755,0.0024405112490057945,0.0009454870014451444
S04_concat_Mshell_delta,1,cross_test_0014,cross,0.9733840962707642,27.820681567420237,0.36868392778907966,0.0029608141630887985,0.0009426260003237985
S04_concat_Mshell_delta,1,L_shape_test_0000,L-shape,0.9899557158590968,26.216016267821228,0.2923828392068359,0.0046601686626672745,0.0009508200018899515
S04_concat_Mshell_delta,1,L_shape_test_0001,L-shape,0.9721480942715917,27.78612943022315,0.3622220985393034,0.002750594634562731,0.0009487870011071209
S04_concat_Mshell_delta,1,L_shape_test_0002,L-shape,0.992218806767107,27.314846206781432,0.34800391812906706,0.004178369417786598,0.0009680710027168971
S04_concat_Mshell_delta,1,L_shape_test_0003,L-shape,0.9783423906104154,27.583390219872314,0.35352544436398115,0.0033530788496136665,0.0009467730014875997
S04_concat_Mshell_delta,1,L_shape_test_0004,L-shape,0.9860108491767807,25.841567879773248,0.2653960256071916,0.004651699680835009,0.0009527670008537825
S04_concat_Mshell_delta,1,L_shape_test_0005,L-shape,0.9723264632113885,27.261598452957138,0.3452894863225978,0.003719222964718938,0.0009320700009993743
S04_concat_Mshell_delta,1,L_shape_test_0006,L-shape,0.9803707198116849,31.24717713477795,0.5509666981421811,0.0015898733399808407,0.0009399299997312482
S04_concat_Mshell_delta,1,L_shape_test_0007,L-shape,0.979515889451578,27.089406610189208,0.32402195394355937,0.003530465066432953,0.0009391739986313041
S04_concat_Mshell_delta,1,L_shape_test_0008,L-shape,1.0018594906818432,30.466340276681088,0.5059615587633602,0.0022704442963004112,0.0009457539999857545
S04_concat_Mshell_delta,1,L_shape_test_0009,L-shape,0.983337925105285,26.476211980796172,0.2977906997546172,0.004273576196283102,0.0009445619980397169
S04_concat_Mshell_delta,1,L_shape_test_0010,L-shape,0.9825288424677731,30.678999155480994,0.5224202939263439,0.0019389945082366467,0.0009425079988432117
S04_concat_Mshell_delta,1,L_shape_test_0011,L-shape,0.987201780621671,33.43578435334497,0.6692413104440631,0.0016160213854163885,0.000952787999267457
S04_concat_Mshell_delta,1,L_shape_test_0012,L-shape,0.9677614228208256,26.900656106863305,0.31847202053297785,0.003357495879754424,0.0009446389994991478
S04_concat_Mshell_delta,1,L_shape_test_0013,L-shape,0.9818698533967158,27.341654009568657,0.3324507943571359,0.0032373538706451654,0.000952632002736209
S04_concat_Mshell_delta,1,L_shape_test_0014,L-shape,0.9947380861701777,32.21571040797043,0.6061264215145815,0.0018741124076768756,0.000934792999032652
S04_concat_Mshell_delta,1,L_shape_test_0015,L-shape,0.9662231465360788,26.014849045310942,0.27992976282714255,0.0040655797347426414,0.0009448829987377394
S04_concat_Mshell_delta,1,L_shape_test_0016,L-shape,0.9678134904838294,27.55283723437804,0.35120456904999564,0.003166878828778863,0.000943864000873873
S04_concat_Mshell_delta,1,L_shape_test_0017,L-shape,0.9773416317410379,26.39965777936459,0.2960990899649433,0.004102770239114761,0.0009502240027359221
S04_concat_Mshell_delta,1,L_shape_test_0018,L-shape,0.981965367625741,26.278691780282237,0.2799178151576221,0.003963386174291372,0.0009491320015513338
S04_concat_Mshell_delta,1,L_shape_test_0019,L-shape,1.042342510256581,33.14990389970328,0.6510166166142928,0.001636612112633884,0.0009261250015697442
S04_concat_Mshell_delta,1,double_line_test_0000,double-line,0.967344221277892,26.376756218473368,0.28866697850462186,0.0032832471188157797,0.0009548620000714436
S04_concat_Mshell_delta,1,double_line_test_0001,double-line,0.9888933908767628,26.68561571312983,0.3143592525548427,0.004272027872502804,0.0009554309981467668
S04_concat_Mshell_delta,1,double_line_test_0002,double-line,0.9854173624805609,31.309629126019267,0.5549255957212399,0.0017655002884566784,0.0009454940009163693
S04_concat_Mshell_delta,1,double_line_test_0003,double-line,0.9637217341822423,25.787771782060624,0.2659193387859923,0.004510699771344662,0.0011747280004783534
S04_concat_Mshell_delta,1,double_line_test_0004,double-line,0.959310767261568,26.075530137711056,0.29172561046099676,0.004632947500795126,0.0009445230025448836
S04_concat_Mshell_delta,1,double_line_test_0005,double-line,0.9807088108249977,26.078897261601025,0.27563807543385493,0.00422110827639699,0.0009534829987387639
S04_concat_Mshell_delta,1,double_line_test_0006,double-line,0.9660959264147589,25.452573633735213,0.2683522903041596,0.005020724609494209,0.0009505640009592753
S04_concat_Mshell_delta,1,double_line_test_0007,double-line,1.0098559064873522,31.899812536959523,0.5880369547258291,0.0020958157256245613,0.000935397001740057
S04_concat_Mshell_delta,1,double_line_test_0008,double-line,0.9913068836349781,28.405412743432088,0.3949660570872096,0.0030554209370166063,0.0009407350007677451
S04_concat_Mshell_delta,1,double_line_test_0009,double-line,0.9718828822020852,28.0939128435079,0.38186069820593543,0.003109773388132453,0.0009515410019957926
S04_concat_Mshell_delta,1,double_line_test_0010,double-line,0.9635721935020028,26.50170091701884,0.3016842424786714,0.00375639321282506,0.0009483279973210301
S04_concat_Mshell_delta,1,double_line_test_0011,double-line,0.9608657040776813,28.15557134684399,0.39128140517933924,0.003501888597384095,0.0009455799990973901
S04_concat_Mshell_delta,1,double_line_test_0012,double-line,0.9726558682633721,30.769182869706377,0.5248217984003394,0.0017685940256342292,0.0009321670004283078
S04_concat_Mshell_delta,1,double_line_test_0013,double-line,0.9707894607877232,25.14114831947171,0.23497744774435741,0.005037768743932247,0.0009517840007902123
S04_concat_Mshell_delta,1,double_line_test_0014,double-line,0.981725007176195,25.858069639955975,0.28138786881507305,0.005233785603195429,0.0009386480014654808
S04_concat_Mshell_delta,1,small_rect_edge_test_0000,small_rect_edge,0.9708707310518662,30.017253751804255,0.48903952077761653,0.0019357400014996529,0.000935022999328794
S04_concat_Mshell_delta,1,small_rect_edge_test_0001,small_rect_edge,0.99438701567912,30.821614886276688,0.5288846411585392,0.0019122484372928739,0.0009443050003028475
S04_concat_Mshell_delta,1,small_rect_edge_test_0002,small_rect_edge,0.9752692129213947,27.830593658337506,0.371083789980625,0.003399452194571495,0.0009473370009800419
S04_concat_Mshell_delta,1,small_rect_edge_test_0003,small_rect_edge,0.9797929950558726,30.597835179708106,0.5199666025488783,0.002268596086651087,0.000945198000408709
S04_concat_Mshell_delta,1,small_rect_edge_test_0004,small_rect_edge,1.0183460553818466,29.07240316119242,0.44246783944267104,0.003286416409537196,0.0009568239984218962
S04_concat_Mshell_delta,1,small_rect_edge_test_0005,small_rect_edge,1.0226296258827106,29.36453428239689,0.4547651058674225,0.0027477440889924765,0.0009750399985932745
S04_concat_Mshell_delta,1,small_rect_edge_test_0006,small_rect_edge,0.9805436939154849,30.050501968133947,0.4913243891710477,0.002515379572287202,0.0009455309991608374
S04_concat_Mshell_delta,1,small_rect_edge_test_0007,small_rect_edge,0.9756122950949883,29.1849086453222,0.43934683000805635,0.00245387083850801,0.0009394560001965147
S04_concat_Mshell_delta,1,small_rect_edge_test_0008,small_rect_edge,1.0281546185553379,28.301592584042407,0.39011472270052133,0.0034738776739686728,0.000928344001295045
S04_concat_Mshell_delta,1,small_rect_edge_test_0009,small_rect_edge,0.9884260849081882,30.946370879378122,0.5366119967718108,0.0022650184109807014,0.0009361579977849033
S04_concat_Mshell_delta,1,point_cluster_test_0000,point_cluster,1.0180619824193877,32.840582223790925,0.6850191455395326,0.0016121119260787964,0.0009450420002394821
S04_concat_Mshell_delta,1,point_cluster_test_0001,point_cluster,0.9723922319593575,31.792753543282977,0.5890372855051933,0.0020885097328573465,0.0009534080018056557
S04_concat_Mshell_delta,1,point_cluster_test_0002,point_cluster,1.1794773596411037,34.88874276208626,0.7293229070828147,0.0017212530365213752,0.0009502640023129061
S04_concat_Mshell_delta,1,point_cluster_test_0003,point_cluster,1.0172458034055427,35.78983203943651,0.7744691078162449,0.0012118556769564748,0.0009371390005981084
S04_concat_Mshell_delta,1,point_cluster_test_0004,point_cluster,0.9881503736215622,31.470159158594434,0.5709782321837004,0.002250374760478735,0.0009334110000054352
S04_concat_Mshell_delta,1,point_cluster_test_0005,point_cluster,1.0193508447498187,31.282714302658135,0.5568987735848229,0.002479156479239464,0.0009474389989918564
S04_concat_Mshell_delta,1,point_cluster_test_0006,point_cluster,1.0981065344258862,34.66153622824915,0.7531580003542848,0.0014940693508833647,0.0009473579993937165
S04_concat_Mshell_delta,1,point_cluster_test_0007,point_cluster,1.154922148874268,34.982585945723336,0.7643803553353854,0.0014745055232197046,0.0009538980011711828
S04_concat_Mshell_delta,1,point_cluster_test_0008,point_cluster,1.0685175421431339,34.46222493065095,0.7165245201986303,0.0015973364934325218,0.0009481259985477664
S04_concat_Mshell_delta,1,point_cluster_test_0009,point_cluster,1.070623836117797,35.78304650635692,0.8135949408128855,0.0010724547319114208,0.0009382819989696145
S04_concat_Mshell_delta,1,point_cluster_test_0010,point_cluster,1.007475980622193,31.25030421981726,0.553926737040074,0.0023357768077403307,0.0009405079981661402
S04_concat_Mshell_delta,1,point_cluster_test_0011,point_cluster,1.2289640298520645,34.011656589127,0.6892234664982992,0.002040349179878831,0.0009558400015521329
S04_concat_Mshell_delta,1,point_cluster_test_0012,point_cluster,1.0227372154975547,33.55710578665053,0.6788789001637167,0.0016901353374123573,0.0009461079971515574
S04_concat_Mshell_delta,1,point_cluster_test_0013,point_cluster,1.1294111022033728,31.83209592431656,0.5726119132450074,0.0026652906090021133,0.000950388999626739
S04_concat_Mshell_delta,1,point_cluster_test_0014,point_cluster,1.0513042697236006,34.04446965039942,0.6971643432348515,0.0013696937821805477,0.0009385880002810154
S04_concat_Mshell_delta,1,point_cluster_test_0015,point_cluster,1.0997798263285203,33.98272727403315,0.6947778561637308,0.0015405057929456234,0.0009351410008093808
S04_concat_Mshell_delta,1,point_cluster_test_0016,point_cluster,1.00997138474011,31.835606217017933,0.6163518533478387,0.0023693933617323637,0.0009401850002177525
S04_concat_Mshell_delta,1,point_cluster_test_0017,point_cluster,1.275201037588553,35.090922257841186,0.8215744080322969,0.0014638514257967472,0.0009565539985487703
S04_concat_Mshell_delta,1,point_cluster_test_0018,point_cluster,1.1947802386575577,34.96276366916474,0.7559835733729611,0.0017037849174812436,0.0009456879997742362
S04_concat_Mshell_delta,1,point_cluster_test_0019,point_cluster,1.0154087210135525,34.82746744304817,0.7326404089563703,0.0012269718572497368,0.0009351389999210369
S04_concat_Mshell_delta,2,line_test_0000,line,0.9983957825490741,30.84798645874795,0.5195899538296104,0.0011825569672510028,0.0009180259985441808
S04_concat_Mshell_delta,2,line_test_0001,line,0.9974473595384127,25.921324460730467,0.2491472275472144,0.0034571548458188772,0.000963806000072509
S04_concat_Mshell_delta,2,line_test_0002,line,0.9818743852441536,30.28174096561682,0.49248976265133015,0.0014583236770704389,0.0009480129992880393
S04_concat_Mshell_delta,2,line_test_0003,line,1.0047061230360892,33.8907248113425,0.6892534909827246,0.0008459633681923151,0.0009554559983371291
S04_concat_Mshell_delta,2,line_test_0004,line,0.9913650293827155,36.676070597940445,0.8074979451788896,0.00036223611095920205,0.0009551369985274505
S04_concat_Mshell_delta,2,line_test_0005,line,1.001516905793687,32.410427883657405,0.6089552699541136,0.0007558531942777336,0.0009530780007480644
S04_concat_Mshell_delta,2,line_test_0006,line,1.011215812319323,31.550602886461697,0.5620685303106323,0.0011071414919570088,0.0009413120023964439
S04_concat_Mshell_delta,2,line_test_0007,line,0.9984530426860132,29.79562587770614,0.46774065735086373,0.0012454836396500468,0.0010181559991906397
S04_concat_Mshell_delta,2,line_test_0008,line,1.0002909444182035,25.81948266094699,0.23911576767585427,0.002954611089080572,0.0009617940013413318
S04_concat_Mshell_delta,2,line_test_0009,line,0.9935845082996699,30.234771611664563,0.4857749992625712,0.001273907721042633,0.0009658739982114639
S04_concat_Mshell_delta,2,line_test_0010,line,1.0039799633747684,32.40242468495633,0.6090677370257274,0.0009333726484328508,0.0009516999998595566
S04_concat_Mshell_delta,2,line_test_0011,line,0.9945339636515875,27.77069321551771,0.3441154719764498,0.0020966457668691874,0.0009694389991636854
S04_concat_Mshell_delta,2,line_test_0012,line,1.0035833122501814,29.666385276975475,0.45136802076713345,0.001520905178040266,0.0009530720017210115
S04_concat_Mshell_delta,2,line_test_0013,line,0.9995925445708304,27.015505461107182,0.3192957310350516,0.0022834178525954485,0.0009453849997953512
S04_concat_Mshell_delta,2,line_test_0014,line,0.998818208793662,34.83509648382085,0.7322317942284594,0.000464111304609105,0.0009495379999862053
S04_concat_Mshell_delta,2,line_test_0015,line,1.0034901060570027,35.37396466100218,0.7565310234125552,0.0005385594558902085,0.0009459379980398808
S04_concat_Mshell_delta,2,line_test_0016,line,0.9998305103762658,28.203746545101318,0.3655380603801496,0.0020189043134450912,0.0009516019999864511
S04_concat_Mshell_delta,2,line_test_0017,line,1.0008340269587452,32.09138232426969,0.591593959004389,0.0007979439105838537,0.0009478860010858625
S04_concat_Mshell_delta,2,line_test_0018,line,1.0011938797763513,29.36342144324896,0.43141671676077953,0.00159797677770257,0.0009621380013413727
S04_concat_Mshell_delta,2,line_test_0019,line,1.0005765251280512,29.298585602478408,0.4339225671284237,0.0013527065748348832,0.0009412480030732695
S04_concat_Mshell_delta,2,cross_test_0000,cross,1.005867911193315,32.154955170664465,0.5951617876605112,0.0010550877777859569,0.0009506360001978464
S04_concat_Mshell_delta,2,cross_test_0001,cross,1.000164147751683,26.49996119014903,0.269524340554841,0.002850793767720461,0.0009498440012976062
S04_concat_Mshell_delta,2,cross_test_0002,cross,0.9958684104251958,30.382968727269937,0.49417775432268146,0.0011839679209515452,0.0009523930020804983
S04_concat_Mshell_delta,2,cross_test_0003,cross,0.9934568533920347,27.661410878290617,0.3393456395972132,0.002406921936199069,0.0009351549997518305
S04_concat_Mshell_delta,2,cross_test_0004,cross,0.9987598455668406,27.871078583924156,0.34601281540623263,0.002251183846965432,0.0009452369995415211
S04_concat_Mshell_delta,2,cross_test_0005,cross,1.000968275928416,31.160508706101307,0.5379896851008574,0.0011478097876533866,0.0009478510000917595
S04_concat_Mshell_delta,2,cross_test_0006,cross,1.0000841597653922,28.71987694890171,0.39288545492783994,0.0016477267490699887,0.0009417010005563498
S04_concat_Mshell_delta,2,cross_test_0007,cross,1.0024393852880324,33.92074320973844,0.6884607236033895,0.000626936147455126,0.0009502580032858532
S04_concat_Mshell_delta,2,cross_test_0008,cross,0.9835572118503721,28.03803773648133,0.36798385475751644,0.0025427890941500664,0.0009638129995437339
S04_concat_Mshell_delta,2,cross_test_0009,cross,1.0021274721377462,32.870369925538256,0.6343722294853399,0.000676616036798805,0.0009528539994789753
S04_concat_Mshell_delta,2,cross_test_0010,cross,1.0037655326146577,32.03119399357676,0.5895041037698437,0.0011040163226425648,0.0009345559992652852
S04_concat_Mshell_delta,2,cross_test_0011,cross,0.9947589311261031,27.336980654098646,0.3243806603582887,0.002809470519423485,0.0009446900003240444
S04_concat_Mshell_delta,2,cross_test_0012,cross,1.000323821080545,31.665196679742984,0.5675756940314701,0.0009950032690539956,0.0009497819992247969
S04_concat_Mshell_delta,2,cross_test_0013,cross,0.9907702491737309,31.702511170403568,0.5725082989644507,0.0012075870763510466,0.0009468880016356707
S04_concat_Mshell_delta,2,cross_test_0014,cross,1.0001266010725782,27.70297422405074,0.3378590770464091,0.002032417804002762,0.0009345280013803858
S04_concat_Mshell_delta,2,L_shape_test_0000,L-shape,0.9920317349864075,26.20691850846031,0.26726127534676203,0.0032387305982410908,0.0009503569999651518
S04_concat_Mshell_delta,2,L_shape_test_0001,L-shape,1.000262719625831,27.66231272761405,0.3343423251805776,0.002063765889033675,0.0009484040019742679
S04_concat_Mshell_delta,2,L_shape_test_0002,L-shape,0.997377129192099,27.29232661938002,0.31660966729779483,0.0025473313871771097,0.0009453659986320417
S04_concat_Mshell_delta,2,L_shape_test_0003,L-shape,0.999234793562909,27.49162340094331,0.32393215165988065,0.0024020264390856028,0.00093882900182507
S04_concat_Mshell_delta,2,L_shape_test_0004,L-shape,0.9975836873832615,25.790891498791503,0.23951190867751987,0.0034516642335802317,0.0009519749983155634
S04_concat_Mshell_delta,2,L_shape_test_0005,L-shape,0.9966947890010455,27.154097692171977,0.30944341065725545,0.002456868067383766,0.0009636740032874513
S04_concat_Mshell_delta,2,L_shape_test_0006,L-shape,0.996334190058884,31.17703008116035,0.5392123943983539,0.0010332115925848484,0.0009497550017840695
S04_concat_Mshell_delta,2,L_shape_test_0007,L-shape,0.9961738314185766,27.016169870259375,0.3000027674846858,0.0026844132225960493,0.0009639359996072017
S04_concat_Mshell_delta,2,L_shape_test_0008,L-shape,1.0013183030979007,30.468686781284227,0.49742379365094364,0.0012041411828249693,0.0009468620010011364
S04_concat_Mshell_delta,2,L_shape_test_0009,L-shape,1.0014229169060933,26.39706469731896,0.2671710554895312,0.0030437479726970196,0.0009640060015954077
S04_concat_Mshell_delta,2,L_shape_test_0010,L-shape,0.9930095556809205,30.63291790427027,0.509876440205611,0.001209718524478376,0.0009406740027770866
S04_concat_Mshell_delta,2,L_shape_test_0011,L-shape,0.9979737254321275,33.38865259116214,0.6617554566108598,0.0006471044616773725,0.0009328250016551465
S04_concat_Mshell_delta,2,L_shape_test_0012,L-shape,0.9945326183027602,26.782148743574687,0.2905212077369026,0.002698921598494053,0.0009625599996070378
S04_concat_Mshell_delta,2,L_shape_test_0013,L-shape,0.9967018401338537,27.27654065942979,0.31347403891924347,0.002551565645262599,0.0010096149999299087
S04_concat_Mshell_delta,2,L_shape_test_0014,L-shape,0.9972314259104055,32.20483815577165,0.598533542921562,0.000965638377238065,0.0009969149978132918
S04_concat_Mshell_delta,2,L_shape_test_0015,L-shape,0.999846200153218,25.866291590412,0.24098922802065287,0.003076681401580572,0.0009589719993527979
S04_concat_Mshell_delta,2,L_shape_test_0016,L-shape,0.9971972007275601,27.422943481526147,0.32149585003680214,0.0024554708506911993,0.0009995150030590594
S04_concat_Mshell_delta,2,L_shape_test_0017,L-shape,0.9991278361070834,26.30391107889102,0.26284113710261753,0.0030185210052877665,0.0009472099991398863
S04_concat_Mshell_delta,2,L_shape_test_0018,L-shape,0.9954031465969653,26.219663509306677,0.260629302348713,0.003290659748017788,0.0009402070027135778
S04_concat_Mshell_delta,2,L_shape_test_0019,L-shape,1.004694154120177,33.30966962940519,0.6583312922941574,0.0008137259283103049,0.0009435070023755543
S04_concat_Mshell_delta,2,double_line_test_0000,double-line,0.9980244864012039,26.241154887973774,0.26024695374974804,0.0028476642910391092,0.0009419529997103382
S04_concat_Mshell_delta,2,double_line_test_0001,double-line,0.9991542764820979,26.640784785600587,0.28998601072935587,0.00340124755166471,0.0009527469992463011
S04_concat_Mshell_delta,2,double_line_test_0002,double-line,0.997202161436347,31.25799890029201,0.5440036224396217,0.001079684472642839,0.000941272999625653
S04_concat_Mshell_delta,2,double_line_test_0003,double-line,1.000066240035108,25.6270006219267,0.22447871345492867,0.003526169341057539,0.0009519009981886484
S04_concat_Mshell_delta,2,double_line_test_0004,double-line,0.9894499546822397,25.941184760565335,0.24991544587428316,0.003602614626288414,0.0009557439989293925
S04_concat_Mshell_delta,2,double_line_test_0005,double-line,0.9953009035592755,26.01475412208904,0.25027017132279605,0.003186544869095087,0.0009562019986333326
S04_concat_Mshell_delta,2,double_line_test_0006,double-line,0.9981935494893313,25.31062843294816,0.2264502020028518,0.004148713778704405,0.0009363069984829053
S04_concat_Mshell_delta,2,double_line_test_0007,double-line,1.002400155888636,31.93199558453433,0.5821691806639031,0.0010056801838800311,0.0009330620014225133
S04_concat_Mshell_delta,2,double_line_test_0008,double-line,1.0022941944610457,28.35754178884433,0.37467304489531505,0.0019478404428809881,0.0009410500024387147
S04_concat_Mshell_delta,2,double_line_test_0009,double-line,0.9989893143989133,27.974443742491214,0.35016073408894316,0.0022215500939637423,0.0009476910017838236
S04_concat_Mshell_delta,2,double_line_test_0010,double-line,0.9990866492646128,26.3445118031515,0.2642009569864492,0.002908843569457531,0.0009430339996470138
S04_concat_Mshell_delta,2,double_line_test_0011,double-line,0.9980319232453081,27.99075393884804,0.35048038369729884,0.0021187709644436836,0.0009364380020997487
S04_concat_Mshell_delta,2,double_line_test_0012,double-line,0.9993229770936006,30.651716473415547,0.506289913776287,0.0012546590296551585,0.0009573130009812303
S04_concat_Mshell_delta,2,double_line_test_0013,double-line,0.9999754092048104,25.01250594687032,0.19684071559990443,0.003928160760551691,0.0009521539977868088
S04_concat_Mshell_delta,2,double_line_test_0014,double-line,0.997711541974347,25.787918226306978,0.24093930133153252,0.003605996258556843,0.0009690639999462292
S04_concat_Mshell_delta,2,small_rect_edge_test_0000,small_rect_edge,0.9936057735110347,29.91672696247218,0.4676470077061069,0.0012664032401517034,0.0009361259981233161
S04_concat_Mshell_delta,2,small_rect_edge_test_0001,small_rect_edge,1.0022410825626444,30.787447202791597,0.5162509954750738,0.0011797153856605291,0.0009423850024177227
S04_concat_Mshell_delta,2,small_rect_edge_test_0002,small_rect_edge,0.9994528330403822,27.724215862730325,0.3395868435810521,0.0019937234465032816,0.0009479030013608281
S04_concat_Mshell_delta,2,small_rect_edge_test_0003,small_rect_edge,1.0014574305999573,30.50285363452542,0.49887217521689436,0.0011896801879629493,0.0009400769995409064
S04_concat_Mshell_delta,2,small_rect_edge_test_0004,small_rect_edge,1.0013896033609535,29.145326233125544,0.42456395663253343,0.001898804446682334,0.0009405429991602432
S04_concat_Mshell_delta,2,small_rect_edge_test_0005,small_rect_edge,0.9985081979213237,29.46820126003532,0.45346759505380296,0.0015807069139555097,0.0009354520007036626
S04_concat_Mshell_delta,2,small_rect_edge_test_0006,small_rect_edge,0.9997406282093547,29.966298139846955,0.4675184588455011,0.0013143302639946342,0.0009497079990978818
S04_concat_Mshell_delta,2,small_rect_edge_test_0007,small_rect_edge,0.9987353043988397,29.08317740883255,0.4172401511080442,0.0015486449701711535,0.0009528949995001312
S04_concat_Mshell_delta,2,small_rect_edge_test_0008,small_rect_edge,1.0091350368426055,28.382684130384867,0.38019384291467256,0.0021004241425544024,0.0009538440026517492
S04_concat_Mshell_delta,2,small_rect_edge_test_0009,small_rect_edge,0.9990357614473611,30.900002468263644,0.5230119273016703,0.0010974019533023238,0.0009403010008099955
S04_concat_Mshell_delta,2,point_cluster_test_0000,point_cluster,1.00388102900254,32.901502018121676,0.6843303557888895,0.0007258073310367763,0.000955113999225432
S04_concat_Mshell_delta,2,point_cluster_test_0001,point_cluster,0.9923592927557836,31.704478760071268,0.5738906722729388,0.001281832461245358,0.0009516259997326415
S04_concat_Mshell_delta,2,point_cluster_test_0002,point_cluster,1.0050672574545614,35.58368760175652,0.764854011855592,0.0005249485839158297,0.0009402029972989112
S04_concat_Mshell_delta,2,point_cluster_test_0003,point_cluster,1.0131695891455348,35.80726952698465,0.7740710128359626,0.0005425772396847606,0.0011117709982499946
S04_concat_Mshell_delta,2,point_cluster_test_0004,point_cluster,1.0032946337471969,31.404104565207888,0.5547570284058976,0.0013388050720095634,0.0009624340018490329
S04_concat_Mshell_delta,2,point_cluster_test_0005,point_cluster,1.0033402231576474,31.351468940498638,0.5513305144550719,0.0013112039305269718,0.0009572460003255401
S04_concat_Mshell_delta,2,point_cluster_test_0006,point_cluster,1.0233728911394222,34.967641874129306,0.7670076953137646,0.0006142726633697748,0.0009785459988052025
S04_concat_Mshell_delta,2,point_cluster_test_0007,point_cluster,1.0087588320920302,35.570239544191494,0.7908483581021639,0.0004916434991173446,0.000940586000069743
S04_concat_Mshell_delta,2,point_cluster_test_0008,point_cluster,1.0082126270477387,34.714520087574115,0.7268303701165376,0.0006026923656463623,0.0009504800000286195
S04_concat_Mshell_delta,2,point_cluster_test_0009,point_cluster,1.0073056800414193,36.047802666943916,0.8242919498288686,0.00045843643601983786,0.0009565820000716485
S04_concat_Mshell_delta,2,point_cluster_test_0010,point_cluster,1.0016574772550084,31.275458917763075,0.5442481311499905,0.001168557326309383,0.0009635329988668673
S04_concat_Mshell_delta,2,point_cluster_test_0011,point_cluster,1.0121756120474772,34.8544897907287,0.7333422254084421,0.0006123312632553279,0.0009421760005352553
S04_concat_Mshell_delta,2,point_cluster_test_0012,point_cluster,1.0032008918963498,33.64086746646091,0.676879760141902,0.0008837316418066621,0.0009370179977850057
S04_concat_Mshell_delta,2,point_cluster_test_0013,point_cluster,1.02854269857105,32.238393495379356,0.6012610187410652,0.0015285176923498511,0.0009488129981036764
S04_concat_Mshell_delta,2,point_cluster_test_0014,point_cluster,1.008976885212879,34.222941851069564,0.7038642224150793,0.0006241575465537608,0.0009431939979549497
S04_concat_Mshell_delta,2,point_cluster_test_0015,point_cluster,1.0128956017274755,34.34013776026372,0.7103756240908047,0.0007654308574274182,0.0009509840019745752
S04_concat_Mshell_delta,2,point_cluster_test_0016,point_cluster,1.003623835289412,31.862987353740785,0.6091807626774342,0.0010438269237056375,0.0009518760016362648
S04_concat_Mshell_delta,2,point_cluster_test_0017,point_cluster,1.0162090509783788,36.07687813621222,0.8575004379934021,0.00044802395859733224,0.0009575789990776684
S04_concat_Mshell_delta,2,point_cluster_test_0018,point_cluster,1.022105953052672,35.64068491587332,0.7873985190971793,0.0005995042156428099,0.0009381579984619748
S04_concat_Mshell_delta,2,point_cluster_test_0019,point_cluster,1.0054959524402862,34.870073237496946,0.7339167932498311,0.0005428052973002195,0.0009209380004904233
S05_concat_Mshell_delta_Pcyc,0,line_test_0000,line,1.0008156725680784,30.837472620808597,0.520085465291477,0.0013233296340331435,0.0031498120006290264
S05_concat_Mshell_delta_Pcyc,0,line_test_0001,line,0.9909745227473323,25.949599433319975,0.258092531435124,0.003729289397597313,0.0009796470003493596
S05_concat_Mshell_delta_Pcyc,0,line_test_0002,line,0.9905181341794316,30.24367592115954,0.49199081663446437,0.0017883284017443657,0.000971661000221502
S05_concat_Mshell_delta_Pcyc,0,line_test_0003,line,1.060108139218338,33.65761342396259,0.6764585902280816,0.0014023003168404102,0.0009713340004964266
S05_concat_Mshell_delta_Pcyc,0,line_test_0004,line,1.0065511281067874,36.610048277650094,0.8049474400919174,0.0004826684307772666,0.0009548289999656845
S05_concat_Mshell_delta_Pcyc,0,line_test_0005,line,1.0021951715612147,32.40748771885629,0.6103261228214791,0.0009516607969999313,0.000951455000176793
S05_concat_Mshell_delta_Pcyc,0,line_test_0006,line,1.0202053503955801,31.512165198672932,0.561132815405236,0.0014026423450559378,0.0009647839979152195
S05_concat_Mshell_delta_Pcyc,0,line_test_0007,line,1.0000817636486565,29.788547560117042,0.4696551440611396,0.0014864745317026973,0.0009559270001773257
S05_concat_Mshell_delta_Pcyc,0,line_test_0008,line,0.9984114013105716,25.827650772488553,0.2445958073323194,0.0032479793298989534,0.0009505589987384155
S05_concat_Mshell_delta_Pcyc,0,line_test_0009,line,0.9979612756691986,30.215682940092847,0.4868925248059959,0.00155239412561059,0.0009490800002822652
S05_concat_Mshell_delta_Pcyc,0,line_test_0010,line,1.0057501607134147,32.3947740510629,0.6103483998820601,0.0011425410630181432,0.0009479030013608281
S05_concat_Mshell_delta_Pcyc,0,line_test_0011,line,0.9982667944122415,27.754423163817794,0.34499089432623964,0.0023017856292426586,0.0009500650012341794
S05_concat_Mshell_delta_Pcyc,0,line_test_0012,line,0.9970630931981088,29.694693040298283,0.4588391311576795,0.0018033884698525071,0.0009503159999439958
S05_concat_Mshell_delta_Pcyc,0,line_test_0013,line,1.0003433630150853,27.012244490757677,0.322458844295562,0.002533698221668601,0.0009653479974076618
S05_concat_Mshell_delta_Pcyc,0,line_test_0014,line,1.0049053722671555,34.80870932862593,0.7314293326839256,0.0006144015933386981,0.0009611829991627019
S05_concat_Mshell_delta_Pcyc,0,line_test_0015,line,1.0160638888221902,35.31988570021997,0.754528637415002,0.0007637478411197662,0.0009639439995225985
S05_concat_Mshell_delta_Pcyc,0,line_test_0016,line,1.0025201775207204,28.192079237236914,0.37086267914247173,0.0024815285578370094,0.0009604410006431863
S05_concat_Mshell_delta_Pcyc,0,line_test_0017,line,1.006446470734845,32.06709620974624,0.5914308414628591,0.0009780898690223694,0.0009596879972377792
S05_concat_Mshell_delta_Pcyc,0,line_test_0018,line,1.0016930496558871,29.36125661991033,0.4347880595494965,0.0018751579336822033,0.00096132999897236
S05_concat_Mshell_delta_Pcyc,0,line_test_0019,line,1.0026258377771051,29.28970000335247,0.43500138498200147,0.001550281886011362,0.0009723470029712189
S05_concat_Mshell_delta_Pcyc,0,cross_test_0000,cross,1.014441888531563,32.11809260124389,0.5945133489623201,0.0013742054579779506,0.0009440060021006502
S05_concat_Mshell_delta_Pcyc,0,cross_test_0001,cross,1.00058847862769,26.49811922176027,0.2714933210413644,0.003005406353622675,0.001003723002213519
S05_concat_Mshell_delta_Pcyc,0,cross_test_0002,cross,1.0062534356752986,30.33791453020698,0.49190614380873576,0.0014101320412009954,0.0009667269987403415
S05_concat_Mshell_delta_Pcyc,0,cross_test_0003,cross,0.9803876800364899,27.7189225411584,0.3537790324301628,0.0027169438544660807,0.000954961000388721
S05_concat_Mshell_delta_Pcyc,0,cross_test_0004,cross,0.9996529289437406,27.867197028810182,0.35277059234188357,0.0026538537349551916,0.0009453830025449861
S05_concat_Mshell_delta_Pcyc,0,cross_test_0005,cross,1.00693434946669,31.134700205831617,0.5395721513230592,0.0016367024509236217,0.0009612100002414081
S05_concat_Mshell_delta_Pcyc,0,cross_test_0006,cross,1.001205467897928,28.715010585869063,0.39399580825395575,0.0017836273182183504,0.0009528150003461633
S05_concat_Mshell_delta_Pcyc,0,cross_test_0007,cross,1.0063703067544603,33.90374645452602,0.688756914032311,0.0008457218646071851,0.0009588489992893301
S05_concat_Mshell_delta_Pcyc,0,cross_test_0008,cross,0.9916584550619776,28.002412924005657,0.36711765238180594,0.0028406481724232435,0.0009472820020164363
S05_concat_Mshell_delta_Pcyc,0,cross_test_0009,cross,1.0018286446740563,32.87166499147133,0.6368817234759522,0.0009595406008884311,0.0009526280009595212
S05_concat_Mshell_delta_Pcyc,0,cross_test_0010,cross,1.0112323743171485,31.99900675911804,0.5885672434584617,0.001369056641124189,0.0009565759974066168
S05_concat_Mshell_delta_Pcyc,0,cross_test_0011,cross,1.005537827124453,27.29017512587363,0.3297994763196921,0.0035017370246350765,0.0009578710014466196
S05_concat_Mshell_delta_Pcyc,0,cross_test_0012,cross,1.0067996351493247,31.63717241823131,0.5682449795333773,0.0012973062694072723,0.000998089999484364
S05_concat_Mshell_delta_Pcyc,0,cross_test_0013,cross,0.9983304249378527,31.669497438771984,0.5729001498797657,0.001584316953085363,0.000975970000581583
S05_concat_Mshell_delta_Pcyc,0,cross_test_0014,cross,0.9989787350853022,27.707961795008206,0.3411143290481771,0.002222463022917509,0.0009569239991833456
S05_concat_Mshell_delta_Pcyc,0,L_shape_test_0000,L-shape,0.997895748932757,26.181322328428447,0.2710655127865581,0.0037549955304712057,0.0009464569993724581
S05_concat_Mshell_delta_Pcyc,0,L_shape_test_0001,L-shape,1.0006981687450716,27.66042248240586,0.3365844846706015,0.00225305138155818,0.000945963998674415
S05_concat_Mshell_delta_Pcyc,0,L_shape_test_0002,L-shape,1.001523085748376,27.27431113662988,0.3243044886466149,0.003222036175429821,0.000979625001491513
S05_concat_Mshell_delta_Pcyc,0,L_shape_test_0003,L-shape,0.9956700721409205,27.507144315124144,0.3332747289384293,0.0028593093156814575,0.0009555000033287797
S05_concat_Mshell_delta_Pcyc,0,L_shape_test_0004,L-shape,0.996922271935404,25.793771987495692,0.24338523890325137,0.00369588122703135,0.0009602690006431658
S05_concat_Mshell_delta_Pcyc,0,L_shape_test_0005,L-shape,0.9968143318930208,27.15357683356124,0.3152915508017226,0.0028614653274416924,0.0009457640007894952
S05_concat_Mshell_delta_Pcyc,0,L_shape_test_0006,L-shape,1.001301131793488,31.15543340986463,0.538841525354926,0.0012203718069940805,0.0009582880011294037
S05_concat_Mshell_delta_Pcyc,0,L_shape_test_0007,L-shape,1.0010831257716433,26.994819882762243,0.30429298208126526,0.0031589192803949118,0.0009546620021865238
S05_concat_Mshell_delta_Pcyc,0,L_shape_test_0008,L-shape,0.9994213378882674,30.47692238302265,0.5003021427741421,0.0013896641321480274,0.000948626002355013
S05_concat_Mshell_delta_Pcyc,0,L_shape_test_0009,L-shape,1.0003545840460009,26.401699977909185,0.27378649121118115,0.0034428525250405073,0.0009550950017001014
S05_concat_Mshell_delta_Pcyc,0,L_shape_test_0010,L-shape,1.0010638028919738,30.597834599507813,0.5084011917475856,0.0014251118991523981,0.0009592059977876488
S05_concat_Mshell_delta_Pcyc,0,L_shape_test_0011,L-shape,1.0016157015846419,33.37283239430662,0.6617286849198937,0.0008154017268680036,0.0009555139986332506
S05_concat_Mshell_delta_Pcyc,0,L_shape_test_0012,L-shape,0.9958031669331807,26.77660408107927,0.29271037271878325,0.0029057497158646584,0.0009591259986336809
S05_concat_Mshell_delta_Pcyc,0,L_shape_test_0013,L-shape,0.9983327401919191,27.26944030015524,0.3170774772040541,0.002860364504158497,0.0009508689981885254
S05_concat_Mshell_delta_Pcyc,0,L_shape_test_0014,L-shape,1.0041046265429865,32.17500834479413,0.5979854712329946,0.0012047216296195984,0.0009511480020591989
S05_concat_Mshell_delta_Pcyc,0,L_shape_test_0015,L-shape,0.9967286644783637,25.87985396862588,0.24828333310865788,0.003451405791565776,0.0009591089983587153
S05_concat_Mshell_delta_Pcyc,0,L_shape_test_0016,L-shape,0.9953496213514624,27.430997350169758,0.3260461359027091,0.0026822190266102552,0.0009587570020812564
S05_concat_Mshell_delta_Pcyc,0,L_shape_test_0017,L-shape,0.9973724429405681,26.31154781205451,0.2716231348683479,0.003520482685416937,0.0009639589989092201
S05_concat_Mshell_delta_Pcyc,0,L_shape_test_0018,L-shape,0.9964737979700802,26.21499464136823,0.2621727572116051,0.003447911236435175,0.0009603640028217342
S05_concat_Mshell_delta_Pcyc,0,L_shape_test_0019,L-shape,1.0112194850277816,33.281554128391605,0.6576511083272795,0.00107833172660321,0.0009535009994579013
S05_concat_Mshell_delta_Pcyc,0,double_line_test_0000,double-line,0.9980376989884882,26.241097014979395,0.2630996575339752,0.00303190341219306,0.0010156660027860198
S05_concat_Mshell_delta_Pcyc,0,double_line_test_0001,double-line,0.9981873173275669,26.644990015659364,0.29680279361983963,0.0037922030314803123,0.0009660280011303257
S05_concat_Mshell_delta_Pcyc,0,double_line_test_0002,double-line,1.0024857217589849,31.23504902995971,0.5428263751782322,0.0011621704325079918,0.0009619640004530083
S05_concat_Mshell_delta_Pcyc,0,double_line_test_0003,double-line,0.9993873048804728,25.62994999209498,0.2277489025791285,0.0037127158138900995,0.0009485259979555849
S05_concat_Mshell_delta_Pcyc,0,double_line_test_0004,double-line,0.9812625224282822,25.977271012613716,0.2614471367402043,0.0039286441169679165,0.0009611959976609796
S05_concat_Mshell_delta_Pcyc,0,double_line_test_0005,double-line,0.9984039024300045,26.00123524221626,0.24943985857496462,0.003248430322855711,0.0009485779992246535
S05_concat_Mshell_delta_Pcyc,0,double_line_test_0006,double-line,0.9936266049612145,25.33054418649534,0.23751906219951524,0.004600720480084419,0.00096129200028372
S05_concat_Mshell_delta_Pcyc,0,double_line_test_0007,double-line,1.0070573970116732,31.911864732625297,0.582225342397211,0.0012431114446371794,0.0009610670022084378
S05_concat_Mshell_delta_Pcyc,0,double_line_test_0008,double-line,1.0042803804070464,28.34894422983485,0.3768988769772868,0.0022291599307209253,0.0009558679994370323
S05_concat_Mshell_delta_Pcyc,0,double_line_test_0009,double-line,0.9977151070089947,27.97998660699897,0.3541503412631298,0.002441036980599165,0.0009608760010451078
S05_concat_Mshell_delta_Pcyc,0,double_line_test_0010,double-line,1.0006196336782414,26.33785327025844,0.2667262129220904,0.0031615484040230513,0.0009552189985697623
S05_concat_Mshell_delta_Pcyc,0,double_line_test_0011,double-line,0.9988364938304676,27.987254100006936,0.35219392510196795,0.0022752138320356607,0.0009483819994784426
S05_concat_Mshell_delta_Pcyc,0,double_line_test_0012,double-line,1.0022337270190254,30.639084852714085,0.5067047220273382,0.0014075898798182607,0.0009562059967720415
S05_concat_Mshell_delta_Pcyc,0,double_line_test_0013,double-line,0.9977535739788902,25.02216601404197,0.2018969933525198,0.004165358375757933,0.0009485679984209128
S05_concat_Mshell_delta_Pcyc,0,double_line_test_0014,double-line,0.99323483207638,25.807448689331494,0.25315717638197544,0.004156597889959812,0.0009615749986551236
S05_concat_Mshell_delta_Pcyc,0,small_rect_edge_test_0000,small_rect_edge,0.9965863612607483,29.90371846797293,0.46875698014294676,0.0014629127690568566,0.0009521309984847903
S05_concat_Mshell_delta_Pcyc,0,small_rect_edge_test_0001,small_rect_edge,1.0029893810084,30.784205815856765,0.5184271234609973,0.001424185698851943,0.0009477060011704452
S05_concat_Mshell_delta_Pcyc,0,small_rect_edge_test_0002,small_rect_edge,1.0012929177193888,27.71622749720562,0.34148081994285717,0.0021756174974143505,0.0009597780008334666
S05_concat_Mshell_delta_Pcyc,0,small_rect_edge_test_0003,small_rect_edge,1.0036170093607044,30.493498362257423,0.5004450287292158,0.0014650324592366815,0.0009576999982527923
S05_concat_Mshell_delta_Pcyc,0,small_rect_edge_test_0004,small_rect_edge,1.0092536575959978,29.111353603706505,0.42851693209531483,0.0024309258442372084,0.0009744470007717609
S05_concat_Mshell_delta_Pcyc,0,small_rect_edge_test_0005,small_rect_edge,1.0002774411259858,29.460512847298343,0.45534145886287597,0.0018148043891415,0.0009409150006831624
S05_concat_Mshell_delta_Pcyc,0,small_rect_edge_test_0006,small_rect_edge,1.0002496539028338,29.964087811477967,0.47020628980104706,0.0015869149938225746,0.0009414409978489857
S05_concat_Mshell_delta_Pcyc,0,small_rect_edge_test_0007,small_rect_edge,1.0009597628195868,29.073515246274276,0.4173361627500814,0.001646402757614851,0.0009588770008122083
S05_concat_Mshell_delta_Pcyc,0,small_rect_edge_test_0008,small_rect_edge,1.0196917595467978,28.337487922105097,0.3809421220550604,0.0025999133940786123,0.0009496370003034826
S05_concat_Mshell_delta_Pcyc,0,small_rect_edge_test_0009,small_rect_edge,1.001320274226235,30.890082544467944,0.524405078064647,0.0013521790970116854,0.000955301002250053
S05_concat_Mshell_delta_Pcyc,0,point_cluster_test_0000,point_cluster,1.0115984572677672,32.86824289470606,0.6837032388343128,0.001006967737339437,0.000948479999351548
S05_concat_Mshell_delta_Pcyc,0,point_cluster_test_0001,point_cluster,0.9936051560962014,31.699029845729363,0.5746968685325476,0.0014550437917932868,0.0009782439992704894
S05_concat_Mshell_delta_Pcyc,0,point_cluster_test_0002,point_cluster,1.0247660899231257,35.49939147358794,0.7620433529445769,0.0009653525776229799,0.0009804750006878749
S05_concat_Mshell_delta_Pcyc,0,point_cluster_test_0003,point_cluster,1.025989950106931,35.752659968437584,0.7717462746959011,0.0007406891090795398,0.0009491700002399739
S05_concat_Mshell_delta_Pcyc,0,point_cluster_test_0004,point_cluster,1.0051917904125733,31.395900025962153,0.5561051699319194,0.0015537934377789497,0.0009599290024198126
S05_concat_Mshell_delta_Pcyc,0,point_cluster_test_0005,point_cluster,1.009825936503913,31.32348619161157,0.5514451877361304,0.0015894983662292361,0.0009620429991628043
S05_concat_Mshell_delta_Pcyc,0,point_cluster_test_0006,point_cluster,1.0295173013295982,34.94164429362632,0.766135232748566,0.000820052984636277,0.0009555040014674887
S05_concat_Mshell_delta_Pcyc,0,point_cluster_test_0007,point_cluster,1.0504234541024162,35.39446867445646,0.7834070375380908,0.0008999968413263559,0.0009544479980831966
S05_concat_Mshell_delta_Pcyc,0,point_cluster_test_0008,point_cluster,1.0263051828355607,34.637276232664775,0.7243321257236591,0.0010170117020606995,0.0009410179991391487
S05_concat_Mshell_delta_Pcyc,0,point_cluster_test_0009,point_cluster,1.0133160113390298,36.02196653099337,0.8236250320189027,0.0006376567180268466,0.0009612389985704795
S05_concat_Mshell_delta_Pcyc,0,point_cluster_test_0010,point_cluster,0.9995686221257689,31.28452503238445,0.5471302759641354,0.001355231273919344,0.000953321999986656
S05_concat_Mshell_delta_Pcyc,0,point_cluster_test_0011,point_cluster,1.0487898912031475,34.70016359280643,0.7261588838507744,0.0012150505790486932,0.0009596810014045332
S05_concat_Mshell_delta_Pcyc,0,point_cluster_test_0012,point_cluster,1.0329189325311872,33.51408406741944,0.6697835038637152,0.0012190176639705896,0.0009391139974468388
S05_concat_Mshell_delta_Pcyc,0,point_cluster_test_0013,point_cluster,1.0459045934530549,32.165696029115296,0.5969331430619473,0.001852060086093843,0.0009571929986122996
S05_concat_Mshell_delta_Pcyc,0,point_cluster_test_0014,point_cluster,1.0256144040966637,34.15191284232372,0.7005911027828,0.0008734746370464563,0.0009691920022305567
S05_concat_Mshell_delta_Pcyc,0,point_cluster_test_0015,point_cluster,1.0491748090491018,34.18730617074868,0.7023015989340918,0.0010461757192388177,0.0009582929997122847
S05_concat_Mshell_delta_Pcyc,0,point_cluster_test_0016,point_cluster,0.9988391587082197,31.883741241031203,0.6142829030913117,0.001411142642609775,0.0009449809986108448
S05_concat_Mshell_delta_Pcyc,0,point_cluster_test_0017,point_cluster,1.0542206413892816,35.91739335790865,0.8525652167628789,0.0007553726900368929,0.0009572620001563337
S05_concat_Mshell_delta_Pcyc,0,point_cluster_test_0018,point_cluster,1.0588270001159423,35.487393886453276,0.7810207871479877,0.0009371435735374689,0.0009726709977257997
S05_concat_Mshell_delta_Pcyc,0,point_cluster_test_0019,point_cluster,1.0109131358072372,34.84673827813133,0.7332565332098702,0.0007213707431219518,0.000963120000960771
S05_concat_Mshell_delta_Pcyc,1,line_test_0000,line,0.9847677208674167,30.907675780249573,0.5253121870187806,0.0011100396513938904,0.0009272560018871445
S05_concat_Mshell_delta_Pcyc,1,line_test_0001,line,0.9769894806071251,26.01132547970102,0.2624091053509408,0.0033508758060634136,0.000960261000727769
S05_concat_Mshell_delta_Pcyc,1,line_test_0002,line,0.968655396996366,30.340607124082055,0.49907362525898563,0.0014245965285226703,0.0009631249995436519
S05_concat_Mshell_delta_Pcyc,1,line_test_0003,line,0.9821847449762411,33.98918354009985,0.6968156813573781,0.0008498434326611459,0.0009544540007482283
S05_concat_Mshell_delta_Pcyc,1,line_test_0004,line,0.992031992601197,36.6731497552505,0.807266145911262,0.00034249923191964626,0.0009374360015499406
S05_concat_Mshell_delta_Pcyc,1,line_test_0005,line,0.9833551979913764,32.489906799696854,0.6163020612291438,0.0007883321377448738,0.0009401889983564615
S05_concat_Mshell_delta_Pcyc,1,line_test_0006,line,0.9899797221717177,31.64277817328553,0.5693740782066722,0.0010080946376547217,0.0009450670004298445
S05_concat_Mshell_delta_Pcyc,1,line_test_0007,line,0.975378904214157,29.89716879774614,0.4807955021635646,0.0013050968991592526,0.000945010000577895
S05_concat_Mshell_delta_Pcyc,1,line_test_0008,line,0.9855265693394066,25.884062647981224,0.25062600073555086,0.0030038158874958754,0.0009456579973630141
S05_concat_Mshell_delta_Pcyc,1,line_test_0009,line,0.9764363029240606,30.310380518322173,0.49453666836231375,0.0012532362015917897,0.0009675999972387217
S05_concat_Mshell_delta_Pcyc,1,line_test_0010,line,0.9803312878735366,32.5059466669764,0.6172957889561078,0.0008279074099846184,0.0009546389992465265
S05_concat_Mshell_delta_Pcyc,1,line_test_0011,line,0.995168968655578,27.767921106895493,0.3418963606920042,0.0019775060936808586,0.0009649250023358036
S05_concat_Mshell_delta_Pcyc,1,line_test_0012,line,0.9698816863885287,29.81473183987753,0.4682960760158892,0.0013952376320958138,0.0009498999970674049
S05_concat_Mshell_delta_Pcyc,1,line_test_0013,line,0.9764802758996644,27.117100541413652,0.3357480500162078,0.0023379195481538773,0.0009364550023747142
S05_concat_Mshell_delta_Pcyc,1,line_test_0014,line,0.9950487909739885,34.851517231353775,0.7331538129808742,0.0004460863128770143,0.0009877729971776716
S05_concat_Mshell_delta_Pcyc,1,line_test_0015,line,0.9836471629173607,35.460702564737716,0.7610538627749163,0.0004862157511524856,0.0009686819976195693
S05_concat_Mshell_delta_Pcyc,1,line_test_0016,line,0.9721240653098336,28.325793541384392,0.38336755954711793,0.002016596496105194,0.000975663002463989
S05_concat_Mshell_delta_Pcyc,1,line_test_0017,line,0.99622044864671,32.11144842896302,0.5931954006750575,0.000752611958887428,0.0009603340004105121
S05_concat_Mshell_delta_Pcyc,1,line_test_0018,line,0.9806234636566968,29.453580481164316,0.44268672626716193,0.0015600211918354034,0.000944629999139579
S05_concat_Mshell_delta_Pcyc,1,line_test_0019,line,0.9729369881903424,29.420241587902378,0.4504677634397605,0.0014282931806519628,0.0009687359997769818
S05_concat_Mshell_delta_Pcyc,1,cross_test_0000,cross,0.96672061778944,32.32735488695152,0.6108648578937353,0.0010560115333646536,0.0009602280006220099
S05_concat_Mshell_delta_Pcyc,1,cross_test_0001,cross,0.9779860790624758,26.597347642924234,0.28642397941973485,0.002930105896666646,0.0009489910007687286
S05_concat_Mshell_delta_Pcyc,1,cross_test_0002,cross,0.989798961122221,30.40951828372726,0.49682183918072237,0.001141764223575592,0.0009501349995844066
S05_concat_Mshell_delta_Pcyc,1,cross_test_0003,cross,0.9768450689441965,27.73464394027755,0.3491505876618697,0.0023455587215721607,0.000949433000641875
S05_concat_Mshell_delta_Pcyc,1,cross_test_0004,cross,0.973843823764162,27.980796081967707,0.36329510501710033,0.0023115426301956177,0.0009635970018280204
S05_concat_Mshell_delta_Pcyc,1,cross_test_0005,cross,0.9740698881610613,31.278810723417713,0.5525868505886812,0.0013393932022154331,0.0009604920014680829
S05_concat_Mshell_delta_Pcyc,1,cross_test_0006,cross,0.9850910821373091,28.785478770041383,0.4025386147919407,0.001692274701781571,0.0009396839996043127
S05_concat_Mshell_delta_Pcyc,1,cross_test_0007,cross,0.9776808569700426,34.029353506995264,0.696663325955356,0.0006851962534710765,0.000944858998991549
S05_concat_Mshell_delta_Pcyc,1,cross_test_0008,cross,0.9777923889826312,28.063567399297487,0.36618041480687047,0.002243086928501725,0.0009461410008952953
S05_concat_Mshell_delta_Pcyc,1,cross_test_0009,cross,0.9852511509608824,32.94412982039289,0.6409011494396895,0.0007164125563576818,0.0009599699988029897
S05_concat_Mshell_delta_Pcyc,1,cross_test_0010,cross,0.9759752055179369,32.15312866373694,0.6000208643317524,0.0010330816730856895,0.0009538390004308894
S05_concat_Mshell_delta_Pcyc,1,cross_test_0011,cross,0.9785702184510549,27.408239190305387,0.33405885255744516,0.002711727051064372,0.0009506160022283439
S05_concat_Mshell_delta_Pcyc,1,cross_test_0012,cross,0.9838065157903754,31.73750592416054,0.5753822941580198,0.0010352679528295994,0.0009585279985913076
S05_concat_Mshell_delta_Pcyc,1,cross_test_0013,cross,0.9774378248930835,31.761349105533707,0.5789815172998891,0.001245032181032002,0.0009491710006841458
S05_concat_Mshell_delta_Pcyc,1,cross_test_0014,cross,0.9874739744133689,27.758267638154006,0.34505663749342036,0.001946519478224218,0.0009419199996045791
S05_concat_Mshell_delta_Pcyc,1,L_shape_test_0000,L-shape,0.9773159220368399,26.271824325769003,0.2759564997983003,0.003094947896897793,0.0009552150004310533
S05_concat_Mshell_delta_Pcyc,1,L_shape_test_0001,L-shape,0.9741884614119968,27.777023908004246,0.35149843173243384,0.0020535867661237717,0.0009443819981242996
S05_concat_Mshell_delta_Pcyc,1,L_shape_test_0002,L-shape,0.9708195479047937,27.409535740806206,0.335988434553703,0.0026065853890031576,0.0009512760007055476
S05_concat_Mshell_delta_Pcyc,1,L_shape_test_0003,L-shape,0.9762185539153273,27.59282813351241,0.3402626469255975,0.002443361561745405,0.0009649730018281844
S05_concat_Mshell_delta_Pcyc,1,L_shape_test_0004,L-shape,0.9846200281568662,25.84769811684837,0.24779222497208608,0.003355244407430291,0.0009567759989295155
S05_concat_Mshell_delta_Pcyc,1,L_shape_test_0005,L-shape,0.9769819233151263,27.24085411977855,0.32298873039621334,0.0024407445453107357,0.000949017998209456
S05_concat_Mshell_delta_Pcyc,1,L_shape_test_0006,L-shape,0.9852611402874394,31.225566901144923,0.5447197626462432,0.001064044190570712,0.000943903000006685
S05_concat_Mshell_delta_Pcyc,1,L_shape_test_0007,L-shape,0.9765674226605323,27.102498918102352,0.3135947531455982,0.0026780220214277506,0.0009580470032233279
S05_concat_Mshell_delta_Pcyc,1,L_shape_test_0008,L-shape,0.9831356160834647,30.548274040799907,0.506119430106228,0.00115625758189708,0.0009612469984858762
S05_concat_Mshell_delta_Pcyc,1,L_shape_test_0009,L-shape,0.9674299214327519,26.547044566607507,0.2926019453323811,0.003117138287052512,0.0009446499971090816
S05_concat_Mshell_delta_Pcyc,1,L_shape_test_0010,L-shape,0.9814212923361708,30.68389748807053,0.5150102738162864,0.0011581159196794033,0.0009475150000071153
S05_concat_Mshell_delta_Pcyc,1,L_shape_test_0011,L-shape,0.995897500071577,33.39769732462897,0.6623825375934649,0.000634900585282594,0.0009448710006836336
S05_concat_Mshell_delta_Pcyc,1,L_shape_test_0012,L-shape,0.9872298906817658,26.81415591715973,0.2943203779921378,0.0026061469689011574,0.0009536199977446813
S05_concat_Mshell_delta_Pcyc,1,L_shape_test_0013,L-shape,0.9865557804473045,27.320976733247484,0.32016712809664255,0.0025276178494095802,0.0009426020005776081
S05_concat_Mshell_delta_Pcyc,1,L_shape_test_0014,L-shape,0.9871673127662292,32.24889023794691,0.6018068250929076,0.000871962693054229,0.0009488700015936047
S05_concat_Mshell_delta_Pcyc,1,L_shape_test_0015,L-shape,0.9778615558537077,25.962849841979057,0.2581601288594885,0.003154636826366186,0.0010134730000572745
S05_concat_Mshell_delta_Pcyc,1,L_shape_test_0016,L-shape,0.9811091146615413,27.493580676206655,0.331701899920317,0.002407099585980177,0.0009769179996510502
S05_concat_Mshell_delta_Pcyc,1,L_shape_test_0017,L-shape,0.9745259632089915,26.412187430643513,0.28130636433996703,0.003053010441362858,0.0010011990016209893
S05_concat_Mshell_delta_Pcyc,1,L_shape_test_0018,L-shape,0.9866091511705839,26.25820222478218,0.26432010937736783,0.003112119622528553,0.0009450510005990509
S05_concat_Mshell_delta_Pcyc,1,L_shape_test_0019,L-shape,0.9736211038296514,33.44610851098189,0.6685078654049579,0.0007621030672453344,0.0009472790006839205
S05_concat_Mshell_delta_Pcyc,1,double_line_test_0000,double-line,0.9838276772642135,26.303376194259464,0.26964024379803164,0.0028004860505461693,0.0009553999989293516
S05_concat_Mshell_delta_Pcyc,1,double_line_test_0001,double-line,0.9815515744412562,26.717979023210976,0.2946580967105562,0.0030157894361764193,0.0009872359987639356
S05_concat_Mshell_delta_Pcyc,1,double_line_test_0002,double-line,0.997694324418669,31.25585622047829,0.5424751722853491,0.0009732356993481517,0.0009657340015110094
S05_concat_Mshell_delta_Pcyc,1,double_line_test_0003,double-line,0.9780558963057865,25.72365168640213,0.24198684619171915,0.0036163562908768654,0.0009561879996908829
S05_concat_Mshell_delta_Pcyc,1,double_line_test_0004,double-line,0.9827942746524542,25.97049702944655,0.2536043261161509,0.0035258436109870672,0.0009608779982954729
S05_concat_Mshell_delta_Pcyc,1,double_line_test_0005,double-line,0.999543705678175,25.996280009349938,0.24509035093677278,0.0030415283981710672,0.0009507120012131054
S05_concat_Mshell_delta_Pcyc,1,double_line_test_0006,double-line,0.9774372787743417,25.40188699379293,0.23633306027075301,0.003814632073044777,0.0009445280011277646
S05_concat_Mshell_delta_Pcyc,1,double_line_test_0007,double-line,0.9705330557948559,32.07230341813987,0.5961057798970295,0.0010578101500868797,0.0009580059995641932
S05_concat_Mshell_delta_Pcyc,1,double_line_test_0008,double-line,0.9813417517905647,28.449291210186225,0.38748214640954187,0.0019414396956562996,0.0009581439990142826
S05_concat_Mshell_delta_Pcyc,1,double_line_test_0009,double-line,0.9773117077162508,28.069721206291597,0.36472773025683936,0.0022572623565793037,0.0009445010000490583
S05_concat_Mshell_delta_Pcyc,1,double_line_test_0010,double-line,0.9859177404508083,26.402136707456755,0.27590887224950406,0.0030640093609690666,0.0009442359987588134
S05_concat_Mshell_delta_Pcyc,1,double_line_test_0011,double-line,0.9895765626507308,28.02770420141648,0.3558712645904826,0.0021125117782503366,0.0009618490003049374
S05_concat_Mshell_delta_Pcyc,1,double_line_test_0012,double-line,0.9747755298993067,30.75972891075077,0.5187897762503203,0.0012792304623872042,0.0009572490016580559
S05_concat_Mshell_delta_Pcyc,1,double_line_test_0013,double-line,0.9832936613505984,25.085566574936458,0.2124091590706278,0.004144556354731321,0.000969450000411598
S05_concat_Mshell_delta_Pcyc,1,double_line_test_0014,double-line,0.9847271208997408,25.84480922833444,0.24866685657380277,0.0034857457503676414,0.0009655059984652326
S05_concat_Mshell_delta_Pcyc,1,small_rect_edge_test_0000,small_rect_edge,0.9884376730690272,29.939374981973017,0.4693778712453693,0.0011780490167438984,0.0009589520013832953
S05_concat_Mshell_delta_Pcyc,1,small_rect_edge_test_0001,small_rect_edge,0.9624251069544585,30.963499755014393,0.5352634165943285,0.0011463382979854941,0.0009506110000074841
S05_concat_Mshell_delta_Pcyc,1,small_rect_edge_test_0002,small_rect_edge,0.9953205425877314,27.742209320279905,0.3413767142486579,0.0019271925557404757,0.0009647820006648544
S05_concat_Mshell_delta_Pcyc,1,small_rect_edge_test_0003,small_rect_edge,0.9733147241833711,30.626645514793864,0.5144417275005194,0.0013151632156223059,0.0009388380021846388
S05_concat_Mshell_delta_Pcyc,1,small_rect_edge_test_0004,small_rect_edge,0.975829980184618,29.25761549291191,0.4379644535574817,0.0018041498260572553,0.0009452170015720185
S05_concat_Mshell_delta_Pcyc,1,small_rect_edge_test_0005,small_rect_edge,0.9908107635463814,29.50181048334606,0.45496555392913574,0.0013556383782997727,0.0009433949999220204
S05_concat_Mshell_delta_Pcyc,1,small_rect_edge_test_0006,small_rect_edge,0.9881952986090599,30.016743645858362,0.4744217587613569,0.001371756661683321,0.0009514039993518963
S05_concat_Mshell_delta_Pcyc,1,small_rect_edge_test_0007,small_rect_edge,0.9972801513305053,29.08950959935281,0.41606850198391715,0.0014180891448631883,0.0009546319997753017
S05_concat_Mshell_delta_Pcyc,1,small_rect_edge_test_0008,small_rect_edge,0.9725473016607178,28.54306964849178,0.39912243968372946,0.0018498101271688938,0.0009469270007684827
S05_concat_Mshell_delta_Pcyc,1,small_rect_edge_test_0009,small_rect_edge,0.9878595142075076,30.94886086238275,0.528175288473013,0.00107336335349828,0.0009538020021864213
S05_concat_Mshell_delta_Pcyc,1,point_cluster_test_0000,point_cluster,0.9848877670885169,32.98445713838813,0.6908956269528579,0.0007881905767135322,0.0009535959979984909
S05_concat_Mshell_delta_Pcyc,1,point_cluster_test_0001,point_cluster,0.9895918563453948,31.716607069813083,0.5727484512607597,0.0011569180060178041,0.0009666340010880958
S05_concat_Mshell_delta_Pcyc,1,point_cluster_test_0002,point_cluster,1.0022216629344758,35.59600089274487,0.7656733975727513,0.0005335818277671933,0.0009598309989087284
S05_concat_Mshell_delta_Pcyc,1,point_cluster_test_0003,point_cluster,0.9995931438412736,35.86585822652039,0.7767632914023823,0.0004802826442755759,0.0009489110016147606
S05_concat_Mshell_delta_Pcyc,1,point_cluster_test_0004,point_cluster,0.9811282736303707,31.501131718714287,0.5626688256186059,0.0012106553185731173,0.0009500000014668331
S05_concat_Mshell_delta_Pcyc,1,point_cluster_test_0005,point_cluster,0.9947186831401648,31.388948497043586,0.5531419175616713,0.0011252358090132475,0.0009620670025469735
S05_concat_Mshell_delta_Pcyc,1,point_cluster_test_0006,point_cluster,0.9869772702310543,35.12490962674627,0.774489707142785,0.000563114183023572,0.0009595299998181872
S05_concat_Mshell_delta_Pcyc,1,point_cluster_test_0007,point_cluster,0.9845773558368046,35.67561455560712,0.7962898122378373,0.000563111447263509,0.000929568999708863
S05_concat_Mshell_delta_Pcyc,1,point_cluster_test_0008,point_cluster,1.003381560926165,34.73538033619251,0.7288047678689163,0.0006762325647287071,0.0009583339997334406
S05_concat_Mshell_delta_Pcyc,1,point_cluster_test_0009,point_cluster,0.9922461875712616,36.113221093883,0.8266536286951269,0.0003909611841663718,0.0009656100010033697
S05_concat_Mshell_delta_Pcyc,1,point_cluster_test_0010,point_cluster,0.9917089061362863,31.31880905522923,0.5495227983919881,0.0012269191211089492,0.0009568589994159993
S05_concat_Mshell_delta_Pcyc,1,point_cluster_test_0011,point_cluster,1.0107428919185018,34.86064152205254,0.7359651583387503,0.0008440352976322174,0.0009643160010455176
S05_concat_Mshell_delta_Pcyc,1,point_cluster_test_0012,point_cluster,0.9985682410545199,33.66096914458201,0.6769941915838467,0.0007667058380320668,0.0009546689980197698
S05_concat_Mshell_delta_Pcyc,1,point_cluster_test_0013,point_cluster,0.9872484402330923,32.416352113898476,0.6144256272487572,0.0012167049571871758,0.0009493460020166822
S05_concat_Mshell_delta_Pcyc,1,point_cluster_test_0014,point_cluster,0.9969308323294412,34.27510362043451,0.7072028611224537,0.000579848769120872,0.0009487319985055365
S05_concat_Mshell_delta_Pcyc,1,point_cluster_test_0015,point_cluster,0.9910335083862954,34.43490146845608,0.7154717080946987,0.0006437197444029152,0.0009623379992262926
S05_concat_Mshell_delta_Pcyc,1,point_cluster_test_0016,point_cluster,0.9861598683425282,31.939223491867224,0.6176755858344799,0.001196681521832943,0.0009446010008105077
S05_concat_Mshell_delta_Pcyc,1,point_cluster_test_0017,point_cluster,0.9942722678234699,36.17165534875767,0.860424072250343,0.00039844715502113104,0.0009500150008534547
S05_concat_Mshell_delta_Pcyc,1,point_cluster_test_0018,point_cluster,0.998264877993177,35.74318613116821,0.7921065475091555,0.0005781959043815732,0.0009524389970465563
S05_concat_Mshell_delta_Pcyc,1,point_cluster_test_0019,point_cluster,0.9898573108874745,34.938150539376004,0.7379779415806004,0.0005398908397182822,0.0009646260004956275
S05_concat_Mshell_delta_Pcyc,2,line_test_0000,line,2.380362469416256,27.074582585815314,0.38224099262339406,0.004860603250563145,0.0009709849982755259
S05_concat_Mshell_delta_Pcyc,2,line_test_0001,line,2.809657884846844,21.423689988274447,0.1387939893950447,0.018495578318834305,0.0009814789991651196
S05_concat_Mshell_delta_Pcyc,2,line_test_0002,line,4.8079883322793,23.382666267521742,0.13785938819077856,0.013173802755773067,0.0009661570002208464
S05_concat_Mshell_delta_Pcyc,2,line_test_0003,line,20.81699735614987,20.72693459236753,0.03979629697448065,0.01732691191136837,0.0009675170003902167
S05_concat_Mshell_delta_Pcyc,2,line_test_0004,line,4.650068513647931,29.963813041008716,0.4550081005040134,0.0038223806768655777,0.0009639839990995824
S05_concat_Mshell_delta_Pcyc,2,line_test_0005,line,6.786680451430115,24.10043686566111,0.15474909383769614,0.010293944738805294,0.0009511280004517175
S05_concat_Mshell_delta_Pcyc,2,line_test_0006,line,10.601846737900486,21.345225946789395,0.08436665887778755,0.012857524678111076,0.0009477740022703074
S05_concat_Mshell_delta_Pcyc,2,line_test_0007,line,4.426900158531072,23.32790500973302,0.16601262214558082,0.010797866620123386,0.0009761979999893811
S05_concat_Mshell_delta_Pcyc,2,line_test_0008,line,1.8136640148558247,23.235177584988385,0.23104045497387002,0.014377357438206673,0.0009642520017223433
S05_concat_Mshell_delta_Pcyc,2,line_test_0009,line,3.0724726055007485,25.33193957652093,0.23025896657051065,0.008958428166806698,0.0009669829996710178
S05_concat_Mshell_delta_Pcyc,2,line_test_0010,line,4.929736689919429,25.491438168586207,0.23504017332251603,0.007798469625413418,0.0009489059993939009
S05_concat_Mshell_delta_Pcyc,2,line_test_0011,line,1.3148398665536254,26.55816083119648,0.3289422336880684,0.006736775394529104,0.0009530819988867734
S05_concat_Mshell_delta_Pcyc,2,line_test_0012,line,3.5995150869182737,24.11947942911741,0.18928538813901177,0.010454042814671993,0.000952408998273313
S05_concat_Mshell_delta_Pcyc,2,line_test_0013,line,3.117560527840208,22.075586490018217,0.1899989816085467,0.013950573280453682,0.0009568599998601712
S05_concat_Mshell_delta_Pcyc,2,line_test_0014,line,3.1054099647008173,29.908771735278393,0.44423596936618476,0.004338491708040237,0.0009735409985296428
S05_concat_Mshell_delta_Pcyc,2,line_test_0015,line,11.34275723806458,24.8419095406579,0.1690030500477612,0.00815382320433855,0.0009742319998622406
S05_concat_Mshell_delta_Pcyc,2,line_test_0016,line,3.4207081838400684,22.86185004489909,0.14417782668384366,0.014019377529621124,0.000968193999142386
S05_concat_Mshell_delta_Pcyc,2,line_test_0017,line,1.7249813145773776,29.72715878316812,0.45880177770208963,0.004212925210595131,0.0009633099980419502
S05_concat_Mshell_delta_Pcyc,2,line_test_0018,line,3.8474773548193495,23.516842661709134,0.16823957471609893,0.0113572021946311,0.0009555540018482134
S05_concat_Mshell_delta_Pcyc,2,line_test_0019,line,5.588844812950943,21.82786813800149,0.11139094886541136,0.013713204301893711,0.0009570050024194643
S05_concat_Mshell_delta_Pcyc,2,cross_test_0000,cross,10.75443637906498,21.864487899051646,0.06878084568525786,0.016604891046881676,0.000953858998400392
S05_concat_Mshell_delta_Pcyc,2,cross_test_0001,cross,2.155576687172841,23.16503923037764,0.2301818233368114,0.014490220695734024,0.0009550369977660012
S05_concat_Mshell_delta_Pcyc,2,cross_test_0002,cross,2.7020880952561055,26.047993085670193,0.26940850804117905,0.0074694897048175335,0.0009478929969191086
S05_concat_Mshell_delta_Pcyc,2,cross_test_0003,cross,2.373272474096512,23.879424727459014,0.24692478797850648,0.011664020828902721,0.0009476430022914428
S05_concat_Mshell_delta_Pcyc,2,cross_test_0004,cross,2.891227492078938,23.25486672531636,0.2196264461765226,0.01248409878462553,0.0009526980029477272
S05_concat_Mshell_delta_Pcyc,2,cross_test_0005,cross,10.672035994533562,20.88223914312154,0.04312784204239967,0.021392308175563812,0.000962358000833774
S05_concat_Mshell_delta_Pcyc,2,cross_test_0006,cross,2.2543863011329734,25.189959305511188,0.365755012732915,0.006613433826714754,0.000963348000368569
S05_concat_Mshell_delta_Pcyc,2,cross_test_0007,cross,6.200530382724738,26.007035934326886,0.2717418218554276,0.006680491380393505,0.0009476939994783606
S05_concat_Mshell_delta_Pcyc,2,cross_test_0008,cross,3.717557884902388,22.26345669715529,0.11410822342172457,0.016904650256037712,0.0009479960026510525
S05_concat_Mshell_delta_Pcyc,2,cross_test_0009,cross,6.498852553414162,24.751232742448575,0.18368117733734973,0.00828130729496479,0.0009529320013825782
S05_concat_Mshell_delta_Pcyc,2,cross_test_0010,cross,11.413060633530057,21.473495204949806,0.058318389355025195,0.016345299780368805,0.0009565270011080429
S05_concat_Mshell_delta_Pcyc,2,cross_test_0011,cross,3.6460637493515358,21.695916557498332,0.10488483375673673,0.018731268122792244,0.000954120001551928
S05_concat_Mshell_delta_Pcyc,2,cross_test_0012,cross,3.8661337018557584,25.79383417738343,0.27829855119421826,0.007586868479847908,0.0009603529979358427
S05_concat_Mshell_delta_Pcyc,2,cross_test_0013,cross,8.183055426553054,22.53308568800559,0.06687000464669635,0.017406221479177475,0.0009488219984632451
S05_concat_Mshell_delta_Pcyc,2,cross_test_0014,cross,2.1970007010624935,24.28522226944449,0.22927654113607845,0.010222545824944973,0.0009646700018492993
S05_concat_Mshell_delta_Pcyc,2,L_shape_test_0000,L-shape,3.0430853692713966,21.3390326541772,0.09220997736098283,0.01995818316936493,0.0009711139973660465
S05_concat_Mshell_delta_Pcyc,2,L_shape_test_0001,L-shape,2.5612683758721597,23.57890258282235,0.22664618835757006,0.011399009265005589,0.0009742779984662775
S05_concat_Mshell_delta_Pcyc,2,L_shape_test_0002,L-shape,5.243506635300803,20.084702614294958,0.0649287055481229,0.023918865248560905,0.0009637379989726469
S05_concat_Mshell_delta_Pcyc,2,L_shape_test_0003,L-shape,2.8646205964260316,22.917627895076755,0.14926446221720754,0.0144111979752779,0.0009617689975129906
S05_concat_Mshell_delta_Pcyc,2,L_shape_test_0004,L-shape,2.444446533234675,21.898579447429398,0.11791484587595048,0.019121965393424034,0.0009589470028004143
S05_concat_Mshell_delta_Pcyc,2,L_shape_test_0005,L-shape,2.611604001387571,22.970646366510763,0.14113338914919094,0.014914794825017452,0.0009519769992039073
S05_concat_Mshell_delta_Pcyc,2,L_shape_test_0006,L-shape,3.0157563491010544,26.36711822802777,0.2731474494182556,0.007597985211759806,0.0009561850019963458
S05_concat_Mshell_delta_Pcyc,2,L_shape_test_0007,L-shape,2.0581585644963143,23.864732951136585,0.22498718093862272,0.011818093247711658,0.0009646559992688708
S05_concat_Mshell_delta_Pcyc,2,L_shape_test_0008,L-shape,3.9260014278792235,24.53490398519083,0.15162409740958518,0.011302431114017963,0.0009545579996483866
S05_concat_Mshell_delta_Pcyc,2,L_shape_test_0009,L-shape,5.4268430670559935,19.057767276004533,0.05498464422943236,0.029045842587947845,0.0009581379999872297
S05_concat_Mshell_delta_Pcyc,2,L_shape_test_0010,L-shape,2.991314191643886,25.843831676691543,0.25543598345525537,0.007971509359776974,0.0009777889972610865
S05_concat_Mshell_delta_Pcyc,2,L_shape_test_0011,L-shape,2.943912545700756,28.69059455074972,0.35843942546406504,0.005858791060745716,0.0009570200018060859
S05_concat_Mshell_delta_Pcyc,2,L_shape_test_0012,L-shape,1.4945087117120395,25.013354555246828,0.28936270187506324,0.00920757558196783,0.0009650159990997054
S05_concat_Mshell_delta_Pcyc,2,L_shape_test_0013,L-shape,1.6816672304263618,25.004792693791384,0.2599238869600775,0.009777219966053963,0.0009484330003033392
S05_concat_Mshell_delta_Pcyc,2,L_shape_test_0014,L-shape,3.748840426713376,26.45382832451339,0.24724293567175326,0.007769098971039057,0.0009568599998601712
S05_concat_Mshell_delta_Pcyc,2,L_shape_test_0015,L-shape,2.584887396997167,21.74120727505329,0.12664055067187,0.01936904527246952,0.0009660950017860159
S05_concat_Mshell_delta_Pcyc,2,L_shape_test_0016,L-shape,1.968499406322433,24.469401035256745,0.23257037681238577,0.011162994429469109,0.0009601290003047325
S05_concat_Mshell_delta_Pcyc,2,L_shape_test_0017,L-shape,2.7175040079632233,21.958419586427485,0.14533006089045816,0.01695653423666954,0.0009628410007280763
S05_concat_Mshell_delta_Pcyc,2,L_shape_test_0018,L-shape,2.0332343621117626,23.117779069547186,0.18154864154451236,0.013166606426239014,0.0009508010007266421
S05_concat_Mshell_delta_Pcyc,2,L_shape_test_0019,L-shape,11.132240815339756,22.864182248723516,0.0864585296130838,0.012982256710529327,0.0009558050005580299
S05_concat_Mshell_delta_Pcyc,2,double_line_test_0000,double-line,1.4190112441435354,24.71270839380648,0.3234499808344588,0.008963107131421566,0.0009531409996270668
S05_concat_Mshell_delta_Pcyc,2,double_line_test_0001,double-line,2.253877854777951,23.107806475394334,0.16782467217097827,0.014502955600619316,0.0009597920034138951
S05_concat_Mshell_delta_Pcyc,2,double_line_test_0002,double-line,1.3477288171856316,29.949805756230347,0.4782872534545178,0.0026703926268965006,0.0009548429989081342
S05_concat_Mshell_delta_Pcyc,2,double_line_test_0003,double-line,2.032428177200207,22.54713608243572,0.1887860809393798,0.017408238723874092,0.0009557920020597521
S05_concat_Mshell_delta_Pcyc,2,double_line_test_0004,double-line,1.8022720633872964,23.33691980790515,0.2182243756810256,0.014552555978298187,0.0009534469973004889
S05_concat_Mshell_delta_Pcyc,2,double_line_test_0005,double-line,1.0515926361403012,25.77582256245819,0.27929378038834246,0.005474886391311884,0.0009423219999007415
S05_concat_Mshell_delta_Pcyc,2,double_line_test_0006,double-line,2.4571229375530916,21.398507160419033,0.1626265369144061,0.017572320997714996,0.0009619379998184741
S05_concat_Mshell_delta_Pcyc,2,double_line_test_0007,double-line,11.62068365761831,21.290089952747092,0.05266756449256879,0.017996707931160927,0.000957136999204522
S05_concat_Mshell_delta_Pcyc,2,double_line_test_0008,double-line,6.393744404851153,20.30994122048735,0.050303702048941704,0.023046551272273064,0.0009609760018065572
S05_concat_Mshell_delta_Pcyc,2,double_line_test_0009,double-line,3.1706782556308624,22.958530506040464,0.1697196939593606,0.013819259591400623,0.0009560360012983438
S05_concat_Mshell_delta_Pcyc,2,double_line_test_0010,double-line,2.637041879513426,22.129373059011016,0.16970936833834716,0.015019875951111317,0.0009653479974076618
S05_concat_Mshell_delta_Pcyc,2,double_line_test_0011,double-line,1.4647465867089304,26.324573259578248,0.31014561355180564,0.008864092640578747,0.0009548480011289939
S05_concat_Mshell_delta_Pcyc,2,double_line_test_0012,double-line,4.421051535444645,24.193519344218537,0.20707237337548795,0.00918962899595499,0.0009614699993107934
S05_concat_Mshell_delta_Pcyc,2,double_line_test_0013,double-line,2.351538106106164,21.29887869601463,0.16367284961373146,0.019536681473255157,0.0009564760002831463
S05_concat_Mshell_delta_Pcyc,2,double_line_test_0014,double-line,2.917368753424935,21.128054689336622,0.11064910730358045,0.021835550665855408,0.0009525630011921749
S05_concat_Mshell_delta_Pcyc,2,small_rect_edge_test_0000,small_rect_edge,1.8567655609878386,27.201297399062256,0.3766306189573276,0.005261724814772606,0.0009523580010863952
S05_concat_Mshell_delta_Pcyc,2,small_rect_edge_test_0001,small_rect_edge,5.799052359754666,23.16359888752539,0.11747254496716206,0.012618333101272583,0.0009523139997327235
S05_concat_Mshell_delta_Pcyc,2,small_rect_edge_test_0002,small_rect_edge,1.612844550446463,25.645913743877454,0.2733295087494746,0.008401645347476006,0.0009638580013415776
S05_concat_Mshell_delta_Pcyc,2,small_rect_edge_test_0003,small_rect_edge,9.548089314610467,20.71001377555322,0.054724674117415814,0.019137443974614143,0.000968305001151748
S05_concat_Mshell_delta_Pcyc,2,small_rect_edge_test_0004,small_rect_edge,6.61020144766104,20.94921030999408,0.06844035300282751,0.018739862367510796,0.0009606910025468096
S05_concat_Mshell_delta_Pcyc,2,small_rect_edge_test_0005,small_rect_edge,2.9982761285230355,24.693001533995353,0.17717508381526054,0.00956727284938097,0.0009763349989952985
S05_concat_Mshell_delta_Pcyc,2,small_rect_edge_test_0006,small_rect_edge,3.6683643542676583,24.320447160691508,0.15736831512095684,0.012334846891462803,0.0009543119995214511
S05_concat_Mshell_delta_Pcyc,2,small_rect_edge_test_0007,small_rect_edge,1.3565986371634948,27.75316744255298,0.37492662428825757,0.004083083942532539,0.0009552119990985375
S05_concat_Mshell_delta_Pcyc,2,small_rect_edge_test_0008,small_rect_edge,4.878758825451981,21.539083521767818,0.07732790376301037,0.0181806068867445,0.0009615819981263485
S05_concat_Mshell_delta_Pcyc,2,small_rect_edge_test_0009,small_rect_edge,3.255543057422779,25.769578325406343,0.20913388119999238,0.00933998916298151,0.0009712569990369957
S05_concat_Mshell_delta_Pcyc,2,point_cluster_test_0000,point_cluster,13.365573254775944,21.658448563830593,0.0823762898902511,0.01348339207470417,0.0009613869988243096
S05_concat_Mshell_delta_Pcyc,2,point_cluster_test_0001,point_cluster,3.9562217549568808,25.6983619289976,0.22051430832030938,0.009865145199000835,0.0009564870015310589
S05_concat_Mshell_delta_Pcyc,2,point_cluster_test_0002,point_cluster,12.36985706317065,24.681991981472823,0.13822539866600972,0.010028010234236717,0.0009625439997762442
S05_concat_Mshell_delta_Pcyc,2,point_cluster_test_0003,point_cluster,18.989670085832433,23.07891653112157,0.10233009946731207,0.010736558586359024,0.0009667569975135848
S05_concat_Mshell_delta_Pcyc,2,point_cluster_test_0004,point_cluster,4.35685021499567,25.026663070662227,0.19380834076769707,0.010274081490933895,0.0009725239979161415
S05_concat_Mshell_delta_Pcyc,2,point_cluster_test_0005,point_cluster,4.571633198295346,24.765237502188818,0.15084945623296633,0.011407637037336826,0.0009696770030132029
S05_concat_Mshell_delta_Pcyc,2,point_cluster_test_0006,point_cluster,20.14621457228359,22.026046480458156,0.08088665108627593,0.01188081968575716,0.0009633810004743282
S05_concat_Mshell_delta_Pcyc,2,point_cluster_test_0007,point_cluster,24.53308799895107,21.710590890964543,0.06871612947946641,0.012990732677280903,0.0010522459997446276
S05_concat_Mshell_delta_Pcyc,2,point_cluster_test_0008,point_cluster,16.458874048745788,22.586040235618547,0.08733070517620262,0.01211002841591835,0.0009766889997990802
S05_concat_Mshell_delta_Pcyc,2,point_cluster_test_0009,point_cluster,13.942071830403748,24.636142348731568,0.18938643775372316,0.00740439398214221,0.0009651710024627391
S05_concat_Mshell_delta_Pcyc,2,point_cluster_test_0010,point_cluster,4.551092556692056,24.701494640227377,0.17134753163974473,0.01065678521990776,0.0009611179993953556
S05_concat_Mshell_delta_Pcyc,2,point_cluster_test_0011,point_cluster,26.125698423030418,20.73636946807543,0.04001238514460983,0.01678069867193699,0.0009544109998387285
S05_concat_Mshell_delta_Pcyc,2,point_cluster_test_0012,point_cluster,8.104683889117505,24.567385649408088,0.163135647386327,0.008606057614088058,0.0009505870002612937
S05_concat_Mshell_delta_Pcyc,2,point_cluster_test_0013,point_cluster,9.407584679332446,22.62583539505858,0.05882592563585718,0.017986182123422623,0.000947983000514796
S05_concat_Mshell_delta_Pcyc,2,point_cluster_test_0014,point_cluster,6.9645875604046905,25.832799871587415,0.22015036362900423,0.007273016031831503,0.0009497499995632097
S05_concat_Mshell_delta_Pcyc,2,point_cluster_test_0015,point_cluster,6.869491434694237,26.026538831903338,0.22516711051200144,0.006870029494166374,0.0009612719986762386
S05_concat_Mshell_delta_Pcyc,2,point_cluster_test_0016,point_cluster,9.045042681536808,22.31459081024385,0.08128217820639659,0.015957430005073547,0.0009520219973637722
S05_concat_Mshell_delta_Pcyc,2,point_cluster_test_0017,point_cluster,14.310683551224402,24.590104905882963,0.23070827318217388,0.007258660160005093,0.0009490400007052813
S05_concat_Mshell_delta_Pcyc,2,point_cluster_test_0018,point_cluster,28.06487723963836,21.25401240814774,0.06084163353914017,0.013254523277282715,0.0009592790011083707
S05_concat_Mshell_delta_Pcyc,2,point_cluster_test_0019,point_cluster,14.510898339991758,23.2769333801031,0.10778403667117539,0.010390626266598701,0.0009534500022709835
S06_geometry_branch_bottleneck_concat,0,line_test_0000,line,0.9938705664444059,30.867715328706392,0.5205817509747269,0.001084997784346342,0.0034989209998457227
S06_geometry_branch_bottleneck_concat,0,line_test_0001,line,0.9964469210853864,25.925682733412206,0.2450767263665982,0.0031543239019811153,0.0014449510017584544
S06_geometry_branch_bottleneck_concat,0,line_test_0002,line,0.9926041750160189,30.23453920522654,0.484447837225621,0.001282673329114914,0.0014090130025579128
S06_geometry_branch_bottleneck_concat,0,line_test_0003,line,0.9921667613876963,33.9452686240984,0.6910595592089549,0.0006083966582082212,0.0014091519988141954
S06_geometry_branch_bottleneck_concat,0,line_test_0004,line,0.9959446950214705,36.656054419133696,0.8063352620944969,0.0002959756529890001,0.001411487002769718
S06_geometry_branch_bottleneck_concat,0,line_test_0005,line,0.9973950165427948,32.42833895419154,0.6100683987510124,0.0007042399956844747,0.0014188569984980859
S06_geometry_branch_bottleneck_concat,0,line_test_0006,line,0.9937060971061683,31.626461563915175,0.566305230204312,0.0009036999545060098,0.001417744999343995
S06_geometry_branch_bottleneck_concat,0,line_test_0007,line,0.9943093046485539,29.81368745777444,0.469301308889854,0.001186874695122242,0.001467540001613088
S06_geometry_branch_bottleneck_concat,0,line_test_0008,line,0.9965883604522772,25.835587755091804,0.24107553810838855,0.0029002027586102486,0.0014044969975657295
S06_geometry_branch_bottleneck_concat,0,line_test_0009,line,0.9938407777857736,30.233651585800597,0.48430473568589144,0.0011579260462895036,0.0014073709971853532
S06_geometry_branch_bottleneck_concat,0,line_test_0010,line,0.993715913855971,32.447052887617104,0.611324433751003,0.0007633738568983972,0.0014028659970790613
S06_geometry_branch_bottleneck_concat,0,line_test_0011,line,0.9970577225461333,27.75968631147332,0.3407074399156106,0.0019654009956866503,0.0014093290010350756
S06_geometry_branch_bottleneck_concat,0,line_test_0012,line,0.9954290633172767,29.7018163708632,0.45281941941298726,0.0013063540682196617,0.0014088690004427917
S06_geometry_branch_bottleneck_concat,0,line_test_0013,line,0.9963339592672664,27.02968619223897,0.32050438861682745,0.002214408479630947,0.0014221439996617846
S06_geometry_branch_bottleneck_concat,0,line_test_0014,line,0.9966767825698132,34.844417679224385,0.7325194153453599,0.00041302459430880845,0.0014668699986941647
S06_geometry_branch_bottleneck_concat,0,line_test_0015,line,0.9925800425152311,35.421440400219396,0.7582768336062652,0.00039531217771582305,0.0014071120021981187
S06_geometry_branch_bottleneck_concat,0,line_test_0016,line,0.9937547908412733,28.230218019373815,0.36746425000733696,0.0018758100923150778,0.0014654240003437735
S06_geometry_branch_bottleneck_concat,0,line_test_0017,line,1.0022300694041573,32.08532838995809,0.5910262254362841,0.0007543478277511895,0.0014057679982215632
S06_geometry_branch_bottleneck_concat,0,line_test_0018,line,0.9932152147551323,29.398169650085272,0.4343121182561879,0.0014788896078243852,0.0014307210003607906
S06_geometry_branch_bottleneck_concat,0,line_test_0019,line,0.9933517135163101,29.330058475026473,0.43746649532006116,0.0013099340721964836,0.0014201789999788161
S06_geometry_branch_bottleneck_concat,0,cross_test_0000,cross,0.996332911670294,32.19631969544463,0.5972399575662356,0.0009066089405678213,0.0015562560001853853
S06_geometry_branch_bottleneck_concat,0,cross_test_0001,cross,0.9972774156794622,26.51251449335616,0.27087683697626413,0.0028072118293493986,0.0014680559979751706
S06_geometry_branch_bottleneck_concat,0,cross_test_0002,cross,0.9980892279880005,30.373294587483628,0.49181201466869295,0.0010786023922264576,0.0014303089992608875
S06_geometry_branch_bottleneck_concat,0,cross_test_0003,cross,0.9989858482754362,27.637307531600108,0.33352137485132805,0.002284563845023513,0.0014384290007001255
S06_geometry_branch_bottleneck_concat,0,cross_test_0004,cross,0.997181144925924,27.87794882999752,0.34605227987046655,0.0021858748514205217,0.0014687740003864747
S06_geometry_branch_bottleneck_concat,0,cross_test_0005,cross,0.9949664806398448,31.186627302879582,0.5398534435749487,0.0010654074139893055,0.0014130180024949368
S06_geometry_branch_bottleneck_concat,0,cross_test_0006,cross,0.996723112624723,28.73449712964126,0.39457271530417404,0.0016236694063991308,0.001412211000570096
S06_geometry_branch_bottleneck_concat,0,cross_test_0007,cross,0.9992223782448335,33.93470310371501,0.6890643596971638,0.0005780128412880003,0.0014287839985627215
S06_geometry_branch_bottleneck_concat,0,cross_test_0008,cross,0.9912015189970936,28.004414644196373,0.35612415524884833,0.0021689124405384064,0.0014275460016506258
S06_geometry_branch_bottleneck_concat,0,cross_test_0009,cross,0.9953808262818964,32.899706970374304,0.6363552768198242,0.0006192750879563391,0.0013961949989607092
S06_geometry_branch_bottleneck_concat,0,cross_test_0010,cross,0.9949806163224544,32.06937049107665,0.5903973042750101,0.000872270786203444,0.0014042860020708758
S06_geometry_branch_bottleneck_concat,0,cross_test_0011,cross,0.9910620904938328,27.35315041208644,0.32057926326887204,0.0024430123157799244,0.0014175040014379192
S06_geometry_branch_bottleneck_concat,0,cross_test_0012,cross,0.9976503226463892,31.6768195218833,0.5677973620920317,0.000901517050806433,0.0014634280014433898
S06_geometry_branch_bottleneck_concat,0,cross_test_0013,cross,0.9940751075107165,31.688048449026574,0.5690881809885173,0.001004811841994524,0.0014243629993870854
S06_geometry_branch_bottleneck_concat,0,cross_test_0014,cross,0.9971718442466503,27.715824101934608,0.33824870505485805,0.0019177320646122098,0.0014203539976733737
S06_geometry_branch_bottleneck_concat,0,L_shape_test_0000,L-shape,0.9954811751253222,26.19184351993281,0.2597715390071403,0.002919769147410989,0.0014499819990305696
S06_geometry_branch_bottleneck_concat,0,L_shape_test_0001,L-shape,0.9957104434958225,27.68212296485199,0.3361810842549487,0.001976270694285631,0.0014163470004859846
S06_geometry_branch_bottleneck_concat,0,L_shape_test_0002,L-shape,0.9926248449323339,27.31306941060587,0.3173488348561602,0.002386597217991948,0.001413551999576157
S06_geometry_branch_bottleneck_concat,0,L_shape_test_0003,L-shape,0.9956589294847433,27.507193012709912,0.32496283452398755,0.0023064506240189075,0.0014699929997732397
S06_geometry_branch_bottleneck_concat,0,L_shape_test_0004,L-shape,0.9960053974341027,25.797768153549896,0.237094954390479,0.0031953242141753435,0.001426212998921983
S06_geometry_branch_bottleneck_concat,0,L_shape_test_0005,L-shape,0.9957950752041533,27.158019788852684,0.3080479091183492,0.0023179338313639164,0.0014717669982928783
S06_geometry_branch_bottleneck_concat,0,L_shape_test_0006,L-shape,0.9957508619231077,31.17957366831294,0.5387652245397744,0.0009636266622692347,0.0013975279980513733
S06_geometry_branch_bottleneck_concat,0,L_shape_test_0007,L-shape,0.9943806065932649,27.023994760121486,0.29929026439230566,0.0025528939440846443,0.0014645099981862586
S06_geometry_branch_bottleneck_concat,0,L_shape_test_0008,L-shape,0.9929909551725359,30.504955579415448,0.5003384358628685,0.0010851722909137607,0.0014184559986460954
S06_geometry_branch_bottleneck_concat,0,L_shape_test_0009,L-shape,0.992856906502189,26.43437340938593,0.2705739263235971,0.0028725420124828815,0.0013983819990244228
S06_geometry_branch_bottleneck_concat,0,L_shape_test_0010,L-shape,0.9941526108185305,30.627921585846465,0.5077511339420038,0.001074440311640501,0.0014177609991747886
S06_geometry_branch_bottleneck_concat,0,L_shape_test_0011,L-shape,0.9977607022013283,33.38957966555958,0.6614296539611829,0.0005932085332460701,0.0014198509998095687
S06_geometry_branch_bottleneck_concat,0,L_shape_test_0012,L-shape,0.9969093454885306,26.771782403675246,0.28647604859581516,0.002533933613449335,0.0014154810014588293
S06_geometry_branch_bottleneck_concat,0,L_shape_test_0013,L-shape,0.9953118693281621,27.282601358254578,0.31248313346632817,0.0024108218494802713,0.0014013610016263556
S06_geometry_branch_bottleneck_concat,0,L_shape_test_0014,L-shape,0.9969398466641728,32.20610841855083,0.5973303396732224,0.000824698421638459,0.001472115000069607
S06_geometry_branch_bottleneck_concat,0,L_shape_test_0015,L-shape,0.9950920381312571,25.88699110995565,0.24322776578328234,0.0029944328125566244,0.0014178140008880291
S06_geometry_branch_bottleneck_concat,0,L_shape_test_0016,L-shape,0.9952879010876128,27.431266554921653,0.32079169690766934,0.002315932186320424,0.001421933000528952
S06_geometry_branch_bottleneck_concat,0,L_shape_test_0017,L-shape,0.9956912113684001,26.31887480078222,0.2634136474748011,0.0028888890519738197,0.0014183739986037835
S06_geometry_branch_bottleneck_concat,0,L_shape_test_0018,L-shape,0.9967016622126824,26.214001588538732,0.25558402453476,0.0030120417941361666,0.0013905449995945673
S06_geometry_branch_bottleneck_concat,0,L_shape_test_0019,L-shape,0.9960929697215669,33.34700963330918,0.6597275038769401,0.000640332349576056,0.001554249000037089
S06_geometry_branch_bottleneck_concat,0,double_line_test_0000,double-line,0.9961958179611144,26.249119350674977,0.25997250715590675,0.0027445608284324408,0.0014145230015856214
S06_geometry_branch_bottleneck_concat,0,double_line_test_0001,double-line,0.9929379923607224,26.667889261207005,0.28430929898248025,0.002889806404709816,0.0017050660026143305
S06_geometry_branch_bottleneck_concat,0,double_line_test_0002,double-line,0.999612703117083,31.247513359408163,0.5420739459114694,0.0010151219321414828,0.001436657999875024
S06_geometry_branch_bottleneck_concat,0,double_line_test_0003,double-line,0.9951115459002348,25.64857080186771,0.22724067364463654,0.0034692478366196156,0.0014255919995775912
S06_geometry_branch_bottleneck_concat,0,double_line_test_0004,double-line,0.9942822018626959,25.92002675885249,0.24218470210173,0.0033439735416322947,0.0014593339983548503
S06_geometry_branch_bottleneck_concat,0,double_line_test_0005,double-line,0.9981004376321954,26.002555391150025,0.24609482981629188,0.003057032823562622,0.0014135179990262259
S06_geometry_branch_bottleneck_concat,0,double_line_test_0006,double-line,0.989070338575726,25.350504216658315,0.22619205659046138,0.0037290393374860287,0.0014279140013968572
S06_geometry_branch_bottleneck_concat,0,double_line_test_0007,double-line,0.9944281209146593,31.966672634705663,0.5843772407192693,0.000894770142622292,0.0014159770034893882
S06_geometry_branch_bottleneck_concat,0,double_line_test_0008,double-line,0.9955932328321235,28.38667465444566,0.37671668959328025,0.00179071887396276,0.0013976429981994443
S06_geometry_branch_bottleneck_concat,0,double_line_test_0009,double-line,0.9944995878581021,27.994005884220545,0.35141449933867136,0.002106026979163289,0.001906458997837035
S06_geometry_branch_bottleneck_concat,0,double_line_test_0010,double-line,0.9965652214052411,26.355486170424737,0.26550691858155423,0.0028776293620467186,0.001422315999661805
S06_geometry_branch_bottleneck_concat,0,double_line_test_0011,double-line,0.9973635574434768,27.9936631241875,0.3502322297761255,0.0020693857222795486,0.0014345659983519
S06_geometry_branch_bottleneck_concat,0,double_line_test_0012,double-line,0.9946447744436314,30.672095042340487,0.507864870105503,0.0011904548155143857,0.001494730997364968
S06_geometry_branch_bottleneck_concat,0,double_line_test_0013,double-line,0.9967915575686913,25.026355508240975,0.19873967609280196,0.0038978306110948324,0.0014262339973356575
S06_geometry_branch_bottleneck_concat,0,double_line_test_0014,double-line,0.9953590981445931,25.79817008597773,0.23840089257996083,0.0033376794308423996,0.0014148619993648026
S06_geometry_branch_bottleneck_concat,0,small_rect_edge_test_0000,small_rect_edge,0.9941814489024684,29.914211567218423,0.4659655684743941,0.0011539777042344213,0.001469530998292612
S06_geometry_branch_bottleneck_concat,0,small_rect_edge_test_0001,small_rect_edge,0.9941350410141779,30.822715526145412,0.518640250875449,0.0010486237006261945,0.0014297879970399663
S06_geometry_branch_bottleneck_concat,0,small_rect_edge_test_0002,small_rect_edge,0.9986983452465494,27.727495560271027,0.33898359993766475,0.001906477496959269,0.0014271680011006538
S06_geometry_branch_bottleneck_concat,0,small_rect_edge_test_0003,small_rect_edge,0.9935851799886035,30.537127495357765,0.5020900006202583,0.0011342025827616453,0.001405547998729162
S06_geometry_branch_bottleneck_concat,0,small_rect_edge_test_0004,small_rect_edge,0.9940100094565067,29.177449344409958,0.42383759160432344,0.0016041555209085345,0.0014085780021559913
S06_geometry_branch_bottleneck_concat,0,small_rect_edge_test_0005,small_rect_edge,0.9962364342345672,29.47809378248485,0.4511950596039438,0.0013077148469164968,0.001416980001522461
S06_geometry_branch_bottleneck_concat,0,small_rect_edge_test_0006,small_rect_edge,0.9964813718700244,29.98047959957256,0.4684823260019209,0.0012513233814388514,0.0014226109997252934
S06_geometry_branch_bottleneck_concat,0,small_rect_edge_test_0007,small_rect_edge,0.9988694168040029,29.082594100884762,0.4157853209038887,0.0014699639286845922,0.0014096390004851855
S06_geometry_branch_bottleneck_concat,0,small_rect_edge_test_0008,small_rect_edge,0.9929447232072688,28.452926324290292,0.38404147857100274,0.001710493816062808,0.0014601889997720718
S06_geometry_branch_bottleneck_concat,0,small_rect_edge_test_0009,small_rect_edge,0.9970204587814265,30.90877196228343,0.5230847461812962,0.0010107646230608225,0.0014160379978420679
S06_geometry_branch_bottleneck_concat,0,point_cluster_test_0000,point_cluster,0.993997760474438,32.9444704423985,0.686718180596007,0.0006357785896398127,0.0014239229967643041
S06_geometry_branch_bottleneck_concat,0,point_cluster_test_0001,point_cluster,0.9960589726892236,31.688317676863864,0.5686688916323905,0.001039348659105599,0.0014212850001058541
S06_geometry_branch_bottleneck_concat,0,point_cluster_test_0002,point_cluster,0.9962690759665278,35.62187226632603,0.7665082104002037,0.000447747646830976,0.0014025659984326921
S06_geometry_branch_bottleneck_concat,0,point_cluster_test_0003,point_cluster,0.995096964056902,35.88543684624153,0.7772245392922973,0.0003847562475129962,0.0014088780008023605
S06_geometry_branch_bottleneck_concat,0,point_cluster_test_0004,point_cluster,0.9979492576099244,31.427304890563402,0.5533286877139771,0.0010600286768749356,0.0014184930005285423
S06_geometry_branch_bottleneck_concat,0,point_cluster_test_0005,point_cluster,0.9993055374458888,31.36896830851953,0.5501669437401256,0.00105857546441257,0.0014711109979543835
S06_geometry_branch_bottleneck_concat,0,point_cluster_test_0006,point_cluster,1.0012313339945744,35.06263673877521,0.7707028131907234,0.00044339135638438165,0.0014052699989406392
S06_geometry_branch_bottleneck_concat,0,point_cluster_test_0007,point_cluster,0.9986996351793851,35.61376390620503,0.7924676622039252,0.0003973015118390322,0.0014091249977354892
S06_geometry_branch_bottleneck_concat,0,point_cluster_test_0008,point_cluster,0.9943491334477664,34.77465244141368,0.7298162718240327,0.0005070611368864775,0.0014027949982846621
S06_geometry_branch_bottleneck_concat,0,point_cluster_test_0009,point_cluster,0.9937380014631116,36.10669642942175,0.8261224612579953,0.00033077545231208205,0.0014271000000007916
S06_geometry_branch_bottleneck_concat,0,point_cluster_test_0010,point_cluster,0.9949891020081647,31.304468127194557,0.5462958601908213,0.0010734819807112217,0.0014156170000205748
S06_geometry_branch_bottleneck_concat,0,point_cluster_test_0011,point_cluster,0.9975247968736088,34.91781136107686,0.7364089388416599,0.000525713840033859,0.0014197470009094104
S06_geometry_branch_bottleneck_concat,0,point_cluster_test_0012,point_cluster,1.000065298194521,33.65446289855579,0.6757479643877717,0.0006801559356972575,0.0014046050018805545
S06_geometry_branch_bottleneck_concat,0,point_cluster_test_0013,point_cluster,0.9890154591432299,32.40858581074616,0.6111906251718562,0.00095418217824772,0.0014872330029902514
S06_geometry_branch_bottleneck_concat,0,point_cluster_test_0014,point_cluster,0.9963195019095366,34.27776752256294,0.7065148522770937,0.0004909388953819871,0.0015763069968670607
S06_geometry_branch_bottleneck_concat,0,point_cluster_test_0015,point_cluster,0.9980933404248566,34.40407321359966,0.712685521084811,0.0005813051830045879,0.0014137189973553177
S06_geometry_branch_bottleneck_concat,0,point_cluster_test_0016,point_cluster,0.997779685126425,31.888350564021096,0.6102221122597832,0.0009076581336557865,0.00140683600329794
S06_geometry_branch_bottleneck_concat,0,point_cluster_test_0017,point_cluster,0.9987550241821219,36.15211912819574,0.8594714545857164,0.00031564265373162925,0.0014140339990262873
S06_geometry_branch_bottleneck_concat,0,point_cluster_test_0018,point_cluster,1.0006219852089004,35.732943648874254,0.790919449044338,0.0004431699635460973,0.0014156120014376938
S06_geometry_branch_bottleneck_concat,0,point_cluster_test_0019,point_cluster,0.9978608874291911,34.90317651725863,0.7352817829068118,0.0004337758291512728,0.001416786002664594
S06_geometry_branch_bottleneck_concat,1,line_test_0000,line,1.5478524836650622,28.943718060319462,0.4758414163815925,0.0030247231479734182,0.001410085998941213
S06_geometry_branch_bottleneck_concat,1,line_test_0001,line,1.5773372634615068,23.930978827032956,0.28629853056325766,0.009750880300998688,0.0014249769992602523
S06_geometry_branch_bottleneck_concat,1,line_test_0002,line,2.129023743440667,26.920495024603156,0.35326007641429324,0.006416469346731901,0.0014161200015223585
S06_geometry_branch_bottleneck_concat,1,line_test_0003,line,10.248073353684896,23.804693141130993,0.11231644702846841,0.011133122257888317,0.0014219879994925577
S06_geometry_branch_bottleneck_concat,1,line_test_0004,line,2.135630223374702,33.34314597537946,0.6672305366438809,0.0016162561951205134,0.0014087689996813424
S06_geometry_branch_bottleneck_concat,1,line_test_0005,line,2.9088325596450164,27.779823667652202,0.3636595636633868,0.005635399837046862,0.0014158539997879416
S06_geometry_branch_bottleneck_concat,1,line_test_0006,line,5.903172074419212,23.88818667429577,0.1618253452796855,0.009410428814589977,0.0014746299966645893
S06_geometry_branch_bottleneck_concat,1,line_test_0007,line,2.4527025274657217,25.892453417301656,0.31748504920869935,0.006067672744393349,0.0014103299981798045
S06_geometry_branch_bottleneck_concat,1,line_test_0008,line,1.0390288233153293,25.654470090020723,0.41030799668630613,0.007181051652878523,0.0015082930003700312
S06_geometry_branch_bottleneck_concat,1,line_test_0009,line,1.5703124751290067,28.246959049267936,0.41930352863143394,0.004258321598172188,0.0014247719991544727
S06_geometry_branch_bottleneck_concat,1,line_test_0010,line,2.2214168949008912,28.953374717449822,0.44984048713546965,0.004145903047174215,0.0014115730009507388
S06_geometry_branch_bottleneck_concat,1,line_test_0011,line,1.1158256682950851,27.27092584419718,0.33118068950571133,0.003298624185845256,0.0014297730012913235
S06_geometry_branch_bottleneck_concat,1,line_test_0012,line,1.7575710286231665,27.23279070491575,0.3747744257092021,0.005605614744126797,0.0015837219980312511
S06_geometry_branch_bottleneck_concat,1,line_test_0013,line,1.5832628102633397,25.018205376874608,0.3847749491868802,0.008003978990018368,0.0014821679978922475
S06_geometry_branch_bottleneck_concat,1,line_test_0014,line,1.5024453438608427,33.06197392673698,0.6486833598207977,0.0015065373154357076,0.0014216489980753977
S06_geometry_branch_bottleneck_concat,1,line_test_0015,line,5.2208278725539,28.211702074464384,0.36435582179291115,0.004366089124232531,0.0014286709993029945
S06_geometry_branch_bottleneck_concat,1,line_test_0016,line,1.7957228591055983,25.660617525522692,0.30100073858998566,0.007470542564988136,0.0014732039999216795
S06_geometry_branch_bottleneck_concat,1,line_test_0017,line,1.1785317236451465,31.381590044854427,0.5686204752916278,0.001586385304108262,0.001426560997060733
S06_geometry_branch_bottleneck_concat,1,line_test_0018,line,2.0161650391150356,26.323342765336687,0.3172251779115463,0.0064513725228607655,0.0014072369995119516
S06_geometry_branch_bottleneck_concat,1,line_test_0019,line,3.0408541013246557,24.471132826363174,0.22873014691750002,0.008528860285878181,0.0014095559999987017
S06_geometry_branch_bottleneck_concat,1,cross_test_0000,cross,4.509664985979046,25.638921640176658,0.21863292855309105,0.009102911688387394,0.00195872200129088
S06_geometry_branch_bottleneck_concat,1,cross_test_0001,cross,1.1017223555738285,26.07995256049424,0.45171713111061884,0.007646206300705671,0.0013916969983256422
S06_geometry_branch_bottleneck_concat,1,cross_test_0002,cross,1.5513118633541296,28.457997063444132,0.4345245727406124,0.00351982400752604,0.0014138700025796425
S06_geometry_branch_bottleneck_concat,1,cross_test_0003,cross,1.3036068825677836,26.48143444530069,0.4405605824035371,0.006316684652119875,0.0014353260012285318
S06_geometry_branch_bottleneck_concat,1,cross_test_0004,cross,1.480999969783145,26.160138907415952,0.420939435676584,0.007162280846387148,0.001464110999222612
S06_geometry_branch_bottleneck_concat,1,cross_test_0005,cross,4.506174315104921,24.626631982904847,0.15208045158698766,0.011613504029810429,0.0014109950025158469
S06_geometry_branch_bottleneck_concat,1,cross_test_0006,cross,1.474488647217495,27.033828300309793,0.47813461565766463,0.0040488638915121555,0.0014189219982654322
S06_geometry_branch_bottleneck_concat,1,cross_test_0007,cross,2.893182761153702,29.31756560338304,0.4900000453112626,0.0035212133079767227,0.001431967000826262
S06_geometry_branch_bottleneck_concat,1,cross_test_0008,cross,1.7824726926714596,25.455805293170457,0.27630617430333193,0.008786601014435291,0.001476690998970298
S06_geometry_branch_bottleneck_concat,1,cross_test_0009,cross,3.2434454431685724,27.769533518316504,0.35812226217873466,0.004610658157616854,0.001412748999428004
S06_geometry_branch_bottleneck_concat,1,cross_test_0010,cross,5.211720428906439,24.877705431754435,0.15775283103810278,0.010288852266967297,0.0013933440022810828
S06_geometry_branch_bottleneck_concat,1,cross_test_0011,cross,1.8530570894630995,24.6352711848295,0.24434345106696653,0.009891767054796219,0.0014481380021607038
S06_geometry_branch_bottleneck_concat,1,cross_test_0012,cross,1.9050276716148447,28.867590054584976,0.49259294036975165,0.003876772476360202,0.0014251630018407013
S06_geometry_branch_bottleneck_concat,1,cross_test_0013,cross,3.0073822428626142,26.880354205204547,0.25542511652171024,0.008157607167959213,0.0014159960010147188
S06_geometry_branch_bottleneck_concat,1,cross_test_0014,cross,1.3338568671202056,26.452431996387773,0.34857703477885377,0.0053605507127940655,0.0014208549982868135
S06_geometry_branch_bottleneck_concat,1,L_shape_test_0000,L-shape,1.694999494796814,23.880478232924492,0.19195859799654194,0.010336043313145638,0.0014070840006752405
S06_geometry_branch_bottleneck_concat,1,L_shape_test_0001,L-shape,1.4544016695465045,26.03661002523335,0.3951339740248958,0.0061777629889547825,0.0014118120016064495
S06_geometry_branch_bottleneck_concat,1,L_shape_test_0002,L-shape,2.5320156371906375,23.246256954560735,0.1629624735551539,0.014224451966583729,0.001428723000572063
S06_geometry_branch_bottleneck_concat,1,L_shape_test_0003,L-shape,1.6033273209417063,25.43807684894714,0.28646278280189535,0.007336755748838186,0.0014361749999807216
S06_geometry_branch_bottleneck_concat,1,L_shape_test_0004,L-shape,1.4796338768365283,24.078842307518563,0.2083307389543713,0.00922864954918623,0.0014016679997439496
S06_geometry_branch_bottleneck_concat,1,L_shape_test_0005,L-shape,1.4615096881872367,25.491702432487337,0.27134509838746446,0.007244243286550045,0.001403520000167191
S06_geometry_branch_bottleneck_concat,1,L_shape_test_0006,L-shape,1.5902346976408317,29.146468366643724,0.45345480428969237,0.003487377194687724,0.001482637002482079
S06_geometry_branch_bottleneck_concat,1,L_shape_test_0007,L-shape,1.3631849664216689,25.653973436996523,0.31909990087065443,0.00628334004431963,0.0014405309993890114
S06_geometry_branch_bottleneck_concat,1,L_shape_test_0008,L-shape,1.8654111956034949,27.766662686586805,0.3463534720548035,0.004887159913778305,0.0013980169969727285
S06_geometry_branch_bottleneck_concat,1,L_shape_test_0009,L-shape,2.6586023457755954,22.15670593427209,0.13325041751223257,0.01783771999180317,0.0014070040015212726
S06_geometry_branch_bottleneck_concat,1,L_shape_test_0010,L-shape,1.7333410789193213,28.213611976952357,0.411356992794784,0.00387444905936718,0.0014172150004014838
S06_geometry_branch_bottleneck_concat,1,L_shape_test_0011,L-shape,1.4408233332845326,31.79373648721394,0.5746177540997836,0.002004975685849786,0.0014217949974408839
S06_geometry_branch_bottleneck_concat,1,L_shape_test_0012,L-shape,1.1593428886002841,26.11622017510033,0.32176525369248066,0.004894783720374107,0.0015060760015330743
S06_geometry_branch_bottleneck_concat,1,L_shape_test_0013,L-shape,1.2118692180192578,26.42763574365821,0.3227891620802875,0.0050336201675236225,0.0015109790001588408
S06_geometry_branch_bottleneck_concat,1,L_shape_test_0014,L-shape,1.7936744791462111,29.655361424968056,0.4581846007754244,0.00328585016541183,0.0015412459979415871
S06_geometry_branch_bottleneck_concat,1,L_shape_test_0015,L-shape,1.4397903422642642,24.282631115272913,0.26332362554351263,0.009608077816665173,0.0014763420003873762
S06_geometry_branch_bottleneck_concat,1,L_shape_test_0016,L-shape,1.2936340792540881,26.292639346749613,0.3321769569932395,0.005524433217942715,0.0020725180002045818
S06_geometry_branch_bottleneck_concat,1,L_shape_test_0017,L-shape,1.5632044542159382,24.359963848816935,0.28359742545435845,0.009252379648387432,0.002054282002063701
S06_geometry_branch_bottleneck_concat,1,L_shape_test_0018,L-shape,1.4496412547233082,24.587048248806333,0.22476847271709816,0.007036583498120308,0.0020345220000308473
S06_geometry_branch_bottleneck_concat,1,L_shape_test_0019,L-shape,4.927100599624235,26.404093918816333,0.24457909228337155,0.007047540973871946,0.002323214001080487
S06_geometry_branch_bottleneck_concat,1,double_line_test_0000,double-line,1.1140766673125815,25.76341586415318,0.3362531200855889,0.0049399337731301785,0.002281150998896919
S06_geometry_branch_bottleneck_concat,1,double_line_test_0001,double-line,1.4016021422959883,25.170862900659998,0.2709359172361245,0.007386182900518179,0.0023109189969545696
S06_geometry_branch_bottleneck_concat,1,double_line_test_0002,double-line,1.1305307217231286,30.713007257356885,0.5165676157744516,0.0016485214000567794,0.00225717600187636
S06_geometry_branch_bottleneck_concat,1,double_line_test_0003,double-line,1.2512382702458,24.653888190140524,0.3297365759528322,0.008527868427336216,0.002351439998165006
S06_geometry_branch_bottleneck_concat,1,double_line_test_0004,double-line,1.1768521826932685,25.18790400607316,0.33214022318139624,0.007257767487317324,0.0022373889987648
S06_geometry_branch_bottleneck_concat,1,double_line_test_0005,double-line,1.0201719611911457,25.907563949196465,0.25680682339377503,0.003833036171272397,0.00223348200233886
S06_geometry_branch_bottleneck_concat,1,double_line_test_0006,double-line,1.574407870295862,23.33160369185567,0.25998255913609747,0.010298991575837135,0.002201314000558341
S06_geometry_branch_bottleneck_concat,1,double_line_test_0007,double-line,5.349617636662081,24.659179328712277,0.16542204250671735,0.00987902283668518,0.0023409490022459067
S06_geometry_branch_bottleneck_concat,1,double_line_test_0008,double-line,2.9843916140203692,23.6189356978716,0.13832260171507307,0.01339914370328188,0.0022973769991949666
S06_geometry_branch_bottleneck_concat,1,double_line_test_0009,double-line,1.7638177321459299,25.505515216547238,0.33696758353072004,0.006900607608258724,0.0022084219999669585
S06_geometry_branch_bottleneck_concat,1,double_line_test_0010,double-line,1.602466676718584,24.292653426580312,0.28567928141873217,0.009064124897122383,0.0022215490025701
S06_geometry_branch_bottleneck_concat,1,double_line_test_0011,double-line,1.1090679526617215,27.53261665420964,0.3568680732790094,0.0038265723269432783,0.00228439599959529
S06_geometry_branch_bottleneck_concat,1,double_line_test_0012,double-line,2.4177370709609614,26.814684235093114,0.3577679086523633,0.005380662623792887,0.002332097999897087
S06_geometry_branch_bottleneck_concat,1,double_line_test_0013,double-line,1.41879664375023,23.49319743669274,0.30496760414115254,0.011005797423422337,0.002241460999357514
S06_geometry_branch_bottleneck_concat,1,double_line_test_0014,double-line,1.4839631533623454,24.063736681060234,0.2543127781411616,0.011526842601597309,0.002275924001878593
S06_geometry_branch_bottleneck_concat,1,small_rect_edge_test_0000,small_rect_edge,1.2858938078280187,28.796817197568075,0.4512986707625732,0.0026560781989246607,0.002242795999336522
S06_geometry_branch_bottleneck_concat,1,small_rect_edge_test_0001,small_rect_edge,2.694832239992372,26.49185181706028,0.2839320468503803,0.006810993887484074,0.0022803459978604224
S06_geometry_branch_bottleneck_concat,1,small_rect_edge_test_0002,small_rect_edge,1.219767433220225,26.859068775769632,0.324092613816378,0.003963262774050236,0.0019092780021310318
S06_geometry_branch_bottleneck_concat,1,small_rect_edge_test_0003,small_rect_edge,4.682069143442469,23.80480047119788,0.1501729787100075,0.011425052769482136,0.0015227429976221174
S06_geometry_branch_bottleneck_concat,1,small_rect_edge_test_0004,small_rect_edge,3.319692410246122,23.94037869184043,0.17817815218230612,0.010712987743318081,0.0015446150027855765
S06_geometry_branch_bottleneck_concat,1,small_rect_edge_test_0005,small_rect_edge,1.7465606450968902,27.039881174489945,0.31610460065767615,0.004355006385594606,0.0015288750000763685
S06_geometry_branch_bottleneck_concat,1,small_rect_edge_test_0006,small_rect_edge,1.5518115682418043,28.056781991385932,0.3896821820882342,0.00574438227340579,0.0016138659993885085
S06_geometry_branch_bottleneck_concat,1,small_rect_edge_test_0007,small_rect_edge,1.1943890136723665,28.3062232503436,0.3803159087114852,0.0025693101342767477,0.0015446170000359416
S06_geometry_branch_bottleneck_concat,1,small_rect_edge_test_0008,small_rect_edge,2.3110187754062346,24.78414229677618,0.20316242487717276,0.010128026828169823,0.0015341739999712445
S06_geometry_branch_bottleneck_concat,1,small_rect_edge_test_0009,small_rect_edge,1.6510251775471023,28.71827592624292,0.4093207539274401,0.003872345667332411,0.0015837499995541293
S06_geometry_branch_bottleneck_concat,1,point_cluster_test_0000,point_cluster,6.279889093838494,24.93880486120442,0.23456709319526317,0.006997876334935427,0.0015147640006034635
S06_geometry_branch_bottleneck_concat,1,point_cluster_test_0001,point_cluster,1.7199750077237441,29.315946950322882,0.47994284662189357,0.004390750080347061,0.0015500090012210421
S06_geometry_branch_bottleneck_concat,1,point_cluster_test_0002,point_cluster,4.852667625730563,28.745833358775883,0.3812905610270554,0.004644778557121754,0.0015359520002675708
S06_geometry_branch_bottleneck_concat,1,point_cluster_test_0003,point_cluster,8.837877203701908,26.40061121559294,0.2498421083327465,0.006541035138070583,0.00161015000048792
S06_geometry_branch_bottleneck_concat,1,point_cluster_test_0004,point_cluster,2.026361086541336,28.351221206083686,0.42307873902965315,0.004795406479388475,0.001512768998509273
S06_geometry_branch_bottleneck_concat,1,point_cluster_test_0005,point_cluster,1.9554557545149467,28.45347126964345,0.3911110077561246,0.004654745105654001,0.0015393739995488431
S06_geometry_branch_bottleneck_concat,1,point_cluster_test_0006,point_cluster,9.606447768865111,25.24235273681326,0.20560462809076926,0.007230179850012064,0.00160130400035996
S06_geometry_branch_bottleneck_concat,1,point_cluster_test_0007,point_cluster,11.377981117976772,25.047461008210593,0.19627256660215522,0.007553825620561838,0.0015282809981727041
S06_geometry_branch_bottleneck_concat,1,point_cluster_test_0008,point_cluster,7.882984275400165,25.783134890797275,0.222436072936523,0.007201282307505608,0.0015267279995896388
S06_geometry_branch_bottleneck_concat,1,point_cluster_test_0009,point_cluster,6.0061645351698685,28.293443288076492,0.41940125382628396,0.0035442975349724293,0.0015418099974340294
S06_geometry_branch_bottleneck_concat,1,point_cluster_test_0010,point_cluster,2.207441407363148,27.843759313993004,0.3685217163012092,0.005353938788175583,0.0015988400009518955
S06_geometry_branch_bottleneck_concat,1,point_cluster_test_0011,point_cluster,13.162520152461793,23.71365817509083,0.11149503999081435,0.01074449997395277,0.0015583819986204617
S06_geometry_branch_bottleneck_concat,1,point_cluster_test_0012,point_cluster,4.267682907164536,27.352824991572326,0.32013419044777486,0.004581773187965155,0.0015379180003947113
S06_geometry_branch_bottleneck_concat,1,point_cluster_test_0013,point_cluster,3.496132006475763,26.92473857685282,0.24954084038337015,0.007755432743579149,0.0015322780018323101
S06_geometry_branch_bottleneck_concat,1,point_cluster_test_0014,point_cluster,3.0451731124304664,29.42563387261174,0.44432554993088075,0.0036382582038640976,0.0015379130018118303
S06_geometry_branch_bottleneck_concat,1,point_cluster_test_0015,point_cluster,3.348565349951897,29.147196997084205,0.4148487608161943,0.0036582481116056442,0.0015255770013027359
S06_geometry_branch_bottleneck_concat,1,point_cluster_test_0016,point_cluster,3.645855735043653,26.260701961924912,0.2931416568965828,0.0069232527166605,0.0015533480000158306
S06_geometry_branch_bottleneck_concat,1,point_cluster_test_0017,point_cluster,5.04285256431034,29.11994594630357,0.5404444435846572,0.002934803254902363,0.0016029299986257683
S06_geometry_branch_bottleneck_concat,1,point_cluster_test_0018,point_cluster,14.48305251581378,24.127042814842746,0.1565688690806504,0.008201571181416512,0.0015414150002470706
S06_geometry_branch_bottleneck_concat,1,point_cluster_test_0019,point_cluster,7.026265228242466,26.426631057567533,0.25261330207939864,0.006108781322836876,0.0015366939987870865
S06_geometry_branch_bottleneck_concat,2,line_test_0000,line,0.9892199266580385,30.88808502390652,0.5250581303252854,0.0013239412801340222,0.0015622850005456712
S06_geometry_branch_bottleneck_concat,2,line_test_0001,line,0.9823919569967775,25.98737644914584,0.2632128215886782,0.0037050112150609493,0.0015560850006295368
S06_geometry_branch_bottleneck_concat,2,line_test_0002,line,0.9769755645850497,30.303463073933816,0.4968222578175637,0.0017033100593835115,0.001536444000521442
S06_geometry_branch_bottleneck_concat,2,line_test_0003,line,0.9876792257505234,33.96495597091602,0.6955307267811544,0.0012707674177363515,0.00154040800043731
S06_geometry_branch_bottleneck_concat,2,line_test_0004,line,0.9943566608474401,36.66298459935798,0.8070475326354926,0.0004971003509126604,0.001527710999653209
S06_geometry_branch_bottleneck_concat,2,line_test_0005,line,0.9855093883631435,32.48040333489025,0.6167521182739296,0.0010205035796388984,0.0015437050024047494
S06_geometry_branch_bottleneck_concat,2,line_test_0006,line,1.0027999154590972,31.586898237675072,0.5690943349800227,0.0014798203483223915,0.0015327289984270465
S06_geometry_branch_bottleneck_concat,2,line_test_0007,line,0.979518820244664,29.878774778326353,0.4814924927018091,0.0015940949087962508,0.00154528900020523
S06_geometry_branch_bottleneck_concat,2,line_test_0008,line,0.9810258911015853,25.903941136523898,0.2566592330545622,0.0032280904706567526,0.001538845001050504
S06_geometry_branch_bottleneck_concat,2,line_test_0009,line,0.9851237082700354,30.27191213500176,0.4917513861528905,0.001472516218200326,0.001549217999126995
S06_geometry_branch_bottleneck_concat,2,line_test_0010,line,0.9881723504303033,32.47134842327592,0.6159485199258528,0.0010916179744526744,0.001578654999320861
S06_geometry_branch_bottleneck_concat,2,line_test_0011,line,0.9990788649605419,27.75089173268412,0.3424072511151576,0.0022223691921681166,0.0015403969991893973
S06_geometry_branch_bottleneck_concat,2,line_test_0012,line,0.9784241504563482,29.776647915988768,0.46590277698908283,0.0016669308533892035,0.0015373470014310442
S06_geometry_branch_bottleneck_concat,2,line_test_0013,line,0.9737087324779987,27.129444719051765,0.3405134067685289,0.002571685938164592,0.0015249089992721565
S06_geometry_branch_bottleneck_concat,2,line_test_0014,line,0.9940375502694367,34.85593294775419,0.7339725013967124,0.0006140476907603443,0.0015151770021475386
S06_geometry_branch_bottleneck_concat,2,line_test_0015,line,0.9979083462559227,35.39818938383954,0.7582657446863889,0.0007673469372093678,0.0015895659998932388
S06_geometry_branch_bottleneck_concat,2,line_test_0016,line,0.9795210376486341,28.29287290657931,0.3810963361286845,0.002268941607326269,0.0015356479998445138
S06_geometry_branch_bottleneck_concat,2,line_test_0017,line,1.0046747082524914,32.07474835862636,0.5913224754553644,0.0009753715130500495,0.0015432760010298807
S06_geometry_branch_bottleneck_concat,2,line_test_0018,line,0.9872978326195923,29.424121450819605,0.44250350239729763,0.0018887096084654331,0.0015265949987224303
S06_geometry_branch_bottleneck_concat,2,line_test_0019,line,0.9830379320946693,29.375386119095662,0.44773619468673853,0.0017256593564525247,0.001523176997579867
S06_geometry_branch_bottleneck_concat,2,cross_test_0000,cross,0.992575442577837,32.21272912177945,0.6022774698510467,0.0013861404731869698,0.001526984000520315
S06_geometry_branch_bottleneck_concat,2,cross_test_0001,cross,0.9863317255318595,26.560444294673033,0.2836394902031963,0.0031770661007612944,0.0018596529989736155
S06_geometry_branch_bottleneck_concat,2,cross_test_0002,cross,0.9939764722548219,30.39122717421693,0.4969720146712334,0.0014154644450172782,0.0015446379984496161
S06_geometry_branch_bottleneck_concat,2,cross_test_0003,cross,0.9876637006641612,27.68680999954874,0.3470811202968708,0.002733812900260091,0.0015223239970509894
S06_geometry_branch_bottleneck_concat,2,cross_test_0004,cross,0.9781687916609332,27.961551222441532,0.36380401750831715,0.002576989820227027,0.001539221000712132
S06_geometry_branch_bottleneck_concat,2,cross_test_0005,cross,0.9894640682039133,31.210711551385625,0.5471069894788992,0.0016643309500068426,0.0016013090025808197
S06_geometry_branch_bottleneck_concat,2,cross_test_0006,cross,0.9533546298300539,28.927697788839062,0.42443620072181154,0.001872766064479947,0.001551656998344697
S06_geometry_branch_bottleneck_concat,2,cross_test_0007,cross,0.9894662016399244,33.97731484169213,0.6938744492874194,0.0008914400241337717,0.0015173899992078077
S06_geometry_branch_bottleneck_concat,2,cross_test_0008,cross,0.9791242410023749,28.057656014748073,0.3726248011627015,0.002762147458270192,0.0015948059990478214
S06_geometry_branch_bottleneck_concat,2,cross_test_0009,cross,0.9899695321835922,32.92338148349812,0.6401911367117835,0.0009456457919441164,0.0015311150018533226
S06_geometry_branch_bottleneck_concat,2,cross_test_0010,cross,0.9921364315528044,32.08180279482717,0.595392298768808,0.00139327731449157,0.0015359569988504518
S06_geometry_branch_bottleneck_concat,2,cross_test_0011,cross,0.991261168298241,27.352278098168888,0.3326842794879867,0.0032359417527914047,0.0015658949996577576
S06_geometry_branch_bottleneck_concat,2,cross_test_0012,cross,0.9820462576083747,31.74528370001362,0.577667955491759,0.0012624156661331654,0.0015227839976432733
S06_geometry_branch_bottleneck_concat,2,cross_test_0013,cross,0.9850367432957247,31.727716324919783,0.5762756458506206,0.0014588430058211088,0.001537667998491088
S06_geometry_branch_bottleneck_concat,2,cross_test_0014,cross,0.9928290290323402,27.73477958536362,0.34492169849097426,0.00225245114415884,0.0015372070010926109
S06_geometry_branch_bottleneck_concat,2,L_shape_test_0000,L-shape,0.9881515005904408,26.223938958971054,0.272890883366976,0.0035122286062687635,0.001607097001397051
S06_geometry_branch_bottleneck_concat,2,L_shape_test_0001,L-shape,0.9843057853423142,27.732153265414095,0.3475502656986338,0.0023017737548798323,0.0015917880009510554
S06_geometry_branch_bottleneck_concat,2,L_shape_test_0002,L-shape,0.9823785042922812,27.358132333886505,0.33367544558112255,0.003093077102676034,0.001531178000732325
S06_geometry_branch_bottleneck_concat,2,L_shape_test_0003,L-shape,0.9862895032309434,27.548254556602426,0.3368051552867433,0.00272811739705503,0.0015467669982172083
S06_geometry_branch_bottleneck_concat,2,L_shape_test_0004,L-shape,0.9890061744640937,25.828394829157915,0.24840547164623777,0.0036707380786538124,0.0015528630028711632
S06_geometry_branch_bottleneck_concat,2,L_shape_test_0005,L-shape,0.9880352847198535,27.191995045274115,0.318935163414564,0.002766796387732029,0.0015331370013882406
S06_geometry_branch_bottleneck_concat,2,L_shape_test_0006,L-shape,0.9902705337451506,31.20354201380269,0.5433945234987233,0.00122341129463166,0.00153644300007727
S06_geometry_branch_bottleneck_concat,2,L_shape_test_0007,L-shape,0.9854896409546611,27.063000942422004,0.3109011414954358,0.002960474928840995,0.0015225050010485575
S06_geometry_branch_bottleneck_concat,2,L_shape_test_0008,L-shape,0.989006497175018,30.522417091397678,0.5055622068882202,0.0014618015848100185,0.0015900229991530068
S06_geometry_branch_bottleneck_concat,2,L_shape_test_0009,L-shape,0.9768637978367956,26.50489983918776,0.2911879827389374,0.0035731513053178787,0.001528738001070451
S06_geometry_branch_bottleneck_concat,2,L_shape_test_0010,L-shape,0.9933259306451678,30.631534528940133,0.5117726343059027,0.0014662626199424267,0.0015836069978831802
S06_geometry_branch_bottleneck_concat,2,L_shape_test_0011,L-shape,0.993794834592112,33.406876426347964,0.6639436339596524,0.0008151020738296211,0.001524545001302613
S06_geometry_branch_bottleneck_concat,2,L_shape_test_0012,L-shape,0.9932504270645552,26.787751650769884,0.2935591866527206,0.0028826764319092035,0.0015451319995918311
S06_geometry_branch_bottleneck_concat,2,L_shape_test_0013,L-shape,0.9914158670275817,27.299634748021262,0.3196609660654329,0.002761920914053917,0.0015253980018314905
S06_geometry_branch_bottleneck_concat,2,L_shape_test_0014,L-shape,0.994771690363981,32.21556388442549,0.6004844474920491,0.0011440897360444069,0.0015403930010506883
S06_geometry_branch_bottleneck_concat,2,L_shape_test_0015,L-shape,0.986773745727074,25.923447851795277,0.2550531883837264,0.003442874876782298,0.0015486890006286558
S06_geometry_branch_bottleneck_concat,2,L_shape_test_0016,L-shape,0.9889669707656105,27.458935979977642,0.3298517910856182,0.002688552951440215,0.0015333480005210731
S06_geometry_branch_bottleneck_concat,2,L_shape_test_0017,L-shape,0.9838797414420453,26.370701306315052,0.279453235378348,0.003413099329918623,0.0015322560029744636
S06_geometry_branch_bottleneck_concat,2,L_shape_test_0018,L-shape,0.9931458987944289,26.229523035616037,0.2631002933390961,0.0033874744549393654,0.0015373919995909091
S06_geometry_branch_bottleneck_concat,2,L_shape_test_0019,L-shape,0.9896846677927432,33.375039878985156,0.664363284165251,0.0010842150077223778,0.0015509570002905093
S06_geometry_branch_bottleneck_concat,2,double_line_test_0000,double-line,0.9902207151115536,26.27524640214893,0.26798319672458343,0.0030217485036700964,0.0018356429973209742
S06_geometry_branch_bottleneck_concat,2,double_line_test_0001,double-line,0.9850894160525577,26.702353734280756,0.29845577587601113,0.003421100787818432,0.0015310499984479975
S06_geometry_branch_bottleneck_concat,2,double_line_test_0002,double-line,1.00140728283563,31.23972354456597,0.5434784324827834,0.0013027888489887118,0.0015493819992116187
S06_geometry_branch_bottleneck_concat,2,double_line_test_0003,double-line,0.9844516388762404,25.69534435619044,0.24077771021720246,0.0038811301346868277,0.0015340499994636048
S06_geometry_branch_bottleneck_concat,2,double_line_test_0004,double-line,0.981491255800878,25.976258785401285,0.2572736492429311,0.003730278229340911,0.001539751003292622
S06_geometry_branch_bottleneck_concat,2,double_line_test_0005,double-line,0.9984891490489118,26.000864400090215,0.2504315457788823,0.0033942079171538353,0.0015242759982356802
S06_geometry_branch_bottleneck_concat,2,double_line_test_0006,double-line,0.9864440008592741,25.362051929724704,0.23862054099309504,0.0043848659843206406,0.0015471840015379712
S06_geometry_branch_bottleneck_concat,2,double_line_test_0007,double-line,0.9795828681198199,32.03199508931872,0.5944973542863791,0.0014393122401088476,0.0015861500032769982
S06_geometry_branch_bottleneck_concat,2,double_line_test_0008,double-line,0.9972712207776309,28.379361086192873,0.3823548463500195,0.002400672063231468,0.001533235001261346
S06_geometry_branch_bottleneck_concat,2,double_line_test_0009,double-line,0.9796001454556832,28.059563703189898,0.36655043446245417,0.002497853245586157,0.001523587001429405
S06_geometry_branch_bottleneck_concat,2,double_line_test_0010,double-line,0.9866281507599918,26.399008591428178,0.2781199310156196,0.003304882673546672,0.0016067129981820472
S06_geometry_branch_bottleneck_concat,2,double_line_test_0011,double-line,0.9938429542374886,28.009020506659223,0.35559826372602954,0.002323603257536888,0.0015239029999065679
S06_geometry_branch_bottleneck_concat,2,double_line_test_0012,double-line,0.9810635443510057,30.73180372693813,0.5175894785874943,0.0014842458767816424,0.0015595309996569995
S06_geometry_branch_bottleneck_concat,2,double_line_test_0013,double-line,0.9847171270950081,25.079284126638633,0.21440866841783449,0.004372552968561649,0.0015355729992734268
S06_geometry_branch_bottleneck_concat,2,double_line_test_0014,double-line,0.9889761749432155,25.826109669013995,0.25242299913964994,0.003994643222540617,0.001536484000098426
S06_geometry_branch_bottleneck_concat,2,small_rect_edge_test_0000,small_rect_edge,0.9897032713101408,29.9338179131978,0.4712344914954398,0.0014229447115212679,0.0015537970029981807
S06_geometry_branch_bottleneck_concat,2,small_rect_edge_test_0001,small_rect_edge,0.9876341775450759,30.851208161458036,0.5253882506588087,0.0014640348963439465,0.0015254009995260276
S06_geometry_branch_bottleneck_concat,2,small_rect_edge_test_0002,small_rect_edge,0.9967385550366166,27.73602639814094,0.34432399715416817,0.002231221180409193,0.0015465270007553045
S06_geometry_branch_bottleneck_concat,2,small_rect_edge_test_0003,small_rect_edge,0.9688061448977972,30.64680968733518,0.5190193223639508,0.00165334134362638,0.0015254609970725141
S06_geometry_branch_bottleneck_concat,2,small_rect_edge_test_0004,small_rect_edge,0.9911539745208912,29.189945838787995,0.4330014591658874,0.002229540143162012,0.0022498010002891533
S06_geometry_branch_bottleneck_concat,2,small_rect_edge_test_0005,small_rect_edge,0.9913156987702966,29.499598151354473,0.4579253441575405,0.001703084446489811,0.0023031679993437137
S06_geometry_branch_bottleneck_concat,2,small_rect_edge_test_0006,small_rect_edge,0.9901321009956087,30.008240051623424,0.4754035500515743,0.0016272214706987143,0.002207572000770597
S06_geometry_branch_bottleneck_concat,2,small_rect_edge_test_0007,small_rect_edge,1.0006752481497314,29.074749777741218,0.4179350690217713,0.0017862364184111357,0.002253167000162648
S06_geometry_branch_bottleneck_concat,2,small_rect_edge_test_0008,small_rect_edge,0.9969484316025933,28.435450022773246,0.3898955364955786,0.0024086926132440567,0.002212561001215363
S06_geometry_branch_bottleneck_concat,2,small_rect_edge_test_0009,small_rect_edge,0.994472671230686,30.919884307210456,0.5272514756405168,0.0013443117495626211,0.0022249409994401503
S06_geometry_branch_bottleneck_concat,2,point_cluster_test_0000,point_cluster,0.988384628646476,32.96906465241387,0.690495606219908,0.0010324607137590647,0.002212751001934521
S06_geometry_branch_bottleneck_concat,2,point_cluster_test_0001,point_cluster,0.9868986182886945,31.72844302414883,0.5769259570248938,0.0015011876821517944,0.002221475002443185
S06_geometry_branch_bottleneck_concat,2,point_cluster_test_0002,point_cluster,0.9981660762795277,35.613610657822875,0.7670744055767506,0.0008166731568053365,0.0022731999997631647
S06_geometry_branch_bottleneck_concat,2,point_cluster_test_0003,point_cluster,0.9992499047072744,35.867349956812205,0.7773453802343483,0.0007548870053142309,0.002305330999661237
S06_geometry_branch_bottleneck_concat,2,point_cluster_test_0004,point_cluster,0.99168829633734,31.45463764579619,0.5608965726327648,0.0015649331035092473,0.002224193998699775
S06_geometry_branch_bottleneck_concat,2,point_cluster_test_0005,point_cluster,0.9830497280540356,31.44019652960945,0.560914331982857,0.0014450384769588709,0.0022685879994241986
S06_geometry_branch_bottleneck_concat,2,point_cluster_test_0006,point_cluster,1.0275881275216079,34.94979031575728,0.7668414523563991,0.0009100157767534256,0.002225478001491865
S06_geometry_branch_bottleneck_concat,2,point_cluster_test_0007,point_cluster,1.0158618765516922,35.539766235956094,0.7899525963010954,0.0008980889688245952,0.0022816749988123775
S06_geometry_branch_bottleneck_concat,2,point_cluster_test_0008,point_cluster,0.9965587123745389,34.76501273088388,0.7312617398640905,0.0009747238364070654,0.002246718002425041
S06_geometry_branch_bottleneck_concat,2,point_cluster_test_0009,point_cluster,0.996338019960336,36.09534856238295,0.8262669120702254,0.0006453660898841918,0.0022958239969739225
S06_geometry_branch_bottleneck_concat,2,point_cluster_test_0010,point_cluster,0.9933852920906449,31.311474022621248,0.5512464418826074,0.0015577019657939672,0.0022286069979600143
S06_geometry_branch_bottleneck_concat,2,point_cluster_test_0011,point_cluster,1.018807828231373,34.82612587497947,0.733610335896612,0.0012086419155821204,0.002307734001078643
S06_geometry_branch_bottleneck_concat,2,point_cluster_test_0012,point_cluster,0.9878282084518373,33.707932326149475,0.681835988856747,0.001067182864062488,0.0022514720003528055
S06_geometry_branch_bottleneck_concat,2,point_cluster_test_0013,point_cluster,1.0260707610672188,32.248843567298564,0.6021777830279496,0.0016984494868665934,0.002215530999819748
S06_geometry_branch_bottleneck_concat,2,point_cluster_test_0014,point_cluster,1.0094368324413427,34.22096240022377,0.7039485335537131,0.0007910312269814312,0.00222891999874264
S06_geometry_branch_bottleneck_concat,2,point_cluster_test_0015,point_cluster,0.9924629573314016,34.42864182192186,0.7167314665003853,0.0009924336336553097,0.0017701670003589243
S06_geometry_branch_bottleneck_concat,2,point_cluster_test_0016,point_cluster,0.9861532311710494,31.93925308674254,0.6187638294489872,0.0013993337051942945,0.0015869550006755162
S06_geometry_branch_bottleneck_concat,2,point_cluster_test_0017,point_cluster,1.0241327105794016,36.04314647077407,0.8562687873825587,0.0006678503123112023,0.0015178730027400889
S06_geometry_branch_bottleneck_concat,2,point_cluster_test_0018,point_cluster,1.034889158915638,35.586705736274986,0.7847136544739298,0.0009232294396497309,0.0015328499976021703
S06_geometry_branch_bottleneck_concat,2,point_cluster_test_0019,point_cluster,0.9944339005059225,34.91811729349425,0.737128670610347,0.0007313124951906502,0.0015259009996952955
S07_generic_film_middeep,0,line_test_0000,line,0.9973285090706904,30.852631328673972,0.5195451421617446,0.0011571584036573768,0.008804883000266273
S07_generic_film_middeep,0,line_test_0001,line,0.9942760783856294,25.935154581731236,0.2477408651740219,0.003239070065319538,0.002010732001508586
S07_generic_film_middeep,0,line_test_0002,line,0.9955970675737851,30.221464181934692,0.4832811504803059,0.0013324260944500566,0.001967726002476411
S07_generic_film_middeep,0,line_test_0003,line,0.9948891294999114,33.93336846889645,0.6915403656474349,0.0008297013700939715,0.001966056999663124
S07_generic_film_middeep,0,line_test_0004,line,1.0008746237193946,36.63460983040557,0.8055456824707509,0.00036108700442127883,0.001962463000381831
S07_generic_film_middeep,0,line_test_0005,line,0.9978243862749667,32.42646982262161,0.610404348188568,0.0007793921395204961,0.002069956000923412
S07_generic_film_middeep,0,line_test_0006,line,1.0049287883348599,31.577688409336485,0.5628363552216656,0.0010635597864165902,0.0019312210024509113
S07_generic_film_middeep,0,line_test_0007,line,0.9967893776598066,29.802868294309246,0.4688198650834578,0.0012799632968381047,0.0019505630007188302
S07_generic_film_middeep,0,line_test_0008,line,0.99734977042796,25.832271169952676,0.2415122492803256,0.0029840217903256416,0.0019494949992804322
S07_generic_film_middeep,0,line_test_0009,line,0.9907330580690565,30.247253360095,0.48675504501947425,0.001249191234819591,0.0019451629996183328
S07_generic_film_middeep,0,line_test_0010,line,0.9990206048126814,32.4239308962293,0.6099817565740333,0.0008672151016071439,0.0019454760004009586
S07_generic_film_middeep,0,line_test_0011,line,0.9999407865224768,27.747146474005188,0.34109162517514874,0.0020839546341449022,0.002368362002016511
S07_generic_film_middeep,0,line_test_0012,line,0.9933853398423723,29.710741844166325,0.4546819281771165,0.0013862547930330038,0.0019601979984145146
S07_generic_film_middeep,0,line_test_0013,line,0.9984348753428606,27.02053798547909,0.3196239940022336,0.002266183029860258,0.0020965830008208286
S07_generic_film_middeep,0,line_test_0014,line,0.9987703791327062,34.83530428512139,0.7323310022977818,0.0005039160023443401,0.0019368729990674183
S07_generic_film_middeep,0,line_test_0015,line,0.9997402209592716,35.390224075353096,0.7568960875533349,0.0004918365157209337,0.001970964000065578
S07_generic_film_middeep,0,line_test_0016,line,0.9937864447160953,28.230079773822144,0.36855397817106067,0.0019734962843358517,0.001958352000656305
S07_generic_film_middeep,0,line_test_0017,line,1.010414217371245,32.050008462067474,0.5894473093499384,0.0008562880684621632,0.001924451000377303
S07_generic_film_middeep,0,line_test_0018,line,0.9984017377410459,29.375550249028617,0.43237447866835604,0.001572880893945694,0.00194991900207242
S07_generic_film_middeep,0,line_test_0019,line,0.9972375614206961,29.31310258095774,0.43598390843926815,0.0013858623569831252,0.0019374109979253262
S07_generic_film_middeep,0,cross_test_0000,cross,0.9928558166972087,32.21150277128355,0.599407710374869,0.001000913791358471,0.002013821998843923
S07_generic_film_middeep,0,cross_test_0001,cross,0.9977129650649744,26.51061784099366,0.2712642253764988,0.0028631570748984814,0.001949885001522489
S07_generic_film_middeep,0,cross_test_0002,cross,0.99732829576837,30.376606873693035,0.4933921196435003,0.0011902878759428859,0.0019467489983071573
S07_generic_film_middeep,0,cross_test_0003,cross,0.9960446722754325,27.650112625486905,0.3349248829236379,0.002267179312184453,0.0019619929989858065
S07_generic_film_middeep,0,cross_test_0004,cross,0.9981222544290367,27.873851965071093,0.345422095090448,0.0022051893174648285,0.002065070999378804
S07_generic_film_middeep,0,cross_test_0005,cross,0.9942957957573708,31.18955582221127,0.5414042017763078,0.0012157538440078497,0.0019803240029432345
S07_generic_film_middeep,0,cross_test_0006,cross,0.9955327503256673,28.739687211203204,0.396230302341787,0.0017089896136894822,0.0019312499971420038
S07_generic_film_middeep,0,cross_test_0007,cross,0.9941225509027904,33.95692514563486,0.6910335633174258,0.0006535219727084041,0.002015157999267103
S07_generic_film_middeep,0,cross_test_0008,cross,0.9919376265859293,28.001190317318134,0.3564586816742313,0.002242017537355423,0.0019384200022614095
S07_generic_film_middeep,0,cross_test_0009,cross,0.9969831412843334,32.89272118626626,0.6363533385400264,0.0007208492024801672,0.0019505340023897588
S07_generic_film_middeep,0,cross_test_0010,cross,0.995902185246845,32.06534979397584,0.5906334004895594,0.0009566884255036712,0.002005356000154279
S07_generic_film_middeep,0,cross_test_0011,cross,0.9913749801423593,27.35177963322173,0.32261011574794995,0.0026134506333619356,0.002055499000562122
S07_generic_film_middeep,0,cross_test_0012,cross,0.9955604717134444,31.685926533479037,0.5694634769675465,0.0010021397611126304,0.0028826400011894293
S07_generic_film_middeep,0,cross_test_0013,cross,0.9931164548077195,31.69223866002178,0.569988351243328,0.001076009008102119,0.002851953999197576
S07_generic_film_middeep,0,cross_test_0014,cross,0.9964748472045782,27.718860646387572,0.3398071151500886,0.002015388570725918,0.0027343770016159397
S07_generic_film_middeep,0,L_shape_test_0000,L-shape,0.9916667771560104,26.20851640008628,0.26349822743139834,0.003007628256455064,0.0028392099993652664
S07_generic_film_middeep,0,L_shape_test_0001,L-shape,0.9973929447735695,27.67479078953459,0.3359874043628126,0.0020559446420520544,0.0027741470003093127
S07_generic_film_middeep,0,L_shape_test_0002,L-shape,0.990871592200724,27.32074701646045,0.3207694392914815,0.0025578343775123358,0.002774255997792352
S07_generic_film_middeep,0,L_shape_test_0003,L-shape,0.9937653743506486,27.515460147051705,0.32792728691816286,0.0024369587190449238,0.0026872570015257224
S07_generic_film_middeep,0,L_shape_test_0004,L-shape,0.9941569224598993,25.805835435605744,0.23955289518177914,0.0032813933212310076,0.0027262309995421674
S07_generic_film_middeep,0,L_shape_test_0005,L-shape,0.9931269264151,27.169671940770183,0.3114149062039108,0.002442681696265936,0.0028212170000188053
S07_generic_film_middeep,0,L_shape_test_0006,L-shape,0.998219641429759,31.16881927230328,0.5381974287349983,0.0010360629530623555,0.002783981999527896
S07_generic_film_middeep,0,L_shape_test_0007,L-shape,0.9953693521109807,27.019678609813916,0.30034610469381323,0.0026866886764764786,0.00283835300069768
S07_generic_film_middeep,0,L_shape_test_0008,L-shape,0.9926788469910385,30.506320798648588,0.5011731455039174,0.0011679427698254585,0.002804831998219015
S07_generic_film_middeep,0,L_shape_test_0009,L-shape,0.9925342066921504,26.435784859522983,0.271876479149852,0.0029575228691101074,0.002761479001492262
S07_generic_film_middeep,0,L_shape_test_0010,L-shape,0.9933188771953136,30.631565226845684,0.5087053953312383,0.0011458502849563956,0.0027979089973086957
S07_generic_film_middeep,0,L_shape_test_0011,L-shape,0.9980755799811274,33.388209397604186,0.661808467458104,0.0006786647136323154,0.002826690997608239
S07_generic_film_middeep,0,L_shape_test_0012,L-shape,0.9946088839245399,26.781815700260616,0.2889323115170153,0.002604600740596652,0.0027782260003732517
S07_generic_film_middeep,0,L_shape_test_0013,L-shape,0.9932014612946407,27.29181981147269,0.31549546822302793,0.0025351380463689566,0.0028095330017094966
S07_generic_film_middeep,0,L_shape_test_0014,L-shape,0.9939581031140067,32.219117210578915,0.5991189864509073,0.0009077987633645535,0.002740112002356909
S07_generic_film_middeep,0,L_shape_test_0015,L-shape,0.9951180264710133,25.88687776146632,0.24451560231223857,0.003100537694990635,0.0028069059990230016
S07_generic_film_middeep,0,L_shape_test_0016,L-shape,0.9947907945290215,27.43343619314889,0.32207997727965815,0.0023946177680045366,0.0027901749999728054
S07_generic_film_middeep,0,L_shape_test_0017,L-shape,0.994778670607481,26.322857082826012,0.26549153853165575,0.0030012214556336403,0.0027844480027852114
S07_generic_film_middeep,0,L_shape_test_0018,L-shape,0.9931385372035524,26.22955529023818,0.2593884919734857,0.0031088823452591896,0.002835716997651616
S07_generic_film_middeep,0,L_shape_test_0019,L-shape,0.9949552044849658,33.351972990141824,0.6605809148640011,0.0007228925242088735,0.0021195080007601064
S07_generic_film_middeep,0,double_line_test_0000,double-line,0.9960225476278698,26.249874856604865,0.2613358680733815,0.002837354550138116,0.0020311179978307337
S07_generic_film_middeep,0,double_line_test_0001,double-line,0.9903614488485147,26.679173209034957,0.286812208542823,0.002956703072413802,0.0019500870002957527
S07_generic_film_middeep,0,double_line_test_0002,double-line,0.9997873267709413,31.246754701049035,0.5431811873361346,0.001118078245781362,0.0017761700000846758
S07_generic_film_middeep,0,double_line_test_0003,double-line,0.9961236976699678,25.644155761039457,0.2280182419875703,0.0035801043268293142,0.001795806998416083
S07_generic_film_middeep,0,double_line_test_0004,double-line,0.9922330382354415,25.928986298713987,0.24486805038427792,0.003433441976085305,0.0017941949990927242
S07_generic_film_middeep,0,double_line_test_0005,double-line,0.9969129094429379,26.007725876273472,0.24870821169076665,0.003178410232067108,0.001843311001721304
S07_generic_film_middeep,0,double_line_test_0006,double-line,0.9922202935770622,25.336694969967297,0.22552511730765346,0.0038504810072481632,0.0017943220009328797
S07_generic_film_middeep,0,double_line_test_0007,double-line,0.9966735533354619,31.956877613269057,0.5839337732046722,0.0009641210199333727,0.001764382999681402
S07_generic_film_middeep,0,double_line_test_0008,double-line,0.9950209869289637,28.389171423922317,0.3780286808542305,0.0018821337725967169,0.001789744997950038
S07_generic_film_middeep,0,double_line_test_0009,double-line,0.9961903464221711,27.98662882349693,0.35144785718443705,0.0021966833155602217,0.0017909799971675966
S07_generic_film_middeep,0,double_line_test_0010,double-line,0.9976389758732276,26.350809586981477,0.26513556668362326,0.002920175902545452,0.0017833499987318646
S07_generic_film_middeep,0,double_line_test_0011,double-line,0.9963027900825473,27.998284696763655,0.3521637550289473,0.002172161592170596,0.0017916520009748638
S07_generic_film_middeep,0,double_line_test_0012,double-line,0.9981961008221801,30.65661645934011,0.5068882046177231,0.0012705911649391055,0.0017719810020935256
S07_generic_film_middeep,0,double_line_test_0013,double-line,0.9958676962712775,25.030382567997318,0.2015277879931184,0.004057209473103285,0.0017994910012930632
S07_generic_film_middeep,0,double_line_test_0014,double-line,0.9949346833328712,25.80002229925194,0.240515216733758,0.0034768932964652777,0.001789927999197971
S07_generic_film_middeep,0,small_rect_edge_test_0000,small_rect_edge,0.9928325354166421,29.920107909109788,0.46754970571891685,0.0012450688518583775,0.0017671819987299386
S07_generic_film_middeep,0,small_rect_edge_test_0001,small_rect_edge,0.9985293465525227,30.80356094595502,0.5173445091529657,0.0011415890185162425,0.0017664639999566134
S07_generic_film_middeep,0,small_rect_edge_test_0002,small_rect_edge,0.9983255106938828,27.729117306449155,0.34103373603193543,0.0020485050044953823,0.0017845389993453864
S07_generic_film_middeep,0,small_rect_edge_test_0003,small_rect_edge,0.9950989251671524,30.53051594294972,0.5021982243861951,0.0012334184721112251,0.002575628001068253
S07_generic_film_middeep,0,small_rect_edge_test_0004,small_rect_edge,0.9926909927260001,29.183216356231092,0.4259050766943006,0.0017133727669715881,0.0018046300028800033
S07_generic_film_middeep,0,small_rect_edge_test_0005,small_rect_edge,0.9966994292058038,29.47607572037883,0.45204807536804664,0.0014240226009860635,0.0017815850005717948
S07_generic_film_middeep,0,small_rect_edge_test_0006,small_rect_edge,0.9885761439954823,30.015070614381933,0.4743445166796425,0.0014162540901452303,0.0018290849984623492
S07_generic_film_middeep,0,small_rect_edge_test_0007,small_rect_edge,0.9965669678914013,29.092616185286953,0.4180291774072999,0.0015639602206647396,0.0017983789985009935
S07_generic_film_middeep,0,small_rect_edge_test_0008,small_rect_edge,0.9983776010312237,28.42922850901669,0.38270469034539545,0.0018562888726592064,0.0017882390020531602
S07_generic_film_middeep,0,small_rect_edge_test_0009,small_rect_edge,0.993080070633862,30.925970021336223,0.5258690082628436,0.0011214704718440771,0.0018005889978667255
S07_generic_film_middeep,0,point_cluster_test_0000,point_cluster,0.998416188487713,32.925208314594244,0.6858346802115748,0.0007300255238078535,0.0017919709971465636
S07_generic_film_middeep,0,point_cluster_test_0001,point_cluster,1.0000908220284523,31.670773752818423,0.5674774507138048,0.0011224551126360893,0.0017807680014811922
S07_generic_film_middeep,0,point_cluster_test_0002,point_cluster,1.0033463825383295,35.591129824202994,0.7653647684048671,0.0005809396971017122,0.0018084879993693903
S07_generic_film_middeep,0,point_cluster_test_0003,point_cluster,1.0004868432537608,35.86197685953367,0.7762759735487993,0.00047018297482281923,0.0018325929995626211
S07_generic_film_middeep,0,point_cluster_test_0004,point_cluster,0.9964724055893877,31.433736783141157,0.5551632669613197,0.0012049865908920765,0.0018151130025216844
S07_generic_film_middeep,0,point_cluster_test_0005,point_cluster,0.9924800571140139,31.398733501692092,0.554199293332626,0.0011747481767088175,0.0017901770006574225
S07_generic_film_middeep,0,point_cluster_test_0006,point_cluster,1.0200256474679559,34.981870161232656,0.7674140024590859,0.0005878247320652008,0.0017855619989859406
S07_generic_film_middeep,0,point_cluster_test_0007,point_cluster,0.9931671792626026,35.63788942586885,0.7940785012821963,0.0005459515959955752,0.0018078550019708928
S07_generic_film_middeep,0,point_cluster_test_0008,point_cluster,0.9968897836449669,34.76356994281084,0.7296154961956653,0.0006197845214046538,0.001799843998014694
S07_generic_film_middeep,0,point_cluster_test_0009,point_cluster,1.0018927077671693,36.07120338845142,0.8249373937193661,0.00041802332270890474,0.0017792840008041821
S07_generic_film_middeep,0,point_cluster_test_0010,point_cluster,0.9995736273696889,31.284503285560007,0.5450100861216812,0.0011761964997276664,0.0018322750001971144
S07_generic_film_middeep,0,point_cluster_test_0011,point_cluster,0.9953963762930048,34.927087941775554,0.7377277444900024,0.0006987653323449194,0.0017885390006995294
S07_generic_film_middeep,0,point_cluster_test_0012,point_cluster,1.0024268362134743,33.64421962835121,0.6751026446444955,0.000737085472792387,0.0017901419996633194
S07_generic_film_middeep,0,point_cluster_test_0013,point_cluster,0.9961778644986857,32.37724749518027,0.6097941592198795,0.0011665292549878359,0.0020747839989780914
S07_generic_film_middeep,0,point_cluster_test_0014,point_cluster,0.9907355327361248,34.30217655587858,0.7085054815756361,0.0005725194350816309,0.0017891589995997492
S07_generic_film_middeep,0,point_cluster_test_0015,point_cluster,1.0028517795930285,34.383417104160145,0.7116949306642187,0.000658680044580251,0.0017843460009316914
S07_generic_film_middeep,0,point_cluster_test_0016,point_cluster,1.0017773138460688,31.87098504931152,0.6100416601901923,0.0010878187604248524,0.0017961259982257616
S07_generic_film_middeep,0,point_cluster_test_0017,point_cluster,1.0011138949042442,36.14187360913456,0.859533172302265,0.00044421255006454885,0.0017844679969130084
S07_generic_film_middeep,0,point_cluster_test_0018,point_cluster,1.0045921513741216,35.715746287421524,0.790153399427688,0.0005173571989871562,0.0017853809986263514
S07_generic_film_middeep,0,point_cluster_test_0019,point_cluster,0.9998956841996586,34.894329580376024,0.7349218810184612,0.0004930131835862994,0.0017937929987965617
S07_generic_film_middeep,1,line_test_0000,line,0.9837154345979944,30.912318844322257,0.5270762044848757,0.001238428521901369,0.001770136001141509
S07_generic_film_middeep,1,line_test_0001,line,0.9864166556473164,25.969620418361252,0.258924383420772,0.0036320420913398266,0.001810557001590496
S07_generic_film_middeep,1,line_test_0002,line,0.9774374106437357,30.301410607347794,0.49692354721058196,0.0017045257845893502,0.0017918539997481275
S07_generic_film_middeep,1,line_test_0003,line,0.9968705924395848,33.92472735246241,0.6919985447603426,0.001156949787400663,0.0017880750019685365
S07_generic_film_middeep,1,line_test_0004,line,0.9942980450720977,36.6632407687092,0.807003026480143,0.0004199016257189214,0.0017955399998754729
S07_generic_film_middeep,1,line_test_0005,line,0.9873581154187921,32.47226400884842,0.615487526459871,0.000930511683691293,0.0018511499984015245
S07_generic_film_middeep,1,line_test_0006,line,0.9852416491037446,31.663613496735255,0.5735951051164118,0.001312486594542861,0.0018351190010434948
S07_generic_film_middeep,1,line_test_0007,line,0.9798686021309172,29.877224227387057,0.4792629150488684,0.0014251351822167635,0.0017793120023270603
S07_generic_film_middeep,1,line_test_0008,line,0.98542779581771,25.884497734320632,0.25246409524219654,0.0031577269546687603,0.0017911180002556648
S07_generic_film_middeep,1,line_test_0009,line,0.9809510448588066,30.290346504632314,0.4935733609236844,0.0014165794709697366,0.0017682299985608552
S07_generic_film_middeep,1,line_test_0010,line,0.9872121035781573,32.47557065635703,0.6160450305282583,0.0010345386108383536,0.0017785540003387723
S07_generic_film_middeep,1,line_test_0011,line,0.9933128191347309,27.776029148747874,0.34543234847144244,0.00217581819742918,0.0017801089998101816
S07_generic_film_middeep,1,line_test_0012,line,0.986277123927822,29.741929724476748,0.4611825886112589,0.0016181739047169685,0.0017703960002108943
S07_generic_film_middeep,1,line_test_0013,line,0.9785590468369288,27.10786502551842,0.33613580663710574,0.002505598356947303,0.0017787869983294513
S07_generic_film_middeep,1,line_test_0014,line,0.9942053736412118,34.85519990477571,0.7337585685695933,0.0005443430272862315,0.0018323500007682014
S07_generic_film_middeep,1,line_test_0015,line,0.9791011788358817,35.480820052953455,0.7627536038821634,0.0007057220791466534,0.0017946379994100425
S07_generic_film_middeep,1,line_test_0016,line,0.9827022976790125,28.278790921615403,0.3791193981585772,0.0022565359249711037,0.0017670999986876268
S07_generic_film_middeep,1,line_test_0017,line,0.9977809943325676,32.10465064487753,0.5932369674368828,0.0008728687535040081,0.0018536009993113112
S07_generic_film_middeep,1,line_test_0018,line,0.9821216891220915,29.44695051298993,0.44438114732841755,0.0017971704946830869,0.0018414650003251154
S07_generic_film_middeep,1,line_test_0019,line,0.9768617360590509,29.402757862747315,0.4496855561448991,0.001596510992385447,0.001784359999874141
S07_generic_film_middeep,1,cross_test_0000,cross,0.9869257900992793,32.23751955829857,0.6047864077537658,0.0013795689446851611,0.001873656001407653
S07_generic_film_middeep,1,cross_test_0001,cross,0.9818062281096205,26.580416510263195,0.28520169439058574,0.0030566526111215353,0.0018398669999442063
S07_generic_film_middeep,1,cross_test_0002,cross,0.9912482664986298,30.403163770911014,0.4973248049870606,0.0012915250845253468,0.0017926099972100928
S07_generic_film_middeep,1,cross_test_0003,cross,0.985582997642698,27.695968753603893,0.3452054903429409,0.0025107860565185547,0.0017675269991741516
S07_generic_film_middeep,1,cross_test_0004,cross,0.9838171367684043,27.93654560415277,0.35803772511417675,0.002443236531689763,0.0018266320003021974
S07_generic_film_middeep,1,cross_test_0005,cross,0.9836344770095778,31.2363745388442,0.5489862398965731,0.0015825792215764523,0.0017988849976973142
S07_generic_film_middeep,1,cross_test_0006,cross,0.9793278337306676,28.8109616238931,0.4067912894797807,0.0017661559395492077,0.0017782670001906808
S07_generic_film_middeep,1,cross_test_0007,cross,0.9901707347960937,33.974223561119096,0.6930028579645883,0.0007621801341883838,0.0017808859993238002
S07_generic_film_middeep,1,cross_test_0008,cross,0.9735351959970233,28.082517665252972,0.37638966743663366,0.0027765322010964155,0.0017740840012265835
S07_generic_film_middeep,1,cross_test_0009,cross,0.9917535267864895,32.91556203342063,0.6391921252071283,0.000861388398334384,0.0017874030017992482
S07_generic_film_middeep,1,cross_test_0010,cross,0.9848078749318072,32.11400147477282,0.5976625151715601,0.0012783390702679753,0.0017682940015220083
S07_generic_film_middeep,1,cross_test_0011,cross,0.9814167783040791,27.395624381243387,0.3368194352635033,0.0031125375535339117,0.0018406649978714995
S07_generic_film_middeep,1,cross_test_0012,cross,0.9956399587516905,31.685579938129898,0.5706509359796483,0.0011397498892620206,0.0017733319982653484
S07_generic_film_middeep,1,cross_test_0013,cross,0.9762114130147322,31.766801641165312,0.5800028686878841,0.001426501083187759,0.001791108003089903
S07_generic_film_middeep,1,cross_test_0014,cross,0.985930856137069,27.765059499977824,0.348607958647862,0.002171809319406748,0.0017784699994081166
S07_generic_film_middeep,1,L_shape_test_0000,L-shape,0.9855316451471171,26.235468297590927,0.27548455964825774,0.003554959548637271,0.0017873139986477327
S07_generic_film_middeep,1,L_shape_test_0001,L-shape,0.9801726843774139,27.75042757765711,0.34913636467533904,0.0022034465800970793,0.0017837630002759397
S07_generic_film_middeep,1,L_shape_test_0002,L-shape,0.9841879708832485,27.350140103654546,0.33026491175313766,0.0029558613896369934,0.0017697280018182937
S07_generic_film_middeep,1,L_shape_test_0003,L-shape,0.9885985865849757,27.538098847605042,0.3343232342573725,0.002657545730471611,0.0018479739992471877
S07_generic_film_middeep,1,L_shape_test_0004,L-shape,0.9894958913494567,25.826245035211514,0.247796963373662,0.003653672756627202,0.0018189340007666033
S07_generic_film_middeep,1,L_shape_test_0005,L-shape,0.9902656094523351,27.182202541936533,0.31643916158540986,0.002693678019568324,0.0017855189980764408
S07_generic_film_middeep,1,L_shape_test_0006,L-shape,0.9886847681053411,31.21050209544527,0.5436746742898425,0.0011544045992195606,0.0017900300008477643
S07_generic_film_middeep,1,L_shape_test_0007,L-shape,0.9846271506338229,27.066803507162597,0.3105444634786276,0.002881762571632862,0.00177479299964034
S07_generic_film_middeep,1,L_shape_test_0008,L-shape,0.9892159543914962,30.521497437221363,0.5045546782796956,0.0013511242577806115,0.0017808519987738691
S07_generic_film_middeep,1,L_shape_test_0009,L-shape,0.9773327191147374,26.50281532274025,0.28892619116720275,0.0034319255501031876,0.0017831219993240666
S07_generic_film_middeep,1,L_shape_test_0010,L-shape,0.9886497311485626,30.652027535887704,0.51293089937828,0.0013391675893217325,0.0017786139978852589
S07_generic_film_middeep,1,L_shape_test_0011,L-shape,0.992381490053777,33.4130571021778,0.6641552968332097,0.0007457769243046641,0.001826801999413874
S07_generic_film_middeep,1,L_shape_test_0012,L-shape,0.9919707213268885,26.79335068126148,0.29332456755218617,0.002793310908600688,0.0017839760002971161
S07_generic_film_middeep,1,L_shape_test_0013,L-shape,0.9909268834809195,27.301777081119354,0.3190210639923814,0.0026823999360203743,0.001768689002346946
S07_generic_film_middeep,1,L_shape_test_0014,L-shape,0.9846080219381628,32.26016400023066,0.6044935963639034,0.0011025682324543595,0.0017718230010359548
S07_generic_film_middeep,1,L_shape_test_0015,L-shape,0.9861176466578186,25.926336113223464,0.2549173046259426,0.0033896013628691435,0.0017978830001084134
S07_generic_film_middeep,1,L_shape_test_0016,L-shape,0.9885014844407154,27.460980574730826,0.3293272932845375,0.0026179607957601547,0.0018559589989308733
S07_generic_film_middeep,1,L_shape_test_0017,L-shape,0.987016659166113,26.356876580035483,0.2758019240456624,0.0033453749492764473,0.001783608997357078
S07_generic_film_middeep,1,L_shape_test_0018,L-shape,0.9884541498840308,26.250088059255695,0.2657759634347506,0.003324842546135187,0.001837277002778137
S07_generic_film_middeep,1,L_shape_test_0019,L-shape,0.985256427868486,33.394515715957965,0.6653337616223722,0.0009872231166809797,0.0017940990001079626
S07_generic_film_middeep,1,double_line_test_0000,double-line,0.9894047798968097,26.278826561698388,0.26779404002053786,0.0029648703057318926,0.0017699650015856605
S07_generic_film_middeep,1,double_line_test_0001,double-line,0.9933041799579224,26.666287704507926,0.29404048199670074,0.0035043403040617704,0.001786876000551274
S07_generic_film_middeep,1,double_line_test_0002,double-line,0.9991335909552073,31.249595634477703,0.5430359580292596,0.0010954431490972638,0.0017774019979697186
S07_generic_film_middeep,1,double_line_test_0003,double-line,0.9830310573008306,25.701616108619696,0.24019272750786555,0.0037633581086993217,0.0018349450001551304
S07_generic_film_middeep,1,double_line_test_0004,double-line,0.9815799395791888,25.975866450641263,0.2571536956285004,0.0037227910943329334,0.001774409000063315
S07_generic_film_middeep,1,double_line_test_0005,double-line,0.9965118005127895,26.009473601319648,0.2491463649394263,0.0031961207278072834,0.0017879000006360002
S07_generic_film_middeep,1,double_line_test_0006,double-line,0.9819415134830229,25.38191998552406,0.23947042256700496,0.004251914098858833,0.001791762999346247
S07_generic_film_middeep,1,double_line_test_0007,double-line,0.9828713352439958,32.01744023677011,0.591908339418379,0.001277418341487646,0.0017790500023693312
S07_generic_film_middeep,1,double_line_test_0008,double-line,0.9882991819062177,28.418609643110063,0.3864776283733881,0.0022917764727026224,0.001773805997800082
S07_generic_film_middeep,1,double_line_test_0009,double-line,0.9808206628748365,28.054156131107394,0.36377342171510657,0.0023824346717447042,0.0017842579982243478
S07_generic_film_middeep,1,double_line_test_0010,double-line,0.9868356062541939,26.39809521460969,0.27589340472612556,0.0031453941483050585,0.001782567000191193
S07_generic_film_middeep,1,double_line_test_0011,double-line,0.9920914526252697,28.016681022943253,0.3557300399730798,0.0022372060921043158,0.001783563999197213
S07_generic_film_middeep,1,double_line_test_0012,double-line,0.9743447408327941,30.761648663919306,0.5199686523802245,0.0013861675979569554,0.0017612389965506736
S07_generic_film_middeep,1,double_line_test_0013,double-line,0.9834385807698005,25.0849264431396,0.21294856588671687,0.004205470904707909,0.0017837699997471645
S07_generic_film_middeep,1,double_line_test_0014,double-line,0.9838243260874968,25.848792394106678,0.255839693653148,0.003972550388425589,0.0017847679991973564
S07_generic_film_middeep,1,small_rect_edge_test_0000,small_rect_edge,0.9894973703583162,29.934721766745437,0.47067528519791046,0.0013609433081001043,0.0017870979972940404
S07_generic_film_middeep,1,small_rect_edge_test_0001,small_rect_edge,0.9857405547834751,30.85954310188686,0.525985075617639,0.0014058075612410903,0.0018308940016140696
S07_generic_film_middeep,1,small_rect_edge_test_0002,small_rect_edge,0.9943407699645497,27.74648651837953,0.34372615299926934,0.0020788831170648336,0.0017711770015012007
S07_generic_film_middeep,1,small_rect_edge_test_0003,small_rect_edge,0.979331386162327,30.59988173830787,0.5126284572904936,0.0015275024343281984,0.0017856470003607683
S07_generic_film_middeep,1,small_rect_edge_test_0004,small_rect_edge,0.9820829116008544,29.229875391538588,0.43881850552700613,0.002263828180730343,0.0017862579989014193
S07_generic_film_middeep,1,small_rect_edge_test_0005,small_rect_edge,0.9938889239096397,29.488339221410467,0.45708044673650755,0.0017366812098771334,0.0017813979975471739
S07_generic_film_middeep,1,small_rect_edge_test_0006,small_rect_edge,0.9892683724022504,30.01203066572876,0.4749845049097524,0.0015308561269193888,0.0017826419971243013
S07_generic_film_middeep,1,small_rect_edge_test_0007,small_rect_edge,0.9978427093561565,29.087060346995237,0.4173547464854888,0.0015654527815058827,0.0017699389973131474
S07_generic_film_middeep,1,small_rect_edge_test_0008,small_rect_edge,1.0003964371695995,28.420455668989785,0.3878274125860286,0.0024237458128482103,0.0018544300000939984
S07_generic_film_middeep,1,small_rect_edge_test_0009,small_rect_edge,0.9921151537566181,30.93019203954443,0.5274453306715644,0.0012527222279459238,0.0017758059984771535
S07_generic_film_middeep,1,point_cluster_test_0000,point_cluster,0.9882527490201701,32.96964427134958,0.6903012998457281,0.000970777589827776,0.001772807001543697
S07_generic_film_middeep,1,point_cluster_test_0001,point_cluster,0.9818443115810829,31.750741814769043,0.5783423594437859,0.0013976632617413998,0.0017912420007633045
S07_generic_film_middeep,1,point_cluster_test_0002,point_cluster,1.0019445272086964,35.597201857044546,0.7659895828119604,0.0007326691993512213,0.0018383489987172652
S07_generic_film_middeep,1,point_cluster_test_0003,point_cluster,0.9858702329817715,35.92589315474746,0.7800366015560682,0.0006641013897024095,0.0017914460004249122
S07_generic_film_middeep,1,point_cluster_test_0004,point_cluster,1.0005860356912712,31.41584508365993,0.5564359579170084,0.0014995686942711473,0.0017801850008254405
S07_generic_film_middeep,1,point_cluster_test_0005,point_cluster,0.9962769248327862,31.38215055806906,0.5550728772252739,0.0014624004252254963,0.001828284999646712
S07_generic_film_middeep,1,point_cluster_test_0006,point_cluster,0.9885331658773207,35.11806830049433,0.7742356257423552,0.0007197000086307526,0.001784749998478219
S07_generic_film_middeep,1,point_cluster_test_0007,point_cluster,0.9905825387204885,35.649206114756396,0.7947954863186648,0.0007559109362773597,0.0017633710012887605
S07_generic_film_middeep,1,point_cluster_test_0008,point_cluster,0.9945975141333876,34.773567995970346,0.7312664766392372,0.0008792561129666865,0.0017955040020751767
S07_generic_film_middeep,1,point_cluster_test_0009,point_cluster,0.9958735079368682,36.09737361430639,0.8262953911116333,0.0005652562831528485,0.0017696980030450504
S07_generic_film_middeep,1,point_cluster_test_0010,point_cluster,0.9891526168387493,31.330018070758623,0.5510987642038572,0.0013270199997350574,0.001784357002179604
S07_generic_film_middeep,1,point_cluster_test_0011,point_cluster,1.0089294370119777,34.86844040273234,0.7349591906784521,0.0010306491749361157,0.0017714109999360517
S07_generic_film_middeep,1,point_cluster_test_0012,point_cluster,0.9942114270718725,33.679959014917394,0.6791554443174256,0.0009667780832387507,0.0017737779999151826
S07_generic_film_middeep,1,point_cluster_test_0013,point_cluster,1.0237480403416264,32.258685618097374,0.6033231121723298,0.0017941334517672658,0.0018478900019545108
S07_generic_film_middeep,1,point_cluster_test_0014,point_cluster,1.0063547810951097,34.23424271820859,0.7049798026342445,0.0007690626080147922,0.0017895659984787926
S07_generic_film_middeep,1,point_cluster_test_0015,point_cluster,1.0062662842905346,34.36865546083742,0.7121957627975989,0.0008915842045098543,0.0017874679979286157
S07_generic_film_middeep,1,point_cluster_test_0016,point_cluster,0.9929194654662186,31.909556742608842,0.6147815455542365,0.001277141971513629,0.001769416998286033
S07_generic_film_middeep,1,point_cluster_test_0017,point_cluster,1.0066455328463437,36.117943143302405,0.8587792398875256,0.000578841136302799,0.001769987000443507
S07_generic_film_middeep,1,point_cluster_test_0018,point_cluster,0.9914145600638556,35.77309099110763,0.7935411624321621,0.0008216410642489791,0.0017928760025824886
S07_generic_film_middeep,1,point_cluster_test_0019,point_cluster,0.9845921305435529,34.961312886573815,0.7396959657143809,0.0006883781752549112,0.0017671559980954044
S07_generic_film_middeep,2,line_test_0000,line,1.0006914210703204,30.838011888651184,0.5251731816837484,0.002609316958114505,0.0017732800006342586
S07_generic_film_middeep,2,line_test_0001,line,0.9917626942590209,25.94614673466566,0.2725307568754663,0.005294895265251398,0.0018079069996019825
S07_generic_film_middeep,2,line_test_0002,line,0.995267993222424,30.222899851848908,0.4926830303980585,0.0032707557547837496,0.0017920190002769232
S07_generic_film_middeep,2,line_test_0003,line,1.1111322954603573,33.45345741158142,0.6455447963485299,0.002920529805123806,0.0017954549985006452
S07_generic_film_middeep,2,line_test_0004,line,1.06431287876035,36.367713486509814,0.7855743059707959,0.001723811961710453,0.00177978400097345
S07_generic_film_middeep,2,line_test_0005,line,1.0091504196207757,32.377451582627344,0.6059766221936899,0.0022735095117241144,0.0017926739965332672
S07_generic_film_middeep,2,line_test_0006,line,1.0079128392348005,31.564811498184994,0.5653149641362608,0.0027072352822870016,0.0017966480008908547
S07_generic_film_middeep,2,line_test_0007,line,1.004335657386489,29.770113377693537,0.47164038125378294,0.002833009697496891,0.0017835520011431072
S07_generic_film_middeep,2,line_test_0008,line,0.9875657102184888,25.875086084687315,0.26456766839444945,0.004543178249150515,0.0017910930000653025
S07_generic_film_middeep,2,line_test_0009,line,1.0048181846858613,30.1859448076012,0.4876397505121983,0.0029003650415688753,0.001827525000408059
S07_generic_film_middeep,2,line_test_0010,line,1.0169221905597665,32.34679802870773,0.6040730089204929,0.002449267776682973,0.0017962029996851925
S07_generic_film_middeep,2,line_test_0011,line,1.0038511755886956,27.730196109014955,0.3515448642930117,0.0036331366281956434,0.0017875400008051656
S07_generic_film_middeep,2,line_test_0012,line,0.9963073720097949,29.69798606364401,0.4630746747840905,0.0031873746775090694,0.0017787019969546236
S07_generic_film_middeep,2,line_test_0013,line,0.9787254754874471,27.107126398126955,0.3491922308342205,0.003990165889263153,0.0017877749996841885
S07_generic_film_middeep,2,line_test_0014,line,1.0301935223742476,34.70077280342886,0.7198538754863574,0.001822645659558475,0.0017906020002556033
S07_generic_film_middeep,2,line_test_0015,line,1.083633282186516,35.04027261406953,0.7280487706333262,0.0021357862278819084,0.001777806999598397
S07_generic_film_middeep,2,line_test_0016,line,0.9965852128239132,28.217865959768474,0.3839916143568637,0.003987729083746672,0.0018294720030098688
S07_generic_film_middeep,2,line_test_0017,line,1.0477839446624175,31.892285578478553,0.5773806378692771,0.0022686300799250603,0.0017900370003189892
S07_generic_film_middeep,2,line_test_0018,line,0.9969141303729931,29.382025981339417,0.44434998472235315,0.0032603275030851364,0.001782955998351099
S07_generic_film_middeep,2,line_test_0019,line,0.9942247080788527,29.326243162782067,0.445857481319726,0.0029795924201607704,0.0017820840002968907
S07_generic_film_middeep,2,cross_test_0000,cross,1.0371133273328994,32.022102535805956,0.5819111043787517,0.0029744687490165234,0.0017817509979067836
S07_generic_film_middeep,2,cross_test_0001,cross,0.9838495378436067,26.571387409633253,0.2986060914367317,0.004466031678020954,0.0017949959983525332
S07_generic_film_middeep,2,cross_test_0002,cross,1.0148239591075232,30.301081132231054,0.49066867630243016,0.0027445240411907434,0.002115985000273213
S07_generic_film_middeep,2,cross_test_0003,cross,0.9652452435987718,27.786524224173643,0.38034900933891386,0.004237006884068251,0.0017951170011656359
S07_generic_film_middeep,2,cross_test_0004,cross,0.9852791904735987,27.93009626141728,0.37229906409017494,0.004043279215693474,0.001768805999745382
S07_generic_film_middeep,2,cross_test_0005,cross,1.0151021817960098,31.09961408335205,0.5329871423443966,0.003137940540909767,0.0017829019998316653
S07_generic_film_middeep,2,cross_test_0006,cross,0.9917525485045899,28.756209322656314,0.4092581345688517,0.0030437172390520573,0.0017937699994945433
S07_generic_film_middeep,2,cross_test_0007,cross,1.0191997011638196,33.84873159469003,0.6808151507649323,0.0020991985220462084,0.001786312997865025
S07_generic_film_middeep,2,cross_test_0008,cross,1.0091134127405412,27.926634281149532,0.3715335516629499,0.004678723867982626,0.0017847990020527504
S07_generic_film_middeep,2,cross_test_0009,cross,1.0294700511820916,32.75346234731576,0.6231674639097731,0.002239630790427327,0.0018450349998602178
S07_generic_film_middeep,2,cross_test_0010,cross,1.0287039371673845,31.92461271256424,0.5779395289485738,0.002870447002351284,0.0017814390012063086
S07_generic_film_middeep,2,cross_test_0011,cross,1.0144254096426857,27.251958063326143,0.334444726371581,0.005123642273247242,0.0018425890011712909
S07_generic_film_middeep,2,cross_test_0012,cross,1.0060223835498632,31.64052666750735,0.567645982301392,0.0026125090662389994,0.0018150760006392375
S07_generic_film_middeep,2,cross_test_0013,cross,1.0214392455239283,31.5701151736774,0.5586668666641367,0.0031039526220411062,0.0018073589999403339
S07_generic_film_middeep,2,cross_test_0014,cross,0.9954118697977878,27.72349592468601,0.35337166935635905,0.003583611687645316,0.00181883199911681
S07_generic_film_middeep,2,L_shape_test_0000,L-shape,0.9986053193089253,26.178235566808375,0.282786371325691,0.005397135857492685,0.0017862780005089007
S07_generic_film_middeep,2,L_shape_test_0001,L-shape,0.9875211803095695,27.717989429059227,0.35540184580002543,0.003577261697500944,0.001842813999246573
S07_generic_film_middeep,2,L_shape_test_0002,L-shape,0.9943799419506681,27.305397197937587,0.33699967631489763,0.004794046748429537,0.001783146999514429
S07_generic_film_middeep,2,L_shape_test_0003,L-shape,0.996513896207665,27.503465097611137,0.34303699456807135,0.004234047140926123,0.0018496840020816308
S07_generic_film_middeep,2,L_shape_test_0004,L-shape,0.9916722019609291,25.81670354973239,0.261600610623678,0.005219623912125826,0.0018103550028172322
S07_generic_film_middeep,2,L_shape_test_0005,L-shape,0.9972320893112143,27.151756944236748,0.32452333360491675,0.0042659142054617405,0.0017831260011007544
S07_generic_film_middeep,2,L_shape_test_0006,L-shape,1.00861688861127,31.12381815874782,0.5384778033474324,0.0025209146551787853,0.0017864420005935244
S07_generic_film_middeep,2,L_shape_test_0007,L-shape,0.9937422088754279,27.026784151645433,0.322777582137852,0.004622830078005791,0.00207612899976084
S07_generic_film_middeep,2,L_shape_test_0008,L-shape,1.000336270402568,30.472948357837254,0.5027140055339392,0.002839432330802083,0.0017685620005067904
S07_generic_film_middeep,2,L_shape_test_0009,L-shape,0.9910777781882703,26.44216257000565,0.2950606267636635,0.00520247220993042,0.0017925399988598656
S07_generic_film_middeep,2,L_shape_test_0010,L-shape,1.0221570258026234,30.507275883597387,0.5015468802795839,0.0029120699036866426,0.0018531170026108157
S07_generic_film_middeep,2,L_shape_test_0011,L-shape,1.025466491580839,33.27062902833045,0.6514677347823741,0.002070559887215495,0.0017767560020729434
S07_generic_film_middeep,2,L_shape_test_0012,L-shape,0.9996950683286648,26.75966334912234,0.3041736025044483,0.004362591542303562,0.001804919997084653
S07_generic_film_middeep,2,L_shape_test_0013,L-shape,0.9960855607352513,27.279226894042456,0.3300685972578125,0.004207091871649027,0.0017671770001470577
S07_generic_film_middeep,2,L_shape_test_0014,L-shape,1.0162925475955324,32.12261040155578,0.5917186465226043,0.0025484072975814342,0.001864280999143375
S07_generic_film_middeep,2,L_shape_test_0015,L-shape,0.9910333837265426,25.904740912722414,0.26632236765821027,0.004936472047120333,0.0017803759983507916
S07_generic_film_middeep,2,L_shape_test_0016,L-shape,0.9988203980606974,27.41587985516737,0.33630007438048526,0.004124038387089968,0.0017846160008048173
S07_generic_film_middeep,2,L_shape_test_0017,L-shape,0.9992394316490534,26.30342583775937,0.2863408559483223,0.0052069746889173985,0.0018176639969169628
S07_generic_film_middeep,2,L_shape_test_0018,L-shape,0.9926659000643034,26.23162263212137,0.27853677841682795,0.004812830127775669,0.00176991199987242
S07_generic_film_middeep,2,L_shape_test_0019,L-shape,1.0448164553435542,33.13960826533857,0.6394556504457466,0.0025096386671066284,0.001812234000681201
S07_generic_film_middeep,2,double_line_test_0000,double-line,0.9825732927714331,26.308916888307266,0.2902795837639085,0.004428435117006302,0.0017779420013539493
S07_generic_film_middeep,2,double_line_test_0001,double-line,1.0078658139039003,26.603083294349293,0.3160895192734759,0.0054924641735851765,0.0018377689993940294
S07_generic_film_middeep,2,double_line_test_0002,double-line,1.025488803774566,31.13652184355133,0.5376673127571255,0.0023617760743945837,0.0018005169986281544
S07_generic_film_middeep,2,double_line_test_0003,double-line,0.9886571249424927,25.676831380467004,0.25225117498504274,0.005189503077417612,0.0017823349990067072
S07_generic_film_middeep,2,double_line_test_0004,double-line,0.960102808841499,26.07194583419227,0.29342860837455614,0.00528642488643527,0.0017673099973762874
S07_generic_film_middeep,2,double_line_test_0005,double-line,1.00188124037887,25.986135269934497,0.2611482919759381,0.004470572806894779,0.0018638599976839032
S07_generic_film_middeep,2,double_line_test_0006,double-line,1.0013461254893126,25.296933832654023,0.2610586628614989,0.006522854324430227,0.0017966880004678387
S07_generic_film_middeep,2,double_line_test_0007,double-line,1.0162790883355481,31.87227684487339,0.575739291240724,0.0028360867872834206,0.0018202249993919395
S07_generic_film_middeep,2,double_line_test_0008,double-line,1.0029130537722113,28.354860968242605,0.3863188951767018,0.003977191634476185,0.0018615269982547034
S07_generic_film_middeep,2,double_line_test_0009,double-line,0.9905944854434023,28.011093076413797,0.3695493780792723,0.003784582018852234,0.0017721119984344114
S07_generic_film_middeep,2,double_line_test_0010,double-line,0.9929335620809069,26.3713414529154,0.2856963999415187,0.004589248448610306,0.0017753760002960917
S07_generic_film_middeep,2,double_line_test_0011,double-line,0.9958320989503456,28.000336834863354,0.36580103708143985,0.0035719936713576317,0.001790242997230962
S07_generic_film_middeep,2,double_line_test_0012,double-line,0.9945626697963321,30.67245360756654,0.5164759637064944,0.002758677350357175,0.0018247879997943528
S07_generic_film_middeep,2,double_line_test_0013,double-line,0.9912043713857429,25.050766883850205,0.22299353616226764,0.005607860162854195,0.0017981519995373674
S07_generic_film_middeep,2,double_line_test_0014,double-line,0.98863850108293,25.82759273910601,0.27789709647126115,0.006107451859861612,0.0017814939965319354
S07_generic_film_middeep,2,small_rect_edge_test_0000,small_rect_edge,0.9980641141403355,29.897283858085324,0.4733274809662799,0.0027656310703605413,0.001800259000447113
S07_generic_film_middeep,2,small_rect_edge_test_0001,small_rect_edge,1.0212981585541403,30.70564384533157,0.5120410776646729,0.0029305408243089914,0.0017824739989009686
S07_generic_film_middeep,2,small_rect_edge_test_0002,small_rect_edge,1.0084598168700916,27.685252927665125,0.34674156170906256,0.003500875551253557,0.0017977620009332895
S07_generic_film_middeep,2,small_rect_edge_test_0003,small_rect_edge,1.0016388628301713,30.502066944374455,0.5034588021207621,0.002967903157696128,0.0017857130005722865
S07_generic_film_middeep,2,small_rect_edge_test_0004,small_rect_edge,1.0242638705281712,29.04723841760214,0.42404299355700265,0.004073382820934057,0.0018274209978699218
S07_generic_film_middeep,2,small_rect_edge_test_0005,small_rect_edge,1.0234168317163201,29.361192447666372,0.44832917151604146,0.003399543697014451,0.00205230600113282
S07_generic_film_middeep,2,small_rect_edge_test_0006,small_rect_edge,1.0055701974010225,29.941047530147337,0.4713682268741767,0.002933122683316469,0.0017835409998951945
S07_generic_film_middeep,2,small_rect_edge_test_0007,small_rect_edge,1.0172367912948181,29.003460744201334,0.4174985268521563,0.002894555451348424,0.0018032209991361015
S07_generic_film_middeep,2,small_rect_edge_test_0008,small_rect_edge,1.0354663514357423,28.270816910532098,0.3778124764560623,0.004297418519854546,0.0017954539980564732
S07_generic_film_middeep,2,small_rect_edge_test_0009,small_rect_edge,1.0159497029021727,30.82709060029536,0.5194019492946937,0.0026895166374742985,0.0017734020002535544
S07_generic_film_middeep,2,point_cluster_test_0000,point_cluster,1.037508659048615,32.758407276054285,0.6689558221385811,0.0023895774502307177,0.0017847920025815256
S07_generic_film_middeep,2,point_cluster_test_0001,point_cluster,0.988096435154183,31.723174858184073,0.5774213906627235,0.0029631583020091057,0.0017665940031292848
S07_generic_film_middeep,2,point_cluster_test_0002,point_cluster,1.0939136480187812,35.215808482579135,0.7339390028996515,0.002202908508479595,0.001866492999397451
S07_generic_film_middeep,2,point_cluster_test_0003,point_cluster,1.0959073890505386,35.466352294309004,0.7443486622880987,0.0021484976168721914,0.0017990619999181945
S07_generic_film_middeep,2,point_cluster_test_0004,point_cluster,0.9971182115658613,31.430922909989235,0.5594253677205677,0.0030549762304872274,0.0017539770014991518
S07_generic_film_middeep,2,point_cluster_test_0005,point_cluster,1.0256903902632877,31.255788371588487,0.5426874094583106,0.0030562328174710274,0.0018538849981268868
S07_generic_film_middeep,2,point_cluster_test_0006,point_cluster,1.0855912306665108,34.71131761037498,0.7428069737169835,0.0021388304885476828,0.0017713879969960544
S07_generic_film_middeep,2,point_cluster_test_0007,point_cluster,1.1061789817133032,35.16985897692579,0.7570822376355921,0.002248060889542103,0.0017955570001504384
S07_generic_film_middeep,2,point_cluster_test_0008,point_cluster,1.052400910317045,34.52822942407675,0.7067657454776748,0.002225894946604967,0.0018346600008953828
S07_generic_film_middeep,2,point_cluster_test_0009,point_cluster,1.1471133016583603,35.4833522645623,0.7883521853800208,0.002029766095802188,0.0017959239994524978
S07_generic_film_middeep,2,point_cluster_test_0010,point_cluster,1.0119908033276472,31.23088563286096,0.5435818351008453,0.0028508177492767572,0.0017872039970825426
S07_generic_film_middeep,2,point_cluster_test_0011,point_cluster,1.0694862322629224,34.615296550423665,0.7061909601864936,0.0024357244838029146,0.0017986429993470665
S07_generic_film_middeep,2,point_cluster_test_0012,point_cluster,1.115151205731778,33.181408982720356,0.6396807230451725,0.0028072046115994453,0.0017639150028117
S07_generic_film_middeep,2,point_cluster_test_0013,point_cluster,1.1384774471193804,31.797372218044018,0.5552123189749154,0.0036872923374176025,0.0018027309997705743
S07_generic_film_middeep,2,point_cluster_test_0014,point_cluster,1.0715732367031034,33.961535162836974,0.6798476306645834,0.002218972658738494,0.0018501300000934862
S07_generic_film_middeep,2,point_cluster_test_0015,point_cluster,1.1429345492521235,33.81557099524504,0.6693541361571929,0.0024177944287657738,0.0018249210006615613
S07_generic_film_middeep,2,point_cluster_test_0016,point_cluster,1.008771866840111,31.840767403624774,0.6060302135866124,0.002727503888309002,0.0017921239996212535
S07_generic_film_middeep,2,point_cluster_test_0017,point_cluster,1.2043402659003781,35.339216467860965,0.8160711427882237,0.0021061962470412254,0.0017813380000006873
S07_generic_film_middeep,2,point_cluster_test_0018,point_cluster,1.1858827550991062,34.99522629189222,0.7395051385820427,0.002428844105452299,0.0018015749992628116
S07_generic_film_middeep,2,point_cluster_test_0019,point_cluster,1.0364866864296667,34.73823905783397,0.7184956417576419,0.0020365645177662373,0.0017700989992590621
S08_rsbfilm_middeep_default,0,line_test_0000,line,0.9941797718225868,30.866364360936785,0.5212678297501055,0.0011746278032660484,0.0019272809986432549
S08_rsbfilm_middeep_default,0,line_test_0001,line,0.991081417421172,25.949131007676634,0.25061839467525726,0.0032782764174044132,0.002007539998885477
S08_rsbfilm_middeep_default,0,line_test_0002,line,0.9902681301861617,30.24477232545067,0.48677699249639106,0.001398316933773458,0.001897876998555148
S08_rsbfilm_middeep_default,0,line_test_0003,line,0.9942436387881782,33.93618706868732,0.6922845378952973,0.0009159832261502743,0.001914002001285553
S08_rsbfilm_middeep_default,0,line_test_0004,line,1.0003491495977028,36.636890389002,0.8057061571578477,0.0003780715342145413,0.001906106001115404
S08_rsbfilm_middeep_default,0,line_test_0005,line,0.9941333110272447,32.44256458248919,0.6121167394116974,0.0008146610925905406,0.0018857610011764336
S08_rsbfilm_middeep_default,0,line_test_0006,line,1.0057520641711457,31.574132054731116,0.5630193841389481,0.001109505770727992,0.0019125380022160243
S08_rsbfilm_middeep_default,0,line_test_0007,line,0.9932173709123266,29.818459483434733,0.4711530732196847,0.001322136609815061,0.0019050180017075036
S08_rsbfilm_middeep_default,0,line_test_0008,line,0.9929279423440653,25.851568780346696,0.24528421958945912,0.0030250679701566696,0.0019812179998552892
S08_rsbfilm_middeep_default,0,line_test_0009,line,0.9869186075956311,30.26400649191779,0.4891062707828025,0.0012824803125113249,0.0019064169973717071
S08_rsbfilm_middeep_default,0,line_test_0010,line,0.9963787367252006,32.43543066356752,0.6113076138249304,0.0008996098185889423,0.0018922369999927469
S08_rsbfilm_middeep_default,0,line_test_0011,line,0.9999550765988728,27.747084476641515,0.34144396803492794,0.00210504699498415,0.001949271001649322
S08_rsbfilm_middeep_default,0,line_test_0012,line,0.9867751677210538,29.739737329605823,0.4588239431796556,0.001428419491276145,0.004228406000038376
S08_rsbfilm_middeep_default,0,line_test_0013,line,0.9906459842663313,27.054550555782154,0.3254238473381402,0.002307682763785124,0.0019315190002089366
S08_rsbfilm_middeep_default,0,line_test_0014,line,0.996700382731469,34.84431471595027,0.7329763203108596,0.0005221911706030369,0.001922884999657981
S08_rsbfilm_middeep_default,0,line_test_0015,line,0.9942580182692268,35.414104603951415,0.758434038667622,0.0005385763361118734,0.0019124440004816279
S08_rsbfilm_middeep_default,0,line_test_0016,line,0.9899005895009189,28.247094794067202,0.3716345365480284,0.0020222312305122614,0.0019066349996137433
S08_rsbfilm_middeep_default,0,line_test_0017,line,1.0101381827218558,32.05119490635114,0.5899444372090266,0.0008697689045220613,0.001895628000056604
S08_rsbfilm_middeep_default,0,line_test_0018,line,0.9922373953639573,29.40244747881068,0.4363725329240033,0.0016134364996105433,0.0019738900009542704
S08_rsbfilm_middeep_default,0,line_test_0019,line,0.9884487547982513,29.35154701213641,0.44152378155320277,0.0014379662461578846,0.0018991860015376005
S08_rsbfilm_middeep_default,0,cross_test_0000,cross,0.9880597096576648,32.23253280719437,0.6018215379847698,0.0010534083703532815,0.0018932829989353195
S08_rsbfilm_middeep_default,0,cross_test_0001,cross,0.9934985039007731,26.52900194195332,0.274695291479351,0.0028937344904989004,0.0018983919981110375
S08_rsbfilm_middeep_default,0,cross_test_0002,cross,0.9934198609536465,30.393659918648247,0.4956798599258497,0.0012161264894530177,0.00189832700198167
S08_rsbfilm_middeep_default,0,cross_test_0003,cross,0.9882448159222607,27.68425553174933,0.34068943816015174,0.002307667164131999,0.001911522002046695
S08_rsbfilm_middeep_default,0,cross_test_0004,cross,0.9931453466397057,27.89556109461823,0.3491639142752888,0.0022423407062888145,0.0018988180017913692
S08_rsbfilm_middeep_default,0,cross_test_0005,cross,0.9883751862649296,31.21549336785489,0.5447192664980982,0.0012776402290910482,0.0019680440018419176
S08_rsbfilm_middeep_default,0,cross_test_0006,cross,0.9900293798760623,28.763761605239296,0.39995428394643906,0.0017407976556569338,0.0018921240007330198
S08_rsbfilm_middeep_default,0,cross_test_0007,cross,0.9907461476038258,33.97170064127621,0.6923968524817238,0.0007028797990642488,0.0019018560014956165
S08_rsbfilm_middeep_default,0,cross_test_0008,cross,0.9866810479158777,28.024266215693743,0.36080957720241297,0.002308232244104147,0.0019146149970765691
S08_rsbfilm_middeep_default,0,cross_test_0009,cross,0.9955110277641716,32.89913872481505,0.637076608767581,0.0007494041346944869,0.001916525998240104
S08_rsbfilm_middeep_default,0,cross_test_0010,cross,0.9870527138086845,32.10411302670822,0.5948114200099024,0.0010157281067222357,0.0018971270001202356
S08_rsbfilm_middeep_default,0,cross_test_0011,cross,0.9877894238540766,27.36751544595734,0.32602098357426035,0.0026782911736518145,0.0020471400021051522
S08_rsbfilm_middeep_default,0,cross_test_0012,cross,0.9933535672566621,31.695564382858215,0.5707564557511797,0.0010332197416573763,0.001973224996618228
S08_rsbfilm_middeep_default,0,cross_test_0013,cross,0.9899273186077213,31.706207591710843,0.5717086949313828,0.0011132311774417758,0.0018943799987027887
S08_rsbfilm_middeep_default,0,cross_test_0014,cross,0.9952726655355355,27.724103299056928,0.3409815900173399,0.0020459135994315147,0.0018703379973885603
S08_rsbfilm_middeep_default,0,L_shape_test_0000,L-shape,0.9889487385694636,26.220436354146315,0.2664596453536284,0.0030828421004116535,0.0019028469978366047
S08_rsbfilm_middeep_default,0,L_shape_test_0001,L-shape,0.994252796703145,27.688485506492768,0.338489925225083,0.0020910161547362804,0.001904512999317376
S08_rsbfilm_middeep_default,0,L_shape_test_0002,L-shape,0.9879870539924147,27.33340827386081,0.3240586651866461,0.002655422780662775,0.001917323999805376
S08_rsbfilm_middeep_default,0,L_shape_test_0003,L-shape,0.9887774881202634,27.53731304111557,0.3319498006914686,0.00248096720315516,0.0019061730017710943
S08_rsbfilm_middeep_default,0,L_shape_test_0004,L-shape,0.993738015565638,25.80766588906243,0.2405915771639789,0.0033356419298797846,0.0019529109995346516
S08_rsbfilm_middeep_default,0,L_shape_test_0005,L-shape,0.9912677273753281,27.17780976118845,0.3133638913541108,0.002494295360520482,0.0019166919992130715
S08_rsbfilm_middeep_default,0,L_shape_test_0006,L-shape,0.9940679350147001,31.18691999951633,0.5403862002529721,0.001064108218997717,0.0018837249990610871
S08_rsbfilm_middeep_default,0,L_shape_test_0007,L-shape,0.9930551344551801,27.029787604578537,0.3023914973630762,0.0027189822867512703,0.0019285309972474352
S08_rsbfilm_middeep_default,0,L_shape_test_0008,L-shape,0.9878872630774147,30.527334529397486,0.5039254611064968,0.0012021467555314302,0.0018939349974971265
S08_rsbfilm_middeep_default,0,L_shape_test_0009,L-shape,0.9898033128383884,26.447750759925338,0.2752648407812564,0.0030626982916146517,0.001970827997865854
S08_rsbfilm_middeep_default,0,L_shape_test_0010,L-shape,0.9919746006062448,30.637446561441458,0.5097137218233341,0.00118040491361171,0.0018933289975393564
S08_rsbfilm_middeep_default,0,L_shape_test_0011,L-shape,0.9966665920532953,33.39434476633938,0.6624572509387281,0.0007053609588183463,0.0019644950007204898
S08_rsbfilm_middeep_default,0,L_shape_test_0012,L-shape,0.9946094071878111,26.78181329048889,0.2893926002746064,0.0026390785351395607,0.0019053389987675473
S08_rsbfilm_middeep_default,0,L_shape_test_0013,L-shape,0.9935472829166454,27.290307869807613,0.3156519658713431,0.0025635925121605396,0.0018828339998435695
S08_rsbfilm_middeep_default,0,L_shape_test_0014,L-shape,0.9902250658023791,32.235458778914314,0.6008600111591206,0.000934729294385761,0.0019419410018599592
S08_rsbfilm_middeep_default,0,L_shape_test_0015,L-shape,0.9917719212178114,25.90150530598256,0.2472379233865821,0.0031212770845741034,0.0019466610028757714
S08_rsbfilm_middeep_default,0,L_shape_test_0016,L-shape,0.993770585931252,27.437892514009267,0.3232755126725076,0.002432450419291854,0.001920176000567153
S08_rsbfilm_middeep_default,0,L_shape_test_0017,L-shape,0.9901914817050692,26.342929743793672,0.2696356203819908,0.003061821684241295,0.0018765569984680042
S08_rsbfilm_middeep_default,0,L_shape_test_0018,L-shape,0.992400652743031,26.23278323695218,0.26039676910980325,0.003142900299280882,0.0019736110007215757
S08_rsbfilm_middeep_default,0,L_shape_test_0019,L-shape,0.9933077394321508,33.35917020965091,0.6614570388771605,0.0007724508759565651,0.0018916109984274954
S08_rsbfilm_middeep_default,0,double_line_test_0000,double-line,0.9916137158709296,26.269141541199375,0.2650685096890271,0.0028757541440427303,0.0018910799990408123
S08_rsbfilm_middeep_default,0,double_line_test_0001,double-line,0.9862623358532122,26.697185974079876,0.29055623280364246,0.003007445717230439,0.0019649580026452895
S08_rsbfilm_middeep_default,0,double_line_test_0002,double-line,1.0015352176388777,31.23916867230593,0.5423125728584369,0.0011004579719156027,0.001955712999915704
S08_rsbfilm_middeep_default,0,double_line_test_0003,double-line,0.9926795183088908,25.65919782773854,0.2308248966187956,0.0035982918925583363,0.0019102969999948982
S08_rsbfilm_middeep_default,0,double_line_test_0004,double-line,0.9886958744777887,25.944496179217403,0.24795586204756645,0.003465866670012474,0.0018838190007954836
S08_rsbfilm_middeep_default,0,double_line_test_0005,double-line,0.9988792867282356,25.99916803002524,0.24702176032604653,0.0031553341541439295,0.001969711000128882
S08_rsbfilm_middeep_default,0,double_line_test_0006,double-line,0.9912563485197948,25.340916244746733,0.22736873665113538,0.003918906673789024,0.0018904829994426109
S08_rsbfilm_middeep_default,0,double_line_test_0007,double-line,0.9932243205437546,31.971933504820992,0.5858849218030708,0.0010279091075062752,0.0019102130027022213
S08_rsbfilm_middeep_default,0,double_line_test_0008,double-line,0.991916837132419,28.40274141864721,0.3805974917764315,0.0019369045039638877,0.001936645003297599
S08_rsbfilm_middeep_default,0,double_line_test_0009,double-line,0.9861637227674253,28.030561792931596,0.3585290493329152,0.0022419756278395653,0.001909046000946546
S08_rsbfilm_middeep_default,0,double_line_test_0010,double-line,0.9974117966607909,26.35179862905206,0.26563607469844264,0.0029457921627908945,0.0018873329972848296
S08_rsbfilm_middeep_default,0,double_line_test_0011,double-line,0.9955446903846341,28.001590474881905,0.35284253776338925,0.0021852029021829367,0.0019709929983946495
S08_rsbfilm_middeep_default,0,double_line_test_0012,double-line,0.9935319160388231,30.67695693253233,0.509493552850116,0.0012976460857316852,0.0019576109989429824
S08_rsbfilm_middeep_default,0,double_line_test_0013,double-line,0.9931306795110316,25.04233508444406,0.20350733274353966,0.004049766808748245,0.001896162997581996
S08_rsbfilm_middeep_default,0,double_line_test_0014,double-line,0.9906467994049988,25.81877951171943,0.24469913975498492,0.0035440821666270494,0.0019600850027927663
S08_rsbfilm_middeep_default,0,small_rect_edge_test_0000,small_rect_edge,0.9902640857902899,29.931357794991364,0.4692499951932413,0.001271902583539486,0.0020235299998603296
S08_rsbfilm_middeep_default,0,small_rect_edge_test_0001,small_rect_edge,0.9966266062865984,30.811844473495277,0.5188188011333648,0.0011968989856541157,0.0018947399985336233
S08_rsbfilm_middeep_default,0,small_rect_edge_test_0002,small_rect_edge,0.9973515355418442,27.73335642323765,0.34203074676029205,0.0020735603757202625,0.0019055689990636893
S08_rsbfilm_middeep_default,0,small_rect_edge_test_0003,small_rect_edge,0.9910279861735268,30.54831935676312,0.5050564524742347,0.0013196925865486264,0.0018924530013464391
S08_rsbfilm_middeep_default,0,small_rect_edge_test_0004,small_rect_edge,0.9870324869859569,29.208042822519168,0.4302772598560316,0.0018007638864219189,0.0019088230001216289
S08_rsbfilm_middeep_default,0,small_rect_edge_test_0005,small_rect_edge,0.9947710036784752,29.484486448667628,0.4537029294960602,0.0014776900643482804,0.0018790110007103067
S08_rsbfilm_middeep_default,0,small_rect_edge_test_0006,small_rect_edge,0.9842439507346188,30.034144389264554,0.47728785477900154,0.0014783133519813418,0.0019490209997456986
S08_rsbfilm_middeep_default,0,small_rect_edge_test_0007,small_rect_edge,0.9982647952369653,29.085223904209055,0.41701368898049535,0.001554261427372694,0.0019741999967664015
S08_rsbfilm_middeep_default,0,small_rect_edge_test_0008,small_rect_edge,0.996025938043498,28.439470641699437,0.3851724415522368,0.0019359656143933535,0.001901806997921085
S08_rsbfilm_middeep_default,0,small_rect_edge_test_0009,small_rect_edge,0.9905270260667428,30.937149413257707,0.5274490450113899,0.0011602507438510656,0.001890776002255734
S08_rsbfilm_middeep_default,0,point_cluster_test_0000,point_cluster,0.9975770153989273,32.92886013601671,0.6863686054110661,0.0007731580408290029,0.0019235950021538883
S08_rsbfilm_middeep_default,0,point_cluster_test_0001,point_cluster,0.9977195156265538,31.68108341497924,0.5688627654255696,0.0011558803962543607,0.001914991000376176
S08_rsbfilm_middeep_default,0,point_cluster_test_0002,point_cluster,1.0036147402094462,35.58996853970366,0.7653834452934122,0.0006078678416088223,0.0020015260015497915
S08_rsbfilm_middeep_default,0,point_cluster_test_0003,point_cluster,0.9992491727122232,35.86735288514787,0.776690314566582,0.000508239958435297,0.001900431998365093
S08_rsbfilm_middeep_default,0,point_cluster_test_0004,point_cluster,0.9985464822986669,31.42470679308955,0.5546422425466419,0.001245635561645031,0.001973899001313839
S08_rsbfilm_middeep_default,0,point_cluster_test_0005,point_cluster,0.9913981128002733,31.403470317295174,0.5549343800781475,0.0011977794347330928,0.0019116219991701655
S08_rsbfilm_middeep_default,0,point_cluster_test_0006,point_cluster,1.0209735868757153,34.97783590784704,0.7672760255606126,0.0006261446978896856,0.0019163229990226682
S08_rsbfilm_middeep_default,0,point_cluster_test_0007,point_cluster,0.9940834534223034,35.633884348029724,0.7940929509288197,0.0006095394492149353,0.001884800996776903
S08_rsbfilm_middeep_default,0,point_cluster_test_0008,point_cluster,0.9969531145411763,34.76329400882846,0.7299677265957693,0.0006907998467795551,0.0019123109996144194
S08_rsbfilm_middeep_default,0,point_cluster_test_0009,point_cluster,1.0041224197769536,36.06154883124865,0.8246023715535824,0.00043522572377696633,0.0019309880008222535
S08_rsbfilm_middeep_default,0,point_cluster_test_0010,point_cluster,0.9991166671377422,31.286489151664227,0.545690691910071,0.0012181871570646763,0.0019088310000370257
S08_rsbfilm_middeep_default,0,point_cluster_test_0011,point_cluster,1.003400988671688,34.89230313343393,0.7361150276705243,0.0007838422898203135,0.001966816998901777
S08_rsbfilm_middeep_default,0,point_cluster_test_0012,point_cluster,1.0035657135502554,33.63928848429164,0.6749026374439454,0.0007662379066459835,0.0019029520008189138
S08_rsbfilm_middeep_default,0,point_cluster_test_0013,point_cluster,0.9963841067972704,32.37634866311427,0.6100762573083528,0.0012076408602297306,0.0018987180010299198
S08_rsbfilm_middeep_default,0,point_cluster_test_0014,point_cluster,0.9913909437327469,34.29930443704343,0.7084376587202745,0.0005944281001575291,0.001910536000650609
S08_rsbfilm_middeep_default,0,point_cluster_test_0015,point_cluster,1.003726475926479,34.379631030769325,0.7117423811026933,0.000697714218404144,0.0019597040009102784
S08_rsbfilm_middeep_default,0,point_cluster_test_0016,point_cluster,0.9998973048557186,31.879142996322145,0.6112948169764161,0.0011529921321198344,0.0019022830019821413
S08_rsbfilm_middeep_default,0,point_cluster_test_0017,point_cluster,1.000995348091373,36.14238816310155,0.8596184811720649,0.00047671463107690215,0.0018988449992320966
S08_rsbfilm_middeep_default,0,point_cluster_test_0018,point_cluster,1.0023491339753527,35.72545375366093,0.7907432910470958,0.0005579111166298389,0.0019556160004867706
S08_rsbfilm_middeep_default,0,point_cluster_test_0019,point_cluster,0.9992682991732339,34.89705523049834,0.735206320074098,0.0005172837991267443,0.001906986002722988
S08_rsbfilm_middeep_default,1,line_test_0000,line,0.9819386549255396,30.92017019017539,0.5289535697371652,0.0013298740377649665,0.0019511210011842195
S08_rsbfilm_middeep_default,1,line_test_0001,line,0.9797200251240263,25.999204506251147,0.2647302492614503,0.0036586394999176264,0.0019145709993608762
S08_rsbfilm_middeep_default,1,line_test_0002,line,0.9787884007108651,30.29541217022833,0.49814065304162847,0.0017978817922994494,0.0018942400020023342
S08_rsbfilm_middeep_default,1,line_test_0003,line,1.0241469043141387,33.80749254294697,0.6865687789190773,0.0013214079663157463,0.0019098390002909582
S08_rsbfilm_middeep_default,1,line_test_0004,line,0.9908409073209706,36.67836715575969,0.8078318340793161,0.0005060459370724857,0.0019173809996573254
S08_rsbfilm_middeep_default,1,line_test_0005,line,0.9899207937712157,32.46100634248913,0.6149623296048593,0.0010011009871959686,0.00190874699910637
S08_rsbfilm_middeep_default,1,line_test_0006,line,0.9799340222875635,31.687073103997005,0.577008271553853,0.001326772733591497,0.001915110999107128
S08_rsbfilm_middeep_default,1,line_test_0007,line,0.9777778278277989,29.88650055039159,0.48107765649120715,0.0014940447872504592,0.0019761359981202986
S08_rsbfilm_middeep_default,1,line_test_0008,line,0.9847195148227476,25.887620659733326,0.2542241219332762,0.003250167006626725,0.0019116180010314565
S08_rsbfilm_middeep_default,1,line_test_0009,line,0.9742650304006355,30.32004871053134,0.4985397162697829,0.0015268282731994987,0.001915380998980254
S08_rsbfilm_middeep_default,1,line_test_0010,line,0.9923490960659878,32.45303043687171,0.614853148393453,0.0011123733129352331,0.0018971979989146348
S08_rsbfilm_middeep_default,1,line_test_0011,line,0.9894062900316765,27.793142667659417,0.34912716991264364,0.0022647222504019737,0.001923080999404192
S08_rsbfilm_middeep_default,1,line_test_0012,line,0.9714951995322556,29.80751292932362,0.4706561732334947,0.0016906457021832466,0.001900238999951398
S08_rsbfilm_middeep_default,1,line_test_0013,line,0.9732845737192752,27.131336894295888,0.34134358573304036,0.0026020770892500877,0.0020004250000056345
S08_rsbfilm_middeep_default,1,line_test_0014,line,0.9927923008508663,34.86137703274599,0.7344441704338736,0.0006223919335752726,0.001969715998711763
S08_rsbfilm_middeep_default,1,line_test_0015,line,1.0040748027630342,35.371435182126994,0.7572049529219413,0.0007755897822789848,0.0019181330026185606
S08_rsbfilm_middeep_default,1,line_test_0016,line,0.9784016581156647,28.29783864698907,0.3839732907637397,0.0023710611276328564,0.001904019998619333
S08_rsbfilm_middeep_default,1,line_test_0017,line,1.0018311043441093,32.08705792525891,0.592650687282477,0.0010070869466289878,0.0019109820023004431
S08_rsbfilm_middeep_default,1,line_test_0018,line,0.9818352987550204,29.44821710021753,0.4457679801585012,0.001874744426459074,0.0019191009996575303
S08_rsbfilm_middeep_default,1,line_test_0019,line,0.9751804399194547,29.410238914277286,0.4509745745975127,0.0016305962344631553,0.001933949999511242
S08_rsbfilm_middeep_default,1,cross_test_0000,cross,0.9859994157731602,32.241597883707904,0.6063097558790546,0.0014459289377555251,0.0019063820000155829
S08_rsbfilm_middeep_default,1,cross_test_0001,cross,0.98389798701103,26.571173446765798,0.2846609154589307,0.003117677289992571,0.0019649570022011176
S08_rsbfilm_middeep_default,1,cross_test_0002,cross,0.9903370387227505,30.40715798976037,0.49911106165086255,0.0014277674490585923,0.001908239002659684
S08_rsbfilm_middeep_default,1,cross_test_0003,cross,0.9779582598605586,27.729697590390128,0.35600310706382515,0.0027976578567177057,0.0019092020011157729
S08_rsbfilm_middeep_default,1,cross_test_0004,cross,0.9839282974155432,27.93605489135784,0.36264475468676993,0.002685033017769456,0.0019437649971223436
S08_rsbfilm_middeep_default,1,cross_test_0005,cross,0.9820079646873332,31.243561838469866,0.5505928211765709,0.0016472501447424293,0.0019134520007355604
S08_rsbfilm_middeep_default,1,cross_test_0006,cross,0.9848663478185906,28.78646966329668,0.4045096004737686,0.0018600629409775138,0.0021760070012533106
S08_rsbfilm_middeep_default,1,cross_test_0007,cross,0.992841155106707,33.96252687574779,0.6928629873310949,0.0008976265671662986,0.0019124159989587497
S08_rsbfilm_middeep_default,1,cross_test_0008,cross,0.971616323656495,28.091085921229606,0.381380116872146,0.002873264020308852,0.0019571069969970267
S08_rsbfilm_middeep_default,1,cross_test_0009,cross,0.9945028867240353,32.90353927081072,0.6388268364430203,0.0009600428165867925,0.0019067059984081425
S08_rsbfilm_middeep_default,1,cross_test_0010,cross,0.9853143675324499,32.11176824842585,0.5980856504341503,0.0013137208297848701,0.0019124220016237814
S08_rsbfilm_middeep_default,1,cross_test_0011,cross,0.984415359856138,27.382375300048505,0.3418122505261379,0.003373551182448864,0.0019607809990702663
S08_rsbfilm_middeep_default,1,cross_test_0012,cross,0.9906565771118401,31.707371515173513,0.5744139618342085,0.0012856851099058986,0.0019069219997618347
S08_rsbfilm_middeep_default,1,cross_test_0013,cross,0.9786924592156825,31.7557780418745,0.5801237939987195,0.0015212515136227012,0.0019048690010095015
S08_rsbfilm_middeep_default,1,cross_test_0014,cross,0.9854584398031402,27.767140976383793,0.3497278962473999,0.0022315699607133865,0.0019176499990862794
S08_rsbfilm_middeep_default,1,L_shape_test_0000,L-shape,0.9852686423385535,26.236627380148995,0.2793161012124493,0.003680882975459099,0.0019839010019495618
S08_rsbfilm_middeep_default,1,L_shape_test_0001,L-shape,0.9820487812580352,27.742123043690377,0.3488311150840131,0.0022782401647418737,0.0018958940017910209
S08_rsbfilm_middeep_default,1,L_shape_test_0002,L-shape,0.977711130993304,27.378815166776654,0.3376416432217025,0.0030772890895605087,0.0019093269984296057
S08_rsbfilm_middeep_default,1,L_shape_test_0003,L-shape,0.9838773503072731,27.55888910261714,0.3391736989486303,0.00274296966381371,0.0019450969994068146
S08_rsbfilm_middeep_default,1,L_shape_test_0004,L-shape,0.9857768002238912,25.842598884978617,0.2515612153539867,0.0037071893457323313,0.001983861999178771
S08_rsbfilm_middeep_default,1,L_shape_test_0005,L-shape,0.9837558777040142,27.21084607952791,0.3227969879296797,0.002792339539155364,0.001914426000439562
S08_rsbfilm_middeep_default,1,L_shape_test_0006,L-shape,0.9903692272415466,31.20310912962905,0.5437372142514466,0.0012423634761944413,0.0018875739988288842
S08_rsbfilm_middeep_default,1,L_shape_test_0007,L-shape,0.9814102705490868,27.081015401430374,0.31482052723112397,0.0030157952569425106,0.0019730370004253928
S08_rsbfilm_middeep_default,1,L_shape_test_0008,L-shape,0.9832152590735658,30.547922427938687,0.5085928227403933,0.001450656447559595,0.0019142029996146448
S08_rsbfilm_middeep_default,1,L_shape_test_0009,L-shape,0.9714296150065592,26.52912653145148,0.29389475198478293,0.0034460744354873896,0.001952055001311237
S08_rsbfilm_middeep_default,1,L_shape_test_0010,L-shape,0.982346958564229,30.679803187750444,0.5174113035054602,0.001463643740862608,0.0019822280009975657
S08_rsbfilm_middeep_default,1,L_shape_test_0011,L-shape,0.9903996078448075,33.42173902591635,0.6652892863552434,0.0008301964844577014,0.0019150760017510038
S08_rsbfilm_middeep_default,1,L_shape_test_0012,L-shape,0.9838244279047855,26.829163186060914,0.3007889493024819,0.0029034381732344627,0.0019212010010960512
S08_rsbfilm_middeep_default,1,L_shape_test_0013,L-shape,0.9882805547689472,27.31339077626824,0.32220277302229255,0.002780140843242407,0.001972616999410093
S08_rsbfilm_middeep_default,1,L_shape_test_0014,L-shape,0.9921675939441768,32.22694764738292,0.6020907887346012,0.0011839353246614337,0.0019740749994525686
S08_rsbfilm_middeep_default,1,L_shape_test_0015,L-shape,0.9804369577197131,25.951426740568646,0.2603527278231963,0.003459412371739745,0.0019084699997620191
S08_rsbfilm_middeep_default,1,L_shape_test_0016,L-shape,0.9836328805736066,27.48242360198673,0.33382476965740904,0.002695100149139762,0.001958117001777282
S08_rsbfilm_middeep_default,1,L_shape_test_0017,L-shape,0.9815423563351297,26.381031019398176,0.28239439004821554,0.0034761650022119284,0.001962471000297228
S08_rsbfilm_middeep_default,1,L_shape_test_0018,L-shape,0.987798278146869,26.252970733508683,0.26726022255568044,0.003387430217117071,0.0019026469999516848
S08_rsbfilm_middeep_default,1,L_shape_test_0019,L-shape,0.9869668628286654,33.386982646466066,0.6655324616208455,0.0010678471298888326,0.001918688001751434
S08_rsbfilm_middeep_default,1,double_line_test_0000,double-line,0.9857735204915339,26.294795105958833,0.27123060755495426,0.003019428811967373,0.0019081800019193906
S08_rsbfilm_middeep_default,1,double_line_test_0001,double-line,0.9859289060487095,26.698654284606373,0.306921460761392,0.0037458513397723436,0.0018976959981955588
S08_rsbfilm_middeep_default,1,double_line_test_0002,double-line,0.9969463837370376,31.25911320092735,0.5451829116001032,0.0012044248869642615,0.001911373998154886
S08_rsbfilm_middeep_default,1,double_line_test_0003,double-line,0.9785294571049136,25.721549333018988,0.244219156256481,0.0038047735579311848,0.0019223139970563352
S08_rsbfilm_middeep_default,1,double_line_test_0004,double-line,0.9722890537837352,26.017169452413075,0.2670193466682452,0.0038477464113384485,0.0019677529999171384
S08_rsbfilm_middeep_default,1,double_line_test_0005,double-line,0.9946139935451457,26.017752274224605,0.2527123496545891,0.0033310865983366966,0.001914460000989493
S08_rsbfilm_middeep_default,1,double_line_test_0006,double-line,0.9763892676123822,25.406546280021733,0.24724803478471863,0.004429146181792021,0.00189482000132557
S08_rsbfilm_middeep_default,1,double_line_test_0007,double-line,0.9794984931184713,32.032369253672066,0.5938664093859177,0.001336313085630536,0.0019038140017073601
S08_rsbfilm_middeep_default,1,double_line_test_0008,double-line,0.9892925591073155,28.41424645899409,0.38665059503738336,0.0023249294608831406,0.001910078997752862
S08_rsbfilm_middeep_default,1,double_line_test_0009,double-line,0.976174275743,28.074778535709314,0.36720679542381357,0.0024030515924096107,0.0020594950001395773
S08_rsbfilm_middeep_default,1,double_line_test_0010,double-line,0.9830168092417908,26.41493394765234,0.2808428523860466,0.0032898574136197567,0.0018970570017700084
S08_rsbfilm_middeep_default,1,double_line_test_0011,double-line,0.9868045222068403,28.03988692299367,0.3602223819484936,0.002319713355973363,0.0019620329985627905
S08_rsbfilm_middeep_default,1,double_line_test_0012,double-line,0.9832378356156798,30.722189185482836,0.5162817784148251,0.0014561543939635158,0.001923421001265524
S08_rsbfilm_middeep_default,1,double_line_test_0013,double-line,0.9833653334546604,25.085249921281893,0.21422569458275773,0.004291635472327471,0.0018927599994640332
S08_rsbfilm_middeep_default,1,double_line_test_0014,double-line,0.9807225281177153,25.862506460032762,0.26165779870257605,0.004123265389353037,0.0019116930016025435
S08_rsbfilm_middeep_default,1,small_rect_edge_test_0000,small_rect_edge,0.9813465303604363,29.97064433576616,0.47616412497347427,0.0014513700734823942,0.0019374080002307892
S08_rsbfilm_middeep_default,1,small_rect_edge_test_0001,small_rect_edge,0.9827960153189795,30.872535567835328,0.5281956921499744,0.001470319926738739,0.0019705339982465375
S08_rsbfilm_middeep_default,1,small_rect_edge_test_0002,small_rect_edge,0.9946216615241584,27.74525986323813,0.3446398354464253,0.0021737413480877876,0.0019072640025115106
S08_rsbfilm_middeep_default,1,small_rect_edge_test_0003,small_rect_edge,0.9736263160041362,30.62525537753698,0.5158141127381577,0.0015316669596359134,0.0019366730011824984
S08_rsbfilm_middeep_default,1,small_rect_edge_test_0004,small_rect_edge,0.993399242180968,29.18011881694996,0.43746810287650983,0.002415264258161187,0.001912596999318339
S08_rsbfilm_middeep_default,1,small_rect_edge_test_0005,small_rect_edge,0.995255286505238,29.4823727634608,0.4585326459558096,0.0018619097536429763,0.0019040420011151582
S08_rsbfilm_middeep_default,1,small_rect_edge_test_0006,small_rect_edge,0.9845610823645706,30.03274480976698,0.4784855954099576,0.0016102780355140567,0.0019182050018571317
S08_rsbfilm_middeep_default,1,small_rect_edge_test_0007,small_rect_edge,0.998640243026794,29.083590479175157,0.4186413172360733,0.0017047518631443381,0.0020699240012618247
S08_rsbfilm_middeep_default,1,small_rect_edge_test_0008,small_rect_edge,1.0107745136952129,28.375634306833092,0.38584187345422133,0.0025695492513477802,0.001934444000653457
S08_rsbfilm_middeep_default,1,small_rect_edge_test_0009,small_rect_edge,0.9878569704899051,30.948872185176903,0.5303014215151244,0.0013337816344574094,0.0019021179978153668
S08_rsbfilm_middeep_default,1,point_cluster_test_0000,point_cluster,1.0013357103482887,32.91252736477846,0.6867169498467084,0.0010362186003476381,0.0019654649986478034
S08_rsbfilm_middeep_default,1,point_cluster_test_0001,point_cluster,0.9803938959486657,31.757162181847946,0.5814381551373239,0.0015686569968238473,0.0018999599997187033
S08_rsbfilm_middeep_default,1,point_cluster_test_0002,point_cluster,1.0090487949483906,35.56651727174983,0.7648455317431149,0.0008538092952221632,0.0018907480007328559
S08_rsbfilm_middeep_default,1,point_cluster_test_0003,point_cluster,1.0088796323305822,35.82569711820719,0.7752137531840775,0.0007405777578242123,0.0019204529999115039
S08_rsbfilm_middeep_default,1,point_cluster_test_0004,point_cluster,1.0017275046880416,31.410893603726855,0.5579027203781912,0.0016501805512234569,0.001968791999388486
S08_rsbfilm_middeep_default,1,point_cluster_test_0005,point_cluster,0.997833654770188,31.375369835736784,0.5557653039224889,0.001545588718727231,0.0019071130009251647
S08_rsbfilm_middeep_default,1,point_cluster_test_0006,point_cluster,0.9983389283113523,35.075200742786535,0.7723990416054968,0.0007769747171550989,0.001943932002177462
S08_rsbfilm_middeep_default,1,point_cluster_test_0007,point_cluster,1.012882979964008,35.55252008501155,0.7905931545850018,0.000870719610247761,0.0019412389992794488
S08_rsbfilm_middeep_default,1,point_cluster_test_0008,point_cluster,1.0074481253022776,34.71781454957159,0.7284258814246451,0.0009551148395985365,0.0019139479991281405
S08_rsbfilm_middeep_default,1,point_cluster_test_0009,point_cluster,1.0019979537214443,36.07074732108814,0.8253341320936354,0.000636368989944458,0.0019033739990845788
S08_rsbfilm_middeep_default,1,point_cluster_test_0010,point_cluster,0.9993619240898174,31.285423203393442,0.5482434051915281,0.00149351148866117,0.0018966380011988804
S08_rsbfilm_middeep_default,1,point_cluster_test_0011,point_cluster,1.0131603335430837,34.850266682963,0.7347881975725286,0.0010750431101769209,0.0019691970010171644
S08_rsbfilm_middeep_default,1,point_cluster_test_0012,point_cluster,1.0092083258077338,33.61493837940256,0.6773114868954162,0.0012417254038155079,0.0019193299995095003
S08_rsbfilm_middeep_default,1,point_cluster_test_0013,point_cluster,1.0471725796585813,32.16043390055591,0.5966816391365104,0.0018770686583593488,0.0019394549999560695
S08_rsbfilm_middeep_default,1,point_cluster_test_0014,point_cluster,1.022050595299249,34.16702984456646,0.7014889536124597,0.0008908577729016542,0.0019482179995975457
S08_rsbfilm_middeep_default,1,point_cluster_test_0015,point_cluster,1.0325757946769787,34.25656523841093,0.7061229239871712,0.0010519912466406822,0.0019097350013907999
S08_rsbfilm_middeep_default,1,point_cluster_test_0016,point_cluster,0.9931439225380494,31.908574850154274,0.6154848956920833,0.0013579545775428414,0.0019190150014765095
S08_rsbfilm_middeep_default,1,point_cluster_test_0017,point_cluster,1.0288429549920022,36.02321767197383,0.855809153028244,0.0007037147879600525,0.001971697001863504
S08_rsbfilm_middeep_default,1,point_cluster_test_0018,point_cluster,1.0292870879607614,35.610278501160664,0.7868679352885037,0.0009201685315929353,0.0019688600004883483
S08_rsbfilm_middeep_default,1,point_cluster_test_0019,point_cluster,0.9920856241116306,34.92838479376849,0.7378879382907628,0.0007471237913705409,0.0019106289983028546
S08_rsbfilm_middeep_default,2,line_test_0000,line,1.0075991010353016,30.808135986452566,0.5245619972849519,0.0021096186246722937,0.0019103740014543291
S08_rsbfilm_middeep_default,2,line_test_0001,line,0.9910755452824259,25.94915673961936,0.2693580196370681,0.0046853297390043736,0.0019474959990475327
S08_rsbfilm_middeep_default,2,line_test_0002,line,0.991448837105519,30.23959705419445,0.49664168064648384,0.002670011017471552,0.0019227969969506375
S08_rsbfilm_middeep_default,2,line_test_0003,line,1.0794415367838226,33.57912389076799,0.6627472599781671,0.002340226899832487,0.00200089999998454
S08_rsbfilm_middeep_default,2,line_test_0004,line,1.0785857802897398,36.30985952481704,0.7904290589290065,0.0012658354826271534,0.0019253089994890615
S08_rsbfilm_middeep_default,2,line_test_0005,line,1.0211402760241302,32.326156639565056,0.606788535578683,0.0018903031013906002,0.0019406709980103187
S08_rsbfilm_middeep_default,2,line_test_0006,line,1.0277157235913612,31.48031142023276,0.5594472025784286,0.0023124481085687876,0.0019445539983280469
S08_rsbfilm_middeep_default,2,line_test_0007,line,1.0012069351953434,29.78366388897286,0.4765924184113252,0.0023891718592494726,0.001912525996885961
S08_rsbfilm_middeep_default,2,line_test_0008,line,0.9920319178676282,25.855489621987893,0.26057848839791387,0.004138801712542772,0.0019667609994939994
S08_rsbfilm_middeep_default,2,line_test_0009,line,1.0034325061997353,30.191938097625698,0.4903453862517147,0.0023796381428837776,0.0019125010003335774
S08_rsbfilm_middeep_default,2,line_test_0010,line,1.0228462518758656,32.321571883079514,0.6069781007379029,0.001993437996134162,0.0019638669982668944
S08_rsbfilm_middeep_default,2,line_test_0011,line,1.0068090571489288,27.71741817996879,0.34929032098969204,0.003087358782067895,0.0019027369999093935
S08_rsbfilm_middeep_default,2,line_test_0012,line,1.0079969753199645,29.647327333785448,0.458322730345436,0.002628420712426305,0.0019542750014807098
S08_rsbfilm_middeep_default,2,line_test_0013,line,0.985934889514238,27.07525304627689,0.3435915228348262,0.0034992459695786238,0.0019489939986669924
S08_rsbfilm_middeep_default,2,line_test_0014,line,1.0505945510056445,34.61560933539071,0.7209958887526968,0.0013994001783430576,0.001906109999254113
S08_rsbfilm_middeep_default,2,line_test_0015,line,1.0749912000220165,35.07504662130823,0.7379578478796454,0.0016607200959697366,0.0019094109993602615
S08_rsbfilm_middeep_default,2,line_test_0016,line,0.9950236824803903,28.224676173668662,0.38273067208438755,0.003303531790152192,0.0019168760009051766
S08_rsbfilm_middeep_default,2,line_test_0017,line,1.0400810133756009,31.92433118709214,0.5832611416319166,0.0017538880929350853,0.0019414119997236412
S08_rsbfilm_middeep_default,2,line_test_0018,line,0.9955267984073662,29.38807397967431,0.4468328899771542,0.002786194207146764,0.0018899540009442717
S08_rsbfilm_middeep_default,2,line_test_0019,line,0.9903366957251382,29.343259882741158,0.45121374534074915,0.0025919596664607525,0.001956479998625582
S08_rsbfilm_middeep_default,2,cross_test_0000,cross,1.0273895881587891,32.06301298189377,0.5909916627615108,0.0024194633588194847,0.0019596590027504135
S08_rsbfilm_middeep_default,2,cross_test_0001,cross,0.9900730984518199,26.54400152983046,0.2932591946854511,0.004025643225759268,0.0019494129992381204
S08_rsbfilm_middeep_default,2,cross_test_0002,cross,1.0142957861567314,30.30334217023718,0.49398682562540386,0.00223775883205235,0.0019301880020066164
S08_rsbfilm_middeep_default,2,cross_test_0003,cross,0.9871193851057762,27.689204118221333,0.35774508984607745,0.0035240754950791597,0.0019110100001853425
S08_rsbfilm_middeep_default,2,cross_test_0004,cross,0.995735550086479,27.88424907675955,0.36308623408638335,0.003457515500485897,0.001985277998755919
S08_rsbfilm_middeep_default,2,cross_test_0005,cross,1.013130810253093,31.108056454659582,0.5390990095525392,0.0026516455691307783,0.0019044920009037014
S08_rsbfilm_middeep_default,2,cross_test_0006,cross,0.9952628019693467,28.740864820363655,0.40871940126753953,0.002659378806129098,0.0019060289996559732
S08_rsbfilm_middeep_default,2,cross_test_0007,cross,1.0443592360064806,33.74282538609423,0.6792326322706667,0.0016593722393736243,0.0019514350024110172
S08_rsbfilm_middeep_default,2,cross_test_0008,cross,0.9964920439570316,27.98129568810564,0.3721981333938107,0.003831041045486927,0.001897837999422336
S08_rsbfilm_middeep_default,2,cross_test_0009,cross,1.0331714550686957,32.7378756338544,0.6275051458676993,0.0017817391781136394,0.0019081270002061501
S08_rsbfilm_middeep_default,2,cross_test_0010,cross,1.0232606339955277,31.947654037745195,0.5851826999262209,0.00235383422113955,0.0019749839993892238
S08_rsbfilm_middeep_default,2,cross_test_0011,cross,0.9942013943325775,27.339415475785806,0.3412587670268263,0.004288958851248026,0.0019663320017571095
S08_rsbfilm_middeep_default,2,cross_test_0012,cross,1.0179794617642977,31.589212861920437,0.567006896803163,0.002068836474791169,0.0019105530009255745
S08_rsbfilm_middeep_default,2,cross_test_0013,cross,1.013258580609212,31.605037565503217,0.567726592289747,0.0024749641306698322,0.0019631849972938653
S08_rsbfilm_middeep_default,2,cross_test_0014,cross,1.0005478728498736,27.701145413139546,0.35059538574811494,0.003132920479401946,0.001932761002535699
S08_rsbfilm_middeep_default,2,L_shape_test_0000,L-shape,0.9946678209376911,26.195393450699168,0.2806723449886664,0.004645140841603279,0.0019064679981966037
S08_rsbfilm_middeep_default,2,L_shape_test_0001,L-shape,0.9837576270060859,27.734572518240228,0.3589701045603311,0.003172242548316717,0.0018839429976651445
S08_rsbfilm_middeep_default,2,L_shape_test_0002,L-shape,0.9871019439076779,27.337300781638582,0.34088564234695157,0.004187590908259153,0.001907370999106206
S08_rsbfilm_middeep_default,2,L_shape_test_0003,L-shape,0.9966002517930375,27.503088954067266,0.34216064596222756,0.003698494052514434,0.0019062690007558558
S08_rsbfilm_middeep_default,2,L_shape_test_0004,L-shape,0.992571948381787,25.81276511538303,0.2587379862626562,0.004655064083635807,0.0019032449999940582
S08_rsbfilm_middeep_default,2,L_shape_test_0005,L-shape,0.9956177603888756,27.15879322660511,0.32518837590902505,0.0037331925705075264,0.0018980899985763244
S08_rsbfilm_middeep_default,2,L_shape_test_0006,L-shape,1.0104304154066894,31.11601644732206,0.5413461024476081,0.0020407552365213633,0.0019359229991096072
S08_rsbfilm_middeep_default,2,L_shape_test_0007,L-shape,0.9907802591909587,27.039747824276624,0.3199871540942058,0.0038881804794073105,0.0019146640006511007
S08_rsbfilm_middeep_default,2,L_shape_test_0008,L-shape,1.012516492254849,30.420387342953873,0.5007583350143414,0.0023737389128655195,0.0019026870031666476
S08_rsbfilm_middeep_default,2,L_shape_test_0009,L-shape,0.9836491128376774,26.47483762760514,0.29856747525129534,0.004685493651777506,0.0019165600024280138
S08_rsbfilm_middeep_default,2,L_shape_test_0010,L-shape,1.0039537360260615,30.585315114650204,0.5129176502137681,0.002269044518470764,0.0019435329995758366
S08_rsbfilm_middeep_default,2,L_shape_test_0011,L-shape,1.0375556350426687,33.219729684580706,0.6532922897940994,0.0016274717636406422,0.001962457001354778
S08_rsbfilm_middeep_default,2,L_shape_test_0012,L-shape,1.0007322415401232,26.75516027993053,0.29993611423962885,0.0037054906133562326,0.0018895499997597653
S08_rsbfilm_middeep_default,2,L_shape_test_0013,L-shape,0.999288450711015,27.265284609416277,0.3262332903519823,0.00359466765075922,0.0019468799982860219
S08_rsbfilm_middeep_default,2,L_shape_test_0014,L-shape,1.0221348767182061,32.097715966069856,0.5946171903629136,0.0020034383051097393,0.0019047550013056025
S08_rsbfilm_middeep_default,2,L_shape_test_0015,L-shape,0.9871549435466949,25.92177037692458,0.2674731058707092,0.004419184755533934,0.0018994240017491393
S08_rsbfilm_middeep_default,2,L_shape_test_0016,L-shape,0.9964653747419153,27.426131875046313,0.3366777633873314,0.003538575954735279,0.0019348389978404157
S08_rsbfilm_middeep_default,2,L_shape_test_0017,L-shape,0.9920761279360181,26.334671527892908,0.2863817584032488,0.004445877391844988,0.0019170729974575806
S08_rsbfilm_middeep_default,2,L_shape_test_0018,L-shape,0.9958905069179674,26.217537519364818,0.27432099739480575,0.004297511652112007,0.0019839050000882708
S08_rsbfilm_middeep_default,2,L_shape_test_0019,L-shape,1.0350752037423898,33.180289217402915,0.6496214357557829,0.0020227686036378145,0.0018959929984703194
S08_rsbfilm_middeep_default,2,double_line_test_0000,double-line,0.9942063963757338,26.257801090104508,0.27829999899298136,0.003916129935532808,0.0019204980017093476
S08_rsbfilm_middeep_default,2,double_line_test_0001,double-line,0.9988703332071455,26.64201946585004,0.30442172310053894,0.004611003678292036,0.001899017999676289
S08_rsbfilm_middeep_default,2,double_line_test_0002,double-line,1.0308730943733244,31.11377899106384,0.5379184003596859,0.0019295512465760112,0.0019439669995335862
S08_rsbfilm_middeep_default,2,double_line_test_0003,double-line,0.9837772407103131,25.698320619371636,0.254433595063234,0.004741298034787178,0.0018974839986185543
S08_rsbfilm_middeep_default,2,double_line_test_0004,double-line,0.9875676495302591,25.94945471665083,0.26679806284653224,0.004680866841226816,0.0019501390015648212
S08_rsbfilm_middeep_default,2,double_line_test_0005,double-line,1.006760045908073,25.96503799978653,0.2547872436284523,0.003999950364232063,0.0019049779984925408
S08_rsbfilm_middeep_default,2,double_line_test_0006,double-line,0.9866045612947948,25.36134484582497,0.25361372413464456,0.005450934171676636,0.0019141749980917666
S08_rsbfilm_middeep_default,2,double_line_test_0007,double-line,1.0153554949704013,31.87622543094215,0.5820915848988738,0.0024069580249488354,0.0019166240017511882
S08_rsbfilm_middeep_default,2,double_line_test_0008,double-line,1.0005634348320849,28.365047672587163,0.388653855001797,0.0034773668739944696,0.0019145910009683575
S08_rsbfilm_middeep_default,2,double_line_test_0009,double-line,0.9916211656412096,28.006594279904636,0.3698806672049202,0.0033885305747389793,0.0019290529999125283
S08_rsbfilm_middeep_default,2,double_line_test_0010,double-line,0.9959789160580816,26.3580418606345,0.2822123715581033,0.0040906453505158424,0.0019031179981539026
S08_rsbfilm_middeep_default,2,double_line_test_0011,double-line,0.9988623302565858,27.987141823483658,0.36425421891115173,0.003118937136605382,0.0019938219993491657
S08_rsbfilm_middeep_default,2,double_line_test_0012,double-line,0.992688761387631,30.680644033651006,0.5205514930818667,0.0023269830271601677,0.0019048430003749672
S08_rsbfilm_middeep_default,2,double_line_test_0013,double-line,0.9907308454332653,25.052842113365934,0.22174659118484707,0.005189921241253614,0.0019136330010951497
S08_rsbfilm_middeep_default,2,double_line_test_0014,double-line,0.9929223141358252,25.80881522589145,0.263380652824462,0.005130627192556858,0.0019265930022811517
S08_rsbfilm_middeep_default,2,small_rect_edge_test_0000,small_rect_edge,1.0070076257319802,29.858540379054936,0.47039745894273904,0.0022700827103108168,0.001904398999613477
S08_rsbfilm_middeep_default,2,small_rect_edge_test_0001,small_rect_edge,1.0052261534781783,30.77453149621221,0.5231631251758901,0.002425719518214464,0.001933147999807261
S08_rsbfilm_middeep_default,2,small_rect_edge_test_0002,small_rect_edge,1.0072658644327084,27.69039781097003,0.34717058560393255,0.0030114452820271254,0.0019877960003213957
S08_rsbfilm_middeep_default,2,small_rect_edge_test_0003,small_rect_edge,0.9980799521185648,30.517525149925348,0.5095220020963401,0.0025978160556405783,0.0019306960020912811
S08_rsbfilm_middeep_default,2,small_rect_edge_test_0004,small_rect_edge,1.001948508755236,29.142902997732143,0.4343788597862281,0.003325666533783078,0.0019106720028503332
S08_rsbfilm_middeep_default,2,small_rect_edge_test_0005,small_rect_edge,1.0166346480373318,29.39006856065377,0.4520064084063189,0.0026758965104818344,0.00189948099796311
S08_rsbfilm_middeep_default,2,small_rect_edge_test_0006,small_rect_edge,1.0117001314446235,29.91465375076073,0.47166041954053534,0.0025106261018663645,0.0019151960004819557
S08_rsbfilm_middeep_default,2,small_rect_edge_test_0007,small_rect_edge,1.0179204075231332,29.00054297539625,0.41748925164077416,0.002416584175080061,0.0018996409999090247
S08_rsbfilm_middeep_default,2,small_rect_edge_test_0008,small_rect_edge,1.0229932598964624,28.323449091490062,0.38163755195382426,0.0035495709162205458,0.001945728999999119
S08_rsbfilm_middeep_default,2,small_rect_edge_test_0009,small_rect_edge,1.0161136878969521,30.82638970509368,0.5234460879043006,0.0021869405172765255,0.0018913080020865891
S08_rsbfilm_middeep_default,2,point_cluster_test_0000,point_cluster,1.050223613419518,32.70550665679194,0.6718584327347807,0.001947621232829988,0.0019740229981835
S08_rsbfilm_middeep_default,2,point_cluster_test_0001,point_cluster,1.0082121967495994,31.635648782915577,0.572295861175468,0.0023251445963978767,0.0018993529993167613
S08_rsbfilm_middeep_default,2,point_cluster_test_0002,point_cluster,1.085971891163875,35.247453063877025,0.7442405929493807,0.0017017816426232457,0.001934290998178767
S08_rsbfilm_middeep_default,2,point_cluster_test_0003,point_cluster,1.0953730992081814,35.46847016782514,0.7525005132052313,0.0017182482406497002,0.0018976970022777095
S08_rsbfilm_middeep_default,2,point_cluster_test_0004,point_cluster,1.0177448891384513,31.342000106900247,0.553913320791014,0.0024598559830337763,0.0019142499986628536
S08_rsbfilm_middeep_default,2,point_cluster_test_0005,point_cluster,1.0286192270318955,31.243404983343673,0.5451373303108572,0.0024108693469315767,0.001999723997869296
S08_rsbfilm_middeep_default,2,point_cluster_test_0006,point_cluster,1.086694482180626,34.70690632066884,0.74960783168069,0.001718444167636335,0.001916522000101395
S08_rsbfilm_middeep_default,2,point_cluster_test_0007,point_cluster,1.1062504319371063,35.16957844889398,0.7658866522653395,0.0017925238935276866,0.0020075699976587202
S08_rsbfilm_middeep_default,2,point_cluster_test_0008,point_cluster,1.0459268450913721,34.55502832935833,0.7156646296873648,0.001811214373447001,0.0018966610005008988
S08_rsbfilm_middeep_default,2,point_cluster_test_0009,point_cluster,1.1351396060883054,35.52892282564878,0.799456747101843,0.0014778031036257744,0.0019122999983665068
S08_rsbfilm_middeep_default,2,point_cluster_test_0010,point_cluster,1.0249745914352792,31.175520416938134,0.5422088166722692,0.00230010156519711,0.001900655999634182
S08_rsbfilm_middeep_default,2,point_cluster_test_0011,point_cluster,1.0582644857515702,34.661106053972716,0.7167774496587033,0.0020194784738123417,0.0019266810013505165
S08_rsbfilm_middeep_default,2,point_cluster_test_0012,point_cluster,1.067412943942521,33.37142179704942,0.6580353607461761,0.002030159579589963,0.0019455339970591012
S08_rsbfilm_middeep_default,2,point_cluster_test_0013,point_cluster,1.0710112668170488,32.062676002427274,0.5829361146507555,0.0027791063766926527,0.0019101119978586212
S08_rsbfilm_middeep_default,2,point_cluster_test_0014,point_cluster,1.0660814778383993,33.98385004631077,0.688065270391686,0.0017071581678465009,0.0019482550014799926
S08_rsbfilm_middeep_default,2,point_cluster_test_0015,point_cluster,1.0800899524951182,34.06118551547286,0.6913123726410023,0.0018172510899603367,0.0019042630010517314
S08_rsbfilm_middeep_default,2,point_cluster_test_0016,point_cluster,1.0264611355897413,31.765271644950182,0.6050724645925735,0.002273781457915902,0.001932156999828294
S08_rsbfilm_middeep_default,2,point_cluster_test_0017,point_cluster,1.1909882868246,35.38763371107676,0.8281781581471025,0.001540955388918519,0.0019071309980063234
S08_rsbfilm_middeep_default,2,point_cluster_test_0018,point_cluster,1.1136151917183934,35.26829229727319,0.7627200324732554,0.0018485212931409478,0.0021332220021577086
S08_rsbfilm_middeep_default,2,point_cluster_test_0019,point_cluster,1.0490633399149294,34.685859233572664,0.7223843442138042,0.0016323907766491175,0.001939285000844393
S09_concat_Mshell_delta_Pcyc_sincos,0,line_test_0000,line,0.9923292282892662,30.874455763429168,0.5216781112336565,0.001128427335061133,0.00330250000115484
S09_concat_Mshell_delta_Pcyc_sincos,0,line_test_0001,line,0.9922163713488062,25.944160365971822,0.2485638800222528,0.003187294118106365,0.0010026720010500867
S09_concat_Mshell_delta_Pcyc_sincos,0,line_test_0002,line,0.9874828153874794,30.25700475457352,0.4877213164979376,0.0013416650472208858,0.0010177160002058372
S09_concat_Mshell_delta_Pcyc_sincos,0,line_test_0003,line,0.9869941770861773,33.967969432774105,0.6930089230616083,0.0006782387499697506,0.0009643529992899857
S09_concat_Mshell_delta_Pcyc_sincos,0,line_test_0004,line,0.9967157668558585,36.652693178066414,0.8063653917142807,0.0003643241070676595,0.000970971002971055
S09_concat_Mshell_delta_Pcyc_sincos,0,line_test_0005,line,0.9963464156201465,32.43290729895812,0.6106630201795428,0.0007373172556981444,0.0009741880021465477
S09_concat_Mshell_delta_Pcyc_sincos,0,line_test_0006,line,0.9863129644508901,31.658893704865502,0.5693772348308553,0.0009192606084980071,0.0009664079989306629
S09_concat_Mshell_delta_Pcyc_sincos,0,line_test_0007,line,0.9955054563243538,29.80846593399458,0.4690088242560146,0.001230464200489223,0.0009742990005179308
S09_concat_Mshell_delta_Pcyc_sincos,0,line_test_0008,line,0.9984477693628505,25.827492536624277,0.23984330500188483,0.002913167467340827,0.000977114999841433
S09_concat_Mshell_delta_Pcyc_sincos,0,line_test_0009,line,0.9929524444288055,30.23753529294744,0.48516813539732206,0.0012066939380019903,0.0009856340002443176
S09_concat_Mshell_delta_Pcyc_sincos,0,line_test_0010,line,0.9915110854407092,32.45669943029882,0.6125836720592257,0.0008196647395379841,0.0009934150002663955
S09_concat_Mshell_delta_Pcyc_sincos,0,line_test_0011,line,0.9964685443388612,27.762253534617884,0.3413174651463292,0.002008117036893964,0.000966787996731
S09_concat_Mshell_delta_Pcyc_sincos,0,line_test_0012,line,0.9867757447542849,29.739734948722724,0.4580065683391712,0.0013547911075875163,0.0009521219981252216
S09_concat_Mshell_delta_Pcyc_sincos,0,line_test_0013,line,0.9954044681028366,27.033739552132538,0.32132020287405155,0.0022376547567546368,0.0009775470025488175
S09_concat_Mshell_delta_Pcyc_sincos,0,line_test_0014,line,0.9989657884712166,34.83445467147524,0.7320665327218737,0.0004545390547718853,0.0009809050025069155
S09_concat_Mshell_delta_Pcyc_sincos,0,line_test_0015,line,0.9994938036880396,35.39129466197545,0.7568178981478759,0.0004591307952068746,0.0009764889982761815
S09_concat_Mshell_delta_Pcyc_sincos,0,line_test_0016,line,0.9912290488064875,28.241270363517774,0.36965878079553255,0.001929289661347866,0.0009932989996741526
S09_concat_Mshell_delta_Pcyc_sincos,0,line_test_0017,line,1.000783737245294,32.091600416806806,0.5911725055042744,0.000764161697588861,0.0009634540001570713
S09_concat_Mshell_delta_Pcyc_sincos,0,line_test_0018,line,0.9944518651820752,29.392765637502517,0.4339675198079286,0.0015166153898462653,0.0009722830000100657
S09_concat_Mshell_delta_Pcyc_sincos,0,line_test_0019,line,0.9931784974464283,29.330815728674995,0.43792793926887136,0.001350642298348248,0.0009847140026977286
S09_concat_Mshell_delta_Pcyc_sincos,0,cross_test_0000,cross,0.9918947945124357,32.21570830271207,0.5993142876219838,0.0009454301907680929,0.0009914699985529296
S09_concat_Mshell_delta_Pcyc_sincos,0,cross_test_0001,cross,0.9962484564532583,26.51699765239634,0.27184929211187414,0.0028298492543399334,0.0009738999979163054
S09_concat_Mshell_delta_Pcyc_sincos,0,cross_test_0002,cross,0.998502371938428,30.371497161098805,0.4916315927630773,0.0010908471886068583,0.0009763679991010576
S09_concat_Mshell_delta_Pcyc_sincos,0,cross_test_0003,cross,0.9950687602388748,27.65436985222661,0.33527784981828557,0.0022406827192753553,0.0009841499995673075
S09_concat_Mshell_delta_Pcyc_sincos,0,cross_test_0004,cross,0.9939948773256994,27.89184802982441,0.347826656612639,0.00218112301081419,0.0009729189987410791
S09_concat_Mshell_delta_Pcyc_sincos,0,cross_test_0005,cross,0.9947658615169636,31.187503125958905,0.5399792838128347,0.0010767624480649829,0.0009714480002003256
S09_concat_Mshell_delta_Pcyc_sincos,0,cross_test_0006,cross,0.9978423655737315,28.729623045286633,0.394318217653274,0.0016647643642500043,0.0009859140009211842
S09_concat_Mshell_delta_Pcyc_sincos,0,cross_test_0007,cross,0.9988304118502379,33.93640701642144,0.689337026859065,0.000615437631495297,0.000972803001786815
S09_concat_Mshell_delta_Pcyc_sincos,0,cross_test_0008,cross,0.9877391701833309,28.01961115864674,0.3584300211031494,0.002181443152949214,0.0009643270022934303
S09_concat_Mshell_delta_Pcyc_sincos,0,cross_test_0009,cross,0.9997264764746274,32.880787410871065,0.6349473921588,0.0006611639983020723,0.0009701269991637673
S09_concat_Mshell_delta_Pcyc_sincos,0,cross_test_0010,cross,0.9917737510153297,32.08339042876416,0.5919415426192406,0.0009102299809455872,0.0009712289975141175
S09_concat_Mshell_delta_Pcyc_sincos,0,cross_test_0011,cross,0.9939015138758999,27.340725623463573,0.31949354107698674,0.002505874028429389,0.0009708739999041427
S09_concat_Mshell_delta_Pcyc_sincos,0,cross_test_0012,cross,0.9969949849246964,31.67967306503374,0.5683234730606074,0.0009388872422277927,0.0010073220000776928
S09_concat_Mshell_delta_Pcyc_sincos,0,cross_test_0013,cross,0.9931540847333832,31.6920744374723,0.5697539584440577,0.0010486936662346125,0.0009800419975363184
S09_concat_Mshell_delta_Pcyc_sincos,0,cross_test_0014,cross,0.9977777730797721,27.713185924450848,0.3381574562754537,0.001948380027897656,0.0009750700010044966
S09_concat_Mshell_delta_Pcyc_sincos,0,L_shape_test_0000,L-shape,0.9911514013786034,26.21077404385869,0.2629626552231254,0.0029334386344999075,0.00099519200011855
S09_concat_Mshell_delta_Pcyc_sincos,0,L_shape_test_0001,L-shape,0.9921358936398391,27.6977421226229,0.3391152531991983,0.002028653398156166,0.0009720969974296167
S09_concat_Mshell_delta_Pcyc_sincos,0,L_shape_test_0002,L-shape,0.991772415608352,27.31680062306826,0.31815003164308026,0.0024074262473732233,0.0009955629975593183
S09_concat_Mshell_delta_Pcyc_sincos,0,L_shape_test_0003,L-shape,0.9941669742503646,27.51370546489793,0.32636714018325486,0.0023414273746311665,0.0010063039990200195
S09_concat_Mshell_delta_Pcyc_sincos,0,L_shape_test_0004,L-shape,0.9927572240812184,25.811954341603837,0.2404782851165813,0.0032716344576328993,0.0009749380005814601
S09_concat_Mshell_delta_Pcyc_sincos,0,L_shape_test_0005,L-shape,0.9926813899138849,27.17162061178163,0.31068698882449836,0.002361478516831994,0.000981203997071134
S09_concat_Mshell_delta_Pcyc_sincos,0,L_shape_test_0006,L-shape,0.9966533440960879,31.175639381304894,0.5387247595904465,0.001012106891721487,0.0009697519999463111
S09_concat_Mshell_delta_Pcyc_sincos,0,L_shape_test_0007,L-shape,0.9925853766197004,27.031842452660825,0.3009390342729347,0.0025854650884866714,0.0009753849990374874
S09_concat_Mshell_delta_Pcyc_sincos,0,L_shape_test_0008,L-shape,0.9951335439806256,30.49559493301213,0.4995577000918158,0.001123833586461842,0.0009596509989933111
S09_concat_Mshell_delta_Pcyc_sincos,0,L_shape_test_0009,L-shape,0.9878410761899726,26.456369229296698,0.274260817728395,0.0028842093888670206,0.0009720339985506143
S09_concat_Mshell_delta_Pcyc_sincos,0,L_shape_test_0010,L-shape,0.9907129048570421,30.642973839551285,0.5100624491802547,0.0011456836946308613,0.0009700360023998655
S09_concat_Mshell_delta_Pcyc_sincos,0,L_shape_test_0011,L-shape,0.9998529268383809,33.38048243241475,0.6609162426342985,0.0006305496208369732,0.0009742709989950527
S09_concat_Mshell_delta_Pcyc_sincos,0,L_shape_test_0012,L-shape,0.9930086794332535,26.788808703327902,0.2901006247089062,0.0026056363712996244,0.000975017999735428
S09_concat_Mshell_delta_Pcyc_sincos,0,L_shape_test_0013,L-shape,0.9968652019196096,27.275828858852755,0.31200341117769614,0.002458220347762108,0.0009619420015951619
S09_concat_Mshell_delta_Pcyc_sincos,0,L_shape_test_0014,L-shape,0.9939268992197606,32.21925331916031,0.5988548369271759,0.0008694537682458758,0.0009644599995226599
S09_concat_Mshell_delta_Pcyc_sincos,0,L_shape_test_0015,L-shape,0.9955631300441331,25.88493560845334,0.24339855557994558,0.003037178423255682,0.0009518119986751117
S09_concat_Mshell_delta_Pcyc_sincos,0,L_shape_test_0016,L-shape,0.9895739120301902,27.456271395166585,0.3254920622587209,0.0023843843955546618,0.000977070001681568
S09_concat_Mshell_delta_Pcyc_sincos,0,L_shape_test_0017,L-shape,0.9930993225043757,26.330194505382345,0.2655802312536614,0.002914783312007785,0.0009550549984851386
S09_concat_Mshell_delta_Pcyc_sincos,0,L_shape_test_0018,L-shape,0.9911192758310735,26.238394439257174,0.2604087471381479,0.0030755880288779736,0.000969951997831231
S09_concat_Mshell_delta_Pcyc_sincos,0,L_shape_test_0019,L-shape,0.9945689197466289,33.35365961932767,0.6604303536931035,0.000681384583003819,0.0009804399996937718
S09_concat_Mshell_delta_Pcyc_sincos,0,double_line_test_0000,double-line,0.9941484464315049,26.258054411527205,0.26197957681003503,0.0027916831895709038,0.0009696279994386714
S09_concat_Mshell_delta_Pcyc_sincos,0,double_line_test_0001,double-line,0.9908077181175706,26.677216490241072,0.2861805716146185,0.0029217791743576527,0.0009892900015984196
S09_concat_Mshell_delta_Pcyc_sincos,0,double_line_test_0002,double-line,0.9999645238260145,31.245985061014046,0.5417876417845936,0.0010166808497160673,0.0009962339972844347
S09_concat_Mshell_delta_Pcyc_sincos,0,double_line_test_0003,double-line,0.9952251722618732,25.648074822981265,0.22803362269164912,0.0035331803373992443,0.0009847989967965987
S09_concat_Mshell_delta_Pcyc_sincos,0,double_line_test_0004,double-line,0.9932156373414404,25.924687590650485,0.24352613579478888,0.003388145472854376,0.0009899000033328775
S09_concat_Mshell_delta_Pcyc_sincos,0,double_line_test_0005,double-line,1.0003685243151703,25.99269779942994,0.2447085539563865,0.003074972191825509,0.000981617999059381
S09_concat_Mshell_delta_Pcyc_sincos,0,double_line_test_0006,double-line,0.9908233012992038,25.342813908800693,0.22503314983396888,0.0037453363183885813,0.0009926530001393985
S09_concat_Mshell_delta_Pcyc_sincos,0,double_line_test_0007,double-line,0.9918267382004431,31.978048557429204,0.5856614506529704,0.0009242173400707543,0.0009696550005173776
S09_concat_Mshell_delta_Pcyc_sincos,0,double_line_test_0008,double-line,0.9947839406955686,28.39020640996166,0.37760536794322036,0.0018377889646217227,0.0009871299989754334
S09_concat_Mshell_delta_Pcyc_sincos,0,double_line_test_0009,double-line,0.9913539261893004,28.00776472035279,0.3539743844442508,0.0021501253359019756,0.0009636419999878854
S09_concat_Mshell_delta_Pcyc_sincos,0,double_line_test_0010,double-line,0.9969322489090156,26.353887007047515,0.26482169923327326,0.0028558115009218454,0.0009641309989092406
S09_concat_Mshell_delta_Pcyc_sincos,0,double_line_test_0011,double-line,0.9987919303303844,27.987447807688127,0.34981034177573267,0.0021108423825353384,0.0009908930005622096
S09_concat_Mshell_delta_Pcyc_sincos,0,double_line_test_0012,double-line,0.9936665676603939,30.676368468311438,0.5089113933283791,0.001248201820999384,0.0009768939999048598
S09_concat_Mshell_delta_Pcyc_sincos,0,double_line_test_0013,double-line,0.9982236869740316,25.02012016490681,0.19792580548912805,0.003918320406228304,0.0009721460010041483
S09_concat_Mshell_delta_Pcyc_sincos,0,double_line_test_0014,double-line,0.9941317815296823,25.803528638556195,0.23927371518620266,0.0033406182192265987,0.000972499001363758
S09_concat_Mshell_delta_Pcyc_sincos,0,small_rect_edge_test_0000,small_rect_edge,0.996679090657406,29.903314480258416,0.46493921216808837,0.0011968122562393546,0.0009729949997563381
S09_concat_Mshell_delta_Pcyc_sincos,0,small_rect_edge_test_0001,small_rect_edge,0.9949354750073837,30.819220285881745,0.5186711729331509,0.0011017256183549762,0.0009678389978944324
S09_concat_Mshell_delta_Pcyc_sincos,0,small_rect_edge_test_0002,small_rect_edge,0.9999635004281128,27.721997459308703,0.33822202241707583,0.0019259467953816056,0.0009869400018942542
S09_concat_Mshell_delta_Pcyc_sincos,0,small_rect_edge_test_0003,small_rect_edge,0.9897035076224778,30.554127440885658,0.5041563728918945,0.0011512297205626965,0.0009629450032662135
S09_concat_Mshell_delta_Pcyc_sincos,0,small_rect_edge_test_0004,small_rect_edge,0.9891315881185545,29.19881631556363,0.4266362881494181,0.0016090698773041368,0.0009732369981065858
S09_concat_Mshell_delta_Pcyc_sincos,0,small_rect_edge_test_0005,small_rect_edge,0.9944027555507897,29.486094399441615,0.4525881513229068,0.00134736904874444,0.0009649470011936501
S09_concat_Mshell_delta_Pcyc_sincos,0,small_rect_edge_test_0006,small_rect_edge,0.9972728322283311,29.97703173069448,0.4683546258405682,0.0012851745123043656,0.0009688509999250527
S09_concat_Mshell_delta_Pcyc_sincos,0,small_rect_edge_test_0007,small_rect_edge,1.0001736097357434,29.076927199281315,0.4148325588364027,0.0014655293198302388,0.0009848049994616304
S09_concat_Mshell_delta_Pcyc_sincos,0,small_rect_edge_test_0008,small_rect_edge,0.9956835168773607,28.440963621220217,0.38247630966870355,0.001730488147586584,0.0009752949990797788
S09_concat_Mshell_delta_Pcyc_sincos,0,small_rect_edge_test_0009,small_rect_edge,0.9972926365649022,30.90758667698527,0.5231785203112258,0.0010425015352666378,0.00096277600096073
S09_concat_Mshell_delta_Pcyc_sincos,0,point_cluster_test_0000,point_cluster,0.9989748557046735,32.92277874798962,0.6853695504314371,0.0006818967522121966,0.0009789809992071241
S09_concat_Mshell_delta_Pcyc_sincos,0,point_cluster_test_0001,point_cluster,0.9929703141711312,31.701805629841612,0.570513822099921,0.0011095565278083086,0.0009885800027404912
S09_concat_Mshell_delta_Pcyc_sincos,0,point_cluster_test_0002,point_cluster,0.997720778106567,35.61554873628343,0.7661171089167239,0.000453773740446195,0.0009594029979780316
S09_concat_Mshell_delta_Pcyc_sincos,0,point_cluster_test_0003,point_cluster,0.997557199423921,35.874712659115964,0.7767720155578345,0.0004311810771469027,0.0009674259999883361
S09_concat_Mshell_delta_Pcyc_sincos,0,point_cluster_test_0004,point_cluster,0.9965488159218624,31.43340376226054,0.5553769181556019,0.001202189363539219,0.0009649500025261659
S09_concat_Mshell_delta_Pcyc_sincos,0,point_cluster_test_0005,point_cluster,0.9978884558968992,31.375131468665263,0.5509059379484739,0.0010823170887306333,0.0009926010025083087
S09_concat_Mshell_delta_Pcyc_sincos,0,point_cluster_test_0006,point_cluster,0.9977504586769663,35.07776170420539,0.7713463523875653,0.00047788210213184357,0.000979443000687752
S09_concat_Mshell_delta_Pcyc_sincos,0,point_cluster_test_0007,point_cluster,0.9970529890799499,35.62093051977915,0.7928843574113321,0.0004361325118225068,0.0009695100015960634
S09_concat_Mshell_delta_Pcyc_sincos,0,point_cluster_test_0008,point_cluster,0.9905461903631921,34.7912941591543,0.7308789857306057,0.0005307052633725107,0.001011016000120435
S09_concat_Mshell_delta_Pcyc_sincos,0,point_cluster_test_0009,point_cluster,0.9957262721951612,36.09801598238157,0.825946353701439,0.00039810736780054867,0.0009664229983172845
S09_concat_Mshell_delta_Pcyc_sincos,0,point_cluster_test_0010,point_cluster,0.9973455523077145,31.29419480167443,0.5453391452839599,0.0010973447933793068,0.000982495999778621
S09_concat_Mshell_delta_Pcyc_sincos,0,point_cluster_test_0011,point_cluster,0.9999960495828469,34.90706563725944,0.7357496296872332,0.0005434496561065316,0.0010666700000001583
S09_concat_Mshell_delta_Pcyc_sincos,0,point_cluster_test_0012,point_cluster,0.9937814672678728,33.68183758475232,0.6776677250216393,0.0007052048458717763,0.0009485150003456511
S09_concat_Mshell_delta_Pcyc_sincos,0,point_cluster_test_0013,point_cluster,1.0017048254518857,32.35321879095767,0.6074489392622777,0.0011122027644887567,0.0009651199979998637
S09_concat_Mshell_delta_Pcyc_sincos,0,point_cluster_test_0014,point_cluster,0.9991887885514464,34.26527827411008,0.7060036453220035,0.0005617300048470497,0.000982335001026513
S09_concat_Mshell_delta_Pcyc_sincos,0,point_cluster_test_0015,point_cluster,0.9986764713138236,34.401536533984796,0.7125562032330834,0.0006069903029128909,0.0010028849974332843
S09_concat_Mshell_delta_Pcyc_sincos,0,point_cluster_test_0016,point_cluster,0.9955778939951948,31.897944558200507,0.6113948249776042,0.0009547005174681544,0.0009726060015964322
S09_concat_Mshell_delta_Pcyc_sincos,0,point_cluster_test_0017,point_cluster,0.99991636124023,36.14707212010487,0.8593373935608997,0.0003416000690776855,0.0009835489981924184
S09_concat_Mshell_delta_Pcyc_sincos,0,point_cluster_test_0018,point_cluster,0.9940629079940162,35.761505257904,0.7923033604974786,0.00048557616537436843,0.0009830599992710631
S09_concat_Mshell_delta_Pcyc_sincos,0,point_cluster_test_0019,point_cluster,0.9985808793393942,34.900043899842565,0.7352035261759347,0.0004763628530781716,0.0009811269992496818
S10_geometry_branch_bottleneck_concat_Pcyc_sincos,0,line_test_0000,line,0.9998812745121622,30.841529348858508,0.51826202542554,0.0011590596986934543,0.0014698220002173912
S10_geometry_branch_bottleneck_concat_Pcyc_sincos,0,line_test_0001,line,0.9978548207214007,25.919550668528323,0.24434741096522353,0.0031824219040572643,0.0014433840005949605
S10_geometry_branch_bottleneck_concat_Pcyc_sincos,0,line_test_0002,line,0.9994360274184021,30.204750291618353,0.48090548554712176,0.0013001844054087996,0.001486531997215934
S10_geometry_branch_bottleneck_concat_Pcyc_sincos,0,line_test_0003,line,1.0010105953342754,33.90672860422485,0.6882390946753483,0.0006224871031008661,0.0014383130001078825
S10_geometry_branch_bottleneck_concat_Pcyc_sincos,0,line_test_0004,line,0.9999054353363258,36.63881712709836,0.8057391879065656,0.0003742426633834839,0.0014455220007221214
S10_geometry_branch_bottleneck_concat_Pcyc_sincos,0,line_test_0005,line,0.9995928961122573,32.418779397609576,0.6095140736611286,0.0007610906031914055,0.001420298998709768
S10_geometry_branch_bottleneck_concat_Pcyc_sincos,0,line_test_0006,line,1.0015424707844698,31.592347514361624,0.5631818359094709,0.0009491212549619377,0.001476276000175858
S10_geometry_branch_bottleneck_concat_Pcyc_sincos,0,line_test_0007,line,0.9991185496465703,29.792732289428603,0.46720626057946263,0.0012467334745451808,0.001428646999556804
S10_geometry_branch_bottleneck_concat_Pcyc_sincos,0,line_test_0008,line,0.9996393765018675,25.82231223989995,0.23928037969305543,0.0029404519591480494,0.0014716410005348735
S10_geometry_branch_bottleneck_concat_Pcyc_sincos,0,line_test_0009,line,0.9996524951038891,30.208329213262473,0.48174009668341217,0.0012150213588029146,0.0014308460013126023
S10_geometry_branch_bottleneck_concat_Pcyc_sincos,0,line_test_0010,line,0.9997922586290889,32.42057768841185,0.609409190970514,0.000837353931274265,0.0014098739993642084
S10_geometry_branch_bottleneck_concat_Pcyc_sincos,0,line_test_0011,line,0.9999230471172955,27.74722352050601,0.3396170760348742,0.0020260585006326437,0.0014662090034107678
S10_geometry_branch_bottleneck_concat_Pcyc_sincos,0,line_test_0012,line,0.9999195359215978,29.68226900188451,0.45084707305944116,0.0013613835908472538,0.0014950899967516307
S10_geometry_branch_bottleneck_concat_Pcyc_sincos,0,line_test_0013,line,1.0001077024645328,27.013267607938754,0.31832455141603777,0.002253472339361906,0.0014974770019762218
S10_geometry_branch_bottleneck_concat_Pcyc_sincos,0,line_test_0014,line,0.9985632221581714,34.8362052572432,0.7323121298903748,0.000493938394356519,0.001430099000572227
S10_geometry_branch_bottleneck_concat_Pcyc_sincos,0,line_test_0015,line,0.9997871661039,35.3900203089408,0.7567638070103238,0.0004681748105213046,0.001424763999239076
S10_geometry_branch_bottleneck_concat_Pcyc_sincos,0,line_test_0016,line,0.9993273323546001,28.205932913487153,0.36419680501370394,0.0019072415307164192,0.0014265659992815927
S10_geometry_branch_bottleneck_concat_Pcyc_sincos,0,line_test_0017,line,1.015719335120697,32.02726571936989,0.5881878385137316,0.0008447766304016113,0.0014228639993234538
S10_geometry_branch_bottleneck_concat_Pcyc_sincos,0,line_test_0018,line,0.9990311880958335,29.372813083622372,0.4316073165999531,0.0015435912646353245,0.0014217919997463468
S10_geometry_branch_bottleneck_concat_Pcyc_sincos,0,line_test_0019,line,1.0000478583795365,29.300881003349595,0.43423706107020704,0.0013740225695073605,0.001479631999245612
S10_geometry_branch_bottleneck_concat_Pcyc_sincos,0,cross_test_0000,cross,1.0000802371462372,32.18001588567837,0.5956462585480448,0.0009151108679361641,0.0014472100010607392
S10_geometry_branch_bottleneck_concat_Pcyc_sincos,0,cross_test_0001,cross,0.9999959933894302,26.500691600819287,0.26947245034315576,0.002852111589163542,0.0014634760009357706
S10_geometry_branch_bottleneck_concat_Pcyc_sincos,0,cross_test_0002,cross,0.9991359693807472,30.36874242290514,0.4917167326675311,0.0011391349835321307,0.0014267970000219066
S10_geometry_branch_bottleneck_concat_Pcyc_sincos,0,cross_test_0003,cross,0.9990253679529557,27.63713557683081,0.3325515208358885,0.002231532009318471,0.0014361480025399942
S10_geometry_branch_bottleneck_concat_Pcyc_sincos,0,cross_test_0004,cross,0.9991217718044502,27.869505114537745,0.34439832135564374,0.002181070623919368,0.0014298130008683074
S10_geometry_branch_bottleneck_concat_Pcyc_sincos,0,cross_test_0005,cross,1.0001684154236552,31.16398047092122,0.537438617270899,0.0010782384779304266,0.0014351090030686464
S10_geometry_branch_bottleneck_concat_Pcyc_sincos,0,cross_test_0006,cross,0.999811539670486,28.72106124967473,0.3934759142826312,0.0016991927986964583,0.0014721279985678848
S10_geometry_branch_bottleneck_concat_Pcyc_sincos,0,cross_test_0007,cross,0.9997640184911514,33.93234931926551,0.689130676406409,0.0006393846706487238,0.0014415530022233725
S10_geometry_branch_bottleneck_concat_Pcyc_sincos,0,cross_test_0008,cross,0.9985703688449656,27.972247213819415,0.35072790078299104,0.0021358076483011246,0.0014339720000862144
S10_geometry_branch_bottleneck_concat_Pcyc_sincos,0,cross_test_0009,cross,0.9998464358865745,32.88026677684055,0.6349397428758169,0.0006772095803171396,0.001481875999161275
S10_geometry_branch_bottleneck_concat_Pcyc_sincos,0,cross_test_0010,cross,0.9995359546185009,32.04953227306427,0.5886730325054028,0.0009077198337763548,0.0014598269990528934
S10_geometry_branch_bottleneck_concat_Pcyc_sincos,0,cross_test_0011,cross,0.9981571550517612,27.322169982761523,0.3154991368286514,0.002425172831863165,0.001441085998521885
S10_geometry_branch_bottleneck_concat_Pcyc_sincos,0,cross_test_0012,cross,0.9989844898004412,31.671015540912517,0.5674133424359751,0.000943919993005693,0.0014400089967239182
S10_geometry_branch_bottleneck_concat_Pcyc_sincos,0,cross_test_0013,cross,1.0014623070036424,31.65589461910261,0.5661451622342168,0.0010220995172858238,0.001476501998695312
S10_geometry_branch_bottleneck_concat_Pcyc_sincos,0,cross_test_0014,cross,0.9994055360038552,27.706106734504516,0.33745610259406167,0.0019846975337713957,0.0014355589992192108
S10_geometry_branch_bottleneck_concat_Pcyc_sincos,0,L_shape_test_0000,L-shape,0.9974608398990391,26.183215665280763,0.25793792462969667,0.0028923125937581062,0.0014343449984153267
S10_geometry_branch_bottleneck_concat_Pcyc_sincos,0,L_shape_test_0001,L-shape,0.9998404830238068,27.664146514490334,0.3341881564248974,0.0020441864617168903,0.0014275200010160916
S10_geometry_branch_bottleneck_concat_Pcyc_sincos,0,L_shape_test_0002,L-shape,0.998079433576721,27.28926959540805,0.3135973205888162,0.0023875562474131584,0.0014857560017844662
S10_geometry_branch_bottleneck_concat_Pcyc_sincos,0,L_shape_test_0003,L-shape,0.9992959234127694,27.491357522522026,0.3227387811859725,0.0023311253171414137,0.0014175859978422523
S10_geometry_branch_bottleneck_concat_Pcyc_sincos,0,L_shape_test_0004,L-shape,0.9989330459157609,25.785021311228892,0.23520119139440665,0.003217240097001195,0.0014640600020356942
S10_geometry_branch_bottleneck_concat_Pcyc_sincos,0,L_shape_test_0005,L-shape,0.9987568681818582,27.145121624664917,0.3064710488417971,0.0023527254816144705,0.0014149039998301305
S10_geometry_branch_bottleneck_concat_Pcyc_sincos,0,L_shape_test_0006,L-shape,0.9996426303988003,31.162632928802342,0.5374491616133419,0.001028693513944745,0.0014797009971516673
S10_geometry_branch_bottleneck_concat_Pcyc_sincos,0,L_shape_test_0007,L-shape,0.9986624278293197,27.00533435219252,0.29668366807786845,0.0025847074575722218,0.0014190619986038655
S10_geometry_branch_bottleneck_concat_Pcyc_sincos,0,L_shape_test_0008,L-shape,0.9996813510897663,30.47579258001621,0.4975654038672899,0.001155912410467863,0.0014522989986289758
S10_geometry_branch_bottleneck_concat_Pcyc_sincos,0,L_shape_test_0009,L-shape,1.0000444812214493,26.40304651771842,0.26533944344376686,0.0028669179882854223,0.001412327001162339
S10_geometry_branch_bottleneck_concat_Pcyc_sincos,0,L_shape_test_0010,L-shape,0.9984285072228478,30.60928252050994,0.5058515400118295,0.001114551560021937,0.0014374860002135392
S10_geometry_branch_bottleneck_concat_Pcyc_sincos,0,L_shape_test_0011,L-shape,0.999754677760142,33.38090942059516,0.6611011265321014,0.0006612420547753572,0.0014290029976109508
S10_geometry_branch_bottleneck_concat_Pcyc_sincos,0,L_shape_test_0012,L-shape,0.9989520998914475,26.76289255952444,0.2854300235993249,0.002570547629147768,0.0014492939990304876
S10_geometry_branch_bottleneck_concat_Pcyc_sincos,0,L_shape_test_0013,L-shape,0.9990882884510399,27.266154708962,0.31034619103786554,0.00244904775172472,0.0014239349984563887
S10_geometry_branch_bottleneck_concat_Pcyc_sincos,0,L_shape_test_0014,L-shape,0.9996398407662935,32.19436216549489,0.596571537364937,0.0008810985018499196,0.001429068997822469
S10_geometry_branch_bottleneck_concat_Pcyc_sincos,0,L_shape_test_0015,L-shape,0.9996478792981931,25.867153177180615,0.24022000946492128,0.003021417884156108,0.0014403310015040915
S10_geometry_branch_bottleneck_concat_Pcyc_sincos,0,L_shape_test_0016,L-shape,0.9997346484715134,27.41190655860443,0.3183570903451399,0.0023601260036230087,0.001445305002562236
S10_geometry_branch_bottleneck_concat_Pcyc_sincos,0,L_shape_test_0017,L-shape,0.999451439635433,26.302504719498387,0.2606742148237311,0.002890842268243432,0.0014235089984140359
S10_geometry_branch_bottleneck_concat_Pcyc_sincos,0,L_shape_test_0018,L-shape,0.9993681684580145,26.202398275334314,0.2544088891673105,0.003070330712944269,0.0014143970001896378
S10_geometry_branch_bottleneck_concat_Pcyc_sincos,0,L_shape_test_0019,L-shape,0.9990697829838606,33.33405006309482,0.6589703772792581,0.0006982698105275631,0.0014809890017204452
S10_geometry_branch_bottleneck_concat_Pcyc_sincos,0,double_line_test_0000,double-line,0.9994056653719572,26.235148722337833,0.25845002481424995,0.0028129215352237225,0.0014886989993101452
S10_geometry_branch_bottleneck_concat_Pcyc_sincos,0,double_line_test_0001,double-line,0.9981159498646421,26.645300586462668,0.279443087923631,0.0028159841895103455,0.001458470000216039
S10_geometry_branch_bottleneck_concat_Pcyc_sincos,0,double_line_test_0002,double-line,1.0006400416448877,31.243052248304423,0.5423561877984783,0.0010963678359985352,0.0014396639999176841
S10_geometry_branch_bottleneck_concat_Pcyc_sincos,0,double_line_test_0003,double-line,0.9998798202102015,25.62781010423846,0.22431603895768754,0.003511678194627166,0.001442147000489058
S10_geometry_branch_bottleneck_concat_Pcyc_sincos,0,double_line_test_0004,double-line,0.9980790900593675,25.903473782576988,0.2394216332650653,0.0033503235317766666,0.0014183669991325587
S10_geometry_branch_bottleneck_concat_Pcyc_sincos,0,double_line_test_0005,double-line,1.0016031191704655,25.987341257281685,0.24544821569718828,0.0031214463524520397,0.0014577539986930788
S10_geometry_branch_bottleneck_concat_Pcyc_sincos,0,double_line_test_0006,double-line,0.9974647177179351,25.31380082005599,0.21939719852218015,0.0036980295553803444,0.0014302300005510915
S10_geometry_branch_bottleneck_concat_Pcyc_sincos,0,double_line_test_0007,double-line,0.9991546315400824,31.946079634708475,0.5826919525508356,0.000941521895583719,0.001477306999731809
S10_geometry_branch_bottleneck_concat_Pcyc_sincos,0,double_line_test_0008,double-line,0.9995501616641552,28.369448166841742,0.3746278740139832,0.0018205613596364856,0.0014288239981397055
S10_geometry_branch_bottleneck_concat_Pcyc_sincos,0,double_line_test_0009,double-line,0.9994309381842101,27.972524255083663,0.3487911001107206,0.0021546571515500546,0.0014973759971326217
S10_geometry_branch_bottleneck_concat_Pcyc_sincos,0,double_line_test_0010,double-line,0.999917421782059,26.34090192566547,0.2628416376067698,0.002867657458409667,0.0014204170001903549
S10_geometry_branch_bottleneck_concat_Pcyc_sincos,0,double_line_test_0011,double-line,0.9994489385086536,27.984592051438376,0.34955063006231113,0.002125936560332775,0.0014212239984772168
S10_geometry_branch_bottleneck_concat_Pcyc_sincos,0,double_line_test_0012,double-line,0.9997801998514387,30.649729900205223,0.5060470147716623,0.0012689853319898248,0.0014292750020103995
S10_geometry_branch_bottleneck_concat_Pcyc_sincos,0,double_line_test_0013,double-line,0.9996392766630499,25.013965938263752,0.19689010585280095,0.003920041024684906,0.0014352299986057915
S10_geometry_branch_bottleneck_concat_Pcyc_sincos,0,double_line_test_0014,double-line,0.9991839461391652,25.781513415720955,0.23543463561938002,0.0033103448804467916,0.0014201300000422634
S10_geometry_branch_bottleneck_concat_Pcyc_sincos,0,small_rect_edge_test_0000,small_rect_edge,1.0010066418186145,29.88449830797221,0.463434611375414,0.0012352890335023403,0.001440929998352658
S10_geometry_branch_bottleneck_concat_Pcyc_sincos,0,small_rect_edge_test_0001,small_rect_edge,0.9985122719535167,30.803635164782772,0.5169387326225325,0.0011039054952561855,0.0014169260030030273
S10_geometry_branch_bottleneck_concat_Pcyc_sincos,0,small_rect_edge_test_0002,small_rect_edge,1.0029268247274616,27.70914633505152,0.3383280008634567,0.0019907646346837282,0.0014945119983167388
S10_geometry_branch_bottleneck_concat_Pcyc_sincos,0,small_rect_edge_test_0003,small_rect_edge,1.0000792747922567,30.508834242221656,0.49902450608211485,0.0011653982801362872,0.0014263890006986912
S10_geometry_branch_bottleneck_concat_Pcyc_sincos,0,small_rect_edge_test_0004,small_rect_edge,0.9986025662892413,29.157430251769355,0.4206855633610304,0.0015644775703549385,0.001468649999878835
S10_geometry_branch_bottleneck_concat_Pcyc_sincos,0,small_rect_edge_test_0005,small_rect_edge,0.9983358616103172,29.468951304638356,0.450002928165058,0.0013174506602808833,0.001420680000592256
S10_geometry_branch_bottleneck_concat_Pcyc_sincos,0,small_rect_edge_test_0006,small_rect_edge,0.9997650598001818,29.966192287271035,0.4670641457005851,0.0012943585170432925,0.001422506000380963
S10_geometry_branch_bottleneck_concat_Pcyc_sincos,0,small_rect_edge_test_0007,small_rect_edge,1.0008017734970318,29.07420069063424,0.415536057664146,0.001543796039186418,0.0014738809986738488
S10_geometry_branch_bottleneck_concat_Pcyc_sincos,0,small_rect_edge_test_0008,small_rect_edge,0.9991202970937257,28.425999163128914,0.3794313771119788,0.0016579627990722656,0.0014404180001292843
S10_geometry_branch_bottleneck_concat_Pcyc_sincos,0,small_rect_edge_test_0009,small_rect_edge,0.9994193540618296,30.898335189768474,0.5223779133149652,0.0010695935925468802,0.0014311199993244372
S10_geometry_branch_bottleneck_concat_Pcyc_sincos,0,point_cluster_test_0000,point_cluster,0.9988433947438479,32.923350378802134,0.6853504403701988,0.0006779294926673174,0.0015055320000101347
S10_geometry_branch_bottleneck_concat_Pcyc_sincos,0,point_cluster_test_0001,point_cluster,1.0000649742413068,31.67088591704994,0.5666940908396181,0.0010374699486419559,0.0014088490024732891
S10_geometry_branch_bottleneck_concat_Pcyc_sincos,0,point_cluster_test_0002,point_cluster,0.9998566669071732,35.60626128252895,0.7658128975211475,0.0004897902254015207,0.0014616070002375636
S10_geometry_branch_bottleneck_concat_Pcyc_sincos,0,point_cluster_test_0003,point_cluster,1.0014837539684645,35.85765189945641,0.7760021404360136,0.0004558969521895051,0.00144115100192721
S10_geometry_branch_bottleneck_concat_Pcyc_sincos,0,point_cluster_test_0004,point_cluster,0.9986774987636112,31.424136900948454,0.552852613486203,0.0010642224224284291,0.0014892830004100688
S10_geometry_branch_bottleneck_concat_Pcyc_sincos,0,point_cluster_test_0005,point_cluster,0.9992134148621933,31.369368842300396,0.5500842180684873,0.001055440166965127,0.0014130459967418574
S10_geometry_branch_bottleneck_concat_Pcyc_sincos,0,point_cluster_test_0006,point_cluster,1.0002459054576949,35.06691320730508,0.7709599787117452,0.0004883808433078229,0.0014071320001676213
S10_geometry_branch_bottleneck_concat_Pcyc_sincos,0,point_cluster_test_0007,point_cluster,1.0013788357413327,35.60212880523091,0.7919988409751284,0.0004504071257542819,0.0014020080016052816
S10_geometry_branch_bottleneck_concat_Pcyc_sincos,0,point_cluster_test_0008,point_cluster,0.9993769887443907,34.75274823621292,0.728522018138953,0.0005503599531948566,0.001484476997575257
S10_geometry_branch_bottleneck_concat_Pcyc_sincos,0,point_cluster_test_0009,point_cluster,0.999890953245621,36.0798890563553,0.8251511069586305,0.0003924082266166806,0.001437039998563705
S10_geometry_branch_bottleneck_concat_Pcyc_sincos,0,point_cluster_test_0010,point_cluster,0.9995858624103819,31.284450278131622,0.5445444524939971,0.0011271671392023563,0.0014330819976748899
S10_geometry_branch_bottleneck_concat_Pcyc_sincos,0,point_cluster_test_0011,point_cluster,1.0004307022130772,34.90517832406819,0.7355077120497407,0.0005394659820012748,0.0014654930018878076
S10_geometry_branch_bottleneck_concat_Pcyc_sincos,0,point_cluster_test_0012,point_cluster,1.0030250829089336,33.641628669036656,0.6748663228687839,0.0007066498510539532,0.0014269129969761707
S10_geometry_branch_bottleneck_concat_Pcyc_sincos,0,point_cluster_test_0013,point_cluster,0.9994456644208455,32.36302479166316,0.606701910528201,0.0009272356401197612,0.0014149929993436672
S10_geometry_branch_bottleneck_concat_Pcyc_sincos,0,point_cluster_test_0014,point_cluster,0.9996168946952664,34.26341808426097,0.7056836103291062,0.0005473585333675146,0.0014293459971668199
S10_geometry_branch_bottleneck_concat_Pcyc_sincos,0,point_cluster_test_0015,point_cluster,0.9972341145235191,34.40781335501593,0.7129549326136696,0.0006134080467745662,0.0014370090029842686
S10_geometry_branch_bottleneck_concat_Pcyc_sincos,0,point_cluster_test_0016,point_cluster,0.9991887566313884,31.88222167108009,0.6096056552331313,0.0009131053811870515,0.0014263129996834323
S10_geometry_branch_bottleneck_concat_Pcyc_sincos,0,point_cluster_test_0017,point_cluster,1.0091098305759603,36.10732436873919,0.8582597605214631,0.00039187114452943206,0.0014224129990907386
S10_geometry_branch_bottleneck_concat_Pcyc_sincos,0,point_cluster_test_0018,point_cluster,1.0070396461386015,35.70517839912547,0.7896378363582754,0.00046830734936520457,0.001571829998283647
S10_geometry_branch_bottleneck_concat_Pcyc_sincos,0,point_cluster_test_0019,point_cluster,1.0012386969038325,34.88850044334299,0.7346275161687609,0.000499800662510097,0.0014689659983559977
S11_rsbfilm_Pcyc_sincos,0,line_test_0000,line,1.0015481200764256,30.834295396779346,0.5250573811736545,0.001727684517391026,0.001956591997441137
S11_rsbfilm_Pcyc_sincos,0,line_test_0001,line,0.9890659689115643,25.95797165879767,0.2679846773522954,0.004313922021538019,0.0019324370005051605
S11_rsbfilm_Pcyc_sincos,0,line_test_0002,line,0.9976680749236421,30.212439596699863,0.4944684985828838,0.0023389484267681837,0.0019129930005874485
S11_rsbfilm_Pcyc_sincos,0,line_test_0003,line,1.0931721360910467,33.52422976177925,0.6665322074942803,0.0019234477076679468,0.001998309002374299
S11_rsbfilm_Pcyc_sincos,0,line_test_0004,line,1.0389062407663763,36.472643101329616,0.7994966529503409,0.0008879635715857148,0.00191785100105335
S11_rsbfilm_Pcyc_sincos,0,line_test_0005,line,1.0172633712413068,32.34267654870141,0.6083164884707823,0.001467713969759643,0.0019237039996369276
S11_rsbfilm_Pcyc_sincos,0,line_test_0006,line,1.051228832399752,31.38206854417804,0.5528737994604562,0.0019172427710145712,0.001975543997104978
S11_rsbfilm_Pcyc_sincos,0,line_test_0007,line,1.0104752338043779,29.74364588319083,0.4694677404804884,0.001978978281840682,0.001929368001583498
S11_rsbfilm_Pcyc_sincos,0,line_test_0008,line,0.9938900618024701,25.847362308712654,0.2556450856857578,0.0037960498593747616,0.001974365997739369
S11_rsbfilm_Pcyc_sincos,0,line_test_0009,line,0.9990056714997765,30.211140336455248,0.49117140633502454,0.001976762665435672,0.0019735370005946606
S11_rsbfilm_Pcyc_sincos,0,line_test_0010,line,1.0195708027149366,32.335501274167584,0.608543053702424,0.0015346487052738667,0.0019445319994702004
S11_rsbfilm_Pcyc_sincos,0,line_test_0011,line,0.9991347112361127,27.750648956248693,0.3511596909255547,0.0027744723483920097,0.001926968001498608
S11_rsbfilm_Pcyc_sincos,0,line_test_0012,line,1.0048050839448035,29.661101091242557,0.45987433788097565,0.002243452239781618,0.0019729039995581843
S11_rsbfilm_Pcyc_sincos,0,line_test_0013,line,0.9909155805408085,27.05336897463173,0.337211097603033,0.0031120588537305593,0.0019159220028086565
S11_rsbfilm_Pcyc_sincos,0,line_test_0014,line,1.020439313337863,34.74208902159151,0.7292217421673746,0.001021971576847136,0.0019203390002076048
S11_rsbfilm_Pcyc_sincos,0,line_test_0015,line,1.0639856356205881,35.1197383374656,0.7441163335211752,0.001219640369527042,0.0019676449992402922
S11_rsbfilm_Pcyc_sincos,0,line_test_0016,line,0.9967592635246634,28.217107655157243,0.3818360817180443,0.0030411609914153814,0.0019311949981783982
S11_rsbfilm_Pcyc_sincos,0,line_test_0017,line,1.0221340674587254,31.99992413323966,0.5892498362979454,0.0014334737788885832,0.0019341090010129847
S11_rsbfilm_Pcyc_sincos,0,line_test_0018,line,1.0097327389107063,29.32653895968005,0.4373069211107622,0.0023902577813714743,0.0019057520003116224
S11_rsbfilm_Pcyc_sincos,0,line_test_0019,line,1.0034520561847124,29.28612239318379,0.4409723032230846,0.0020785953383892775,0.0019883429995388724
S11_rsbfilm_Pcyc_sincos,0,cross_test_0000,cross,1.0357345932995503,32.02787979468167,0.5899348214984415,0.001975182443857193,0.0019207699988328386
S11_rsbfilm_Pcyc_sincos,0,cross_test_0001,cross,0.9950310632514655,26.52230755907699,0.2854141206622745,0.003655890701338649,0.001922125000419328
S11_rsbfilm_Pcyc_sincos,0,cross_test_0002,cross,1.0105956491274033,30.319214181635918,0.49462732012159283,0.0018836726667359471,0.001969714001461398
S11_rsbfilm_Pcyc_sincos,0,cross_test_0003,cross,0.9922715030644934,27.666595526100906,0.3531950201536205,0.0032402719371020794,0.001920412996696541
S11_rsbfilm_Pcyc_sincos,0,cross_test_0004,cross,0.9943382345865659,27.89034789098849,0.36447125997181806,0.0031994329765439034,0.0019805610027106013
S11_rsbfilm_Pcyc_sincos,0,cross_test_0005,cross,1.018834022224786,31.08367734152514,0.5387292188702174,0.002327224239706993,0.0019125670005450957
S11_rsbfilm_Pcyc_sincos,0,cross_test_0006,cross,0.9984294287483262,28.727068686793622,0.4022168196535833,0.002224755473434925,0.0019236059997638222
S11_rsbfilm_Pcyc_sincos,0,cross_test_0007,cross,1.0332790214824903,33.78914824996721,0.6832718850194579,0.0012787923915311694,0.0019103529994026758
S11_rsbfilm_Pcyc_sincos,0,cross_test_0008,cross,0.980219591898177,28.052800365190915,0.3821074608350258,0.003390425816178322,0.0021941640006843954
S11_rsbfilm_Pcyc_sincos,0,cross_test_0009,cross,1.0263144224548655,32.76679528488269,0.6307187991183615,0.0013944166712462902,0.0019665180006995797
S11_rsbfilm_Pcyc_sincos,0,cross_test_0010,cross,1.0255018250644998,31.938152181538577,0.586264323492104,0.001869194209575653,0.0019142410019412637
S11_rsbfilm_Pcyc_sincos,0,cross_test_0011,cross,1.01207758503603,27.262021000012236,0.3354178158244629,0.00418817438185215,0.0019598969993239734
S11_rsbfilm_Pcyc_sincos,0,cross_test_0012,cross,1.0175329167468894,31.591118469721017,0.5670671766634046,0.0016914339503273368,0.0018979570013470948
S11_rsbfilm_Pcyc_sincos,0,cross_test_0013,cross,1.0151416953838233,31.596973955083747,0.5689388829761766,0.002138448879122734,0.0019102760015812237
S11_rsbfilm_Pcyc_sincos,0,cross_test_0014,cross,0.9948631838388632,27.725890591934817,0.3511841008911977,0.0027447803877294064,0.0019067499997618143
S11_rsbfilm_Pcyc_sincos,0,L_shape_test_0000,L-shape,0.9955375247057751,26.19159781755242,0.2813426371105982,0.004394890740513802,0.0019165459998475853
S11_rsbfilm_Pcyc_sincos,0,L_shape_test_0001,L-shape,0.9985615274700702,27.66970544500346,0.34545685160177086,0.0027846600860357285,0.0019831979989248794
S11_rsbfilm_Pcyc_sincos,0,L_shape_test_0002,L-shape,1.0050275256104644,27.259141228154697,0.3303150960678974,0.003852343885228038,0.0019006680013262667
S11_rsbfilm_Pcyc_sincos,0,L_shape_test_0003,L-shape,0.9984604563381577,27.49499014273319,0.33853112017492104,0.0033629389945417643,0.0019477819987514522
S11_rsbfilm_Pcyc_sincos,0,L_shape_test_0004,L-shape,0.9917373722182263,25.816417979952895,0.2568377428506603,0.004398139659315348,0.0019141039992973674
S11_rsbfilm_Pcyc_sincos,0,L_shape_test_0005,L-shape,0.9980117603354598,27.14836276552567,0.3220945687255301,0.00341460551135242,0.001912133000587346
S11_rsbfilm_Pcyc_sincos,0,L_shape_test_0006,L-shape,1.0075208049494693,31.128540275772714,0.540939461316506,0.001705154194496572,0.0022891420012456365
S11_rsbfilm_Pcyc_sincos,0,L_shape_test_0007,L-shape,0.995543316007664,27.018919626890316,0.3152996780910529,0.0036724889650940895,0.0019212260012864135
S11_rsbfilm_Pcyc_sincos,0,L_shape_test_0008,L-shape,0.9927940407651267,30.505816921155503,0.5095418041548025,0.002019023522734642,0.001957513999514049
S11_rsbfilm_Pcyc_sincos,0,L_shape_test_0009,L-shape,0.9967129703323802,26.41753861059744,0.28526908051344685,0.004131146240979433,0.0019173519976902753
S11_rsbfilm_Pcyc_sincos,0,L_shape_test_0010,L-shape,1.008308646919195,30.56651717983361,0.5096215101289449,0.001933318329975009,0.001974549002625281
S11_rsbfilm_Pcyc_sincos,0,L_shape_test_0011,L-shape,1.0215849018506624,33.28709920829732,0.6580432522414673,0.0012815489899367094,0.001907712998217903
S11_rsbfilm_Pcyc_sincos,0,L_shape_test_0012,L-shape,0.9935299150592932,26.786529362372946,0.3017741003280942,0.003411845536902547,0.001911407001898624
S11_rsbfilm_Pcyc_sincos,0,L_shape_test_0013,L-shape,0.997854040210907,27.271523009427618,0.32428066224131175,0.0033359176013618708,0.0019773940002778545
S11_rsbfilm_Pcyc_sincos,0,L_shape_test_0014,L-shape,1.0138552148449769,32.13303846332537,0.5976499405067832,0.001666397089138627,0.0019235549989389256
S11_rsbfilm_Pcyc_sincos,0,L_shape_test_0015,L-shape,0.9927812060847373,25.89708824022308,0.260021866103521,0.004073147661983967,0.0019659940007841215
S11_rsbfilm_Pcyc_sincos,0,L_shape_test_0016,L-shape,0.9931445661122064,27.440629136188903,0.33572538110091243,0.003234943374991417,0.0019241039990447462
S11_rsbfilm_Pcyc_sincos,0,L_shape_test_0017,L-shape,1.0022227289276877,26.29047906188456,0.2761373922928078,0.004110578913241625,0.0019372569986444432
S11_rsbfilm_Pcyc_sincos,0,L_shape_test_0018,L-shape,0.9892251615034968,26.246701932790366,0.2749520781329437,0.003934514243155718,0.0019188789992767852
S11_rsbfilm_Pcyc_sincos,0,L_shape_test_0019,L-shape,1.0395334434810046,33.16162364561248,0.650797831699985,0.0016275636153295636,0.0020214570031384937
S11_rsbfilm_Pcyc_sincos,0,double_line_test_0000,double-line,0.9966005403716096,26.247355593958304,0.27127999808978964,0.0034917963203042746,0.0019215610009268858
S11_rsbfilm_Pcyc_sincos,0,double_line_test_0001,double-line,1.0005381819106682,26.634773652837747,0.30159731820865726,0.004258469212800264,0.0019185270029993262
S11_rsbfilm_Pcyc_sincos,0,double_line_test_0002,double-line,1.0081409547427824,31.210618347255632,0.5451493166944731,0.001572015811689198,0.0019882189990312327
S11_rsbfilm_Pcyc_sincos,0,double_line_test_0003,double-line,0.9942966019063356,25.652128585891237,0.2414398079108637,0.004374285228550434,0.001907935002236627
S11_rsbfilm_Pcyc_sincos,0,double_line_test_0004,double-line,0.9743294240980253,26.008065040463254,0.2750756171705469,0.0044298372231423855,0.0019208839985367376
S11_rsbfilm_Pcyc_sincos,0,double_line_test_0005,double-line,1.0007110467659153,25.991211105332273,0.25660258656554136,0.003811765694990754,0.0019121299992548302
S11_rsbfilm_Pcyc_sincos,0,double_line_test_0006,double-line,0.9951130994891032,25.324051775944515,0.24492890585186036,0.005145575385540724,0.0019778189998760354
S11_rsbfilm_Pcyc_sincos,0,double_line_test_0007,double-line,1.0231461560604047,31.843030011814406,0.580073993589498,0.0019374964758753777,0.0019512389990268275
S11_rsbfilm_Pcyc_sincos,0,double_line_test_0008,double-line,0.9997673119307185,28.368504580318813,0.38862062396581,0.003024368081241846,0.001924913998664124
S11_rsbfilm_Pcyc_sincos,0,double_line_test_0009,double-line,0.9941139883901257,27.995690133659505,0.36424646199675337,0.0029726873617619276,0.001970361998246517
S11_rsbfilm_Pcyc_sincos,0,double_line_test_0010,double-line,0.9933668897941687,26.369446717304243,0.2804592570149261,0.0037322158459573984,0.0019174459994246718
S11_rsbfilm_Pcyc_sincos,0,double_line_test_0011,double-line,0.995755456666156,28.00067118856688,0.36243765680356604,0.0028452191036194563,0.0019418570009293035
S11_rsbfilm_Pcyc_sincos,0,double_line_test_0012,double-line,1.0003918594482946,30.647073746435822,0.5137974866723158,0.0018902546726167202,0.0019944099985877983
S11_rsbfilm_Pcyc_sincos,0,double_line_test_0013,double-line,0.9920119295985435,25.047229986190484,0.2165424730266383,0.004885169677436352,0.0019173680011590477
S11_rsbfilm_Pcyc_sincos,0,double_line_test_0014,double-line,0.9976554891573537,25.788162055431734,0.25978753578437036,0.004827684257179499,0.001952474001882365
S11_rsbfilm_Pcyc_sincos,0,small_rect_edge_test_0000,small_rect_edge,0.998776160247086,29.894186569323736,0.4724752204481972,0.001850576838478446,0.0019155530026182532
S11_rsbfilm_Pcyc_sincos,0,small_rect_edge_test_0001,small_rect_edge,1.016704925648736,30.72521999164291,0.5165909156940492,0.0018986364593729377,0.001965940999070881
S11_rsbfilm_Pcyc_sincos,0,small_rect_edge_test_0002,small_rect_edge,1.0013173324218083,27.716121415558813,0.34847992238792164,0.0027571916580200195,0.0019229200006520841
S11_rsbfilm_Pcyc_sincos,0,small_rect_edge_test_0003,small_rect_edge,1.0083925787003172,30.47288211730022,0.5042785342513887,0.0021413236390799284,0.001960822999535594
S11_rsbfilm_Pcyc_sincos,0,small_rect_edge_test_0004,small_rect_edge,1.0205864432587857,29.0628590341109,0.42863159389171435,0.003059673123061657,0.001978104999579955
S11_rsbfilm_Pcyc_sincos,0,small_rect_edge_test_0005,small_rect_edge,1.0145437993496298,29.399009585772877,0.4529476866698799,0.002302895998582244,0.0019183350013918243
S11_rsbfilm_Pcyc_sincos,0,small_rect_edge_test_0006,small_rect_edge,1.0043117993838548,29.946486016640222,0.4743434218542104,0.0021818112581968307,0.0019206930010113865
S11_rsbfilm_Pcyc_sincos,0,small_rect_edge_test_0007,small_rect_edge,1.0033466735381023,29.063171156364124,0.42264499941916944,0.002139523858204484,0.0019069770023634192
S11_rsbfilm_Pcyc_sincos,0,small_rect_edge_test_0008,small_rect_edge,1.0311264581801922,28.289057621841273,0.38018566045932334,0.0031858012080192566,0.0019276239981991239
S11_rsbfilm_Pcyc_sincos,0,small_rect_edge_test_0009,small_rect_edge,1.010476724899056,30.850549792988836,0.5251266811268882,0.0018892346415668726,0.0019057749996136408
S11_rsbfilm_Pcyc_sincos,0,point_cluster_test_0000,point_cluster,1.03490422482854,32.76932297770751,0.6784127641445838,0.0015432118671014905,0.0019815790001302958
S11_rsbfilm_Pcyc_sincos,0,point_cluster_test_0001,point_cluster,1.0107685935802349,31.624650997371106,0.5721504183459851,0.002026847330853343,0.0019752879998122808
S11_rsbfilm_Pcyc_sincos,0,point_cluster_test_0002,point_cluster,1.0772902697016842,35.282311298910464,0.7497922892087505,0.0013807466020807624,0.0019178300026396755
S11_rsbfilm_Pcyc_sincos,0,point_cluster_test_0003,point_cluster,1.0845605341271698,35.511552725953585,0.7594472460220069,0.0012765246210619807,0.001901199997519143
S11_rsbfilm_Pcyc_sincos,0,point_cluster_test_0004,point_cluster,1.012680576789844,31.36366472032119,0.5568768370262783,0.002108004642650485,0.0019172939973941538
S11_rsbfilm_Pcyc_sincos,0,point_cluster_test_0005,point_cluster,1.0272683792584654,31.2491119615948,0.5475458572840392,0.002155880443751812,0.001912824998726137
S11_rsbfilm_Pcyc_sincos,0,point_cluster_test_0006,point_cluster,1.0744040486707938,34.75630454514985,0.7561428838572024,0.0013130048755556345,0.0019352820017957129
S11_rsbfilm_Pcyc_sincos,0,point_cluster_test_0007,point_cluster,1.1140223441008645,35.13917396498873,0.7695586990167637,0.0013854518765583634,0.0019289359988761134
S11_rsbfilm_Pcyc_sincos,0,point_cluster_test_0008,point_cluster,1.0633575672695394,34.48324814312946,0.7151797394881636,0.0015351700130850077,0.001913736999995308
S11_rsbfilm_Pcyc_sincos,0,point_cluster_test_0009,point_cluster,1.0432283051705196,35.89562199436053,0.8182456906716001,0.0010556775378063321,0.0019678989992826246
S11_rsbfilm_Pcyc_sincos,0,point_cluster_test_0010,point_cluster,1.0122664625020508,31.22970271933886,0.5477023848768533,0.002078531077131629,0.0019157120004820172
S11_rsbfilm_Pcyc_sincos,0,point_cluster_test_0011,point_cluster,1.1380423014912944,34.34546446110544,0.7043920583996963,0.001824180013500154,0.0019191339997632895
S11_rsbfilm_Pcyc_sincos,0,point_cluster_test_0012,point_cluster,1.054741733236372,33.42328532941485,0.6649166820752312,0.001659620669670403,0.001990372998989187
S11_rsbfilm_Pcyc_sincos,0,point_cluster_test_0013,point_cluster,1.0776691151206101,32.035762017962746,0.5856164567151693,0.002467329613864422,0.0019965690007666126
S11_rsbfilm_Pcyc_sincos,0,point_cluster_test_0014,point_cluster,1.0702095916388032,33.96706564728683,0.6897604535470225,0.0013327703345566988,0.0019334530006744899
S11_rsbfilm_Pcyc_sincos,0,point_cluster_test_0015,point_cluster,1.0870396882069864,34.03333076986721,0.69314356172677,0.0014759718906134367,0.0019862030021613464
S11_rsbfilm_Pcyc_sincos,0,point_cluster_test_0016,point_cluster,1.0199786705442548,31.792785944949806,0.6093008721217128,0.002024826593697071,0.0019504769988998305
S11_rsbfilm_Pcyc_sincos,0,point_cluster_test_0017,point_cluster,1.1462853613891615,35.55378128605108,0.8385950725544181,0.0011839637299999595,0.0019133770001644734
S11_rsbfilm_Pcyc_sincos,0,point_cluster_test_0018,point_cluster,1.1243858068205186,35.22649027197668,0.7665990306161415,0.001482950639910996,0.0019085079984506592
S11_rsbfilm_Pcyc_sincos,0,point_cluster_test_0019,point_cluster,1.0377921241568593,34.73277267483353,0.7274731728189426,0.0011820055078715086,0.00195999100105837
