method_id,table_label,ood_split,seed,sample_id,NMSE,PSNR,SSIM,MAE
O00_ref3,ref3,Leave-One-Family-Out OOD,none,leave_one_family_out_ood_0000,5.905554651248193,23.5629538765542,0.09037485615638831,0.015654215589165688
O00_ref3,ref3,Leave-One-Family-Out OOD,none,leave_one_family_out_ood_0001,4.07867247856616,25.45882151634226,0.215999889688008,0.010171539150178432
O00_ref3,ref3,Leave-One-Family-Out OOD,none,leave_one_family_out_ood_0002,8.070655534731326,21.81551595330566,0.05129400885509155,0.021065326407551765
O00_ref3,ref3,Leave-One-Family-Out OOD,none,leave_one_family_out_ood_0003,4.044714753793895,25.870332415796785,0.21237036711187907,0.00938648171722889
O00_ref3,ref3,Leave-One-Family-Out OOD,none,leave_one_family_out_ood_0004,11.071551821456154,20.79140671136389,0.036999220960325124,0.02514750137925148
O00_ref3,ref3,Leave-One-Family-Out OOD,none,leave_one_family_out_ood_0005,8.455015209297223,21.402609201597578,0.04246962372436911,0.022578544914722443
O00_ref3,ref3,Leave-One-Family-Out OOD,none,leave_one_family_out_ood_0006,4.225716103108896,24.933185689582356,0.22461822027507158,0.008630133233964443
O00_ref3,ref3,Leave-One-Family-Out OOD,none,leave_one_family_out_ood_0007,3.852391459945159,25.721484016621897,0.2057935516832687,0.009789208881556988
O00_ref3,ref3,Leave-One-Family-Out OOD,none,leave_one_family_out_ood_0008,3.582957348976533,25.60604693996772,0.1917968734093282,0.010953687131404877
O00_ref3,ref3,Leave-One-Family-Out OOD,none,leave_one_family_out_ood_0009,6.615220165766216,23.84119265153526,0.13848737267218472,0.01135100144892931
O00_ref3,ref3,Leave-One-Family-Out OOD,none,leave_one_family_out_ood_0010,4.042145447900593,26.049251025522867,0.2830059855592195,0.00754126999527216
O00_ref3,ref3,Leave-One-Family-Out OOD,none,leave_one_family_out_ood_0011,9.236945165934697,21.946979246313823,0.06336890091392607,0.01839841902256012
O00_ref3,ref3,Leave-One-Family-Out OOD,none,leave_one_family_out_ood_0012,2.911678616438747,26.35116572092938,0.22838095046639753,0.00925420131534338
O00_ref3,ref3,Leave-One-Family-Out OOD,none,leave_one_family_out_ood_0013,4.950955162491395,24.323870667407384,0.14662076452924933,0.011943801306188107
O00_ref3,ref3,Leave-One-Family-Out OOD,none,leave_one_family_out_ood_0014,8.060050056291063,23.159451927089975,0.08602297807535116,0.01622263342142105
O00_ref3,ref3,Leave-One-Family-Out OOD,none,leave_one_family_out_ood_0015,6.387938959580541,22.584490289295207,0.09706720047159556,0.01581602543592453
O00_ref3,ref3,Leave-One-Family-Out OOD,none,leave_one_family_out_ood_0016,7.458817766224229,22.671754966478595,0.07879827475505881,0.0171017087996006
O00_ref3,ref3,Leave-One-Family-Out OOD,none,leave_one_family_out_ood_0017,11.936128467136388,20.12490496029403,0.027408586539784018,0.026484215632081032
O00_ref3,ref3,Leave-One-Family-Out OOD,none,leave_one_family_out_ood_0018,9.645488153995469,22.23796882040324,0.06503327210175368,0.01858055219054222
O00_ref3,ref3,Leave-One-Family-Out OOD,none,leave_one_family_out_ood_0019,4.5007544101955395,24.960300906271634,0.20962701990905283,0.0094297481700778
O00_ref3,ref3,Leave-One-Family-Out OOD,none,leave_one_family_out_ood_0020,10.984200639619615,21.623163486831416,0.05769495690649074,0.01788458600640297
O00_ref3,ref3,Leave-One-Family-Out OOD,none,leave_one_family_out_ood_0021,4.78633959548308,25.349144549624217,0.1965989200951094,0.009734808467328548
O00_ref3,ref3,Leave-One-Family-Out OOD,none,leave_one_family_out_ood_0022,7.285121040965386,22.902856388548894,0.0807251158556709,0.016576401889324188
O00_ref3,ref3,Leave-One-Family-Out OOD,none,leave_one_family_out_ood_0023,6.680407482368208,23.717214088200635,0.07758551488360634,0.017095759510993958
O00_ref3,ref3,Leave-One-Family-Out OOD,none,leave_one_family_out_ood_0024,7.896821251315659,21.706912424708854,0.07233120125076788,0.017723150551319122
O00_ref3,ref3,Leave-One-Family-Out OOD,none,leave_one_family_out_ood_0025,5.258510836433491,24.321662518016506,0.13132023728026576,0.013147415593266487
O00_ref3,ref3,Leave-One-Family-Out OOD,none,leave_one_family_out_ood_0026,4.546256557709611,23.837679143348222,0.13317163859848777,0.014221442863345146
O00_ref3,ref3,Leave-One-Family-Out OOD,none,leave_one_family_out_ood_0027,5.535081821125651,23.814582034797134,0.13048985166647764,0.01281515322625637
O00_ref3,ref3,Leave-One-Family-Out OOD,none,leave_one_family_out_ood_0028,8.359639105809324,23.56172022032093,0.08637201991012097,0.015456241555511951
O00_ref3,ref3,Leave-One-Family-Out OOD,none,leave_one_family_out_ood_0029,14.933931961020631,19.827687582631267,0.038730693409584294,0.02131713181734085
O00_ref3,ref3,Leave-One-Family-Out OOD,none,leave_one_family_out_ood_0030,3.8571599084387747,25.395516604376862,0.18827510989903803,0.010848981328308582
O00_ref3,ref3,Leave-One-Family-Out OOD,none,leave_one_family_out_ood_0031,5.174694925313754,25.150272178710797,0.1891255387504478,0.00913927797228098
O00_ref3,ref3,Leave-One-Family-Out OOD,none,leave_one_family_out_ood_0032,17.478029230339505,19.68660643537962,0.017627856056645845,0.031658682972192764
O00_ref3,ref3,Leave-One-Family-Out OOD,none,leave_one_family_out_ood_0033,4.306687988972264,25.178665177313242,0.16434907175197055,0.011882184073328972
O00_ref3,ref3,Leave-One-Family-Out OOD,none,leave_one_family_out_ood_0034,9.95861305749451,22.07223962362068,0.04983274298498221,0.02137712389230728
O00_ref3,ref3,Leave-One-Family-Out OOD,none,leave_one_family_out_ood_0035,1.541503589076091,29.33680358682771,0.43563096796537576,0.003905997145920992
O00_ref3,ref3,Leave-One-Family-Out OOD,none,leave_one_family_out_ood_0036,6.329527500605207,23.725095615655345,0.14556278047110927,0.011702294461429119
O00_ref3,ref3,Leave-One-Family-Out OOD,none,leave_one_family_out_ood_0037,2.634383469888569,26.796783498325752,0.3205575506536771,0.007385784760117531
O00_ref3,ref3,Leave-One-Family-Out OOD,none,leave_one_family_out_ood_0038,4.368431378416665,25.11253898103671,0.1372716652333671,0.013968001119792461
O00_ref3,ref3,Leave-One-Family-Out OOD,none,leave_one_family_out_ood_0039,4.716596514204747,24.18723178594631,0.14721070114034024,0.012691204436123371
O00_ref3,ref3,Leave-One-Family-Out OOD,none,leave_one_family_out_ood_0040,5.03513637397142,24.843517161054287,0.19690430676361506,0.009335828013718128
O00_ref3,ref3,Leave-One-Family-Out OOD,none,leave_one_family_out_ood_0041,13.249398181911863,21.152113485926645,0.0298740316166049,0.025302670896053314
O00_ref3,ref3,Leave-One-Family-Out OOD,none,leave_one_family_out_ood_0042,7.117938896413548,22.39606266109513,0.061898215100149534,0.01834770292043686
O00_ref3,ref3,Leave-One-Family-Out OOD,none,leave_one_family_out_ood_0043,8.836710773324569,22.201267028770193,0.0707136490030924,0.016900943592190742
O00_ref3,ref3,Leave-One-Family-Out OOD,none,leave_one_family_out_ood_0044,8.810523104012479,22.735393757650044,0.06953198513692997,0.01693020761013031
O00_ref3,ref3,Leave-One-Family-Out OOD,none,leave_one_family_out_ood_0045,12.223837545203988,19.51041228588893,0.031919571035715306,0.024403059855103493
O00_ref3,ref3,Leave-One-Family-Out OOD,none,leave_one_family_out_ood_0046,7.448110165560687,22.83833926092788,0.05553707881486087,0.021627509966492653
O00_ref3,ref3,Leave-One-Family-Out OOD,none,leave_one_family_out_ood_0047,7.770076651530691,21.904098895291426,0.052756600099776355,0.021266579627990723
O00_ref3,ref3,Leave-One-Family-Out OOD,none,leave_one_family_out_ood_0048,7.4328313308595755,23.335157610234553,0.09723833767096349,0.015304825268685818
O00_ref3,ref3,Leave-One-Family-Out OOD,none,leave_one_family_out_ood_0049,4.56673717698585,24.866764379883275,0.18179670441236603,0.010791772045195103
O00_ref3,ref3,Leave-One-Family-Out OOD,none,leave_one_family_out_ood_0050,4.223209568232982,26.555914712119637,0.2455657805676062,0.008276503533124924
O00_ref3,ref3,Leave-One-Family-Out OOD,none,leave_one_family_out_ood_0051,8.007648964557422,22.536071731462023,0.10409288224650164,0.014387452974915504
O00_ref3,ref3,Leave-One-Family-Out OOD,none,leave_one_family_out_ood_0052,3.2728178930961103,25.192538990394763,0.19624998727495566,0.010054606013000011
O00_ref3,ref3,Leave-One-Family-Out OOD,none,leave_one_family_out_ood_0053,12.297754718543016,20.53634429306867,0.03595710168784293,0.021717619150877
O00_ref3,ref3,Leave-One-Family-Out OOD,none,leave_one_family_out_ood_0054,4.569924130432025,25.63060769276148,0.22343085694789366,0.009106680750846863
O00_ref3,ref3,Leave-One-Family-Out OOD,none,leave_one_family_out_ood_0055,8.468881428837307,21.957384137726503,0.06315022110469659,0.018220387399196625
O00_ref3,ref3,Leave-One-Family-Out OOD,none,leave_one_family_out_ood_0056,3.517479515570077,25.515650119605557,0.22486240182167622,0.009603513404726982
O00_ref3,ref3,Leave-One-Family-Out OOD,none,leave_one_family_out_ood_0057,6.654204843500319,22.71963842314111,0.08666800135022923,0.014617657288908958
O00_ref3,ref3,Leave-One-Family-Out OOD,none,leave_one_family_out_ood_0058,3.12254888865472,26.1925318971999,0.29389918064569226,0.0070401462726294994
O00_ref3,ref3,Leave-One-Family-Out OOD,none,leave_one_family_out_ood_0059,3.7587677508644863,26.123987165242752,0.20400000552676636,0.009530570358037949
O00_ref3,ref3,Leave-One-Family-Out OOD,none,leave_one_family_out_ood_0060,6.530318273511105,24.356357379874602,0.131024404902457,0.011983119882643223
O00_ref3,ref3,Leave-One-Family-Out OOD,none,leave_one_family_out_ood_0061,4.897179592545806,24.32906346120341,0.15476510621715028,0.01194277498871088
O00_ref3,ref3,Leave-One-Family-Out OOD,none,leave_one_family_out_ood_0062,9.351432577582452,21.25353634328176,0.05360520306650291,0.020460980013012886
O00_ref3,ref3,Leave-One-Family-Out OOD,none,leave_one_family_out_ood_0063,5.24787559418738,24.767303701424623,0.17764913565689397,0.010356836952269077
O00_ref3,ref3,Leave-One-Family-Out OOD,none,leave_one_family_out_ood_0064,6.222359634943244,25.154603060378978,0.15265931733116328,0.01127212680876255
O00_ref3,ref3,Leave-One-Family-Out OOD,none,leave_one_family_out_ood_0065,7.5460579870685205,23.22875369985127,0.08264004430946091,0.015707459300756454
O00_ref3,ref3,Leave-One-Family-Out OOD,none,leave_one_family_out_ood_0066,14.330581176917223,19.93809024022581,0.024816150385347915,0.02706071175634861
O00_ref3,ref3,Leave-One-Family-Out OOD,none,leave_one_family_out_ood_0067,5.792415016064825,23.521158967837444,0.10001448197692481,0.01462757121771574
O00_ref3,ref3,Leave-One-Family-Out OOD,none,leave_one_family_out_ood_0068,1.639497643790987,28.79530287849667,0.3947935685820101,0.004913663491606712
O00_ref3,ref3,Leave-One-Family-Out OOD,none,leave_one_family_out_ood_0069,6.192863684092199,23.20067270112057,0.09480458724423081,0.014618990942835808
O00_ref3,ref3,Leave-One-Family-Out OOD,none,leave_one_family_out_ood_0070,6.014600108982327,23.929339784871047,0.11711296301991064,0.013811346143484116
O00_ref3,ref3,Leave-One-Family-Out OOD,none,leave_one_family_out_ood_0071,4.949742919844726,23.880137742842287,0.11865622315108537,0.014270090498030186
O00_ref3,ref3,Leave-One-Family-Out OOD,none,leave_one_family_out_ood_0072,7.7327269632687665,22.539332156172417,0.10276701484104758,0.01357967033982277
O00_ref3,ref3,Leave-One-Family-Out OOD,none,leave_one_family_out_ood_0073,6.799473465146832,23.14107829133023,0.09337477906661537,0.015081743709743023
O00_ref3,ref3,Leave-One-Family-Out OOD,none,leave_one_family_out_ood_0074,11.012344016710673,21.099299990957906,0.03877792274756658,0.023084498941898346
O00_ref3,ref3,Leave-One-Family-Out OOD,none,leave_one_family_out_ood_0075,6.300876510930444,23.37524322961455,0.09952199386204304,0.015618226490914822
O00_ref3,ref3,Leave-One-Family-Out OOD,none,leave_one_family_out_ood_0076,3.046992339757958,26.064270869909617,0.2219325313736547,0.010608247481286526
O00_ref3,ref3,Leave-One-Family-Out OOD,none,leave_one_family_out_ood_0077,5.784713452237886,23.295820863676337,0.10292624298368812,0.014385909773409367
O00_ref3,ref3,Leave-One-Family-Out OOD,none,leave_one_family_out_ood_0078,4.982042005456817,25.31534573013414,0.19209718427462857,0.009921345859766006
O00_ref3,ref3,Leave-One-Family-Out OOD,none,leave_one_family_out_ood_0079,11.060853319832223,20.40490059519351,0.039433136858437925,0.023706533014774323
O00_ref3,ref3,Leave-One-Family-Out OOD,none,leave_one_family_out_ood_0080,5.075810953276407,23.248867450026008,0.11631268023605155,0.014007655903697014
O00_ref3,ref3,Leave-One-Family-Out OOD,none,leave_one_family_out_ood_0081,3.518942319990618,25.84991883525205,0.22875938444416624,0.009560201317071915
O00_ref3,ref3,Leave-One-Family-Out OOD,none,leave_one_family_out_ood_0082,4.226830051904531,24.080298738454474,0.14342447032895345,0.01333097368478775
O00_ref3,ref3,Leave-One-Family-Out OOD,none,leave_one_family_out_ood_0083,5.96641780075458,23.914339005537943,0.11988942697447677,0.01313897967338562
O00_ref3,ref3,Leave-One-Family-Out OOD,none,leave_one_family_out_ood_0084,7.689454213982973,22.464211288275802,0.12904527053936718,0.011156929656863213
O00_ref3,ref3,Leave-One-Family-Out OOD,none,leave_one_family_out_ood_0085,4.420572098363083,25.771561984390917,0.2056953827641175,0.009019025601446629
O00_ref3,ref3,Leave-One-Family-Out OOD,none,leave_one_family_out_ood_0086,7.980042392485012,23.018695621828,0.06959765216106342,0.018047114834189415
O00_ref3,ref3,Leave-One-Family-Out OOD,none,leave_one_family_out_ood_0087,8.62490935496821,22.499056438161972,0.07700945439873104,0.015164726413786411
O00_ref3,ref3,Leave-One-Family-Out OOD,none,leave_one_family_out_ood_0088,6.597493947708038,23.24141049119769,0.09198268213977162,0.015412956476211548
O00_ref3,ref3,Leave-One-Family-Out OOD,none,leave_one_family_out_ood_0089,6.276674911723421,23.196076061112578,0.06573147963682055,0.019908763468265533
O00_ref3,ref3,Leave-One-Family-Out OOD,none,leave_one_family_out_ood_0090,4.1167440226524405,25.157817665677626,0.18097570777742542,0.01094979140907526
O00_ref3,ref3,Leave-One-Family-Out OOD,none,leave_one_family_out_ood_0091,7.089245448955162,23.4056271141688,0.1077150783781308,0.014290415681898594
O00_ref3,ref3,Leave-One-Family-Out OOD,none,leave_one_family_out_ood_0092,10.924556344992327,20.63819198786776,0.029740367977563048,0.027532188221812248
O00_ref3,ref3,Leave-One-Family-Out OOD,none,leave_one_family_out_ood_0093,4.306665212498202,24.441944723328707,0.1880390319837397,0.010206489823758602
O00_ref3,ref3,Leave-One-Family-Out OOD,none,leave_one_family_out_ood_0094,7.536478349073,23.745765258908115,0.11177403249019087,0.012881242670118809
O00_ref3,ref3,Leave-One-Family-Out OOD,none,leave_one_family_out_ood_0095,8.035724594859177,22.290267512927635,0.08174437549076057,0.01467650942504406
O00_ref3,ref3,Leave-One-Family-Out OOD,none,leave_one_family_out_ood_0096,8.20696992708437,22.518707486929017,0.06685635262158425,0.018521972000598907
O00_ref3,ref3,Leave-One-Family-Out OOD,none,leave_one_family_out_ood_0097,5.1336890933977575,23.968286684647193,0.1635773517928451,0.01096529234200716
O00_ref3,ref3,Leave-One-Family-Out OOD,none,leave_one_family_out_ood_0098,3.739789581327095,26.78810011181564,0.22911517742278895,0.00909970048815012
O00_ref3,ref3,Leave-One-Family-Out OOD,none,leave_one_family_out_ood_0099,9.544056249010092,22.172790895247118,0.07322527476296994,0.016634361818432808
O00_ref3,ref3,Random-ET OOD,none,random_et_test_00000,1.8653525959009758,27.863541820632413,0.17166244325918642,0.015321844257414341
O00_ref3,ref3,Random-ET OOD,none,random_et_test_00001,2.4595674696530008,29.507336669627758,0.18547070453513237,0.015429703518748283
O00_ref3,ref3,Random-ET OOD,none,random_et_test_00002,14.141801745388651,19.256959110864674,0.009758851454507656,0.04967968910932541
O00_ref3,ref3,Random-ET OOD,none,random_et_test_00003,2.538276464899344,23.44918842787198,0.06838403505365748,0.02470710501074791
O00_ref3,ref3,Random-ET OOD,none,random_et_test_00004,13.143890012772191,17.230677796187585,0.006287769816357322,0.08956221491098404
O00_ref3,ref3,Random-ET OOD,none,random_et_test_00005,38.75236342025812,14.661711392466525,0.0015949260505701676,0.12653876841068268
O00_ref3,ref3,Random-ET OOD,none,random_et_test_00006,8.784631646891906,21.326340934559184,0.012079187220236513,0.058315373957157135
O00_ref3,ref3,Random-ET OOD,none,random_et_test_00007,5.256126868434589,22.393533197168026,0.03843789597402987,0.026617610827088356
O00_ref3,ref3,Random-ET OOD,none,random_et_test_00008,1.4726651935896202,25.94014954165821,0.14468099655990105,0.017665131017565727
O00_ref3,ref3,Random-ET OOD,none,random_et_test_00009,19.036780770729973,17.71700714233766,0.005412388927724731,0.07714561372995377
O00_ref3,ref3,Random-ET OOD,none,random_et_test_00010,6.416385725879049,20.855535642678504,0.022776297243177337,0.041585225611925125
O00_ref3,ref3,Random-ET OOD,none,random_et_test_00011,5.060970271198851,20.453898235231684,0.02025282706398299,0.05029880255460739
O00_ref3,ref3,Random-ET OOD,none,random_et_test_00012,6.477562695201117,20.482949464643635,0.019965648251934687,0.04298136755824089
O00_ref3,ref3,Random-ET OOD,none,random_et_test_00013,4.848850960206248,24.98431665538414,0.0727142456267881,0.01966666802763939
O00_ref3,ref3,Random-ET OOD,none,random_et_test_00014,26.974514007126956,16.142729740161474,0.0051486084944012064,0.06025533750653267
O00_ref3,ref3,Random-ET OOD,none,random_et_test_00015,1.0947766463555912,27.836023403599487,0.2564604303142017,0.01198548823595047
O00_ref3,ref3,Random-ET OOD,none,random_et_test_00016,4.962473091867744,21.05767826156942,0.022930480635086757,0.04035990685224533
O00_ref3,ref3,Random-ET OOD,none,random_et_test_00017,3.3319061137066615,22.595477507605505,0.028018537824370006,0.04812178015708923
O00_ref3,ref3,Random-ET OOD,none,random_et_test_00018,2.7628116564285476,23.734084105614887,0.056100985693726964,0.029414914548397064
O00_ref3,ref3,Random-ET OOD,none,random_et_test_00019,3.950578088178936,22.23238934997635,0.03832502194438725,0.0372970774769783
O00_ref3,ref3,Random-ET OOD,none,random_et_test_00020,4.76808647127101,21.93939497950394,0.02130424278927994,0.04851784557104111
O00_ref3,ref3,Random-ET OOD,none,random_et_test_00021,10.858450338936702,18.09142818234073,0.00994111265816425,0.060841139405965805
O00_ref3,ref3,Random-ET OOD,none,random_et_test_00022,4.452531014958271,24.282599128681003,0.04453201306044597,0.028293980285525322
O00_ref3,ref3,Random-ET OOD,none,random_et_test_00023,6.060042794421781,20.353203475463623,0.01864986401671762,0.0468248687684536
O00_ref3,ref3,Random-ET OOD,none,random_et_test_00024,16.412951081299493,18.948529179468657,0.005906597919940887,0.07162872701883316
O00_ref3,ref3,Random-ET OOD,none,random_et_test_00025,15.67753640868574,15.616322496299208,0.0035533419892133902,0.13096773624420166
O00_ref3,ref3,Random-ET OOD,none,random_et_test_00026,7.69442560763055,18.790464046873506,0.012053162919700192,0.06375814974308014
O00_ref3,ref3,Random-ET OOD,none,random_et_test_00027,8.65700195195571,21.205505341564873,0.024638122770149255,0.031002121046185493
O00_ref3,ref3,Random-ET OOD,none,random_et_test_00028,9.04217133823906,19.900705535793975,0.012328555339123378,0.05317440629005432
O00_ref3,ref3,Random-ET OOD,none,random_et_test_00029,2.8756302418887807,24.069431525932007,0.08998052443750085,0.020078981295228004
O00_ref3,ref3,Random-ET OOD,none,random_et_test_00030,4.897337301189022,21.034061662830954,0.030861632010033547,0.038190893828868866
O00_ref3,ref3,Random-ET OOD,none,random_et_test_00031,8.756527544798729,22.066848096989563,0.046405707567656246,0.02281702309846878
O00_ref3,ref3,Random-ET OOD,none,random_et_test_00032,5.756525725225669,21.41361023326401,0.03260326814982952,0.03271569684147835
O00_ref3,ref3,Random-ET OOD,none,random_et_test_00033,13.033717796609942,19.785514237424376,0.00960451761530091,0.0536210797727108
O00_ref3,ref3,Random-ET OOD,none,random_et_test_00034,11.149096672193023,20.775465471122615,0.009835272525849913,0.06619852036237717
O00_ref3,ref3,Random-ET OOD,none,random_et_test_00035,7.41640574112365,20.591479502491104,0.017512042826648675,0.04137015715241432
O00_ref3,ref3,Random-ET OOD,none,random_et_test_00036,4.156720626609121,20.99110099309698,0.028719211868472108,0.04021202027797699
O00_ref3,ref3,Random-ET OOD,none,random_et_test_00037,4.8995963679927526,20.254665360208044,0.02847406462209278,0.04428164288401604
O00_ref3,ref3,Random-ET OOD,none,random_et_test_00038,2.53849910473485,24.412487392569652,0.12313463163865655,0.016763079911470413
O00_ref3,ref3,Random-ET OOD,none,random_et_test_00039,4.3730949459825,23.035918444727173,0.08133466284509329,0.019222386181354523
O00_ref3,ref3,Random-ET OOD,none,random_et_test_00040,4.159771652713257,22.889432476769645,0.047478385452372346,0.02684646099805832
O00_ref3,ref3,Random-ET OOD,none,random_et_test_00041,18.58640019548433,19.091817980439096,0.006491317687687557,0.05886334553360939
O00_ref3,ref3,Random-ET OOD,none,random_et_test_00042,3.617036924214313,21.50529083667603,0.03341606330051097,0.03923516348004341
O00_ref3,ref3,Random-ET OOD,none,random_et_test_00043,16.333163108297235,20.07070531837199,0.010596484573331235,0.04420962557196617
O00_ref3,ref3,Random-ET OOD,none,random_et_test_00044,7.84730354408994,20.24959235200506,0.017213912868660062,0.04623217508196831
O00_ref3,ref3,Random-ET OOD,none,random_et_test_00045,2.8342224803159364,24.608513088512176,0.0924595652703537,0.019048182293772697
O00_ref3,ref3,Random-ET OOD,none,random_et_test_00046,5.411063676617878,22.101109663504488,0.03687694761339464,0.03045305423438549
O00_ref3,ref3,Random-ET OOD,none,random_et_test_00047,1.810993951792077,25.122120167675508,0.13324634902406568,0.016293000429868698
O00_ref3,ref3,Random-ET OOD,none,random_et_test_00048,6.5383347730626635,21.381229033418002,0.030141408816872575,0.03392098844051361
O00_ref3,ref3,Random-ET OOD,none,random_et_test_00049,3.4713388293367675,23.40577109600811,0.05731869875264245,0.025301532819867134
O00_ref3,ref3,Random-ET OOD,none,random_et_test_00050,10.544563070539887,18.211168282791586,0.006886584857557195,0.07907851785421371
O00_ref3,ref3,Random-ET OOD,none,random_et_test_00051,4.694921817609644,24.872999680549732,0.06911306958932413,0.021973468363285065
O00_ref3,ref3,Random-ET OOD,none,random_et_test_00052,4.7548161192521565,22.040609278344814,0.03833240941470103,0.03154575079679489
O00_ref3,ref3,Random-ET OOD,none,random_et_test_00053,5.332532632538959,19.64956515827054,0.018056525275664405,0.05610904097557068
O00_ref3,ref3,Random-ET OOD,none,random_et_test_00054,2.9428853631196095,26.08886394178757,0.14160610852466413,0.014959038235247135
O00_ref3,ref3,Random-ET OOD,none,random_et_test_00055,1.4440929571594394,29.29151335729047,0.22843232592589946,0.014028467237949371
O00_ref3,ref3,Random-ET OOD,none,random_et_test_00056,5.2808641759748935,22.034535035126215,0.044702561324802395,0.027998527511954308
O00_ref3,ref3,Random-ET OOD,none,random_et_test_00057,1.7192020003592428,24.591882728396737,0.089371889632939,0.025220075622200966
O00_ref3,ref3,Random-ET OOD,none,random_et_test_00058,3.5137859808407788,22.536737466482318,0.055985227598937,0.027162767946720123
O00_ref3,ref3,Random-ET OOD,none,random_et_test_00059,23.110457841808536,17.859530417158208,0.00694226695410903,0.04483961686491966
O00_ref3,ref3,Random-ET OOD,none,random_et_test_00060,1.9419012302216618,24.52798905455877,0.07675056095502435,0.027563607320189476
O00_ref3,ref3,Random-ET OOD,none,random_et_test_00061,4.439430063727654,20.416219796793143,0.02298738280584643,0.0568099282681942
O00_ref3,ref3,Random-ET OOD,none,random_et_test_00062,2.216182801762733,24.620354429729687,0.06584901994891315,0.02869241312146187
O00_ref3,ref3,Random-ET OOD,none,random_et_test_00063,3.5480176352790633,26.069955559218133,0.16843904170678373,0.012219196185469627
O00_ref3,ref3,Random-ET OOD,none,random_et_test_00064,1.5767913042554356,28.13143622907345,0.26829928102723316,0.010073142126202583
O00_ref3,ref3,Random-ET OOD,none,random_et_test_00065,2.6910292963846847,23.86654786482235,0.06510355133468713,0.024923047050833702
O00_ref3,ref3,Random-ET OOD,none,random_et_test_00066,10.058778868444127,19.799565926980904,0.010866894409262794,0.05613211169838905
O00_ref3,ref3,Random-ET OOD,none,random_et_test_00067,1.310681546485523,26.882713921508223,0.19802296281125875,0.01370310690253973
O00_ref3,ref3,Random-ET OOD,none,random_et_test_00068,5.052334000602799,20.54396195295817,0.023564801311580504,0.044445283710956573
O00_ref3,ref3,Random-ET OOD,none,random_et_test_00069,5.97471251520813,21.296085687708732,0.027828811457045233,0.037349555641412735
O00_ref3,ref3,Random-ET OOD,none,random_et_test_00070,14.572366859861177,18.33174436139944,0.006115543748857907,0.07324103266000748
O00_ref3,ref3,Random-ET OOD,none,random_et_test_00071,6.939105850877492,20.935624030485673,0.02570555701628337,0.03413110226392746
O00_ref3,ref3,Random-ET OOD,none,random_et_test_00072,5.596172684581455,26.75874424028569,0.06174929381136327,0.026677323505282402
O00_ref3,ref3,Random-ET OOD,none,random_et_test_00073,1.5516736607915398,25.509392709570207,0.09197442276586149,0.02609810046851635
O00_ref3,ref3,Random-ET OOD,none,random_et_test_00074,9.113645246464536,21.512788805266805,0.02985582599863961,0.028431085869669914
O00_ref3,ref3,Random-ET OOD,none,random_et_test_00075,1.2890613853934076,27.97051626462389,0.31701067231662644,0.007943023927509785
O00_ref3,ref3,Random-ET OOD,none,random_et_test_00076,4.272920281884382,24.067993182323427,0.07685581041763212,0.019802184775471687
O00_ref3,ref3,Random-ET OOD,none,random_et_test_00077,4.1751500006976805,23.088306916098166,0.06273456346495741,0.02485731802880764
O00_ref3,ref3,Random-ET OOD,none,random_et_test_00078,2.4165862863439584,25.674873703696562,0.10063720653051546,0.019809665158391
O00_ref3,ref3,Random-ET OOD,none,random_et_test_00079,2.3861492823396016,24.581774514303806,0.11055480363306791,0.018751775845885277
O00_ref3,ref3,Random-ET OOD,none,random_et_test_00080,2.204447197777696,23.727332049504966,0.05472371432458371,0.03183186799287796
O00_ref3,ref3,Random-ET OOD,none,random_et_test_00081,4.381558179085142,21.94671328506821,0.0545439399539562,0.02881275676190853
O00_ref3,ref3,Random-ET OOD,none,random_et_test_00082,19.111142639718846,18.528873786961068,0.005164938335341934,0.06976281851530075
O00_ref3,ref3,Random-ET OOD,none,random_et_test_00083,1.5819548584582879,28.972912724565298,0.3498904053168168,0.007197380531579256
O00_ref3,ref3,Random-ET OOD,none,random_et_test_00084,7.417929053216505,21.33521992219373,0.014231072976036655,0.05044146999716759
O00_ref3,ref3,Random-ET OOD,none,random_et_test_00085,2.5996214163403453,25.652709755794376,0.09004784490717083,0.020372139289975166
O00_ref3,ref3,Random-ET OOD,none,random_et_test_00086,7.223795514187985,21.88777737508329,0.024172865476737516,0.03642936050891876
O00_ref3,ref3,Random-ET OOD,none,random_et_test_00087,11.615683865337095,17.679891459890012,0.005936956601064337,0.07903190702199936
O00_ref3,ref3,Random-ET OOD,none,random_et_test_00088,16.04861885575439,18.326049101036016,0.00647267950912793,0.05774247273802757
O00_ref3,ref3,Random-ET OOD,none,random_et_test_00089,6.58345984224345,21.61561643724407,0.02228015574125297,0.03914843499660492
O00_ref3,ref3,Random-ET OOD,none,random_et_test_00090,1.457457218458407,30.464047641935753,0.44147283283651545,0.005810789298266172
O00_ref3,ref3,Random-ET OOD,none,random_et_test_00091,37.66975219434593,13.718756015496696,0.001321134537781535,0.1279916763305664
O00_ref3,ref3,Random-ET OOD,none,random_et_test_00092,1.409621740791882,25.774933800975724,0.15646850817247662,0.0162429790943861
O00_ref3,ref3,Random-ET OOD,none,random_et_test_00093,4.251151852444411,23.22050071494388,0.05357774500578048,0.027863290160894394
O00_ref3,ref3,Random-ET OOD,none,random_et_test_00094,3.5460014276650607,22.45087702006802,0.03457432755414916,0.037966564297676086
O00_ref3,ref3,Random-ET OOD,none,random_et_test_00095,1.559536999026496,25.444574180216538,0.12011974379535598,0.020264972001314163
O00_ref3,ref3,Random-ET OOD,none,random_et_test_00096,6.324823337955205,21.465959840433012,0.025479707643702193,0.03407891094684601
O00_ref3,ref3,Random-ET OOD,none,random_et_test_00097,1.4719104958884623,27.483892051419083,0.22953120375197922,0.01152755506336689
O00_ref3,ref3,Random-ET OOD,none,random_et_test_00098,9.818524067661736,20.379663008981336,0.014215202535043495,0.04546021670103073
O00_ref3,ref3,Random-ET OOD,none,random_et_test_00099,7.084091708018341,17.070748790563638,0.011147206374961959,0.0902491956949234
O00_ref3,ref3,Unseen-Parameter OOD,none,unseen_param_ood_0000,1.6597295566295966,24.889622313511758,0.27473089271340345,0.0077986158430576324
O00_ref3,ref3,Unseen-Parameter OOD,none,unseen_param_ood_0001,5.445180439011008,20.489365974954072,0.06590577513434491,0.023242751136422157
O00_ref3,ref3,Unseen-Parameter OOD,none,unseen_param_ood_0002,2.1011346234547723,22.97553677779223,0.22104171750457538,0.012023727409541607
O00_ref3,ref3,Unseen-Parameter OOD,none,unseen_param_ood_0003,1.4647645597277572,22.447480388464275,0.277461241580214,0.01571030728518963
O00_ref3,ref3,Unseen-Parameter OOD,none,unseen_param_ood_0004,2.573381637794715,24.039281299725378,0.2062973265361358,0.010517062619328499
O00_ref3,ref3,Unseen-Parameter OOD,none,unseen_param_ood_0005,2.795993481163248,20.904834535805506,0.1067611209314326,0.02366218902170658
O00_ref3,ref3,Unseen-Parameter OOD,none,unseen_param_ood_0006,7.862250884797335,17.655673361299925,0.03130185227035488,0.033359214663505554
O00_ref3,ref3,Unseen-Parameter OOD,none,unseen_param_ood_0007,1.5560528180563664,24.858093979335028,0.3125463945267853,0.009494137018918991
O00_ref3,ref3,Unseen-Parameter OOD,none,unseen_param_ood_0008,0.9414845626948635,24.87745020547536,0.4000104475275596,0.01103251613676548
O00_ref3,ref3,Unseen-Parameter OOD,none,unseen_param_ood_0009,2.8065759794379477,23.19409833819463,0.15287038991704907,0.014791504479944706
O00_ref3,ref3,Unseen-Parameter OOD,none,unseen_param_ood_0010,1.3774480718448328,23.215521195035095,0.30857839576199436,0.013417677953839302
O00_ref3,ref3,Unseen-Parameter OOD,none,unseen_param_ood_0011,2.7843602048913443,19.955421465323113,0.1352157262689994,0.025346755981445312
O00_ref3,ref3,Unseen-Parameter OOD,none,unseen_param_ood_0012,1.3450575511801601,24.926998957098117,0.3409055901750358,0.008228966034948826
O00_ref3,ref3,Unseen-Parameter OOD,none,unseen_param_ood_0013,4.767386960490169,21.353736366373216,0.08542155397250699,0.018549347296357155
O00_ref3,ref3,Unseen-Parameter OOD,none,unseen_param_ood_0014,2.3171180449861435,23.503063045029243,0.21341410370445837,0.011053700931370258
O00_ref3,ref3,Unseen-Parameter OOD,none,unseen_param_ood_0015,3.2309682193163836,22.172971671699987,0.11191010520548722,0.01878347620368004
O00_ref3,ref3,Unseen-Parameter OOD,none,unseen_param_ood_0016,5.318453168660562,20.23350982894231,0.06715726652633955,0.023798326030373573
O00_ref3,ref3,Unseen-Parameter OOD,none,unseen_param_ood_0017,2.2646763640350565,21.376635447447377,0.1574992953906008,0.02218194492161274
O00_ref3,ref3,Unseen-Parameter OOD,none,unseen_param_ood_0018,1.5117550873396295,26.021572865482703,0.35838703105912334,0.006233062129467726
O00_ref3,ref3,Unseen-Parameter OOD,none,unseen_param_ood_0019,1.5421153343348952,25.078807724866255,0.2792407169673314,0.007738426793366671
O00_ref3,ref3,Unseen-Parameter OOD,none,unseen_param_ood_0020,3.906694248428686,22.62644775124241,0.09766525233307899,0.016557995229959488
O00_ref3,ref3,Unseen-Parameter OOD,none,unseen_param_ood_0021,1.9876468014824957,24.527769348952106,0.27319507665007264,0.008612417615950108
O00_ref3,ref3,Unseen-Parameter OOD,none,unseen_param_ood_0022,1.8810663588117866,24.49959648609326,0.25961972167869324,0.009856253862380981
O00_ref3,ref3,Unseen-Parameter OOD,none,unseen_param_ood_0023,1.1823880572065502,23.334525909334758,0.22945236506671848,0.009057627059519291
O00_ref3,ref3,Unseen-Parameter OOD,none,unseen_param_ood_0024,2.3269707409917855,24.31058947188426,0.23458920611034995,0.010436547920107841
O00_ref3,ref3,Unseen-Parameter OOD,none,unseen_param_ood_0025,5.616982513664135,21.031990349562022,0.05249952489938524,0.02354327403008938
O00_ref3,ref3,Unseen-Parameter OOD,none,unseen_param_ood_0026,3.5774771262910874,21.658984968780686,0.1305664376814687,0.01553252711892128
O00_ref3,ref3,Unseen-Parameter OOD,none,unseen_param_ood_0027,2.516996595238119,23.951076021471525,0.22842225312732875,0.010743587277829647
O00_ref3,ref3,Unseen-Parameter OOD,none,unseen_param_ood_0028,2.4215861960130707,24.512583279714196,0.28396246499632355,0.008978063240647316
O00_ref3,ref3,Unseen-Parameter OOD,none,unseen_param_ood_0029,3.504819290429751,22.06879562196888,0.1282986031317419,0.0175003781914711
O00_ref3,ref3,Unseen-Parameter OOD,none,unseen_param_ood_0030,4.533875596683418,21.496439226342513,0.11473703688092923,0.0156833715736866
O00_ref3,ref3,Unseen-Parameter OOD,none,unseen_param_ood_0031,1.9353561900235225,22.65322127249008,0.22132126487784373,0.015626125037670135
O00_ref3,ref3,Unseen-Parameter OOD,none,unseen_param_ood_0032,2.740126618894598,22.871365402755778,0.18601425390877008,0.014161414466798306
O00_ref3,ref3,Unseen-Parameter OOD,none,unseen_param_ood_0033,4.585007597916197,21.916877286079636,0.08898612648194548,0.018857218325138092
O00_ref3,ref3,Unseen-Parameter OOD,none,unseen_param_ood_0034,4.63739145459228,20.19470394038184,0.09779775902054302,0.019373511895537376
O00_ref3,ref3,Unseen-Parameter OOD,none,unseen_param_ood_0035,1.5627843401181094,25.9796755975293,0.3024369024320028,0.009357752278447151
O00_ref3,ref3,Unseen-Parameter OOD,none,unseen_param_ood_0036,2.6817254284302576,22.9752823967969,0.1543296555605732,0.012182330712676048
O00_ref3,ref3,Unseen-Parameter OOD,none,unseen_param_ood_0037,2.7925653269565234,22.12664515185753,0.1705338299632223,0.014649651944637299
O00_ref3,ref3,Unseen-Parameter OOD,none,unseen_param_ood_0038,1.1257912830015542,25.8640496114224,0.3308130208520101,0.006219052709639072
O00_ref3,ref3,Unseen-Parameter OOD,none,unseen_param_ood_0039,2.6988383877530926,22.79869031559337,0.15933415216317035,0.014221088960766792
O00_ref3,ref3,Unseen-Parameter OOD,none,unseen_param_ood_0040,1.9806904157233205,22.159380078259993,0.21693874609641772,0.01804247312247753
O00_ref3,ref3,Unseen-Parameter OOD,none,unseen_param_ood_0041,2.2417260487739004,25.301662451132273,0.2001768600466691,0.011470470577478409
O00_ref3,ref3,Unseen-Parameter OOD,none,unseen_param_ood_0042,2.388707021256969,23.364308151288995,0.2595181929993487,0.010488305240869522
O00_ref3,ref3,Unseen-Parameter OOD,none,unseen_param_ood_0043,3.957855518780098,21.49862473652533,0.0960982333808425,0.019225656986236572
O00_ref3,ref3,Unseen-Parameter OOD,none,unseen_param_ood_0044,2.2664179370950372,21.88390479598175,0.1342597915574579,0.019997796043753624
O00_ref3,ref3,Unseen-Parameter OOD,none,unseen_param_ood_0045,2.7535919225201386,22.54756764160724,0.12771370195288428,0.01715066470205784
O00_ref3,ref3,Unseen-Parameter OOD,none,unseen_param_ood_0046,2.9255784435373764,23.103103318166642,0.17394057142884511,0.012349538505077362
O00_ref3,ref3,Unseen-Parameter OOD,none,unseen_param_ood_0047,1.4317648826393634,25.34188184480191,0.2636695605994166,0.008973443880677223
O00_ref3,ref3,Unseen-Parameter OOD,none,unseen_param_ood_0048,1.780472998935604,24.42231287240487,0.24110208672625205,0.010810132138431072
O00_ref3,ref3,Unseen-Parameter OOD,none,unseen_param_ood_0049,1.7761973670549673,23.50985572484623,0.23374681467089922,0.015395504422485828
O00_ref3,ref3,Unseen-Parameter OOD,none,unseen_param_ood_0050,4.375423632490555,21.545498841519443,0.08258481172359547,0.020231030881404877
O00_ref3,ref3,Unseen-Parameter OOD,none,unseen_param_ood_0051,2.091373042802577,25.05352641544426,0.25837297901008277,0.008400064893066883
O00_ref3,ref3,Unseen-Parameter OOD,none,unseen_param_ood_0052,1.496906506291747,24.92158941048484,0.28628838778500226,0.0070722270756959915
O00_ref3,ref3,Unseen-Parameter OOD,none,unseen_param_ood_0053,5.598466777798719,19.47941641733666,0.053703883669079126,0.026350904256105423
O00_ref3,ref3,Unseen-Parameter OOD,none,unseen_param_ood_0054,1.182919131838999,26.307115722110623,0.3802533441956932,0.0059970770962536335
O00_ref3,ref3,Unseen-Parameter OOD,none,unseen_param_ood_0055,4.136895611161256,20.981391902382644,0.0836546683129616,0.021173881366848946
O00_ref3,ref3,Unseen-Parameter OOD,none,unseen_param_ood_0056,2.7500397029397186,21.958871998191274,0.1657818542973064,0.014699586667120457
O00_ref3,ref3,Unseen-Parameter OOD,none,unseen_param_ood_0057,1.8520414938161731,25.387527436908055,0.321111037824632,0.008648901246488094
O00_ref3,ref3,Unseen-Parameter OOD,none,unseen_param_ood_0058,1.4369520242826337,24.657692880804593,0.3114474298252885,0.007828867994248867
O00_ref3,ref3,Unseen-Parameter OOD,none,unseen_param_ood_0059,1.4604324402799165,25.81888951590621,0.27744020442832934,0.005629271734505892
O00_ref3,ref3,Unseen-Parameter OOD,none,unseen_param_ood_0060,1.1078692437501236,22.49302310767878,0.40834993453658247,0.012920490466058254
O00_ref3,ref3,Unseen-Parameter OOD,none,unseen_param_ood_0061,2.32115627665317,23.783195697920583,0.19567425533041408,0.012469551526010036
O00_ref3,ref3,Unseen-Parameter OOD,none,unseen_param_ood_0062,1.4710544570491195,26.05337406526099,0.2814986487771858,0.007179419044405222
O00_ref3,ref3,Unseen-Parameter OOD,none,unseen_param_ood_0063,5.001037523334081,21.37608321087925,0.07838260481663385,0.018956391140818596
O00_ref3,ref3,Unseen-Parameter OOD,none,unseen_param_ood_0064,2.6844677559581247,22.034294994494573,0.17865592856546755,0.014437101781368256
O00_ref3,ref3,Unseen-Parameter OOD,none,unseen_param_ood_0065,3.642866839461512,21.959796334615234,0.09828700211547994,0.01933191530406475
O00_ref3,ref3,Unseen-Parameter OOD,none,unseen_param_ood_0066,2.5999103116508664,22.787604797532005,0.1490452443402912,0.014401111751794815
O00_ref3,ref3,Unseen-Parameter OOD,none,unseen_param_ood_0067,2.6878781546884496,22.99055759867079,0.18688808658781736,0.012990324757993221
O00_ref3,ref3,Unseen-Parameter OOD,none,unseen_param_ood_0068,1.1552482580456696,26.09339121912411,0.33950260486827977,0.004572665318846703
O00_ref3,ref3,Unseen-Parameter OOD,none,unseen_param_ood_0069,4.141534704967914,21.671528280205436,0.10516368431678104,0.017613766714930534
O00_ref3,ref3,Unseen-Parameter OOD,none,unseen_param_ood_0070,6.1284835113360865,19.894177687847204,0.050989655737049694,0.025272026658058167
O00_ref3,ref3,Unseen-Parameter OOD,none,unseen_param_ood_0071,5.85699972536111,19.45500700850615,0.059917796678193615,0.02462407387793064
O00_ref3,ref3,Unseen-Parameter OOD,none,unseen_param_ood_0072,1.7277223895126805,25.635789597411392,0.3384615114192864,0.006592512130737305
O00_ref3,ref3,Unseen-Parameter OOD,none,unseen_param_ood_0073,2.2604438145890953,23.09011508944421,0.17181324894735303,0.013754271902143955
O00_ref3,ref3,Unseen-Parameter OOD,none,unseen_param_ood_0074,7.168681153238491,19.59476395682625,0.04739650041819965,0.025328386574983597
O00_ref3,ref3,Unseen-Parameter OOD,none,unseen_param_ood_0075,3.219457620074364,22.534307801908557,0.12454676305660516,0.01604548655450344
O00_ref3,ref3,Unseen-Parameter OOD,none,unseen_param_ood_0076,1.605200246429613,24.98248377414527,0.33488527554759806,0.008099650032818317
O00_ref3,ref3,Unseen-Parameter OOD,none,unseen_param_ood_0077,1.2203401716577713,26.68275480968137,0.3489135426070112,0.005919391289353371
O00_ref3,ref3,Unseen-Parameter OOD,none,unseen_param_ood_0078,1.4666790834001397,24.637306749655416,0.31966388227279313,0.007634964305907488
O00_ref3,ref3,Unseen-Parameter OOD,none,unseen_param_ood_0079,1.0157986071665066,25.56606481700169,0.479459836891365,0.00826664175838232
O00_ref3,ref3,Unseen-Parameter OOD,none,unseen_param_ood_0080,2.208165337922281,23.425317124541586,0.18455238380038375,0.013575750403106213
O00_ref3,ref3,Unseen-Parameter OOD,none,unseen_param_ood_0081,3.8947995275170695,18.568059715610588,0.08346705020189264,0.03349402919411659
O00_ref3,ref3,Unseen-Parameter OOD,none,unseen_param_ood_0082,1.5799581730487884,25.45360537570355,0.3197962267278581,0.007324904669076204
O00_ref3,ref3,Unseen-Parameter OOD,none,unseen_param_ood_0083,4.816843296613464,22.010095202749916,0.08189016331039266,0.019544128328561783
O00_ref3,ref3,Unseen-Parameter OOD,none,unseen_param_ood_0084,2.180062384509315,24.616559169093563,0.25408197251104303,0.010431266389787197
O00_ref3,ref3,Unseen-Parameter OOD,none,unseen_param_ood_0085,2.9987195771585182,22.664249171830868,0.1441475997590573,0.015917155891656876
O00_ref3,ref3,Unseen-Parameter OOD,none,unseen_param_ood_0086,2.4622180565317975,23.13065618382283,0.2185513044251546,0.011404898017644882
O00_ref3,ref3,Unseen-Parameter OOD,none,unseen_param_ood_0087,9.067829075831506,19.070695523552697,0.036518395438582055,0.028009070083498955
O00_ref3,ref3,Unseen-Parameter OOD,none,unseen_param_ood_0088,2.0574981901984724,22.49884826331961,0.2406157736041244,0.012902568094432354
O00_ref3,ref3,Unseen-Parameter OOD,none,unseen_param_ood_0089,3.82963127953053,21.105562942153906,0.07684505152138876,0.021862661466002464
O00_ref3,ref3,Unseen-Parameter OOD,none,unseen_param_ood_0090,3.5771925439344447,22.532012816336437,0.1561484400371262,0.012807726860046387
O00_ref3,ref3,Unseen-Parameter OOD,none,unseen_param_ood_0091,5.344821587477826,21.124177190826035,0.05853834573609761,0.021927369758486748
O00_ref3,ref3,Unseen-Parameter OOD,none,unseen_param_ood_0092,1.119107465616207,26.014714537698865,0.36377527800752013,0.005722537636756897
O00_ref3,ref3,Unseen-Parameter OOD,none,unseen_param_ood_0093,4.434795814799149,20.881631116609043,0.06738298711244903,0.02206038311123848
O00_ref3,ref3,Unseen-Parameter OOD,none,unseen_param_ood_0094,1.923497637865564,24.282523500303252,0.2749229750497045,0.00867303367704153
O00_ref3,ref3,Unseen-Parameter OOD,none,unseen_param_ood_0095,3.0097953916087,18.838755693428503,0.10441208410273167,0.030500411987304688
O00_ref3,ref3,Unseen-Parameter OOD,none,unseen_param_ood_0096,3.575393418575666,22.44205541381244,0.11067186088667487,0.017295096069574356
O00_ref3,ref3,Unseen-Parameter OOD,none,unseen_param_ood_0097,2.5219420282433727,23.27637130381141,0.21499256584668613,0.01144434604793787
O00_ref3,ref3,Unseen-Parameter OOD,none,unseen_param_ood_0098,2.148344820974046,23.013653176331314,0.22462730079697724,0.012883186340332031
O00_ref3,ref3,Unseen-Parameter OOD,none,unseen_param_ood_0099,4.610609564450817,21.363550873440357,0.09126555067641896,0.0196087583899498
O01_ref3_residual_UNet,ref3 + residual U-Net,Leave-One-Family-Out OOD,0,leave_one_family_out_ood_0000,1.8154277041575695,28.685771330651868,0.4019010718191532,0.004335561767220497
O01_ref3_residual_UNet,ref3 + residual U-Net,Leave-One-Family-Out OOD,0,leave_one_family_out_ood_0001,1.3938561676408034,30.121830439179504,0.5520574569636187,0.003352874657139182
O01_ref3_residual_UNet,ref3 + residual U-Net,Leave-One-Family-Out OOD,0,leave_one_family_out_ood_0002,2.4141336779359577,27.05699112361672,0.30701952738368604,0.006599792744964361
O01_ref3_residual_UNet,ref3 + residual U-Net,Leave-One-Family-Out OOD,0,leave_one_family_out_ood_0003,1.5386447611149563,30.067827700044802,0.5043497528273037,0.0028418947476893663
O01_ref3_residual_UNet,ref3 + residual U-Net,Leave-One-Family-Out OOD,0,leave_one_family_out_ood_0004,2.8916489924379833,26.62203596638331,0.2856231663587294,0.007885890081524849
O01_ref3_residual_UNet,ref3 + residual U-Net,Leave-One-Family-Out OOD,0,leave_one_family_out_ood_0005,2.7619756353143408,26.261554578717927,0.26716276170560715,0.0068039800971746445
O01_ref3_residual_UNet,ref3 + residual U-Net,Leave-One-Family-Out OOD,0,leave_one_family_out_ood_0006,1.789769155429497,28.664218750402128,0.45920638814991294,0.0037872884422540665
O01_ref3_residual_UNet,ref3 + residual U-Net,Leave-One-Family-Out OOD,0,leave_one_family_out_ood_0007,1.4515367678263844,29.96050763145956,0.5049093292278626,0.003178885206580162
O01_ref3_residual_UNet,ref3 + residual U-Net,Leave-One-Family-Out OOD,0,leave_one_family_out_ood_0008,1.3387794596967832,29.8813732236014,0.5057739481507444,0.0027773603796958923
O01_ref3_residual_UNet,ref3 + residual U-Net,Leave-One-Family-Out OOD,0,leave_one_family_out_ood_0009,2.6378136423332696,27.834194515588536,0.36997582297723464,0.0049866968765854836
O01_ref3_residual_UNet,ref3 + residual U-Net,Leave-One-Family-Out OOD,0,leave_one_family_out_ood_0010,1.634489392893692,29.98154939900405,0.5590367997908657,0.0024745094124227762
O01_ref3_residual_UNet,ref3 + residual U-Net,Leave-One-Family-Out OOD,0,leave_one_family_out_ood_0011,2.769033749825864,27.17898041814657,0.3212566888690584,0.006576739717274904
O01_ref3_residual_UNet,ref3 + residual U-Net,Leave-One-Family-Out OOD,0,leave_one_family_out_ood_0012,1.4487325634705344,29.382718033220634,0.45077538124604033,0.0026442992966622114
O01_ref3_residual_UNet,ref3 + residual U-Net,Leave-One-Family-Out OOD,0,leave_one_family_out_ood_0013,1.8121953762635206,28.688710450273284,0.42470640018741285,0.003933635074645281
O01_ref3_residual_UNet,ref3 + residual U-Net,Leave-One-Family-Out OOD,0,leave_one_family_out_ood_0014,2.0114135527649957,29.187815440880573,0.44944803138695294,0.004729754291474819
O01_ref3_residual_UNet,ref3 + residual U-Net,Leave-One-Family-Out OOD,0,leave_one_family_out_ood_0015,2.2304435694536884,27.15418536340756,0.3889080638825398,0.004890921991318464
O01_ref3_residual_UNet,ref3 + residual U-Net,Leave-One-Family-Out OOD,0,leave_one_family_out_ood_0016,2.310794418061059,27.7608415703373,0.353252845519627,0.006203693337738514
O01_ref3_residual_UNet,ref3 + residual U-Net,Leave-One-Family-Out OOD,0,leave_one_family_out_ood_0017,3.435739312484101,25.533337998028266,0.18984632042306526,0.009804002940654755
O01_ref3_residual_UNet,ref3 + residual U-Net,Leave-One-Family-Out OOD,0,leave_one_family_out_ood_0018,2.574216736956418,27.974759933704043,0.3708625159504799,0.005847735330462456
O01_ref3_residual_UNet,ref3 + residual U-Net,Leave-One-Family-Out OOD,0,leave_one_family_out_ood_0019,1.8964763186804194,28.713679795851785,0.4656637710283139,0.00357995368540287
O01_ref3_residual_UNet,ref3 + residual U-Net,Leave-One-Family-Out OOD,0,leave_one_family_out_ood_0020,3.453530363492033,26.64821542987007,0.272739539229583,0.0072192600928246975
O01_ref3_residual_UNet,ref3 + residual U-Net,Leave-One-Family-Out OOD,0,leave_one_family_out_ood_0021,1.7682183989985703,29.673820594446937,0.4840293509138811,0.003241017460823059
O01_ref3_residual_UNet,ref3 + residual U-Net,Leave-One-Family-Out OOD,0,leave_one_family_out_ood_0022,2.354386109076411,27.808447489182928,0.35691529658976623,0.005608332343399525
O01_ref3_residual_UNet,ref3 + residual U-Net,Leave-One-Family-Out OOD,0,leave_one_family_out_ood_0023,1.7286467654566482,29.588181054951352,0.4440688129464679,0.003825192106887698
O01_ref3_residual_UNet,ref3 + residual U-Net,Leave-One-Family-Out OOD,0,leave_one_family_out_ood_0024,2.847625639439409,26.136606653684844,0.28568797741111873,0.007285743951797485
O01_ref3_residual_UNet,ref3 + residual U-Net,Leave-One-Family-Out OOD,0,leave_one_family_out_ood_0025,1.8229476364460908,28.92254845765585,0.43000587683733865,0.004315241705626249
O01_ref3_residual_UNet,ref3 + residual U-Net,Leave-One-Family-Out OOD,0,leave_one_family_out_ood_0026,1.38232245992508,29.008124725618927,0.4876554026585498,0.0043777828104794025
O01_ref3_residual_UNet,ref3 + residual U-Net,Leave-One-Family-Out OOD,0,leave_one_family_out_ood_0027,1.9631289333896609,28.316334117490932,0.4152169718939656,0.0044847275130450726
O01_ref3_residual_UNet,ref3 + residual U-Net,Leave-One-Family-Out OOD,0,leave_one_family_out_ood_0028,2.1630135576277416,29.433002888931668,0.43870616905129306,0.00423968443647027
O01_ref3_residual_UNet,ref3 + residual U-Net,Leave-One-Family-Out OOD,0,leave_one_family_out_ood_0029,5.5994621233452335,24.087966148582176,0.16179695495088361,0.01059025526046753
O01_ref3_residual_UNet,ref3 + residual U-Net,Leave-One-Family-Out OOD,0,leave_one_family_out_ood_0030,1.3512405739741533,29.950866409514827,0.49791181246689775,0.00282969675026834
O01_ref3_residual_UNet,ref3 + residual U-Net,Leave-One-Family-Out OOD,0,leave_one_family_out_ood_0031,1.9490245591824562,29.39094645829985,0.4483580842290506,0.0035927100107073784
O01_ref3_residual_UNet,ref3 + residual U-Net,Leave-One-Family-Out OOD,0,leave_one_family_out_ood_0032,4.199905723050086,25.879135887893714,0.1751488535641604,0.01067353319376707
O01_ref3_residual_UNet,ref3 + residual U-Net,Leave-One-Family-Out OOD,0,leave_one_family_out_ood_0033,1.5404004344736444,29.643763203017137,0.4781806345745023,0.003478924511000514
O01_ref3_residual_UNet,ref3 + residual U-Net,Leave-One-Family-Out OOD,0,leave_one_family_out_ood_0034,2.4206936262467216,28.21483018363117,0.36297642398047825,0.006248584482818842
O01_ref3_residual_UNet,ref3 + residual U-Net,Leave-One-Family-Out OOD,0,leave_one_family_out_ood_0035,1.1231290121285202,30.711952534460405,0.5148773766294585,0.0016680593835189939
O01_ref3_residual_UNet,ref3 + residual U-Net,Leave-One-Family-Out OOD,0,leave_one_family_out_ood_0036,2.250143261814404,28.216706924020386,0.423404829001847,0.004774846602231264
O01_ref3_residual_UNet,ref3 + residual U-Net,Leave-One-Family-Out OOD,0,leave_one_family_out_ood_0037,1.2238310586448313,30.126358869919187,0.5463280146721297,0.0026685427874326706
O01_ref3_residual_UNet,ref3 + residual U-Net,Leave-One-Family-Out OOD,0,leave_one_family_out_ood_0038,1.301266158528759,30.37213275798186,0.5143827949905656,0.0030059339478611946
O01_ref3_residual_UNet,ref3 + residual U-Net,Leave-One-Family-Out OOD,0,leave_one_family_out_ood_0039,1.727744278789704,28.54872456845389,0.43652311901608226,0.004269842524081469
O01_ref3_residual_UNet,ref3 + residual U-Net,Leave-One-Family-Out OOD,0,leave_one_family_out_ood_0040,1.8072808932759639,29.293372986478445,0.4815617819900513,0.0034940752666443586
O01_ref3_residual_UNet,ref3 + residual U-Net,Leave-One-Family-Out OOD,0,leave_one_family_out_ood_0041,2.8993412177457634,27.7510818065862,0.29352648747525634,0.007346475496888161
O01_ref3_residual_UNet,ref3 + residual U-Net,Leave-One-Family-Out OOD,0,leave_one_family_out_ood_0042,2.583182941085567,26.798053665920207,0.30142869374788916,0.005476567428559065
O01_ref3_residual_UNet,ref3 + residual U-Net,Leave-One-Family-Out OOD,0,leave_one_family_out_ood_0043,2.8428307872909087,27.126663478372617,0.31336671337351807,0.006367660127580166
O01_ref3_residual_UNet,ref3 + residual U-Net,Leave-One-Family-Out OOD,0,leave_one_family_out_ood_0044,2.5653493769025486,28.09394576721722,0.36151463829611075,0.005283209029585123
O01_ref3_residual_UNet,ref3 + residual U-Net,Leave-One-Family-Out OOD,0,leave_one_family_out_ood_0045,3.7370838256749854,24.65715938499091,0.1845681959801175,0.009907996281981468
O01_ref3_residual_UNet,ref3 + residual U-Net,Leave-One-Family-Out OOD,0,leave_one_family_out_ood_0046,1.765544666726078,29.090013063969742,0.43373800430364545,0.004722637590020895
O01_ref3_residual_UNet,ref3 + residual U-Net,Leave-One-Family-Out OOD,0,leave_one_family_out_ood_0047,1.9896932609141935,27.820490565536396,0.3474022670459846,0.00656531797721982
O01_ref3_residual_UNet,ref3 + residual U-Net,Leave-One-Family-Out OOD,0,leave_one_family_out_ood_0048,2.0530470658951985,28.922711390072237,0.44831521581559586,0.00455375574529171
O01_ref3_residual_UNet,ref3 + residual U-Net,Leave-One-Family-Out OOD,0,leave_one_family_out_ood_0049,1.6731492103866634,29.22747774394771,0.48103686041403554,0.0037822092417627573
O01_ref3_residual_UNet,ref3 + residual U-Net,Leave-One-Family-Out OOD,0,leave_one_family_out_ood_0050,1.5329871675482816,30.95695569687667,0.541596073584709,0.0025127807166427374
O01_ref3_residual_UNet,ref3 + residual U-Net,Leave-One-Family-Out OOD,0,leave_one_family_out_ood_0051,2.9633113587161897,26.853349203712362,0.35536687577035386,0.00582879688590765
O01_ref3_residual_UNet,ref3 + residual U-Net,Leave-One-Family-Out OOD,0,leave_one_family_out_ood_0052,1.5176016395202085,28.53017947499355,0.4094912225385052,0.0033112838864326477
O01_ref3_residual_UNet,ref3 + residual U-Net,Leave-One-Family-Out OOD,0,leave_one_family_out_ood_0053,4.243847523097731,25.15700492302093,0.1845118058277383,0.008915976621210575
O01_ref3_residual_UNet,ref3 + residual U-Net,Leave-One-Family-Out OOD,0,leave_one_family_out_ood_0054,1.6772368703778355,29.983753406471564,0.5135415570769929,0.003301794407889247
O01_ref3_residual_UNet,ref3 + residual U-Net,Leave-One-Family-Out OOD,0,leave_one_family_out_ood_0055,2.7283562251260247,26.87663403102657,0.30461106630493867,0.006526656914502382
O01_ref3_residual_UNet,ref3 + residual U-Net,Leave-One-Family-Out OOD,0,leave_one_family_out_ood_0056,1.3718855722874965,29.604786974269633,0.5214270062206957,0.0025484352372586727
O01_ref3_residual_UNet,ref3 + residual U-Net,Leave-One-Family-Out OOD,0,leave_one_family_out_ood_0057,2.5772545995739535,26.839026809538975,0.2871956614966004,0.006102270446717739
O01_ref3_residual_UNet,ref3 + residual U-Net,Leave-One-Family-Out OOD,0,leave_one_family_out_ood_0058,1.539207472280103,29.264652561010806,0.4867878292986098,0.002916366094723344
O01_ref3_residual_UNet,ref3 + residual U-Net,Leave-One-Family-Out OOD,0,leave_one_family_out_ood_0059,1.43823532848312,30.296142814479616,0.49797944775192493,0.002688836073502898
O01_ref3_residual_UNet,ref3 + residual U-Net,Leave-One-Family-Out OOD,0,leave_one_family_out_ood_0060,2.457310360465951,28.601100596587784,0.40198339285445017,0.004270991776138544
O01_ref3_residual_UNet,ref3 + residual U-Net,Leave-One-Family-Out OOD,0,leave_one_family_out_ood_0061,1.8008130546449754,28.673837622041386,0.4408626375224474,0.004428191110491753
O01_ref3_residual_UNet,ref3 + residual U-Net,Leave-One-Family-Out OOD,0,leave_one_family_out_ood_0062,2.9743285040146774,26.228428684648144,0.2934819329232245,0.006781976204365492
O01_ref3_residual_UNet,ref3 + residual U-Net,Leave-One-Family-Out OOD,0,leave_one_family_out_ood_0063,1.9581492868873944,29.048680743386882,0.4592315260951178,0.0036738424096256495
O01_ref3_residual_UNet,ref3 + residual U-Net,Leave-One-Family-Out OOD,0,leave_one_family_out_ood_0064,2.0480391562487,29.98077153379213,0.4761653558438909,0.003308926010504365
O01_ref3_residual_UNet,ref3 + residual U-Net,Leave-One-Family-Out OOD,0,leave_one_family_out_ood_0065,2.138215292484502,28.705440538944753,0.38633189709276133,0.00493847019970417
O01_ref3_residual_UNet,ref3 + residual U-Net,Leave-One-Family-Out OOD,0,leave_one_family_out_ood_0066,4.090682959338659,25.38276982695257,0.17331011330543716,0.010413028299808502
O01_ref3_residual_UNet,ref3 + residual U-Net,Leave-One-Family-Out OOD,0,leave_one_family_out_ood_0067,2.107788383345753,27.91148527892573,0.3628912055074096,0.0051502506248652935
O01_ref3_residual_UNet,ref3 + residual U-Net,Leave-One-Family-Out OOD,0,leave_one_family_out_ood_0068,1.1495856665159507,30.336997609000793,0.493658302754314,0.001642045914195478
O01_ref3_residual_UNet,ref3 + residual U-Net,Leave-One-Family-Out OOD,0,leave_one_family_out_ood_0069,2.3406197010281997,27.426279182805263,0.34292782355146234,0.004858500324189663
O01_ref3_residual_UNet,ref3 + residual U-Net,Leave-One-Family-Out OOD,0,leave_one_family_out_ood_0070,2.0054924219505224,28.699197235277918,0.42223785739015035,0.004619919694960117
O01_ref3_residual_UNet,ref3 + residual U-Net,Leave-One-Family-Out OOD,0,leave_one_family_out_ood_0071,1.50529070641585,29.049760364788956,0.4407075251423953,0.004267902113497257
O01_ref3_residual_UNet,ref3 + residual U-Net,Leave-One-Family-Out OOD,0,leave_one_family_out_ood_0072,2.8686189898819934,26.845930172529464,0.328473241815358,0.00594775564968586
O01_ref3_residual_UNet,ref3 + residual U-Net,Leave-One-Family-Out OOD,0,leave_one_family_out_ood_0073,2.4265843057612306,27.615877457630013,0.35258046223712347,0.005353590939193964
O01_ref3_residual_UNet,ref3 + residual U-Net,Leave-One-Family-Out OOD,0,leave_one_family_out_ood_0074,2.927554787166494,26.85304735030849,0.2687462213525622,0.007983856834471226
O01_ref3_residual_UNet,ref3 + residual U-Net,Leave-One-Family-Out OOD,0,leave_one_family_out_ood_0075,2.0729433877589374,28.20337846865784,0.40679425574770567,0.004948285408318043
O01_ref3_residual_UNet,ref3 + residual U-Net,Leave-One-Family-Out OOD,0,leave_one_family_out_ood_0076,1.1463076112706128,30.30997298528044,0.5406081153311539,0.0027095796540379524
O01_ref3_residual_UNet,ref3 + residual U-Net,Leave-One-Family-Out OOD,0,leave_one_family_out_ood_0077,1.7415904757746865,28.509179109161813,0.39607105466254516,0.005026913248002529
O01_ref3_residual_UNet,ref3 + residual U-Net,Leave-One-Family-Out OOD,0,leave_one_family_out_ood_0078,1.7280418474470594,29.913876985155362,0.5048577607539926,0.0034661474637687206
O01_ref3_residual_UNet,ref3 + residual U-Net,Leave-One-Family-Out OOD,0,leave_one_family_out_ood_0079,3.4098400806386877,25.51544713733435,0.23216815729726575,0.009015553630888462
O01_ref3_residual_UNet,ref3 + residual U-Net,Leave-One-Family-Out OOD,0,leave_one_family_out_ood_0080,1.6801157993637397,28.050529646608528,0.3907258025224719,0.005203504581004381
O01_ref3_residual_UNet,ref3 + residual U-Net,Leave-One-Family-Out OOD,0,leave_one_family_out_ood_0081,1.4292286707389794,29.76302326156739,0.5083483223720731,0.0029086051508784294
O01_ref3_residual_UNet,ref3 + residual U-Net,Leave-One-Family-Out OOD,0,leave_one_family_out_ood_0082,1.52492061613714,28.50797409710941,0.447440631074294,0.0042503830045461655
O01_ref3_residual_UNet,ref3 + residual U-Net,Leave-One-Family-Out OOD,0,leave_one_family_out_ood_0083,1.8316644618462787,29.04301652163271,0.44079690272569966,0.004266871139407158
O01_ref3_residual_UNet,ref3 + residual U-Net,Leave-One-Family-Out OOD,0,leave_one_family_out_ood_0084,3.3527258400994615,26.069185928306545,0.32197930236877964,0.0052461689338088036
O01_ref3_residual_UNet,ref3 + residual U-Net,Leave-One-Family-Out OOD,0,leave_one_family_out_ood_0085,1.9471773814545776,29.332291618477594,0.4503180503885206,0.0030862544663250446
O01_ref3_residual_UNet,ref3 + residual U-Net,Leave-One-Family-Out OOD,0,leave_one_family_out_ood_0086,2.0000469948967408,29.028345288024585,0.41715232849316075,0.00485459016636014
O01_ref3_residual_UNet,ref3 + residual U-Net,Leave-One-Family-Out OOD,0,leave_one_family_out_ood_0087,3.10169539397853,26.940610444091032,0.2867262488083515,0.005921673495322466
O01_ref3_residual_UNet,ref3 + residual U-Net,Leave-One-Family-Out OOD,0,leave_one_family_out_ood_0088,2.4433947437970494,27.555263995813924,0.35644927877283367,0.005018725525587797
O01_ref3_residual_UNet,ref3 + residual U-Net,Leave-One-Family-Out OOD,0,leave_one_family_out_ood_0089,1.4959404707219506,29.424229495111618,0.4472925443134212,0.004519555252045393
O01_ref3_residual_UNet,ref3 + residual U-Net,Leave-One-Family-Out OOD,0,leave_one_family_out_ood_0090,1.646967060468639,29.136507453971305,0.47174272222371894,0.0033922484144568443
O01_ref3_residual_UNet,ref3 + residual U-Net,Leave-One-Family-Out OOD,0,leave_one_family_out_ood_0091,2.0882440633860684,28.713814774051517,0.43371885860392406,0.0047589861787855625
O01_ref3_residual_UNet,ref3 + residual U-Net,Leave-One-Family-Out OOD,0,leave_one_family_out_ood_0092,2.6331848445404606,26.817416683783826,0.27071500319192576,0.008176730014383793
O01_ref3_residual_UNet,ref3 + residual U-Net,Leave-One-Family-Out OOD,0,leave_one_family_out_ood_0093,1.836780372696513,28.142783624972854,0.43122358089112645,0.003938760608434677
O01_ref3_residual_UNet,ref3 + residual U-Net,Leave-One-Family-Out OOD,0,leave_one_family_out_ood_0094,2.641080103496008,28.2996340343098,0.3800807294911683,0.004702363163232803
O01_ref3_residual_UNet,ref3 + residual U-Net,Leave-One-Family-Out OOD,0,leave_one_family_out_ood_0095,3.1446401788781624,26.36480806183848,0.275405040950589,0.006101778242737055
O01_ref3_residual_UNet,ref3 + residual U-Net,Leave-One-Family-Out OOD,0,leave_one_family_out_ood_0096,2.425563140380121,27.8124100701951,0.3648961256558161,0.00540742464363575
O01_ref3_residual_UNet,ref3 + residual U-Net,Leave-One-Family-Out OOD,0,leave_one_family_out_ood_0097,2.0412398720448803,27.973642109068674,0.4087982888675544,0.00453642662614584
O01_ref3_residual_UNet,ref3 + residual U-Net,Leave-One-Family-Out OOD,0,leave_one_family_out_ood_0098,1.3315223347865413,31.273087317084816,0.5541077798730919,0.0021749483421444893
O01_ref3_residual_UNet,ref3 + residual U-Net,Leave-One-Family-Out OOD,0,leave_one_family_out_ood_0099,3.057401880924506,27.11659533352198,0.324833432652002,0.006295102648437023
O01_ref3_residual_UNet,ref3 + residual U-Net,Leave-One-Family-Out OOD,1,leave_one_family_out_ood_0000,1.0100122955904518,31.232294475319087,0.5523175226569472,0.0019730350468307734
O01_ref3_residual_UNet,ref3 + residual U-Net,Leave-One-Family-Out OOD,1,leave_one_family_out_ood_0001,0.9935807297086746,31.59197839972496,0.5715190065586785,0.0017342190258204937
O01_ref3_residual_UNet,ref3 + residual U-Net,Leave-One-Family-Out OOD,1,leave_one_family_out_ood_0002,1.0660925353341002,30.606655051798967,0.5142550267292397,0.002572192344814539
O01_ref3_residual_UNet,ref3 + residual U-Net,Leave-One-Family-Out OOD,1,leave_one_family_out_ood_0003,0.9975465149751378,31.949879676755998,0.5870845241727158,0.0013607769506052136
O01_ref3_residual_UNet,ref3 + residual U-Net,Leave-One-Family-Out OOD,1,leave_one_family_out_ood_0004,1.0466684829827728,31.03540050314386,0.5556023169293579,0.0028217306826263666
O01_ref3_residual_UNet,ref3 + residual U-Net,Leave-One-Family-Out OOD,1,leave_one_family_out_ood_0005,1.0079807625763975,30.639230703770558,0.5158243409909715,0.0021334090270102024
O01_ref3_residual_UNet,ref3 + residual U-Net,Leave-One-Family-Out OOD,1,leave_one_family_out_ood_0006,1.0448110422087635,31.00181157350784,0.5431072019720743,0.0020718087907880545
O01_ref3_residual_UNet,ref3 + residual U-Net,Leave-One-Family-Out OOD,1,leave_one_family_out_ood_0007,0.9840925574446805,31.648428492175277,0.5781766887941542,0.0017772822175174952
O01_ref3_residual_UNet,ref3 + residual U-Net,Leave-One-Family-Out OOD,1,leave_one_family_out_ood_0008,0.975233112697437,31.25737887982737,0.5552182181142262,0.0016320982249453664
O01_ref3_residual_UNet,ref3 + residual U-Net,Leave-One-Family-Out OOD,1,leave_one_family_out_ood_0009,1.0456129970013257,31.852926080695948,0.59293839555647,0.0021214596927165985
O01_ref3_residual_UNet,ref3 + residual U-Net,Leave-One-Family-Out OOD,1,leave_one_family_out_ood_0010,1.0143214542532988,32.05361434380987,0.6204236144579407,0.0013992299791425467
O01_ref3_residual_UNet,ref3 + residual U-Net,Leave-One-Family-Out OOD,1,leave_one_family_out_ood_0011,1.0076174108484222,31.569306365369595,0.5751212329614905,0.0020823830273002386
O01_ref3_residual_UNet,ref3 + residual U-Net,Leave-One-Family-Out OOD,1,leave_one_family_out_ood_0012,1.0197364587934807,30.907720644123554,0.5313114068474728,0.001886534970253706
O01_ref3_residual_UNet,ref3 + residual U-Net,Leave-One-Family-Out OOD,1,leave_one_family_out_ood_0013,1.040412306447588,31.098705667615857,0.5455858712064939,0.0020151224453002214
O01_ref3_residual_UNet,ref3 + residual U-Net,Leave-One-Family-Out OOD,1,leave_one_family_out_ood_0014,1.0287741963104975,32.09962876575971,0.5950064310619649,0.0016996532212942839
O01_ref3_residual_UNet,ref3 + residual U-Net,Leave-One-Family-Out OOD,1,leave_one_family_out_ood_0015,1.022791718198069,30.540225943472194,0.5588585056693378,0.002286104718223214
O01_ref3_residual_UNet,ref3 + residual U-Net,Leave-One-Family-Out OOD,1,leave_one_family_out_ood_0016,1.090177746211174,31.02348163104665,0.5478817474325341,0.0030303332023322582
O01_ref3_residual_UNet,ref3 + residual U-Net,Leave-One-Family-Out OOD,1,leave_one_family_out_ood_0017,1.0479695822078103,30.690053148612456,0.5190788054716231,0.002585873007774353
O01_ref3_residual_UNet,ref3 + residual U-Net,Leave-One-Family-Out OOD,1,leave_one_family_out_ood_0018,1.0030797804159728,32.067855934685944,0.5964784241201883,0.0016923508374020457
O01_ref3_residual_UNet,ref3 + residual U-Net,Leave-One-Family-Out OOD,1,leave_one_family_out_ood_0019,1.0565014708760003,31.254452875655968,0.554882712257691,0.002079864265397191
O01_ref3_residual_UNet,ref3 + residual U-Net,Leave-One-Family-Out OOD,1,leave_one_family_out_ood_0020,1.0438742530404903,31.84436609544122,0.5815694850546465,0.001879422808997333
O01_ref3_residual_UNet,ref3 + residual U-Net,Leave-One-Family-Out OOD,1,leave_one_family_out_ood_0021,1.0090399469515234,32.11009623937242,0.6000067881858057,0.0016226255102083087
O01_ref3_residual_UNet,ref3 + residual U-Net,Leave-One-Family-Out OOD,1,leave_one_family_out_ood_0022,1.0439861654018068,31.34027677413505,0.551648855404636,0.002139046788215637
O01_ref3_residual_UNet,ref3 + residual U-Net,Leave-One-Family-Out OOD,1,leave_one_family_out_ood_0023,1.0189582126655918,31.88368011506478,0.5839468931614953,0.0018252675654366612
O01_ref3_residual_UNet,ref3 + residual U-Net,Leave-One-Family-Out OOD,1,leave_one_family_out_ood_0024,1.0636250925705624,30.413549773098048,0.5098175022884349,0.0029157681856304407
O01_ref3_residual_UNet,ref3 + residual U-Net,Leave-One-Family-Out OOD,1,leave_one_family_out_ood_0025,1.0724053290082398,31.226700740280002,0.5513248400351181,0.0025407313369214535
O01_ref3_residual_UNet,ref3 + residual U-Net,Leave-One-Family-Out OOD,1,leave_one_family_out_ood_0026,0.993530171385265,30.442407814005513,0.5097657268548993,0.0020799310877919197
O01_ref3_residual_UNet,ref3 + residual U-Net,Leave-One-Family-Out OOD,1,leave_one_family_out_ood_0027,0.985707082831273,31.308343597000764,0.5581645194694297,0.0017939397366717458
O01_ref3_residual_UNet,ref3 + residual U-Net,Leave-One-Family-Out OOD,1,leave_one_family_out_ood_0028,0.9918386819314774,32.819184779995076,0.6394369457419371,0.001538165844976902
O01_ref3_residual_UNet,ref3 + residual U-Net,Leave-One-Family-Out OOD,1,leave_one_family_out_ood_0029,1.0349138020341995,31.42038746710727,0.5614366829183938,0.001989526441320777
O01_ref3_residual_UNet,ref3 + residual U-Net,Leave-One-Family-Out OOD,1,leave_one_family_out_ood_0030,1.0058297921169503,31.232948196480223,0.5471127415248297,0.0015679048374295235
O01_ref3_residual_UNet,ref3 + residual U-Net,Leave-One-Family-Out OOD,1,leave_one_family_out_ood_0031,1.0648588062898754,32.01619943727148,0.5970111713565768,0.001907781814225018
O01_ref3_residual_UNet,ref3 + residual U-Net,Leave-One-Family-Out OOD,1,leave_one_family_out_ood_0032,1.075732188847238,31.794489604103042,0.5751928031890181,0.002459191018715501
O01_ref3_residual_UNet,ref3 + residual U-Net,Leave-One-Family-Out OOD,1,leave_one_family_out_ood_0033,1.0021255735018901,31.510877731137697,0.5763599967514151,0.0022828069049865007
O01_ref3_residual_UNet,ref3 + residual U-Net,Leave-One-Family-Out OOD,1,leave_one_family_out_ood_0034,1.054156967034358,31.825175579619156,0.5814140503591964,0.002329939976334572
O01_ref3_residual_UNet,ref3 + residual U-Net,Leave-One-Family-Out OOD,1,leave_one_family_out_ood_0035,1.0096354985362672,31.174602943327038,0.5402200184994146,0.0014463947154581547
O01_ref3_residual_UNet,ref3 + residual U-Net,Leave-One-Family-Out OOD,1,leave_one_family_out_ood_0036,1.0068897453367012,31.70898946745739,0.5794124422413984,0.0017474067863076925
O01_ref3_residual_UNet,ref3 + residual U-Net,Leave-One-Family-Out OOD,1,leave_one_family_out_ood_0037,0.9477060992151405,31.23683696614671,0.5714398803026113,0.0019886440131813288
O01_ref3_residual_UNet,ref3 + residual U-Net,Leave-One-Family-Out OOD,1,leave_one_family_out_ood_0038,1.0122969810809672,31.46271468232259,0.5663510245337467,0.002114000264555216
O01_ref3_residual_UNet,ref3 + residual U-Net,Leave-One-Family-Out OOD,1,leave_one_family_out_ood_0039,1.0344444233954846,30.776447527798606,0.5226138128540816,0.0021920441649854183
O01_ref3_residual_UNet,ref3 + residual U-Net,Leave-One-Family-Out OOD,1,leave_one_family_out_ood_0040,1.0067296418082845,31.834501060504664,0.5881244210414812,0.0015993883134797215
O01_ref3_residual_UNet,ref3 + residual U-Net,Leave-One-Family-Out OOD,1,leave_one_family_out_ood_0041,1.103028753795487,31.948206678504427,0.5842684673493793,0.0026244819164276123
O01_ref3_residual_UNet,ref3 + residual U-Net,Leave-One-Family-Out OOD,1,leave_one_family_out_ood_0042,1.002095942751277,30.910512150763477,0.5309724588335875,0.001808390486985445
O01_ref3_residual_UNet,ref3 + residual U-Net,Leave-One-Family-Out OOD,1,leave_one_family_out_ood_0043,1.0539529517726722,31.43596132827103,0.5665914741415418,0.002337762387469411
O01_ref3_residual_UNet,ref3 + residual U-Net,Leave-One-Family-Out OOD,1,leave_one_family_out_ood_0044,1.0052908543573835,32.16249348286043,0.5997629291737061,0.0014790048589929938
O01_ref3_residual_UNet,ref3 + residual U-Net,Leave-One-Family-Out OOD,1,leave_one_family_out_ood_0045,1.0844952783461872,30.030211394491502,0.520243865411875,0.002688252367079258
O01_ref3_residual_UNet,ref3 + residual U-Net,Leave-One-Family-Out OOD,1,leave_one_family_out_ood_0046,1.0401595806414052,31.387800385146882,0.5569426494198612,0.002530091442167759
O01_ref3_residual_UNet,ref3 + residual U-Net,Leave-One-Family-Out OOD,1,leave_one_family_out_ood_0047,1.0850130633354769,30.454002242789187,0.5077398524156455,0.003014865331351757
O01_ref3_residual_UNet,ref3 + residual U-Net,Leave-One-Family-Out OOD,1,leave_one_family_out_ood_0048,1.0338490548812276,31.902129343192463,0.5862615798637609,0.0018526511266827583
O01_ref3_residual_UNet,ref3 + residual U-Net,Leave-One-Family-Out OOD,1,leave_one_family_out_ood_0049,1.0196026997586853,31.378514938341944,0.5555155158610905,0.0017847636481747031
O01_ref3_residual_UNet,ref3 + residual U-Net,Leave-One-Family-Out OOD,1,leave_one_family_out_ood_0050,0.989414387574068,32.85855884265601,0.644234218209174,0.0015151470433920622
O01_ref3_residual_UNet,ref3 + residual U-Net,Leave-One-Family-Out OOD,1,leave_one_family_out_ood_0051,1.018735489119979,31.49050768331013,0.5834736973194129,0.0023653998505324125
O01_ref3_residual_UNet,ref3 + residual U-Net,Leave-One-Family-Out OOD,1,leave_one_family_out_ood_0052,1.0148845923883674,30.277590906290044,0.49924284736394725,0.0020617374684661627
O01_ref3_residual_UNet,ref3 + residual U-Net,Leave-One-Family-Out OOD,1,leave_one_family_out_ood_0053,1.0472920004056068,31.233924740806028,0.5553798813835784,0.0023508246522396803
O01_ref3_residual_UNet,ref3 + residual U-Net,Leave-One-Family-Out OOD,1,leave_one_family_out_ood_0054,0.9794422706090238,32.31990899552714,0.6292457435091231,0.002056524623185396
O01_ref3_residual_UNet,ref3 + residual U-Net,Leave-One-Family-Out OOD,1,leave_one_family_out_ood_0055,1.0164224728710278,31.16490231423793,0.5529113722474532,0.0021772286854684353
O01_ref3_residual_UNet,ref3 + residual U-Net,Leave-One-Family-Out OOD,1,leave_one_family_out_ood_0056,1.0285021625005077,30.855913871444383,0.5659291210392319,0.0016121483640745282
O01_ref3_residual_UNet,ref3 + residual U-Net,Leave-One-Family-Out OOD,1,leave_one_family_out_ood_0057,1.1071814451675837,30.508412202590854,0.5136895913548741,0.0028642788529396057
O01_ref3_residual_UNet,ref3 + residual U-Net,Leave-One-Family-Out OOD,1,leave_one_family_out_ood_0058,0.9956596308645862,31.15651543099833,0.5546855937687999,0.0018511118832975626
O01_ref3_residual_UNet,ref3 + residual U-Net,Leave-One-Family-Out OOD,1,leave_one_family_out_ood_0059,0.9990378497459673,31.87862280014528,0.5837305296411629,0.0014250727836042643
O01_ref3_residual_UNet,ref3 + residual U-Net,Leave-One-Family-Out OOD,1,leave_one_family_out_ood_0060,1.073282949670002,32.19855825303725,0.6011042124958789,0.002101391786709428
O01_ref3_residual_UNet,ref3 + residual U-Net,Leave-One-Family-Out OOD,1,leave_one_family_out_ood_0061,1.0433921161948172,31.04404848845103,0.5500778633861053,0.00253677973523736
O01_ref3_residual_UNet,ref3 + residual U-Net,Leave-One-Family-Out OOD,1,leave_one_family_out_ood_0062,1.026529835068763,30.848601959497827,0.5405361405637353,0.002072139410302043
O01_ref3_residual_UNet,ref3 + residual U-Net,Leave-One-Family-Out OOD,1,leave_one_family_out_ood_0063,1.0703895320912917,31.671720182993166,0.5810716491236212,0.002089055487886071
O01_ref3_residual_UNet,ref3 + residual U-Net,Leave-One-Family-Out OOD,1,leave_one_family_out_ood_0064,1.0427344500241036,32.91241703437295,0.6431523028557555,0.0018174124415963888
O01_ref3_residual_UNet,ref3 + residual U-Net,Leave-One-Family-Out OOD,1,leave_one_family_out_ood_0065,1.037720620058809,31.845150467894953,0.5842425298167648,0.001990328077226877
O01_ref3_residual_UNet,ref3 + residual U-Net,Leave-One-Family-Out OOD,1,leave_one_family_out_ood_0066,1.0091772984033187,31.461053553086032,0.5647528759275479,0.0021526559721678495
O01_ref3_residual_UNet,ref3 + residual U-Net,Leave-One-Family-Out OOD,1,leave_one_family_out_ood_0067,1.0719436644938913,30.848035934391778,0.5266811897544773,0.002699154196307063
O01_ref3_residual_UNet,ref3 + residual U-Net,Leave-One-Family-Out OOD,1,leave_one_family_out_ood_0068,1.020090168784409,30.85602518951587,0.5234032026962652,0.001546594430692494
O01_ref3_residual_UNet,ref3 + residual U-Net,Leave-One-Family-Out OOD,1,leave_one_family_out_ood_0069,1.072944737769045,30.813814238168256,0.5289536566401288,0.0022326980251818895
O01_ref3_residual_UNet,ref3 + residual U-Net,Leave-One-Family-Out OOD,1,leave_one_family_out_ood_0070,1.0280518360266582,31.60125735731066,0.5773753385282295,0.002246609190478921
O01_ref3_residual_UNet,ref3 + residual U-Net,Leave-One-Family-Out OOD,1,leave_one_family_out_ood_0071,1.025150567652183,30.7180872748124,0.5253371047429314,0.002335613826289773
O01_ref3_residual_UNet,ref3 + residual U-Net,Leave-One-Family-Out OOD,1,leave_one_family_out_ood_0072,1.0331726850885572,31.280929791036193,0.5585515457579049,0.002049695234745741
O01_ref3_residual_UNet,ref3 + residual U-Net,Leave-One-Family-Out OOD,1,leave_one_family_out_ood_0073,1.043255137847898,31.281926038798144,0.554782644668313,0.002368302782997489
O01_ref3_residual_UNet,ref3 + residual U-Net,Leave-One-Family-Out OOD,1,leave_one_family_out_ood_0074,1.053131388606854,31.29327200273014,0.5541597395737904,0.002558143576607108
O01_ref3_residual_UNet,ref3 + residual U-Net,Leave-One-Family-Out OOD,1,leave_one_family_out_ood_0075,1.0384633386728392,31.20534138004066,0.566330861077989,0.002828787313774228
O01_ref3_residual_UNet,ref3 + residual U-Net,Leave-One-Family-Out OOD,1,leave_one_family_out_ood_0076,1.0037220040728485,30.88685017883399,0.5300637114513952,0.0018677687039598823
O01_ref3_residual_UNet,ref3 + residual U-Net,Leave-One-Family-Out OOD,1,leave_one_family_out_ood_0077,1.0473270566766562,30.717816178559655,0.5190395493576939,0.002158576622605324
O01_ref3_residual_UNet,ref3 + residual U-Net,Leave-One-Family-Out OOD,1,leave_one_family_out_ood_0078,1.0282281872353647,32.168524404750094,0.6056938132269487,0.001974325394257903
O01_ref3_residual_UNet,ref3 + residual U-Net,Leave-One-Family-Out OOD,1,leave_one_family_out_ood_0079,1.024349251782483,30.73830666718081,0.519175755287191,0.00202083308249712
O01_ref3_residual_UNet,ref3 + residual U-Net,Leave-One-Family-Out OOD,1,leave_one_family_out_ood_0080,0.9964855183095799,30.319211732977177,0.5070714775581062,0.0022170317824929953
O01_ref3_residual_UNet,ref3 + residual U-Net,Leave-One-Family-Out OOD,1,leave_one_family_out_ood_0081,1.0345166039739477,31.166665566434176,0.5518177169909799,0.0020927542354911566
O01_ref3_residual_UNet,ref3 + residual U-Net,Leave-One-Family-Out OOD,1,leave_one_family_out_ood_0082,0.9971330185385665,30.35291545382412,0.5201697327904314,0.0026668545324355364
O01_ref3_residual_UNet,ref3 + residual U-Net,Leave-One-Family-Out OOD,1,leave_one_family_out_ood_0083,1.072828201424149,31.36617356948646,0.5608396352142426,0.002382350852712989
O01_ref3_residual_UNet,ref3 + residual U-Net,Leave-One-Family-Out OOD,1,leave_one_family_out_ood_0084,1.166571770935957,30.6540518829075,0.5715288581965129,0.0023452674504369497
O01_ref3_residual_UNet,ref3 + residual U-Net,Leave-One-Family-Out OOD,1,leave_one_family_out_ood_0085,1.0071493865634362,32.19540766419965,0.6046701364185885,0.0016615147469565272
O01_ref3_residual_UNet,ref3 + residual U-Net,Leave-One-Family-Out OOD,1,leave_one_family_out_ood_0086,1.030965334754681,31.90630671091659,0.5871538199165707,0.0020413342863321304
O01_ref3_residual_UNet,ref3 + residual U-Net,Leave-One-Family-Out OOD,1,leave_one_family_out_ood_0087,0.9964904571343502,31.87187031907893,0.5898905833398789,0.001704844762571156
O01_ref3_residual_UNet,ref3 + residual U-Net,Leave-One-Family-Out OOD,1,leave_one_family_out_ood_0088,1.0332337682572135,31.29321446198435,0.553873790441501,0.0023292149417102337
O01_ref3_residual_UNet,ref3 + residual U-Net,Leave-One-Family-Out OOD,1,leave_one_family_out_ood_0089,1.0644763123171037,30.902012635377588,0.5272912886395043,0.002683547092601657
O01_ref3_residual_UNet,ref3 + residual U-Net,Leave-One-Family-Out OOD,1,leave_one_family_out_ood_0090,1.0041098510882316,31.28554419711267,0.5518947294577988,0.0017281515756621957
O01_ref3_residual_UNet,ref3 + residual U-Net,Leave-One-Family-Out OOD,1,leave_one_family_out_ood_0091,1.0266553689832014,31.79738024815184,0.5814514963639684,0.0018293570028617978
O01_ref3_residual_UNet,ref3 + residual U-Net,Leave-One-Family-Out OOD,1,leave_one_family_out_ood_0092,1.0239782775124526,30.919322594190014,0.5332528712948513,0.002517875051125884
O01_ref3_residual_UNet,ref3 + residual U-Net,Leave-One-Family-Out OOD,1,leave_one_family_out_ood_0093,1.0182268403074684,30.704910539312593,0.5182052833366793,0.0018443763256072998
O01_ref3_residual_UNet,ref3 + residual U-Net,Leave-One-Family-Out OOD,1,leave_one_family_out_ood_0094,1.0617421507681994,32.257259175758094,0.6114417294496397,0.0021108135115355253
O01_ref3_residual_UNet,ref3 + residual U-Net,Leave-One-Family-Out OOD,1,leave_one_family_out_ood_0095,1.015727200561018,31.272747073542707,0.5490967062382324,0.00169556203763932
O01_ref3_residual_UNet,ref3 + residual U-Net,Leave-One-Family-Out OOD,1,leave_one_family_out_ood_0096,1.045299773601126,31.468127226535543,0.561449965669986,0.0022578176576644182
O01_ref3_residual_UNet,ref3 + residual U-Net,Leave-One-Family-Out OOD,1,leave_one_family_out_ood_0097,1.013263463624932,31.015358731572586,0.5528843079285074,0.0021869256161153316
O01_ref3_residual_UNet,ref3 + residual U-Net,Leave-One-Family-Out OOD,1,leave_one_family_out_ood_0098,1.0091889765775726,32.47684662290874,0.6197930217822776,0.0016024888027459383
O01_ref3_residual_UNet,ref3 + residual U-Net,Leave-One-Family-Out OOD,1,leave_one_family_out_ood_0099,1.0085508035284896,31.933142722821223,0.598271070970072,0.002147012623026967
O01_ref3_residual_UNet,ref3 + residual U-Net,Leave-One-Family-Out OOD,2,leave_one_family_out_ood_0000,0.9922655395969893,31.3092819068304,0.5474576861738923,0.0010458958568051457
O01_ref3_residual_UNet,ref3 + residual U-Net,Leave-One-Family-Out OOD,2,leave_one_family_out_ood_0001,0.9952311618679419,31.58477017819992,0.5632830703964703,0.0011227852664887905
O01_ref3_residual_UNet,ref3 + residual U-Net,Leave-One-Family-Out OOD,2,leave_one_family_out_ood_0002,0.998318369721771,30.8919133518146,0.5228421594995765,0.0011712246341630816
O01_ref3_residual_UNet,ref3 + residual U-Net,Leave-One-Family-Out OOD,2,leave_one_family_out_ood_0003,0.9944461275884404,31.963398550872665,0.5836585295149324,0.0009379208786413074
O01_ref3_residual_UNet,ref3 + residual U-Net,Leave-One-Family-Out OOD,2,leave_one_family_out_ood_0004,0.997145304715989,31.245907439201297,0.5569368851762724,0.0011256937868893147
O01_ref3_residual_UNet,ref3 + residual U-Net,Leave-One-Family-Out OOD,2,leave_one_family_out_ood_0005,0.9972602558731813,30.685667960372413,0.5109386494226376,0.001283996389247477
O01_ref3_residual_UNet,ref3 + residual U-Net,Leave-One-Family-Out OOD,2,leave_one_family_out_ood_0006,0.9965584784063566,31.20716118599435,0.5422457482172207,0.001196507248096168
O01_ref3_residual_UNet,ref3 + residual U-Net,Leave-One-Family-Out OOD,2,leave_one_family_out_ood_0007,0.9948613486991384,31.601162327734794,0.5644325041706274,0.0011259183520451188
O01_ref3_residual_UNet,ref3 + residual U-Net,Leave-One-Family-Out OOD,2,leave_one_family_out_ood_0008,0.9949884230009103,31.170283250811387,0.5385121274802424,0.0010600411333143711
O01_ref3_residual_UNet,ref3 + residual U-Net,Leave-One-Family-Out OOD,2,leave_one_family_out_ood_0009,0.9911391716777708,32.085289164631384,0.5933645825244389,0.0011301256017759442
O01_ref3_residual_UNet,ref3 + residual U-Net,Leave-One-Family-Out OOD,2,leave_one_family_out_ood_0010,0.9972434858388892,32.127358498183945,0.6192679282073414,0.0008596801199018955
O01_ref3_residual_UNet,ref3 + residual U-Net,Leave-One-Family-Out OOD,2,leave_one_family_out_ood_0011,0.9931517031149224,31.632106877149386,0.5662581399768152,0.0010974319884553552
O01_ref3_residual_UNet,ref3 + residual U-Net,Leave-One-Family-Out OOD,2,leave_one_family_out_ood_0012,0.9985179253520385,30.999041596951663,0.5284572434333805,0.0011898943921551108
O01_ref3_residual_UNet,ref3 + residual U-Net,Leave-One-Family-Out OOD,2,leave_one_family_out_ood_0013,0.9929456334213104,31.30150580083585,0.5464197785280843,0.0011348737170919776
O01_ref3_residual_UNet,ref3 + residual U-Net,Leave-One-Family-Out OOD,2,leave_one_family_out_ood_0014,0.998774603740083,32.228154298666155,0.597883034519099,0.0009046475752256811
O01_ref3_residual_UNet,ref3 + residual U-Net,Leave-One-Family-Out OOD,2,leave_one_family_out_ood_0015,0.9938745175260343,30.66478233812728,0.5593570547254847,0.0012776203220710158
O01_ref3_residual_UNet,ref3 + residual U-Net,Leave-One-Family-Out OOD,2,leave_one_family_out_ood_0016,0.9972928589181349,31.410227583434164,0.5543170358442578,0.0012248088605701923
O01_ref3_residual_UNet,ref3 + residual U-Net,Leave-One-Family-Out OOD,2,leave_one_family_out_ood_0017,0.9954959925205489,30.913144797866185,0.5249431498734328,0.0012745939893648028
O01_ref3_residual_UNet,ref3 + residual U-Net,Leave-One-Family-Out OOD,2,leave_one_family_out_ood_0018,0.9983468154026622,32.088396417472836,0.58978336488043,0.0010124215623363853
O01_ref3_residual_UNet,ref3 + residual U-Net,Leave-One-Family-Out OOD,2,leave_one_family_out_ood_0019,0.9949034989298697,31.515344328671535,0.5583905738691256,0.000985552091151476
O01_ref3_residual_UNet,ref3 + residual U-Net,Leave-One-Family-Out OOD,2,leave_one_family_out_ood_0020,0.9875416748472677,32.0852936591821,0.5922369635422712,0.0010147077264264226
O01_ref3_residual_UNet,ref3 + residual U-Net,Leave-One-Family-Out OOD,2,leave_one_family_out_ood_0021,0.9954525291889255,32.168974250008084,0.5956617764650562,0.000990157830528915
O01_ref3_residual_UNet,ref3 + residual U-Net,Leave-One-Family-Out OOD,2,leave_one_family_out_ood_0022,0.9948687530219628,31.549566182381355,0.5622279492279586,0.0011539898114278913
O01_ref3_residual_UNet,ref3 + residual U-Net,Leave-One-Family-Out OOD,2,leave_one_family_out_ood_0023,0.9945815084048615,31.98884009540446,0.5861392817797539,0.0010643380228430033
O01_ref3_residual_UNet,ref3 + residual U-Net,Leave-One-Family-Out OOD,2,leave_one_family_out_ood_0024,0.9940202748290273,30.707483007583466,0.5134004835040723,0.0012929650256410241
O01_ref3_residual_UNet,ref3 + residual U-Net,Leave-One-Family-Out OOD,2,leave_one_family_out_ood_0025,1.0002080325283342,31.529386817177304,0.5597736121863326,0.0011840625666081905
O01_ref3_residual_UNet,ref3 + residual U-Net,Leave-One-Family-Out OOD,2,leave_one_family_out_ood_0026,0.9944279576250175,30.438485087063096,0.49698610045684427,0.0012691490119323134
O01_ref3_residual_UNet,ref3 + residual U-Net,Leave-One-Family-Out OOD,2,leave_one_family_out_ood_0027,0.9978713419634271,31.255076865981852,0.5429397250334025,0.0011062865378335118
O01_ref3_residual_UNet,ref3 + residual U-Net,Leave-One-Family-Out OOD,2,leave_one_family_out_ood_0028,0.9935261828481703,32.81180217436524,0.6315750051853569,0.0009070868254639208
O01_ref3_residual_UNet,ref3 + residual U-Net,Leave-One-Family-Out OOD,2,leave_one_family_out_ood_0029,0.9952999240313621,31.589889631767992,0.5636602384486077,0.0009978371672332287
O01_ref3_residual_UNet,ref3 + residual U-Net,Leave-One-Family-Out OOD,2,leave_one_family_out_ood_0030,0.997292991502367,31.269965464238684,0.5429430654350578,0.0010300308931618929
O01_ref3_residual_UNet,ref3 + residual U-Net,Leave-One-Family-Out OOD,2,leave_one_family_out_ood_0031,0.9919671642044486,32.3241466245421,0.6048476661903671,0.0009509687661193311
O01_ref3_residual_UNet,ref3 + residual U-Net,Leave-One-Family-Out OOD,2,leave_one_family_out_ood_0032,0.9965692793107143,32.12645637535077,0.59402009238246,0.0011572742369025946
O01_ref3_residual_UNet,ref3 + residual U-Net,Leave-One-Family-Out OOD,2,leave_one_family_out_ood_0033,0.9895642094616962,31.565659709137176,0.5638426168445901,0.001217394252307713
O01_ref3_residual_UNet,ref3 + residual U-Net,Leave-One-Family-Out OOD,2,leave_one_family_out_ood_0034,0.9994536432033216,32.056601849913676,0.5900236026554118,0.0011086021549999714
O01_ref3_residual_UNet,ref3 + residual U-Net,Leave-One-Family-Out OOD,2,leave_one_family_out_ood_0035,0.99962117436303,31.217894617460043,0.5396031390285294,0.0010429469402879477
O01_ref3_residual_UNet,ref3 + residual U-Net,Leave-One-Family-Out OOD,2,leave_one_family_out_ood_0036,0.995378558148746,31.75892576211943,0.5734789085995288,0.001089409226551652
O01_ref3_residual_UNet,ref3 + residual U-Net,Leave-One-Family-Out OOD,2,leave_one_family_out_ood_0037,0.9973382243087714,31.015148907549293,0.5287332713359141,0.0010934373131021857
O01_ref3_residual_UNet,ref3 + residual U-Net,Leave-One-Family-Out OOD,2,leave_one_family_out_ood_0038,0.9967453597560824,31.529951993475642,0.559519247659984,0.0011502794222906232
O01_ref3_residual_UNet,ref3 + residual U-Net,Leave-One-Family-Out OOD,2,leave_one_family_out_ood_0039,0.9945233122747059,30.94736934234763,0.5260571850896858,0.0012174247531220317
O01_ref3_residual_UNet,ref3 + residual U-Net,Leave-One-Family-Out OOD,2,leave_one_family_out_ood_0040,0.9920573633806276,31.89826164110002,0.5807413089340948,0.0009073067922145128
O01_ref3_residual_UNet,ref3 + residual U-Net,Leave-One-Family-Out OOD,2,leave_one_family_out_ood_0041,0.9960734647083096,32.391161364506644,0.6093514631484245,0.001090612611733377
O01_ref3_residual_UNet,ref3 + residual U-Net,Leave-One-Family-Out OOD,2,leave_one_family_out_ood_0042,0.9973717164358397,30.931034555370992,0.524198337286269,0.001093476777896285
O01_ref3_residual_UNet,ref3 + residual U-Net,Leave-One-Family-Out OOD,2,leave_one_family_out_ood_0043,0.9993353134945075,31.667061340541846,0.5666036038664629,0.0010847169905900955
O01_ref3_residual_UNet,ref3 + residual U-Net,Leave-One-Family-Out OOD,2,leave_one_family_out_ood_0044,0.9961189219015851,32.20229874428319,0.5970340943672164,0.000877010403200984
O01_ref3_residual_UNet,ref3 + residual U-Net,Leave-One-Family-Out OOD,2,leave_one_family_out_ood_0045,0.9969980105983618,30.395545129225532,0.5377992119616142,0.0012599567417055368
O01_ref3_residual_UNet,ref3 + residual U-Net,Leave-One-Family-Out OOD,2,leave_one_family_out_ood_0046,0.9962875474056495,31.574953024473697,0.5636065415777292,0.0012601023772731423
O01_ref3_residual_UNet,ref3 + residual U-Net,Leave-One-Family-Out OOD,2,leave_one_family_out_ood_0047,0.9978815291746959,30.817562061568818,0.5183350942321256,0.0012839263072237372
O01_ref3_residual_UNet,ref3 + residual U-Net,Leave-One-Family-Out OOD,2,leave_one_family_out_ood_0048,0.9920752447798303,32.08125452627371,0.5916310657356179,0.0010055727325379848
O01_ref3_residual_UNet,ref3 + residual U-Net,Leave-One-Family-Out OOD,2,leave_one_family_out_ood_0049,0.9931604603478443,31.492630417473983,0.557719009384037,0.0011166766053065658
O01_ref3_residual_UNet,ref3 + residual U-Net,Leave-One-Family-Out OOD,2,leave_one_family_out_ood_0050,0.9959904521202013,32.8297889978336,0.6316774836283132,0.0008407891145907342
O01_ref3_residual_UNet,ref3 + residual U-Net,Leave-One-Family-Out OOD,2,leave_one_family_out_ood_0051,0.9959348305235853,31.58881296835067,0.575285292117516,0.0012304410338401794
O01_ref3_residual_UNet,ref3 + residual U-Net,Leave-One-Family-Out OOD,2,leave_one_family_out_ood_0052,0.9961425685295237,30.358542517270998,0.4913520919688731,0.0012135838624089956
O01_ref3_residual_UNet,ref3 + residual U-Net,Leave-One-Family-Out OOD,2,leave_one_family_out_ood_0053,0.9942398802061314,31.459690968009603,0.5580220687667525,0.001043497584760189
O01_ref3_residual_UNet,ref3 + residual U-Net,Leave-One-Family-Out OOD,2,leave_one_family_out_ood_0054,0.9936618201870685,32.25731146328513,0.6003189654015334,0.0010529567953199148
O01_ref3_residual_UNet,ref3 + residual U-Net,Leave-One-Family-Out OOD,2,leave_one_family_out_ood_0055,0.9961695720152512,31.25231194420033,0.5430544983406869,0.0011063719866797328
O01_ref3_residual_UNet,ref3 + residual U-Net,Leave-One-Family-Out OOD,2,leave_one_family_out_ood_0056,1.0042437211102198,30.959574549969876,0.5671958305388778,0.0010902327485382557
O01_ref3_residual_UNet,ref3 + residual U-Net,Leave-One-Family-Out OOD,2,leave_one_family_out_ood_0057,0.9981077485108687,30.95882595297639,0.52656868317843,0.0012187601532787085
O01_ref3_residual_UNet,ref3 + residual U-Net,Leave-One-Family-Out OOD,2,leave_one_family_out_ood_0058,0.9985002297614795,31.14414271667369,0.5363969473740553,0.0010762556921690702
O01_ref3_residual_UNet,ref3 + residual U-Net,Leave-One-Family-Out OOD,2,leave_one_family_out_ood_0059,0.9972427140326454,31.886433647883052,0.5794650465564563,0.000964514387305826
O01_ref3_residual_UNet,ref3 + residual U-Net,Leave-One-Family-Out OOD,2,leave_one_family_out_ood_0060,0.9991888323582311,32.50922501013843,0.6149366629611182,0.0010097632184624672
O01_ref3_residual_UNet,ref3 + residual U-Net,Leave-One-Family-Out OOD,2,leave_one_family_out_ood_0061,0.9976237617960759,31.238855957359846,0.5427726630212127,0.0011140668066218495
O01_ref3_residual_UNet,ref3 + residual U-Net,Leave-One-Family-Out OOD,2,leave_one_family_out_ood_0062,0.9928373397351768,30.993536856391334,0.5431863680078887,0.0011467791628092527
O01_ref3_residual_UNet,ref3 + residual U-Net,Leave-One-Family-Out OOD,2,leave_one_family_out_ood_0063,0.9911841092382393,32.00559572253549,0.5882161503921954,0.0010907596442848444
O01_ref3_residual_UNet,ref3 + residual U-Net,Leave-One-Family-Out OOD,2,leave_one_family_out_ood_0064,0.9956247989387994,33.113197015813135,0.6475838478978152,0.0009202255751006305
O01_ref3_residual_UNet,ref3 + residual U-Net,Leave-One-Family-Out OOD,2,leave_one_family_out_ood_0065,0.9946510211451859,32.0292477650131,0.5883354627008724,0.0010128057328984141
O01_ref3_residual_UNet,ref3 + residual U-Net,Leave-One-Family-Out OOD,2,leave_one_family_out_ood_0066,0.9931519666348507,31.530571183233967,0.5599813409364518,0.001150227035395801
O01_ref3_residual_UNet,ref3 + residual U-Net,Leave-One-Family-Out OOD,2,leave_one_family_out_ood_0067,0.9999176549717206,31.150112997644072,0.5385821806162769,0.0013140210648998618
O01_ref3_residual_UNet,ref3 + residual U-Net,Leave-One-Family-Out OOD,2,leave_one_family_out_ood_0068,1.0011870177792936,30.93725888708476,0.5240685018806438,0.001074947533197701
O01_ref3_residual_UNet,ref3 + residual U-Net,Leave-One-Family-Out OOD,2,leave_one_family_out_ood_0069,0.997638434112013,31.129855965333558,0.5354476467904784,0.0010602085385471582
O01_ref3_residual_UNet,ref3 + residual U-Net,Leave-One-Family-Out OOD,2,leave_one_family_out_ood_0070,0.9955894094143074,31.74060494639062,0.5725591384910009,0.0011635825503617525
O01_ref3_residual_UNet,ref3 + residual U-Net,Leave-One-Family-Out OOD,2,leave_one_family_out_ood_0071,0.9940016577417963,30.852093010894187,0.520167102895536,0.0012379782274365425
O01_ref3_residual_UNet,ref3 + residual U-Net,Leave-One-Family-Out OOD,2,leave_one_family_out_ood_0072,0.9935856531218388,31.450605812826705,0.5549867800320253,0.0010476673487573862
O01_ref3_residual_UNet,ref3 + residual U-Net,Leave-One-Family-Out OOD,2,leave_one_family_out_ood_0073,0.9981911603827436,31.473694170103105,0.5559697292435232,0.0010993271134793758
O01_ref3_residual_UNet,ref3 + residual U-Net,Leave-One-Family-Out OOD,2,leave_one_family_out_ood_0074,0.9852566167521742,31.582604219657004,0.5661130682191984,0.0012901745503768325
O01_ref3_residual_UNet,ref3 + residual U-Net,Leave-One-Family-Out OOD,2,leave_one_family_out_ood_0075,0.9975109877083995,31.380076013095003,0.5518816394870912,0.001254135393537581
O01_ref3_residual_UNet,ref3 + residual U-Net,Leave-One-Family-Out OOD,2,leave_one_family_out_ood_0076,0.9983791820524862,30.910029578339213,0.522119902868153,0.0011348060797899961
O01_ref3_residual_UNet,ref3 + residual U-Net,Leave-One-Family-Out OOD,2,leave_one_family_out_ood_0077,0.997677109728433,30.928739475114824,0.5248093668470079,0.0011579415295273066
O01_ref3_residual_UNet,ref3 + residual U-Net,Leave-One-Family-Out OOD,2,leave_one_family_out_ood_0078,0.9979582563344254,32.29829555681614,0.6028248630918338,0.0009359933901578188
O01_ref3_residual_UNet,ref3 + residual U-Net,Leave-One-Family-Out OOD,2,leave_one_family_out_ood_0079,0.9974673836437138,30.85380016937448,0.5196684888577187,0.0011127321049571037
O01_ref3_residual_UNet,ref3 + residual U-Net,Leave-One-Family-Out OOD,2,leave_one_family_out_ood_0080,0.9941649734002959,30.329337028949816,0.48994695375350994,0.0012528665829449892
O01_ref3_residual_UNet,ref3 + residual U-Net,Leave-One-Family-Out OOD,2,leave_one_family_out_ood_0081,0.9930386453538803,31.34437864419198,0.5497397004875768,0.0011270815739408135
O01_ref3_residual_UNet,ref3 + residual U-Net,Leave-One-Family-Out OOD,2,leave_one_family_out_ood_0082,0.9926489625368872,30.37248942695897,0.4935962899363382,0.001364965457469225
O01_ref3_residual_UNet,ref3 + residual U-Net,Leave-One-Family-Out OOD,2,leave_one_family_out_ood_0083,0.988475937048477,31.72181465898145,0.5728183028930792,0.0011243754997849464
O01_ref3_residual_UNet,ref3 + residual U-Net,Leave-One-Family-Out OOD,2,leave_one_family_out_ood_0084,0.9865569935577272,31.38194449025892,0.6004234214173828,0.0010405622888356447
O01_ref3_residual_UNet,ref3 + residual U-Net,Leave-One-Family-Out OOD,2,leave_one_family_out_ood_0085,0.9979729505582108,32.23515890300498,0.5994496203453865,0.000978324911557138
O01_ref3_residual_UNet,ref3 + residual U-Net,Leave-One-Family-Out OOD,2,leave_one_family_out_ood_0086,0.9963616462509827,32.05457726072089,0.5895036836874563,0.0010638902895152569
O01_ref3_residual_UNet,ref3 + residual U-Net,Leave-One-Family-Out OOD,2,leave_one_family_out_ood_0087,0.9969633187393948,31.869809876962844,0.5779832086224387,0.0009685779805295169
O01_ref3_residual_UNet,ref3 + residual U-Net,Leave-One-Family-Out OOD,2,leave_one_family_out_ood_0088,0.9960630945546568,31.452331819755255,0.5562075139101239,0.0011782809160649776
O01_ref3_residual_UNet,ref3 + residual U-Net,Leave-One-Family-Out OOD,2,leave_one_family_out_ood_0089,0.9983844315383614,31.180394658710743,0.5401599535342777,0.0012533640256151557
O01_ref3_residual_UNet,ref3 + residual U-Net,Leave-One-Family-Out OOD,2,leave_one_family_out_ood_0090,0.9905921113657011,31.344407583161086,0.5506185998966698,0.0011337253963574767
O01_ref3_residual_UNet,ref3 + residual U-Net,Leave-One-Family-Out OOD,2,leave_one_family_out_ood_0091,0.9986060738581535,31.91768540161203,0.5802582637434346,0.0010346228955313563
O01_ref3_residual_UNet,ref3 + residual U-Net,Leave-One-Family-Out OOD,2,leave_one_family_out_ood_0092,0.9952595323955193,31.04286652556999,0.5321453667150545,0.0012770385947078466
O01_ref3_residual_UNet,ref3 + residual U-Net,Leave-One-Family-Out OOD,2,leave_one_family_out_ood_0093,0.996033756529211,30.800615117969123,0.5165275056843038,0.0011659181909635663
O01_ref3_residual_UNet,ref3 + residual U-Net,Leave-One-Family-Out OOD,2,leave_one_family_out_ood_0094,0.9918096285992833,32.553166799347146,0.6189002620067772,0.000985512277111411
O01_ref3_residual_UNet,ref3 + residual U-Net,Leave-One-Family-Out OOD,2,leave_one_family_out_ood_0095,0.9965149921278476,31.35567949486377,0.548518357370165,0.0010138793149963021
O01_ref3_residual_UNet,ref3 + residual U-Net,Leave-One-Family-Out OOD,2,leave_one_family_out_ood_0096,0.9954769794217737,31.68022389939267,0.5685584309073122,0.0011199881555512547
O01_ref3_residual_UNet,ref3 + residual U-Net,Leave-One-Family-Out OOD,2,leave_one_family_out_ood_0097,0.9991394781866862,31.07632141945244,0.5327267927966266,0.0011680512689054012
O01_ref3_residual_UNet,ref3 + residual U-Net,Leave-One-Family-Out OOD,2,leave_one_family_out_ood_0098,0.9973584986517819,32.52805895897336,0.6149971542269976,0.0008820616058073938
O01_ref3_residual_UNet,ref3 + residual U-Net,Leave-One-Family-Out OOD,2,leave_one_family_out_ood_0099,0.9919299117739154,32.00531090407234,0.5876243345968832,0.0010985239641740918
O01_ref3_residual_UNet,ref3 + residual U-Net,Random-ET OOD,0,random_et_test_00000,1.1554483052406164,29.943645894770818,0.4541179532074219,0.0047270734794437885
O01_ref3_residual_UNet,ref3 + residual U-Net,Random-ET OOD,0,random_et_test_00001,1.1272590581593636,32.89568649418604,0.590897961818996,0.004139922093600035
O01_ref3_residual_UNet,ref3 + residual U-Net,Random-ET OOD,0,random_et_test_00002,3.5679630584573614,25.237802925955837,0.12640201547599306,0.013781307265162468
O01_ref3_residual_UNet,ref3 + residual U-Net,Random-ET OOD,0,random_et_test_00003,1.3370209475040993,26.233195234952134,0.24725453621531598,0.008887778036296368
O01_ref3_residual_UNet,ref3 + residual U-Net,Random-ET OOD,0,random_et_test_00004,2.9796959014731086,23.67619735674511,0.07392715148744333,0.02202978916466236
O01_ref3_residual_UNet,ref3 + residual U-Net,Random-ET OOD,0,random_et_test_00005,6.8988286501046865,22.156939876916848,0.026032059002783617,0.03318881615996361
O01_ref3_residual_UNet,ref3 + residual U-Net,Random-ET OOD,0,random_et_test_00006,1.4165568659265122,29.25123612278821,0.35750252068246074,0.007068630773574114
O01_ref3_residual_UNet,ref3 + residual U-Net,Random-ET OOD,0,random_et_test_00007,2.0598461680271134,26.461843660967695,0.23234390214923267,0.008099674247205257
O01_ref3_residual_UNet,ref3 + residual U-Net,Random-ET OOD,0,random_et_test_00008,1.0560084666688299,27.384515660946114,0.32541929374494977,0.006164541468024254
O01_ref3_residual_UNet,ref3 + residual U-Net,Random-ET OOD,0,random_et_test_00009,4.496015976773563,23.984664190302425,0.08218388428864719,0.018459387123584747
O01_ref3_residual_UNet,ref3 + residual U-Net,Random-ET OOD,0,random_et_test_00010,1.6891763195591618,26.651690194728506,0.2554035578592593,0.008795645087957382
O01_ref3_residual_UNet,ref3 + residual U-Net,Random-ET OOD,0,random_et_test_00011,1.6815978774100726,25.23901429255512,0.1668271064840082,0.013373411260545254
O01_ref3_residual_UNet,ref3 + residual U-Net,Random-ET OOD,0,random_et_test_00012,1.5717604199669715,26.633202423452637,0.27583389001731096,0.008275443688035011
O01_ref3_residual_UNet,ref3 + residual U-Net,Random-ET OOD,0,random_et_test_00013,2.05639652317893,28.70963653125981,0.3314043368118572,0.006958148907870054
O01_ref3_residual_UNet,ref3 + residual U-Net,Random-ET OOD,0,random_et_test_00014,7.0158580055606405,21.99145816315188,0.04118147098770927,0.025991568341851234
O01_ref3_residual_UNet,ref3 + residual U-Net,Random-ET OOD,0,random_et_test_00015,1.0011693047991033,28.22420319551955,0.37416029942277096,0.00502057047560811
O01_ref3_residual_UNet,ref3 + residual U-Net,Random-ET OOD,0,random_et_test_00016,1.7927606511828276,25.479436853557754,0.1641474400632742,0.012734765186905861
O01_ref3_residual_UNet,ref3 + residual U-Net,Random-ET OOD,0,random_et_test_00017,1.2547476724391686,26.83684103716709,0.260984959204782,0.008937526494264603
O01_ref3_residual_UNet,ref3 + residual U-Net,Random-ET OOD,0,random_et_test_00018,1.3082906995636274,26.980554334761905,0.2543801679581487,0.009309083223342896
O01_ref3_residual_UNet,ref3 + residual U-Net,Random-ET OOD,0,random_et_test_00019,1.4696885229302006,26.52674312678549,0.24806968039437913,0.010448760353028774
O01_ref3_residual_UNet,ref3 + residual U-Net,Random-ET OOD,0,random_et_test_00020,1.5307471014111196,26.87380156245711,0.22039410693525482,0.010682197287678719
O01_ref3_residual_UNet,ref3 + residual U-Net,Random-ET OOD,0,random_et_test_00021,2.826679430533915,23.936340999644248,0.10372591243546181,0.016871998086571693
O01_ref3_residual_UNet,ref3 + residual U-Net,Random-ET OOD,0,random_et_test_00022,1.516203205825889,28.961094596878834,0.34772191938738145,0.006898651365190744
O01_ref3_residual_UNet,ref3 + residual U-Net,Random-ET OOD,0,random_et_test_00023,1.7235990413700362,25.813598022086474,0.18754144335261885,0.011960326693952084
O01_ref3_residual_UNet,ref3 + residual U-Net,Random-ET OOD,0,random_et_test_00024,2.526271442837765,27.07559578754482,0.18118522703987125,0.012416177429258823
O01_ref3_residual_UNet,ref3 + residual U-Net,Random-ET OOD,0,random_et_test_00025,3.4243260848501764,22.223349528006292,0.03942167245721182,0.029403753578662872
O01_ref3_residual_UNet,ref3 + residual U-Net,Random-ET OOD,0,random_et_test_00026,1.7076358321755307,25.328273471505657,0.18680033594573917,0.011814771220088005
O01_ref3_residual_UNet,ref3 + residual U-Net,Random-ET OOD,0,random_et_test_00027,2.522000224819262,26.561729184788177,0.21692182910138827,0.00961118284612894
O01_ref3_residual_UNet,ref3 + residual U-Net,Random-ET OOD,0,random_et_test_00028,1.94422792291252,26.57596120519427,0.22262994648982096,0.010152840055525303
O01_ref3_residual_UNet,ref3 + residual U-Net,Random-ET OOD,0,random_et_test_00029,1.2824364694706443,27.576403562912922,0.35256349976945006,0.005073889624327421
O01_ref3_residual_UNet,ref3 + residual U-Net,Random-ET OOD,0,random_et_test_00030,1.7172230495732583,25.585394744493634,0.19195341958441475,0.012443476356565952
O01_ref3_residual_UNet,ref3 + residual U-Net,Random-ET OOD,0,random_et_test_00031,2.1495373153466657,28.16671719651804,0.3737269538950462,0.005391722545027733
O01_ref3_residual_UNet,ref3 + residual U-Net,Random-ET OOD,0,random_et_test_00032,1.5247384760761757,27.18326125577103,0.316257982293422,0.005962441209703684
O01_ref3_residual_UNet,ref3 + residual U-Net,Random-ET OOD,0,random_et_test_00033,1.937560041630687,28.06364573693628,0.2773775933225086,0.008764375001192093
O01_ref3_residual_UNet,ref3 + residual U-Net,Random-ET OOD,0,random_et_test_00034,3.09966278189368,26.33471805196358,0.12845493972648406,0.014729541726410389
O01_ref3_residual_UNet,ref3 + residual U-Net,Random-ET OOD,0,random_et_test_00035,2.3021645006415463,25.67205082338791,0.17532183035602472,0.011431984603404999
O01_ref3_residual_UNet,ref3 + residual U-Net,Random-ET OOD,0,random_et_test_00036,1.5739577137450451,25.208679049051575,0.1779739459612469,0.01299067959189415
O01_ref3_residual_UNet,ref3 + residual U-Net,Random-ET OOD,0,random_et_test_00037,1.514276294986862,25.354217222306712,0.2258061058402672,0.011550099588930607
O01_ref3_residual_UNet,ref3 + residual U-Net,Random-ET OOD,0,random_et_test_00038,1.2591613260989143,27.45744384756923,0.3508390421820008,0.00603734003379941
O01_ref3_residual_UNet,ref3 + residual U-Net,Random-ET OOD,0,random_et_test_00039,1.6458227042634557,27.279977088955224,0.3353755527236533,0.006256777793169022
O01_ref3_residual_UNet,ref3 + residual U-Net,Random-ET OOD,0,random_et_test_00040,1.556956875871796,27.15736156858312,0.27621002990004845,0.008046901784837246
O01_ref3_residual_UNet,ref3 + residual U-Net,Random-ET OOD,0,random_et_test_00041,2.8267173427666914,27.270947150848333,0.22082920088073357,0.00967464316636324
O01_ref3_residual_UNet,ref3 + residual U-Net,Random-ET OOD,0,random_et_test_00042,1.453687798489348,25.464109044738585,0.21591414969676603,0.010030802339315414
O01_ref3_residual_UNet,ref3 + residual U-Net,Random-ET OOD,0,random_et_test_00043,2.6858143298018815,27.910648617936452,0.2882946142369032,0.007413981016725302
O01_ref3_residual_UNet,ref3 + residual U-Net,Random-ET OOD,0,random_et_test_00044,1.7376735491934303,26.797114789553103,0.2783229775225666,0.007751015480607748
O01_ref3_residual_UNet,ref3 + residual U-Net,Random-ET OOD,0,random_et_test_00045,1.4584629876535566,27.49389836251117,0.31624753513605625,0.006696186028420925
O01_ref3_residual_UNet,ref3 + residual U-Net,Random-ET OOD,0,random_et_test_00046,1.8625227041042849,26.732920573822433,0.22167954276643326,0.011160064488649368
O01_ref3_residual_UNet,ref3 + residual U-Net,Random-ET OOD,0,random_et_test_00047,1.1598447500414386,27.05729151982617,0.30623835514921266,0.006233517080545425
O01_ref3_residual_UNet,ref3 + residual U-Net,Random-ET OOD,0,random_et_test_00048,1.9133645151477876,26.717923457684215,0.26748636209280735,0.008279445581138134
O01_ref3_residual_UNet,ref3 + residual U-Net,Random-ET OOD,0,random_et_test_00049,1.5591037230436366,26.881990829340566,0.26078432946143737,0.008548849262297153
O01_ref3_residual_UNet,ref3 + residual U-Net,Random-ET OOD,0,random_et_test_00050,2.3471734442871894,24.736002405974062,0.11412513788118306,0.015613915398716927
O01_ref3_residual_UNet,ref3 + residual U-Net,Random-ET OOD,0,random_et_test_00051,1.372230776140006,30.215011658976735,0.4779528025372793,0.0036554625257849693
O01_ref3_residual_UNet,ref3 + residual U-Net,Random-ET OOD,0,random_et_test_00052,1.6167444309020402,26.72553257485538,0.26992839438655397,0.00783371552824974
O01_ref3_residual_UNet,ref3 + residual U-Net,Random-ET OOD,0,random_et_test_00053,1.7098255978106813,24.589382486817986,0.1384012479031349,0.0166296549141407
O01_ref3_residual_UNet,ref3 + residual U-Net,Random-ET OOD,0,random_et_test_00054,1.0956154142689662,30.3800163238568,0.5064383004713314,0.0024352665059268475
O01_ref3_residual_UNet,ref3 + residual U-Net,Random-ET OOD,0,random_et_test_00055,1.025911495952925,30.776365610729286,0.4963667506544797,0.0048895953223109245
O01_ref3_residual_UNet,ref3 + residual U-Net,Random-ET OOD,0,random_et_test_00056,1.6695211562573333,27.035665852116995,0.3267097071874263,0.00600465340539813
O01_ref3_residual_UNet,ref3 + residual U-Net,Random-ET OOD,0,random_et_test_00057,1.1476414869843288,26.347089384509204,0.2681596949821699,0.007529261987656355
O01_ref3_residual_UNet,ref3 + residual U-Net,Random-ET OOD,0,random_et_test_00058,1.4152419905467364,26.48618321654723,0.2939270307862503,0.007246032357215881
O01_ref3_residual_UNet,ref3 + residual U-Net,Random-ET OOD,0,random_et_test_00059,6.031928753476437,23.6930542724282,0.07383478708811421,0.016598273068666458
O01_ref3_residual_UNet,ref3 + residual U-Net,Random-ET OOD,0,random_et_test_00060,1.0746391370845443,27.097633947653428,0.3154833256924067,0.00479307072237134
O01_ref3_residual_UNet,ref3 + residual U-Net,Random-ET OOD,0,random_et_test_00061,1.599189530391509,24.850492666472,0.17845540651839298,0.013586624525487423
O01_ref3_residual_UNet,ref3 + residual U-Net,Random-ET OOD,0,random_et_test_00062,1.2082369984831878,27.254888696995128,0.2985101996335783,0.00754303066059947
O01_ref3_residual_UNet,ref3 + residual U-Net,Random-ET OOD,0,random_et_test_00063,1.3917908134697994,30.1340737129846,0.4883833708245224,0.0029438892379403114
O01_ref3_residual_UNet,ref3 + residual U-Net,Random-ET OOD,0,random_et_test_00064,1.08907563500786,29.738597988103216,0.45850761332909573,0.0027327807620167732
O01_ref3_residual_UNet,ref3 + residual U-Net,Random-ET OOD,0,random_et_test_00065,1.3670380059374445,26.807926323442185,0.2745491901329488,0.007940889336168766
O01_ref3_residual_UNet,ref3 + residual U-Net,Random-ET OOD,0,random_et_test_00066,2.101453416292148,26.599820961833423,0.19262299370535416,0.011405243538320065
O01_ref3_residual_UNet,ref3 + residual U-Net,Random-ET OOD,0,random_et_test_00067,1.075547889862754,27.741388409345646,0.3289882419742538,0.006919801235198975
O01_ref3_residual_UNet,ref3 + residual U-Net,Random-ET OOD,0,random_et_test_00068,1.6673402045042858,25.35864009967641,0.17829336872910118,0.012904047966003418
O01_ref3_residual_UNet,ref3 + residual U-Net,Random-ET OOD,0,random_et_test_00069,1.5703149642078396,27.09938799666862,0.304858837346098,0.006925438996404409
O01_ref3_residual_UNet,ref3 + residual U-Net,Random-ET OOD,0,random_et_test_00070,3.7796220520353203,24.192561810162335,0.072676561731839,0.02036990411579609
O01_ref3_residual_UNet,ref3 + residual U-Net,Random-ET OOD,0,random_et_test_00071,1.573002401164584,27.381365409393844,0.30939580821278106,0.006234357599169016
O01_ref3_residual_UNet,ref3 + residual U-Net,Random-ET OOD,0,random_et_test_00072,1.9848736991765514,31.260326793151158,0.3803532609419051,0.0081174923107028
O01_ref3_residual_UNet,ref3 + residual U-Net,Random-ET OOD,0,random_et_test_00073,1.0084058153055793,27.381043400494008,0.3280266423516472,0.005379579495638609
O01_ref3_residual_UNet,ref3 + residual U-Net,Random-ET OOD,0,random_et_test_00074,2.8968822581900944,26.49040174966595,0.22775073735163384,0.009203135967254639
O01_ref3_residual_UNet,ref3 + residual U-Net,Random-ET OOD,0,random_et_test_00075,1.0459216770458215,28.878260611777282,0.4159708920460804,0.0035691664088517427
O01_ref3_residual_UNet,ref3 + residual U-Net,Random-ET OOD,0,random_et_test_00076,1.6866848460487396,28.104902023823083,0.36431969238996803,0.004964413587003946
O01_ref3_residual_UNet,ref3 + residual U-Net,Random-ET OOD,0,random_et_test_00077,1.5264048265790293,27.458330504946524,0.3528793425580604,0.006296762265264988
O01_ref3_residual_UNet,ref3 + residual U-Net,Random-ET OOD,0,random_et_test_00078,1.2181889292601262,28.64975024533482,0.3899073011639064,0.004756532143801451
O01_ref3_residual_UNet,ref3 + residual U-Net,Random-ET OOD,0,random_et_test_00079,1.229360258255902,27.461958985328177,0.33743840334725317,0.0054213800467550755
O01_ref3_residual_UNet,ref3 + residual U-Net,Random-ET OOD,0,random_et_test_00080,1.1731006699697617,26.466976248129676,0.2542295704520916,0.009145577438175678
O01_ref3_residual_UNet,ref3 + residual U-Net,Random-ET OOD,0,random_et_test_00081,1.3665472471502516,27.006752283467286,0.3370770788026203,0.007252482231706381
O01_ref3_residual_UNet,ref3 + residual U-Net,Random-ET OOD,0,random_et_test_00082,4.170346572185662,25.140018760501285,0.10888046769544212,0.014889644458889961
O01_ref3_residual_UNet,ref3 + residual U-Net,Random-ET OOD,0,random_et_test_00083,1.085518165612618,30.608482713118015,0.505419185332317,0.0032429739367216825
O01_ref3_residual_UNet,ref3 + residual U-Net,Random-ET OOD,0,random_et_test_00084,1.3107578216558489,28.862822350329566,0.37071756780000675,0.006202891934663057
O01_ref3_residual_UNet,ref3 + residual U-Net,Random-ET OOD,0,random_et_test_00085,1.4446673354273951,28.204132039161554,0.3228146370080622,0.007052864413708448
O01_ref3_residual_UNet,ref3 + residual U-Net,Random-ET OOD,0,random_et_test_00086,2.2470624437362954,26.959280391336236,0.20708618665097073,0.011233854107558727
O01_ref3_residual_UNet,ref3 + residual U-Net,Random-ET OOD,0,random_et_test_00087,2.3444851811875878,24.62986401751449,0.11529423319940243,0.01570342667400837
O01_ref3_residual_UNet,ref3 + residual U-Net,Random-ET OOD,0,random_et_test_00088,2.620883197966989,26.195948889688893,0.17175477361462824,0.01167041715234518
O01_ref3_residual_UNet,ref3 + residual U-Net,Random-ET OOD,0,random_et_test_00089,1.3785554647961238,28.405915682433708,0.34278136115737795,0.006774491164833307
O01_ref3_residual_UNet,ref3 + residual U-Net,Random-ET OOD,0,random_et_test_00090,1.0659713465765124,31.82255059881227,0.5740052055095609,0.002654687501490116
O01_ref3_residual_UNet,ref3 + residual U-Net,Random-ET OOD,0,random_et_test_00091,9.513931863540474,19.695083546749213,0.011134355041714403,0.04346969351172447
O01_ref3_residual_UNet,ref3 + residual U-Net,Random-ET OOD,0,random_et_test_00092,1.0475281341469485,27.064302555095168,0.3206791165936051,0.004713805858045816
O01_ref3_residual_UNet,ref3 + residual U-Net,Random-ET OOD,0,random_et_test_00093,1.353571789157355,28.19075406218646,0.3709516468850355,0.0066132391802966595
O01_ref3_residual_UNet,ref3 + residual U-Net,Random-ET OOD,0,random_et_test_00094,1.3644554200437182,26.598672608539733,0.2540750789106304,0.008556836284697056
O01_ref3_residual_UNet,ref3 + residual U-Net,Random-ET OOD,0,random_et_test_00095,1.0815611139243744,27.034020346071582,0.30985522672428595,0.006865950301289558
O01_ref3_residual_UNet,ref3 + residual U-Net,Random-ET OOD,0,random_et_test_00096,2.1569938454168733,26.137954893743952,0.19371707601422336,0.010822015814483166
O01_ref3_residual_UNet,ref3 + residual U-Net,Random-ET OOD,0,random_et_test_00097,1.078433518757182,28.834772415582442,0.3993591956122289,0.004758655093610287
O01_ref3_residual_UNet,ref3 + residual U-Net,Random-ET OOD,0,random_et_test_00098,1.8312225394990689,27.672713749251145,0.2943898288409895,0.0074506280943751335
O01_ref3_residual_UNet,ref3 + residual U-Net,Random-ET OOD,0,random_et_test_00099,1.6455789608907074,23.410403212053808,0.11323218079177905,0.018735548481345177
O01_ref3_residual_UNet,ref3 + residual U-Net,Random-ET OOD,1,random_et_test_00000,1.1718962997617532,29.882259338002054,0.46692067622370925,0.0036894220393151045
O01_ref3_residual_UNet,ref3 + residual U-Net,Random-ET OOD,1,random_et_test_00001,1.281546907897254,32.33857890041729,0.5802265343702996,0.003462858498096466
O01_ref3_residual_UNet,ref3 + residual U-Net,Random-ET OOD,1,random_et_test_00002,1.3331387780954262,29.51325267928616,0.36595734660227547,0.007493261713534594
O01_ref3_residual_UNet,ref3 + residual U-Net,Random-ET OOD,1,random_et_test_00003,1.1325126466138853,26.954146887707044,0.29735056924481923,0.00643227668479085
O01_ref3_residual_UNet,ref3 + residual U-Net,Random-ET OOD,1,random_et_test_00004,2.8113356131360168,23.928790049574573,0.08247067491780574,0.019349731504917145
O01_ref3_residual_UNet,ref3 + residual U-Net,Random-ET OOD,1,random_et_test_00005,2.869574268794687,25.966518955328183,0.11410096852797999,0.01629212684929371
O01_ref3_residual_UNet,ref3 + residual U-Net,Random-ET OOD,1,random_et_test_00006,1.94061317997073,27.884186644033562,0.247219272266386,0.009471953846514225
O01_ref3_residual_UNet,ref3 + residual U-Net,Random-ET OOD,1,random_et_test_00007,1.2480467416645735,28.637882829022864,0.3843394514575744,0.004731262102723122
O01_ref3_residual_UNet,ref3 + residual U-Net,Random-ET OOD,1,random_et_test_00008,1.0353196203402273,27.470445342545137,0.33488356213103265,0.005305215250700712
O01_ref3_residual_UNet,ref3 + residual U-Net,Random-ET OOD,1,random_et_test_00009,3.676723109259773,24.858333214658117,0.1359141228001806,0.012471769005060196
O01_ref3_residual_UNet,ref3 + residual U-Net,Random-ET OOD,1,random_et_test_00010,1.132758105454284,28.38706836363096,0.36548627879263584,0.0064081670716404915
O01_ref3_residual_UNet,ref3 + residual U-Net,Random-ET OOD,1,random_et_test_00011,1.4429237301635505,25.90380214563912,0.20252208333336844,0.011565301567316055
O01_ref3_residual_UNet,ref3 + residual U-Net,Random-ET OOD,1,random_et_test_00012,1.1247619226461267,28.08645960596902,0.3665590219155766,0.004824093077331781
O01_ref3_residual_UNet,ref3 + residual U-Net,Random-ET OOD,1,random_et_test_00013,1.9691041541151741,28.898017900740953,0.372494073888544,0.005527372006326914
O01_ref3_residual_UNet,ref3 + residual U-Net,Random-ET OOD,1,random_et_test_00014,1.024239927973753,30.34824928110094,0.4965545424893651,0.003102815244346857
O01_ref3_residual_UNet,ref3 + residual U-Net,Random-ET OOD,1,random_et_test_00015,1.0061076237644542,28.202834267462393,0.37673136340443486,0.003828969784080982
O01_ref3_residual_UNet,ref3 + residual U-Net,Random-ET OOD,1,random_et_test_00016,1.3468330251046448,26.72152243715645,0.25433803177628617,0.009177809581160545
O01_ref3_residual_UNet,ref3 + residual U-Net,Random-ET OOD,1,random_et_test_00017,1.3441662857385808,26.53787491534411,0.22419176577920605,0.010730089619755745
O01_ref3_residual_UNet,ref3 + residual U-Net,Random-ET OOD,1,random_et_test_00018,1.4264727339014442,26.60496246687304,0.2541897145329894,0.008453454822301865
O01_ref3_residual_UNet,ref3 + residual U-Net,Random-ET OOD,1,random_et_test_00019,1.5111023862376187,26.40605687470479,0.271344743602257,0.008258803747594357
O01_ref3_residual_UNet,ref3 + residual U-Net,Random-ET OOD,1,random_et_test_00020,1.7601058476007057,26.26744841001053,0.1719295039172558,0.01291892770677805
O01_ref3_residual_UNet,ref3 + residual U-Net,Random-ET OOD,1,random_et_test_00021,2.132229019384823,25.16076819331549,0.17004936303820375,0.011495075188577175
O01_ref3_residual_UNet,ref3 + residual U-Net,Random-ET OOD,1,random_et_test_00022,1.331370027025265,29.52568092660971,0.39256152347475537,0.006198126822710037
O01_ref3_residual_UNet,ref3 + residual U-Net,Random-ET OOD,1,random_et_test_00023,1.177754845572158,27.467411629192892,0.3001617515150945,0.007855377160012722
O01_ref3_residual_UNet,ref3 + residual U-Net,Random-ET OOD,1,random_et_test_00024,2.402661932067429,27.293469186763954,0.20870471602004376,0.011215492151677608
O01_ref3_residual_UNet,ref3 + residual U-Net,Random-ET OOD,1,random_et_test_00025,3.815552604234215,21.753526101903343,0.037314156149238824,0.027107957750558853
O01_ref3_residual_UNet,ref3 + residual U-Net,Random-ET OOD,1,random_et_test_00026,1.0867475643858973,27.290939136282176,0.31940648272332767,0.006747948005795479
O01_ref3_residual_UNet,ref3 + residual U-Net,Random-ET OOD,1,random_et_test_00027,1.09123129966298,30.2000123616847,0.477091604354218,0.004458369221538305
O01_ref3_residual_UNet,ref3 + residual U-Net,Random-ET OOD,1,random_et_test_00028,1.1284708783619763,28.938529516680074,0.39658952319198343,0.005333163309842348
O01_ref3_residual_UNet,ref3 + residual U-Net,Random-ET OOD,1,random_et_test_00029,1.0142995590787307,28.595099786406788,0.39714850046263345,0.003466181457042694
O01_ref3_residual_UNet,ref3 + residual U-Net,Random-ET OOD,1,random_et_test_00030,1.3309863997194125,26.691925689633692,0.2554126632256397,0.009122787043452263
O01_ref3_residual_UNet,ref3 + residual U-Net,Random-ET OOD,1,random_et_test_00031,1.0349210071577808,31.34109497932037,0.5531242506428176,0.002244385192170739
O01_ref3_residual_UNet,ref3 + residual U-Net,Random-ET OOD,1,random_et_test_00032,1.009822626971957,28.97276386144584,0.4154063142985265,0.002784715499728918
O01_ref3_residual_UNet,ref3 + residual U-Net,Random-ET OOD,1,random_et_test_00033,1.2230797611316568,30.061649546542803,0.4212027498614145,0.006235981825739145
O01_ref3_residual_UNet,ref3 + residual U-Net,Random-ET OOD,1,random_et_test_00034,4.095175796798525,25.12513703795953,0.07892609576508729,0.018492957577109337
O01_ref3_residual_UNet,ref3 + residual U-Net,Random-ET OOD,1,random_et_test_00035,1.7502636810756527,26.862379653920662,0.2600706439824213,0.008876216597855091
O01_ref3_residual_UNet,ref3 + residual U-Net,Random-ET OOD,1,random_et_test_00036,1.297207011850291,26.048516554589042,0.24029445406933636,0.009432910941541195
O01_ref3_residual_UNet,ref3 + residual U-Net,Random-ET OOD,1,random_et_test_00037,1.0502307405625795,26.943421306679838,0.3088565599210546,0.006572138052433729
O01_ref3_residual_UNet,ref3 + residual U-Net,Random-ET OOD,1,random_et_test_00038,1.0198618424387222,28.372844274116268,0.38475165744274203,0.003978312946856022
O01_ref3_residual_UNet,ref3 + residual U-Net,Random-ET OOD,1,random_et_test_00039,1.0750906073193351,29.12935665119491,0.4388661632004454,0.004093562718480825
O01_ref3_residual_UNet,ref3 + residual U-Net,Random-ET OOD,1,random_et_test_00040,1.0968539061424851,28.678639767474404,0.39094270528110514,0.005743089132010937
O01_ref3_residual_UNet,ref3 + residual U-Net,Random-ET OOD,1,random_et_test_00041,1.1785196568751253,31.070402491064804,0.504798368624437,0.004681325983256102
O01_ref3_residual_UNet,ref3 + residual U-Net,Random-ET OOD,1,random_et_test_00042,1.046643148646113,26.89083403446265,0.30675713402214166,0.006601383909583092
O01_ref3_residual_UNet,ref3 + residual U-Net,Random-ET OOD,1,random_et_test_00043,1.0124276491112247,32.14776856688552,0.5977117831616986,0.0019997882191091776
O01_ref3_residual_UNet,ref3 + residual U-Net,Random-ET OOD,1,random_et_test_00044,1.0419992775353009,29.0181226190419,0.41533234409982445,0.004501644521951675
O01_ref3_residual_UNet,ref3 + residual U-Net,Random-ET OOD,1,random_et_test_00045,1.185420226898804,28.39412910270472,0.3709485170548368,0.0050500123761594296
O01_ref3_residual_UNet,ref3 + residual U-Net,Random-ET OOD,1,random_et_test_00046,1.4120823562054323,27.935335740495418,0.3110910118319577,0.007208912633359432
O01_ref3_residual_UNet,ref3 + residual U-Net,Random-ET OOD,1,random_et_test_00047,1.0669592245368469,27.419811853202482,0.33110438961072075,0.004806825425475836
O01_ref3_residual_UNet,ref3 + residual U-Net,Random-ET OOD,1,random_et_test_00048,1.0862936446108125,29.17642827300569,0.4161641311168863,0.004935652948915958
O01_ref3_residual_UNet,ref3 + residual U-Net,Random-ET OOD,1,random_et_test_00049,1.1875641341485335,28.064170182317124,0.3483358878961766,0.0062351166270673275
O01_ref3_residual_UNet,ref3 + residual U-Net,Random-ET OOD,1,random_et_test_00050,1.8160557211244497,25.85016267026432,0.1532364353041531,0.014287755824625492
O01_ref3_residual_UNet,ref3 + residual U-Net,Random-ET OOD,1,random_et_test_00051,1.048496188734588,31.38361455806322,0.5508694618035178,0.0028408165089786053
O01_ref3_residual_UNet,ref3 + residual U-Net,Random-ET OOD,1,random_et_test_00052,1.0712491258803971,28.513041704124934,0.3858161807035396,0.005329411011189222
O01_ref3_residual_UNet,ref3 + residual U-Net,Random-ET OOD,1,random_et_test_00053,1.4141259257649954,25.414019656999862,0.175512543574998,0.01373977679759264
O01_ref3_residual_UNet,ref3 + residual U-Net,Random-ET OOD,1,random_et_test_00054,1.0104354986627146,30.73151142965397,0.5181416185517776,0.002098678145557642
O01_ref3_residual_UNet,ref3 + residual U-Net,Random-ET OOD,1,random_et_test_00055,1.0619613125899603,30.626377730589102,0.5110118877765625,0.003829388180747628
O01_ref3_residual_UNet,ref3 + residual U-Net,Random-ET OOD,1,random_et_test_00056,1.0150311464471387,29.19679123817822,0.43198688643311395,0.003059674520045519
O01_ref3_residual_UNet,ref3 + residual U-Net,Random-ET OOD,1,random_et_test_00057,1.1202901146461568,26.451846789155567,0.2813559971470753,0.006032856181263924
O01_ref3_residual_UNet,ref3 + residual U-Net,Random-ET OOD,1,random_et_test_00058,1.0470355917830436,27.794876143674408,0.35604716490155514,0.005267010070383549
O01_ref3_residual_UNet,ref3 + residual U-Net,Random-ET OOD,1,random_et_test_00059,1.054889360033076,31.2655468746461,0.5445651975963011,0.0026314558926969767
O01_ref3_residual_UNet,ref3 + residual U-Net,Random-ET OOD,1,random_et_test_00060,1.0125158577214275,27.356242023514127,0.32594008058230084,0.0035512170288711786
O01_ref3_residual_UNet,ref3 + residual U-Net,Random-ET OOD,1,random_et_test_00061,1.651666466786186,24.710268651238522,0.166617704021121,0.013797424733638763
O01_ref3_residual_UNet,ref3 + residual U-Net,Random-ET OOD,1,random_et_test_00062,1.3131867056001352,26.893145555907658,0.27938853792771695,0.007417475804686546
O01_ref3_residual_UNet,ref3 + residual U-Net,Random-ET OOD,1,random_et_test_00063,1.0282905380795127,31.448654993901982,0.5594264080796744,0.002079026773571968
O01_ref3_residual_UNet,ref3 + residual U-Net,Random-ET OOD,1,random_et_test_00064,1.0045020922277326,30.08967013121573,0.47760524356689177,0.002048039110377431
O01_ref3_residual_UNet,ref3 + residual U-Net,Random-ET OOD,1,random_et_test_00065,1.135165836485556,27.615139053514174,0.32588899709515134,0.006010953802615404
O01_ref3_residual_UNet,ref3 + residual U-Net,Random-ET OOD,1,random_et_test_00066,1.5033464581798035,28.054427787322822,0.2738172121842736,0.009374916553497314
O01_ref3_residual_UNet,ref3 + residual U-Net,Random-ET OOD,1,random_et_test_00067,1.1838461492993981,27.324733316804593,0.31744055090417395,0.006039853673428297
O01_ref3_residual_UNet,ref3 + residual U-Net,Random-ET OOD,1,random_et_test_00068,1.2001876182391042,26.786390893435517,0.27002710865054436,0.008652305230498314
O01_ref3_residual_UNet,ref3 + residual U-Net,Random-ET OOD,1,random_et_test_00069,1.1035478539145653,28.631344017207052,0.39570409280789137,0.005091250408440828
O01_ref3_residual_UNet,ref3 + residual U-Net,Random-ET OOD,1,random_et_test_00070,4.5478329823111,23.38900033809609,0.05732865601594037,0.02109956368803978
O01_ref3_residual_UNet,ref3 + residual U-Net,Random-ET OOD,1,random_et_test_00071,1.002908379398446,29.336046782768285,0.4365899746479406,0.0024261889047920704
O01_ref3_residual_UNet,ref3 + residual U-Net,Random-ET OOD,1,random_et_test_00072,1.8848624242784473,31.484859118382587,0.42110798785032805,0.0071046482771635056
O01_ref3_residual_UNet,ref3 + residual U-Net,Random-ET OOD,1,random_et_test_00073,1.0599296210230602,27.164626433301144,0.31433390638027253,0.005538580007851124
O01_ref3_residual_UNet,ref3 + residual U-Net,Random-ET OOD,1,random_et_test_00074,1.3124333079301012,29.92893736764227,0.4487107987800737,0.004522076807916164
O01_ref3_residual_UNet,ref3 + residual U-Net,Random-ET OOD,1,random_et_test_00075,1.0133081788933953,29.015836623019617,0.41955003796424317,0.0027846782468259335
O01_ref3_residual_UNet,ref3 + residual U-Net,Random-ET OOD,1,random_et_test_00076,1.0353393832326874,30.2244139920227,0.4868149165122591,0.0027986252680420876
O01_ref3_residual_UNet,ref3 + residual U-Net,Random-ET OOD,1,random_et_test_00077,1.0493184441709138,29.08595461955825,0.42175504698073973,0.004112738650292158
O01_ref3_residual_UNet,ref3 + residual U-Net,Random-ET OOD,1,random_et_test_00078,1.0639826135868262,29.237551341660293,0.4260531501729363,0.0038925933185964823
O01_ref3_residual_UNet,ref3 + residual U-Net,Random-ET OOD,1,random_et_test_00079,1.0137977117244354,28.299237577370306,0.37693559536599347,0.0036488529294729233
O01_ref3_residual_UNet,ref3 + residual U-Net,Random-ET OOD,1,random_et_test_00080,1.1024275875963545,26.736828207322905,0.2786001617002157,0.007746908348053694
O01_ref3_residual_UNet,ref3 + residual U-Net,Random-ET OOD,1,random_et_test_00081,1.0320375118553795,28.226044337948082,0.39836376762830206,0.0050401450134813786
O01_ref3_residual_UNet,ref3 + residual U-Net,Random-ET OOD,1,random_et_test_00082,3.930518127076175,25.397242270599236,0.1347978794094371,0.012817872688174248
O01_ref3_residual_UNet,ref3 + residual U-Net,Random-ET OOD,1,random_et_test_00083,1.0291396545550167,30.84011042796827,0.5219152609866665,0.002475016051903367
O01_ref3_residual_UNet,ref3 + residual U-Net,Random-ET OOD,1,random_et_test_00084,1.0901949185333268,29.663005239983228,0.4324670331944394,0.00500502809882164
O01_ref3_residual_UNet,ref3 + residual U-Net,Random-ET OOD,1,random_et_test_00085,1.1122467595637082,29.339799116816163,0.415559047363504,0.00508531928062439
O01_ref3_residual_UNet,ref3 + residual U-Net,Random-ET OOD,1,random_et_test_00086,2.0931043549042863,27.26752297653123,0.23417533049029557,0.009471266530454159
O01_ref3_residual_UNet,ref3 + residual U-Net,Random-ET OOD,1,random_et_test_00087,2.3711694701748574,24.580713219062464,0.12269904600869715,0.014542984776198864
O01_ref3_residual_UNet,ref3 + residual U-Net,Random-ET OOD,1,random_et_test_00088,1.0222154935327217,30.28500113665501,0.491156175494735,0.0029568118043243885
O01_ref3_residual_UNet,ref3 + residual U-Net,Random-ET OOD,1,random_et_test_00089,1.3118640431873567,28.621269884278572,0.37140231677523644,0.0058979857712984085
O01_ref3_residual_UNet,ref3 + residual U-Net,Random-ET OOD,1,random_et_test_00090,1.335348545791057,30.844059399358656,0.5160356299276985,0.002831977093592286
O01_ref3_residual_UNet,ref3 + residual U-Net,Random-ET OOD,1,random_et_test_00091,4.497273538232705,22.949190548534503,0.06681184310732677,0.01663399115204811
O01_ref3_residual_UNet,ref3 + residual U-Net,Random-ET OOD,1,random_et_test_00092,1.003845273329465,27.2492918576142,0.3182069573226501,0.003371167229488492
O01_ref3_residual_UNet,ref3 + residual U-Net,Random-ET OOD,1,random_et_test_00093,1.4160449167045395,27.994796629042344,0.3546934465754421,0.0055896867997944355
O01_ref3_residual_UNet,ref3 + residual U-Net,Random-ET OOD,1,random_et_test_00094,1.1919864762355485,27.185552671776453,0.29011245636359306,0.007677164860069752
O01_ref3_residual_UNet,ref3 + residual U-Net,Random-ET OOD,1,random_et_test_00095,1.0987309821063762,26.965617449588287,0.3085358438782571,0.005820399150252342
O01_ref3_residual_UNet,ref3 + residual U-Net,Random-ET OOD,1,random_et_test_00096,1.4902011240717086,27.743995059329244,0.3128959873816276,0.006835012696683407
O01_ref3_residual_UNet,ref3 + residual U-Net,Random-ET OOD,1,random_et_test_00097,1.0291762194684255,29.037808518841423,0.41827712464968075,0.003241415601223707
O01_ref3_residual_UNet,ref3 + residual U-Net,Random-ET OOD,1,random_et_test_00098,1.1047072461864549,29.86765293763742,0.44849298071481214,0.004767925478518009
O01_ref3_residual_UNet,ref3 + residual U-Net,Random-ET OOD,1,random_et_test_00099,1.20727454149473,24.755530232264064,0.1766870670795255,0.013739840127527714
O01_ref3_residual_UNet,ref3 + residual U-Net,Random-ET OOD,2,random_et_test_00000,1.1440856783454265,29.986565452417068,0.4556813179025297,0.0048554386012256145
O01_ref3_residual_UNet,ref3 + residual U-Net,Random-ET OOD,2,random_et_test_00001,1.2121648800213904,32.58030688477031,0.5653904635306478,0.004510972183197737
O01_ref3_residual_UNet,ref3 + residual U-Net,Random-ET OOD,2,random_et_test_00002,1.1141947435717703,30.292395370160143,0.45636443990957803,0.005296457093209028
O01_ref3_residual_UNet,ref3 + residual U-Net,Random-ET OOD,2,random_et_test_00003,1.0583538944131294,27.24826843936484,0.3075449634581848,0.006829251069575548
O01_ref3_residual_UNet,ref3 + residual U-Net,Random-ET OOD,2,random_et_test_00004,2.0241725682554814,25.355441376022,0.14466087238484995,0.014030540362000465
O01_ref3_residual_UNet,ref3 + residual U-Net,Random-ET OOD,2,random_et_test_00005,2.29484680028426,26.93715649036545,0.20494673806814798,0.010261667892336845
O01_ref3_residual_UNet,ref3 + residual U-Net,Random-ET OOD,2,random_et_test_00006,1.3753917048870754,29.379312342712375,0.3401082498631159,0.008002202957868576
O01_ref3_residual_UNet,ref3 + residual U-Net,Random-ET OOD,2,random_et_test_00007,1.2132619280495434,28.760645846831807,0.38853969567306235,0.004812627099454403
O01_ref3_residual_UNet,ref3 + residual U-Net,Random-ET OOD,2,random_et_test_00008,1.0231548873031853,27.52177585013552,0.33718087940574615,0.005483701825141907
O01_ref3_residual_UNet,ref3 + residual U-Net,Random-ET OOD,2,random_et_test_00009,3.2207062070701933,25.43343139395442,0.163648990677294,0.011191802099347115
O01_ref3_residual_UNet,ref3 + residual U-Net,Random-ET OOD,2,random_et_test_00010,1.0545707535249604,28.697682855624777,0.39628813993038053,0.004554990213364363
O01_ref3_residual_UNet,ref3 + residual U-Net,Random-ET OOD,2,random_et_test_00011,1.2966025678245183,26.368167076766543,0.2282353362188754,0.010201787576079369
O01_ref3_residual_UNet,ref3 + residual U-Net,Random-ET OOD,2,random_et_test_00012,1.089332396539426,28.22546167306019,0.36565655147497206,0.005191612057387829
O01_ref3_residual_UNet,ref3 + residual U-Net,Random-ET OOD,2,random_et_test_00013,1.6994269873101835,29.53767983310491,0.4125632612436353,0.005071026273071766
O01_ref3_residual_UNet,ref3 + residual U-Net,Random-ET OOD,2,random_et_test_00014,0.9976499626394093,30.46248417852715,0.49731559232675937,0.0014468177687376738
O01_ref3_residual_UNet,ref3 + residual U-Net,Random-ET OOD,2,random_et_test_00015,1.0020225366268807,28.22050378473479,0.37686572575880284,0.004685315303504467
O01_ref3_residual_UNet,ref3 + residual U-Net,Random-ET OOD,2,random_et_test_00016,1.1357700224279046,27.46175578918624,0.2930012019690633,0.00832090713083744
O01_ref3_residual_UNet,ref3 + residual U-Net,Random-ET OOD,2,random_et_test_00017,1.166974668216512,27.15179053205526,0.273370259882154,0.009082052856683731
O01_ref3_residual_UNet,ref3 + residual U-Net,Random-ET OOD,2,random_et_test_00018,1.3327256047233782,26.900189535977916,0.2539393513399196,0.00916206929832697
O01_ref3_residual_UNet,ref3 + residual U-Net,Random-ET OOD,2,random_et_test_00019,1.4461919709716209,26.596736576382803,0.2730521141219091,0.008509122766554356
O01_ref3_residual_UNet,ref3 + residual U-Net,Random-ET OOD,2,random_et_test_00020,1.49670259594153,26.97148091474922,0.23313154597371263,0.010155390948057175
O01_ref3_residual_UNet,ref3 + residual U-Net,Random-ET OOD,2,random_et_test_00021,1.845527792062914,25.787900974764817,0.22528693525907054,0.00844405684620142
O01_ref3_residual_UNet,ref3 + residual U-Net,Random-ET OOD,2,random_et_test_00022,1.1478255356080214,30.169909870661407,0.4458167275431975,0.005203238222748041
O01_ref3_residual_UNet,ref3 + residual U-Net,Random-ET OOD,2,random_et_test_00023,1.0475034047613194,27.97640595866639,0.34697692302212285,0.00644082622602582
O01_ref3_residual_UNet,ref3 + residual U-Net,Random-ET OOD,2,random_et_test_00024,2.0017235684833965,28.086354822916153,0.27389930606094764,0.008909610100090504
O01_ref3_residual_UNet,ref3 + residual U-Net,Random-ET OOD,2,random_et_test_00025,2.0497527372881224,24.452085743348484,0.10394489200897707,0.017852095887064934
O01_ref3_residual_UNet,ref3 + residual U-Net,Random-ET OOD,2,random_et_test_00026,1.0782424316789725,27.32506182774606,0.3207975595603366,0.006452340167015791
O01_ref3_residual_UNet,ref3 + residual U-Net,Random-ET OOD,2,random_et_test_00027,1.0608926531171856,30.322465858000406,0.479290943865555,0.004067691508680582
O01_ref3_residual_UNet,ref3 + residual U-Net,Random-ET OOD,2,random_et_test_00028,1.1198633853593984,28.971782610008802,0.3886125740326625,0.005874503403902054
O01_ref3_residual_UNet,ref3 + residual U-Net,Random-ET OOD,2,random_et_test_00029,1.0048151958827918,28.6359003198595,0.3971204424629051,0.00330340419895947
O01_ref3_residual_UNet,ref3 + residual U-Net,Random-ET OOD,2,random_et_test_00030,1.1186766154565833,27.446616127343958,0.31326715210534944,0.007081642281264067
O01_ref3_residual_UNet,ref3 + residual U-Net,Random-ET OOD,2,random_et_test_00031,0.9962759468634753,31.50637066440515,0.5585034308405584,0.0011649499647319317
O01_ref3_residual_UNet,ref3 + residual U-Net,Random-ET OOD,2,random_et_test_00032,0.9982106084194754,29.02299293884613,0.4132507289472911,0.002030198695138097
O01_ref3_residual_UNet,ref3 + residual U-Net,Random-ET OOD,2,random_et_test_00033,1.031432138761,30.801791020241765,0.5171338836746563,0.002927834168076515
O01_ref3_residual_UNet,ref3 + residual U-Net,Random-ET OOD,2,random_et_test_00034,2.9781099713167722,26.508455001789436,0.12484935941830212,0.01547781378030777
O01_ref3_residual_UNet,ref3 + residual U-Net,Random-ET OOD,2,random_et_test_00035,1.5305246828351036,27.445010872481443,0.3069866757811922,0.007363602519035339
O01_ref3_residual_UNet,ref3 + residual U-Net,Random-ET OOD,2,random_et_test_00036,1.1511084947549752,26.567446857907324,0.2734804970995128,0.00818814616650343
O01_ref3_residual_UNet,ref3 + residual U-Net,Random-ET OOD,2,random_et_test_00037,1.0217825944117656,27.062683698108675,0.3118194111225814,0.006143859121948481
O01_ref3_residual_UNet,ref3 + residual U-Net,Random-ET OOD,2,random_et_test_00038,1.0070541543430969,28.427729348960725,0.38542554433877824,0.0037666233256459236
O01_ref3_residual_UNet,ref3 + residual U-Net,Random-ET OOD,2,random_et_test_00039,0.9952761106095115,29.464371846760105,0.44429977830707795,0.002340443432331085
O01_ref3_residual_UNet,ref3 + residual U-Net,Random-ET OOD,2,random_et_test_00040,1.0378650091363315,28.91871874249498,0.40592356140387575,0.004488655366003513
O01_ref3_residual_UNet,ref3 + residual U-Net,Random-ET OOD,2,random_et_test_00041,1.1369958660958817,31.22618206098457,0.5179132936919776,0.004391122609376907
O01_ref3_residual_UNet,ref3 + residual U-Net,Random-ET OOD,2,random_et_test_00042,1.0392336452898476,26.921688415716346,0.3003753198310517,0.0072991130873560905
O01_ref3_residual_UNet,ref3 + residual U-Net,Random-ET OOD,2,random_et_test_00043,1.0023389812998256,32.19126234832563,0.5988022860085682,0.0014839301584288478
O01_ref3_residual_UNet,ref3 + residual U-Net,Random-ET OOD,2,random_et_test_00044,1.001920035779141,29.18846631987949,0.4282793370435443,0.00283508887514472
O01_ref3_residual_UNet,ref3 + residual U-Net,Random-ET OOD,2,random_et_test_00045,1.0804735367324925,28.796711040079575,0.3977138119914549,0.004647144116461277
O01_ref3_residual_UNet,ref3 + residual U-Net,Random-ET OOD,2,random_et_test_00046,1.147544916793631,28.836239070252102,0.3652443508935021,0.006637617480009794
O01_ref3_residual_UNet,ref3 + residual U-Net,Random-ET OOD,2,random_et_test_00047,1.0309397908230835,27.568956968404507,0.34018337768124673,0.004571613389998674
O01_ref3_residual_UNet,ref3 + residual U-Net,Random-ET OOD,2,random_et_test_00048,1.0420773471510343,29.356900995869925,0.4346819623553782,0.0037349204067140818
O01_ref3_residual_UNet,ref3 + residual U-Net,Random-ET OOD,2,random_et_test_00049,1.0928101133964594,28.425294053197167,0.3685580542213273,0.005814352072775364
O01_ref3_residual_UNet,ref3 + residual U-Net,Random-ET OOD,2,random_et_test_00050,1.495043161706348,26.694916883965554,0.2404253579931944,0.00951062049716711
O01_ref3_residual_UNet,ref3 + residual U-Net,Random-ET OOD,2,random_et_test_00051,1.0092892597726064,31.54912665121205,0.5625557802546288,0.0022906118538230658
O01_ref3_residual_UNet,ref3 + residual U-Net,Random-ET OOD,2,random_et_test_00052,1.0081351497177442,28.77675895478827,0.40604201540765283,0.003679816145449877
O01_ref3_residual_UNet,ref3 + residual U-Net,Random-ET OOD,2,random_et_test_00053,1.1528618628238412,26.301127722877386,0.24771986654716063,0.010172929614782333
O01_ref3_residual_UNet,ref3 + residual U-Net,Random-ET OOD,2,random_et_test_00054,0.9947094490845485,30.7996352399652,0.518474943498798,0.001377859734930098
O01_ref3_residual_UNet,ref3 + residual U-Net,Random-ET OOD,2,random_et_test_00055,1.0656438894442346,30.611343794033715,0.4835236015184162,0.00515063526108861
O01_ref3_residual_UNet,ref3 + residual U-Net,Random-ET OOD,2,random_et_test_00056,1.0047845263686108,29.240855683503064,0.4306774209224029,0.0026043744292110205
O01_ref3_residual_UNet,ref3 + residual U-Net,Random-ET OOD,2,random_et_test_00057,1.0478319209825198,26.742235844367027,0.2890252068323089,0.007062908262014389
O01_ref3_residual_UNet,ref3 + residual U-Net,Random-ET OOD,2,random_et_test_00058,1.0200877224480545,27.90811524024697,0.36313300802540655,0.004382999613881111
O01_ref3_residual_UNet,ref3 + residual U-Net,Random-ET OOD,2,random_et_test_00059,0.9959678302960131,31.515163010912634,0.5596007728720789,0.001200502971187234
O01_ref3_residual_UNet,ref3 + residual U-Net,Random-ET OOD,2,random_et_test_00060,1.0145546750523322,27.34750573558469,0.32521930365130935,0.005513893440365791
O01_ref3_residual_UNet,ref3 + residual U-Net,Random-ET OOD,2,random_et_test_00061,1.4236767225057236,25.355378216793312,0.20306441771521044,0.011875300668179989
O01_ref3_residual_UNet,ref3 + residual U-Net,Random-ET OOD,2,random_et_test_00062,1.1895467602384473,27.322594916595495,0.28976203910307274,0.008070661686360836
O01_ref3_residual_UNet,ref3 + residual U-Net,Random-ET OOD,2,random_et_test_00063,0.9919906076153258,31.604737602930744,0.5658524438328517,0.001316725742071867
O01_ref3_residual_UNet,ref3 + residual U-Net,Random-ET OOD,2,random_et_test_00064,1.0046104706892818,30.089201507908506,0.47842841208303594,0.002200174145400524
O01_ref3_residual_UNet,ref3 + residual U-Net,Random-ET OOD,2,random_et_test_00065,1.04912757504975,27.95744900060709,0.3361359596652099,0.00669102743268013
O01_ref3_residual_UNet,ref3 + residual U-Net,Random-ET OOD,2,random_et_test_00066,1.2682935362592498,28.79282102781125,0.3657903388805636,0.006246756762266159
O01_ref3_residual_UNet,ref3 + residual U-Net,Random-ET OOD,2,random_et_test_00067,1.065074021073666,27.783887984696655,0.3375533666384045,0.006559272762387991
O01_ref3_residual_UNet,ref3 + residual U-Net,Random-ET OOD,2,random_et_test_00068,1.0754671572478378,27.262910905527065,0.30309244988605394,0.007584928534924984
O01_ref3_residual_UNet,ref3 + residual U-Net,Random-ET OOD,2,random_et_test_00069,1.0057185317157333,29.03449110716626,0.41895497020514133,0.0029189172200858593
O01_ref3_residual_UNet,ref3 + residual U-Net,Random-ET OOD,2,random_et_test_00070,3.267737766163992,24.824573507077154,0.10918700132661532,0.015093411318957806
O01_ref3_residual_UNet,ref3 + residual U-Net,Random-ET OOD,2,random_et_test_00071,1.0008056531579401,29.3451614971939,0.43343846737154457,0.0020510409958660603
O01_ref3_residual_UNet,ref3 + residual U-Net,Random-ET OOD,2,random_et_test_00072,1.547606976086669,32.3410489000228,0.43547207296975493,0.0077798012644052505
O01_ref3_residual_UNet,ref3 + residual U-Net,Random-ET OOD,2,random_et_test_00073,1.0409714506480807,27.24300864536978,0.3005381755123915,0.007715094834566116
O01_ref3_residual_UNet,ref3 + residual U-Net,Random-ET OOD,2,random_et_test_00074,1.215564089765141,30.26193150167878,0.47888218721195097,0.003648866433650255
O01_ref3_residual_UNet,ref3 + residual U-Net,Random-ET OOD,2,random_et_test_00075,1.0133231146207249,29.01577253571054,0.41856029185199806,0.003260616445913911
O01_ref3_residual_UNet,ref3 + residual U-Net,Random-ET OOD,2,random_et_test_00076,1.0236627804826757,30.273672037389904,0.49037520928127937,0.0024625463411211967
O01_ref3_residual_UNet,ref3 + residual U-Net,Random-ET OOD,2,random_et_test_00077,1.0322226284722162,29.15729408271428,0.4262867761019699,0.003505484666675329
O01_ref3_residual_UNet,ref3 + residual U-Net,Random-ET OOD,2,random_et_test_00078,1.0350801835669745,29.35715693427078,0.43232825572752387,0.0040421318262815475
O01_ref3_residual_UNet,ref3 + residual U-Net,Random-ET OOD,2,random_et_test_00079,1.013920913177059,28.298709593936163,0.37784015485351824,0.00386036466807127
O01_ref3_residual_UNet,ref3 + residual U-Net,Random-ET OOD,2,random_et_test_00080,1.063299138138702,26.89377456593252,0.2799755102351992,0.008256266824901104
O01_ref3_residual_UNet,ref3 + residual U-Net,Random-ET OOD,2,random_et_test_00081,0.9897576461789129,28.40771041652389,0.38653768913979597,0.0030180441681295633
O01_ref3_residual_UNet,ref3 + residual U-Net,Random-ET OOD,2,random_et_test_00082,3.2973311480871637,26.16011468234135,0.18560158016644834,0.010188269428908825
O01_ref3_residual_UNet,ref3 + residual U-Net,Random-ET OOD,2,random_et_test_00083,1.0091978156672954,30.925090637787793,0.5277860162921715,0.00245106965303421
O01_ref3_residual_UNet,ref3 + residual U-Net,Random-ET OOD,2,random_et_test_00084,1.0883864520205093,29.67021545071602,0.4259952521073082,0.005267184227705002
O01_ref3_residual_UNet,ref3 + residual U-Net,Random-ET OOD,2,random_et_test_00085,1.0737953407318102,29.492595752102403,0.40819372975324225,0.005972506478428841
O01_ref3_residual_UNet,ref3 + residual U-Net,Random-ET OOD,2,random_et_test_00086,1.679828226154906,28.222783226882452,0.2847624610782567,0.008708661422133446
O01_ref3_residual_UNet,ref3 + residual U-Net,Random-ET OOD,2,random_et_test_00087,1.677359732997337,26.084076998618254,0.23112239656975783,0.008846255950629711
O01_ref3_residual_UNet,ref3 + residual U-Net,Random-ET OOD,2,random_et_test_00088,1.0006947401109438,30.37740948908062,0.49499992712559837,0.0018545498605817556
O01_ref3_residual_UNet,ref3 + residual U-Net,Random-ET OOD,2,random_et_test_00089,1.2270720855040826,28.91145739832934,0.4054017930174543,0.004579704254865646
O01_ref3_residual_UNet,ref3 + residual U-Net,Random-ET OOD,2,random_et_test_00090,1.0505063298219257,31.88601916021321,0.5804565630468913,0.0023394261952489614
O01_ref3_residual_UNet,ref3 + residual U-Net,Random-ET OOD,2,random_et_test_00091,3.753848751793967,23.733915916800047,0.10366864736812341,0.01253401767462492
O01_ref3_residual_UNet,ref3 + residual U-Net,Random-ET OOD,2,random_et_test_00092,1.004766892067203,27.245306340273476,0.32287771557518746,0.004913795739412308
O01_ref3_residual_UNet,ref3 + residual U-Net,Random-ET OOD,2,random_et_test_00093,1.2028308112832744,28.703521480550627,0.3979907855189432,0.004814410116523504
O01_ref3_residual_UNet,ref3 + residual U-Net,Random-ET OOD,2,random_et_test_00094,1.054180738150013,27.719115108308973,0.33102009704672763,0.006543696392327547
O01_ref3_residual_UNet,ref3 + residual U-Net,Random-ET OOD,2,random_et_test_00095,1.0387340213813185,27.20948757207986,0.30695707923496873,0.006825311109423637
O01_ref3_residual_UNet,ref3 + residual U-Net,Random-ET OOD,2,random_et_test_00096,1.322187319372163,28.263514025547746,0.3244880286633815,0.007337815593928099
O01_ref3_residual_UNet,ref3 + residual U-Net,Random-ET OOD,2,random_et_test_00097,1.019149446970938,29.08032710738635,0.4172798211356265,0.004337114281952381
O01_ref3_residual_UNet,ref3 + residual U-Net,Random-ET OOD,2,random_et_test_00098,1.0348000075696224,30.15156084648334,0.4797133329362986,0.003360732924193144
O01_ref3_residual_UNet,ref3 + residual U-Net,Random-ET OOD,2,random_et_test_00099,1.0558443795826598,25.337591424088657,0.22916431590121314,0.008949344046413898
O01_ref3_residual_UNet,ref3 + residual U-Net,Unseen-Parameter OOD,0,unseen_param_ood_0000,1.2313289362658209,26.18625470583273,0.2875263415572171,0.003983535338193178
O01_ref3_residual_UNet,ref3 + residual U-Net,Unseen-Parameter OOD,0,unseen_param_ood_0001,1.959743511518081,24.92749641427119,0.25954493122942285,0.009240197017788887
O01_ref3_residual_UNet,ref3 + residual U-Net,Unseen-Parameter OOD,0,unseen_param_ood_0002,1.2697836678274186,25.16277815431235,0.3063593249140868,0.005818566307425499
O01_ref3_residual_UNet,ref3 + residual U-Net,Unseen-Parameter OOD,0,unseen_param_ood_0003,1.0188772902986278,24.023939515846557,0.34625224729063875,0.007141602225601673
O01_ref3_residual_UNet,ref3 + residual U-Net,Unseen-Parameter OOD,0,unseen_param_ood_0004,1.3803795449114296,26.74433819193196,0.357102016382474,0.004586533177644014
O01_ref3_residual_UNet,ref3 + residual U-Net,Unseen-Parameter OOD,0,unseen_param_ood_0005,1.2253445908384382,24.487613930643075,0.306857447942813,0.008676187135279179
O01_ref3_residual_UNet,ref3 + residual U-Net,Unseen-Parameter OOD,0,unseen_param_ood_0006,2.9527096752218775,21.90893478787214,0.10915413160863907,0.017671965062618256
O01_ref3_residual_UNet,ref3 + residual U-Net,Unseen-Parameter OOD,0,unseen_param_ood_0007,1.087940728716298,26.412284810861625,0.3662623358177743,0.004214678891003132
O01_ref3_residual_UNet,ref3 + residual U-Net,Unseen-Parameter OOD,0,unseen_param_ood_0008,0.9414594035934987,24.87756615903889,0.277441914377705,0.004777145106345415
O01_ref3_residual_UNet,ref3 + residual U-Net,Unseen-Parameter OOD,0,unseen_param_ood_0009,1.3681788045386019,26.314437827650927,0.31995993954739477,0.005469140131026506
O01_ref3_residual_UNet,ref3 + residual U-Net,Unseen-Parameter OOD,0,unseen_param_ood_0010,0.8601583590616326,25.260489143306124,0.4623655616094136,0.005286240018904209
O01_ref3_residual_UNet,ref3 + residual U-Net,Unseen-Parameter OOD,0,unseen_param_ood_0011,1.221457548839638,23.533891843126376,0.35536260811101505,0.011636413633823395
O01_ref3_residual_UNet,ref3 + residual U-Net,Unseen-Parameter OOD,0,unseen_param_ood_0012,1.071435413965893,25.914747601607072,0.3147171611560644,0.003993315622210503
O01_ref3_residual_UNet,ref3 + residual U-Net,Unseen-Parameter OOD,0,unseen_param_ood_0013,1.8858378235897586,25.38149700311938,0.28387967795354246,0.0074081141501665115
O01_ref3_residual_UNet,ref3 + residual U-Net,Unseen-Parameter OOD,0,unseen_param_ood_0014,1.3280906457145838,25.92026744796911,0.3141992716787419,0.005409119185060263
O01_ref3_residual_UNet,ref3 + residual U-Net,Unseen-Parameter OOD,0,unseen_param_ood_0015,1.2554016986282677,26.27847158906941,0.33818667774702016,0.006332562305033207
O01_ref3_residual_UNet,ref3 + residual U-Net,Unseen-Parameter OOD,0,unseen_param_ood_0016,1.8758075029691375,24.75948072397263,0.25939647854104836,0.010348858311772346
O01_ref3_residual_UNet,ref3 + residual U-Net,Unseen-Parameter OOD,0,unseen_param_ood_0017,0.9878379483365268,24.979839659681584,0.43255317787423947,0.007903944700956345
O01_ref3_residual_UNet,ref3 + residual U-Net,Unseen-Parameter OOD,0,unseen_param_ood_0018,1.137976340112954,27.255055031477035,0.3708501279206365,0.00316123035736382
O01_ref3_residual_UNet,ref3 + residual U-Net,Unseen-Parameter OOD,0,unseen_param_ood_0019,1.1656777935334433,26.294191127047462,0.30435478243742176,0.00381255429238081
O01_ref3_residual_UNet,ref3 + residual U-Net,Unseen-Parameter OOD,0,unseen_param_ood_0020,1.6029588091341094,26.495318254144863,0.3022006759247165,0.005551708862185478
O01_ref3_residual_UNet,ref3 + residual U-Net,Unseen-Parameter OOD,0,unseen_param_ood_0021,1.308849721083353,26.342263717142195,0.34739099308483123,0.004308860283344984
O01_ref3_residual_UNet,ref3 + residual U-Net,Unseen-Parameter OOD,0,unseen_param_ood_0022,1.156329984115221,26.61282012234856,0.3474300151431859,0.004111627582460642
O01_ref3_residual_UNet,ref3 + residual U-Net,Unseen-Parameter OOD,0,unseen_param_ood_0023,1.0998506329189033,23.648789128245394,0.1627792398141988,0.0057795788161456585
O01_ref3_residual_UNet,ref3 + residual U-Net,Unseen-Parameter OOD,0,unseen_param_ood_0024,1.2537352091124014,26.996440472705245,0.3643035157015298,0.004333930090069771
O01_ref3_residual_UNet,ref3 + residual U-Net,Unseen-Parameter OOD,0,unseen_param_ood_0025,1.6904563785170097,26.246981026403407,0.2616092506933988,0.007894301787018776
O01_ref3_residual_UNet,ref3 + residual U-Net,Unseen-Parameter OOD,0,unseen_param_ood_0026,1.6798288277797673,24.94210338174991,0.2682844932204769,0.008117806166410446
O01_ref3_residual_UNet,ref3 + residual U-Net,Unseen-Parameter OOD,0,unseen_param_ood_0027,1.3541782877928332,26.64314386216924,0.3756764672767129,0.005215111188590527
O01_ref3_residual_UNet,ref3 + residual U-Net,Unseen-Parameter OOD,0,unseen_param_ood_0028,1.235766166164517,27.434219387775585,0.45214952578952766,0.004503936506807804
O01_ref3_residual_UNet,ref3 + residual U-Net,Unseen-Parameter OOD,0,unseen_param_ood_0029,1.4468510745585135,25.911213845310613,0.36494280856210515,0.006968230940401554
O01_ref3_residual_UNet,ref3 + residual U-Net,Unseen-Parameter OOD,0,unseen_param_ood_0030,1.9171816455674082,25.234502602681594,0.28638525497794204,0.00811881572008133
O01_ref3_residual_UNet,ref3 + residual U-Net,Unseen-Parameter OOD,0,unseen_param_ood_0031,1.0872439541840129,25.157560206082394,0.3863166745897089,0.006367723923176527
O01_ref3_residual_UNet,ref3 + residual U-Net,Unseen-Parameter OOD,0,unseen_param_ood_0032,1.296243248884071,26.122206416765312,0.4017700416127011,0.006049420218914747
O01_ref3_residual_UNet,ref3 + residual U-Net,Unseen-Parameter OOD,0,unseen_param_ood_0033,1.6018900315079836,26.483950606818212,0.3340464789346951,0.006915090139955282
O01_ref3_residual_UNet,ref3 + residual U-Net,Unseen-Parameter OOD,0,unseen_param_ood_0034,1.9413903314469467,23.976312862865786,0.2433845656877332,0.011373846791684628
O01_ref3_residual_UNet,ref3 + residual U-Net,Unseen-Parameter OOD,0,unseen_param_ood_0035,1.055338257032355,27.68474945439828,0.3706124458312797,0.0031325893942266703
O01_ref3_residual_UNet,ref3 + residual U-Net,Unseen-Parameter OOD,0,unseen_param_ood_0036,1.4360253677812418,25.687804339548745,0.2671142764441189,0.005510696675628424
O01_ref3_residual_UNet,ref3 + residual U-Net,Unseen-Parameter OOD,0,unseen_param_ood_0037,1.4389774809778986,25.006138687595758,0.34795158516715335,0.006953649688512087
O01_ref3_residual_UNet,ref3 + residual U-Net,Unseen-Parameter OOD,0,unseen_param_ood_0038,1.0504165278240256,26.165012983423853,0.263855645898156,0.0031198381911963224
O01_ref3_residual_UNet,ref3 + residual U-Net,Unseen-Parameter OOD,0,unseen_param_ood_0039,1.444405389996678,25.513568184752316,0.30133414740449926,0.0055600316263735294
O01_ref3_residual_UNet,ref3 + residual U-Net,Unseen-Parameter OOD,0,unseen_param_ood_0040,0.9986046970138016,25.133610279690387,0.4539588975115494,0.006958981975913048
O01_ref3_residual_UNet,ref3 + residual U-Net,Unseen-Parameter OOD,0,unseen_param_ood_0041,1.1315713047651357,28.27066853914262,0.3925135227630122,0.0030091488733887672
O01_ref3_residual_UNet,ref3 + residual U-Net,Unseen-Parameter OOD,0,unseen_param_ood_0042,1.292222984718589,26.032562440380676,0.3900565143120353,0.006145087070763111
O01_ref3_residual_UNet,ref3 + residual U-Net,Unseen-Parameter OOD,0,unseen_param_ood_0043,1.495660554249142,25.724893485703735,0.3038927449425806,0.007897631265223026
O01_ref3_residual_UNet,ref3 + residual U-Net,Unseen-Parameter OOD,0,unseen_param_ood_0044,1.1628227782500944,24.78216934271729,0.278734150390232,0.007269625086337328
O01_ref3_residual_UNet,ref3 + residual U-Net,Unseen-Parameter OOD,0,unseen_param_ood_0045,1.2849149021769037,25.857819516779227,0.28899034531806495,0.005920331925153732
O01_ref3_residual_UNet,ref3 + residual U-Net,Unseen-Parameter OOD,0,unseen_param_ood_0046,1.5403425733370772,25.889047584780748,0.32242325589896326,0.00550710828974843
O01_ref3_residual_UNet,ref3 + residual U-Net,Unseen-Parameter OOD,0,unseen_param_ood_0047,1.077355060134197,26.577010237012964,0.30073805909047935,0.0034125971142202616
O01_ref3_residual_UNet,ref3 + residual U-Net,Unseen-Parameter OOD,0,unseen_param_ood_0048,1.163975367330728,26.268228949690684,0.31508414414013325,0.004239229019731283
O01_ref3_residual_UNet,ref3 + residual U-Net,Unseen-Parameter OOD,0,unseen_param_ood_0049,0.9436581799369426,26.256620542324008,0.4124841960513748,0.005414459854364395
O01_ref3_residual_UNet,ref3 + residual U-Net,Unseen-Parameter OOD,0,unseen_param_ood_0050,1.5528286702629004,26.04446437007127,0.30714425927796823,0.007646252866834402
O01_ref3_residual_UNet,ref3 + residual U-Net,Unseen-Parameter OOD,0,unseen_param_ood_0051,1.2799230285298218,27.186003059857292,0.36955492997900724,0.003760719206184149
O01_ref3_residual_UNet,ref3 + residual U-Net,Unseen-Parameter OOD,0,unseen_param_ood_0052,1.1914309942052719,25.912847396469513,0.2709375955144526,0.004050395451486111
O01_ref3_residual_UNet,ref3 + residual U-Net,Unseen-Parameter OOD,0,unseen_param_ood_0053,2.1855835536141535,23.56443325631185,0.18538317508638275,0.012351159937679768
O01_ref3_residual_UNet,ref3 + residual U-Net,Unseen-Parameter OOD,0,unseen_param_ood_0054,1.0631680844073426,26.770647283297446,0.31302257555944724,0.0031415303237736225
O01_ref3_residual_UNet,ref3 + residual U-Net,Unseen-Parameter OOD,0,unseen_param_ood_0055,1.6319478520166422,25.021074367571707,0.27219334794973454,0.008633680641651154
O01_ref3_residual_UNet,ref3 + residual U-Net,Unseen-Parameter OOD,0,unseen_param_ood_0056,1.3714871535821274,24.980344161699218,0.3112853039859357,0.007774020079523325
O01_ref3_residual_UNet,ref3 + residual U-Net,Unseen-Parameter OOD,0,unseen_param_ood_0057,1.120835919371224,27.56861410295243,0.4379002514193682,0.003835706040263176
O01_ref3_residual_UNet,ref3 + residual U-Net,Unseen-Parameter OOD,0,unseen_param_ood_0058,1.1208893419331052,25.736488391169736,0.2990212159619923,0.004114083014428616
O01_ref3_residual_UNet,ref3 + residual U-Net,Unseen-Parameter OOD,0,unseen_param_ood_0059,1.1874525888155938,26.717541545528103,0.30093399233783175,0.0031195206101983786
O01_ref3_residual_UNet,ref3 + residual U-Net,Unseen-Parameter OOD,0,unseen_param_ood_0060,0.822497045130768,23.786564688912154,0.4577870296968874,0.007627210114151239
O01_ref3_residual_UNet,ref3 + residual U-Net,Unseen-Parameter OOD,0,unseen_param_ood_0061,1.2760117286791561,26.381692469555386,0.3364615039272994,0.004736598581075668
O01_ref3_residual_UNet,ref3 + residual U-Net,Unseen-Parameter OOD,0,unseen_param_ood_0062,1.1273384661193102,27.209118231531054,0.3226214030591274,0.0030417919624596834
O01_ref3_residual_UNet,ref3 + residual U-Net,Unseen-Parameter OOD,0,unseen_param_ood_0063,2.0708414453486186,25.205215723203676,0.24370224305784702,0.008084661327302456
O01_ref3_residual_UNet,ref3 + residual U-Net,Unseen-Parameter OOD,0,unseen_param_ood_0064,1.3631621728666605,24.97740168798515,0.3316849257631662,0.007436264306306839
O01_ref3_residual_UNet,ref3 + residual U-Net,Unseen-Parameter OOD,0,unseen_param_ood_0065,1.353283788945905,26.26034052600458,0.3273117925620739,0.006926709786057472
O01_ref3_residual_UNet,ref3 + residual U-Net,Unseen-Parameter OOD,0,unseen_param_ood_0066,1.3356601050817831,25.68022869536028,0.31051758018984277,0.0054354895837605
O01_ref3_residual_UNet,ref3 + residual U-Net,Unseen-Parameter OOD,0,unseen_param_ood_0067,1.4200228445191434,25.761700369882856,0.3433657607945273,0.005901874043047428
O01_ref3_residual_UNet,ref3 + residual U-Net,Unseen-Parameter OOD,0,unseen_param_ood_0068,1.109041788917507,26.270665260525774,0.276583862187042,0.0031988213304430246
O01_ref3_residual_UNet,ref3 + residual U-Net,Unseen-Parameter OOD,0,unseen_param_ood_0069,1.8276272756202496,25.224264782184598,0.2872505439357667,0.007391458377242088
O01_ref3_residual_UNet,ref3 + residual U-Net,Unseen-Parameter OOD,0,unseen_param_ood_0070,2.2213238380785127,24.30158904778323,0.20245993638760076,0.01114486064761877
O01_ref3_residual_UNet,ref3 + residual U-Net,Unseen-Parameter OOD,0,unseen_param_ood_0071,2.2429337764847355,23.62359450330204,0.21873437397212342,0.01085211243480444
O01_ref3_residual_UNet,ref3 + residual U-Net,Unseen-Parameter OOD,0,unseen_param_ood_0072,1.1742690921961438,27.312852638386257,0.38790558096192435,0.0034892703406512737
O01_ref3_residual_UNet,ref3 + residual U-Net,Unseen-Parameter OOD,0,unseen_param_ood_0073,1.2785368986625874,25.56491968326077,0.30674224840102876,0.005311038810759783
O01_ref3_residual_UNet,ref3 + residual U-Net,Unseen-Parameter OOD,0,unseen_param_ood_0074,2.6329605285325344,23.94471304451418,0.18015237023301972,0.01216660626232624
O01_ref3_residual_UNet,ref3 + residual U-Net,Unseen-Parameter OOD,0,unseen_param_ood_0075,1.4989703435863106,25.854204469452455,0.3158519239561756,0.0059601920656859875
O01_ref3_residual_UNet,ref3 + residual U-Net,Unseen-Parameter OOD,0,unseen_param_ood_0076,1.0955371173531625,26.64150473977123,0.37539815596099035,0.004187203012406826
O01_ref3_residual_UNet,ref3 + residual U-Net,Unseen-Parameter OOD,0,unseen_param_ood_0077,1.0857186202360491,27.190391167252358,0.3173826495546388,0.002949194284155965
O01_ref3_residual_UNet,ref3 + residual U-Net,Unseen-Parameter OOD,0,unseen_param_ood_0078,1.1280879462636075,25.777228132479102,0.30093904868102606,0.004347821231931448
O01_ref3_residual_UNet,ref3 + residual U-Net,Unseen-Parameter OOD,0,unseen_param_ood_0079,0.8031898946109663,26.585958905980082,0.5021024852151554,0.0043184589594602585
O01_ref3_residual_UNet,ref3 + residual U-Net,Unseen-Parameter OOD,0,unseen_param_ood_0080,1.1928726098994284,26.09969251020727,0.33131104719056087,0.005271253641694784
O01_ref3_residual_UNet,ref3 + residual U-Net,Unseen-Parameter OOD,0,unseen_param_ood_0081,1.4396784037418693,22.89025587151439,0.2645605877097446,0.016120299696922302
O01_ref3_residual_UNet,ref3 + residual U-Net,Unseen-Parameter OOD,0,unseen_param_ood_0082,1.1544452021254161,26.81632787019311,0.3312403791016892,0.0035848780535161495
O01_ref3_residual_UNet,ref3 + residual U-Net,Unseen-Parameter OOD,0,unseen_param_ood_0083,1.5432117300020896,26.953465452570175,0.3453875056335074,0.0064619057811796665
O01_ref3_residual_UNet,ref3 + residual U-Net,Unseen-Parameter OOD,0,unseen_param_ood_0084,1.2008549568863627,27.206342667946863,0.43613838706267555,0.0039042814169079065
O01_ref3_residual_UNet,ref3 + residual U-Net,Unseen-Parameter OOD,0,unseen_param_ood_0085,1.357267161826611,26.106954640870256,0.35846340308114394,0.005918491631746292
O01_ref3_residual_UNet,ref3 + residual U-Net,Unseen-Parameter OOD,0,unseen_param_ood_0086,1.359345992308503,25.71062125976948,0.351657709871958,0.005786496214568615
O01_ref3_residual_UNet,ref3 + residual U-Net,Unseen-Parameter OOD,0,unseen_param_ood_0087,3.1295507156182465,23.69090874481685,0.1599219775732112,0.013282157480716705
O01_ref3_residual_UNet,ref3 + residual U-Net,Unseen-Parameter OOD,0,unseen_param_ood_0088,1.2350040839133858,24.715558889384212,0.385331944101218,0.006195390596985817
O01_ref3_residual_UNet,ref3 + residual U-Net,Unseen-Parameter OOD,0,unseen_param_ood_0089,1.5087950983762042,25.15082997993477,0.25254694636945496,0.008264092728495598
O01_ref3_residual_UNet,ref3 + residual U-Net,Unseen-Parameter OOD,0,unseen_param_ood_0090,1.76551709015421,25.598716765426527,0.31812891532469406,0.005912110675126314
O01_ref3_residual_UNet,ref3 + residual U-Net,Unseen-Parameter OOD,0,unseen_param_ood_0091,1.7813708505229706,25.89596600660679,0.25455259714290096,0.008247427642345428
O01_ref3_residual_UNet,ref3 + residual U-Net,Unseen-Parameter OOD,0,unseen_param_ood_0092,1.0307425796070053,26.371930383425862,0.29785851545858255,0.0031243509147316217
O01_ref3_residual_UNet,ref3 + residual U-Net,Unseen-Parameter OOD,0,unseen_param_ood_0093,1.7141506138523532,25.009877788425424,0.2438822145942522,0.008631511591374874
O01_ref3_residual_UNet,ref3 + residual U-Net,Unseen-Parameter OOD,0,unseen_param_ood_0094,1.3092997319565374,25.953049207515345,0.3076001380335372,0.004669514950364828
O01_ref3_residual_UNet,ref3 + residual U-Net,Unseen-Parameter OOD,0,unseen_param_ood_0095,1.3714888266755212,22.252202673858818,0.27204814640573305,0.014563200995326042
O01_ref3_residual_UNet,ref3 + residual U-Net,Unseen-Parameter OOD,0,unseen_param_ood_0096,1.4732111463070297,26.292644083508808,0.3251166074812235,0.006150164175778627
O01_ref3_residual_UNet,ref3 + residual U-Net,Unseen-Parameter OOD,0,unseen_param_ood_0097,1.4294381597157904,25.742068723786677,0.3393468434409825,0.0058736433275043964
O01_ref3_residual_UNet,ref3 + residual U-Net,Unseen-Parameter OOD,0,unseen_param_ood_0098,1.122217241238523,25.833923721606528,0.37873928655828115,0.0061359466053545475
O01_ref3_residual_UNet,ref3 + residual U-Net,Unseen-Parameter OOD,0,unseen_param_ood_0099,1.775878116890483,25.50700305436019,0.29614308265915146,0.008128265850245953
O01_ref3_residual_UNet,ref3 + residual U-Net,Unseen-Parameter OOD,1,unseen_param_ood_0000,0.9897271308626102,27.13484100619686,0.32072896597613787,0.0028143597301095724
O01_ref3_residual_UNet,ref3 + residual U-Net,Unseen-Parameter OOD,1,unseen_param_ood_0001,0.9772766489325668,27.9493135476589,0.367898220713584,0.0027573350816965103
O01_ref3_residual_UNet,ref3 + residual U-Net,Unseen-Parameter OOD,1,unseen_param_ood_0002,0.973801577558188,26.315371003836784,0.2834949084746832,0.00305151822976768
O01_ref3_residual_UNet,ref3 + residual U-Net,Unseen-Parameter OOD,1,unseen_param_ood_0003,0.9990662407358879,24.109215487228095,0.1665742670149581,0.004938012920320034
O01_ref3_residual_UNet,ref3 + residual U-Net,Unseen-Parameter OOD,1,unseen_param_ood_0004,0.9890965772739673,28.191936198878143,0.3710413091701915,0.002274039899930358
O01_ref3_residual_UNet,ref3 + residual U-Net,Unseen-Parameter OOD,1,unseen_param_ood_0005,0.9953448284053784,25.39046056132164,0.23756176740542223,0.004451049491763115
O01_ref3_residual_UNet,ref3 + residual U-Net,Unseen-Parameter OOD,1,unseen_param_ood_0006,0.9679939154856522,26.75241581854953,0.3376028315954218,0.003296835348010063
O01_ref3_residual_UNet,ref3 + residual U-Net,Unseen-Parameter OOD,1,unseen_param_ood_0007,0.9944306351665848,26.802592252683958,0.30630345351412464,0.0031564775854349136
O01_ref3_residual_UNet,ref3 + residual U-Net,Unseen-Parameter OOD,1,unseen_param_ood_0008,0.9882046145785204,24.667113482886034,0.1934598736524032,0.0045249746181070805
O01_ref3_residual_UNet,ref3 + residual U-Net,Unseen-Parameter OOD,1,unseen_param_ood_0009,0.9789019124595228,27.76847454024539,0.36007348531113414,0.0028349461499601603
O01_ref3_residual_UNet,ref3 + residual U-Net,Unseen-Parameter OOD,1,unseen_param_ood_0010,0.9736516075942822,24.72223732854301,0.23454493989150546,0.004249151796102524
O01_ref3_residual_UNet,ref3 + residual U-Net,Unseen-Parameter OOD,1,unseen_param_ood_0011,0.9777018808075151,24.500611062653228,0.19991723151711197,0.005090881604701281
O01_ref3_residual_UNet,ref3 + residual U-Net,Unseen-Parameter OOD,1,unseen_param_ood_0012,0.9896131107368246,26.259753285675952,0.2711117594741755,0.0029777775052934885
O01_ref3_residual_UNet,ref3 + residual U-Net,Unseen-Parameter OOD,1,unseen_param_ood_0013,0.9845061849580888,28.204355868760157,0.3944570874002371,0.002846896881237626
O01_ref3_residual_UNet,ref3 + residual U-Net,Unseen-Parameter OOD,1,unseen_param_ood_0014,0.9819125414963766,27.231816338428384,0.33563062129040183,0.0030265958048403263
O01_ref3_residual_UNet,ref3 + residual U-Net,Unseen-Parameter OOD,1,unseen_param_ood_0015,0.988995736518765,27.31435447113228,0.32794843967396986,0.0027615108992904425
O01_ref3_residual_UNet,ref3 + residual U-Net,Unseen-Parameter OOD,1,unseen_param_ood_0016,0.9779295556501233,27.588287517951024,0.350825159686886,0.002916672732681036
O01_ref3_residual_UNet,ref3 + residual U-Net,Unseen-Parameter OOD,1,unseen_param_ood_0017,0.9974857519796164,24.93762963869303,0.20727346765900334,0.004352728370577097
O01_ref3_residual_UNet,ref3 + residual U-Net,Unseen-Parameter OOD,1,unseen_param_ood_0018,0.9870642382671929,27.872933297440078,0.35895063116952214,0.002331601455807686
O01_ref3_residual_UNet,ref3 + residual U-Net,Unseen-Parameter OOD,1,unseen_param_ood_0019,1.0052878151133475,26.93707207479047,0.30669764414091805,0.002963211154565215
O01_ref3_residual_UNet,ref3 + residual U-Net,Unseen-Parameter OOD,1,unseen_param_ood_0020,0.990504443483422,28.585977728363673,0.40418195063094164,0.002573648001998663
O01_ref3_residual_UNet,ref3 + residual U-Net,Unseen-Parameter OOD,1,unseen_param_ood_0021,0.9995099357035236,27.513290503931938,0.33901748368409274,0.002758871531113982
O01_ref3_residual_UNet,ref3 + residual U-Net,Unseen-Parameter OOD,1,unseen_param_ood_0022,0.98071384906324,27.328214666140198,0.3364578448237999,0.0028655307833105326
O01_ref3_residual_UNet,ref3 + residual U-Net,Unseen-Parameter OOD,1,unseen_param_ood_0023,1.0117093931976309,24.01156858375124,0.1685444027299575,0.005205536261200905
O01_ref3_residual_UNet,ref3 + residual U-Net,Unseen-Parameter OOD,1,unseen_param_ood_0024,0.993138386470007,28.008401038049975,0.3621588301697153,0.0022610907908529043
O01_ref3_residual_UNet,ref3 + residual U-Net,Unseen-Parameter OOD,1,unseen_param_ood_0025,0.9820814941277606,28.605545682169854,0.4013604255798154,0.002192108891904354
O01_ref3_residual_UNet,ref3 + residual U-Net,Unseen-Parameter OOD,1,unseen_param_ood_0026,0.9900502711721104,27.238181068574296,0.3360057746128544,0.003160516731441021
O01_ref3_residual_UNet,ref3 + residual U-Net,Unseen-Parameter OOD,1,unseen_param_ood_0027,1.0053716450183696,27.936636145307624,0.3758297587258905,0.003207106376066804
O01_ref3_residual_UNet,ref3 + residual U-Net,Unseen-Parameter OOD,1,unseen_param_ood_0028,0.9756298348995204,28.46073168923709,0.3907440884574858,0.002096399199217558
O01_ref3_residual_UNet,ref3 + residual U-Net,Unseen-Parameter OOD,1,unseen_param_ood_0029,0.9905757811286607,27.556574953437952,0.3455927909131979,0.003047266975045204
O01_ref3_residual_UNet,ref3 + residual U-Net,Unseen-Parameter OOD,1,unseen_param_ood_0030,0.9977894916580815,28.070746013827268,0.38193036657985124,0.002836643485352397
O01_ref3_residual_UNet,ref3 + residual U-Net,Unseen-Parameter OOD,1,unseen_param_ood_0031,0.9783304943686277,25.615974510209064,0.2687574843124452,0.004284193739295006
O01_ref3_residual_UNet,ref3 + residual U-Net,Unseen-Parameter OOD,1,unseen_param_ood_0032,0.9777770291794297,27.346673251741677,0.33763705796754295,0.002853931626304984
O01_ref3_residual_UNet,ref3 + residual U-Net,Unseen-Parameter OOD,1,unseen_param_ood_0033,0.9875144136148016,28.584843196991475,0.3950107446752466,0.002167356200516224
O01_ref3_residual_UNet,ref3 + residual U-Net,Unseen-Parameter OOD,1,unseen_param_ood_0034,0.9568592774528889,27.048961048977255,0.33194845378783155,0.002949225017800927
O01_ref3_residual_UNet,ref3 + residual U-Net,Unseen-Parameter OOD,1,unseen_param_ood_0035,0.9954856740896506,27.938316214792792,0.3545905375426418,0.0024436318781226873
O01_ref3_residual_UNet,ref3 + residual U-Net,Unseen-Parameter OOD,1,unseen_param_ood_0036,0.9890126975443576,27.307406928602486,0.3327609250695407,0.002604465000331402
O01_ref3_residual_UNet,ref3 + residual U-Net,Unseen-Parameter OOD,1,unseen_param_ood_0037,0.9791402214337865,26.678229727371328,0.3103417922915092,0.003070857608690858
O01_ref3_residual_UNet,ref3 + residual U-Net,Unseen-Parameter OOD,1,unseen_param_ood_0038,1.0074488359994793,26.346398740843313,0.2685255856136457,0.0028877882286906242
O01_ref3_residual_UNet,ref3 + residual U-Net,Unseen-Parameter OOD,1,unseen_param_ood_0039,0.9985518784649678,27.116752847339804,0.3146237311014027,0.0026114550419151783
O01_ref3_residual_UNet,ref3 + residual U-Net,Unseen-Parameter OOD,1,unseen_param_ood_0040,0.9987103759158266,25.13315063180214,0.21075367591337238,0.0044526406563818455
O01_ref3_residual_UNet,ref3 + residual U-Net,Unseen-Parameter OOD,1,unseen_param_ood_0041,0.9919093691660114,28.84276788129322,0.4075726264119501,0.0020539427641779184
O01_ref3_residual_UNet,ref3 + residual U-Net,Unseen-Parameter OOD,1,unseen_param_ood_0042,0.9863259108645454,27.20573287707197,0.31690943492469087,0.0026589054614305496
O01_ref3_residual_UNet,ref3 + residual U-Net,Unseen-Parameter OOD,1,unseen_param_ood_0043,0.9746938020762014,27.58454184099298,0.35593459918751813,0.003057583002373576
O01_ref3_residual_UNet,ref3 + residual U-Net,Unseen-Parameter OOD,1,unseen_param_ood_0044,0.9739955356065528,25.55173526793265,0.2652241487312674,0.004762561060488224
O01_ref3_residual_UNet,ref3 + residual U-Net,Unseen-Parameter OOD,1,unseen_param_ood_0045,0.997483506042569,26.957505984573743,0.30568353737207005,0.002821536036208272
O01_ref3_residual_UNet,ref3 + residual U-Net,Unseen-Parameter OOD,1,unseen_param_ood_0046,0.9959688230798841,27.78276329573647,0.34583307238451,0.0024113934487104416
O01_ref3_residual_UNet,ref3 + residual U-Net,Unseen-Parameter OOD,1,unseen_param_ood_0047,0.9947489118835364,26.923464179466194,0.3076469177563218,0.002949776127934456
O01_ref3_residual_UNet,ref3 + residual U-Net,Unseen-Parameter OOD,1,unseen_param_ood_0048,1.004410621563411,26.908553807390845,0.3104875729088987,0.0031007258221507072
O01_ref3_residual_UNet,ref3 + residual U-Net,Unseen-Parameter OOD,1,unseen_param_ood_0049,0.9952126873353352,26.02560859660331,0.2536601377141888,0.0035789962857961655
O01_ref3_residual_UNet,ref3 + residual U-Net,Unseen-Parameter OOD,1,unseen_param_ood_0050,0.9822554547543383,28.033455341586535,0.3761484891967392,0.002894349629059434
O01_ref3_residual_UNet,ref3 + residual U-Net,Unseen-Parameter OOD,1,unseen_param_ood_0051,0.9999371812293335,28.258114393523126,0.3713754023649638,0.0021143939811736345
O01_ref3_residual_UNet,ref3 + residual U-Net,Unseen-Parameter OOD,1,unseen_param_ood_0052,0.9838444683626629,26.744271776385744,0.3084588843022143,0.0030949455685913563
O01_ref3_residual_UNet,ref3 + residual U-Net,Unseen-Parameter OOD,1,unseen_param_ood_0053,0.9710801025829507,27.087557042885013,0.3294732025621365,0.003131827339529991
O01_ref3_residual_UNet,ref3 + residual U-Net,Unseen-Parameter OOD,1,unseen_param_ood_0054,1.0041671318702479,27.01860609519683,0.30884229590861256,0.002767839701846242
O01_ref3_residual_UNet,ref3 + residual U-Net,Unseen-Parameter OOD,1,unseen_param_ood_0055,0.9777551536444451,27.245836172682655,0.3285024891299604,0.0028161192312836647
O01_ref3_residual_UNet,ref3 + residual U-Net,Unseen-Parameter OOD,1,unseen_param_ood_0056,0.9626974647900447,26.517363144106948,0.3177696784940199,0.003615540685132146
O01_ref3_residual_UNet,ref3 + residual U-Net,Unseen-Parameter OOD,1,unseen_param_ood_0057,0.9696889112312302,28.197710154471338,0.38689128806968914,0.002620481187477708
O01_ref3_residual_UNet,ref3 + residual U-Net,Unseen-Parameter OOD,1,unseen_param_ood_0058,0.9899887959622516,26.275813006933898,0.27297374663684043,0.003005402162671089
O01_ref3_residual_UNet,ref3 + residual U-Net,Unseen-Parameter OOD,1,unseen_param_ood_0059,1.0364571189208773,27.308191025724344,0.32649448204160947,0.002714567817747593
O01_ref3_residual_UNet,ref3 + residual U-Net,Unseen-Parameter OOD,1,unseen_param_ood_0060,0.9992146864678667,22.94131993637415,0.12649498093387576,0.005736431106925011
O01_ref3_residual_UNet,ref3 + residual U-Net,Unseen-Parameter OOD,1,unseen_param_ood_0061,0.9961023531207522,27.457199759960808,0.330125163063208,0.002633263124153018
O01_ref3_residual_UNet,ref3 + residual U-Net,Unseen-Parameter OOD,1,unseen_param_ood_0062,1.01011306635425,27.685961508657403,0.3419071068695509,0.0025655885692685843
O01_ref3_residual_UNet,ref3 + residual U-Net,Unseen-Parameter OOD,1,unseen_param_ood_0063,1.0119460586379687,28.315110775067968,0.397179249701874,0.003047746839001775
O01_ref3_residual_UNet,ref3 + residual U-Net,Unseen-Parameter OOD,1,unseen_param_ood_0064,0.9673394773771737,26.46708786427056,0.30720195412059303,0.003440621541813016
O01_ref3_residual_UNet,ref3 + residual U-Net,Unseen-Parameter OOD,1,unseen_param_ood_0065,0.9851881434429575,27.639037434916883,0.3468649475453806,0.0027622049674391747
O01_ref3_residual_UNet,ref3 + residual U-Net,Unseen-Parameter OOD,1,unseen_param_ood_0066,0.9842743413128552,27.006026657668453,0.3387574453374605,0.0031210186425596476
O01_ref3_residual_UNet,ref3 + residual U-Net,Unseen-Parameter OOD,1,unseen_param_ood_0067,0.9913328898316403,27.322458452900253,0.32251069696849927,0.0025591894518584013
O01_ref3_residual_UNet,ref3 + residual U-Net,Unseen-Parameter OOD,1,unseen_param_ood_0068,1.0092732812235488,26.680056508264684,0.2900712611605319,0.002782233525067568
O01_ref3_residual_UNet,ref3 + residual U-Net,Unseen-Parameter OOD,1,unseen_param_ood_0069,1.0009893033983668,27.838847023405926,0.3578751446126688,0.0028632921166718006
O01_ref3_residual_UNet,ref3 + residual U-Net,Unseen-Parameter OOD,1,unseen_param_ood_0070,0.9768980214890535,27.869215685497032,0.37588927458312826,0.003244183724746108
O01_ref3_residual_UNet,ref3 + residual U-Net,Unseen-Parameter OOD,1,unseen_param_ood_0071,0.9836836353510389,27.20320452820364,0.35289137605325677,0.0028861502651125193
O01_ref3_residual_UNet,ref3 + residual U-Net,Unseen-Parameter OOD,1,unseen_param_ood_0072,0.9824206181528896,28.087554447196826,0.3754826162245411,0.0024288545828312635
O01_ref3_residual_UNet,ref3 + residual U-Net,Unseen-Parameter OOD,1,unseen_param_ood_0073,0.9943142756015624,26.656815776406283,0.2886718778204472,0.00278423517011106
O01_ref3_residual_UNet,ref3 + residual U-Net,Unseen-Parameter OOD,1,unseen_param_ood_0074,0.9800749718039892,28.23656354916824,0.3910767777770213,0.0029444817919284105
O01_ref3_residual_UNet,ref3 + residual U-Net,Unseen-Parameter OOD,1,unseen_param_ood_0075,0.9928571741354991,27.64326706428182,0.34438623181860295,0.002740775002166629
O01_ref3_residual_UNet,ref3 + residual U-Net,Unseen-Parameter OOD,1,unseen_param_ood_0076,0.9842277476684804,27.106819778765313,0.3192668750766465,0.0027829790487885475
O01_ref3_residual_UNet,ref3 + residual U-Net,Unseen-Parameter OOD,1,unseen_param_ood_0077,1.0026345779372159,27.536137178092964,0.33063993170941214,0.002500319853425026
O01_ref3_residual_UNet,ref3 + residual U-Net,Unseen-Parameter OOD,1,unseen_param_ood_0078,0.9952759116703723,26.321223073267355,0.27469791475381455,0.00305513315834105
O01_ref3_residual_UNet,ref3 + residual U-Net,Unseen-Parameter OOD,1,unseen_param_ood_0079,0.9004834474168018,26.089383731116005,0.3261388487868982,0.004153492860496044
O01_ref3_residual_UNet,ref3 + residual U-Net,Unseen-Parameter OOD,1,unseen_param_ood_0080,0.9839296290470576,26.935992798940074,0.3147408968367285,0.0030405414290726185
O01_ref3_residual_UNet,ref3 + residual U-Net,Unseen-Parameter OOD,1,unseen_param_ood_0081,0.9894219242028545,24.519095562250286,0.19851418686722816,0.005410864949226379
O01_ref3_residual_UNet,ref3 + residual U-Net,Unseen-Parameter OOD,1,unseen_param_ood_0082,0.9912379814856918,27.478281767336146,0.33070512420894793,0.002603238681331277
O01_ref3_residual_UNet,ref3 + residual U-Net,Unseen-Parameter OOD,1,unseen_param_ood_0083,0.9903397249513272,28.879878362099998,0.41146424778569984,0.0021411420311778784
O01_ref3_residual_UNet,ref3 + residual U-Net,Unseen-Parameter OOD,1,unseen_param_ood_0084,0.971400655890694,28.127264386013188,0.38401511577834085,0.0024794521741569042
O01_ref3_residual_UNet,ref3 + residual U-Net,Unseen-Parameter OOD,1,unseen_param_ood_0085,0.98640185899329,27.493069133695283,0.33462436534183293,0.002483413089066744
O01_ref3_residual_UNet,ref3 + residual U-Net,Unseen-Parameter OOD,1,unseen_param_ood_0086,0.9871833886837688,27.099943166162003,0.3507341455841571,0.0033658177126199007
O01_ref3_residual_UNet,ref3 + residual U-Net,Unseen-Parameter OOD,1,unseen_param_ood_0087,0.9926955820457846,28.677568022127712,0.4132961851106033,0.0028358923736959696
O01_ref3_residual_UNet,ref3 + residual U-Net,Unseen-Parameter OOD,1,unseen_param_ood_0088,0.9868640511048107,25.68966965822633,0.2463021892673496,0.003930206876248121
O01_ref3_residual_UNet,ref3 + residual U-Net,Unseen-Parameter OOD,1,unseen_param_ood_0089,0.9775040083052883,27.03594689188396,0.3240806502397121,0.0031715703662484884
O01_ref3_residual_UNet,ref3 + residual U-Net,Unseen-Parameter OOD,1,unseen_param_ood_0090,1.0070673274545014,28.03685106691193,0.386274183256805,0.002973234746605158
O01_ref3_residual_UNet,ref3 + residual U-Net,Unseen-Parameter OOD,1,unseen_param_ood_0091,0.9819197753859346,28.482749337637692,0.40273835228794796,0.0026962419506162405
O01_ref3_residual_UNet,ref3 + residual U-Net,Unseen-Parameter OOD,1,unseen_param_ood_0092,0.9988475834780007,26.50844052010084,0.2821434779157489,0.002830604324117303
O01_ref3_residual_UNet,ref3 + residual U-Net,Unseen-Parameter OOD,1,unseen_param_ood_0093,0.9928707963964547,27.381440105591377,0.34239245889414144,0.0032890241127461195
O01_ref3_residual_UNet,ref3 + residual U-Net,Unseen-Parameter OOD,1,unseen_param_ood_0094,1.0036903280408211,27.10744259044912,0.3180253465612463,0.00290463725104928
O01_ref3_residual_UNet,ref3 + residual U-Net,Unseen-Parameter OOD,1,unseen_param_ood_0095,0.9870876126020444,23.68056839906247,0.16577087958310946,0.005633259657770395
O01_ref3_residual_UNet,ref3 + residual U-Net,Unseen-Parameter OOD,1,unseen_param_ood_0096,0.9967635447844656,27.9893726309006,0.3844286938933222,0.0031955435406416655
O01_ref3_residual_UNet,ref3 + residual U-Net,Unseen-Parameter OOD,1,unseen_param_ood_0097,0.9841048907037905,27.363308416675988,0.3367367515512926,0.0029329988174140453
O01_ref3_residual_UNet,ref3 + residual U-Net,Unseen-Parameter OOD,1,unseen_param_ood_0098,0.9698661826700702,26.467575153873128,0.2896274385680968,0.0029081201646476984
O01_ref3_residual_UNet,ref3 + residual U-Net,Unseen-Parameter OOD,1,unseen_param_ood_0099,0.9839428536646573,28.071435730986963,0.36658455478371255,0.0024585307110100985
O01_ref3_residual_UNet,ref3 + residual U-Net,Unseen-Parameter OOD,2,unseen_param_ood_0000,0.9986081491086702,27.096044588123217,0.303613896658275,0.0022213663905858994
O01_ref3_residual_UNet,ref3 + residual U-Net,Unseen-Parameter OOD,2,unseen_param_ood_0001,0.9943069271129489,27.874284255353345,0.34579344581431476,0.002108496380969882
O01_ref3_residual_UNet,ref3 + residual U-Net,Unseen-Parameter OOD,2,unseen_param_ood_0002,0.9984624283095106,26.206758498318415,0.25766971300909647,0.002636886201798916
O01_ref3_residual_UNet,ref3 + residual U-Net,Unseen-Parameter OOD,2,unseen_param_ood_0003,0.9992795659187411,24.108288338005572,0.15948929942892767,0.0044737267307937145
O01_ref3_residual_UNet,ref3 + residual U-Net,Unseen-Parameter OOD,2,unseen_param_ood_0004,0.9954498349227108,28.164129387630897,0.3614341371182,0.0018971441313624382
O01_ref3_residual_UNet,ref3 + residual U-Net,Unseen-Parameter OOD,2,unseen_param_ood_0005,0.9967527450859031,25.38432204629762,0.2175117830394691,0.0034790511708706617
O01_ref3_residual_UNet,ref3 + residual U-Net,Unseen-Parameter OOD,2,unseen_param_ood_0006,0.9944915912014601,26.63513078994099,0.3010983056794314,0.002325695240870118
O01_ref3_residual_UNet,ref3 + residual U-Net,Unseen-Parameter OOD,2,unseen_param_ood_0007,0.9961072205073084,26.795276321384375,0.2887288383628682,0.002345177810639143
O01_ref3_residual_UNet,ref3 + residual U-Net,Unseen-Parameter OOD,2,unseen_param_ood_0008,0.9984975623626023,24.62211216812105,0.17958648911731187,0.004154288675636053
O01_ref3_residual_UNet,ref3 + residual U-Net,Unseen-Parameter OOD,2,unseen_param_ood_0009,0.994639189350955,27.69921080964043,0.33620427223295074,0.002139819785952568
O01_ref3_residual_UNet,ref3 + residual U-Net,Unseen-Parameter OOD,2,unseen_param_ood_0010,0.9971525503631727,24.618657309278504,0.20291112604825368,0.0035708060022443533
O01_ref3_residual_UNet,ref3 + residual U-Net,Unseen-Parameter OOD,2,unseen_param_ood_0011,0.9968173464882812,24.416519583740822,0.17260141277588825,0.004331648349761963
O01_ref3_residual_UNet,ref3 + residual U-Net,Unseen-Parameter OOD,2,unseen_param_ood_0012,0.9977051778518602,26.224385302285533,0.2588170587014384,0.0026176113169640303
O01_ref3_residual_UNet,ref3 + residual U-Net,Unseen-Parameter OOD,2,unseen_param_ood_0013,0.9943682750541875,28.161067758721686,0.36810470163050335,0.001893133856356144
O01_ref3_residual_UNet,ref3 + residual U-Net,Unseen-Parameter OOD,2,unseen_param_ood_0014,0.996696688523496,27.166914355429434,0.30707862116277385,0.002300411928445101
O01_ref3_residual_UNet,ref3 + residual U-Net,Unseen-Parameter OOD,2,unseen_param_ood_0015,0.9961136944003819,27.283209597525996,0.31329717310977423,0.0022178059443831444
O01_ref3_residual_UNet,ref3 + residual U-Net,Unseen-Parameter OOD,2,unseen_param_ood_0016,0.9934091899192067,27.520081738503364,0.3277303980415329,0.002158360555768013
O01_ref3_residual_UNet,ref3 + residual U-Net,Unseen-Parameter OOD,2,unseen_param_ood_0017,0.9973996928469535,24.93800442870443,0.1971309094310415,0.003684581257402897
O01_ref3_residual_UNet,ref3 + residual U-Net,Unseen-Parameter OOD,2,unseen_param_ood_0018,0.9986327276465472,27.82232930743667,0.34233031875643105,0.0019332489464432001
O01_ref3_residual_UNet,ref3 + residual U-Net,Unseen-Parameter OOD,2,unseen_param_ood_0019,0.9969786360648695,26.9731180002524,0.2971852053512797,0.0022972177248448133
O01_ref3_residual_UNet,ref3 + residual U-Net,Unseen-Parameter OOD,2,unseen_param_ood_0020,0.9914227061639832,28.581953452394224,0.38890572437839865,0.0017671602545306087
O01_ref3_residual_UNet,ref3 + residual U-Net,Unseen-Parameter OOD,2,unseen_param_ood_0021,0.995773467701144,27.529556103860774,0.32778262504661254,0.0020983861759305
O01_ref3_residual_UNet,ref3 + residual U-Net,Unseen-Parameter OOD,2,unseen_param_ood_0022,0.9972589726661938,27.255558373165645,0.31115955689629976,0.0022645823191851377
O01_ref3_residual_UNet,ref3 + residual U-Net,Unseen-Parameter OOD,2,unseen_param_ood_0023,0.998910203950361,24.06686182615267,0.15937439496015293,0.004511367995291948
O01_ref3_residual_UNet,ref3 + residual U-Net,Unseen-Parameter OOD,2,unseen_param_ood_0024,0.9975405260529495,27.98919347498431,0.35145018794583915,0.0018629414262250066
O01_ref3_residual_UNet,ref3 + residual U-Net,Unseen-Parameter OOD,2,unseen_param_ood_0025,0.9974687027912165,28.53802828461358,0.3834341024278916,0.0017131726490333676
O01_ref3_residual_UNet,ref3 + residual U-Net,Unseen-Parameter OOD,2,unseen_param_ood_0026,0.997551531386719,27.20540025164917,0.30794569745582273,0.0024004268925637007
O01_ref3_residual_UNet,ref3 + residual U-Net,Unseen-Parameter OOD,2,unseen_param_ood_0027,0.9911771877769701,27.998389289613744,0.3535116814013637,0.0020505907014012337
O01_ref3_residual_UNet,ref3 + residual U-Net,Unseen-Parameter OOD,2,unseen_param_ood_0028,0.9975735607365313,28.36413314060006,0.37209862142016026,0.0017957569798454642
O01_ref3_residual_UNet,ref3 + residual U-Net,Unseen-Parameter OOD,2,unseen_param_ood_0029,0.9932907734332755,27.54468800636337,0.329295394982306,0.0022310835774987936
O01_ref3_residual_UNet,ref3 + residual U-Net,Unseen-Parameter OOD,2,unseen_param_ood_0030,0.9919876246141945,28.096072646050814,0.36053628635800006,0.0019184575648978353
O01_ref3_residual_UNet,ref3 + residual U-Net,Unseen-Parameter OOD,2,unseen_param_ood_0031,0.9969394399354735,25.534142441603613,0.23294033708399767,0.0033029692713171244
O01_ref3_residual_UNet,ref3 + residual U-Net,Unseen-Parameter OOD,2,unseen_param_ood_0032,0.994548283980731,27.27281283204626,0.31358180022564236,0.002211049199104309
O01_ref3_residual_UNet,ref3 + residual U-Net,Unseen-Parameter OOD,2,unseen_param_ood_0033,0.9957506947010205,28.548771624194842,0.3837534920390768,0.0017125391168519855
O01_ref3_residual_UNet,ref3 + residual U-Net,Unseen-Parameter OOD,2,unseen_param_ood_0034,0.9966772053004299,26.871896397801642,0.292114334671282,0.0023682115133851767
O01_ref3_residual_UNet,ref3 + residual U-Net,Unseen-Parameter OOD,2,unseen_param_ood_0035,0.9969520012391822,27.931923597495214,0.3472360452533886,0.00203524436801672
O01_ref3_residual_UNet,ref3 + residual U-Net,Unseen-Parameter OOD,2,unseen_param_ood_0036,0.9972107449997907,27.271555917938546,0.31460729735483495,0.002098636468872428
O01_ref3_residual_UNet,ref3 + residual U-Net,Unseen-Parameter OOD,2,unseen_param_ood_0037,0.9940282046276748,26.612691722027566,0.2871609449907748,0.0023473124019801617
O01_ref3_residual_UNet,ref3 + residual U-Net,Unseen-Parameter OOD,2,unseen_param_ood_0038,0.9999680562114474,26.378767468711537,0.26570667288820754,0.0026024794206023216
O01_ref3_residual_UNet,ref3 + residual U-Net,Unseen-Parameter OOD,2,unseen_param_ood_0039,0.9979253974727401,27.119478292470994,0.30859019115937975,0.002222607843577862
O01_ref3_residual_UNet,ref3 + residual U-Net,Unseen-Parameter OOD,2,unseen_param_ood_0040,0.9972531573144348,25.139492063702953,0.20209806240248832,0.003861780045554042
O01_ref3_residual_UNet,ref3 + residual U-Net,Unseen-Parameter OOD,2,unseen_param_ood_0041,0.9958761561450944,28.8254346480203,0.3994449792264257,0.001675294479355216
O01_ref3_residual_UNet,ref3 + residual U-Net,Unseen-Parameter OOD,2,unseen_param_ood_0042,0.9966608759529203,27.160463039284373,0.30505068593206475,0.0023416036274284124
O01_ref3_residual_UNet,ref3 + residual U-Net,Unseen-Parameter OOD,2,unseen_param_ood_0043,0.995198039889086,27.494128905461665,0.32566732084764904,0.0022277487441897392
O01_ref3_residual_UNet,ref3 + residual U-Net,Unseen-Parameter OOD,2,unseen_param_ood_0044,0.9970727630503154,25.450036254244463,0.22058206851533455,0.0034800509456545115
O01_ref3_residual_UNet,ref3 + residual U-Net,Unseen-Parameter OOD,2,unseen_param_ood_0045,0.9970150018339544,26.95954648936885,0.2965714347225265,0.0023059893865138292
O01_ref3_residual_UNet,ref3 + residual U-Net,Unseen-Parameter OOD,2,unseen_param_ood_0046,0.9961454004722871,27.78199354030352,0.34020902577449513,0.00203181360848248
O01_ref3_residual_UNet,ref3 + residual U-Net,Unseen-Parameter OOD,2,unseen_param_ood_0047,0.997608742536198,26.910996424084786,0.29383570736619447,0.002325434470549226
O01_ref3_residual_UNet,ref3 + residual U-Net,Unseen-Parameter OOD,2,unseen_param_ood_0048,0.9945092678547393,26.951578149669963,0.29789914422038055,0.002340732142329216
O01_ref3_residual_UNet,ref3 + residual U-Net,Unseen-Parameter OOD,2,unseen_param_ood_0049,0.9984499796761628,26.01150455624272,0.24358645043108865,0.003136058570817113
O01_ref3_residual_UNet,ref3 + residual U-Net,Unseen-Parameter OOD,2,unseen_param_ood_0050,0.995045194215778,27.977271886863235,0.35259708091988545,0.00204412336461246
O01_ref3_residual_UNet,ref3 + residual U-Net,Unseen-Parameter OOD,2,unseen_param_ood_0051,0.9985686558353074,28.26406249418341,0.36716218898573566,0.0017346622189506888
O01_ref3_residual_UNet,ref3 + residual U-Net,Unseen-Parameter OOD,2,unseen_param_ood_0052,0.9967574377138037,26.687641303247943,0.28393709808267276,0.0023792225401848555
O01_ref3_residual_UNet,ref3 + residual U-Net,Unseen-Parameter OOD,2,unseen_param_ood_0053,0.9941757317060865,26.98547620964772,0.2995523459996021,0.002336332108825445
O01_ref3_residual_UNet,ref3 + residual U-Net,Unseen-Parameter OOD,2,unseen_param_ood_0054,0.9977371054796914,27.046505180047436,0.30008783828540786,0.002304307883605361
O01_ref3_residual_UNet,ref3 + residual U-Net,Unseen-Parameter OOD,2,unseen_param_ood_0055,0.9950929528471762,27.169500676628694,0.3080037963916286,0.0022586656268686056
O01_ref3_residual_UNet,ref3 + residual U-Net,Unseen-Parameter OOD,2,unseen_param_ood_0056,0.9920590546232319,26.3868864853928,0.27007328577214385,0.002632408170029521
O01_ref3_residual_UNet,ref3 + residual U-Net,Unseen-Parameter OOD,2,unseen_param_ood_0057,0.995279267801871,28.084584957104607,0.3578299463657877,0.0019771603401750326
O01_ref3_residual_UNet,ref3 + residual U-Net,Unseen-Parameter OOD,2,unseen_param_ood_0058,0.997780631709297,26.241765154575972,0.2596611658225287,0.0026280442252755165
O01_ref3_residual_UNet,ref3 + residual U-Net,Unseen-Parameter OOD,2,unseen_param_ood_0059,1.0012786486107286,27.458154893334456,0.32740187767820267,0.002135418588295579
O01_ref3_residual_UNet,ref3 + residual U-Net,Unseen-Parameter OOD,2,unseen_param_ood_0060,0.9979762819403597,22.946705929235275,0.12142377222686354,0.005325246602296829
O01_ref3_residual_UNet,ref3 + residual U-Net,Unseen-Parameter OOD,2,unseen_param_ood_0061,0.9963472426774753,27.456132073126007,0.3221900210028716,0.002164814854040742
O01_ref3_residual_UNet,ref3 + residual U-Net,Unseen-Parameter OOD,2,unseen_param_ood_0062,0.9979309069848435,27.738656563915836,0.3375318427839301,0.002063638996332884
O01_ref3_residual_UNet,ref3 + residual U-Net,Unseen-Parameter OOD,2,unseen_param_ood_0063,0.9904929216241708,28.408170517576657,0.3795529119978299,0.0018140027532353997
O01_ref3_residual_UNet,ref3 + residual U-Net,Unseen-Parameter OOD,2,unseen_param_ood_0064,0.9920647946901255,26.357476664867065,0.2684850910983576,0.0026279878802597523
O01_ref3_residual_UNet,ref3 + residual U-Net,Unseen-Parameter OOD,2,unseen_param_ood_0065,0.9937951653180459,27.60126034970672,0.3315000651738309,0.002176433801651001
O01_ref3_residual_UNet,ref3 + residual U-Net,Unseen-Parameter OOD,2,unseen_param_ood_0066,0.9978135182574054,26.946694650758907,0.3112613867607292,0.002241323469206691
O01_ref3_residual_UNet,ref3 + residual U-Net,Unseen-Parameter OOD,2,unseen_param_ood_0067,0.9951774732661888,27.305648125531068,0.31478536939901003,0.0021914553362876177
O01_ref3_residual_UNet,ref3 + residual U-Net,Unseen-Parameter OOD,2,unseen_param_ood_0068,0.9992584679008578,26.723366024581342,0.2878149680869981,0.0024285840336233377
O01_ref3_residual_UNet,ref3 + residual U-Net,Unseen-Parameter OOD,2,unseen_param_ood_0069,0.9945096264375825,27.867051305919315,0.3452086653378478,0.0021104158367961645
O01_ref3_residual_UNet,ref3 + residual U-Net,Unseen-Parameter OOD,2,unseen_param_ood_0070,0.9863704177560111,27.827307551493643,0.348146937804007,0.0021798645611852407
O01_ref3_residual_UNet,ref3 + residual U-Net,Unseen-Parameter OOD,2,unseen_param_ood_0071,0.9928016225294823,27.163134199048834,0.3334452069883808,0.0021572369150817394
O01_ref3_residual_UNet,ref3 + residual U-Net,Unseen-Parameter OOD,2,unseen_param_ood_0072,0.9963758080254671,28.026297292448845,0.35438066749911706,0.0018921009032055736
O01_ref3_residual_UNet,ref3 + residual U-Net,Unseen-Parameter OOD,2,unseen_param_ood_0073,0.99729875358412,26.64379977776288,0.2806699613523344,0.0023855555336922407
O01_ref3_residual_UNet,ref3 + residual U-Net,Unseen-Parameter OOD,2,unseen_param_ood_0074,0.993883741627432,28.175800475563232,0.3637878046287511,0.0019406211795285344
O01_ref3_residual_UNet,ref3 + residual U-Net,Unseen-Parameter OOD,2,unseen_param_ood_0075,0.9967277905320557,27.626369108538853,0.331271350856191,0.002154579386115074
O01_ref3_residual_UNet,ref3 + residual U-Net,Unseen-Parameter OOD,2,unseen_param_ood_0076,0.9967216650520397,27.052036814298862,0.30089408249188654,0.0023024948313832283
O01_ref3_residual_UNet,ref3 + residual U-Net,Unseen-Parameter OOD,2,unseen_param_ood_0077,0.9982682980246452,27.55509122775022,0.32653173084665427,0.0021214562002569437
O01_ref3_residual_UNet,ref3 + residual U-Net,Unseen-Parameter OOD,2,unseen_param_ood_0078,0.9976680950619159,26.31079706884204,0.2629566049829994,0.002601949730888009
O01_ref3_residual_UNet,ref3 + residual U-Net,Unseen-Parameter OOD,2,unseen_param_ood_0079,0.9978974707747568,25.64328167153912,0.22763182328991033,0.0033349203877151012
O01_ref3_residual_UNet,ref3 + residual U-Net,Unseen-Parameter OOD,2,unseen_param_ood_0080,0.9952185586271621,26.886448690037838,0.29470949499973936,0.002343446249142289
O01_ref3_residual_UNet,ref3 + residual U-Net,Unseen-Parameter OOD,2,unseen_param_ood_0081,0.9952129538764809,24.493750760586977,0.17668608416048262,0.004355506505817175
O01_ref3_residual_UNet,ref3 + residual U-Net,Unseen-Parameter OOD,2,unseen_param_ood_0082,0.9965312817123352,27.455151878932437,0.3205901216859871,0.0022696484811604023
O01_ref3_residual_UNet,ref3 + residual U-Net,Unseen-Parameter OOD,2,unseen_param_ood_0083,0.9965367650008212,28.852787034041427,0.40103558435098924,0.001641774084419012
O01_ref3_residual_UNet,ref3 + residual U-Net,Unseen-Parameter OOD,2,unseen_param_ood_0084,0.9937345540865581,28.028544455456345,0.3573859845195262,0.001876912428997457
O01_ref3_residual_UNet,ref3 + residual U-Net,Unseen-Parameter OOD,2,unseen_param_ood_0085,0.9957232639236321,27.452221340237436,0.32271240383508215,0.0020993053913116455
O01_ref3_residual_UNet,ref3 + residual U-Net,Unseen-Parameter OOD,2,unseen_param_ood_0086,0.9942414452896385,27.06900268243918,0.30697198192090974,0.0024328019935637712
O01_ref3_residual_UNet,ref3 + residual U-Net,Unseen-Parameter OOD,2,unseen_param_ood_0087,0.9893709016626818,28.692137511959995,0.3950443396865547,0.001768150832504034
O01_ref3_residual_UNet,ref3 + residual U-Net,Unseen-Parameter OOD,2,unseen_param_ood_0088,0.998943693674571,25.636832867031604,0.22663137845923917,0.0033111004158854485
O01_ref3_residual_UNet,ref3 + residual U-Net,Unseen-Parameter OOD,2,unseen_param_ood_0089,0.989827587664008,26.981537254329947,0.3018593434757374,0.002372211776673794
O01_ref3_residual_UNet,ref3 + residual U-Net,Unseen-Parameter OOD,2,unseen_param_ood_0090,0.9942453239996629,28.09250061877041,0.3599116046204452,0.0019440817413851619
O01_ref3_residual_UNet,ref3 + residual U-Net,Unseen-Parameter OOD,2,unseen_param_ood_0091,0.9950462062709343,28.42507663220978,0.3786497162080092,0.0018070721998810768
O01_ref3_residual_UNet,ref3 + residual U-Net,Unseen-Parameter OOD,2,unseen_param_ood_0092,0.9994234216630299,26.50593727137472,0.2738198072507631,0.0024797318037599325
O01_ref3_residual_UNet,ref3 + residual U-Net,Unseen-Parameter OOD,2,unseen_param_ood_0093,0.9930977021574773,27.380447581008593,0.3220621730886839,0.002262111520394683
O01_ref3_residual_UNet,ref3 + residual U-Net,Unseen-Parameter OOD,2,unseen_param_ood_0094,0.9965070263572333,27.13863638763257,0.3052762110002605,0.002270708791911602
O01_ref3_residual_UNet,ref3 + residual U-Net,Unseen-Parameter OOD,2,unseen_param_ood_0095,0.9967268810787179,23.63836368887449,0.14506099668289887,0.004777554422616959
O01_ref3_residual_UNet,ref3 + residual U-Net,Unseen-Parameter OOD,2,unseen_param_ood_0096,0.9951904591006793,27.996231934256063,0.3529625073997907,0.001977902138605714
O01_ref3_residual_UNet,ref3 + residual U-Net,Unseen-Parameter OOD,2,unseen_param_ood_0097,0.9958755435804401,27.31167174662015,0.31571512662483875,0.002255228580906987
O01_ref3_residual_UNet,ref3 + residual U-Net,Unseen-Parameter OOD,2,unseen_param_ood_0098,0.9970180150761329,26.347663260388572,0.264966295816818,0.002584832487627864
O01_ref3_residual_UNet,ref3 + residual U-Net,Unseen-Parameter OOD,2,unseen_param_ood_0099,0.9951698553133097,28.02216234173823,0.3526903294395856,0.0020065431017428637
O02_ref3_metadata_generic_FiLM,ref3 + metadata + generic FiLM,Leave-One-Family-Out OOD,0,leave_one_family_out_ood_0000,1.0147766402841503,31.211856221132415,0.5443793606026929,0.002698741387575865
O02_ref3_metadata_generic_FiLM,ref3 + metadata + generic FiLM,Leave-One-Family-Out OOD,0,leave_one_family_out_ood_0001,1.0230347480793096,31.465106082412277,0.5573339368956608,0.0023298992309719324
O02_ref3_metadata_generic_FiLM,ref3 + metadata + generic FiLM,Leave-One-Family-Out OOD,0,leave_one_family_out_ood_0002,1.0346898405308853,30.736502030196135,0.513197996904815,0.003066613804548979
O02_ref3_metadata_generic_FiLM,ref3 + metadata + generic FiLM,Leave-One-Family-Out OOD,0,leave_one_family_out_ood_0003,1.0188308964879598,31.858190081427225,0.5803316678310434,0.002196496119722724
O02_ref3_metadata_generic_FiLM,ref3 + metadata + generic FiLM,Leave-One-Family-Out OOD,0,leave_one_family_out_ood_0004,1.0347235897842975,31.08524845848296,0.5457685005724996,0.003172040218487382
O02_ref3_metadata_generic_FiLM,ref3 + metadata + generic FiLM,Leave-One-Family-Out OOD,0,leave_one_family_out_ood_0005,1.0175506524766607,30.598192887943256,0.5074019298359643,0.0027446106541901827
O02_ref3_metadata_generic_FiLM,ref3 + metadata + generic FiLM,Leave-One-Family-Out OOD,0,leave_one_family_out_ood_0006,1.0326125271167153,31.052815076709393,0.5361518305444398,0.002613274147734046
O02_ref3_metadata_generic_FiLM,ref3 + metadata + generic FiLM,Leave-One-Family-Out OOD,0,leave_one_family_out_ood_0007,1.0179434538979508,31.501551416310583,0.5610208050294171,0.0024198773317039013
O02_ref3_metadata_generic_FiLM,ref3 + metadata + generic FiLM,Leave-One-Family-Out OOD,0,leave_one_family_out_ood_0008,1.018598598969136,31.06843249164252,0.5353219689583244,0.002405840437859297
O02_ref3_metadata_generic_FiLM,ref3 + metadata + generic FiLM,Leave-One-Family-Out OOD,0,leave_one_family_out_ood_0009,1.0603317903655167,31.792218041339538,0.5731973997412029,0.00265878695063293
O02_ref3_metadata_generic_FiLM,ref3 + metadata + generic FiLM,Leave-One-Family-Out OOD,0,leave_one_family_out_ood_0010,1.0293506629894247,31.98973712064843,0.6129037138493741,0.002086794236674905
O02_ref3_metadata_generic_FiLM,ref3 + metadata + generic FiLM,Leave-One-Family-Out OOD,0,leave_one_family_out_ood_0011,1.0269196871025028,31.48689818372032,0.5583998829491912,0.0027539068832993507
O02_ref3_metadata_generic_FiLM,ref3 + metadata + generic FiLM,Leave-One-Family-Out OOD,0,leave_one_family_out_ood_0012,1.0229707698186454,30.89396791571309,0.5257041021576743,0.002661733189597726
O02_ref3_metadata_generic_FiLM,ref3 + metadata + generic FiLM,Leave-One-Family-Out OOD,0,leave_one_family_out_ood_0013,1.0271471467140127,31.15443409933919,0.5415555722923937,0.002692714100703597
O02_ref3_metadata_generic_FiLM,ref3 + metadata + generic FiLM,Leave-One-Family-Out OOD,0,leave_one_family_out_ood_0014,1.044355270308685,32.03434676525831,0.585286498366718,0.002504628384485841
O02_ref3_metadata_generic_FiLM,ref3 + metadata + generic FiLM,Leave-One-Family-Out OOD,0,leave_one_family_out_ood_0015,1.0316777496324563,30.50265712522961,0.5474536660353393,0.0027648629620671272
O02_ref3_metadata_generic_FiLM,ref3 + metadata + generic FiLM,Leave-One-Family-Out OOD,0,leave_one_family_out_ood_0016,1.032644477400676,31.25894666253377,0.5472677489544279,0.003295320086181164
O02_ref3_metadata_generic_FiLM,ref3 + metadata + generic FiLM,Leave-One-Family-Out OOD,0,leave_one_family_out_ood_0017,1.0424009926832576,30.713191659113374,0.5109497447311719,0.003329874249175191
O02_ref3_metadata_generic_FiLM,ref3 + metadata + generic FiLM,Leave-One-Family-Out OOD,0,leave_one_family_out_ood_0018,1.0207701924131893,31.991931065853002,0.5874476546515589,0.0024636173620820045
O02_ref3_metadata_generic_FiLM,ref3 + metadata + generic FiLM,Leave-One-Family-Out OOD,0,leave_one_family_out_ood_0019,1.0244039147602997,31.388441745190413,0.5553771474365318,0.002488314639776945
O02_ref3_metadata_generic_FiLM,ref3 + metadata + generic FiLM,Leave-One-Family-Out OOD,0,leave_one_family_out_ood_0020,1.0343521760113557,31.884163817573988,0.5798687006316119,0.002572317374870181
O02_ref3_metadata_generic_FiLM,ref3 + metadata + generic FiLM,Leave-One-Family-Out OOD,0,leave_one_family_out_ood_0021,1.0307721206441527,32.01755327372621,0.5893876148837792,0.0024495532270520926
O02_ref3_metadata_generic_FiLM,ref3 + metadata + generic FiLM,Leave-One-Family-Out OOD,0,leave_one_family_out_ood_0022,1.0317242423471746,31.39158797337641,0.5505865058251332,0.002672928385436535
O02_ref3_metadata_generic_FiLM,ref3 + metadata + generic FiLM,Leave-One-Family-Out OOD,0,leave_one_family_out_ood_0023,1.0319241523979414,31.82876609623843,0.5750557536987698,0.0026697737630456686
O02_ref3_metadata_generic_FiLM,ref3 + metadata + generic FiLM,Leave-One-Family-Out OOD,0,leave_one_family_out_ood_0024,1.0491641362406678,30.47300106911412,0.49876905093940893,0.003397715277969837
O02_ref3_metadata_generic_FiLM,ref3 + metadata + generic FiLM,Leave-One-Family-Out OOD,0,leave_one_family_out_ood_0025,1.0498184916188305,31.319148131589397,0.5455227463865392,0.0029158974066376686
O02_ref3_metadata_generic_FiLM,ref3 + metadata + generic FiLM,Leave-One-Family-Out OOD,0,leave_one_family_out_ood_0026,1.0193923345598472,30.330804719628844,0.49391202846993265,0.002886405447497964
O02_ref3_metadata_generic_FiLM,ref3 + metadata + generic FiLM,Leave-One-Family-Out OOD,0,leave_one_family_out_ood_0027,1.0196609293414323,31.161264666280807,0.5411917699301104,0.002468984806910157
O02_ref3_metadata_generic_FiLM,ref3 + metadata + generic FiLM,Leave-One-Family-Out OOD,0,leave_one_family_out_ood_0028,1.0289523089138866,32.65964293150756,0.6221171503715267,0.002365750027820468
O02_ref3_metadata_generic_FiLM,ref3 + metadata + generic FiLM,Leave-One-Family-Out OOD,0,leave_one_family_out_ood_0029,1.0543373790071364,31.339633141383857,0.5458816433892074,0.002687466563656926
O02_ref3_metadata_generic_FiLM,ref3 + metadata + generic FiLM,Leave-One-Family-Out OOD,0,leave_one_family_out_ood_0030,1.0203965762839446,31.17050302255396,0.5407716753834145,0.002297397470101714
O02_ref3_metadata_generic_FiLM,ref3 + metadata + generic FiLM,Leave-One-Family-Out OOD,0,leave_one_family_out_ood_0031,1.0207584361018607,32.19988960772713,0.6021349470763769,0.0025393173564225435
O02_ref3_metadata_generic_FiLM,ref3 + metadata + generic FiLM,Leave-One-Family-Out OOD,0,leave_one_family_out_ood_0032,1.0551713105504357,31.878301386273414,0.5731370312170058,0.0030502842273563147
O02_ref3_metadata_generic_FiLM,ref3 + metadata + generic FiLM,Leave-One-Family-Out OOD,0,leave_one_family_out_ood_0033,1.027307138615932,31.40309630811632,0.5556281020401035,0.0029933357145637274
O02_ref3_metadata_generic_FiLM,ref3 + metadata + generic FiLM,Leave-One-Family-Out OOD,0,leave_one_family_out_ood_0034,1.0618267757784794,31.79369140368944,0.5681577959875882,0.003063656622543931
O02_ref3_metadata_generic_FiLM,ref3 + metadata + generic FiLM,Leave-One-Family-Out OOD,0,leave_one_family_out_ood_0035,1.0209172911355284,31.126343539787978,0.5383558272828234,0.002177129965275526
O02_ref3_metadata_generic_FiLM,ref3 + metadata + generic FiLM,Leave-One-Family-Out OOD,0,leave_one_family_out_ood_0036,1.0279741986654694,31.61898673540062,0.5657100978541229,0.002338974503800273
O02_ref3_metadata_generic_FiLM,ref3 + metadata + generic FiLM,Leave-One-Family-Out OOD,0,leave_one_family_out_ood_0037,1.000481106633826,31.0014846096783,0.5377028599162448,0.002530311932787299
O02_ref3_metadata_generic_FiLM,ref3 + metadata + generic FiLM,Leave-One-Family-Out OOD,0,leave_one_family_out_ood_0038,1.0159545637433325,31.44705108686918,0.557829389615898,0.0029213489033281803
O02_ref3_metadata_generic_FiLM,ref3 + metadata + generic FiLM,Leave-One-Family-Out OOD,0,leave_one_family_out_ood_0039,1.0308382404215495,30.791613968171482,0.5185652331892323,0.0028092314023524523
O02_ref3_metadata_generic_FiLM,ref3 + metadata + generic FiLM,Leave-One-Family-Out OOD,0,leave_one_family_out_ood_0040,1.0163699201867782,31.793111472623536,0.5784868359949116,0.002303705085068941
O02_ref3_metadata_generic_FiLM,ref3 + metadata + generic FiLM,Leave-One-Family-Out OOD,0,leave_one_family_out_ood_0041,1.0643597370589906,32.10319061257887,0.5838023723090755,0.00316335610114038
O02_ref3_metadata_generic_FiLM,ref3 + metadata + generic FiLM,Leave-One-Family-Out OOD,0,leave_one_family_out_ood_0042,1.0160518999894055,30.85044617285286,0.5228176880269191,0.002620103769004345
O02_ref3_metadata_generic_FiLM,ref3 + metadata + generic FiLM,Leave-One-Family-Out OOD,0,leave_one_family_out_ood_0043,1.039257996123901,31.49693982661557,0.558184694064509,0.0028345684986561537
O02_ref3_metadata_generic_FiLM,ref3 + metadata + generic FiLM,Leave-One-Family-Out OOD,0,leave_one_family_out_ood_0044,1.0364325894171176,32.03000009034794,0.5863498848997204,0.00235504237934947
O02_ref3_metadata_generic_FiLM,ref3 + metadata + generic FiLM,Leave-One-Family-Out OOD,0,leave_one_family_out_ood_0045,1.0572564682379837,30.140684314619822,0.5187426369503861,0.003266677726060152
O02_ref3_metadata_generic_FiLM,ref3 + metadata + generic FiLM,Leave-One-Family-Out OOD,0,leave_one_family_out_ood_0046,1.0514690042062178,31.340835422572127,0.5417789111011572,0.003335174871608615
O02_ref3_metadata_generic_FiLM,ref3 + metadata + generic FiLM,Leave-One-Family-Out OOD,0,leave_one_family_out_ood_0047,1.0597953410759542,30.556131664307568,0.500046806521212,0.0035470908042043447
O02_ref3_metadata_generic_FiLM,ref3 + metadata + generic FiLM,Leave-One-Family-Out OOD,0,leave_one_family_out_ood_0048,1.0337924692223104,31.90236673290068,0.5803298745636251,0.0025699837133288383
O02_ref3_metadata_generic_FiLM,ref3 + metadata + generic FiLM,Leave-One-Family-Out OOD,0,leave_one_family_out_ood_0049,1.0238965057681582,31.360264096563636,0.5515052150128824,0.0024100993759930134
O02_ref3_metadata_generic_FiLM,ref3 + metadata + generic FiLM,Leave-One-Family-Out OOD,0,leave_one_family_out_ood_0050,1.0186050377494977,32.73228271159513,0.6292732048267883,0.002294940873980522
O02_ref3_metadata_generic_FiLM,ref3 + metadata + generic FiLM,Leave-One-Family-Out OOD,0,leave_one_family_out_ood_0051,1.0536266403028118,31.344254800617808,0.5583888999576181,0.0028715236112475395
O02_ref3_metadata_generic_FiLM,ref3 + metadata + generic FiLM,Leave-One-Family-Out OOD,0,leave_one_family_out_ood_0052,1.0098865153572136,30.29903168645366,0.495527265132603,0.0026962007395923138
O02_ref3_metadata_generic_FiLM,ref3 + metadata + generic FiLM,Leave-One-Family-Out OOD,0,leave_one_family_out_ood_0053,1.034943881513081,31.285434576524686,0.5477332491621265,0.002919303486123681
O02_ref3_metadata_generic_FiLM,ref3 + metadata + generic FiLM,Leave-One-Family-Out OOD,0,leave_one_family_out_ood_0054,1.0205119651111265,32.141516778626304,0.5982893809616968,0.002490321872755885
O02_ref3_metadata_generic_FiLM,ref3 + metadata + generic FiLM,Leave-One-Family-Out OOD,0,leave_one_family_out_ood_0055,1.0168742387281287,31.16297225325819,0.5421512836494566,0.002665566513314843
O02_ref3_metadata_generic_FiLM,ref3 + metadata + generic FiLM,Leave-One-Family-Out OOD,0,leave_one_family_out_ood_0056,1.033037716020202,30.836804023385636,0.5625769641876943,0.0024232284631580114
O02_ref3_metadata_generic_FiLM,ref3 + metadata + generic FiLM,Leave-One-Family-Out OOD,0,leave_one_family_out_ood_0057,1.0321151236290937,30.813318817094142,0.522297342340831,0.003081860253587365
O02_ref3_metadata_generic_FiLM,ref3 + metadata + generic FiLM,Leave-One-Family-Out OOD,0,leave_one_family_out_ood_0058,1.0177973332596089,31.061011307420372,0.5360687362617386,0.002304986584931612
O02_ref3_metadata_generic_FiLM,ref3 + metadata + generic FiLM,Leave-One-Family-Out OOD,0,leave_one_family_out_ood_0059,1.0253001541266267,31.765931827511604,0.5741406271150141,0.002301202854141593
O02_ref3_metadata_generic_FiLM,ref3 + metadata + generic FiLM,Leave-One-Family-Out OOD,0,leave_one_family_out_ood_0060,1.0480752718365323,32.301775949086185,0.6000765130916845,0.002708737039938569
O02_ref3_metadata_generic_FiLM,ref3 + metadata + generic FiLM,Leave-One-Family-Out OOD,0,leave_one_family_out_ood_0061,1.04100562532596,31.053992983830874,0.5328196833415619,0.002825925825163722
O02_ref3_metadata_generic_FiLM,ref3 + metadata + generic FiLM,Leave-One-Family-Out OOD,0,leave_one_family_out_ood_0062,1.0330655417378913,30.821039060963784,0.5324475641076273,0.0029143360443413258
O02_ref3_metadata_generic_FiLM,ref3 + metadata + generic FiLM,Leave-One-Family-Out OOD,0,leave_one_family_out_ood_0063,1.047646155104781,31.76499273066749,0.5755294029923926,0.002770632039755583
O02_ref3_metadata_generic_FiLM,ref3 + metadata + generic FiLM,Leave-One-Family-Out OOD,0,leave_one_family_out_ood_0064,1.0471227328012922,32.894177990270705,0.633847985512017,0.00241344072856009
O02_ref3_metadata_generic_FiLM,ref3 + metadata + generic FiLM,Leave-One-Family-Out OOD,0,leave_one_family_out_ood_0065,1.046929228482352,31.806781828028488,0.57343434872697,0.002825759118422866
O02_ref3_metadata_generic_FiLM,ref3 + metadata + generic FiLM,Leave-One-Family-Out OOD,0,leave_one_family_out_ood_0066,1.0341693113214343,31.35481157125912,0.5485517851259541,0.0029857263434678316
O02_ref3_metadata_generic_FiLM,ref3 + metadata + generic FiLM,Leave-One-Family-Out OOD,0,leave_one_family_out_ood_0067,1.0575086529700837,30.90691628027706,0.5208597834346937,0.003264258848503232
O02_ref3_metadata_generic_FiLM,ref3 + metadata + generic FiLM,Leave-One-Family-Out OOD,0,leave_one_family_out_ood_0068,1.0265057213398991,30.82879713531225,0.5208928283261847,0.0022675986401736736
O02_ref3_metadata_generic_FiLM,ref3 + metadata + generic FiLM,Leave-One-Family-Out OOD,0,leave_one_family_out_ood_0069,1.0153744161700742,31.053325700169147,0.5351268638467817,0.002503638854250312
O02_ref3_metadata_generic_FiLM,ref3 + metadata + generic FiLM,Leave-One-Family-Out OOD,0,leave_one_family_out_ood_0070,1.038571030996459,31.55704538802088,0.5601375466662573,0.0028002168983221054
O02_ref3_metadata_generic_FiLM,ref3 + metadata + generic FiLM,Leave-One-Family-Out OOD,0,leave_one_family_out_ood_0071,1.0369223873417968,30.668501581862493,0.5123457449877865,0.003106426913291216
O02_ref3_metadata_generic_FiLM,ref3 + metadata + generic FiLM,Leave-One-Family-Out OOD,0,leave_one_family_out_ood_0072,1.0233089288144028,31.32259142690308,0.5511212824309736,0.0025290215853601694
O02_ref3_metadata_generic_FiLM,ref3 + metadata + generic FiLM,Leave-One-Family-Out OOD,0,leave_one_family_out_ood_0073,1.0193357984238693,31.38265831413218,0.5541313920062937,0.0029238478746265173
O02_ref3_metadata_generic_FiLM,ref3 + metadata + generic FiLM,Leave-One-Family-Out OOD,0,leave_one_family_out_ood_0074,1.040945894480215,31.34381609516204,0.5474944172656885,0.003207600675523281
O02_ref3_metadata_generic_FiLM,ref3 + metadata + generic FiLM,Leave-One-Family-Out OOD,0,leave_one_family_out_ood_0075,1.0138268164479372,31.30961511368376,0.5529317159905568,0.0030934761743992567
O02_ref3_metadata_generic_FiLM,ref3 + metadata + generic FiLM,Leave-One-Family-Out OOD,0,leave_one_family_out_ood_0076,1.0257863268666731,30.79241576273601,0.5185750722293069,0.0025187020655721426
O02_ref3_metadata_generic_FiLM,ref3 + metadata + generic FiLM,Leave-One-Family-Out OOD,0,leave_one_family_out_ood_0077,1.0410343186323987,30.74398909939587,0.5158007468440078,0.0028979091439396143
O02_ref3_metadata_generic_FiLM,ref3 + metadata + generic FiLM,Leave-One-Family-Out OOD,0,leave_one_family_out_ood_0078,1.0372828003138364,32.13044778165692,0.5933817544207638,0.002442161552608013
O02_ref3_metadata_generic_FiLM,ref3 + metadata + generic FiLM,Leave-One-Family-Out OOD,0,leave_one_family_out_ood_0079,1.0352216776413024,30.692453459837182,0.5106397145076301,0.002817207481712103
O02_ref3_metadata_generic_FiLM,ref3 + metadata + generic FiLM,Leave-One-Family-Out OOD,0,leave_one_family_out_ood_0080,1.016250621217725,30.23391355739519,0.4917941744780922,0.00300063518807292
O02_ref3_metadata_generic_FiLM,ref3 + metadata + generic FiLM,Leave-One-Family-Out OOD,0,leave_one_family_out_ood_0081,1.0135390846223307,31.255635124763174,0.5495709404970075,0.0026125346776098013
O02_ref3_metadata_generic_FiLM,ref3 + metadata + generic FiLM,Leave-One-Family-Out OOD,0,leave_one_family_out_ood_0082,1.010887142925494,30.293419759816413,0.49931018934544014,0.0032544368878006935
O02_ref3_metadata_generic_FiLM,ref3 + metadata + generic FiLM,Leave-One-Family-Out OOD,0,leave_one_family_out_ood_0083,1.0274675992801563,31.55379402014338,0.5651783075446656,0.0029159507248550653
O02_ref3_metadata_generic_FiLM,ref3 + metadata + generic FiLM,Leave-One-Family-Out OOD,0,leave_one_family_out_ood_0084,1.0426664988381793,31.141712172404493,0.5888744038924002,0.002602851251140237
O02_ref3_metadata_generic_FiLM,ref3 + metadata + generic FiLM,Leave-One-Family-Out OOD,0,leave_one_family_out_ood_0085,1.0249507463152951,32.11931673770437,0.5939613418911961,0.0022356233093887568
O02_ref3_metadata_generic_FiLM,ref3 + metadata + generic FiLM,Leave-One-Family-Out OOD,0,leave_one_family_out_ood_0086,1.0451969560543553,31.846766048823092,0.57425496620494,0.002874332945793867
O02_ref3_metadata_generic_FiLM,ref3 + metadata + generic FiLM,Leave-One-Family-Out OOD,0,leave_one_family_out_ood_0087,1.0138563260260105,31.796837675686707,0.5780582091860479,0.002374527044594288
O02_ref3_metadata_generic_FiLM,ref3 + metadata + generic FiLM,Leave-One-Family-Out OOD,0,leave_one_family_out_ood_0088,1.0405254148231775,31.26267351509357,0.5419528592363042,0.0029144424479454756
O02_ref3_metadata_generic_FiLM,ref3 + metadata + generic FiLM,Leave-One-Family-Out OOD,0,leave_one_family_out_ood_0089,1.0504893615981798,30.95945585649269,0.5215103294271889,0.003255187999457121
O02_ref3_metadata_generic_FiLM,ref3 + metadata + generic FiLM,Leave-One-Family-Out OOD,0,leave_one_family_out_ood_0090,1.0240991929867873,31.199936185570003,0.541872311572355,0.002455837558954954
O02_ref3_metadata_generic_FiLM,ref3 + metadata + generic FiLM,Leave-One-Family-Out OOD,0,leave_one_family_out_ood_0091,1.0264009246986254,31.79845679940091,0.576891852979996,0.002528631826862693
O02_ref3_metadata_generic_FiLM,ref3 + metadata + generic FiLM,Leave-One-Family-Out OOD,0,leave_one_family_out_ood_0092,1.0431438944567595,30.838787950966807,0.515996275140276,0.003364902688190341
O02_ref3_metadata_generic_FiLM,ref3 + metadata + generic FiLM,Leave-One-Family-Out OOD,0,leave_one_family_out_ood_0093,1.0216973446559263,30.690133157372188,0.5143621986097859,0.0024984285701066256
O02_ref3_metadata_generic_FiLM,ref3 + metadata + generic FiLM,Leave-One-Family-Out OOD,0,leave_one_family_out_ood_0094,1.0604356673302822,32.26260638939688,0.5982006644352383,0.002809496596455574
O02_ref3_metadata_generic_FiLM,ref3 + metadata + generic FiLM,Leave-One-Family-Out OOD,0,leave_one_family_out_ood_0095,1.02447856153263,31.235489141405033,0.5440264871613342,0.002417713636532426
O02_ref3_metadata_generic_FiLM,ref3 + metadata + generic FiLM,Leave-One-Family-Out OOD,0,leave_one_family_out_ood_0096,1.0339838800843828,31.51539843879743,0.5575822198949454,0.0028540242929011583
O02_ref3_metadata_generic_FiLM,ref3 + metadata + generic FiLM,Leave-One-Family-Out OOD,0,leave_one_family_out_ood_0097,1.0162489726990036,31.002581165864065,0.5357141600863528,0.002643055282533169
O02_ref3_metadata_generic_FiLM,ref3 + metadata + generic FiLM,Leave-One-Family-Out OOD,0,leave_one_family_out_ood_0098,1.0426353095210183,32.335247644810615,0.6035680465375011,0.002445958321914077
O02_ref3_metadata_generic_FiLM,ref3 + metadata + generic FiLM,Leave-One-Family-Out OOD,0,leave_one_family_out_ood_0099,1.0342647830270162,31.823803451238284,0.5773650392924496,0.002775402506813407
O02_ref3_metadata_generic_FiLM,ref3 + metadata + generic FiLM,Leave-One-Family-Out OOD,1,leave_one_family_out_ood_0000,0.9942462336598021,31.300621350742063,0.5471720132570743,0.0011186727788299322
O02_ref3_metadata_generic_FiLM,ref3 + metadata + generic FiLM,Leave-One-Family-Out OOD,1,leave_one_family_out_ood_0001,0.9979829699609236,31.572778883193216,0.5613597235572134,0.0010481192730367184
O02_ref3_metadata_generic_FiLM,ref3 + metadata + generic FiLM,Leave-One-Family-Out OOD,1,leave_one_family_out_ood_0002,0.9975285515178104,30.895350799064897,0.5233653529938017,0.0011863319668918848
O02_ref3_metadata_generic_FiLM,ref3 + metadata + generic FiLM,Leave-One-Family-Out OOD,1,leave_one_family_out_ood_0003,0.9961388554355384,31.956012516619413,0.5832076731687402,0.000971947971265763
O02_ref3_metadata_generic_FiLM,ref3 + metadata + generic FiLM,Leave-One-Family-Out OOD,1,leave_one_family_out_ood_0004,0.9971851939633002,31.245733815336173,0.5577379924241554,0.0012293183244764805
O02_ref3_metadata_generic_FiLM,ref3 + metadata + generic FiLM,Leave-One-Family-Out OOD,1,leave_one_family_out_ood_0005,0.9973406588678142,30.685318070608982,0.5101795488231251,0.0012198908952996135
O02_ref3_metadata_generic_FiLM,ref3 + metadata + generic FiLM,Leave-One-Family-Out OOD,1,leave_one_family_out_ood_0006,0.9879514517689929,31.244833045210246,0.546604191015172,0.0012362266425043344
O02_ref3_metadata_generic_FiLM,ref3 + metadata + generic FiLM,Leave-One-Family-Out OOD,1,leave_one_family_out_ood_0007,0.998401694380483,31.585734832415795,0.5623813467620371,0.001089413883164525
O02_ref3_metadata_generic_FiLM,ref3 + metadata + generic FiLM,Leave-One-Family-Out OOD,1,leave_one_family_out_ood_0008,0.99563485487312,31.167462620735947,0.5382206322652402,0.001063068863004446
O02_ref3_metadata_generic_FiLM,ref3 + metadata + generic FiLM,Leave-One-Family-Out OOD,1,leave_one_family_out_ood_0009,0.9987668489020726,32.051994429118835,0.5895150035222305,0.0010468275286257267
O02_ref3_metadata_generic_FiLM,ref3 + metadata + generic FiLM,Leave-One-Family-Out OOD,1,leave_one_family_out_ood_0010,0.9982627274870102,32.12292161016808,0.6192432848908767,0.0009029633947648108
O02_ref3_metadata_generic_FiLM,ref3 + metadata + generic FiLM,Leave-One-Family-Out OOD,1,leave_one_family_out_ood_0011,0.9963927766938571,31.617957062425674,0.5643625205224088,0.001061624730937183
O02_ref3_metadata_generic_FiLM,ref3 + metadata + generic FiLM,Leave-One-Family-Out OOD,1,leave_one_family_out_ood_0012,0.9992356399849549,30.995921084935993,0.5279656967757677,0.001177917467430234
O02_ref3_metadata_generic_FiLM,ref3 + metadata + generic FiLM,Leave-One-Family-Out OOD,1,leave_one_family_out_ood_0013,0.9920606485475821,31.305378285473058,0.5471502815162071,0.0011734284926205873
O02_ref3_metadata_generic_FiLM,ref3 + metadata + generic FiLM,Leave-One-Family-Out OOD,1,leave_one_family_out_ood_0014,0.999082017416228,32.226818051525576,0.5987634708812187,0.001022769371047616
O02_ref3_metadata_generic_FiLM,ref3 + metadata + generic FiLM,Leave-One-Family-Out OOD,1,leave_one_family_out_ood_0015,0.9965349329137945,30.65317276728421,0.5567591142062737,0.0011393988970667124
O02_ref3_metadata_generic_FiLM,ref3 + metadata + generic FiLM,Leave-One-Family-Out OOD,1,leave_one_family_out_ood_0016,0.9975079984794539,31.409290990322756,0.5541572648656242,0.001242752536199987
O02_ref3_metadata_generic_FiLM,ref3 + metadata + generic FiLM,Leave-One-Family-Out OOD,1,leave_one_family_out_ood_0017,0.9931998783721334,30.92317325437524,0.5273669606306184,0.001421916764229536
O02_ref3_metadata_generic_FiLM,ref3 + metadata + generic FiLM,Leave-One-Family-Out OOD,1,leave_one_family_out_ood_0018,0.9956523695904665,32.10013343940008,0.5909281253426409,0.0010233125649392605
O02_ref3_metadata_generic_FiLM,ref3 + metadata + generic FiLM,Leave-One-Family-Out OOD,1,leave_one_family_out_ood_0019,0.9923927548599777,31.52631810109636,0.5603980905110928,0.0010763348545879126
O02_ref3_metadata_generic_FiLM,ref3 + metadata + generic FiLM,Leave-One-Family-Out OOD,1,leave_one_family_out_ood_0020,0.9962608947577708,32.047117279083885,0.5893082026910593,0.0010866959346458316
O02_ref3_metadata_generic_FiLM,ref3 + metadata + generic FiLM,Leave-One-Family-Out OOD,1,leave_one_family_out_ood_0021,0.9957745761675002,32.16756947108016,0.595754366381954,0.001021123374812305
O02_ref3_metadata_generic_FiLM,ref3 + metadata + generic FiLM,Leave-One-Family-Out OOD,1,leave_one_family_out_ood_0022,0.9940706483905338,31.553051863290882,0.5615637485720205,0.0010570280719548464
O02_ref3_metadata_generic_FiLM,ref3 + metadata + generic FiLM,Leave-One-Family-Out OOD,1,leave_one_family_out_ood_0023,0.99618332367981,31.981851152910235,0.5852151773080901,0.0010487575782462955
O02_ref3_metadata_generic_FiLM,ref3 + metadata + generic FiLM,Leave-One-Family-Out OOD,1,leave_one_family_out_ood_0024,0.994710156203005,30.704469901579582,0.5141711839860424,0.0014047183794900775
O02_ref3_metadata_generic_FiLM,ref3 + metadata + generic FiLM,Leave-One-Family-Out OOD,1,leave_one_family_out_ood_0025,0.9955538934758601,31.54964239157083,0.5614132644207813,0.0011562737636268139
O02_ref3_metadata_generic_FiLM,ref3 + metadata + generic FiLM,Leave-One-Family-Out OOD,1,leave_one_family_out_ood_0026,0.9957879178461809,30.432549963104243,0.4958725238359129,0.0012454906245693564
O02_ref3_metadata_generic_FiLM,ref3 + metadata + generic FiLM,Leave-One-Family-Out OOD,1,leave_one_family_out_ood_0027,0.9974263282674459,31.257013865602275,0.5436876419334229,0.0011579979909583926
O02_ref3_metadata_generic_FiLM,ref3 + metadata + generic FiLM,Leave-One-Family-Out OOD,1,leave_one_family_out_ood_0028,0.9957710331286256,32.80200018864933,0.6304096157418259,0.0008853647159412503
O02_ref3_metadata_generic_FiLM,ref3 + metadata + generic FiLM,Leave-One-Family-Out OOD,1,leave_one_family_out_ood_0029,0.9977617883327037,31.579160556878072,0.563424620237704,0.001094935112632811
O02_ref3_metadata_generic_FiLM,ref3 + metadata + generic FiLM,Leave-One-Family-Out OOD,1,leave_one_family_out_ood_0030,0.996532135011146,31.273280156186072,0.5435827324232394,0.0010616157669574022
O02_ref3_metadata_generic_FiLM,ref3 + metadata + generic FiLM,Leave-One-Family-Out OOD,1,leave_one_family_out_ood_0031,0.9890495539149586,32.336938931364,0.6067420566838547,0.0010257011745125055
O02_ref3_metadata_generic_FiLM,ref3 + metadata + generic FiLM,Leave-One-Family-Out OOD,1,leave_one_family_out_ood_0032,0.9965570515769127,32.126509586478974,0.5934075644426122,0.0011131957871839404
O02_ref3_metadata_generic_FiLM,ref3 + metadata + generic FiLM,Leave-One-Family-Out OOD,1,leave_one_family_out_ood_0033,0.9961256645475501,31.536958085978945,0.5601492666823044,0.0011754827573895454
O02_ref3_metadata_generic_FiLM,ref3 + metadata + generic FiLM,Leave-One-Family-Out OOD,1,leave_one_family_out_ood_0034,0.9867451737651495,32.11217812862233,0.5948105942986927,0.0010763609316200018
O02_ref3_metadata_generic_FiLM,ref3 + metadata + generic FiLM,Leave-One-Family-Out OOD,1,leave_one_family_out_ood_0035,0.9966343852453124,31.23089033159964,0.5416333637601338,0.00109848752617836
O02_ref3_metadata_generic_FiLM,ref3 + metadata + generic FiLM,Leave-One-Family-Out OOD,1,leave_one_family_out_ood_0036,0.9960270713865906,31.75609733223113,0.5726143989983422,0.0010346974013373256
O02_ref3_metadata_generic_FiLM,ref3 + metadata + generic FiLM,Leave-One-Family-Out OOD,1,leave_one_family_out_ood_0037,0.9959074210023737,31.021383758323168,0.5304478195294263,0.0011877032229676843
O02_ref3_metadata_generic_FiLM,ref3 + metadata + generic FiLM,Leave-One-Family-Out OOD,1,leave_one_family_out_ood_0038,0.9920711298993407,31.550365903710205,0.562768641845845,0.0012688599526882172
O02_ref3_metadata_generic_FiLM,ref3 + metadata + generic FiLM,Leave-One-Family-Out OOD,1,leave_one_family_out_ood_0039,0.9940984380431105,30.949225093726277,0.5267740141743296,0.00127720448654145
O02_ref3_metadata_generic_FiLM,ref3 + metadata + generic FiLM,Leave-One-Family-Out OOD,1,leave_one_family_out_ood_0040,0.994939073711787,31.8856648085255,0.5802052721245073,0.0009788526222109795
O02_ref3_metadata_generic_FiLM,ref3 + metadata + generic FiLM,Leave-One-Family-Out OOD,1,leave_one_family_out_ood_0041,0.9945490177850899,32.39781319221494,0.6104834812692609,0.0011790543794631958
O02_ref3_metadata_generic_FiLM,ref3 + metadata + generic FiLM,Leave-One-Family-Out OOD,1,leave_one_family_out_ood_0042,0.9944789675929394,30.943648907585526,0.5265828055094374,0.0012076672865077853
O02_ref3_metadata_generic_FiLM,ref3 + metadata + generic FiLM,Leave-One-Family-Out OOD,1,leave_one_family_out_ood_0043,0.9930143148455381,31.694618344416586,0.5700452769915203,0.0011584917083382607
O02_ref3_metadata_generic_FiLM,ref3 + metadata + generic FiLM,Leave-One-Family-Out OOD,1,leave_one_family_out_ood_0044,0.9966373042201268,32.200039379208086,0.5977987365748626,0.0009929402731359005
O02_ref3_metadata_generic_FiLM,ref3 + metadata + generic FiLM,Leave-One-Family-Out OOD,1,leave_one_family_out_ood_0045,0.995179788452935,30.403472636062393,0.5386626208584073,0.0012710007140412927
O02_ref3_metadata_generic_FiLM,ref3 + metadata + generic FiLM,Leave-One-Family-Out OOD,1,leave_one_family_out_ood_0046,0.9961490650712839,31.57555686321362,0.5628381839712986,0.0011903332779183984
O02_ref3_metadata_generic_FiLM,ref3 + metadata + generic FiLM,Leave-One-Family-Out OOD,1,leave_one_family_out_ood_0047,0.9952158441971996,30.829178972171647,0.5209304001695991,0.0014067689189687371
O02_ref3_metadata_generic_FiLM,ref3 + metadata + generic FiLM,Leave-One-Family-Out OOD,1,leave_one_family_out_ood_0048,1.0000628852341107,32.04642758524017,0.5889129484278488,0.001063864678144455
O02_ref3_metadata_generic_FiLM,ref3 + metadata + generic FiLM,Leave-One-Family-Out OOD,1,leave_one_family_out_ood_0049,0.9984016823540972,31.469771560925473,0.5549970422219647,0.0010879370383918285
O02_ref3_metadata_generic_FiLM,ref3 + metadata + generic FiLM,Leave-One-Family-Out OOD,1,leave_one_family_out_ood_0050,0.9934081822696078,32.8410634215591,0.6330336488714061,0.0008926242007873952
O02_ref3_metadata_generic_FiLM,ref3 + metadata + generic FiLM,Leave-One-Family-Out OOD,1,leave_one_family_out_ood_0051,0.9968643346520335,31.58476161034889,0.5736716570391375,0.0011350101558491588
O02_ref3_metadata_generic_FiLM,ref3 + metadata + generic FiLM,Leave-One-Family-Out OOD,1,leave_one_family_out_ood_0052,0.9946618862498776,30.365002498298878,0.49291161449205884,0.001286054844968021
O02_ref3_metadata_generic_FiLM,ref3 + metadata + generic FiLM,Leave-One-Family-Out OOD,1,leave_one_family_out_ood_0053,0.9936231807752912,31.462385612140842,0.559074146821832,0.001140257460065186
O02_ref3_metadata_generic_FiLM,ref3 + metadata + generic FiLM,Leave-One-Family-Out OOD,1,leave_one_family_out_ood_0054,0.9928254981504037,32.260968475338636,0.6008209613504595,0.0010782111203297973
O02_ref3_metadata_generic_FiLM,ref3 + metadata + generic FiLM,Leave-One-Family-Out OOD,1,leave_one_family_out_ood_0055,0.9934268847171799,31.264285825547926,0.5444159229122537,0.00112319050822407
O02_ref3_metadata_generic_FiLM,ref3 + metadata + generic FiLM,Leave-One-Family-Out OOD,1,leave_one_family_out_ood_0056,1.0223436613550303,30.8819969179363,0.5638634994724283,0.0011488543823361397
O02_ref3_metadata_generic_FiLM,ref3 + metadata + generic FiLM,Leave-One-Family-Out OOD,1,leave_one_family_out_ood_0057,0.9959636490562532,30.968165323558093,0.5285105801616995,0.0013013673014938831
O02_ref3_metadata_generic_FiLM,ref3 + metadata + generic FiLM,Leave-One-Family-Out OOD,1,leave_one_family_out_ood_0058,0.9906626079936732,31.178366513834032,0.5402809728726267,0.0011011111782863736
O02_ref3_metadata_generic_FiLM,ref3 + metadata + generic FiLM,Leave-One-Family-Out OOD,1,leave_one_family_out_ood_0059,0.9964657070656069,31.88981854957978,0.5807966178328005,0.0010427525267004967
O02_ref3_metadata_generic_FiLM,ref3 + metadata + generic FiLM,Leave-One-Family-Out OOD,1,leave_one_family_out_ood_0060,1.0005856965721949,32.503157970940656,0.6148709417167869,0.0010675578378140926
O02_ref3_metadata_generic_FiLM,ref3 + metadata + generic FiLM,Leave-One-Family-Out OOD,1,leave_one_family_out_ood_0061,0.9998375135675212,31.22922964413048,0.5424125545951894,0.0011840035440400243
O02_ref3_metadata_generic_FiLM,ref3 + metadata + generic FiLM,Leave-One-Family-Out OOD,1,leave_one_family_out_ood_0062,0.9883932996006769,31.01302009006236,0.5463669799184372,0.001259604119695723
O02_ref3_metadata_generic_FiLM,ref3 + metadata + generic FiLM,Leave-One-Family-Out OOD,1,leave_one_family_out_ood_0063,0.9928167901141269,31.998447616500126,0.5888941754489269,0.001215481897816062
O02_ref3_metadata_generic_FiLM,ref3 + metadata + generic FiLM,Leave-One-Family-Out OOD,1,leave_one_family_out_ood_0064,0.9980603190896354,33.10258612054693,0.6479128408602075,0.001047432655468583
O02_ref3_metadata_generic_FiLM,ref3 + metadata + generic FiLM,Leave-One-Family-Out OOD,1,leave_one_family_out_ood_0065,0.9932597720548847,32.035326568610635,0.5897313254573897,0.0011085773585364223
O02_ref3_metadata_generic_FiLM,ref3 + metadata + generic FiLM,Leave-One-Family-Out OOD,1,leave_one_family_out_ood_0066,0.9923951674791132,31.533881858027897,0.5609252980273752,0.0012240017531439662
O02_ref3_metadata_generic_FiLM,ref3 + metadata + generic FiLM,Leave-One-Family-Out OOD,1,leave_one_family_out_ood_0067,1.0017278971470098,31.142257701351536,0.5405062720349608,0.0015611207345500588
O02_ref3_metadata_generic_FiLM,ref3 + metadata + generic FiLM,Leave-One-Family-Out OOD,1,leave_one_family_out_ood_0068,1.0018932290790858,30.93419654331875,0.5242396844007989,0.00111348123755306
O02_ref3_metadata_generic_FiLM,ref3 + metadata + generic FiLM,Leave-One-Family-Out OOD,1,leave_one_family_out_ood_0069,0.9965376853350226,31.134650308700934,0.5364814066018562,0.0011183571768924594
O02_ref3_metadata_generic_FiLM,ref3 + metadata + generic FiLM,Leave-One-Family-Out OOD,1,leave_one_family_out_ood_0070,0.9952597328418937,31.742043154845305,0.5723232380951415,0.0011368447449058294
O02_ref3_metadata_generic_FiLM,ref3 + metadata + generic FiLM,Leave-One-Family-Out OOD,1,leave_one_family_out_ood_0071,0.99119506101713,30.8643727818432,0.5225866143875715,0.0013391633983701468
O02_ref3_metadata_generic_FiLM,ref3 + metadata + generic FiLM,Leave-One-Family-Out OOD,1,leave_one_family_out_ood_0072,0.9896046743641282,31.468041800558897,0.5575302461202537,0.0011207255301997066
O02_ref3_metadata_generic_FiLM,ref3 + metadata + generic FiLM,Leave-One-Family-Out OOD,1,leave_one_family_out_ood_0073,0.9939131372184977,31.492347030124233,0.5587405237523093,0.0011882997350767255
O02_ref3_metadata_generic_FiLM,ref3 + metadata + generic FiLM,Leave-One-Family-Out OOD,1,leave_one_family_out_ood_0074,0.9960407516552846,31.535326639786625,0.560292327717593,0.001219468074850738
O02_ref3_metadata_generic_FiLM,ref3 + metadata + generic FiLM,Leave-One-Family-Out OOD,1,leave_one_family_out_ood_0075,0.9959286782571217,31.38697055083457,0.5525096216237874,0.0012667301343753934
O02_ref3_metadata_generic_FiLM,ref3 + metadata + generic FiLM,Leave-One-Family-Out OOD,1,leave_one_family_out_ood_0076,0.998346144000634,30.910173284546385,0.522614441399289,0.0011850264854729176
O02_ref3_metadata_generic_FiLM,ref3 + metadata + generic FiLM,Leave-One-Family-Out OOD,1,leave_one_family_out_ood_0077,0.9937746847578233,30.94576015703226,0.5285628409406121,0.001316347741521895
O02_ref3_metadata_generic_FiLM,ref3 + metadata + generic FiLM,Leave-One-Family-Out OOD,1,leave_one_family_out_ood_0078,0.998983335538185,32.29383698711367,0.6030495645386842,0.0010018694447353482
O02_ref3_metadata_generic_FiLM,ref3 + metadata + generic FiLM,Leave-One-Family-Out OOD,1,leave_one_family_out_ood_0079,0.99754151267782,30.85347739144986,0.5206211358898801,0.001221817103214562
O02_ref3_metadata_generic_FiLM,ref3 + metadata + generic FiLM,Leave-One-Family-Out OOD,1,leave_one_family_out_ood_0080,0.9883226960226719,30.35493398165134,0.49431121185572807,0.001369010889902711
O02_ref3_metadata_generic_FiLM,ref3 + metadata + generic FiLM,Leave-One-Family-Out OOD,1,leave_one_family_out_ood_0081,0.9969991569405774,31.327092487468068,0.548581153428705,0.0011823370587080717
O02_ref3_metadata_generic_FiLM,ref3 + metadata + generic FiLM,Leave-One-Family-Out OOD,1,leave_one_family_out_ood_0082,0.9955285534938044,30.359909159013107,0.4925177571350188,0.0014139780541881919
O02_ref3_metadata_generic_FiLM,ref3 + metadata + generic FiLM,Leave-One-Family-Out OOD,1,leave_one_family_out_ood_0083,0.9887517676574635,31.720602903328555,0.5731685295214319,0.0011878559598699212
O02_ref3_metadata_generic_FiLM,ref3 + metadata + generic FiLM,Leave-One-Family-Out OOD,1,leave_one_family_out_ood_0084,0.9936356621941042,31.35089461630601,0.5973487588748043,0.0010421539191156626
O02_ref3_metadata_generic_FiLM,ref3 + metadata + generic FiLM,Leave-One-Family-Out OOD,1,leave_one_family_out_ood_0085,0.9965202202730463,32.24148563935287,0.5995894214074611,0.0009317961521446705
O02_ref3_metadata_generic_FiLM,ref3 + metadata + generic FiLM,Leave-One-Family-Out OOD,1,leave_one_family_out_ood_0086,0.9983545167059085,32.045899555472104,0.5894497389957778,0.0011505598668009043
O02_ref3_metadata_generic_FiLM,ref3 + metadata + generic FiLM,Leave-One-Family-Out OOD,1,leave_one_family_out_ood_0087,0.9974084645188193,31.867871278423813,0.5783269690025854,0.001031725201755762
O02_ref3_metadata_generic_FiLM,ref3 + metadata + generic FiLM,Leave-One-Family-Out OOD,1,leave_one_family_out_ood_0088,0.9938973549443557,31.461785107892204,0.5567368471650341,0.0011385672260075808
O02_ref3_metadata_generic_FiLM,ref3 + metadata + generic FiLM,Leave-One-Family-Out OOD,1,leave_one_family_out_ood_0089,0.9988154847996965,31.178519711005027,0.5410835098629772,0.001386027317494154
O02_ref3_metadata_generic_FiLM,ref3 + metadata + generic FiLM,Leave-One-Family-Out OOD,1,leave_one_family_out_ood_0090,0.9988793347197948,31.30822606628407,0.5459148152442664,0.0010473245056346059
O02_ref3_metadata_generic_FiLM,ref3 + metadata + generic FiLM,Leave-One-Family-Out OOD,1,leave_one_family_out_ood_0091,0.9955313155561188,31.931077855412436,0.581731656839097,0.0010598248336464167
O02_ref3_metadata_generic_FiLM,ref3 + metadata + generic FiLM,Leave-One-Family-Out OOD,1,leave_one_family_out_ood_0092,0.9943658061997743,31.04676819230232,0.5336267394992374,0.0014041215181350708
O02_ref3_metadata_generic_FiLM,ref3 + metadata + generic FiLM,Leave-One-Family-Out OOD,1,leave_one_family_out_ood_0093,0.9967225034163825,30.79761326888326,0.5169059373022119,0.0012328611919656396
O02_ref3_metadata_generic_FiLM,ref3 + metadata + generic FiLM,Leave-One-Family-Out OOD,1,leave_one_family_out_ood_0094,0.9918471960027494,32.55300206601906,0.6191725215199,0.0010475590825080872
O02_ref3_metadata_generic_FiLM,ref3 + metadata + generic FiLM,Leave-One-Family-Out OOD,1,leave_one_family_out_ood_0095,0.992692107289788,31.372372289999678,0.5507390704704068,0.0010671765776351094
O02_ref3_metadata_generic_FiLM,ref3 + metadata + generic FiLM,Leave-One-Family-Out OOD,1,leave_one_family_out_ood_0096,0.9930510039302743,31.69082057909638,0.5698901259669564,0.00115579878911376
O02_ref3_metadata_generic_FiLM,ref3 + metadata + generic FiLM,Leave-One-Family-Out OOD,1,leave_one_family_out_ood_0097,0.9945475557523425,31.09632677938606,0.5348794209590163,0.0011791214346885681
O02_ref3_metadata_generic_FiLM,ref3 + metadata + generic FiLM,Leave-One-Family-Out OOD,1,leave_one_family_out_ood_0098,0.9958755019159142,32.534521127205736,0.616325507195498,0.0009604566730558872
O02_ref3_metadata_generic_FiLM,ref3 + metadata + generic FiLM,Leave-One-Family-Out OOD,1,leave_one_family_out_ood_0099,0.996569514831425,31.985044554261396,0.5857686365992195,0.0011345866369083524
O02_ref3_metadata_generic_FiLM,ref3 + metadata + generic FiLM,Leave-One-Family-Out OOD,2,leave_one_family_out_ood_0000,0.9913421904398809,31.31332517616375,0.5493607673721097,0.0012306286953389645
O02_ref3_metadata_generic_FiLM,ref3 + metadata + generic FiLM,Leave-One-Family-Out OOD,2,leave_one_family_out_ood_0001,0.9871606682701539,31.620131551548397,0.5673809615731892,0.0012087703216820955
O02_ref3_metadata_generic_FiLM,ref3 + metadata + generic FiLM,Leave-One-Family-Out OOD,2,leave_one_family_out_ood_0002,0.9929987043563864,30.91511705410221,0.5280666703318802,0.001506292843259871
O02_ref3_metadata_generic_FiLM,ref3 + metadata + generic FiLM,Leave-One-Family-Out OOD,2,leave_one_family_out_ood_0003,0.992788116834767,31.970645546163787,0.5855324563640238,0.0010722975712269545
O02_ref3_metadata_generic_FiLM,ref3 + metadata + generic FiLM,Leave-One-Family-Out OOD,2,leave_one_family_out_ood_0004,0.9913757898215189,31.271108704324796,0.5621865867376684,0.0014998625265434384
O02_ref3_metadata_generic_FiLM,ref3 + metadata + generic FiLM,Leave-One-Family-Out OOD,2,leave_one_family_out_ood_0005,0.9907226384298247,30.71423237993914,0.515474354399584,0.0014671272365376353
O02_ref3_metadata_generic_FiLM,ref3 + metadata + generic FiLM,Leave-One-Family-Out OOD,2,leave_one_family_out_ood_0006,0.9936207801053669,31.219982153764963,0.5433531540224132,0.001215334516018629
O02_ref3_metadata_generic_FiLM,ref3 + metadata + generic FiLM,Leave-One-Family-Out OOD,2,leave_one_family_out_ood_0007,0.987985072160811,31.631284233894583,0.5676801124913273,0.0011825886322185397
O02_ref3_metadata_generic_FiLM,ref3 + metadata + generic FiLM,Leave-One-Family-Out OOD,2,leave_one_family_out_ood_0008,0.9885777564166845,31.19835491297179,0.5427936087743771,0.001216883072629571
O02_ref3_metadata_generic_FiLM,ref3 + metadata + generic FiLM,Leave-One-Family-Out OOD,2,leave_one_family_out_ood_0009,0.9922759517630988,32.0803112417877,0.5944454679851043,0.0012713074684143066
O02_ref3_metadata_generic_FiLM,ref3 + metadata + generic FiLM,Leave-One-Family-Out OOD,2,leave_one_family_out_ood_0010,0.9894553041293965,32.161408805616766,0.6242702663675227,0.0010290037607774138
O02_ref3_metadata_generic_FiLM,ref3 + metadata + generic FiLM,Leave-One-Family-Out OOD,2,leave_one_family_out_ood_0011,0.988035384230636,31.65453793559579,0.569650239156069,0.001254688249900937
O02_ref3_metadata_generic_FiLM,ref3 + metadata + generic FiLM,Leave-One-Family-Out OOD,2,leave_one_family_out_ood_0012,0.9951185347592159,31.01385186442809,0.5309592988253431,0.0013017643941566348
O02_ref3_metadata_generic_FiLM,ref3 + metadata + generic FiLM,Leave-One-Family-Out OOD,2,leave_one_family_out_ood_0013,0.9869491999824523,31.32781280197475,0.5500503257241046,0.0012406765017658472
O02_ref3_metadata_generic_FiLM,ref3 + metadata + generic FiLM,Leave-One-Family-Out OOD,2,leave_one_family_out_ood_0014,0.9872754217067622,32.27844628403787,0.6042666601211752,0.0011220605811104178
O02_ref3_metadata_generic_FiLM,ref3 + metadata + generic FiLM,Leave-One-Family-Out OOD,2,leave_one_family_out_ood_0015,0.9902485007320656,30.680655998968575,0.5614544283235471,0.0013730487553402781
O02_ref3_metadata_generic_FiLM,ref3 + metadata + generic FiLM,Leave-One-Family-Out OOD,2,leave_one_family_out_ood_0016,0.9940175970832937,31.424514130297695,0.5568758619408208,0.001407603151164949
O02_ref3_metadata_generic_FiLM,ref3 + metadata + generic FiLM,Leave-One-Family-Out OOD,2,leave_one_family_out_ood_0017,0.9879104429040093,30.946363963873406,0.5298793666387045,0.0014555401867255569
O02_ref3_metadata_generic_FiLM,ref3 + metadata + generic FiLM,Leave-One-Family-Out OOD,2,leave_one_family_out_ood_0018,0.9798104274060322,32.16979033825535,0.5993219096368249,0.001240992802195251
O02_ref3_metadata_generic_FiLM,ref3 + metadata + generic FiLM,Leave-One-Family-Out OOD,2,leave_one_family_out_ood_0019,0.9900796129448541,31.536452851853944,0.5625029927849269,0.0011891935719177127
O02_ref3_metadata_generic_FiLM,ref3 + metadata + generic FiLM,Leave-One-Family-Out OOD,2,leave_one_family_out_ood_0020,0.9913034640238811,32.06878186381909,0.5919154499737007,0.0011736714513972402
O02_ref3_metadata_generic_FiLM,ref3 + metadata + generic FiLM,Leave-One-Family-Out OOD,2,leave_one_family_out_ood_0021,0.99061503504484,32.19013036304333,0.5982745282077269,0.0010792975081130862
O02_ref3_metadata_generic_FiLM,ref3 + metadata + generic FiLM,Leave-One-Family-Out OOD,2,leave_one_family_out_ood_0022,0.9945512370130468,31.55095260414314,0.5630054956413533,0.0012855225941166282
O02_ref3_metadata_generic_FiLM,ref3 + metadata + generic FiLM,Leave-One-Family-Out OOD,2,leave_one_family_out_ood_0023,0.9911431589861274,32.003879873733,0.5884455624525902,0.0011970633640885353
O02_ref3_metadata_generic_FiLM,ref3 + metadata + generic FiLM,Leave-One-Family-Out OOD,2,leave_one_family_out_ood_0024,0.9958245551281201,30.69960712521645,0.5148667179789479,0.001555957947857678
O02_ref3_metadata_generic_FiLM,ref3 + metadata + generic FiLM,Leave-One-Family-Out OOD,2,leave_one_family_out_ood_0025,0.9914272935143662,31.567681584054323,0.5647185053120867,0.0013333508977666497
O02_ref3_metadata_generic_FiLM,ref3 + metadata + generic FiLM,Leave-One-Family-Out OOD,2,leave_one_family_out_ood_0026,0.9887247003381507,30.463464546865207,0.5007630821986488,0.0013874955475330353
O02_ref3_metadata_generic_FiLM,ref3 + metadata + generic FiLM,Leave-One-Family-Out OOD,2,leave_one_family_out_ood_0027,0.9913949313655946,31.283355275807942,0.5476317199057411,0.00131531385704875
O02_ref3_metadata_generic_FiLM,ref3 + metadata + generic FiLM,Leave-One-Family-Out OOD,2,leave_one_family_out_ood_0028,0.9868108825604867,32.84125598578803,0.6347096862404413,0.0010151462629437447
O02_ref3_metadata_generic_FiLM,ref3 + metadata + generic FiLM,Leave-One-Family-Out OOD,2,leave_one_family_out_ood_0029,0.9810761716655877,31.6524018332237,0.5716015544158117,0.0012044827453792095
O02_ref3_metadata_generic_FiLM,ref3 + metadata + generic FiLM,Leave-One-Family-Out OOD,2,leave_one_family_out_ood_0030,0.9894317908975537,31.304334657902974,0.5478071520492479,0.0011672198306769133
O02_ref3_metadata_generic_FiLM,ref3 + metadata + generic FiLM,Leave-One-Family-Out OOD,2,leave_one_family_out_ood_0031,0.9893121458528135,32.33578608383074,0.6071438766498631,0.0010909439297392964
O02_ref3_metadata_generic_FiLM,ref3 + metadata + generic FiLM,Leave-One-Family-Out OOD,2,leave_one_family_out_ood_0032,0.9857434720166591,32.173892264096764,0.5997647919646926,0.0013877986930310726
O02_ref3_metadata_generic_FiLM,ref3 + metadata + generic FiLM,Leave-One-Family-Out OOD,2,leave_one_family_out_ood_0033,0.9882826194324688,31.57128783220395,0.56467517158212,0.001296136761084199
O02_ref3_metadata_generic_FiLM,ref3 + metadata + generic FiLM,Leave-One-Family-Out OOD,2,leave_one_family_out_ood_0034,0.9900047151642145,32.09785569856719,0.5947193766368691,0.0012716695200651884
O02_ref3_metadata_generic_FiLM,ref3 + metadata + generic FiLM,Leave-One-Family-Out OOD,2,leave_one_family_out_ood_0035,0.9954469722611049,31.236067737435068,0.5426851022487688,0.001174279605038464
O02_ref3_metadata_generic_FiLM,ref3 + metadata + generic FiLM,Leave-One-Family-Out OOD,2,leave_one_family_out_ood_0036,0.9906598238686807,31.779563222649028,0.5757840321749538,0.001153726363554597
O02_ref3_metadata_generic_FiLM,ref3 + metadata + generic FiLM,Leave-One-Family-Out OOD,2,leave_one_family_out_ood_0037,0.9836430698131332,31.07519831659261,0.5373815020725403,0.0012964691268280149
O02_ref3_metadata_generic_FiLM,ref3 + metadata + generic FiLM,Leave-One-Family-Out OOD,2,leave_one_family_out_ood_0038,0.9962521464995898,31.53210155751312,0.5606415830485145,0.0012767488369718194
O02_ref3_metadata_generic_FiLM,ref3 + metadata + generic FiLM,Leave-One-Family-Out OOD,2,leave_one_family_out_ood_0039,0.9912978009109632,30.961477650509757,0.5291683202990897,0.0014030663296580315
O02_ref3_metadata_generic_FiLM,ref3 + metadata + generic FiLM,Leave-One-Family-Out OOD,2,leave_one_family_out_ood_0040,0.9854906833139432,31.92710431927518,0.5844847125354471,0.0010202346602454782
O02_ref3_metadata_generic_FiLM,ref3 + metadata + generic FiLM,Leave-One-Family-Out OOD,2,leave_one_family_out_ood_0041,0.992017806664922,32.40888029622316,0.6117018225322858,0.0012545464560389519
O02_ref3_metadata_generic_FiLM,ref3 + metadata + generic FiLM,Leave-One-Family-Out OOD,2,leave_one_family_out_ood_0042,0.9902754872230499,30.962044842736734,0.5297462686926209,0.0013583856634795666
O02_ref3_metadata_generic_FiLM,ref3 + metadata + generic FiLM,Leave-One-Family-Out OOD,2,leave_one_family_out_ood_0043,0.9883880239035115,31.714898856879966,0.5727775480790981,0.0012562969932332635
O02_ref3_metadata_generic_FiLM,ref3 + metadata + generic FiLM,Leave-One-Family-Out OOD,2,leave_one_family_out_ood_0044,0.9864129746426227,32.24482286506284,0.6026372157255682,0.0010987137211486697
O02_ref3_metadata_generic_FiLM,ref3 + metadata + generic FiLM,Leave-One-Family-Out OOD,2,leave_one_family_out_ood_0045,0.9937344225851414,30.40978451258797,0.5407499157719539,0.0014404847752302885
O02_ref3_metadata_generic_FiLM,ref3 + metadata + generic FiLM,Leave-One-Family-Out OOD,2,leave_one_family_out_ood_0046,0.991138710998032,31.59745560416035,0.5665812420482421,0.001405505696311593
O02_ref3_metadata_generic_FiLM,ref3 + metadata + generic FiLM,Leave-One-Family-Out OOD,2,leave_one_family_out_ood_0047,0.9872321683806586,30.864158714458153,0.5257648492332913,0.0015344219282269478
O02_ref3_metadata_generic_FiLM,ref3 + metadata + generic FiLM,Leave-One-Family-Out OOD,2,leave_one_family_out_ood_0048,0.9924649342980775,32.079548927010485,0.5924234267407873,0.0011480414541438222
O02_ref3_metadata_generic_FiLM,ref3 + metadata + generic FiLM,Leave-One-Family-Out OOD,2,leave_one_family_out_ood_0049,0.9937120408012011,31.490219185872963,0.5584188288911655,0.0012385728769004345
O02_ref3_metadata_generic_FiLM,ref3 + metadata + generic FiLM,Leave-One-Family-Out OOD,2,leave_one_family_out_ood_0050,0.9943190986066219,32.83708324215721,0.633015542219564,0.0009432294755242765
O02_ref3_metadata_generic_FiLM,ref3 + metadata + generic FiLM,Leave-One-Family-Out OOD,2,leave_one_family_out_ood_0051,0.9868848262048875,31.628457378599716,0.5795197556525336,0.0013178129447624087
O02_ref3_metadata_generic_FiLM,ref3 + metadata + generic FiLM,Leave-One-Family-Out OOD,2,leave_one_family_out_ood_0052,0.9903896338656093,30.383696579353344,0.49592104267803294,0.0013693943619728088
O02_ref3_metadata_generic_FiLM,ref3 + metadata + generic FiLM,Leave-One-Family-Out OOD,2,leave_one_family_out_ood_0053,0.9864313543461791,31.493934106837425,0.5634696009277212,0.0012832395732402802
O02_ref3_metadata_generic_FiLM,ref3 + metadata + generic FiLM,Leave-One-Family-Out OOD,2,leave_one_family_out_ood_0054,0.9898224622610646,32.27412453728021,0.6028196967327797,0.0011519533582031727
O02_ref3_metadata_generic_FiLM,ref3 + metadata + generic FiLM,Leave-One-Family-Out OOD,2,leave_one_family_out_ood_0055,0.995194887407786,31.25656346480083,0.5451559796143692,0.0012933126417919993
O02_ref3_metadata_generic_FiLM,ref3 + metadata + generic FiLM,Leave-One-Family-Out OOD,2,leave_one_family_out_ood_0056,1.0066369919327376,30.94923707998122,0.5688942280165616,0.0012542828917503357
O02_ref3_metadata_generic_FiLM,ref3 + metadata + generic FiLM,Leave-One-Family-Out OOD,2,leave_one_family_out_ood_0057,0.9900551395059093,30.99400650414273,0.5325592343573973,0.001429618103429675
O02_ref3_metadata_generic_FiLM,ref3 + metadata + generic FiLM,Leave-One-Family-Out OOD,2,leave_one_family_out_ood_0058,0.992044404673596,31.17231325262599,0.5402491434242512,0.0011717239394783974
O02_ref3_metadata_generic_FiLM,ref3 + metadata + generic FiLM,Leave-One-Family-Out OOD,2,leave_one_family_out_ood_0059,0.9937372070024056,31.90172667217322,0.5819797284104459,0.0010976376943290234
O02_ref3_metadata_generic_FiLM,ref3 + metadata + generic FiLM,Leave-One-Family-Out OOD,2,leave_one_family_out_ood_0060,0.9883551040973656,32.556570714325716,0.6202414125471124,0.00117836007848382
O02_ref3_metadata_generic_FiLM,ref3 + metadata + generic FiLM,Leave-One-Family-Out OOD,2,leave_one_family_out_ood_0061,0.988631167607269,31.2781809388516,0.5492603248312088,0.0013551184674724936
O02_ref3_metadata_generic_FiLM,ref3 + metadata + generic FiLM,Leave-One-Family-Out OOD,2,leave_one_family_out_ood_0062,0.98536825988451,31.02633203907547,0.5483564879105518,0.0013575688935816288
O02_ref3_metadata_generic_FiLM,ref3 + metadata + generic FiLM,Leave-One-Family-Out OOD,2,leave_one_family_out_ood_0063,0.9855911517940681,32.03017074312803,0.5912382292653134,0.0011886021820828319
O02_ref3_metadata_generic_FiLM,ref3 + metadata + generic FiLM,Leave-One-Family-Out OOD,2,leave_one_family_out_ood_0064,0.9865722513730478,33.15286522396931,0.6512685849065444,0.001018656068481505
O02_ref3_metadata_generic_FiLM,ref3 + metadata + generic FiLM,Leave-One-Family-Out OOD,2,leave_one_family_out_ood_0065,0.9931801751328221,32.03567476301779,0.5899892326011253,0.00115746702067554
O02_ref3_metadata_generic_FiLM,ref3 + metadata + generic FiLM,Leave-One-Family-Out OOD,2,leave_one_family_out_ood_0066,0.9884779399623835,31.551058464324214,0.5638117690883369,0.0013633320340886712
O02_ref3_metadata_generic_FiLM,ref3 + metadata + generic FiLM,Leave-One-Family-Out OOD,2,leave_one_family_out_ood_0067,0.9945842861593072,31.17333953926166,0.5420240306344007,0.0014886304270476103
O02_ref3_metadata_generic_FiLM,ref3 + metadata + generic FiLM,Leave-One-Family-Out OOD,2,leave_one_family_out_ood_0068,1.0024701968545957,30.93169615447389,0.5252683278709386,0.0012015817919746041
O02_ref3_metadata_generic_FiLM,ref3 + metadata + generic FiLM,Leave-One-Family-Out OOD,2,leave_one_family_out_ood_0069,0.9922271781210567,31.153476560049732,0.5397835173316367,0.0012662886874750257
O02_ref3_metadata_generic_FiLM,ref3 + metadata + generic FiLM,Leave-One-Family-Out OOD,2,leave_one_family_out_ood_0070,0.984286476328501,31.790192363564213,0.5785237620696974,0.0013131541199982166
O02_ref3_metadata_generic_FiLM,ref3 + metadata + generic FiLM,Leave-One-Family-Out OOD,2,leave_one_family_out_ood_0071,0.9903501700210848,30.86807621347012,0.5234448297082344,0.0013968490529805422
O02_ref3_metadata_generic_FiLM,ref3 + metadata + generic FiLM,Leave-One-Family-Out OOD,2,leave_one_family_out_ood_0072,0.9843920782092332,31.490978119728577,0.5600121679217919,0.0011552174109965563
O02_ref3_metadata_generic_FiLM,ref3 + metadata + generic FiLM,Leave-One-Family-Out OOD,2,leave_one_family_out_ood_0073,0.9917835038737399,31.501662509016214,0.5608838049320366,0.0013497682521119714
O02_ref3_metadata_generic_FiLM,ref3 + metadata + generic FiLM,Leave-One-Family-Out OOD,2,leave_one_family_out_ood_0074,0.9905499011483455,31.559334016433045,0.5643260402547431,0.0014211053494364023
O02_ref3_metadata_generic_FiLM,ref3 + metadata + generic FiLM,Leave-One-Family-Out OOD,2,leave_one_family_out_ood_0075,0.9902774109770294,31.411684285616914,0.5564928851121038,0.0014190576039254665
O02_ref3_metadata_generic_FiLM,ref3 + metadata + generic FiLM,Leave-One-Family-Out OOD,2,leave_one_family_out_ood_0076,0.9892910849406583,30.94974381440272,0.5278290664983433,0.001281413366086781
O02_ref3_metadata_generic_FiLM,ref3 + metadata + generic FiLM,Leave-One-Family-Out OOD,2,leave_one_family_out_ood_0077,0.9945088346884058,30.942552995989754,0.5270924401139735,0.0012674640165641904
O02_ref3_metadata_generic_FiLM,ref3 + metadata + generic FiLM,Leave-One-Family-Out OOD,2,leave_one_family_out_ood_0078,0.9865139733803101,32.34838702702747,0.6086879554783814,0.0011017820797860622
O02_ref3_metadata_generic_FiLM,ref3 + metadata + generic FiLM,Leave-One-Family-Out OOD,2,leave_one_family_out_ood_0079,0.9777157234465171,30.940661165525686,0.5317013290005433,0.0014088175958022475
O02_ref3_metadata_generic_FiLM,ref3 + metadata + generic FiLM,Leave-One-Family-Out OOD,2,leave_one_family_out_ood_0080,0.991032711292958,30.343041762592676,0.4926068552001322,0.0013712196378037333
O02_ref3_metadata_generic_FiLM,ref3 + metadata + generic FiLM,Leave-One-Family-Out OOD,2,leave_one_family_out_ood_0081,0.9955884563424068,31.33324182347006,0.5495983294498159,0.0012368670431897044
O02_ref3_metadata_generic_FiLM,ref3 + metadata + generic FiLM,Leave-One-Family-Out OOD,2,leave_one_family_out_ood_0082,0.9892711845866721,30.387292898187095,0.49704023304059775,0.001557247480377555
O02_ref3_metadata_generic_FiLM,ref3 + metadata + generic FiLM,Leave-One-Family-Out OOD,2,leave_one_family_out_ood_0083,0.9921396892976466,31.705747426171506,0.5712561642565847,0.001181880128569901
O02_ref3_metadata_generic_FiLM,ref3 + metadata + generic FiLM,Leave-One-Family-Out OOD,2,leave_one_family_out_ood_0084,0.9832947918828671,31.396328990622,0.6029496838770259,0.001182517851702869
O02_ref3_metadata_generic_FiLM,ref3 + metadata + generic FiLM,Leave-One-Family-Out OOD,2,leave_one_family_out_ood_0085,0.9928082248583852,32.257692798677496,0.6024252872602848,0.0011196970008313656
O02_ref3_metadata_generic_FiLM,ref3 + metadata + generic FiLM,Leave-One-Family-Out OOD,2,leave_one_family_out_ood_0086,0.9950644326512332,32.060235409482594,0.5913661795065459,0.0012304646661505103
O02_ref3_metadata_generic_FiLM,ref3 + metadata + generic FiLM,Leave-One-Family-Out OOD,2,leave_one_family_out_ood_0087,0.9901010072585803,31.899806664274912,0.5823159092882466,0.0011370348511263728
O02_ref3_metadata_generic_FiLM,ref3 + metadata + generic FiLM,Leave-One-Family-Out OOD,2,leave_one_family_out_ood_0088,0.9936896996946957,31.462692378702386,0.55836851394013,0.0013653463684022427
O02_ref3_metadata_generic_FiLM,ref3 + metadata + generic FiLM,Leave-One-Family-Out OOD,2,leave_one_family_out_ood_0089,0.9933606589826346,31.202302839481302,0.5435375277480662,0.0014263377524912357
O02_ref3_metadata_generic_FiLM,ref3 + metadata + generic FiLM,Leave-One-Family-Out OOD,2,leave_one_family_out_ood_0090,0.9931515830874592,31.33320093192147,0.5499775752310602,0.0012257220223546028
O02_ref3_metadata_generic_FiLM,ref3 + metadata + generic FiLM,Leave-One-Family-Out OOD,2,leave_one_family_out_ood_0091,0.9802218047073127,31.998383535984303,0.589429405977272,0.0011956170201301575
O02_ref3_metadata_generic_FiLM,ref3 + metadata + generic FiLM,Leave-One-Family-Out OOD,2,leave_one_family_out_ood_0092,0.9848212329370112,31.088656105344366,0.5389587362754816,0.0015400113770738244
O02_ref3_metadata_generic_FiLM,ref3 + metadata + generic FiLM,Leave-One-Family-Out OOD,2,leave_one_family_out_ood_0093,0.9892227967286971,30.830414664793906,0.5214043228734963,0.0013176618376746774
O02_ref3_metadata_generic_FiLM,ref3 + metadata + generic FiLM,Leave-One-Family-Out OOD,2,leave_one_family_out_ood_0094,0.9872443884613586,32.573202941519725,0.6211948295664681,0.0011047666193917394
O02_ref3_metadata_generic_FiLM,ref3 + metadata + generic FiLM,Leave-One-Family-Out OOD,2,leave_one_family_out_ood_0095,0.9871479943379978,31.396695304953436,0.5540058734948978,0.0011529539478942752
O02_ref3_metadata_generic_FiLM,ref3 + metadata + generic FiLM,Leave-One-Family-Out OOD,2,leave_one_family_out_ood_0096,0.9896984012545426,31.70550744054484,0.572571995649201,0.0013254944933578372
O02_ref3_metadata_generic_FiLM,ref3 + metadata + generic FiLM,Leave-One-Family-Out OOD,2,leave_one_family_out_ood_0097,0.9913355238487439,31.110375837199964,0.5377729632233305,0.0013063029618933797
O02_ref3_metadata_generic_FiLM,ref3 + metadata + generic FiLM,Leave-One-Family-Out OOD,2,leave_one_family_out_ood_0098,0.9970425036653392,32.529435076666815,0.6163546460003868,0.0010123536922037601
O02_ref3_metadata_generic_FiLM,ref3 + metadata + generic FiLM,Leave-One-Family-Out OOD,2,leave_one_family_out_ood_0099,0.9894547763304518,32.01616123351241,0.5895238066929294,0.0012381161795929074
O02_ref3_metadata_generic_FiLM,ref3 + metadata + generic FiLM,Random-ET OOD,0,random_et_test_00000,1.126336265301705,30.05447045422536,0.41534740118078267,0.006655322387814522
O02_ref3_metadata_generic_FiLM,ref3 + metadata + generic FiLM,Random-ET OOD,0,random_et_test_00001,1.279681113883519,32.34490639882569,0.5068883803410937,0.005943246651440859
O02_ref3_metadata_generic_FiLM,ref3 + metadata + generic FiLM,Random-ET OOD,0,random_et_test_00002,1.2122613539793792,29.926044078242867,0.3574539702458216,0.008547271601855755
O02_ref3_metadata_generic_FiLM,ref3 + metadata + generic FiLM,Random-ET OOD,0,random_et_test_00003,1.1771847955463604,26.786130853947355,0.23384513451249508,0.01063842885196209
O02_ref3_metadata_generic_FiLM,ref3 + metadata + generic FiLM,Random-ET OOD,0,random_et_test_00004,1.6433060041984915,26.260732491137645,0.14965236114807232,0.016051067039370537
O02_ref3_metadata_generic_FiLM,ref3 + metadata + generic FiLM,Random-ET OOD,0,random_et_test_00005,1.7501864216819083,28.11385057755586,0.17502643246790486,0.01522931270301342
O02_ref3_metadata_generic_FiLM,ref3 + metadata + generic FiLM,Random-ET OOD,0,random_et_test_00006,1.448809332289649,29.153463943403267,0.2686622825215867,0.010843778029084206
O02_ref3_metadata_generic_FiLM,ref3 + metadata + generic FiLM,Random-ET OOD,0,random_et_test_00007,1.0945405662694567,29.207873039092867,0.39737229440767974,0.005928021389991045
O02_ref3_metadata_generic_FiLM,ref3 + metadata + generic FiLM,Random-ET OOD,0,random_et_test_00008,1.068541163113778,27.33327721564773,0.2974756029982906,0.008234227076172829
O02_ref3_metadata_generic_FiLM,ref3 + metadata + generic FiLM,Random-ET OOD,0,random_et_test_00009,1.585903962657795,28.510173495867956,0.24321446882677347,0.011819016188383102
O02_ref3_metadata_generic_FiLM,ref3 + metadata + generic FiLM,Random-ET OOD,0,random_et_test_00010,1.1075633442776718,28.484754445422773,0.33253039342168156,0.008342086337506771
O02_ref3_metadata_generic_FiLM,ref3 + metadata + generic FiLM,Random-ET OOD,0,random_et_test_00011,1.2182309792473183,26.638939485764016,0.19332316324654153,0.013870992697775364
O02_ref3_metadata_generic_FiLM,ref3 + metadata + generic FiLM,Random-ET OOD,0,random_et_test_00012,1.0804748402129316,28.260919060788858,0.32355323919050133,0.008059904910624027
O02_ref3_metadata_generic_FiLM,ref3 + metadata + generic FiLM,Random-ET OOD,0,random_et_test_00013,1.3116916680331965,30.662387265644846,0.44416090944623704,0.00603261636570096
O02_ref3_metadata_generic_FiLM,ref3 + metadata + generic FiLM,Random-ET OOD,0,random_et_test_00014,1.0313785415925774,30.31808522431412,0.48483507147788274,0.0036997226998209953
O02_ref3_metadata_generic_FiLM,ref3 + metadata + generic FiLM,Random-ET OOD,0,random_et_test_00015,1.024508595551178,28.124122539550957,0.3572065457342047,0.00603063590824604
O02_ref3_metadata_generic_FiLM,ref3 + metadata + generic FiLM,Random-ET OOD,0,random_et_test_00016,1.3228905963655553,26.799420502549744,0.19751484768335617,0.013196591287851334
O02_ref3_metadata_generic_FiLM,ref3 + metadata + generic FiLM,Random-ET OOD,0,random_et_test_00017,1.3451110151014045,26.5348237246516,0.16648739916143668,0.01521886233240366
O02_ref3_metadata_generic_FiLM,ref3 + metadata + generic FiLM,Random-ET OOD,0,random_et_test_00018,1.1979291894545567,27.36328555004175,0.25127669785309203,0.010316138155758381
O02_ref3_metadata_generic_FiLM,ref3 + metadata + generic FiLM,Random-ET OOD,0,random_et_test_00019,1.1506476988160994,27.589572203860794,0.2911786776826812,0.009223592467606068
O02_ref3_metadata_generic_FiLM,ref3 + metadata + generic FiLM,Random-ET OOD,0,random_et_test_00020,1.3700845215876691,27.35536248848919,0.20064952420181373,0.01301194541156292
O02_ref3_metadata_generic_FiLM,ref3 + metadata + generic FiLM,Random-ET OOD,0,random_et_test_00021,1.1680941866832795,27.77432801128535,0.31006228056108726,0.008315465413033962
O02_ref3_metadata_generic_FiLM,ref3 + metadata + generic FiLM,Random-ET OOD,0,random_et_test_00022,1.186568007285716,30.02574248081221,0.37008320890936053,0.008042055182158947
O02_ref3_metadata_generic_FiLM,ref3 + metadata + generic FiLM,Random-ET OOD,0,random_et_test_00023,1.1825222370642088,27.449867483746104,0.256357513750856,0.010271663777530193
O02_ref3_metadata_generic_FiLM,ref3 + metadata + generic FiLM,Random-ET OOD,0,random_et_test_00024,1.3887998801180033,29.673999288633624,0.27697941318801067,0.011326373554766178
O02_ref3_metadata_generic_FiLM,ref3 + metadata + generic FiLM,Random-ET OOD,0,random_et_test_00025,1.815487173091549,24.979168778703716,0.09476247291306396,0.021257029846310616
O02_ref3_metadata_generic_FiLM,ref3 + metadata + generic FiLM,Random-ET OOD,0,random_et_test_00026,1.1045091595127159,27.220532833091703,0.2659954608559652,0.01024970319122076
O02_ref3_metadata_generic_FiLM,ref3 + metadata + generic FiLM,Random-ET OOD,0,random_et_test_00027,1.113786242088856,30.111161829539217,0.4135420300967637,0.006845382507890463
O02_ref3_metadata_generic_FiLM,ref3 + metadata + generic FiLM,Random-ET OOD,0,random_et_test_00028,1.161677322842675,28.81257795682273,0.3027375883780133,0.00965803861618042
O02_ref3_metadata_generic_FiLM,ref3 + metadata + generic FiLM,Random-ET OOD,0,random_et_test_00029,1.0182727108856569,28.578120940493,0.39073416928483334,0.004825428128242493
O02_ref3_metadata_generic_FiLM,ref3 + metadata + generic FiLM,Random-ET OOD,0,random_et_test_00030,1.2605175188382567,26.928173193778356,0.23122456082569784,0.011152097024023533
O02_ref3_metadata_generic_FiLM,ref3 + metadata + generic FiLM,Random-ET OOD,0,random_et_test_00031,1.039818385444984,31.320592413880412,0.5439783736279835,0.003133471356704831
O02_ref3_metadata_generic_FiLM,ref3 + metadata + generic FiLM,Random-ET OOD,0,random_et_test_00032,1.0137669871220414,28.955833186580154,0.41302696431678465,0.003982060123234987
O02_ref3_metadata_generic_FiLM,ref3 + metadata + generic FiLM,Random-ET OOD,0,random_et_test_00033,1.2415893362553585,29.99641768284125,0.35858596256113806,0.008482052944600582
O02_ref3_metadata_generic_FiLM,ref3 + metadata + generic FiLM,Random-ET OOD,0,random_et_test_00034,2.551728691050261,27.1795175368808,0.11844133361560201,0.017944352701306343
O02_ref3_metadata_generic_FiLM,ref3 + metadata + generic FiLM,Random-ET OOD,0,random_et_test_00035,1.2634603985907311,28.277797790153176,0.2831329427586464,0.01007563341408968
O02_ref3_metadata_generic_FiLM,ref3 + metadata + generic FiLM,Random-ET OOD,0,random_et_test_00036,1.1995270383949403,26.388509294267646,0.21101830475586741,0.012944823130965233
O02_ref3_metadata_generic_FiLM,ref3 + metadata + generic FiLM,Random-ET OOD,0,random_et_test_00037,1.07146803355933,26.856476215555634,0.2647360374262337,0.009712588042020798
O02_ref3_metadata_generic_FiLM,ref3 + metadata + generic FiLM,Random-ET OOD,0,random_et_test_00038,1.0401671574145102,28.287226384416073,0.36967540255043596,0.0052932146936655045
O02_ref3_metadata_generic_FiLM,ref3 + metadata + generic FiLM,Random-ET OOD,0,random_et_test_00039,1.0201198807334269,29.35729515599975,0.44006328262153394,0.004384701140224934
O02_ref3_metadata_generic_FiLM,ref3 + metadata + generic FiLM,Random-ET OOD,0,random_et_test_00040,1.0684311751918196,28.792662130441258,0.3669573380219716,0.006935710087418556
O02_ref3_metadata_generic_FiLM,ref3 + metadata + generic FiLM,Random-ET OOD,0,random_et_test_00041,1.2362583503267732,30.862678421917064,0.41094749274123527,0.007711040787398815
O02_ref3_metadata_generic_FiLM,ref3 + metadata + generic FiLM,Random-ET OOD,0,random_et_test_00042,1.0810045519523082,26.750545120232,0.25822866063642597,0.009925387799739838
O02_ref3_metadata_generic_FiLM,ref3 + metadata + generic FiLM,Random-ET OOD,0,random_et_test_00043,1.0905996498455612,31.82475496811405,0.5268862840337049,0.0049280282109975815
O02_ref3_metadata_generic_FiLM,ref3 + metadata + generic FiLM,Random-ET OOD,0,random_et_test_00044,1.0691590167599687,28.90637365364858,0.36830387002951975,0.006998012308031321
O02_ref3_metadata_generic_FiLM,ref3 + metadata + generic FiLM,Random-ET OOD,0,random_et_test_00045,1.166633839927258,28.46350672544226,0.34131380501891484,0.007191081997007132
O02_ref3_metadata_generic_FiLM,ref3 + metadata + generic FiLM,Random-ET OOD,0,random_et_test_00046,1.3213209237949075,28.223852862102103,0.27907970442559,0.009548567235469818
O02_ref3_metadata_generic_FiLM,ref3 + metadata + generic FiLM,Random-ET OOD,0,random_et_test_00047,1.0496739403039115,27.490746092288934,0.32491976250942045,0.0065438831225037575
O02_ref3_metadata_generic_FiLM,ref3 + metadata + generic FiLM,Random-ET OOD,0,random_et_test_00048,1.1008768443966561,29.11851318288617,0.3721311869444941,0.007149273995310068
O02_ref3_metadata_generic_FiLM,ref3 + metadata + generic FiLM,Random-ET OOD,0,random_et_test_00049,1.1669896894322231,28.140070999846106,0.3094143540673358,0.008837684988975525
O02_ref3_metadata_generic_FiLM,ref3 + metadata + generic FiLM,Random-ET OOD,0,random_et_test_00050,1.4191247196235073,26.921248445216463,0.1804493932632386,0.014271634630858898
O02_ref3_metadata_generic_FiLM,ref3 + metadata + generic FiLM,Random-ET OOD,0,random_et_test_00051,1.0836303939541443,31.240471557308464,0.507612061529115,0.004691753536462784
O02_ref3_metadata_generic_FiLM,ref3 + metadata + generic FiLM,Random-ET OOD,0,random_et_test_00052,1.0767659313829079,28.490733540834306,0.3539591624398295,0.007221797481179237
O02_ref3_metadata_generic_FiLM,ref3 + metadata + generic FiLM,Random-ET OOD,0,random_et_test_00053,1.3123809536736932,25.738301212898552,0.1543939445542541,0.016320036724209785
O02_ref3_metadata_generic_FiLM,ref3 + metadata + generic FiLM,Random-ET OOD,0,random_et_test_00054,1.0210519082304834,30.68611942494035,0.5108690384914116,0.0031229539308696985
O02_ref3_metadata_generic_FiLM,ref3 + metadata + generic FiLM,Random-ET OOD,0,random_et_test_00055,1.141541447205634,30.312547792023445,0.41428169380843677,0.007138374727219343
O02_ref3_metadata_generic_FiLM,ref3 + metadata + generic FiLM,Random-ET OOD,0,random_et_test_00056,1.0348564805049476,29.11278399858415,0.4136907766689776,0.004692539107054472
O02_ref3_metadata_generic_FiLM,ref3 + metadata + generic FiLM,Random-ET OOD,0,random_et_test_00057,1.144026935120136,26.360789331286885,0.21069867318427069,0.012403835542500019
O02_ref3_metadata_generic_FiLM,ref3 + metadata + generic FiLM,Random-ET OOD,0,random_et_test_00058,1.0309322181630922,27.8621892550885,0.34838885527441593,0.006150777917355299
O02_ref3_metadata_generic_FiLM,ref3 + metadata + generic FiLM,Random-ET OOD,0,random_et_test_00059,1.0502118639733558,31.28484683015487,0.5354905678922258,0.0034298759419471025
O02_ref3_metadata_generic_FiLM,ref3 + metadata + generic FiLM,Random-ET OOD,0,random_et_test_00060,1.0666033421829102,27.13023107638608,0.2717437170158656,0.009284142404794693
O02_ref3_metadata_generic_FiLM,ref3 + metadata + generic FiLM,Random-ET OOD,0,random_et_test_00061,1.2663152141898608,25.864073800667224,0.18034137283055737,0.014550440944731236
O02_ref3_metadata_generic_FiLM,ref3 + metadata + generic FiLM,Random-ET OOD,0,random_et_test_00062,1.1758468702717113,27.37290235478202,0.2287622441878618,0.01175858173519373
O02_ref3_metadata_generic_FiLM,ref3 + metadata + generic FiLM,Random-ET OOD,0,random_et_test_00063,1.0249362423370414,31.462844612038147,0.5563204640323901,0.0028225183486938477
O02_ref3_metadata_generic_FiLM,ref3 + metadata + generic FiLM,Random-ET OOD,0,random_et_test_00064,1.0349151259403646,29.960131390266973,0.4587112829017485,0.004267466254532337
O02_ref3_metadata_generic_FiLM,ref3 + metadata + generic FiLM,Random-ET OOD,0,random_et_test_00065,1.120498877390156,27.671617777798726,0.2808216415025051,0.009230284951627254
O02_ref3_metadata_generic_FiLM,ref3 + metadata + generic FiLM,Random-ET OOD,0,random_et_test_00066,1.25192111733514,28.84924911244348,0.300384543029995,0.00971925724297762
O02_ref3_metadata_generic_FiLM,ref3 + metadata + generic FiLM,Random-ET OOD,0,random_et_test_00067,1.120576306710467,27.56327155780508,0.28968577643577353,0.008919600397348404
O02_ref3_metadata_generic_FiLM,ref3 + metadata + generic FiLM,Random-ET OOD,0,random_et_test_00068,1.2035109562224664,26.774381653280983,0.21789109041835372,0.012310409918427467
O02_ref3_metadata_generic_FiLM,ref3 + metadata + generic FiLM,Random-ET OOD,0,random_et_test_00069,1.0816756450054517,28.718285335655814,0.3797030394634171,0.006180608179420233
O02_ref3_metadata_generic_FiLM,ref3 + metadata + generic FiLM,Random-ET OOD,0,random_et_test_00070,2.1556718827685244,26.631218818849245,0.14091775584101374,0.015595119446516037
O02_ref3_metadata_generic_FiLM,ref3 + metadata + generic FiLM,Random-ET OOD,0,random_et_test_00071,1.0098787518123302,29.3059667151894,0.4340849072069436,0.003723909379914403
O02_ref3_metadata_generic_FiLM,ref3 + metadata + generic FiLM,Random-ET OOD,0,random_et_test_00072,2.3259250907478406,30.571698215462252,0.23935006339215584,0.013019949197769165
O02_ref3_metadata_generic_FiLM,ref3 + metadata + generic FiLM,Random-ET OOD,0,random_et_test_00073,1.100216541914272,27.002614985855736,0.2544209917928157,0.010276209563016891
O02_ref3_metadata_generic_FiLM,ref3 + metadata + generic FiLM,Random-ET OOD,0,random_et_test_00074,1.1065425299002116,30.67002892596704,0.4802027938747657,0.004706287756562233
O02_ref3_metadata_generic_FiLM,ref3 + metadata + generic FiLM,Random-ET OOD,0,random_et_test_00075,1.0359353599554266,28.919925810857183,0.4040682512607363,0.004779214039444923
O02_ref3_metadata_generic_FiLM,ref3 + metadata + generic FiLM,Random-ET OOD,0,random_et_test_00076,1.0523773643826082,30.153526401630756,0.4694522714882822,0.0040880958549678326
O02_ref3_metadata_generic_FiLM,ref3 + metadata + generic FiLM,Random-ET OOD,0,random_et_test_00077,1.0513130185625914,29.077707625989184,0.40195521065952355,0.005594391375780106
O02_ref3_metadata_generic_FiLM,ref3 + metadata + generic FiLM,Random-ET OOD,0,random_et_test_00078,1.0656007506145073,29.230951461382997,0.3917404286953435,0.006354758515954018
O02_ref3_metadata_generic_FiLM,ref3 + metadata + generic FiLM,Random-ET OOD,0,random_et_test_00079,1.0306478505364474,28.227647573838638,0.3675532878707878,0.005511858966201544
O02_ref3_metadata_generic_FiLM,ref3 + metadata + generic FiLM,Random-ET OOD,0,random_et_test_00080,1.2004098285963447,26.367033682750144,0.18444433257578552,0.014098230749368668
O02_ref3_metadata_generic_FiLM,ref3 + metadata + generic FiLM,Random-ET OOD,0,random_et_test_00081,1.0099073116146613,28.320183753000002,0.3910539368048806,0.005635289009660482
O02_ref3_metadata_generic_FiLM,ref3 + metadata + generic FiLM,Random-ET OOD,0,random_et_test_00082,1.6842737560685563,29.077613591244166,0.26463071871139,0.010989711619913578
O02_ref3_metadata_generic_FiLM,ref3 + metadata + generic FiLM,Random-ET OOD,0,random_et_test_00083,1.0348912399604984,30.81590660542912,0.5140749839497085,0.0035359645262360573
O02_ref3_metadata_generic_FiLM,ref3 + metadata + generic FiLM,Random-ET OOD,0,random_et_test_00084,1.1646770704873783,29.375991648776942,0.32074672648552066,0.009384687058627605
O02_ref3_metadata_generic_FiLM,ref3 + metadata + generic FiLM,Random-ET OOD,0,random_et_test_00085,1.1620854792338413,29.149430175750446,0.31382323750783586,0.009463303722441196
O02_ref3_metadata_generic_FiLM,ref3 + metadata + generic FiLM,Random-ET OOD,0,random_et_test_00086,1.2979191270732562,29.34295534058682,0.29369056703314195,0.010569147765636444
O02_ref3_metadata_generic_FiLM,ref3 + metadata + generic FiLM,Random-ET OOD,0,random_et_test_00087,1.5375779078472114,26.461967681841312,0.17732799541749789,0.013788287527859211
O02_ref3_metadata_generic_FiLM,ref3 + metadata + generic FiLM,Random-ET OOD,0,random_et_test_00088,1.0756317910543793,30.063789531416806,0.43449056326283175,0.005719924811273813
O02_ref3_metadata_generic_FiLM,ref3 + metadata + generic FiLM,Random-ET OOD,0,random_et_test_00089,1.1060998751227484,29.362214701608632,0.39834809300200164,0.006235552951693535
O02_ref3_metadata_generic_FiLM,ref3 + metadata + generic FiLM,Random-ET OOD,0,random_et_test_00090,1.1153705868859771,31.625813848649223,0.5517640714171584,0.003490388160571456
O02_ref3_metadata_generic_FiLM,ref3 + metadata + generic FiLM,Random-ET OOD,0,random_et_test_00091,1.446809950404514,27.87456875372561,0.25247581854248663,0.010293345898389816
O02_ref3_metadata_generic_FiLM,ref3 + metadata + generic FiLM,Random-ET OOD,0,random_et_test_00092,1.0244725945610866,27.160956061718196,0.3048064469780122,0.007267064414918423
O02_ref3_metadata_generic_FiLM,ref3 + metadata + generic FiLM,Random-ET OOD,0,random_et_test_00093,1.0668784860311806,29.224417417835475,0.40175785116103585,0.005995414685457945
O02_ref3_metadata_generic_FiLM,ref3 + metadata + generic FiLM,Random-ET OOD,0,random_et_test_00094,1.2790542689993913,26.879376174169927,0.20842052792208132,0.012433839030563831
O02_ref3_metadata_generic_FiLM,ref3 + metadata + generic FiLM,Random-ET OOD,0,random_et_test_00095,1.0977839223259789,26.969362331501763,0.25270643748505517,0.01022276934236288
O02_ref3_metadata_generic_FiLM,ref3 + metadata + generic FiLM,Random-ET OOD,0,random_et_test_00096,1.2733729712513795,28.426887398640595,0.29880419525283625,0.009027864784002304
O02_ref3_metadata_generic_FiLM,ref3 + metadata + generic FiLM,Random-ET OOD,0,random_et_test_00097,1.0523779507490096,28.940988706314442,0.38976035087771743,0.0058735813945531845
O02_ref3_metadata_generic_FiLM,ref3 + metadata + generic FiLM,Random-ET OOD,0,random_et_test_00098,1.1044660358383167,29.868601495099565,0.41106422404870047,0.006570730358362198
O02_ref3_metadata_generic_FiLM,ref3 + metadata + generic FiLM,Random-ET OOD,0,random_et_test_00099,1.2096958036700018,24.746828792959544,0.1353930594305382,0.018260164186358452
O02_ref3_metadata_generic_FiLM,ref3 + metadata + generic FiLM,Random-ET OOD,1,random_et_test_00000,1.0249413633845288,30.464161007182415,0.49986346158672057,0.0018150359392166138
O02_ref3_metadata_generic_FiLM,ref3 + metadata + generic FiLM,Random-ET OOD,1,random_et_test_00001,1.05359208141068,33.189199061430244,0.6489435174871911,0.001948931603692472
O02_ref3_metadata_generic_FiLM,ref3 + metadata + generic FiLM,Random-ET OOD,1,random_et_test_00002,1.0145976447496672,30.69906784554298,0.5117291260470905,0.0030587364453822374
O02_ref3_metadata_generic_FiLM,ref3 + metadata + generic FiLM,Random-ET OOD,1,random_et_test_00003,1.1143480949487483,27.024368817898647,0.30898555371547487,0.005061590112745762
O02_ref3_metadata_generic_FiLM,ref3 + metadata + generic FiLM,Random-ET OOD,1,random_et_test_00004,1.4214318207130345,26.89065661819803,0.26449644251514715,0.00827481597661972
O02_ref3_metadata_generic_FiLM,ref3 + metadata + generic FiLM,Random-ET OOD,1,random_et_test_00005,1.1054387738797742,30.10934652308883,0.45961088862427646,0.004636326339095831
O02_ref3_metadata_generic_FiLM,ref3 + metadata + generic FiLM,Random-ET OOD,1,random_et_test_00006,1.1603952760841967,30.117516838958004,0.46001837452287586,0.004273948725312948
O02_ref3_metadata_generic_FiLM,ref3 + metadata + generic FiLM,Random-ET OOD,1,random_et_test_00007,1.0152080922072542,29.534640546468847,0.44728844245480315,0.002354830503463745
O02_ref3_metadata_generic_FiLM,ref3 + metadata + generic FiLM,Random-ET OOD,1,random_et_test_00008,1.008565042439016,27.584150783118773,0.3348940366841233,0.003340314142405987
O02_ref3_metadata_generic_FiLM,ref3 + metadata + generic FiLM,Random-ET OOD,1,random_et_test_00009,1.1148485897269567,30.040783630364665,0.47728138992194735,0.0036921820137649775
O02_ref3_metadata_generic_FiLM,ref3 + metadata + generic FiLM,Random-ET OOD,1,random_et_test_00010,1.0085444378035768,28.891489777303235,0.41258987726386,0.0031731233466416597
O02_ref3_metadata_generic_FiLM,ref3 + metadata + generic FiLM,Random-ET OOD,1,random_et_test_00011,1.0497312614629062,27.28545451864648,0.32360171675040267,0.005378327332437038
O02_ref3_metadata_generic_FiLM,ref3 + metadata + generic FiLM,Random-ET OOD,1,random_et_test_00012,1.0089799161999151,28.558240556404346,0.391336334190983,0.00283692660741508
O02_ref3_metadata_generic_FiLM,ref3 + metadata + generic FiLM,Random-ET OOD,1,random_et_test_00013,1.068356157857363,31.553544571883325,0.5613937993424242,0.002265481511130929
O02_ref3_metadata_generic_FiLM,ref3 + metadata + generic FiLM,Random-ET OOD,1,random_et_test_00014,0.9987507196490985,30.45769519882821,0.4978860142008904,0.0015626156236976385
O02_ref3_metadata_generic_FiLM,ref3 + metadata + generic FiLM,Random-ET OOD,1,random_et_test_00015,0.9984996629105142,28.235799278677938,0.36784480543927645,0.0025198012590408325
O02_ref3_metadata_generic_FiLM,ref3 + metadata + generic FiLM,Random-ET OOD,1,random_et_test_00016,1.1986655208690555,27.22767965391695,0.3144406852746661,0.005794876720756292
O02_ref3_metadata_generic_FiLM,ref3 + metadata + generic FiLM,Random-ET OOD,1,random_et_test_00017,1.0865022784648863,27.462098494425057,0.3290805275097903,0.005426978692412376
O02_ref3_metadata_generic_FiLM,ref3 + metadata + generic FiLM,Random-ET OOD,1,random_et_test_00018,1.0657238542200174,27.871150118806867,0.3524450947995367,0.00482811639085412
O02_ref3_metadata_generic_FiLM,ref3 + metadata + generic FiLM,Random-ET OOD,1,random_et_test_00019,1.018259440612226,28.120411601084058,0.37936965003360323,0.0035749247763305902
O02_ref3_metadata_generic_FiLM,ref3 + metadata + generic FiLM,Random-ET OOD,1,random_et_test_00020,1.0918178377431287,28.34133427711338,0.3717875854259143,0.0052157859317958355
O02_ref3_metadata_generic_FiLM,ref3 + metadata + generic FiLM,Random-ET OOD,1,random_et_test_00021,1.0619928334539708,28.18789073156359,0.3756647015045793,0.0040925536304712296
O02_ref3_metadata_generic_FiLM,ref3 + metadata + generic FiLM,Random-ET OOD,1,random_et_test_00022,1.018169751007394,30.69046683942527,0.5127764057470239,0.002560913097113371
O02_ref3_metadata_generic_FiLM,ref3 + metadata + generic FiLM,Random-ET OOD,1,random_et_test_00023,1.0012361079568273,28.172595449585003,0.3701807675997985,0.0031535387970507145
O02_ref3_metadata_generic_FiLM,ref3 + metadata + generic FiLM,Random-ET OOD,1,random_et_test_00024,1.0755168661200825,30.784223682293472,0.5061006091641104,0.003937957808375359
O02_ref3_metadata_generic_FiLM,ref3 + metadata + generic FiLM,Random-ET OOD,1,random_et_test_00025,1.9969827571594838,24.56535741727265,0.13933886511479932,0.01308878231793642
O02_ref3_metadata_generic_FiLM,ref3 + metadata + generic FiLM,Random-ET OOD,1,random_et_test_00026,1.0091724902754609,27.612571820952784,0.3387218085701699,0.003824327839538455
O02_ref3_metadata_generic_FiLM,ref3 + metadata + generic FiLM,Random-ET OOD,1,random_et_test_00027,1.0063402716783234,30.55173174488469,0.5061795287557946,0.002286336850374937
O02_ref3_metadata_generic_FiLM,ref3 + metadata + generic FiLM,Random-ET OOD,1,random_et_test_00028,1.0013043115626736,29.45777225183731,0.4432889989359841,0.0026031513698399067
O02_ref3_metadata_generic_FiLM,ref3 + metadata + generic FiLM,Random-ET OOD,1,random_et_test_00029,0.9995726487070574,28.658618678327418,0.39171111372426415,0.0023064957931637764
O02_ref3_metadata_generic_FiLM,ref3 + metadata + generic FiLM,Random-ET OOD,1,random_et_test_00030,1.1227338938743792,27.430893534500452,0.3308205241049623,0.0051275291480124
O02_ref3_metadata_generic_FiLM,ref3 + metadata + generic FiLM,Random-ET OOD,1,random_et_test_00031,0.9908013369372112,31.530301490431793,0.5614259194323298,0.001226587686687708
O02_ref3_metadata_generic_FiLM,ref3 + metadata + generic FiLM,Random-ET OOD,1,random_et_test_00032,0.9982835258514268,29.02267561666694,0.4136210313130748,0.002071271650493145
O02_ref3_metadata_generic_FiLM,ref3 + metadata + generic FiLM,Random-ET OOD,1,random_et_test_00033,1.0060745762734171,30.909895851671596,0.5259570575568644,0.0022519694175571203
O02_ref3_metadata_generic_FiLM,ref3 + metadata + generic FiLM,Random-ET OOD,1,random_et_test_00034,1.834781701986701,28.61201855897141,0.29878868401104575,0.008123212493956089
O02_ref3_metadata_generic_FiLM,ref3 + metadata + generic FiLM,Random-ET OOD,1,random_et_test_00035,1.040230901956306,29.122116816916872,0.4285861047618397,0.0036441285628825426
O02_ref3_metadata_generic_FiLM,ref3 + metadata + generic FiLM,Random-ET OOD,1,random_et_test_00036,1.071251262293701,26.879696080445356,0.30878738461819416,0.005240022670477629
O02_ref3_metadata_generic_FiLM,ref3 + metadata + generic FiLM,Random-ET OOD,1,random_et_test_00037,0.996536006273187,27.171338561725378,0.3137395609917356,0.003421352943405509
O02_ref3_metadata_generic_FiLM,ref3 + metadata + generic FiLM,Random-ET OOD,1,random_et_test_00038,1.0004218019766915,28.456426283414768,0.3829567196523095,0.0025201519019901752
O02_ref3_metadata_generic_FiLM,ref3 + metadata + generic FiLM,Random-ET OOD,1,random_et_test_00039,0.994806094813242,29.46642325579147,0.4409771885762591,0.0019634817726910114
O02_ref3_metadata_generic_FiLM,ref3 + metadata + generic FiLM,Random-ET OOD,1,random_et_test_00040,1.0026489285503184,29.068638562079254,0.41994256240271405,0.002556757302954793
O02_ref3_metadata_generic_FiLM,ref3 + metadata + generic FiLM,Random-ET OOD,1,random_et_test_00041,1.0035859970931857,31.76822500317869,0.5752791829388406,0.0019272052450105548
O02_ref3_metadata_generic_FiLM,ref3 + metadata + generic FiLM,Random-ET OOD,1,random_et_test_00042,1.0041575542688703,27.07080153806878,0.3113048209792698,0.004065806046128273
O02_ref3_metadata_generic_FiLM,ref3 + metadata + generic FiLM,Random-ET OOD,1,random_et_test_00043,0.99894612417742,32.205987845244934,0.5985086975644567,0.0011390744475647807
O02_ref3_metadata_generic_FiLM,ref3 + metadata + generic FiLM,Random-ET OOD,1,random_et_test_00044,1.0002057304059537,29.195903410493884,0.4276573707996346,0.0026012903545051813
O02_ref3_metadata_generic_FiLM,ref3 + metadata + generic FiLM,Random-ET OOD,1,random_et_test_00045,1.0685371467042735,28.844956409957145,0.4078854707611162,0.0031398218125104904
O02_ref3_metadata_generic_FiLM,ref3 + metadata + generic FiLM,Random-ET OOD,1,random_et_test_00046,1.1556134501554172,28.805810141352563,0.4006944796119767,0.004037224687635899
O02_ref3_metadata_generic_FiLM,ref3 + metadata + generic FiLM,Random-ET OOD,1,random_et_test_00047,1.0084584863697499,27.664709912937724,0.33870490852489993,0.0031215983908623457
O02_ref3_metadata_generic_FiLM,ref3 + metadata + generic FiLM,Random-ET OOD,1,random_et_test_00048,1.0013584336896855,29.530005063492712,0.4479055123548829,0.0026566446758806705
O02_ref3_metadata_generic_FiLM,ref3 + metadata + generic FiLM,Random-ET OOD,1,random_et_test_00049,1.141364988724918,28.236495503767436,0.37228547072194007,0.0042336066253483295
O02_ref3_metadata_generic_FiLM,ref3 + metadata + generic FiLM,Random-ET OOD,1,random_et_test_00050,1.0620390442988186,28.180049484724243,0.3666954813045634,0.0051567633636295795
O02_ref3_metadata_generic_FiLM,ref3 + metadata + generic FiLM,Random-ET OOD,1,random_et_test_00051,1.0075670260173224,31.55654359990791,0.5632141528438694,0.0015043211169540882
O02_ref3_metadata_generic_FiLM,ref3 + metadata + generic FiLM,Random-ET OOD,1,random_et_test_00052,1.002000071577256,28.80326893002327,0.4041786159976508,0.0029095655772835016
O02_ref3_metadata_generic_FiLM,ref3 + metadata + generic FiLM,Random-ET OOD,1,random_et_test_00053,1.0450508220576047,26.72752641997191,0.2997760613820365,0.00619196891784668
O02_ref3_metadata_generic_FiLM,ref3 + metadata + generic FiLM,Random-ET OOD,1,random_et_test_00054,0.9963252730223526,30.792585969731896,0.5171155043570103,0.001335642416961491
O02_ref3_metadata_generic_FiLM,ref3 + metadata + generic FiLM,Random-ET OOD,1,random_et_test_00055,1.0239993317791383,30.78446806618762,0.5202209655637878,0.0025441828183829784
O02_ref3_metadata_generic_FiLM,ref3 + metadata + generic FiLM,Random-ET OOD,1,random_et_test_00056,0.9952150080292462,29.28241570979869,0.43095810926710604,0.002054675482213497
O02_ref3_metadata_generic_FiLM,ref3 + metadata + generic FiLM,Random-ET OOD,1,random_et_test_00057,1.0566219703161848,26.7059554580433,0.29421213457782547,0.00492227915674448
O02_ref3_metadata_generic_FiLM,ref3 + metadata + generic FiLM,Random-ET OOD,1,random_et_test_00058,0.9972399259470243,28.006493961985637,0.3579386615180661,0.0028514431323856115
O02_ref3_metadata_generic_FiLM,ref3 + metadata + generic FiLM,Random-ET OOD,1,random_et_test_00059,0.9972832208426343,31.50943103872295,0.5600408868023032,0.001348314923234284
O02_ref3_metadata_generic_FiLM,ref3 + metadata + generic FiLM,Random-ET OOD,1,random_et_test_00060,1.0072221224068254,27.379007883048246,0.3231547097088325,0.0031049461103975773
O02_ref3_metadata_generic_FiLM,ref3 + metadata + generic FiLM,Random-ET OOD,1,random_et_test_00061,1.150967154961352,26.278862618582593,0.272201236181189,0.007708442397415638
O02_ref3_metadata_generic_FiLM,ref3 + metadata + generic FiLM,Random-ET OOD,1,random_et_test_00062,1.0577694567896785,27.832499911496758,0.3517980008467561,0.004434189759194851
O02_ref3_metadata_generic_FiLM,ref3 + metadata + generic FiLM,Random-ET OOD,1,random_et_test_00063,0.9974798963081609,31.580771825158585,0.5624326021070124,0.0012172347633168101
O02_ref3_metadata_generic_FiLM,ref3 + metadata + generic FiLM,Random-ET OOD,1,random_et_test_00064,1.0012796015746677,30.103624757530806,0.4768522104367862,0.001729530398733914
O02_ref3_metadata_generic_FiLM,ref3 + metadata + generic FiLM,Random-ET OOD,1,random_et_test_00065,1.0284312178224275,28.043979497648486,0.3639905853235802,0.003976776730269194
O02_ref3_metadata_generic_FiLM,ref3 + metadata + generic FiLM,Random-ET OOD,1,random_et_test_00066,1.018796833550626,29.7441427696832,0.45906074043596795,0.003267965978011489
O02_ref3_metadata_generic_FiLM,ref3 + metadata + generic FiLM,Random-ET OOD,1,random_et_test_00067,1.0225310142524424,27.960921099388145,0.35862027374651767,0.003608269849792123
O02_ref3_metadata_generic_FiLM,ref3 + metadata + generic FiLM,Random-ET OOD,1,random_et_test_00068,1.0270651122042924,27.462902661491544,0.3344167411822126,0.004551277495920658
O02_ref3_metadata_generic_FiLM,ref3 + metadata + generic FiLM,Random-ET OOD,1,random_et_test_00069,0.997736407585232,29.069097584378433,0.42127519982485,0.0025768980849534273
O02_ref3_metadata_generic_FiLM,ref3 + metadata + generic FiLM,Random-ET OOD,1,random_et_test_00070,1.433587298744256,28.402804069178714,0.3305725662217537,0.00710354233160615
O02_ref3_metadata_generic_FiLM,ref3 + metadata + generic FiLM,Random-ET OOD,1,random_et_test_00071,0.9984776433029401,29.3552758992003,0.43214944723838583,0.0018429940100759268
O02_ref3_metadata_generic_FiLM,ref3 + metadata + generic FiLM,Random-ET OOD,1,random_et_test_00072,1.4084545994992412,32.750226808727724,0.5799293609988746,0.004010798409581184
O02_ref3_metadata_generic_FiLM,ref3 + metadata + generic FiLM,Random-ET OOD,1,random_et_test_00073,1.0091011550297349,27.378049639535,0.3257594169957893,0.0038813594728708267
O02_ref3_metadata_generic_FiLM,ref3 + metadata + generic FiLM,Random-ET OOD,1,random_et_test_00074,1.0164970572652121,31.03864886272889,0.5345023282849767,0.0018474260577932
O02_ref3_metadata_generic_FiLM,ref3 + metadata + generic FiLM,Random-ET OOD,1,random_et_test_00075,1.0057350963732792,29.048415956249155,0.41621382302610294,0.002145462203770876
O02_ref3_metadata_generic_FiLM,ref3 + metadata + generic FiLM,Random-ET OOD,1,random_et_test_00076,1.0004370603071735,30.373343623634383,0.4925770328431639,0.0016065948875620961
O02_ref3_metadata_generic_FiLM,ref3 + metadata + generic FiLM,Random-ET OOD,1,random_et_test_00077,1.0007589329753652,29.291733258058446,0.4294011176825555,0.002076864242553711
O02_ref3_metadata_generic_FiLM,ref3 + metadata + generic FiLM,Random-ET OOD,1,random_et_test_00078,1.0007530901853332,29.503627580222165,0.44430326141533777,0.002255290513858199
O02_ref3_metadata_generic_FiLM,ref3 + metadata + generic FiLM,Random-ET OOD,1,random_et_test_00079,1.0001535526930132,28.358083902167195,0.37409750278217996,0.002682439051568508
O02_ref3_metadata_generic_FiLM,ref3 + metadata + generic FiLM,Random-ET OOD,1,random_et_test_00080,1.0460444056796148,26.964827639114045,0.30535151544725847,0.005631520878523588
O02_ref3_metadata_generic_FiLM,ref3 + metadata + generic FiLM,Random-ET OOD,1,random_et_test_00081,0.995721776030293,28.381618891318077,0.378925104845708,0.0027122069150209427
O02_ref3_metadata_generic_FiLM,ref3 + metadata + generic FiLM,Random-ET OOD,1,random_et_test_00082,1.1573109223799047,30.70723964495075,0.4986846736911994,0.0041487147100269794
O02_ref3_metadata_generic_FiLM,ref3 + metadata + generic FiLM,Random-ET OOD,1,random_et_test_00083,1.0041169886754122,30.947010611188603,0.5259485338608416,0.0015875090612098575
O02_ref3_metadata_generic_FiLM,ref3 + metadata + generic FiLM,Random-ET OOD,1,random_et_test_00084,1.0135748426481679,29.979488679596372,0.4727642761261306,0.002788432175293565
O02_ref3_metadata_generic_FiLM,ref3 + metadata + generic FiLM,Random-ET OOD,1,random_et_test_00085,1.003949687391592,29.784691232535398,0.461222374658693,0.0024645207449793816
O02_ref3_metadata_generic_FiLM,ref3 + metadata + generic FiLM,Random-ET OOD,1,random_et_test_00086,1.0938215416481574,30.085966909220645,0.471646630199279,0.003763866610825062
O02_ref3_metadata_generic_FiLM,ref3 + metadata + generic FiLM,Random-ET OOD,1,random_et_test_00087,1.0620145994725934,28.0690343542576,0.3668045240868789,0.004435588605701923
O02_ref3_metadata_generic_FiLM,ref3 + metadata + generic FiLM,Random-ET OOD,1,random_et_test_00088,1.0015580070340704,30.37366457615736,0.49341753465140153,0.0017093392089009285
O02_ref3_metadata_generic_FiLM,ref3 + metadata + generic FiLM,Random-ET OOD,1,random_et_test_00089,1.0102116112712647,29.75603454361562,0.4610617341689991,0.002310032257810235
O02_ref3_metadata_generic_FiLM,ref3 + metadata + generic FiLM,Random-ET OOD,1,random_et_test_00090,1.0260912859355353,31.98814560937199,0.5869694527192936,0.0016808166401460767
O02_ref3_metadata_generic_FiLM,ref3 + metadata + generic FiLM,Random-ET OOD,1,random_et_test_00091,1.195217158806746,28.70421547025869,0.3874110035173892,0.00484719593077898
O02_ref3_metadata_generic_FiLM,ref3 + metadata + generic FiLM,Random-ET OOD,1,random_et_test_00092,1.0005185943343589,27.26370782988574,0.31434240858092555,0.0030060128774493933
O02_ref3_metadata_generic_FiLM,ref3 + metadata + generic FiLM,Random-ET OOD,1,random_et_test_00093,1.0270994988733222,29.389441673364992,0.44498840407764134,0.0027586796786636114
O02_ref3_metadata_generic_FiLM,ref3 + metadata + generic FiLM,Random-ET OOD,1,random_et_test_00094,1.0229302166255265,27.849805807362777,0.35421998505309493,0.004230919759720564
O02_ref3_metadata_generic_FiLM,ref3 + metadata + generic FiLM,Random-ET OOD,1,random_et_test_00095,1.0105590682933425,27.328914058970753,0.3252918676661298,0.0039516291581094265
O02_ref3_metadata_generic_FiLM,ref3 + metadata + generic FiLM,Random-ET OOD,1,random_et_test_00096,1.1699570933029726,28.794744338421783,0.3990920949965477,0.004154251888394356
O02_ref3_metadata_generic_FiLM,ref3 + metadata + generic FiLM,Random-ET OOD,1,random_et_test_00097,1.003957732905308,29.145551728782625,0.4222109866382842,0.002282362664118409
O02_ref3_metadata_generic_FiLM,ref3 + metadata + generic FiLM,Random-ET OOD,1,random_et_test_00098,1.0026522789091636,30.288621438569567,0.4906093284993217,0.0022262632846832275
O02_ref3_metadata_generic_FiLM,ref3 + metadata + generic FiLM,Random-ET OOD,1,random_et_test_00099,1.0825198892237915,25.22923167873823,0.22605399554121322,0.008233156055212021
O02_ref3_metadata_generic_FiLM,ref3 + metadata + generic FiLM,Random-ET OOD,2,random_et_test_00000,1.0418895463910387,30.392934269224074,0.49902908921147865,0.003192925127223134
O02_ref3_metadata_generic_FiLM,ref3 + metadata + generic FiLM,Random-ET OOD,2,random_et_test_00001,1.1527330466398198,32.79863632552821,0.6072750455225846,0.003320326330140233
O02_ref3_metadata_generic_FiLM,ref3 + metadata + generic FiLM,Random-ET OOD,2,random_et_test_00002,1.0708440600440554,30.46474419577531,0.4823090329124519,0.004502111114561558
O02_ref3_metadata_generic_FiLM,ref3 + metadata + generic FiLM,Random-ET OOD,2,random_et_test_00003,1.1684589418999203,26.81844307127525,0.2920365604932403,0.00636311573907733
O02_ref3_metadata_generic_FiLM,ref3 + metadata + generic FiLM,Random-ET OOD,2,random_et_test_00004,1.7961533071868865,25.874482987536123,0.17445205062543886,0.012420140206813812
O02_ref3_metadata_generic_FiLM,ref3 + metadata + generic FiLM,Random-ET OOD,2,random_et_test_00005,1.4713124109876807,28.867644590703186,0.31797287205835967,0.008297334425151348
O02_ref3_metadata_generic_FiLM,ref3 + metadata + generic FiLM,Random-ET OOD,2,random_et_test_00006,1.272224985746356,29.717937052356028,0.37445784347592764,0.0072484612464904785
O02_ref3_metadata_generic_FiLM,ref3 + metadata + generic FiLM,Random-ET OOD,2,random_et_test_00007,1.0618020217933695,29.339756122859836,0.4344420923867338,0.0035377321764826775
O02_ref3_metadata_generic_FiLM,ref3 + metadata + generic FiLM,Random-ET OOD,2,random_et_test_00008,1.02419534931587,27.51736168657178,0.33825610891704966,0.004997469950467348
O02_ref3_metadata_generic_FiLM,ref3 + metadata + generic FiLM,Random-ET OOD,2,random_et_test_00009,1.5965457772551088,28.48112859781619,0.3327197607870829,0.007479590829461813
O02_ref3_metadata_generic_FiLM,ref3 + metadata + generic FiLM,Random-ET OOD,2,random_et_test_00010,1.0342639955083388,28.7821262427316,0.4039803082903843,0.004193591419607401
O02_ref3_metadata_generic_FiLM,ref3 + metadata + generic FiLM,Random-ET OOD,2,random_et_test_00011,1.1619343779198337,26.84442002544186,0.2719383654329264,0.008476199582219124
O02_ref3_metadata_generic_FiLM,ref3 + metadata + generic FiLM,Random-ET OOD,2,random_et_test_00012,1.0551773109434524,28.363811226759893,0.3825016935910089,0.004310860764235258
O02_ref3_metadata_generic_FiLM,ref3 + metadata + generic FiLM,Random-ET OOD,2,random_et_test_00013,1.2373435719412764,30.91580182772889,0.5118728319917627,0.0036118170246481895
O02_ref3_metadata_generic_FiLM,ref3 + metadata + generic FiLM,Random-ET OOD,2,random_et_test_00014,0.9889503227702331,30.500521507557252,0.5059734048393592,0.0020813699811697006
O02_ref3_metadata_generic_FiLM,ref3 + metadata + generic FiLM,Random-ET OOD,2,random_et_test_00015,0.9975142751365178,28.24008753460261,0.3786850560900069,0.0035947051364928484
O02_ref3_metadata_generic_FiLM,ref3 + metadata + generic FiLM,Random-ET OOD,2,random_et_test_00016,1.3083110270843443,26.84754995850653,0.2717921460259827,0.007964855059981346
O02_ref3_metadata_generic_FiLM,ref3 + metadata + generic FiLM,Random-ET OOD,2,random_et_test_00017,1.196296126066372,27.044017934263906,0.2781401253623248,0.008404429070651531
O02_ref3_metadata_generic_FiLM,ref3 + metadata + generic FiLM,Random-ET OOD,2,random_et_test_00018,1.150201223226773,27.539858824239246,0.3119544350325612,0.007314808201044798
O02_ref3_metadata_generic_FiLM,ref3 + metadata + generic FiLM,Random-ET OOD,2,random_et_test_00019,1.1020122103873893,27.777131790811115,0.3540542815346922,0.0059563033282756805
O02_ref3_metadata_generic_FiLM,ref3 + metadata + generic FiLM,Random-ET OOD,2,random_et_test_00020,1.3717133021327024,27.350202728467682,0.2730119473963631,0.008606161922216415
O02_ref3_metadata_generic_FiLM,ref3 + metadata + generic FiLM,Random-ET OOD,2,random_et_test_00021,1.3923901619234764,27.01149714178188,0.29521755391247145,0.006927538197487593
O02_ref3_metadata_generic_FiLM,ref3 + metadata + generic FiLM,Random-ET OOD,2,random_et_test_00022,1.137460701210527,30.209304782017398,0.4586382868802056,0.004694772884249687
O02_ref3_metadata_generic_FiLM,ref3 + metadata + generic FiLM,Random-ET OOD,2,random_et_test_00023,1.020467386485534,28.08996934589541,0.36582820451102577,0.005204811692237854
O02_ref3_metadata_generic_FiLM,ref3 + metadata + generic FiLM,Random-ET OOD,2,random_et_test_00024,1.5605812279641844,29.167531984699657,0.3568074186509765,0.007224272470921278
O02_ref3_metadata_generic_FiLM,ref3 + metadata + generic FiLM,Random-ET OOD,2,random_et_test_00025,3.3325493683883116,22.341334767197196,0.056384943198504435,0.020977245643734932
O02_ref3_metadata_generic_FiLM,ref3 + metadata + generic FiLM,Random-ET OOD,2,random_et_test_00026,1.027129029347056,27.53597606292367,0.33838659668286797,0.005621043033897877
O02_ref3_metadata_generic_FiLM,ref3 + metadata + generic FiLM,Random-ET OOD,2,random_et_test_00027,1.036527724765387,30.423371230131117,0.49653586179834386,0.00311011029407382
O02_ref3_metadata_generic_FiLM,ref3 + metadata + generic FiLM,Random-ET OOD,2,random_et_test_00028,1.047250062737118,29.26292891777791,0.42361952151494736,0.004624119494110346
O02_ref3_metadata_generic_FiLM,ref3 + metadata + generic FiLM,Random-ET OOD,2,random_et_test_00029,0.9948883924502094,28.679018335039395,0.3972715709894193,0.002599308965727687
O02_ref3_metadata_generic_FiLM,ref3 + metadata + generic FiLM,Random-ET OOD,2,random_et_test_00030,1.26568833469219,26.91039420462909,0.2872948978394574,0.007209642790257931
O02_ref3_metadata_generic_FiLM,ref3 + metadata + generic FiLM,Random-ET OOD,2,random_et_test_00031,0.9919511333602417,31.525264549879168,0.561961389932613,0.0013865656219422817
O02_ref3_metadata_generic_FiLM,ref3 + metadata + generic FiLM,Random-ET OOD,2,random_et_test_00032,0.9940317686842923,29.041211984232437,0.4182995774649509,0.0023325164802372456
O02_ref3_metadata_generic_FiLM,ref3 + metadata + generic FiLM,Random-ET OOD,2,random_et_test_00033,1.005267017675567,30.91338313088485,0.5256888804611266,0.0028345778118819
O02_ref3_metadata_generic_FiLM,ref3 + metadata + generic FiLM,Random-ET OOD,2,random_et_test_00034,2.767043104591045,26.82770318050222,0.15003888364023024,0.013609214685857296
O02_ref3_metadata_generic_FiLM,ref3 + metadata + generic FiLM,Random-ET OOD,2,random_et_test_00035,1.3748736412142497,27.910786435572568,0.341254207081885,0.006435558665543795
O02_ref3_metadata_generic_FiLM,ref3 + metadata + generic FiLM,Random-ET OOD,2,random_et_test_00036,1.1504628920765887,26.569883464873886,0.28422273656272556,0.007303175050765276
O02_ref3_metadata_generic_FiLM,ref3 + metadata + generic FiLM,Random-ET OOD,2,random_et_test_00037,1.0042285053070634,27.137943170470965,0.31913504600992604,0.004669156391173601
O02_ref3_metadata_generic_FiLM,ref3 + metadata + generic FiLM,Random-ET OOD,2,random_et_test_00038,1.0010093256933783,28.45387639354066,0.386932592894066,0.003140792716294527
O02_ref3_metadata_generic_FiLM,ref3 + metadata + generic FiLM,Random-ET OOD,2,random_et_test_00039,0.9940514839667778,29.46971853488742,0.4446886622119353,0.00224536401219666
O02_ref3_metadata_generic_FiLM,ref3 + metadata + generic FiLM,Random-ET OOD,2,random_et_test_00040,1.0135225078547374,29.02179361510031,0.41883852126872845,0.003685301635414362
O02_ref3_metadata_generic_FiLM,ref3 + metadata + generic FiLM,Random-ET OOD,2,random_et_test_00041,1.076432336514377,31.463903666476444,0.5421326853848099,0.0038246456533670425
O02_ref3_metadata_generic_FiLM,ref3 + metadata + generic FiLM,Random-ET OOD,2,random_et_test_00042,1.0198113749543856,27.003621678263748,0.31182290920415523,0.006144991610199213
O02_ref3_metadata_generic_FiLM,ref3 + metadata + generic FiLM,Random-ET OOD,2,random_et_test_00043,0.994588836681081,32.22497289099617,0.6015934733277387,0.0018201470375061035
O02_ref3_metadata_generic_FiLM,ref3 + metadata + generic FiLM,Random-ET OOD,2,random_et_test_00044,0.9941210873665567,29.222404041709606,0.43120142028017283,0.002674731193110347
O02_ref3_metadata_generic_FiLM,ref3 + metadata + generic FiLM,Random-ET OOD,2,random_et_test_00045,1.1421248652323248,28.55571648556183,0.3864727274889416,0.004345818422734737
O02_ref3_metadata_generic_FiLM,ref3 + metadata + generic FiLM,Random-ET OOD,2,random_et_test_00046,1.2804184737197173,28.360416973983757,0.3493140846805719,0.006215881556272507
O02_ref3_metadata_generic_FiLM,ref3 + metadata + generic FiLM,Random-ET OOD,2,random_et_test_00047,1.028431176706416,27.579537857142085,0.340338247056605,0.00414895499125123
O02_ref3_metadata_generic_FiLM,ref3 + metadata + generic FiLM,Random-ET OOD,2,random_et_test_00048,1.0197214045429992,29.45108509251902,0.44282365161211007,0.003476123558357358
O02_ref3_metadata_generic_FiLM,ref3 + metadata + generic FiLM,Random-ET OOD,2,random_et_test_00049,1.2214510968853582,27.94198015816656,0.345768324812852,0.005708653014153242
O02_ref3_metadata_generic_FiLM,ref3 + metadata + generic FiLM,Random-ET OOD,2,random_et_test_00050,1.2002866043312883,27.648604546181055,0.2967372334949265,0.008395276963710785
O02_ref3_metadata_generic_FiLM,ref3 + metadata + generic FiLM,Random-ET OOD,2,random_et_test_00051,0.9987640779478335,31.594654097036752,0.5671834463753085,0.0017207541968673468
O02_ref3_metadata_generic_FiLM,ref3 + metadata + generic FiLM,Random-ET OOD,2,random_et_test_00052,0.9990005414476687,28.816289376276444,0.40980591572503916,0.0034182725939899683
O02_ref3_metadata_generic_FiLM,ref3 + metadata + generic FiLM,Random-ET OOD,2,random_et_test_00053,1.0876444302065074,26.554031028002363,0.270764357439516,0.008805363439023495
O02_ref3_metadata_generic_FiLM,ref3 + metadata + generic FiLM,Random-ET OOD,2,random_et_test_00054,0.9970213634081795,30.789552976807002,0.5181069916130553,0.001509819645434618
O02_ref3_metadata_generic_FiLM,ref3 + metadata + generic FiLM,Random-ET OOD,2,random_et_test_00055,1.0287836774043144,30.76422392325485,0.5104063424537123,0.003947072196751833
O02_ref3_metadata_generic_FiLM,ref3 + metadata + generic FiLM,Random-ET OOD,2,random_et_test_00056,0.991813086862187,29.29728686536462,0.43391254081288805,0.0021910732612013817
O02_ref3_metadata_generic_FiLM,ref3 + metadata + generic FiLM,Random-ET OOD,2,random_et_test_00057,1.1009461337882944,26.527491237713296,0.2854494384741416,0.006013167090713978
O02_ref3_metadata_generic_FiLM,ref3 + metadata + generic FiLM,Random-ET OOD,2,random_et_test_00058,1.0077808961141403,27.96082910211528,0.36447917858121165,0.003950224258005619
O02_ref3_metadata_generic_FiLM,ref3 + metadata + generic FiLM,Random-ET OOD,2,random_et_test_00059,0.9922036862684427,31.53160767862978,0.5636689014119282,0.0016684983856976032
O02_ref3_metadata_generic_FiLM,ref3 + metadata + generic FiLM,Random-ET OOD,2,random_et_test_00060,1.0079322808031563,27.375946723888106,0.32894001436972586,0.004123293794691563
O02_ref3_metadata_generic_FiLM,ref3 + metadata + generic FiLM,Random-ET OOD,2,random_et_test_00061,1.2859884363276586,25.797121527718673,0.22852053511698833,0.010503280907869339
O02_ref3_metadata_generic_FiLM,ref3 + metadata + generic FiLM,Random-ET OOD,2,random_et_test_00062,1.2094984958694215,27.25035685502619,0.30270626399281547,0.007013804279267788
O02_ref3_metadata_generic_FiLM,ref3 + metadata + generic FiLM,Random-ET OOD,2,random_et_test_00063,0.9911361153069449,31.608480204467707,0.566269712377411,0.0013603210682049394
O02_ref3_metadata_generic_FiLM,ref3 + metadata + generic FiLM,Random-ET OOD,2,random_et_test_00064,0.9975246274489644,30.119942322064833,0.4806517145078802,0.0021015394013375044
O02_ref3_metadata_generic_FiLM,ref3 + metadata + generic FiLM,Random-ET OOD,2,random_et_test_00065,1.040788653162138,27.992106709635095,0.3496643970103455,0.005775393918156624
O02_ref3_metadata_generic_FiLM,ref3 + metadata + generic FiLM,Random-ET OOD,2,random_et_test_00066,1.1223990122106544,29.323546068808337,0.416805043655878,0.0049979533068835735
O02_ref3_metadata_generic_FiLM,ref3 + metadata + generic FiLM,Random-ET OOD,2,random_et_test_00067,1.0679161028332722,27.77231452710058,0.34588344330899956,0.005474873818457127
O02_ref3_metadata_generic_FiLM,ref3 + metadata + generic FiLM,Random-ET OOD,2,random_et_test_00068,1.07029971511984,27.28382820121928,0.31499501343794767,0.006600638385862112
O02_ref3_metadata_generic_FiLM,ref3 + metadata + generic FiLM,Random-ET OOD,2,random_et_test_00069,0.9928812496131684,29.090282449707917,0.4246512347621549,0.0026695956476032734
O02_ref3_metadata_generic_FiLM,ref3 + metadata + generic FiLM,Random-ET OOD,2,random_et_test_00070,2.651421347745923,25.732257881680276,0.1441596999542236,0.013068335130810738
O02_ref3_metadata_generic_FiLM,ref3 + metadata + generic FiLM,Random-ET OOD,2,random_et_test_00071,0.9936246637222814,29.376435721172815,0.4376422838121742,0.002156541682779789
O02_ref3_metadata_generic_FiLM,ref3 + metadata + generic FiLM,Random-ET OOD,2,random_et_test_00072,1.7066732754161482,31.916151690457628,0.45428065072119245,0.006669836118817329
O02_ref3_metadata_generic_FiLM,ref3 + metadata + generic FiLM,Random-ET OOD,2,random_et_test_00073,1.0231262501403176,27.318104510473443,0.32065750967037154,0.006071814335882664
O02_ref3_metadata_generic_FiLM,ref3 + metadata + generic FiLM,Random-ET OOD,2,random_et_test_00074,1.1741347533421094,30.41253056952975,0.49230016734021764,0.0031760891433805227
O02_ref3_metadata_generic_FiLM,ref3 + metadata + generic FiLM,Random-ET OOD,2,random_et_test_00075,1.0058466684856457,29.047934344960158,0.42030698255757426,0.0027034697122871876
O02_ref3_metadata_generic_FiLM,ref3 + metadata + generic FiLM,Random-ET OOD,2,random_et_test_00076,1.0094909251507667,30.334217155560964,0.49320744519974447,0.002222348703071475
O02_ref3_metadata_generic_FiLM,ref3 + metadata + generic FiLM,Random-ET OOD,2,random_et_test_00077,1.0225974346187998,29.19798103536049,0.4281378563926581,0.0030891667120158672
O02_ref3_metadata_generic_FiLM,ref3 + metadata + generic FiLM,Random-ET OOD,2,random_et_test_00078,1.023743494366722,29.4049851639759,0.4399938456016113,0.0031830461230129004
O02_ref3_metadata_generic_FiLM,ref3 + metadata + generic FiLM,Random-ET OOD,2,random_et_test_00079,1.0025861904313862,28.34753334575941,0.37961478771996526,0.0034387733321636915
O02_ref3_metadata_generic_FiLM,ref3 + metadata + generic FiLM,Random-ET OOD,2,random_et_test_00080,1.061469338624515,26.901254500428013,0.28930443817131307,0.007474678568542004
O02_ref3_metadata_generic_FiLM,ref3 + metadata + generic FiLM,Random-ET OOD,2,random_et_test_00081,0.9924608878447616,28.39586515643054,0.38344588026766985,0.0029481130186468363
O02_ref3_metadata_generic_FiLM,ref3 + metadata + generic FiLM,Random-ET OOD,2,random_et_test_00082,1.710380760265064,29.010812065908446,0.35452253990661964,0.007006271742284298
O02_ref3_metadata_generic_FiLM,ref3 + metadata + generic FiLM,Random-ET OOD,2,random_et_test_00083,1.0110937032100726,30.916939714549358,0.5269045665187001,0.0021099294535815716
O02_ref3_metadata_generic_FiLM,ref3 + metadata + generic FiLM,Random-ET OOD,2,random_et_test_00084,1.0397382435061193,29.868806536300887,0.4572614501672553,0.004042120650410652
O02_ref3_metadata_generic_FiLM,ref3 + metadata + generic FiLM,Random-ET OOD,2,random_et_test_00085,1.045126855844181,29.610120456298155,0.4414113831018464,0.004358750302344561
O02_ref3_metadata_generic_FiLM,ref3 + metadata + generic FiLM,Random-ET OOD,2,random_et_test_00086,1.6355461394755257,28.33880380549555,0.3222061280855633,0.00712798023596406
O02_ref3_metadata_generic_FiLM,ref3 + metadata + generic FiLM,Random-ET OOD,2,random_et_test_00087,1.526543949184517,26.493245996982587,0.25197164827701224,0.008488179184496403
O02_ref3_metadata_generic_FiLM,ref3 + metadata + generic FiLM,Random-ET OOD,2,random_et_test_00088,0.9954854694193834,30.400076479113586,0.49881653612142396,0.002337720477953553
O02_ref3_metadata_generic_FiLM,ref3 + metadata + generic FiLM,Random-ET OOD,2,random_et_test_00089,1.1283714168966459,29.275637373592748,0.43169049262349074,0.00399904465302825
O02_ref3_metadata_generic_FiLM,ref3 + metadata + generic FiLM,Random-ET OOD,2,random_et_test_00090,1.0302332216359549,31.97065032157196,0.5854947750103853,0.0021087147761136293
O02_ref3_metadata_generic_FiLM,ref3 + metadata + generic FiLM,Random-ET OOD,2,random_et_test_00091,2.181339748633325,26.091450766002087,0.19265405688780216,0.010084343142807484
O02_ref3_metadata_generic_FiLM,ref3 + metadata + generic FiLM,Random-ET OOD,2,random_et_test_00092,0.9999151604958654,27.266327941536538,0.32009608689148533,0.0036011175252497196
O02_ref3_metadata_generic_FiLM,ref3 + metadata + generic FiLM,Random-ET OOD,2,random_et_test_00093,1.2985910585221467,28.37084291101587,0.3872280625804323,0.00448070140555501
O02_ref3_metadata_generic_FiLM,ref3 + metadata + generic FiLM,Random-ET OOD,2,random_et_test_00094,1.0540646048620317,27.719593572974624,0.3408692027126751,0.005680842325091362
O02_ref3_metadata_generic_FiLM,ref3 + metadata + generic FiLM,Random-ET OOD,2,random_et_test_00095,1.018940592577164,27.293042484678125,0.32163989410128724,0.005920903757214546
O02_ref3_metadata_generic_FiLM,ref3 + metadata + generic FiLM,Random-ET OOD,2,random_et_test_00096,1.317251495961559,28.279756721675714,0.34908616445158747,0.005965315271168947
O02_ref3_metadata_generic_FiLM,ref3 + metadata + generic FiLM,Random-ET OOD,2,random_et_test_00097,1.0105310466532638,29.117209212720088,0.42366143844860177,0.002995966235175729
O02_ref3_metadata_generic_FiLM,ref3 + metadata + generic FiLM,Random-ET OOD,2,random_et_test_00098,1.0045066342824547,30.28059689715215,0.4921430931100353,0.0028695587534457445
O02_ref3_metadata_generic_FiLM,ref3 + metadata + generic FiLM,Random-ET OOD,2,random_et_test_00099,1.1276434568461555,25.051872492420372,0.21908614252910072,0.008885464631021023
O02_ref3_metadata_generic_FiLM,ref3 + metadata + generic FiLM,Unseen-Parameter OOD,0,unseen_param_ood_0000,1.0070251229262002,27.05959267904534,0.3128112555322752,0.003519186284393072
O02_ref3_metadata_generic_FiLM,ref3 + metadata + generic FiLM,Unseen-Parameter OOD,0,unseen_param_ood_0001,1.0085519705858859,27.812506003610444,0.3538313583567601,0.0037618959322571754
O02_ref3_metadata_generic_FiLM,ref3 + metadata + generic FiLM,Unseen-Parameter OOD,0,unseen_param_ood_0002,1.000853682441605,26.196369621997825,0.27128907883429293,0.003893008455634117
O02_ref3_metadata_generic_FiLM,ref3 + metadata + generic FiLM,Unseen-Parameter OOD,0,unseen_param_ood_0003,1.0020287196483668,24.096356731904415,0.1727278432372889,0.0056782010942697525
O02_ref3_metadata_generic_FiLM,ref3 + metadata + generic FiLM,Unseen-Parameter OOD,0,unseen_param_ood_0004,1.0056963685706137,28.11965438176458,0.36855573670567593,0.003095317864790559
O02_ref3_metadata_generic_FiLM,ref3 + metadata + generic FiLM,Unseen-Parameter OOD,0,unseen_param_ood_0005,1.0013413029120706,25.364375161199998,0.23524865968225533,0.005205243825912476
O02_ref3_metadata_generic_FiLM,ref3 + metadata + generic FiLM,Unseen-Parameter OOD,0,unseen_param_ood_0006,1.0072320966005404,26.579846659028387,0.3097437798660644,0.004008020740002394
O02_ref3_metadata_generic_FiLM,ref3 + metadata + generic FiLM,Unseen-Parameter OOD,0,unseen_param_ood_0007,0.9995855026325627,26.78013785891519,0.30125010649213874,0.0036067862529307604
O02_ref3_metadata_generic_FiLM,ref3 + metadata + generic FiLM,Unseen-Parameter OOD,0,unseen_param_ood_0008,0.9991770977099417,24.61915741800766,0.19626141492768606,0.005440245848149061
O02_ref3_metadata_generic_FiLM,ref3 + metadata + generic FiLM,Unseen-Parameter OOD,0,unseen_param_ood_0009,1.0043823057617685,27.656875845983933,0.34701264997260145,0.0036148964427411556
O02_ref3_metadata_generic_FiLM,ref3 + metadata + generic FiLM,Unseen-Parameter OOD,0,unseen_param_ood_0010,0.9969415366841581,24.61957645622314,0.22095241976887142,0.0049759624525904655
O02_ref3_metadata_generic_FiLM,ref3 + metadata + generic FiLM,Unseen-Parameter OOD,0,unseen_param_ood_0011,0.9991880240968879,24.406203189923122,0.19105499120587818,0.005919244140386581
O02_ref3_metadata_generic_FiLM,ref3 + metadata + generic FiLM,Unseen-Parameter OOD,0,unseen_param_ood_0012,1.0009670731166527,26.21020994539763,0.27082107215484175,0.0037693476770073175
O02_ref3_metadata_generic_FiLM,ref3 + metadata + generic FiLM,Unseen-Parameter OOD,0,unseen_param_ood_0013,1.0158129862808818,28.068402726825695,0.37159918030987527,0.003626235295087099
O02_ref3_metadata_generic_FiLM,ref3 + metadata + generic FiLM,Unseen-Parameter OOD,0,unseen_param_ood_0014,1.0082660497562659,27.11679315683513,0.31782772487957683,0.0038022827357053757
O02_ref3_metadata_generic_FiLM,ref3 + metadata + generic FiLM,Unseen-Parameter OOD,0,unseen_param_ood_0015,1.0068687131885787,27.236570213908536,0.3218250640017444,0.003621654585003853
O02_ref3_metadata_generic_FiLM,ref3 + metadata + generic FiLM,Unseen-Parameter OOD,0,unseen_param_ood_0016,1.0061295346809467,27.464824471227658,0.33673072871909177,0.00381579645909369
O02_ref3_metadata_generic_FiLM,ref3 + metadata + generic FiLM,Unseen-Parameter OOD,0,unseen_param_ood_0017,1.0043104213834153,24.908017154049105,0.21011647173732154,0.00519250612705946
O02_ref3_metadata_generic_FiLM,ref3 + metadata + generic FiLM,Unseen-Parameter OOD,0,unseen_param_ood_0018,1.0049211456713758,27.795067543828978,0.3527502482730327,0.0031178041826933622
O02_ref3_metadata_generic_FiLM,ref3 + metadata + generic FiLM,Unseen-Parameter OOD,0,unseen_param_ood_0019,1.0028202685510303,26.947745414462645,0.309201118122365,0.0036141094751656055
O02_ref3_metadata_generic_FiLM,ref3 + metadata + generic FiLM,Unseen-Parameter OOD,0,unseen_param_ood_0020,1.0137683151709893,28.485155007364035,0.3915646399279145,0.0034420371521264315
O02_ref3_metadata_generic_FiLM,ref3 + metadata + generic FiLM,Unseen-Parameter OOD,0,unseen_param_ood_0021,1.000953991830354,27.507020437761973,0.3392003687592801,0.003396467538550496
O02_ref3_metadata_generic_FiLM,ref3 + metadata + generic FiLM,Unseen-Parameter OOD,0,unseen_param_ood_0022,0.9984206691423982,27.25050207777941,0.32754901638034356,0.003683079732581973
O02_ref3_metadata_generic_FiLM,ref3 + metadata + generic FiLM,Unseen-Parameter OOD,0,unseen_param_ood_0023,0.999557239366537,24.064049545424705,0.17536995983636092,0.005766816902905703
O02_ref3_metadata_generic_FiLM,ref3 + metadata + generic FiLM,Unseen-Parameter OOD,0,unseen_param_ood_0024,1.0031178284833517,27.964979453803608,0.36154296854230383,0.0030840756371617317
O02_ref3_metadata_generic_FiLM,ref3 + metadata + generic FiLM,Unseen-Parameter OOD,0,unseen_param_ood_0025,1.0060907803341848,28.500649370011217,0.39191245918465395,0.0031991139985620975
O02_ref3_metadata_generic_FiLM,ref3 + metadata + generic FiLM,Unseen-Parameter OOD,0,unseen_param_ood_0026,1.008650894155676,27.1573447530847,0.321296817619575,0.00397223187610507
O02_ref3_metadata_generic_FiLM,ref3 + metadata + generic FiLM,Unseen-Parameter OOD,0,unseen_param_ood_0027,0.9997797898109252,27.960858819234332,0.36670451114127806,0.003560659009963274
O02_ref3_metadata_generic_FiLM,ref3 + metadata + generic FiLM,Unseen-Parameter OOD,0,unseen_param_ood_0028,1.0069776773820287,28.323384138683693,0.38017411224433684,0.0030320098157972097
O02_ref3_metadata_generic_FiLM,ref3 + metadata + generic FiLM,Unseen-Parameter OOD,0,unseen_param_ood_0029,1.0091527819326926,27.475882929159745,0.3367157171489449,0.003905584802851081
O02_ref3_metadata_generic_FiLM,ref3 + metadata + generic FiLM,Unseen-Parameter OOD,0,unseen_param_ood_0030,1.0254340452363986,27.952057851451308,0.3614414656411722,0.003691244637593627
O02_ref3_metadata_generic_FiLM,ref3 + metadata + generic FiLM,Unseen-Parameter OOD,0,unseen_param_ood_0031,1.0034506010322164,25.5058701444218,0.24888680369094524,0.004865299444645643
O02_ref3_metadata_generic_FiLM,ref3 + metadata + generic FiLM,Unseen-Parameter OOD,0,unseen_param_ood_0032,0.9995675624214657,27.250950124601182,0.3258703227188542,0.0035552391782402992
O02_ref3_metadata_generic_FiLM,ref3 + metadata + generic FiLM,Unseen-Parameter OOD,0,unseen_param_ood_0033,1.0089580560979388,28.491546522430955,0.38942068382896194,0.003138476749882102
O02_ref3_metadata_generic_FiLM,ref3 + metadata + generic FiLM,Unseen-Parameter OOD,0,unseen_param_ood_0034,1.0096546742697228,26.815712891324104,0.3001233336861858,0.0038492288440465927
O02_ref3_metadata_generic_FiLM,ref3 + metadata + generic FiLM,Unseen-Parameter OOD,0,unseen_param_ood_0035,1.0032705708516578,27.90448536128059,0.3577291394920368,0.003284802893176675
O02_ref3_metadata_generic_FiLM,ref3 + metadata + generic FiLM,Unseen-Parameter OOD,0,unseen_param_ood_0036,0.9970921188956172,27.27207277611807,0.3320136499265322,0.003565979190170765
O02_ref3_metadata_generic_FiLM,ref3 + metadata + generic FiLM,Unseen-Parameter OOD,0,unseen_param_ood_0037,0.9946301432603306,26.61006260882562,0.30207464257490313,0.003735553240403533
O02_ref3_metadata_generic_FiLM,ref3 + metadata + generic FiLM,Unseen-Parameter OOD,0,unseen_param_ood_0038,1.005967435315295,26.35278920627283,0.27719840204253093,0.0037734387442469597
O02_ref3_metadata_generic_FiLM,ref3 + metadata + generic FiLM,Unseen-Parameter OOD,0,unseen_param_ood_0039,1.004556692980086,27.090714710671953,0.3179220685538677,0.003399340668693185
O02_ref3_metadata_generic_FiLM,ref3 + metadata + generic FiLM,Unseen-Parameter OOD,0,unseen_param_ood_0040,1.0022676931059287,25.11770884935002,0.217541338876089,0.005322990473359823
O02_ref3_metadata_generic_FiLM,ref3 + metadata + generic FiLM,Unseen-Parameter OOD,0,unseen_param_ood_0041,1.0032449334478801,28.79341799783019,0.4083087602156531,0.003024013713002205
O02_ref3_metadata_generic_FiLM,ref3 + metadata + generic FiLM,Unseen-Parameter OOD,0,unseen_param_ood_0042,1.0053527391372252,27.122752642076225,0.3141826306390888,0.003534323303028941
O02_ref3_metadata_generic_FiLM,ref3 + metadata + generic FiLM,Unseen-Parameter OOD,0,unseen_param_ood_0043,1.0011548978944012,27.468211136001504,0.3401148309866918,0.003849976696074009
O02_ref3_metadata_generic_FiLM,ref3 + metadata + generic FiLM,Unseen-Parameter OOD,0,unseen_param_ood_0044,1.0002470567911894,25.43623200036845,0.24153954986396856,0.005334768909960985
O02_ref3_metadata_generic_FiLM,ref3 + metadata + generic FiLM,Unseen-Parameter OOD,0,unseen_param_ood_0045,1.0028166262642049,26.934348180742912,0.3077214485043362,0.003654787316918373
O02_ref3_metadata_generic_FiLM,ref3 + metadata + generic FiLM,Unseen-Parameter OOD,0,unseen_param_ood_0046,1.0066378584073208,27.736488115832174,0.3469643923732365,0.0032039685174822807
O02_ref3_metadata_generic_FiLM,ref3 + metadata + generic FiLM,Unseen-Parameter OOD,0,unseen_param_ood_0047,1.002872334047974,26.888142435417887,0.30602680468240007,0.0037287743762135506
O02_ref3_metadata_generic_FiLM,ref3 + metadata + generic FiLM,Unseen-Parameter OOD,0,unseen_param_ood_0048,0.9983735093392281,26.934736062791703,0.31212474153264114,0.0037822723388671875
O02_ref3_metadata_generic_FiLM,ref3 + metadata + generic FiLM,Unseen-Parameter OOD,0,unseen_param_ood_0049,1.0046237763923278,25.984733053527368,0.2563995944386031,0.004449388012290001
O02_ref3_metadata_generic_FiLM,ref3 + metadata + generic FiLM,Unseen-Parameter OOD,0,unseen_param_ood_0050,1.0103807140783019,27.91084925186449,0.36167906840908776,0.0038876859471201897
O02_ref3_metadata_generic_FiLM,ref3 + metadata + generic FiLM,Unseen-Parameter OOD,0,unseen_param_ood_0051,1.0041698730413684,28.239769628397262,0.37662052068996416,0.0029676826670765877
O02_ref3_metadata_generic_FiLM,ref3 + metadata + generic FiLM,Unseen-Parameter OOD,0,unseen_param_ood_0052,1.003585984474769,26.65799038260618,0.29461389338110755,0.003667280077934265
O02_ref3_metadata_generic_FiLM,ref3 + metadata + generic FiLM,Unseen-Parameter OOD,0,unseen_param_ood_0053,1.0050454883280968,26.938250544761445,0.30952072994259283,0.00396402832120657
O02_ref3_metadata_generic_FiLM,ref3 + metadata + generic FiLM,Unseen-Parameter OOD,0,unseen_param_ood_0054,1.00397772629482,27.019425600767807,0.3119268365086007,0.003531049471348524
O02_ref3_metadata_generic_FiLM,ref3 + metadata + generic FiLM,Unseen-Parameter OOD,0,unseen_param_ood_0055,1.001173707408529,27.14304286474903,0.31952798170004065,0.003675218205899
O02_ref3_metadata_generic_FiLM,ref3 + metadata + generic FiLM,Unseen-Parameter OOD,0,unseen_param_ood_0056,1.0022212201341545,26.342625684946874,0.2841417656967835,0.004311092663556337
O02_ref3_metadata_generic_FiLM,ref3 + metadata + generic FiLM,Unseen-Parameter OOD,0,unseen_param_ood_0057,0.9998589072422883,28.06464741790036,0.3713780110857646,0.003398104337975383
O02_ref3_metadata_generic_FiLM,ref3 + metadata + generic FiLM,Unseen-Parameter OOD,0,unseen_param_ood_0058,0.9964801382124597,26.2474293181125,0.2750565675211409,0.0037951169069856405
O02_ref3_metadata_generic_FiLM,ref3 + metadata + generic FiLM,Unseen-Parameter OOD,0,unseen_param_ood_0059,1.0105083924473528,27.418305103563707,0.3365764519152962,0.003335336921736598
O02_ref3_metadata_generic_FiLM,ref3 + metadata + generic FiLM,Unseen-Parameter OOD,0,unseen_param_ood_0060,1.0030749642973873,22.924574262820006,0.13197257856849295,0.0065498435869812965
O02_ref3_metadata_generic_FiLM,ref3 + metadata + generic FiLM,Unseen-Parameter OOD,0,unseen_param_ood_0061,1.0055302184146595,27.416288121840452,0.3313146070214179,0.00346858031116426
O02_ref3_metadata_generic_FiLM,ref3 + metadata + generic FiLM,Unseen-Parameter OOD,0,unseen_param_ood_0062,1.0040327435973355,27.71218269063699,0.34944099242123544,0.0034013004042208195
O02_ref3_metadata_generic_FiLM,ref3 + metadata + generic FiLM,Unseen-Parameter OOD,0,unseen_param_ood_0063,1.0029591154423954,28.353852020525657,0.38911969475571817,0.003611988853663206
O02_ref3_metadata_generic_FiLM,ref3 + metadata + generic FiLM,Unseen-Parameter OOD,0,unseen_param_ood_0064,1.0024800696852172,26.312119605635704,0.27991923151859316,0.00415862025693059
O02_ref3_metadata_generic_FiLM,ref3 + metadata + generic FiLM,Unseen-Parameter OOD,0,unseen_param_ood_0065,1.0011614728194742,27.569187775135966,0.34377780785634066,0.0037780923303216696
O02_ref3_metadata_generic_FiLM,ref3 + metadata + generic FiLM,Unseen-Parameter OOD,0,unseen_param_ood_0066,1.0015092967779502,26.930638623492158,0.32622765354886657,0.003867519786581397
O02_ref3_metadata_generic_FiLM,ref3 + metadata + generic FiLM,Unseen-Parameter OOD,0,unseen_param_ood_0067,1.0038269368925308,27.26806522937812,0.322875080168688,0.0033702028449624777
O02_ref3_metadata_generic_FiLM,ref3 + metadata + generic FiLM,Unseen-Parameter OOD,0,unseen_param_ood_0068,1.0052769880846926,26.69728666064865,0.29711891343314584,0.003456201869994402
O02_ref3_metadata_generic_FiLM,ref3 + metadata + generic FiLM,Unseen-Parameter OOD,0,unseen_param_ood_0069,1.005761168288172,27.81819246757239,0.3547303583035814,0.0036129397340118885
O02_ref3_metadata_generic_FiLM,ref3 + metadata + generic FiLM,Unseen-Parameter OOD,0,unseen_param_ood_0070,1.001323314892209,27.761964521673224,0.3585081557738919,0.004136562813073397
O02_ref3_metadata_generic_FiLM,ref3 + metadata + generic FiLM,Unseen-Parameter OOD,0,unseen_param_ood_0071,1.0055155005543213,27.107871164297716,0.3419163248987878,0.0037388326600193977
O02_ref3_metadata_generic_FiLM,ref3 + metadata + generic FiLM,Unseen-Parameter OOD,0,unseen_param_ood_0072,1.0028775368688863,27.99805000977955,0.3648292976968165,0.0031168428249657154
O02_ref3_metadata_generic_FiLM,ref3 + metadata + generic FiLM,Unseen-Parameter OOD,0,unseen_param_ood_0073,1.0022263983382906,26.622393921060738,0.29161658997860973,0.0036803451366722584
O02_ref3_metadata_generic_FiLM,ref3 + metadata + generic FiLM,Unseen-Parameter OOD,0,unseen_param_ood_0074,1.000310115066878,28.147809967478473,0.3772283777753305,0.003725947579368949
O02_ref3_metadata_generic_FiLM,ref3 + metadata + generic FiLM,Unseen-Parameter OOD,0,unseen_param_ood_0075,1.002104774556358,27.60300360889319,0.3440373198406144,0.0036708551924675703
O02_ref3_metadata_generic_FiLM,ref3 + metadata + generic FiLM,Unseen-Parameter OOD,0,unseen_param_ood_0076,1.005152506261152,27.01545625615211,0.31103823378228307,0.00357251288369298
O02_ref3_metadata_generic_FiLM,ref3 + metadata + generic FiLM,Unseen-Parameter OOD,0,unseen_param_ood_0077,1.0041967651467816,27.52937605444864,0.33664281667464774,0.0032604308798909187
O02_ref3_metadata_generic_FiLM,ref3 + metadata + generic FiLM,Unseen-Parameter OOD,0,unseen_param_ood_0078,1.0006528203605236,26.297823590279954,0.27604958173641553,0.003801667131483555
O02_ref3_metadata_generic_FiLM,ref3 + metadata + generic FiLM,Unseen-Parameter OOD,0,unseen_param_ood_0079,0.9915753418086578,25.670883747602055,0.250012346172862,0.004614619072526693
O02_ref3_metadata_generic_FiLM,ref3 + metadata + generic FiLM,Unseen-Parameter OOD,0,unseen_param_ood_0080,1.0055364904871638,26.841654902994257,0.3045922758469927,0.00388250476680696
O02_ref3_metadata_generic_FiLM,ref3 + metadata + generic FiLM,Unseen-Parameter OOD,0,unseen_param_ood_0081,1.0015056661693433,24.46637668799003,0.19602948563889952,0.0062705157324671745
O02_ref3_metadata_generic_FiLM,ref3 + metadata + generic FiLM,Unseen-Parameter OOD,0,unseen_param_ood_0082,0.9976273471031234,27.450377616652144,0.3347846057619365,0.003428788622841239
O02_ref3_metadata_generic_FiLM,ref3 + metadata + generic FiLM,Unseen-Parameter OOD,0,unseen_param_ood_0083,1.0135552134867438,28.779246145341936,0.4043941672780359,0.003103434108197689
O02_ref3_metadata_generic_FiLM,ref3 + metadata + generic FiLM,Unseen-Parameter OOD,0,unseen_param_ood_0084,0.9993630057420463,28.00401550353314,0.36823557664068485,0.0032324360217899084
O02_ref3_metadata_generic_FiLM,ref3 + metadata + generic FiLM,Unseen-Parameter OOD,0,unseen_param_ood_0085,1.0069926201277606,27.40334490984097,0.32884542462932775,0.003299341769888997
O02_ref3_metadata_generic_FiLM,ref3 + metadata + generic FiLM,Unseen-Parameter OOD,0,unseen_param_ood_0086,1.0049641854488705,27.022415531827903,0.32105774016782457,0.004016387276351452
O02_ref3_metadata_generic_FiLM,ref3 + metadata + generic FiLM,Unseen-Parameter OOD,0,unseen_param_ood_0087,1.0216641604120875,28.55264714725336,0.3933213712261838,0.003633553860709071
O02_ref3_metadata_generic_FiLM,ref3 + metadata + generic FiLM,Unseen-Parameter OOD,0,unseen_param_ood_0088,1.003088875888169,25.618848820544294,0.24016620394533666,0.004592776298522949
O02_ref3_metadata_generic_FiLM,ref3 + metadata + generic FiLM,Unseen-Parameter OOD,0,unseen_param_ood_0089,0.997169990586138,26.949440698317307,0.3150401802868253,0.004080532118678093
O02_ref3_metadata_generic_FiLM,ref3 + metadata + generic FiLM,Unseen-Parameter OOD,0,unseen_param_ood_0090,1.0182651833569187,27.988827230735875,0.3635379602930501,0.0035560880787670612
O02_ref3_metadata_generic_FiLM,ref3 + metadata + generic FiLM,Unseen-Parameter OOD,0,unseen_param_ood_0091,1.0153813599598642,28.33721727750215,0.3828433367650264,0.0036237312015146017
O02_ref3_metadata_generic_FiLM,ref3 + metadata + generic FiLM,Unseen-Parameter OOD,0,unseen_param_ood_0092,1.0007750624071095,26.500067785411133,0.28662406500564835,0.0036362996324896812
O02_ref3_metadata_generic_FiLM,ref3 + metadata + generic FiLM,Unseen-Parameter OOD,0,unseen_param_ood_0093,1.0002260811942931,27.349385655498835,0.33819408196401823,0.004262035712599754
O02_ref3_metadata_generic_FiLM,ref3 + metadata + generic FiLM,Unseen-Parameter OOD,0,unseen_param_ood_0094,1.003678873802141,27.107492201058456,0.3173319125330589,0.0036081019788980484
O02_ref3_metadata_generic_FiLM,ref3 + metadata + generic FiLM,Unseen-Parameter OOD,0,unseen_param_ood_0095,1.0007818870213772,23.62073125825095,0.16044399053933842,0.00635041669011116
O02_ref3_metadata_generic_FiLM,ref3 + metadata + generic FiLM,Unseen-Parameter OOD,0,unseen_param_ood_0096,1.0061379166711655,27.948718930049786,0.36445709291833284,0.00356832193210721
O02_ref3_metadata_generic_FiLM,ref3 + metadata + generic FiLM,Unseen-Parameter OOD,0,unseen_param_ood_0097,1.0036068276682093,27.278086175934646,0.3273281545136881,0.0036691264249384403
O02_ref3_metadata_generic_FiLM,ref3 + metadata + generic FiLM,Unseen-Parameter OOD,0,unseen_param_ood_0098,1.0041583566772132,26.316671119189486,0.27536937722828436,0.0038830621633678675
O02_ref3_metadata_generic_FiLM,ref3 + metadata + generic FiLM,Unseen-Parameter OOD,0,unseen_param_ood_0099,1.007299945724067,27.969546512092528,0.35944434021029803,0.0032771374098956585
O02_ref3_metadata_generic_FiLM,ref3 + metadata + generic FiLM,Unseen-Parameter OOD,1,unseen_param_ood_0000,0.9942498167260645,27.11504065188265,0.3075493724089438,0.0022937210742384195
O02_ref3_metadata_generic_FiLM,ref3 + metadata + generic FiLM,Unseen-Parameter OOD,1,unseen_param_ood_0001,0.9899046383802587,27.89355537143512,0.3497036000074395,0.0021918630227446556
O02_ref3_metadata_generic_FiLM,ref3 + metadata + generic FiLM,Unseen-Parameter OOD,1,unseen_param_ood_0002,0.9950154884521922,26.221777407470274,0.2608292153208251,0.0026848088018596172
O02_ref3_metadata_generic_FiLM,ref3 + metadata + generic FiLM,Unseen-Parameter OOD,1,unseen_param_ood_0003,0.9960243684963684,24.122458843210126,0.16333334702018834,0.004580876789987087
O02_ref3_metadata_generic_FiLM,ref3 + metadata + generic FiLM,Unseen-Parameter OOD,1,unseen_param_ood_0004,0.9909402585527184,28.1838483635145,0.36503800655526153,0.0019532437436282635
O02_ref3_metadata_generic_FiLM,ref3 + metadata + generic FiLM,Unseen-Parameter OOD,1,unseen_param_ood_0005,0.9903753082430727,25.412198357960033,0.22384488143400205,0.0036007058806717396
O02_ref3_metadata_generic_FiLM,ref3 + metadata + generic FiLM,Unseen-Parameter OOD,1,unseen_param_ood_0006,0.985117147557105,26.676263325666458,0.30882737330995785,0.0024280999787151814
O02_ref3_metadata_generic_FiLM,ref3 + metadata + generic FiLM,Unseen-Parameter OOD,1,unseen_param_ood_0007,0.9935078725587156,26.806624182536687,0.29116859190467964,0.0023928338196128607
O02_ref3_metadata_generic_FiLM,ref3 + metadata + generic FiLM,Unseen-Parameter OOD,1,unseen_param_ood_0008,0.9946533315442209,24.638864798259416,0.18332298274536685,0.004218846093863249
O02_ref3_metadata_generic_FiLM,ref3 + metadata + generic FiLM,Unseen-Parameter OOD,1,unseen_param_ood_0009,0.9900570782397902,27.71926402478613,0.3405501686702568,0.0022291881032288074
O02_ref3_metadata_generic_FiLM,ref3 + metadata + generic FiLM,Unseen-Parameter OOD,1,unseen_param_ood_0010,0.9908741876811185,24.646088322139967,0.20906451674236576,0.0036781032104045153
O02_ref3_metadata_generic_FiLM,ref3 + metadata + generic FiLM,Unseen-Parameter OOD,1,unseen_param_ood_0011,0.9890649044576344,24.45042759730682,0.17974498709374687,0.004432179499417543
O02_ref3_metadata_generic_FiLM,ref3 + metadata + generic FiLM,Unseen-Parameter OOD,1,unseen_param_ood_0012,0.9948171159591808,26.236975122734442,0.2611166206222824,0.0026385656092315912
O02_ref3_metadata_generic_FiLM,ref3 + metadata + generic FiLM,Unseen-Parameter OOD,1,unseen_param_ood_0013,0.9806583324365586,28.221363053567096,0.37798400460650666,0.0019845287315547466
O02_ref3_metadata_generic_FiLM,ref3 + metadata + generic FiLM,Unseen-Parameter OOD,1,unseen_param_ood_0014,0.9932942512023292,27.18176523049415,0.3102954277638417,0.002368272515013814
O02_ref3_metadata_generic_FiLM,ref3 + metadata + generic FiLM,Unseen-Parameter OOD,1,unseen_param_ood_0015,0.9906491331725042,27.307099875325697,0.3177509470657223,0.0022786627523601055
O02_ref3_metadata_generic_FiLM,ref3 + metadata + generic FiLM,Unseen-Parameter OOD,1,unseen_param_ood_0016,0.9880337092659041,27.543645693478318,0.3324266613270678,0.0022479116450995207
O02_ref3_metadata_generic_FiLM,ref3 + metadata + generic FiLM,Unseen-Parameter OOD,1,unseen_param_ood_0017,0.9937103901687471,24.95409855081172,0.20081694696028055,0.00375822139903903
O02_ref3_metadata_generic_FiLM,ref3 + metadata + generic FiLM,Unseen-Parameter OOD,1,unseen_param_ood_0018,0.9931755718233976,27.846127021446758,0.3466649027720202,0.0019863927736878395
O02_ref3_metadata_generic_FiLM,ref3 + metadata + generic FiLM,Unseen-Parameter OOD,1,unseen_param_ood_0019,0.9922927367772749,26.993578396521308,0.3013433484745261,0.002364159096032381
O02_ref3_metadata_generic_FiLM,ref3 + metadata + generic FiLM,Unseen-Parameter OOD,1,unseen_param_ood_0020,0.9929483741963825,28.57527535983995,0.38930787203951817,0.0018733858596533537
O02_ref3_metadata_generic_FiLM,ref3 + metadata + generic FiLM,Unseen-Parameter OOD,1,unseen_param_ood_0021,0.9866003197396874,27.569749099765538,0.33465556221078246,0.0021545516792684793
O02_ref3_metadata_generic_FiLM,ref3 + metadata + generic FiLM,Unseen-Parameter OOD,1,unseen_param_ood_0022,0.9923504887199572,27.276986809402363,0.3154755584643515,0.00233816378749907
O02_ref3_metadata_generic_FiLM,ref3 + metadata + generic FiLM,Unseen-Parameter OOD,1,unseen_param_ood_0023,0.9973197080258697,24.073782222423077,0.1617136884357167,0.0045805927366018295
O02_ref3_metadata_generic_FiLM,ref3 + metadata + generic FiLM,Unseen-Parameter OOD,1,unseen_param_ood_0024,0.9923548579461037,28.011828721570076,0.3551797224106172,0.0018956849817186594
O02_ref3_metadata_generic_FiLM,ref3 + metadata + generic FiLM,Unseen-Parameter OOD,1,unseen_param_ood_0025,0.9900797406781134,28.570319082613306,0.3887336170446967,0.0017823268426582217
O02_ref3_metadata_generic_FiLM,ref3 + metadata + generic FiLM,Unseen-Parameter OOD,1,unseen_param_ood_0026,0.9909243574713175,27.234348541485915,0.31355394733057285,0.0024720211513340473
O02_ref3_metadata_generic_FiLM,ref3 + metadata + generic FiLM,Unseen-Parameter OOD,1,unseen_param_ood_0027,0.9885012846456468,28.0101298895092,0.3563241504545185,0.0021291286684572697
O02_ref3_metadata_generic_FiLM,ref3 + metadata + generic FiLM,Unseen-Parameter OOD,1,unseen_param_ood_0028,0.9885630687689589,28.40353879285577,0.3784512653814096,0.001848715590313077
O02_ref3_metadata_generic_FiLM,ref3 + metadata + generic FiLM,Unseen-Parameter OOD,1,unseen_param_ood_0029,0.9886276799336063,27.56512430819916,0.33336099620568854,0.002308954717591405
O02_ref3_metadata_generic_FiLM,ref3 + metadata + generic FiLM,Unseen-Parameter OOD,1,unseen_param_ood_0030,0.9868745052467444,28.118515685909383,0.36570771001817276,0.0020488875452429056
O02_ref3_metadata_generic_FiLM,ref3 + metadata + generic FiLM,Unseen-Parameter OOD,1,unseen_param_ood_0031,0.9942380029571288,25.545926637841617,0.2360877475139766,0.0033877643290907145
O02_ref3_metadata_generic_FiLM,ref3 + metadata + generic FiLM,Unseen-Parameter OOD,1,unseen_param_ood_0032,0.9880566672646938,27.30125314517613,0.3189843729975892,0.0022855030838400126
O02_ref3_metadata_generic_FiLM,ref3 + metadata + generic FiLM,Unseen-Parameter OOD,1,unseen_param_ood_0033,0.9908005653411942,28.570415482618337,0.3877829321588896,0.0017946851439774036
O02_ref3_metadata_generic_FiLM,ref3 + metadata + generic FiLM,Unseen-Parameter OOD,1,unseen_param_ood_0034,0.9909319925539073,26.897003137327893,0.2969404346050938,0.0024305745027959347
O02_ref3_metadata_generic_FiLM,ref3 + metadata + generic FiLM,Unseen-Parameter OOD,1,unseen_param_ood_0035,0.9935406247038514,27.946809830995036,0.34994199453010677,0.0020754996221512556
O02_ref3_metadata_generic_FiLM,ref3 + metadata + generic FiLM,Unseen-Parameter OOD,1,unseen_param_ood_0036,0.9917930702681641,27.29521492703136,0.3197605046324058,0.0021740624215453863
O02_ref3_metadata_generic_FiLM,ref3 + metadata + generic FiLM,Unseen-Parameter OOD,1,unseen_param_ood_0037,0.9885257500871792,26.636798504405586,0.29180525838498755,0.0024090316146612167
O02_ref3_metadata_generic_FiLM,ref3 + metadata + generic FiLM,Unseen-Parameter OOD,1,unseen_param_ood_0038,1.000288572873759,26.377375303269442,0.2684000851301212,0.0026648412458598614
O02_ref3_metadata_generic_FiLM,ref3 + metadata + generic FiLM,Unseen-Parameter OOD,1,unseen_param_ood_0039,0.9921669592127754,27.14461161492546,0.3131480514680788,0.0022732573561370373
O02_ref3_metadata_generic_FiLM,ref3 + metadata + generic FiLM,Unseen-Parameter OOD,1,unseen_param_ood_0040,0.9922606379608626,25.16128851669896,0.2067789668125149,0.003935032524168491
O02_ref3_metadata_generic_FiLM,ref3 + metadata + generic FiLM,Unseen-Parameter OOD,1,unseen_param_ood_0041,0.9924649395162732,28.8403361852071,0.4021661507089866,0.001731967437081039
O02_ref3_metadata_generic_FiLM,ref3 + metadata + generic FiLM,Unseen-Parameter OOD,1,unseen_param_ood_0042,0.987361502728788,27.201175310235154,0.31193715213703976,0.0023818581830710173
O02_ref3_metadata_generic_FiLM,ref3 + metadata + generic FiLM,Unseen-Parameter OOD,1,unseen_param_ood_0043,0.9892084866372431,27.520345667918797,0.33080851908764747,0.0023066180292516947
O02_ref3_metadata_generic_FiLM,ref3 + metadata + generic FiLM,Unseen-Parameter OOD,1,unseen_param_ood_0044,0.9913813852358224,25.474897142191676,0.22603156749890596,0.00357269449159503
O02_ref3_metadata_generic_FiLM,ref3 + metadata + generic FiLM,Unseen-Parameter OOD,1,unseen_param_ood_0045,0.9912610543154423,26.984682779708727,0.3010700884536919,0.002353494754061103
O02_ref3_metadata_generic_FiLM,ref3 + metadata + generic FiLM,Unseen-Parameter OOD,1,unseen_param_ood_0046,0.9899689855541781,27.809004890314796,0.3450695929424446,0.0020954173523932695
O02_ref3_metadata_generic_FiLM,ref3 + metadata + generic FiLM,Unseen-Parameter OOD,1,unseen_param_ood_0047,0.9941784867119984,26.925955056339554,0.29708197047665535,0.0023963991552591324
O02_ref3_metadata_generic_FiLM,ref3 + metadata + generic FiLM,Unseen-Parameter OOD,1,unseen_param_ood_0048,0.9919703755087531,26.962679638865133,0.30057311305587875,0.0024078930728137493
O02_ref3_metadata_generic_FiLM,ref3 + metadata + generic FiLM,Unseen-Parameter OOD,1,unseen_param_ood_0049,0.9949987814512847,26.026542072078453,0.2467491214950598,0.003185808192938566
O02_ref3_metadata_generic_FiLM,ref3 + metadata + generic FiLM,Unseen-Parameter OOD,1,unseen_param_ood_0050,0.9891391353480425,28.00312603079356,0.35780610758609505,0.0021501746959984303
O02_ref3_metadata_generic_FiLM,ref3 + metadata + generic FiLM,Unseen-Parameter OOD,1,unseen_param_ood_0051,0.9957704491264476,28.276249366359643,0.3697537069219245,0.001803680555894971
O02_ref3_metadata_generic_FiLM,ref3 + metadata + generic FiLM,Unseen-Parameter OOD,1,unseen_param_ood_0052,0.9947070391926871,26.6965843276161,0.2863296143587728,0.0024490593932569027
O02_ref3_metadata_generic_FiLM,ref3 + metadata + generic FiLM,Unseen-Parameter OOD,1,unseen_param_ood_0053,0.9886082018014088,27.00986533735094,0.3046352909701736,0.0024329551961272955
O02_ref3_metadata_generic_FiLM,ref3 + metadata + generic FiLM,Unseen-Parameter OOD,1,unseen_param_ood_0054,0.9947321399991366,27.059605009968067,0.3034370166395826,0.0023706466890871525
O02_ref3_metadata_generic_FiLM,ref3 + metadata + generic FiLM,Unseen-Parameter OOD,1,unseen_param_ood_0055,0.9893464802300337,27.194653061729134,0.3127989561794061,0.002328533446416259
O02_ref3_metadata_generic_FiLM,ref3 + metadata + generic FiLM,Unseen-Parameter OOD,1,unseen_param_ood_0056,0.9859411681658958,26.41375153250646,0.27558476965927986,0.0027146253269165754
O02_ref3_metadata_generic_FiLM,ref3 + metadata + generic FiLM,Unseen-Parameter OOD,1,unseen_param_ood_0057,0.9919456973997215,28.09915542012225,0.3609957546225061,0.002054765820503235
O02_ref3_metadata_generic_FiLM,ref3 + metadata + generic FiLM,Unseen-Parameter OOD,1,unseen_param_ood_0058,0.9949651362979924,26.25403718498803,0.26215494379951754,0.0026673360262066126
O02_ref3_metadata_generic_FiLM,ref3 + metadata + generic FiLM,Unseen-Parameter OOD,1,unseen_param_ood_0059,1.0037248614665992,27.44755771724105,0.3283506419790362,0.0022050300613045692
O02_ref3_metadata_generic_FiLM,ref3 + metadata + generic FiLM,Unseen-Parameter OOD,1,unseen_param_ood_0060,0.9960702283308894,22.955008607460456,0.1231916563602508,0.00535729480907321
O02_ref3_metadata_generic_FiLM,ref3 + metadata + generic FiLM,Unseen-Parameter OOD,1,unseen_param_ood_0061,0.9910309199849762,27.4793673645225,0.3263865487486706,0.0022132457233965397
O02_ref3_metadata_generic_FiLM,ref3 + metadata + generic FiLM,Unseen-Parameter OOD,1,unseen_param_ood_0062,0.9968707565350977,27.743272737322133,0.3397846682218839,0.002149850595742464
O02_ref3_metadata_generic_FiLM,ref3 + metadata + generic FiLM,Unseen-Parameter OOD,1,unseen_param_ood_0063,0.988395898746843,28.417375063734216,0.38180875347475085,0.0018949896330013871
O02_ref3_metadata_generic_FiLM,ref3 + metadata + generic FiLM,Unseen-Parameter OOD,1,unseen_param_ood_0064,0.9889611575267583,26.371084506026314,0.2713716975773885,0.0026780941989272833
O02_ref3_metadata_generic_FiLM,ref3 + metadata + generic FiLM,Unseen-Parameter OOD,1,unseen_param_ood_0065,0.9891679005407591,27.621528988771423,0.33558320382917667,0.0022544683888554573
O02_ref3_metadata_generic_FiLM,ref3 + metadata + generic FiLM,Unseen-Parameter OOD,1,unseen_param_ood_0066,0.99296527071056,26.967847654569205,0.31545555251663865,0.002314661629498005
O02_ref3_metadata_generic_FiLM,ref3 + metadata + generic FiLM,Unseen-Parameter OOD,1,unseen_param_ood_0067,0.9882451879947018,27.336006450448494,0.3201387342667345,0.002244104165583849
O02_ref3_metadata_generic_FiLM,ref3 + metadata + generic FiLM,Unseen-Parameter OOD,1,unseen_param_ood_0068,0.9982150472396633,26.727903093995007,0.28879576526441075,0.002443581586703658
O02_ref3_metadata_generic_FiLM,ref3 + metadata + generic FiLM,Unseen-Parameter OOD,1,unseen_param_ood_0069,0.9878437098793039,27.896258737976318,0.3503471208155674,0.00217255181632936
O02_ref3_metadata_generic_FiLM,ref3 + metadata + generic FiLM,Unseen-Parameter OOD,1,unseen_param_ood_0070,0.9859729941764972,27.829057787777383,0.3499739207207001,0.002298169769346714
O02_ref3_metadata_generic_FiLM,ref3 + metadata + generic FiLM,Unseen-Parameter OOD,1,unseen_param_ood_0071,0.9851485337347394,27.19674175252132,0.33974291704347076,0.0022500979248434305
O02_ref3_metadata_generic_FiLM,ref3 + metadata + generic FiLM,Unseen-Parameter OOD,1,unseen_param_ood_0072,0.9927048410233295,28.042327638069956,0.3573804451827494,0.0019353023963049054
O02_ref3_metadata_generic_FiLM,ref3 + metadata + generic FiLM,Unseen-Parameter OOD,1,unseen_param_ood_0073,0.9930931650784169,26.66215229982347,0.2842648331445387,0.002438737079501152
O02_ref3_metadata_generic_FiLM,ref3 + metadata + generic FiLM,Unseen-Parameter OOD,1,unseen_param_ood_0074,0.9879595707978177,28.201764783234733,0.3691209755668064,0.0020633807871490717
O02_ref3_metadata_generic_FiLM,ref3 + metadata + generic FiLM,Unseen-Parameter OOD,1,unseen_param_ood_0075,0.9921077323553739,27.646546458493695,0.33539748778003325,0.0022389560472220182
O02_ref3_metadata_generic_FiLM,ref3 + metadata + generic FiLM,Unseen-Parameter OOD,1,unseen_param_ood_0076,0.9933898979459367,27.06657861465183,0.30365206943215345,0.0023348999675363302
O02_ref3_metadata_generic_FiLM,ref3 + metadata + generic FiLM,Unseen-Parameter OOD,1,unseen_param_ood_0077,0.9957531099409137,27.56604737152623,0.3293453447111308,0.0021746084094047546
O02_ref3_metadata_generic_FiLM,ref3 + metadata + generic FiLM,Unseen-Parameter OOD,1,unseen_param_ood_0078,0.9928627720977324,26.331765413794905,0.26691227735125644,0.0026392191648483276
O02_ref3_metadata_generic_FiLM,ref3 + metadata + generic FiLM,Unseen-Parameter OOD,1,unseen_param_ood_0079,0.9928450792121387,25.665326247501387,0.23226875679757364,0.0034019018057733774
O02_ref3_metadata_generic_FiLM,ref3 + metadata + generic FiLM,Unseen-Parameter OOD,1,unseen_param_ood_0080,0.9925123960935548,26.898273752865272,0.29791617598985665,0.00244608405046165
O02_ref3_metadata_generic_FiLM,ref3 + metadata + generic FiLM,Unseen-Parameter OOD,1,unseen_param_ood_0081,0.9885848847996304,24.52277132514885,0.18340790811962976,0.004479461349546909
O02_ref3_metadata_generic_FiLM,ref3 + metadata + generic FiLM,Unseen-Parameter OOD,1,unseen_param_ood_0082,0.9952560716535419,27.460712902860518,0.32189144978527984,0.002306152367964387
O02_ref3_metadata_generic_FiLM,ref3 + metadata + generic FiLM,Unseen-Parameter OOD,1,unseen_param_ood_0083,0.9888234312874119,28.886533017436655,0.4066415651676133,0.001726085552945733
O02_ref3_metadata_generic_FiLM,ref3 + metadata + generic FiLM,Unseen-Parameter OOD,1,unseen_param_ood_0084,0.9824458663731024,28.078161916364884,0.36512147667344313,0.0019053524592891335
O02_ref3_metadata_generic_FiLM,ref3 + metadata + generic FiLM,Unseen-Parameter OOD,1,unseen_param_ood_0085,0.9906296154765337,27.474494911995254,0.32686512790513433,0.0021603405475616455
O02_ref3_metadata_generic_FiLM,ref3 + metadata + generic FiLM,Unseen-Parameter OOD,1,unseen_param_ood_0086,0.9914717876203224,27.08111791679847,0.31019051880566206,0.0025292783975601196
O02_ref3_metadata_generic_FiLM,ref3 + metadata + generic FiLM,Unseen-Parameter OOD,1,unseen_param_ood_0087,0.9854408615683335,28.70942317972295,0.3990495714682742,0.0018937507411465049
O02_ref3_metadata_generic_FiLM,ref3 + metadata + generic FiLM,Unseen-Parameter OOD,1,unseen_param_ood_0088,0.9947847840209104,25.65495155566247,0.2306673908343166,0.0033847722224891186
O02_ref3_metadata_generic_FiLM,ref3 + metadata + generic FiLM,Unseen-Parameter OOD,1,unseen_param_ood_0089,0.9857996531633022,26.999246165646724,0.3060321018618958,0.002472998108714819
O02_ref3_metadata_generic_FiLM,ref3 + metadata + generic FiLM,Unseen-Parameter OOD,1,unseen_param_ood_0090,0.9881511234416227,28.119202539847315,0.3648229953274118,0.0020216000266373158
O02_ref3_metadata_generic_FiLM,ref3 + metadata + generic FiLM,Unseen-Parameter OOD,1,unseen_param_ood_0091,0.9866277661785939,28.461975818755043,0.38574641987455127,0.001947342068888247
O02_ref3_metadata_generic_FiLM,ref3 + metadata + generic FiLM,Unseen-Parameter OOD,1,unseen_param_ood_0092,1.0011552537709183,26.498418110329442,0.27537972393886345,0.0025348947383463383
O02_ref3_metadata_generic_FiLM,ref3 + metadata + generic FiLM,Unseen-Parameter OOD,1,unseen_param_ood_0093,0.9890153474348842,27.39833726723509,0.3261627755752974,0.0023673251271247864
O02_ref3_metadata_generic_FiLM,ref3 + metadata + generic FiLM,Unseen-Parameter OOD,1,unseen_param_ood_0094,0.9917940695785581,27.159224813758502,0.3091304496207752,0.00231949333101511
O02_ref3_metadata_generic_FiLM,ref3 + metadata + generic FiLM,Unseen-Parameter OOD,1,unseen_param_ood_0095,0.9908775397740359,23.663925747345505,0.1507813115431329,0.004883229732513428
O02_ref3_metadata_generic_FiLM,ref3 + metadata + generic FiLM,Unseen-Parameter OOD,1,unseen_param_ood_0096,0.9915675059168797,28.01207119192917,0.3563981827336754,0.002062953542917967
O02_ref3_metadata_generic_FiLM,ref3 + metadata + generic FiLM,Unseen-Parameter OOD,1,unseen_param_ood_0097,0.9818911325222449,27.373089010250716,0.32627989187190826,0.0023294328711926937
O02_ref3_metadata_generic_FiLM,ref3 + metadata + generic FiLM,Unseen-Parameter OOD,1,unseen_param_ood_0098,0.9918217007720032,26.37035715690466,0.2692517086405222,0.0026312177069485188
O02_ref3_metadata_generic_FiLM,ref3 + metadata + generic FiLM,Unseen-Parameter OOD,1,unseen_param_ood_0099,0.9875862956562905,28.055384049010797,0.35839589373149416,0.0020698478911072016
O02_ref3_metadata_generic_FiLM,ref3 + metadata + generic FiLM,Unseen-Parameter OOD,2,unseen_param_ood_0000,0.988499633452166,27.140230683732295,0.31260416709427974,0.002393277594819665
O02_ref3_metadata_generic_FiLM,ref3 + metadata + generic FiLM,Unseen-Parameter OOD,2,unseen_param_ood_0001,0.9767209810699137,27.951783690052135,0.3605711802119981,0.0023709768429398537
O02_ref3_metadata_generic_FiLM,ref3 + metadata + generic FiLM,Unseen-Parameter OOD,2,unseen_param_ood_0002,0.9828499672377066,26.275203513047657,0.27045257819611634,0.0027576142456382513
O02_ref3_metadata_generic_FiLM,ref3 + metadata + generic FiLM,Unseen-Parameter OOD,2,unseen_param_ood_0003,0.9862001899190459,24.165507693512968,0.17249963942168817,0.0047148168087005615
O02_ref3_metadata_generic_FiLM,ref3 + metadata + generic FiLM,Unseen-Parameter OOD,2,unseen_param_ood_0004,0.9855816492244258,28.207397238586704,0.3704431622177213,0.002118194242939353
O02_ref3_metadata_generic_FiLM,ref3 + metadata + generic FiLM,Unseen-Parameter OOD,2,unseen_param_ood_0005,0.9902894040395634,25.412574933914343,0.22570116750902813,0.0037405695766210556
O02_ref3_metadata_generic_FiLM,ref3 + metadata + generic FiLM,Unseen-Parameter OOD,2,unseen_param_ood_0006,0.977388117635474,26.710471621490484,0.3169999615903726,0.0026551177725195885
O02_ref3_metadata_generic_FiLM,ref3 + metadata + generic FiLM,Unseen-Parameter OOD,2,unseen_param_ood_0007,0.984290431497771,26.84710471399384,0.2999903073073099,0.002575402148067951
O02_ref3_metadata_generic_FiLM,ref3 + metadata + generic FiLM,Unseen-Parameter OOD,2,unseen_param_ood_0008,0.9879143664059498,24.66838925897251,0.1895116740860996,0.004304056987166405
O02_ref3_metadata_generic_FiLM,ref3 + metadata + generic FiLM,Unseen-Parameter OOD,2,unseen_param_ood_0009,0.984054838286897,27.74567322266011,0.3462591797448445,0.0023581874556839466
O02_ref3_metadata_generic_FiLM,ref3 + metadata + generic FiLM,Unseen-Parameter OOD,2,unseen_param_ood_0010,0.9868049406135647,24.663960249608362,0.21300429618252564,0.003753534983843565
O02_ref3_metadata_generic_FiLM,ref3 + metadata + generic FiLM,Unseen-Parameter OOD,2,unseen_param_ood_0011,0.978156273991085,24.49859297246771,0.1904802889639157,0.004604493733495474
O02_ref3_metadata_generic_FiLM,ref3 + metadata + generic FiLM,Unseen-Parameter OOD,2,unseen_param_ood_0012,0.9874248178268936,26.26936725624293,0.26768714085934225,0.0027262005023658276
O02_ref3_metadata_generic_FiLM,ref3 + metadata + generic FiLM,Unseen-Parameter OOD,2,unseen_param_ood_0013,0.9832004761373623,28.210119467102047,0.37811913609095354,0.0021274059545248747
O02_ref3_metadata_generic_FiLM,ref3 + metadata + generic FiLM,Unseen-Parameter OOD,2,unseen_param_ood_0014,0.9839636729562983,27.22275384888029,0.3172177389749519,0.0024156910367310047
O02_ref3_metadata_generic_FiLM,ref3 + metadata + generic FiLM,Unseen-Parameter OOD,2,unseen_param_ood_0015,0.9818321940620273,27.345925991188036,0.3262113484283459,0.0024809876922518015
O02_ref3_metadata_generic_FiLM,ref3 + metadata + generic FiLM,Unseen-Parameter OOD,2,unseen_param_ood_0016,0.9763113361932994,27.595479916014973,0.342513993123201,0.002431197091937065
O02_ref3_metadata_generic_FiLM,ref3 + metadata + generic FiLM,Unseen-Parameter OOD,2,unseen_param_ood_0017,0.9841197304761594,24.996217327457835,0.21040382408422786,0.003939480520784855
O02_ref3_metadata_generic_FiLM,ref3 + metadata + generic FiLM,Unseen-Parameter OOD,2,unseen_param_ood_0018,0.988585979683478,27.866242957531174,0.3500271435494831,0.002024018205702305
O02_ref3_metadata_generic_FiLM,ref3 + metadata + generic FiLM,Unseen-Parameter OOD,2,unseen_param_ood_0019,0.9929562487700966,26.99067522063767,0.3032594415231258,0.0025291519705206156
O02_ref3_metadata_generic_FiLM,ref3 + metadata + generic FiLM,Unseen-Parameter OOD,2,unseen_param_ood_0020,0.9869787292665053,28.601464037955484,0.3939033535854085,0.0019550989381968975
O02_ref3_metadata_generic_FiLM,ref3 + metadata + generic FiLM,Unseen-Parameter OOD,2,unseen_param_ood_0021,0.9866467591658735,27.569544553104457,0.33662046925664757,0.0023022836539894342
O02_ref3_metadata_generic_FiLM,ref3 + metadata + generic FiLM,Unseen-Parameter OOD,2,unseen_param_ood_0022,0.9894981409784085,27.28948790226201,0.3180575745733353,0.0023909644223749638
O02_ref3_metadata_generic_FiLM,ref3 + metadata + generic FiLM,Unseen-Parameter OOD,2,unseen_param_ood_0023,0.9950417325447933,24.083713345608057,0.16501272277631418,0.004691918846219778
O02_ref3_metadata_generic_FiLM,ref3 + metadata + generic FiLM,Unseen-Parameter OOD,2,unseen_param_ood_0024,0.9821140665069308,28.056879599175282,0.3630550092922218,0.002002560533583164
O02_ref3_metadata_generic_FiLM,ref3 + metadata + generic FiLM,Unseen-Parameter OOD,2,unseen_param_ood_0025,0.9851198567360365,28.59213009057764,0.3940438025299173,0.0019829710945487022
O02_ref3_metadata_generic_FiLM,ref3 + metadata + generic FiLM,Unseen-Parameter OOD,2,unseen_param_ood_0026,0.9843313196417364,27.26334058035875,0.3197394545069509,0.002555848564952612
O02_ref3_metadata_generic_FiLM,ref3 + metadata + generic FiLM,Unseen-Parameter OOD,2,unseen_param_ood_0027,0.9823649849755484,28.03717376517582,0.3634177687942649,0.0023408918641507626
O02_ref3_metadata_generic_FiLM,ref3 + metadata + generic FiLM,Unseen-Parameter OOD,2,unseen_param_ood_0028,0.9768289357957813,28.45539736190179,0.3868183921781635,0.0019345370819792151
O02_ref3_metadata_generic_FiLM,ref3 + metadata + generic FiLM,Unseen-Parameter OOD,2,unseen_param_ood_0029,0.9791464639771015,27.606975344949284,0.34106634078198256,0.002424044767394662
O02_ref3_metadata_generic_FiLM,ref3 + metadata + generic FiLM,Unseen-Parameter OOD,2,unseen_param_ood_0030,0.9791214366070041,28.152769440146326,0.37121254768905537,0.002101643942296505
O02_ref3_metadata_generic_FiLM,ref3 + metadata + generic FiLM,Unseen-Parameter OOD,2,unseen_param_ood_0031,0.9870028050480464,25.577646204376002,0.2432968135036018,0.003528548637405038
O02_ref3_metadata_generic_FiLM,ref3 + metadata + generic FiLM,Unseen-Parameter OOD,2,unseen_param_ood_0032,0.9774230967802982,27.348245580663196,0.32800344002325704,0.0024333649780601263
O02_ref3_metadata_generic_FiLM,ref3 + metadata + generic FiLM,Unseen-Parameter OOD,2,unseen_param_ood_0033,0.9798214801934813,28.618808244661178,0.3965853282397002,0.0019748108461499214
O02_ref3_metadata_generic_FiLM,ref3 + metadata + generic FiLM,Unseen-Parameter OOD,2,unseen_param_ood_0034,0.9755136362729593,26.965108153693738,0.30889489188602537,0.0025268374010920525
O02_ref3_metadata_generic_FiLM,ref3 + metadata + generic FiLM,Unseen-Parameter OOD,2,unseen_param_ood_0035,0.9836105772750636,27.990434352968997,0.35798916590012464,0.002204873599112034
O02_ref3_metadata_generic_FiLM,ref3 + metadata + generic FiLM,Unseen-Parameter OOD,2,unseen_param_ood_0036,0.9865484898147806,27.31824111008403,0.3235401360854126,0.0022224190179258585
O02_ref3_metadata_generic_FiLM,ref3 + metadata + generic FiLM,Unseen-Parameter OOD,2,unseen_param_ood_0037,0.9744733455558253,26.698978992881646,0.30374207828964594,0.0025752948131412268
O02_ref3_metadata_generic_FiLM,ref3 + metadata + generic FiLM,Unseen-Parameter OOD,2,unseen_param_ood_0038,0.9963527145627404,26.394497408377376,0.27162245484981346,0.0027089070063084364
O02_ref3_metadata_generic_FiLM,ref3 + metadata + generic FiLM,Unseen-Parameter OOD,2,unseen_param_ood_0039,0.9829555588234709,27.185120327318636,0.321771271779057,0.0024623435456305742
O02_ref3_metadata_generic_FiLM,ref3 + metadata + generic FiLM,Unseen-Parameter OOD,2,unseen_param_ood_0040,0.9819457121369382,25.20667154638558,0.21670606845220017,0.0040861559100449085
O02_ref3_metadata_generic_FiLM,ref3 + metadata + generic FiLM,Unseen-Parameter OOD,2,unseen_param_ood_0041,0.9886449346640758,28.857084378578687,0.40577469458376464,0.0018510527443140745
O02_ref3_metadata_generic_FiLM,ref3 + metadata + generic FiLM,Unseen-Parameter OOD,2,unseen_param_ood_0042,0.9755850332410249,27.253285870808085,0.32138277222850664,0.002486358629539609
O02_ref3_metadata_generic_FiLM,ref3 + metadata + generic FiLM,Unseen-Parameter OOD,2,unseen_param_ood_0043,0.9793508698091853,27.563840773879555,0.3395586587454536,0.0024805525317788124
O02_ref3_metadata_generic_FiLM,ref3 + metadata + generic FiLM,Unseen-Parameter OOD,2,unseen_param_ood_0044,0.9871092328789876,25.493652681587534,0.23074749924216317,0.0036920392885804176
O02_ref3_metadata_generic_FiLM,ref3 + metadata + generic FiLM,Unseen-Parameter OOD,2,unseen_param_ood_0045,0.9839193563479953,27.01696856536598,0.3084961424782435,0.00254447921179235
O02_ref3_metadata_generic_FiLM,ref3 + metadata + generic FiLM,Unseen-Parameter OOD,2,unseen_param_ood_0046,0.9830914569448883,27.839281376616555,0.3515942704051438,0.0022606905549764633
O02_ref3_metadata_generic_FiLM,ref3 + metadata + generic FiLM,Unseen-Parameter OOD,2,unseen_param_ood_0047,0.9916525305080806,26.937003644433872,0.30038447705495064,0.0025122049264609814
O02_ref3_metadata_generic_FiLM,ref3 + metadata + generic FiLM,Unseen-Parameter OOD,2,unseen_param_ood_0048,0.9886545543574378,26.97722122995829,0.30430410493505894,0.002512173028662801
O02_ref3_metadata_generic_FiLM,ref3 + metadata + generic FiLM,Unseen-Parameter OOD,2,unseen_param_ood_0049,0.9845619339467144,26.072337122156966,0.2567565229304292,0.0033647259697318077
O02_ref3_metadata_generic_FiLM,ref3 + metadata + generic FiLM,Unseen-Parameter OOD,2,unseen_param_ood_0050,0.9797137244388531,28.04470784284447,0.36508892618175015,0.002262225141748786
O02_ref3_metadata_generic_FiLM,ref3 + metadata + generic FiLM,Unseen-Parameter OOD,2,unseen_param_ood_0051,0.9864722548889617,28.316992930300984,0.37734656564071234,0.0019540945068001747
O02_ref3_metadata_generic_FiLM,ref3 + metadata + generic FiLM,Unseen-Parameter OOD,2,unseen_param_ood_0052,0.9877702188690726,26.726977188469768,0.2925925439989151,0.0025635003112256527
O02_ref3_metadata_generic_FiLM,ref3 + metadata + generic FiLM,Unseen-Parameter OOD,2,unseen_param_ood_0053,0.9768794301846295,27.061698177624027,0.3150885065857516,0.0026247103232890368
O02_ref3_metadata_generic_FiLM,ref3 + metadata + generic FiLM,Unseen-Parameter OOD,2,unseen_param_ood_0054,0.9927041195503082,27.068468176757186,0.3060461674520651,0.0024349119048565626
O02_ref3_metadata_generic_FiLM,ref3 + metadata + generic FiLM,Unseen-Parameter OOD,2,unseen_param_ood_0055,0.9775434369764404,27.24677667714815,0.3232179183704345,0.0025146398693323135
O02_ref3_metadata_generic_FiLM,ref3 + metadata + generic FiLM,Unseen-Parameter OOD,2,unseen_param_ood_0056,0.981580754826423,26.433001111663135,0.27954645578189347,0.002788562560454011
O02_ref3_metadata_generic_FiLM,ref3 + metadata + generic FiLM,Unseen-Parameter OOD,2,unseen_param_ood_0057,0.9787179642355469,28.157459033624384,0.37062922452000097,0.0021511144004762173
O02_ref3_metadata_generic_FiLM,ref3 + metadata + generic FiLM,Unseen-Parameter OOD,2,unseen_param_ood_0058,0.9884448220843011,26.282591400112235,0.2679454690131909,0.002734922803938389
O02_ref3_metadata_generic_FiLM,ref3 + metadata + generic FiLM,Unseen-Parameter OOD,2,unseen_param_ood_0059,1.002876252330845,27.451230949840383,0.33150354337137783,0.002337283454835415
O02_ref3_metadata_generic_FiLM,ref3 + metadata + generic FiLM,Unseen-Parameter OOD,2,unseen_param_ood_0060,0.9838756614896377,23.008506107127157,0.13327447378309012,0.005442936439067125
O02_ref3_metadata_generic_FiLM,ref3 + metadata + generic FiLM,Unseen-Parameter OOD,2,unseen_param_ood_0061,0.9839190976737776,27.510645382525514,0.33321599946852226,0.002379955956712365
O02_ref3_metadata_generic_FiLM,ref3 + metadata + generic FiLM,Unseen-Parameter OOD,2,unseen_param_ood_0062,0.9940530140665833,27.755565866152224,0.3422845067286006,0.002218637615442276
O02_ref3_metadata_generic_FiLM,ref3 + metadata + generic FiLM,Unseen-Parameter OOD,2,unseen_param_ood_0063,0.9814877912214222,28.447835328290942,0.3887156752367838,0.002100039040669799
O02_ref3_metadata_generic_FiLM,ref3 + metadata + generic FiLM,Unseen-Parameter OOD,2,unseen_param_ood_0064,0.979304233833218,26.413700611744034,0.27936889883485405,0.0027640608604997396
O02_ref3_metadata_generic_FiLM,ref3 + metadata + generic FiLM,Unseen-Parameter OOD,2,unseen_param_ood_0065,0.9812672650298092,27.656355904316708,0.34256933403346984,0.00239703175611794
O02_ref3_metadata_generic_FiLM,ref3 + metadata + generic FiLM,Unseen-Parameter OOD,2,unseen_param_ood_0066,0.9855133913982836,27.00056292576828,0.3223118961825486,0.0024568745866417885
O02_ref3_metadata_generic_FiLM,ref3 + metadata + generic FiLM,Unseen-Parameter OOD,2,unseen_param_ood_0067,0.9788982798682112,27.377277890234957,0.32881489313984996,0.0024298871867358685
O02_ref3_metadata_generic_FiLM,ref3 + metadata + generic FiLM,Unseen-Parameter OOD,2,unseen_param_ood_0068,0.9919714428874056,26.755152663850392,0.2939622080905394,0.0025145355612039566
O02_ref3_metadata_generic_FiLM,ref3 + metadata + generic FiLM,Unseen-Parameter OOD,2,unseen_param_ood_0069,0.9778253965987753,27.940528055064412,0.35924254254193266,0.002356142271310091
O02_ref3_metadata_generic_FiLM,ref3 + metadata + generic FiLM,Unseen-Parameter OOD,2,unseen_param_ood_0070,0.9772717613959511,27.867554395450856,0.35719459758435274,0.0024357582442462444
O02_ref3_metadata_generic_FiLM,ref3 + metadata + generic FiLM,Unseen-Parameter OOD,2,unseen_param_ood_0071,0.9727926554505195,27.25155597500552,0.3504660784022355,0.002450410509482026
O02_ref3_metadata_generic_FiLM,ref3 + metadata + generic FiLM,Unseen-Parameter OOD,2,unseen_param_ood_0072,0.9862837467425019,28.070510296406322,0.3633343671582055,0.0020317176822572947
O02_ref3_metadata_generic_FiLM,ref3 + metadata + generic FiLM,Unseen-Parameter OOD,2,unseen_param_ood_0073,0.985016363961044,26.697618001035103,0.2919533260126685,0.0026029476430267096
O02_ref3_metadata_generic_FiLM,ref3 + metadata + generic FiLM,Unseen-Parameter OOD,2,unseen_param_ood_0074,0.9742612603212808,28.262402046799586,0.3796502622202152,0.0022199521772563457
O02_ref3_metadata_generic_FiLM,ref3 + metadata + generic FiLM,Unseen-Parameter OOD,2,unseen_param_ood_0075,0.9823932535112009,27.68928103453753,0.343390519218719,0.0023662683088332415
O02_ref3_metadata_generic_FiLM,ref3 + metadata + generic FiLM,Unseen-Parameter OOD,2,unseen_param_ood_0076,0.9849832616439892,27.10348751387885,0.31069724082911426,0.0024315372575074434
O02_ref3_metadata_generic_FiLM,ref3 + metadata + generic FiLM,Unseen-Parameter OOD,2,unseen_param_ood_0077,0.9909922630354173,27.586861372663584,0.3334558530576391,0.002282528905197978
O02_ref3_metadata_generic_FiLM,ref3 + metadata + generic FiLM,Unseen-Parameter OOD,2,unseen_param_ood_0078,0.9866449672082553,26.359048729511095,0.27244930238449855,0.0027139519806951284
O02_ref3_metadata_generic_FiLM,ref3 + metadata + generic FiLM,Unseen-Parameter OOD,2,unseen_param_ood_0079,0.9711734064032921,25.761173394512046,0.25101360768364483,0.00356176751665771
O02_ref3_metadata_generic_FiLM,ref3 + metadata + generic FiLM,Unseen-Parameter OOD,2,unseen_param_ood_0080,0.9836428149721698,26.93725889015878,0.3049283776489885,0.002515001455321908
O02_ref3_metadata_generic_FiLM,ref3 + metadata + generic FiLM,Unseen-Parameter OOD,2,unseen_param_ood_0081,0.982793777837047,24.548286842085997,0.19094551054298994,0.004710286855697632
O02_ref3_metadata_generic_FiLM,ref3 + metadata + generic FiLM,Unseen-Parameter OOD,2,unseen_param_ood_0082,0.9875010436075683,27.49468543887359,0.3283120740862802,0.0023717540316283703
O02_ref3_metadata_generic_FiLM,ref3 + metadata + generic FiLM,Unseen-Parameter OOD,2,unseen_param_ood_0083,0.9800137883269552,28.92539848664784,0.4138112852020536,0.0018962942995131016
O02_ref3_metadata_generic_FiLM,ref3 + metadata + generic FiLM,Unseen-Parameter OOD,2,unseen_param_ood_0084,0.9818987392476838,28.080581345831725,0.36706114285167774,0.0020287600345909595
O02_ref3_metadata_generic_FiLM,ref3 + metadata + generic FiLM,Unseen-Parameter OOD,2,unseen_param_ood_0085,0.9800796709243371,27.520994134054586,0.33605888581289506,0.002334737218916416
O02_ref3_metadata_generic_FiLM,ref3 + metadata + generic FiLM,Unseen-Parameter OOD,2,unseen_param_ood_0086,0.9814776875922527,27.125117107832445,0.3170674905627366,0.002539912471547723
O02_ref3_metadata_generic_FiLM,ref3 + metadata + generic FiLM,Unseen-Parameter OOD,2,unseen_param_ood_0087,0.9732262925106095,28.76359045615841,0.4091124076376374,0.0021241633221507072
O02_ref3_metadata_generic_FiLM,ref3 + metadata + generic FiLM,Unseen-Parameter OOD,2,unseen_param_ood_0088,0.9883531755404211,25.683121342727677,0.2374023106909671,0.003529559588059783
O02_ref3_metadata_generic_FiLM,ref3 + metadata + generic FiLM,Unseen-Parameter OOD,2,unseen_param_ood_0089,0.9824168234047058,27.014174791763974,0.30975820053360614,0.0026006537955254316
O02_ref3_metadata_generic_FiLM,ref3 + metadata + generic FiLM,Unseen-Parameter OOD,2,unseen_param_ood_0090,0.9848447378069777,28.133758540179784,0.36809537570380796,0.002082682913169265
O02_ref3_metadata_generic_FiLM,ref3 + metadata + generic FiLM,Unseen-Parameter OOD,2,unseen_param_ood_0091,0.98596496758845,28.464894376202857,0.38706346778511247,0.0020594317466020584
O02_ref3_metadata_generic_FiLM,ref3 + metadata + generic FiLM,Unseen-Parameter OOD,2,unseen_param_ood_0092,0.9930921622353451,26.53353721024841,0.28010103491348676,0.0025744736194610596
O02_ref3_metadata_generic_FiLM,ref3 + metadata + generic FiLM,Unseen-Parameter OOD,2,unseen_param_ood_0093,0.9837118844047067,27.421688157818316,0.3308576108490523,0.0024721601512283087
O02_ref3_metadata_generic_FiLM,ref3 + metadata + generic FiLM,Unseen-Parameter OOD,2,unseen_param_ood_0094,0.9868739404828853,27.180823112693552,0.31442882302024733,0.0024342061951756477
O02_ref3_metadata_generic_FiLM,ref3 + metadata + generic FiLM,Unseen-Parameter OOD,2,unseen_param_ood_0095,0.9850595375182601,23.689500579171764,0.15749041452337098,0.005060969851911068
O02_ref3_metadata_generic_FiLM,ref3 + metadata + generic FiLM,Unseen-Parameter OOD,2,unseen_param_ood_0096,0.9841435421426032,28.044709454363073,0.3636204978813073,0.0022423313930630684
O02_ref3_metadata_generic_FiLM,ref3 + metadata + generic FiLM,Unseen-Parameter OOD,2,unseen_param_ood_0097,0.979329476915244,27.38443399068334,0.33001033030411336,0.0024869705084711313
O02_ref3_metadata_generic_FiLM,ref3 + metadata + generic FiLM,Unseen-Parameter OOD,2,unseen_param_ood_0098,0.9807403239447946,26.41915296531741,0.27808762033942463,0.002701530233025551
O02_ref3_metadata_generic_FiLM,ref3 + metadata + generic FiLM,Unseen-Parameter OOD,2,unseen_param_ood_0099,0.975527435272281,28.108739720381315,0.36897077978743925,0.002288578310981393
O03_ref3_metadata_RSB_FiLM_R04,ref3 + metadata + RSB-FiLM R04,Leave-One-Family-Out OOD,0,leave_one_family_out_ood_0000,1.0091540009991329,31.235986420213266,0.5489462566984696,0.002118369098752737
O03_ref3_metadata_RSB_FiLM_R04,ref3 + metadata + RSB-FiLM R04,Leave-One-Family-Out OOD,0,leave_one_family_out_ood_0001,1.0143934417052445,31.501945790416777,0.5624579344503741,0.0019949544221162796
O03_ref3_metadata_RSB_FiLM_R04,ref3 + metadata + RSB-FiLM R04,Leave-One-Family-Out OOD,0,leave_one_family_out_ood_0002,1.0293429429712964,30.75900297486982,0.5182860199582947,0.0025182152166962624
O03_ref3_metadata_RSB_FiLM_R04,ref3 + metadata + RSB-FiLM R04,Leave-One-Family-Out OOD,0,leave_one_family_out_ood_0003,1.0119640279158788,31.88756061424815,0.5839946280963567,0.001700953464023769
O03_ref3_metadata_RSB_FiLM_R04,ref3 + metadata + RSB-FiLM R04,Leave-One-Family-Out OOD,0,leave_one_family_out_ood_0004,1.033693053016384,31.089575947681187,0.5505618821722912,0.002789128804579377
O03_ref3_metadata_RSB_FiLM_R04,ref3 + metadata + RSB-FiLM R04,Leave-One-Family-Out OOD,0,leave_one_family_out_ood_0005,1.0133547118288948,30.61613840121946,0.5110756072442572,0.0022809880319982767
O03_ref3_metadata_RSB_FiLM_R04,ref3 + metadata + RSB-FiLM R04,Leave-One-Family-Out OOD,0,leave_one_family_out_ood_0006,1.0273511594788562,31.074999828325367,0.5404069041139896,0.002172226319089532
O03_ref3_metadata_RSB_FiLM_R04,ref3 + metadata + RSB-FiLM R04,Leave-One-Family-Out OOD,0,leave_one_family_out_ood_0007,1.015373086327351,31.512531530733465,0.5634193626410641,0.0020109950564801693
O03_ref3_metadata_RSB_FiLM_R04,ref3 + metadata + RSB-FiLM R04,Leave-One-Family-Out OOD,0,leave_one_family_out_ood_0008,1.0140463453816326,31.087885398401074,0.5377342407300403,0.0018349902238696814
O03_ref3_metadata_RSB_FiLM_R04,ref3 + metadata + RSB-FiLM R04,Leave-One-Family-Out OOD,0,leave_one_family_out_ood_0009,1.0470756923570828,31.84685500443417,0.580099909375635,0.002253439975902438
O03_ref3_metadata_RSB_FiLM_R04,ref3 + metadata + RSB-FiLM R04,Leave-One-Family-Out OOD,0,leave_one_family_out_ood_0010,1.0174347593859001,32.040304735030894,0.6187230769513038,0.0016677480889484286
O03_ref3_metadata_RSB_FiLM_R04,ref3 + metadata + RSB-FiLM R04,Leave-One-Family-Out OOD,0,leave_one_family_out_ood_0011,1.021387833173697,31.510356193438835,0.5632917650753227,0.0022488234099000692
O03_ref3_metadata_RSB_FiLM_R04,ref3 + metadata + RSB-FiLM R04,Leave-One-Family-Out OOD,0,leave_one_family_out_ood_0012,1.0143262013872698,30.930823754481835,0.531094759356844,0.00224366900511086
O03_ref3_metadata_RSB_FiLM_R04,ref3 + metadata + RSB-FiLM R04,Leave-One-Family-Out OOD,0,leave_one_family_out_ood_0013,1.0249747094357213,31.163629170876384,0.5439205302768887,0.002167867263779044
O03_ref3_metadata_RSB_FiLM_R04,ref3 + metadata + RSB-FiLM R04,Leave-One-Family-Out OOD,0,leave_one_family_out_ood_0014,1.0324008950559131,32.084345820525996,0.5923492562674089,0.0019218898378312588
O03_ref3_metadata_RSB_FiLM_R04,ref3 + metadata + RSB-FiLM R04,Leave-One-Family-Out OOD,0,leave_one_family_out_ood_0015,1.0257070190437714,30.527864632328114,0.552271286647419,0.002465612720698118
O03_ref3_metadata_RSB_FiLM_R04,ref3 + metadata + RSB-FiLM R04,Leave-One-Family-Out OOD,0,leave_one_family_out_ood_0016,1.0363957117163114,31.24319865679422,0.5497754189530109,0.0029648561030626297
O03_ref3_metadata_RSB_FiLM_R04,ref3 + metadata + RSB-FiLM R04,Leave-One-Family-Out OOD,0,leave_one_family_out_ood_0017,1.0200772275374146,30.807209207065934,0.5245957368636994,0.002777497051283717
O03_ref3_metadata_RSB_FiLM_R04,ref3 + metadata + RSB-FiLM R04,Leave-One-Family-Out OOD,0,leave_one_family_out_ood_0018,1.009355197850653,32.040770804004474,0.5941493073498795,0.002015885431319475
O03_ref3_metadata_RSB_FiLM_R04,ref3 + metadata + RSB-FiLM R04,Leave-One-Family-Out OOD,0,leave_one_family_out_ood_0019,1.0170873812099648,31.41957134028198,0.5597437014329247,0.0020114437211304903
O03_ref3_metadata_RSB_FiLM_R04,ref3 + metadata + RSB-FiLM R04,Leave-One-Family-Out OOD,0,leave_one_family_out_ood_0020,1.0225755801717886,31.933893970662233,0.5869952184055506,0.0020813338924199343
O03_ref3_metadata_RSB_FiLM_R04,ref3 + metadata + RSB-FiLM R04,Leave-One-Family-Out OOD,0,leave_one_family_out_ood_0021,1.0224018413029128,32.052963622102205,0.5946316739010152,0.0019469053950160742
O03_ref3_metadata_RSB_FiLM_R04,ref3 + metadata + RSB-FiLM R04,Leave-One-Family-Out OOD,0,leave_one_family_out_ood_0022,1.0230047114550154,31.428448040237626,0.5571851109163295,0.0022951799910515547
O03_ref3_metadata_RSB_FiLM_R04,ref3 + metadata + RSB-FiLM R04,Leave-One-Family-Out OOD,0,leave_one_family_out_ood_0023,1.0255060447700128,31.855861709411553,0.5806660477285435,0.0020850365981459618
O03_ref3_metadata_RSB_FiLM_R04,ref3 + metadata + RSB-FiLM R04,Leave-One-Family-Out OOD,0,leave_one_family_out_ood_0024,1.0432303332155208,30.497633267926485,0.5053761063887727,0.002948773792013526
O03_ref3_metadata_RSB_FiLM_R04,ref3 + metadata + RSB-FiLM R04,Leave-One-Family-Out OOD,0,leave_one_family_out_ood_0025,1.0412090850551696,31.35491068468052,0.5520027605904758,0.002521115355193615
O03_ref3_metadata_RSB_FiLM_R04,ref3 + metadata + RSB-FiLM R04,Leave-One-Family-Out OOD,0,leave_one_family_out_ood_0026,1.0133541718903916,30.356605736610113,0.4978290036394434,0.0023476106580346823
O03_ref3_metadata_RSB_FiLM_R04,ref3 + metadata + RSB-FiLM R04,Leave-One-Family-Out OOD,0,leave_one_family_out_ood_0027,1.0128107329729357,31.190539306403714,0.5456306900221537,0.0020919800736010075
O03_ref3_metadata_RSB_FiLM_R04,ref3 + metadata + RSB-FiLM R04,Leave-One-Family-Out OOD,0,leave_one_family_out_ood_0028,1.0193305678885745,32.70044485940758,0.6284966554459499,0.0018863683799281716
O03_ref3_metadata_RSB_FiLM_R04,ref3 + metadata + RSB-FiLM R04,Leave-One-Family-Out OOD,0,leave_one_family_out_ood_0029,1.040639051712723,31.396427931561817,0.5542400195764695,0.0021635096054524183
O03_ref3_metadata_RSB_FiLM_R04,ref3 + metadata + RSB-FiLM R04,Leave-One-Family-Out OOD,0,leave_one_family_out_ood_0030,1.010444610246441,31.213068042121247,0.5452155620488294,0.001774817705154419
O03_ref3_metadata_RSB_FiLM_R04,ref3 + metadata + RSB-FiLM R04,Leave-One-Family-Out OOD,0,leave_one_family_out_ood_0031,1.0202027508929155,32.20225467038861,0.6036236637872556,0.001994122052565217
O03_ref3_metadata_RSB_FiLM_R04,ref3 + metadata + RSB-FiLM R04,Leave-One-Family-Out OOD,0,leave_one_family_out_ood_0032,1.0418697797952188,31.93339680681226,0.5826399166557793,0.002582745859399438
O03_ref3_metadata_RSB_FiLM_R04,ref3 + metadata + RSB-FiLM R04,Leave-One-Family-Out OOD,0,leave_one_family_out_ood_0033,1.0181493158602941,31.44198464329749,0.5631151134742456,0.002526580821722746
O03_ref3_metadata_RSB_FiLM_R04,ref3 + metadata + RSB-FiLM R04,Leave-One-Family-Out OOD,0,leave_one_family_out_ood_0034,1.050706892697728,31.839412629924748,0.5776691144037337,0.002452623564749956
O03_ref3_metadata_RSB_FiLM_R04,ref3 + metadata + RSB-FiLM R04,Leave-One-Family-Out OOD,0,leave_one_family_out_ood_0035,1.0218027390096684,31.12257827894873,0.5378482323203317,0.0017254101112484932
O03_ref3_metadata_RSB_FiLM_R04,ref3 + metadata + RSB-FiLM R04,Leave-One-Family-Out OOD,0,leave_one_family_out_ood_0036,1.0214180273706694,31.646773474758664,0.5700796508684115,0.001975476974621415
O03_ref3_metadata_RSB_FiLM_R04,ref3 + metadata + RSB-FiLM R04,Leave-One-Family-Out OOD,0,leave_one_family_out_ood_0037,0.9958457941544158,31.021652733547903,0.5411046697002694,0.002156808041036129
O03_ref3_metadata_RSB_FiLM_R04,ref3 + metadata + RSB-FiLM R04,Leave-One-Family-Out OOD,0,leave_one_family_out_ood_0038,1.018715990730655,31.435262957292366,0.5598380235761421,0.0023461715318262577
O03_ref3_metadata_RSB_FiLM_R04,ref3 + metadata + RSB-FiLM R04,Leave-One-Family-Out OOD,0,leave_one_family_out_ood_0039,1.0156519946389333,30.8560698308548,0.5269432679227427,0.0023970322217792273
O03_ref3_metadata_RSB_FiLM_R04,ref3 + metadata + RSB-FiLM R04,Leave-One-Family-Out OOD,0,leave_one_family_out_ood_0040,1.0078313818540028,31.82975067654747,0.5835197466215355,0.001805896870791912
O03_ref3_metadata_RSB_FiLM_R04,ref3 + metadata + RSB-FiLM R04,Leave-One-Family-Out OOD,0,leave_one_family_out_ood_0041,1.044420133377058,32.1853227145431,0.5970299319380369,0.0026046554557979107
O03_ref3_metadata_RSB_FiLM_R04,ref3 + metadata + RSB-FiLM R04,Leave-One-Family-Out OOD,0,leave_one_family_out_ood_0042,1.011345236487456,30.87061066056313,0.5262731722048648,0.0021364036947488785
O03_ref3_metadata_RSB_FiLM_R04,ref3 + metadata + RSB-FiLM R04,Leave-One-Family-Out OOD,0,leave_one_family_out_ood_0043,1.03098301345453,31.53165839484954,0.5653357643954199,0.002384578576311469
O03_ref3_metadata_RSB_FiLM_R04,ref3 + metadata + RSB-FiLM R04,Leave-One-Family-Out OOD,0,leave_one_family_out_ood_0044,1.0246372521879117,32.07970929582552,0.5928716151489842,0.0017719411989673972
O03_ref3_metadata_RSB_FiLM_R04,ref3 + metadata + RSB-FiLM R04,Leave-One-Family-Out OOD,0,leave_one_family_out_ood_0045,1.0457144691845692,30.188356683810607,0.5269975432216568,0.0027576966676861048
O03_ref3_metadata_RSB_FiLM_R04,ref3 + metadata + RSB-FiLM R04,Leave-One-Family-Out OOD,0,leave_one_family_out_ood_0046,1.0366193913789228,31.402606757473237,0.5534820038423657,0.0026728694792836905
O03_ref3_metadata_RSB_FiLM_R04,ref3 + metadata + RSB-FiLM R04,Leave-One-Family-Out OOD,0,leave_one_family_out_ood_0047,1.042721760924248,30.626667417176847,0.5103275543938088,0.0028266687877476215
O03_ref3_metadata_RSB_FiLM_R04,ref3 + metadata + RSB-FiLM R04,Leave-One-Family-Out OOD,0,leave_one_family_out_ood_0048,1.0216695443935966,31.953596236166113,0.5880445328546947,0.0020448046270757914
O03_ref3_metadata_RSB_FiLM_R04,ref3 + metadata + RSB-FiLM R04,Leave-One-Family-Out OOD,0,leave_one_family_out_ood_0049,1.0162762126315048,31.392707127600218,0.5564118681082699,0.0020734192803502083
O03_ref3_metadata_RSB_FiLM_R04,ref3 + metadata + RSB-FiLM R04,Leave-One-Family-Out OOD,0,leave_one_family_out_ood_0050,1.0209787591709805,32.722173856879486,0.6313014598806889,0.0018068751087412238
O03_ref3_metadata_RSB_FiLM_R04,ref3 + metadata + RSB-FiLM R04,Leave-One-Family-Out OOD,0,leave_one_family_out_ood_0051,1.0426491706543592,31.389739953904044,0.5663164505270346,0.0025469798129051924
O03_ref3_metadata_RSB_FiLM_R04,ref3 + metadata + RSB-FiLM R04,Leave-One-Family-Out OOD,0,leave_one_family_out_ood_0052,1.0050125562065506,30.320042451648057,0.497964110922527,0.002196298912167549
O03_ref3_metadata_RSB_FiLM_R04,ref3 + metadata + RSB-FiLM R04,Leave-One-Family-Out OOD,0,leave_one_family_out_ood_0053,1.0240837000106584,31.331248053114837,0.5557164795597359,0.0023644703906029463
O03_ref3_metadata_RSB_FiLM_R04,ref3 + metadata + RSB-FiLM R04,Leave-One-Family-Out OOD,0,leave_one_family_out_ood_0054,1.015978765374139,32.16085131015468,0.6022347108563835,0.002111815381795168
O03_ref3_metadata_RSB_FiLM_R04,ref3 + metadata + RSB-FiLM R04,Leave-One-Family-Out OOD,0,leave_one_family_out_ood_0055,1.0136339396365752,31.176833513380835,0.5454965402353573,0.0021480396389961243
O03_ref3_metadata_RSB_FiLM_R04,ref3 + metadata + RSB-FiLM R04,Leave-One-Family-Out OOD,0,leave_one_family_out_ood_0056,1.0315348505894564,30.84312691002387,0.5644687849158881,0.001928499317727983
O03_ref3_metadata_RSB_FiLM_R04,ref3 + metadata + RSB-FiLM R04,Leave-One-Family-Out OOD,0,leave_one_family_out_ood_0057,1.028708177931826,30.827678436449844,0.5268892951249953,0.0026727383956313133
O03_ref3_metadata_RSB_FiLM_R04,ref3 + metadata + RSB-FiLM R04,Leave-One-Family-Out OOD,0,leave_one_family_out_ood_0058,1.0099567531882838,31.09459640289838,0.5403247303734225,0.0019219769164919853
O03_ref3_metadata_RSB_FiLM_R04,ref3 + metadata + RSB-FiLM R04,Leave-One-Family-Out OOD,0,leave_one_family_out_ood_0059,1.0260834281355045,31.762615529462977,0.5754576069493744,0.001816196832805872
O03_ref3_metadata_RSB_FiLM_R04,ref3 + metadata + RSB-FiLM R04,Leave-One-Family-Out OOD,0,leave_one_family_out_ood_0060,1.0369096938923337,32.34829152313622,0.607914629714239,0.0022826995700597763
O03_ref3_metadata_RSB_FiLM_R04,ref3 + metadata + RSB-FiLM R04,Leave-One-Family-Out OOD,0,leave_one_family_out_ood_0061,1.0385078198082138,31.064426048329214,0.5363613082773766,0.0024348527658730745
O03_ref3_metadata_RSB_FiLM_R04,ref3 + metadata + RSB-FiLM R04,Leave-One-Family-Out OOD,0,leave_one_family_out_ood_0062,1.02052574133952,30.87407835070615,0.540358050116254,0.0023249501828104258
O03_ref3_metadata_RSB_FiLM_R04,ref3 + metadata + RSB-FiLM R04,Leave-One-Family-Out OOD,0,leave_one_family_out_ood_0063,1.0403632221215247,31.795289097853747,0.5812806218200487,0.0023161089047789574
O03_ref3_metadata_RSB_FiLM_R04,ref3 + metadata + RSB-FiLM R04,Leave-One-Family-Out OOD,0,leave_one_family_out_ood_0064,1.0421668723401611,32.914781505156874,0.63893234555766,0.0019639763049781322
O03_ref3_metadata_RSB_FiLM_R04,ref3 + metadata + RSB-FiLM R04,Leave-One-Family-Out OOD,0,leave_one_family_out_ood_0065,1.0365118855064421,31.850212283247245,0.5811039782688865,0.002247729804366827
O03_ref3_metadata_RSB_FiLM_R04,ref3 + metadata + RSB-FiLM R04,Leave-One-Family-Out OOD,0,leave_one_family_out_ood_0066,1.0256688925234991,31.390656435614414,0.5551827375981709,0.0024142893962562084
O03_ref3_metadata_RSB_FiLM_R04,ref3 + metadata + RSB-FiLM R04,Leave-One-Family-Out OOD,0,leave_one_family_out_ood_0067,1.0526809509519297,30.926787935896023,0.5272264397432486,0.0028520887717604637
O03_ref3_metadata_RSB_FiLM_R04,ref3 + metadata + RSB-FiLM R04,Leave-One-Family-Out OOD,0,leave_one_family_out_ood_0068,1.0245331291947517,30.83715074752825,0.5220010784700155,0.0018003839068114758
O03_ref3_metadata_RSB_FiLM_R04,ref3 + metadata + RSB-FiLM R04,Leave-One-Family-Out OOD,0,leave_one_family_out_ood_0069,1.0149841993895206,31.054994907356974,0.536258550346522,0.0019624680280685425
O03_ref3_metadata_RSB_FiLM_R04,ref3 + metadata + RSB-FiLM R04,Leave-One-Family-Out OOD,0,leave_one_family_out_ood_0070,1.0290885483585717,31.59688011458971,0.5668375344942845,0.0023851278237998486
O03_ref3_metadata_RSB_FiLM_R04,ref3 + metadata + RSB-FiLM R04,Leave-One-Family-Out OOD,0,leave_one_family_out_ood_0071,1.0311686012272128,30.692667234267667,0.5162992250657266,0.0025013117119669914
O03_ref3_metadata_RSB_FiLM_R04,ref3 + metadata + RSB-FiLM R04,Leave-One-Family-Out OOD,0,leave_one_family_out_ood_0072,1.0169516349418388,31.349655958796568,0.5554111957124805,0.002079827943816781
O03_ref3_metadata_RSB_FiLM_R04,ref3 + metadata + RSB-FiLM R04,Leave-One-Family-Out OOD,0,leave_one_family_out_ood_0073,1.012600677069962,31.411449165166914,0.5602097208363814,0.0025269559118896723
O03_ref3_metadata_RSB_FiLM_R04,ref3 + metadata + RSB-FiLM R04,Leave-One-Family-Out OOD,0,leave_one_family_out_ood_0074,1.0333129341511778,31.375778941598842,0.5547353612302346,0.002693398855626583
O03_ref3_metadata_RSB_FiLM_R04,ref3 + metadata + RSB-FiLM R04,Leave-One-Family-Out OOD,0,leave_one_family_out_ood_0075,1.0116564597588504,31.31892242023808,0.5568392341318217,0.002678758231922984
O03_ref3_metadata_RSB_FiLM_R04,ref3 + metadata + RSB-FiLM R04,Leave-One-Family-Out OOD,0,leave_one_family_out_ood_0076,1.0184933255490587,30.823402689236275,0.5218798119234891,0.001968803582713008
O03_ref3_metadata_RSB_FiLM_R04,ref3 + metadata + RSB-FiLM R04,Leave-One-Family-Out OOD,0,leave_one_family_out_ood_0077,1.031600070099165,30.783526037401113,0.5219910039982554,0.0023526137229055166
O03_ref3_metadata_RSB_FiLM_R04,ref3 + metadata + RSB-FiLM R04,Leave-One-Family-Out OOD,0,leave_one_family_out_ood_0078,1.0293799550558016,32.16366238612289,0.5990333599120089,0.0020861562807112932
O03_ref3_metadata_RSB_FiLM_R04,ref3 + metadata + RSB-FiLM R04,Leave-One-Family-Out OOD,0,leave_one_family_out_ood_0079,1.0229222888163434,30.7443605512973,0.5181380234243513,0.002294313395395875
O03_ref3_metadata_RSB_FiLM_R04,ref3 + metadata + RSB-FiLM R04,Leave-One-Family-Out OOD,0,leave_one_family_out_ood_0080,1.0141234057258608,30.24301366661946,0.4938143739393774,0.0024728956632316113
O03_ref3_metadata_RSB_FiLM_R04,ref3 + metadata + RSB-FiLM R04,Leave-One-Family-Out OOD,0,leave_one_family_out_ood_0081,1.0100100924376683,31.270783060976747,0.5526415268964887,0.002168188104405999
O03_ref3_metadata_RSB_FiLM_R04,ref3 + metadata + RSB-FiLM R04,Leave-One-Family-Out OOD,0,leave_one_family_out_ood_0082,1.0145882164039342,30.277548328951823,0.4996682902805308,0.002811357844620943
O03_ref3_metadata_RSB_FiLM_R04,ref3 + metadata + RSB-FiLM R04,Leave-One-Family-Out OOD,0,leave_one_family_out_ood_0083,1.0153683570287069,31.6052391373583,0.5729885463027031,0.0023506400175392628
O03_ref3_metadata_RSB_FiLM_R04,ref3 + metadata + RSB-FiLM R04,Leave-One-Family-Out OOD,0,leave_one_family_out_ood_0084,1.023184170574083,31.223628437345713,0.5987077200323149,0.0021839842665940523
O03_ref3_metadata_RSB_FiLM_R04,ref3 + metadata + RSB-FiLM R04,Leave-One-Family-Out OOD,0,leave_one_family_out_ood_0085,1.0157392936587304,32.15852405666944,0.5997328669744635,0.0018734005279839039
O03_ref3_metadata_RSB_FiLM_R04,ref3 + metadata + RSB-FiLM R04,Leave-One-Family-Out OOD,0,leave_one_family_out_ood_0086,1.0369456008693518,31.881187560909826,0.5816121289293994,0.0022465726360678673
O03_ref3_metadata_RSB_FiLM_R04,ref3 + metadata + RSB-FiLM R04,Leave-One-Family-Out OOD,0,leave_one_family_out_ood_0087,1.0101830270610066,31.812601014420213,0.5809838160579743,0.001857744064182043
O03_ref3_metadata_RSB_FiLM_R04,ref3 + metadata + RSB-FiLM R04,Leave-One-Family-Out OOD,0,leave_one_family_out_ood_0088,1.0365266832194602,31.27939545970377,0.5473417753849542,0.0025497046299278736
O03_ref3_metadata_RSB_FiLM_R04,ref3 + metadata + RSB-FiLM R04,Leave-One-Family-Out OOD,0,leave_one_family_out_ood_0089,1.0428544131844728,30.991135738201084,0.529249739965865,0.0026479000225663185
O03_ref3_metadata_RSB_FiLM_R04,ref3 + metadata + RSB-FiLM R04,Leave-One-Family-Out OOD,0,leave_one_family_out_ood_0090,1.0160260816146571,31.234307660612085,0.5469339366148895,0.002101830206811428
O03_ref3_metadata_RSB_FiLM_R04,ref3 + metadata + RSB-FiLM R04,Leave-One-Family-Out OOD,0,leave_one_family_out_ood_0091,1.015844861623442,31.843353463255465,0.5829164991479681,0.0020314704161137342
O03_ref3_metadata_RSB_FiLM_R04,ref3 + metadata + RSB-FiLM R04,Leave-One-Family-Out OOD,0,leave_one_family_out_ood_0092,1.0282841033187744,30.90109889255031,0.5267081126997663,0.002696988172829151
O03_ref3_metadata_RSB_FiLM_R04,ref3 + metadata + RSB-FiLM R04,Leave-One-Family-Out OOD,0,leave_one_family_out_ood_0093,1.0167408622885412,30.71125300219328,0.5165789165964711,0.002083203289657831
O03_ref3_metadata_RSB_FiLM_R04,ref3 + metadata + RSB-FiLM R04,Leave-One-Family-Out OOD,0,leave_one_family_out_ood_0094,1.0462667208046499,32.32102571282502,0.6084355011347148,0.00237917248159647
O03_ref3_metadata_RSB_FiLM_R04,ref3 + metadata + RSB-FiLM R04,Leave-One-Family-Out OOD,0,leave_one_family_out_ood_0095,1.0130780084363977,31.28408909730144,0.5502424844485272,0.0019333302043378353
O03_ref3_metadata_RSB_FiLM_R04,ref3 + metadata + RSB-FiLM R04,Leave-One-Family-Out OOD,0,leave_one_family_out_ood_0096,1.0263187803789346,31.547713013226698,0.5640893386395732,0.0024004087317734957
O03_ref3_metadata_RSB_FiLM_R04,ref3 + metadata + RSB-FiLM R04,Leave-One-Family-Out OOD,0,leave_one_family_out_ood_0097,1.0179467900080323,30.995331648708145,0.5368026451538216,0.0023262391332536936
O03_ref3_metadata_RSB_FiLM_R04,ref3 + metadata + RSB-FiLM R04,Leave-One-Family-Out OOD,0,leave_one_family_out_ood_0098,1.0351670648005125,32.36646722976283,0.6087355435379445,0.0018679631175473332
O03_ref3_metadata_RSB_FiLM_R04,ref3 + metadata + RSB-FiLM R04,Leave-One-Family-Out OOD,0,leave_one_family_out_ood_0099,1.030972637884657,31.837649259122784,0.581934436573064,0.0023227485362440348
O03_ref3_metadata_RSB_FiLM_R04,ref3 + metadata + RSB-FiLM R04,Leave-One-Family-Out OOD,1,leave_one_family_out_ood_0000,0.9876724836675529,31.3294312857782,0.5520459311129813,0.0013385199708864093
O03_ref3_metadata_RSB_FiLM_R04,ref3 + metadata + RSB-FiLM R04,Leave-One-Family-Out OOD,1,leave_one_family_out_ood_0001,0.9931173151782459,31.594004539849596,0.5654072361798955,0.001276650233194232
O03_ref3_metadata_RSB_FiLM_R04,ref3 + metadata + RSB-FiLM R04,Leave-One-Family-Out OOD,1,leave_one_family_out_ood_0002,0.9977356684234212,30.89444901722632,0.5273677975952225,0.0016209414461627603
O03_ref3_metadata_RSB_FiLM_R04,ref3 + metadata + RSB-FiLM R04,Leave-One-Family-Out OOD,1,leave_one_family_out_ood_0003,0.9880906353334796,31.991243282559264,0.5880474461701178,0.0011506853625178337
O03_ref3_metadata_RSB_FiLM_R04,ref3 + metadata + RSB-FiLM R04,Leave-One-Family-Out OOD,1,leave_one_family_out_ood_0004,0.9915243094947601,31.270458155709502,0.5638485299892414,0.0016600097296759486
O03_ref3_metadata_RSB_FiLM_R04,ref3 + metadata + RSB-FiLM R04,Leave-One-Family-Out OOD,1,leave_one_family_out_ood_0005,0.9913064060642034,30.711674077934706,0.5162385873252682,0.0016052601858973503
O03_ref3_metadata_RSB_FiLM_R04,ref3 + metadata + RSB-FiLM R04,Leave-One-Family-Out OOD,1,leave_one_family_out_ood_0006,0.9895681344747908,31.23773205072634,0.5463093738950833,0.001289888983592391
O03_ref3_metadata_RSB_FiLM_R04,ref3 + metadata + RSB-FiLM R04,Leave-One-Family-Out OOD,1,leave_one_family_out_ood_0007,0.9892824116820257,31.62558522308149,0.5684995953479673,0.0013256124220788479
O03_ref3_metadata_RSB_FiLM_R04,ref3 + metadata + RSB-FiLM R04,Leave-One-Family-Out OOD,1,leave_one_family_out_ood_0008,0.9925552041853843,31.180916524394846,0.54156616481018,0.0012886355398222804
O03_ref3_metadata_RSB_FiLM_R04,ref3 + metadata + RSB-FiLM R04,Leave-One-Family-Out OOD,1,leave_one_family_out_ood_0009,0.9968739100238402,32.060233378258204,0.5945944877930567,0.001380554516799748
O03_ref3_metadata_RSB_FiLM_R04,ref3 + metadata + RSB-FiLM R04,Leave-One-Family-Out OOD,1,leave_one_family_out_ood_0010,0.9988699739404677,32.1202809606858,0.621010864357148,0.0010582964168861508
O03_ref3_metadata_RSB_FiLM_R04,ref3 + metadata + RSB-FiLM R04,Leave-One-Family-Out OOD,1,leave_one_family_out_ood_0011,0.9881744612659445,31.653926715346184,0.570809252617548,0.0013414376880973577
O03_ref3_metadata_RSB_FiLM_R04,ref3 + metadata + RSB-FiLM R04,Leave-One-Family-Out OOD,1,leave_one_family_out_ood_0012,0.9924420608865258,31.025548505046533,0.5332078529826174,0.0014012445462867618
O03_ref3_metadata_RSB_FiLM_R04,ref3 + metadata + RSB-FiLM R04,Leave-One-Family-Out OOD,1,leave_one_family_out_ood_0013,0.9809752285578325,31.354180337459624,0.5540979045922232,0.0013341663870960474
O03_ref3_metadata_RSB_FiLM_R04,ref3 + metadata + RSB-FiLM R04,Leave-One-Family-Out OOD,1,leave_one_family_out_ood_0014,0.9837238787571244,32.294097212618496,0.6062009068374595,0.0011711502447724342
O03_ref3_metadata_RSB_FiLM_R04,ref3 + metadata + RSB-FiLM R04,Leave-One-Family-Out OOD,1,leave_one_family_out_ood_0015,0.9941844086603103,30.663428268946067,0.5606837404806185,0.0015041959704831243
O03_ref3_metadata_RSB_FiLM_R04,ref3 + metadata + RSB-FiLM R04,Leave-One-Family-Out OOD,1,leave_one_family_out_ood_0016,0.9852209592767434,31.46311829143102,0.5625992952731231,0.0015262423548847437
O03_ref3_metadata_RSB_FiLM_R04,ref3 + metadata + RSB-FiLM R04,Leave-One-Family-Out OOD,1,leave_one_family_out_ood_0017,0.9875831529932844,30.94780325486111,0.531549129032242,0.00157923495862633
O03_ref3_metadata_RSB_FiLM_R04,ref3 + metadata + RSB-FiLM R04,Leave-One-Family-Out OOD,1,leave_one_family_out_ood_0018,0.9849502273350472,32.14706809131152,0.5976700857650669,0.0012784120626747608
O03_ref3_metadata_RSB_FiLM_R04,ref3 + metadata + RSB-FiLM R04,Leave-One-Family-Out OOD,1,leave_one_family_out_ood_0019,0.9913193208011108,31.53101819098716,0.5636662755116029,0.0013019514735788107
O03_ref3_metadata_RSB_FiLM_R04,ref3 + metadata + RSB-FiLM R04,Leave-One-Family-Out OOD,1,leave_one_family_out_ood_0020,0.9947764184422763,32.05359310511048,0.5913411369939555,0.0012498712167143822
O03_ref3_metadata_RSB_FiLM_R04,ref3 + metadata + RSB-FiLM R04,Leave-One-Family-Out OOD,1,leave_one_family_out_ood_0021,0.9832429202847693,32.22257138955815,0.6026016616551169,0.0011911076726391912
O03_ref3_metadata_RSB_FiLM_R04,ref3 + metadata + RSB-FiLM R04,Leave-One-Family-Out OOD,1,leave_one_family_out_ood_0022,0.992259689263709,31.560970886505277,0.5645836420230946,0.001341529074124992
O03_ref3_metadata_RSB_FiLM_R04,ref3 + metadata + RSB-FiLM R04,Leave-One-Family-Out OOD,1,leave_one_family_out_ood_0023,0.9846047633611837,32.03262436586616,0.5923631226078553,0.0013194014318287373
O03_ref3_metadata_RSB_FiLM_R04,ref3 + metadata + RSB-FiLM R04,Leave-One-Family-Out OOD,1,leave_one_family_out_ood_0024,0.9823637976596791,30.758711851765188,0.5232060678065896,0.0016874471912160516
O03_ref3_metadata_RSB_FiLM_R04,ref3 + metadata + RSB-FiLM R04,Leave-One-Family-Out OOD,1,leave_one_family_out_ood_0025,1.001934996900016,31.521894758901666,0.5621862973372819,0.0015110403764992952
O03_ref3_metadata_RSB_FiLM_R04,ref3 + metadata + RSB-FiLM R04,Leave-One-Family-Out OOD,1,leave_one_family_out_ood_0026,0.989418796107278,30.46041673752086,0.5017590145353972,0.0014915929641574621
O03_ref3_metadata_RSB_FiLM_R04,ref3 + metadata + RSB-FiLM R04,Leave-One-Family-Out OOD,1,leave_one_family_out_ood_0027,0.992026883900408,31.280587914091225,0.5477203506354846,0.0013473433209583163
O03_ref3_metadata_RSB_FiLM_R04,ref3 + metadata + RSB-FiLM R04,Leave-One-Family-Out OOD,1,leave_one_family_out_ood_0028,0.9973480725349017,32.79512783260357,0.631929048277417,0.0011480430839583278
O03_ref3_metadata_RSB_FiLM_R04,ref3 + metadata + RSB-FiLM R04,Leave-One-Family-Out OOD,1,leave_one_family_out_ood_0029,0.9885385955941981,31.61949304041731,0.568672233274122,0.0012273052707314491
O03_ref3_metadata_RSB_FiLM_R04,ref3 + metadata + RSB-FiLM R04,Leave-One-Family-Out OOD,1,leave_one_family_out_ood_0030,0.9880733095136522,31.310301429478706,0.5491981213907278,0.0012441682629287243
O03_ref3_metadata_RSB_FiLM_R04,ref3 + metadata + RSB-FiLM R04,Leave-One-Family-Out OOD,1,leave_one_family_out_ood_0031,0.9863641510934337,32.34874692192267,0.6092625214798654,0.001153398654423654
O03_ref3_metadata_RSB_FiLM_R04,ref3 + metadata + RSB-FiLM R04,Leave-One-Family-Out OOD,1,leave_one_family_out_ood_0032,0.9926558435889946,32.1435442167496,0.5982286527592325,0.001519013661891222
O03_ref3_metadata_RSB_FiLM_R04,ref3 + metadata + RSB-FiLM R04,Leave-One-Family-Out OOD,1,leave_one_family_out_ood_0033,0.9925580452789604,31.55254005501071,0.5644731639706345,0.0014587839832529426
O03_ref3_metadata_RSB_FiLM_R04,ref3 + metadata + RSB-FiLM R04,Leave-One-Family-Out OOD,1,leave_one_family_out_ood_0034,0.9851448520844388,32.11922737600928,0.5980278418032071,0.001407136209309101
O03_ref3_metadata_RSB_FiLM_R04,ref3 + metadata + RSB-FiLM R04,Leave-One-Family-Out OOD,1,leave_one_family_out_ood_0035,0.9932482317513719,31.245671181347102,0.5442791438018881,0.0012315715430304408
O03_ref3_metadata_RSB_FiLM_R04,ref3 + metadata + RSB-FiLM R04,Leave-One-Family-Out OOD,1,leave_one_family_out_ood_0036,0.9871994050026393,31.79475977983806,0.5777273436992572,0.001190731069073081
O03_ref3_metadata_RSB_FiLM_R04,ref3 + metadata + RSB-FiLM R04,Leave-One-Family-Out OOD,1,leave_one_family_out_ood_0037,0.9934196607549766,31.032246195883594,0.5343359984719964,0.0013939382042735815
O03_ref3_metadata_RSB_FiLM_R04,ref3 + metadata + RSB-FiLM R04,Leave-One-Family-Out OOD,1,leave_one_family_out_ood_0038,0.9961652009146162,31.532480367941265,0.5624461197661627,0.0014305098447948694
O03_ref3_metadata_RSB_FiLM_R04,ref3 + metadata + RSB-FiLM R04,Leave-One-Family-Out OOD,1,leave_one_family_out_ood_0039,0.9867547442297203,30.981426823408206,0.5322726996335984,0.0014793279115110636
O03_ref3_metadata_RSB_FiLM_R04,ref3 + metadata + RSB-FiLM R04,Leave-One-Family-Out OOD,1,leave_one_family_out_ood_0040,0.9899109940686336,31.907668290164118,0.5833389902808034,0.0010776347480714321
O03_ref3_metadata_RSB_FiLM_R04,ref3 + metadata + RSB-FiLM R04,Leave-One-Family-Out OOD,1,leave_one_family_out_ood_0041,0.9966325000832957,32.38872448790916,0.6113298537765586,0.001398160820826888
O03_ref3_metadata_RSB_FiLM_R04,ref3 + metadata + RSB-FiLM R04,Leave-One-Family-Out OOD,1,leave_one_family_out_ood_0042,0.9919018378545608,30.95491805361105,0.5297113439045245,0.001443569897674024
O03_ref3_metadata_RSB_FiLM_R04,ref3 + metadata + RSB-FiLM R04,Leave-One-Family-Out OOD,1,leave_one_family_out_ood_0043,0.9846901486131923,31.73117779742978,0.5761005476722032,0.0013733216328546405
O03_ref3_metadata_RSB_FiLM_R04,ref3 + metadata + RSB-FiLM R04,Leave-One-Family-Out OOD,1,leave_one_family_out_ood_0044,0.9861557803335773,32.24595563010005,0.6034278856467847,0.0011779541382566094
O03_ref3_metadata_RSB_FiLM_R04,ref3 + metadata + RSB-FiLM R04,Leave-One-Family-Out OOD,1,leave_one_family_out_ood_0045,0.9865675149794464,30.441219800071103,0.5456493280960867,0.001550399698317051
O03_ref3_metadata_RSB_FiLM_R04,ref3 + metadata + RSB-FiLM R04,Leave-One-Family-Out OOD,1,leave_one_family_out_ood_0046,0.9958717053031677,31.576766246410997,0.5660283204222569,0.0015811368357390165
O03_ref3_metadata_RSB_FiLM_R04,ref3 + metadata + RSB-FiLM R04,Leave-One-Family-Out OOD,1,leave_one_family_out_ood_0047,0.9909791518470626,30.847706517119626,0.5259775792119431,0.0016757255652919412
O03_ref3_metadata_RSB_FiLM_R04,ref3 + metadata + RSB-FiLM R04,Leave-One-Family-Out OOD,1,leave_one_family_out_ood_0048,0.9950182516378572,32.06838989697364,0.5922280535004082,0.0012366294395178556
O03_ref3_metadata_RSB_FiLM_R04,ref3 + metadata + RSB-FiLM R04,Leave-One-Family-Out OOD,1,leave_one_family_out_ood_0049,0.9871207075223598,31.519121830933496,0.5618791378677547,0.0012815953232347965
O03_ref3_metadata_RSB_FiLM_R04,ref3 + metadata + RSB-FiLM R04,Leave-One-Family-Out OOD,1,leave_one_family_out_ood_0050,0.9884115886485012,32.862962426144286,0.6357931875120074,0.0009963790653273463
O03_ref3_metadata_RSB_FiLM_R04,ref3 + metadata + RSB-FiLM R04,Leave-One-Family-Out OOD,1,leave_one_family_out_ood_0051,0.9933357402051971,31.60016140703693,0.5776031036065064,0.0013884514337405562
O03_ref3_metadata_RSB_FiLM_R04,ref3 + metadata + RSB-FiLM R04,Leave-One-Family-Out OOD,1,leave_one_family_out_ood_0052,0.990475240124733,30.383321041042954,0.49721657710809186,0.001479589263908565
O03_ref3_metadata_RSB_FiLM_R04,ref3 + metadata + RSB-FiLM R04,Leave-One-Family-Out OOD,1,leave_one_family_out_ood_0053,0.9936465054085042,31.462283533446804,0.5624453283833006,0.0014596773544326425
O03_ref3_metadata_RSB_FiLM_R04,ref3 + metadata + RSB-FiLM R04,Leave-One-Family-Out OOD,1,leave_one_family_out_ood_0054,0.9877318300822978,32.28330730120091,0.6054285612149123,0.001296251779422164
O03_ref3_metadata_RSB_FiLM_R04,ref3 + metadata + RSB-FiLM R04,Leave-One-Family-Out OOD,1,leave_one_family_out_ood_0055,0.9860322102545042,31.2967336806422,0.5503643154834751,0.001393321086652577
O03_ref3_metadata_RSB_FiLM_R04,ref3 + metadata + RSB-FiLM R04,Leave-One-Family-Out OOD,1,leave_one_family_out_ood_0056,1.02839709057985,30.856357367821612,0.5644790360253774,0.0012989620445296168
O03_ref3_metadata_RSB_FiLM_R04,ref3 + metadata + RSB-FiLM R04,Leave-One-Family-Out OOD,1,leave_one_family_out_ood_0057,0.9988125449995945,30.95576033999602,0.5309317537360829,0.0016042203642427921
O03_ref3_metadata_RSB_FiLM_R04,ref3 + metadata + RSB-FiLM R04,Leave-One-Family-Out OOD,1,leave_one_family_out_ood_0058,0.986864594503451,31.195048629119555,0.5436032861714332,0.0012569028185680509
O03_ref3_metadata_RSB_FiLM_R04,ref3 + metadata + RSB-FiLM R04,Leave-One-Family-Out OOD,1,leave_one_family_out_ood_0059,0.9932712152642789,31.90376352092782,0.583421079781824,0.0012206026585772634
O03_ref3_metadata_RSB_FiLM_R04,ref3 + metadata + RSB-FiLM R04,Leave-One-Family-Out OOD,1,leave_one_family_out_ood_0060,0.9896285150698896,32.55097890414265,0.6213013796927894,0.0013170234160497785
O03_ref3_metadata_RSB_FiLM_R04,ref3 + metadata + RSB-FiLM R04,Leave-One-Family-Out OOD,1,leave_one_family_out_ood_0061,0.991942412245102,31.263659158113164,0.5493915245376748,0.0014986373716965318
O03_ref3_metadata_RSB_FiLM_R04,ref3 + metadata + RSB-FiLM R04,Leave-One-Family-Out OOD,1,leave_one_family_out_ood_0062,0.9838061118914082,31.033222615462392,0.5498040383905559,0.0014185472391545773
O03_ref3_metadata_RSB_FiLM_R04,ref3 + metadata + RSB-FiLM R04,Leave-One-Family-Out OOD,1,leave_one_family_out_ood_0063,0.9924652092263244,31.999985832602317,0.590606216438547,0.0013362884055823088
O03_ref3_metadata_RSB_FiLM_R04,ref3 + metadata + RSB-FiLM R04,Leave-One-Family-Out OOD,1,leave_one_family_out_ood_0064,0.9962815573542462,33.110332969048656,0.6490084304434678,0.0011549125192686915
O03_ref3_metadata_RSB_FiLM_R04,ref3 + metadata + RSB-FiLM R04,Leave-One-Family-Out OOD,1,leave_one_family_out_ood_0065,0.9837685781349957,32.07702542830637,0.5953953784231732,0.0012804291909560561
O03_ref3_metadata_RSB_FiLM_R04,ref3 + metadata + RSB-FiLM R04,Leave-One-Family-Out OOD,1,leave_one_family_out_ood_0066,0.9854983052181197,31.564169287961104,0.5658996436250471,0.0014404125977307558
O03_ref3_metadata_RSB_FiLM_R04,ref3 + metadata + RSB-FiLM R04,Leave-One-Family-Out OOD,1,leave_one_family_out_ood_0067,0.9988810605175684,31.154617783728206,0.5419911435557698,0.0016584696713835
O03_ref3_metadata_RSB_FiLM_R04,ref3 + metadata + RSB-FiLM R04,Leave-One-Family-Out OOD,1,leave_one_family_out_ood_0068,0.9954613068199233,30.962166934400667,0.5285575323460869,0.0012514727422967553
O03_ref3_metadata_RSB_FiLM_R04,ref3 + metadata + RSB-FiLM R04,Leave-One-Family-Out OOD,1,leave_one_family_out_ood_0069,0.9926169485314653,31.151770724447406,0.5406504625135983,0.0013754676328971982
O03_ref3_metadata_RSB_FiLM_R04,ref3 + metadata + RSB-FiLM R04,Leave-One-Family-Out OOD,1,leave_one_family_out_ood_0070,0.9934836836244118,31.749799944923502,0.5763135376378208,0.0014969627372920513
O03_ref3_metadata_RSB_FiLM_R04,ref3 + metadata + RSB-FiLM R04,Leave-One-Family-Out OOD,1,leave_one_family_out_ood_0071,0.9902041538999038,30.868716556739297,0.525073165968094,0.001495031756348908
O03_ref3_metadata_RSB_FiLM_R04,ref3 + metadata + RSB-FiLM R04,Leave-One-Family-Out OOD,1,leave_one_family_out_ood_0072,0.9869857882493941,31.479550083121666,0.5599228482699597,0.0012443984160199761
O03_ref3_metadata_RSB_FiLM_R04,ref3 + metadata + RSB-FiLM R04,Leave-One-Family-Out OOD,1,leave_one_family_out_ood_0073,0.9938733038804108,31.492520981425255,0.5620162184143777,0.0015335544012486935
O03_ref3_metadata_RSB_FiLM_R04,ref3 + metadata + RSB-FiLM R04,Leave-One-Family-Out OOD,1,leave_one_family_out_ood_0074,0.9843205506721326,31.586732121922015,0.5686757674711613,0.0015211456920951605
O03_ref3_metadata_RSB_FiLM_R04,ref3 + metadata + RSB-FiLM R04,Leave-One-Family-Out OOD,1,leave_one_family_out_ood_0075,0.9956995677156824,31.387969850894425,0.5575507017842021,0.00166311115026474
O03_ref3_metadata_RSB_FiLM_R04,ref3 + metadata + RSB-FiLM R04,Leave-One-Family-Out OOD,1,leave_one_family_out_ood_0076,0.9891283576724091,30.950458297070618,0.5295971647850599,0.001442244742065668
O03_ref3_metadata_RSB_FiLM_R04,ref3 + metadata + RSB-FiLM R04,Leave-One-Family-Out OOD,1,leave_one_family_out_ood_0077,0.9929599002243925,30.949322290154853,0.5294605000699278,0.0013757201377302408
O03_ref3_metadata_RSB_FiLM_R04,ref3 + metadata + RSB-FiLM R04,Leave-One-Family-Out OOD,1,leave_one_family_out_ood_0078,0.9846633144826321,32.35654211869263,0.6107240560862136,0.0011989726917818189
O03_ref3_metadata_RSB_FiLM_R04,ref3 + metadata + RSB-FiLM R04,Leave-One-Family-Out OOD,1,leave_one_family_out_ood_0079,0.9834945214036043,30.915067744581002,0.5292879341536241,0.0014331669081002474
O03_ref3_metadata_RSB_FiLM_R04,ref3 + metadata + RSB-FiLM R04,Leave-One-Family-Out OOD,1,leave_one_family_out_ood_0080,0.9861548613765162,30.364470489178995,0.496551849320538,0.0014727128436788917
O03_ref3_metadata_RSB_FiLM_R04,ref3 + metadata + RSB-FiLM R04,Leave-One-Family-Out OOD,1,leave_one_family_out_ood_0081,0.9935410265530038,31.342182256931007,0.5524427498699189,0.0013654464855790138
O03_ref3_metadata_RSB_FiLM_R04,ref3 + metadata + RSB-FiLM R04,Leave-One-Family-Out OOD,1,leave_one_family_out_ood_0082,0.9882174336646494,30.39192127501227,0.4991508489070896,0.0016452817944809794
O03_ref3_metadata_RSB_FiLM_R04,ref3 + metadata + RSB-FiLM R04,Leave-One-Family-Out OOD,1,leave_one_family_out_ood_0083,0.9814036848373219,31.752998594169895,0.5776917272134927,0.0013055434683337808
O03_ref3_metadata_RSB_FiLM_R04,ref3 + metadata + RSB-FiLM R04,Leave-One-Family-Out OOD,1,leave_one_family_out_ood_0084,0.9878979542963414,31.376045815325472,0.602961185278263,0.0012902291491627693
O03_ref3_metadata_RSB_FiLM_R04,ref3 + metadata + RSB-FiLM R04,Leave-One-Family-Out OOD,1,leave_one_family_out_ood_0085,0.9874965213720174,32.28099087556242,0.6049561660692925,0.0011646441416814923
O03_ref3_metadata_RSB_FiLM_R04,ref3 + metadata + RSB-FiLM R04,Leave-One-Family-Out OOD,1,leave_one_family_out_ood_0086,0.9949978013888598,32.060526290624175,0.5926747516526253,0.0013700618874281645
O03_ref3_metadata_RSB_FiLM_R04,ref3 + metadata + RSB-FiLM R04,Leave-One-Family-Out OOD,1,leave_one_family_out_ood_0087,0.9873690942943127,31.9118062355335,0.584616415097053,0.0012421667343005538
O03_ref3_metadata_RSB_FiLM_R04,ref3 + metadata + RSB-FiLM R04,Leave-One-Family-Out OOD,1,leave_one_family_out_ood_0088,0.9937971274452133,31.46222296717557,0.5589982582271794,0.0014437265926972032
O03_ref3_metadata_RSB_FiLM_R04,ref3 + metadata + RSB-FiLM R04,Leave-One-Family-Out OOD,1,leave_one_family_out_ood_0089,0.9977971903895057,31.182949844025266,0.543086114376317,0.0015801283298060298
O03_ref3_metadata_RSB_FiLM_R04,ref3 + metadata + RSB-FiLM R04,Leave-One-Family-Out OOD,1,leave_one_family_out_ood_0090,0.9921204182922003,31.337712663437813,0.551005846390962,0.0012933454709127545
O03_ref3_metadata_RSB_FiLM_R04,ref3 + metadata + RSB-FiLM R04,Leave-One-Family-Out OOD,1,leave_one_family_out_ood_0091,0.9856455926445532,31.974419357750218,0.5879354145553481,0.0012557866284623742
O03_ref3_metadata_RSB_FiLM_R04,ref3 + metadata + RSB-FiLM R04,Leave-One-Family-Out OOD,1,leave_one_family_out_ood_0092,0.9917452103415731,31.058228807216217,0.536688604144884,0.0016319063724949956
O03_ref3_metadata_RSB_FiLM_R04,ref3 + metadata + RSB-FiLM R04,Leave-One-Family-Out OOD,1,leave_one_family_out_ood_0093,0.9891326548316357,30.83081041781384,0.5218986574091493,0.001372425351291895
O03_ref3_metadata_RSB_FiLM_R04,ref3 + metadata + RSB-FiLM R04,Leave-One-Family-Out OOD,1,leave_one_family_out_ood_0094,0.9854536550341727,32.5810877185114,0.6232074985579225,0.0012013544328510761
O03_ref3_metadata_RSB_FiLM_R04,ref3 + metadata + RSB-FiLM R04,Leave-One-Family-Out OOD,1,leave_one_family_out_ood_0095,0.9857522440355573,31.402840002965448,0.5555060675057708,0.0012433809461072087
O03_ref3_metadata_RSB_FiLM_R04,ref3 + metadata + RSB-FiLM R04,Leave-One-Family-Out OOD,1,leave_one_family_out_ood_0096,0.9910422331269179,31.699614172302987,0.5728479515972272,0.0014007707359269261
O03_ref3_metadata_RSB_FiLM_R04,ref3 + metadata + RSB-FiLM R04,Leave-One-Family-Out OOD,1,leave_one_family_out_ood_0097,0.982953472652289,31.14725275708095,0.5429254131176464,0.0013860383769497275
O03_ref3_metadata_RSB_FiLM_R04,ref3 + metadata + RSB-FiLM R04,Leave-One-Family-Out OOD,1,leave_one_family_out_ood_0098,0.9940326698915097,32.54256517035663,0.6183467507020627,0.0011173146776854992
O03_ref3_metadata_RSB_FiLM_R04,ref3 + metadata + RSB-FiLM R04,Leave-One-Family-Out OOD,1,leave_one_family_out_ood_0099,0.9897966086712443,32.01466109686018,0.5905861810925036,0.00133712834212929
O03_ref3_metadata_RSB_FiLM_R04,ref3 + metadata + RSB-FiLM R04,Leave-One-Family-Out OOD,2,leave_one_family_out_ood_0000,0.9964615128211588,31.290955653881515,0.5464704519818231,0.0011845565168187022
O03_ref3_metadata_RSB_FiLM_R04,ref3 + metadata + RSB-FiLM R04,Leave-One-Family-Out OOD,2,leave_one_family_out_ood_0001,1.001220146921883,31.558714331929167,0.5619057080140104,0.0013149785809218884
O03_ref3_metadata_RSB_FiLM_R04,ref3 + metadata + RSB-FiLM R04,Leave-One-Family-Out OOD,2,leave_one_family_out_ood_0002,0.9949474976826381,30.906602301047247,0.526064269637422,0.0013750684447586536
O03_ref3_metadata_RSB_FiLM_R04,ref3 + metadata + RSB-FiLM R04,Leave-One-Family-Out OOD,2,leave_one_family_out_ood_0003,0.9988904546320854,31.944032735313705,0.5832498292822428,0.0011293565621599555
O03_ref3_metadata_RSB_FiLM_R04,ref3 + metadata + RSB-FiLM R04,Leave-One-Family-Out OOD,2,leave_one_family_out_ood_0004,1.0003064307468401,31.232161422365277,0.5573811525934278,0.0013748308410868049
O03_ref3_metadata_RSB_FiLM_R04,ref3 + metadata + RSB-FiLM R04,Leave-One-Family-Out OOD,2,leave_one_family_out_ood_0005,0.9933476592455797,30.702740488686956,0.5137376744303408,0.0014152375515550375
O03_ref3_metadata_RSB_FiLM_R04,ref3 + metadata + RSB-FiLM R04,Leave-One-Family-Out OOD,2,leave_one_family_out_ood_0006,0.9920679150166266,31.226774842379285,0.5447458412450862,0.0013124363031238317
O03_ref3_metadata_RSB_FiLM_R04,ref3 + metadata + RSB-FiLM R04,Leave-One-Family-Out OOD,2,leave_one_family_out_ood_0007,0.9961957011958322,31.595341346723366,0.5647808028511491,0.0012901241425424814
O03_ref3_metadata_RSB_FiLM_R04,ref3 + metadata + RSB-FiLM R04,Leave-One-Family-Out OOD,2,leave_one_family_out_ood_0008,0.996721288197622,31.162726099965752,0.5388062479152571,0.0012044227914884686
O03_ref3_metadata_RSB_FiLM_R04,ref3 + metadata + RSB-FiLM R04,Leave-One-Family-Out OOD,2,leave_one_family_out_ood_0009,0.9959912090184431,32.06408059490558,0.5922864303251555,0.0013171440223231912
O03_ref3_metadata_RSB_FiLM_R04,ref3 + metadata + RSB-FiLM R04,Leave-One-Family-Out OOD,2,leave_one_family_out_ood_0010,0.9949101205067405,32.13753211024729,0.621487493714607,0.0010481199715286493
O03_ref3_metadata_RSB_FiLM_R04,ref3 + metadata + RSB-FiLM R04,Leave-One-Family-Out OOD,2,leave_one_family_out_ood_0011,0.994389029794906,31.626699794508546,0.566422178197272,0.001222376711666584
O03_ref3_metadata_RSB_FiLM_R04,ref3 + metadata + RSB-FiLM R04,Leave-One-Family-Out OOD,2,leave_one_family_out_ood_0012,0.9933061275731221,31.02176915605218,0.5322947437730399,0.0013741558650508523
O03_ref3_metadata_RSB_FiLM_R04,ref3 + metadata + RSB-FiLM R04,Leave-One-Family-Out OOD,2,leave_one_family_out_ood_0013,0.9928002311645342,31.30214204774696,0.547573708417519,0.0012798599200323224
O03_ref3_metadata_RSB_FiLM_R04,ref3 + metadata + RSB-FiLM R04,Leave-One-Family-Out OOD,2,leave_one_family_out_ood_0014,0.9976225217864284,32.23316688229875,0.5995513565723788,0.001075935666449368
O03_ref3_metadata_RSB_FiLM_R04,ref3 + metadata + RSB-FiLM R04,Leave-One-Family-Out OOD,2,leave_one_family_out_ood_0015,0.9961723602866914,30.65475304421127,0.5595308346489991,0.0015031768707558513
O03_ref3_metadata_RSB_FiLM_R04,ref3 + metadata + RSB-FiLM R04,Leave-One-Family-Out OOD,2,leave_one_family_out_ood_0016,0.996844588035723,31.412180109598474,0.5556921755471856,0.0014517344534397125
O03_ref3_metadata_RSB_FiLM_R04,ref3 + metadata + RSB-FiLM R04,Leave-One-Family-Out OOD,2,leave_one_family_out_ood_0017,0.9971344759835099,30.9060024395624,0.5242719191228071,0.0013414779677987099
O03_ref3_metadata_RSB_FiLM_R04,ref3 + metadata + RSB-FiLM R04,Leave-One-Family-Out OOD,2,leave_one_family_out_ood_0018,0.9945339077740178,32.10501511397582,0.5926392465023201,0.0011767728719860315
O03_ref3_metadata_RSB_FiLM_R04,ref3 + metadata + RSB-FiLM R04,Leave-One-Family-Out OOD,2,leave_one_family_out_ood_0019,0.9919195215361013,31.528389668910286,0.5617881700091918,0.001223767758347094
O03_ref3_metadata_RSB_FiLM_R04,ref3 + metadata + RSB-FiLM R04,Leave-One-Family-Out OOD,2,leave_one_family_out_ood_0020,0.9948059295803634,32.0534645241687,0.5898702488442485,0.0011282975319772959
O03_ref3_metadata_RSB_FiLM_R04,ref3 + metadata + RSB-FiLM R04,Leave-One-Family-Out OOD,2,leave_one_family_out_ood_0021,0.9862945586959435,32.20911332931379,0.6006393639701206,0.0011645532213151455
O03_ref3_metadata_RSB_FiLM_R04,ref3 + metadata + RSB-FiLM R04,Leave-One-Family-Out OOD,2,leave_one_family_out_ood_0022,0.9959601530155495,31.544804497061527,0.562930957255664,0.001366560347378254
O03_ref3_metadata_RSB_FiLM_R04,ref3 + metadata + RSB-FiLM R04,Leave-One-Family-Out OOD,2,leave_one_family_out_ood_0023,0.9955105135396078,31.984785434428524,0.5863777826529997,0.001179270213469863
O03_ref3_metadata_RSB_FiLM_R04,ref3 + metadata + RSB-FiLM R04,Leave-One-Family-Out OOD,2,leave_one_family_out_ood_0024,0.998437759270378,30.68822549807663,0.5128386357382482,0.0015135322464630008
O03_ref3_metadata_RSB_FiLM_R04,ref3 + metadata + RSB-FiLM R04,Leave-One-Family-Out OOD,2,leave_one_family_out_ood_0025,0.9895918970936641,31.575729092538083,0.5656185352867089,0.0013769989600405097
O03_ref3_metadata_RSB_FiLM_R04,ref3 + metadata + RSB-FiLM R04,Leave-One-Family-Out OOD,2,leave_one_family_out_ood_0026,0.9912863888016201,30.452226934630136,0.4991222099576596,0.00137146410997957
O03_ref3_metadata_RSB_FiLM_R04,ref3 + metadata + RSB-FiLM R04,Leave-One-Family-Out OOD,2,leave_one_family_out_ood_0027,0.9963239957045384,31.26181654251699,0.5453539680430393,0.001330747501924634
O03_ref3_metadata_RSB_FiLM_R04,ref3 + metadata + RSB-FiLM R04,Leave-One-Family-Out OOD,2,leave_one_family_out_ood_0028,1.0007653732039299,32.780272372957114,0.6296369959134567,0.001047232886776328
O03_ref3_metadata_RSB_FiLM_R04,ref3 + metadata + RSB-FiLM R04,Leave-One-Family-Out OOD,2,leave_one_family_out_ood_0029,0.9936028010508658,31.5973012020973,0.5653195672511719,0.0011464388808235526
O03_ref3_metadata_RSB_FiLM_R04,ref3 + metadata + RSB-FiLM R04,Leave-One-Family-Out OOD,2,leave_one_family_out_ood_0030,0.9984697152847316,31.264844254640476,0.5437558406026313,0.0011928081512451172
O03_ref3_metadata_RSB_FiLM_R04,ref3 + metadata + RSB-FiLM R04,Leave-One-Family-Out OOD,2,leave_one_family_out_ood_0031,0.9951819579821295,32.31009476168347,0.6048728670641554,0.0011430989252403378
O03_ref3_metadata_RSB_FiLM_R04,ref3 + metadata + RSB-FiLM R04,Leave-One-Family-Out OOD,2,leave_one_family_out_ood_0032,0.9910448116153779,32.15059814576287,0.5969085464937083,0.0012919370783492923
O03_ref3_metadata_RSB_FiLM_R04,ref3 + metadata + RSB-FiLM R04,Leave-One-Family-Out OOD,2,leave_one_family_out_ood_0033,0.995560300372255,31.539423520848654,0.5618678077675777,0.0013689100742340088
O03_ref3_metadata_RSB_FiLM_R04,ref3 + metadata + RSB-FiLM R04,Leave-One-Family-Out OOD,2,leave_one_family_out_ood_0034,1.0001077214108374,32.05376063110205,0.5899531954521228,0.0011979446280747652
O03_ref3_metadata_RSB_FiLM_R04,ref3 + metadata + RSB-FiLM R04,Leave-One-Family-Out OOD,2,leave_one_family_out_ood_0035,0.9983615562996013,31.223370469158564,0.5424890825670803,0.0013128687860444188
O03_ref3_metadata_RSB_FiLM_R04,ref3 + metadata + RSB-FiLM R04,Leave-One-Family-Out OOD,2,leave_one_family_out_ood_0036,0.9961934465877903,31.755372050554517,0.57388088878183,0.001233370741829276
O03_ref3_metadata_RSB_FiLM_R04,ref3 + metadata + RSB-FiLM R04,Leave-One-Family-Out OOD,2,leave_one_family_out_ood_0037,0.9946473301492758,31.02688234974009,0.5319843552712864,0.0013291925424709916
O03_ref3_metadata_RSB_FiLM_R04,ref3 + metadata + RSB-FiLM R04,Leave-One-Family-Out OOD,2,leave_one_family_out_ood_0038,0.9948407722175268,31.538258352800487,0.5616676133442852,0.0013309811474755406
O03_ref3_metadata_RSB_FiLM_R04,ref3 + metadata + RSB-FiLM R04,Leave-One-Family-Out OOD,2,leave_one_family_out_ood_0039,0.993103793728293,30.95357275020669,0.5282351760196795,0.0014203599421307445
O03_ref3_metadata_RSB_FiLM_R04,ref3 + metadata + RSB-FiLM R04,Leave-One-Family-Out OOD,2,leave_one_family_out_ood_0040,0.9924751515129863,31.896433141053812,0.5816906696519976,0.0010710275964811444
O03_ref3_metadata_RSB_FiLM_R04,ref3 + metadata + RSB-FiLM R04,Leave-One-Family-Out OOD,2,leave_one_family_out_ood_0041,0.9978672401217167,32.383347161736765,0.6084561555788209,0.0011347937397658825
O03_ref3_metadata_RSB_FiLM_R04,ref3 + metadata + RSB-FiLM R04,Leave-One-Family-Out OOD,2,leave_one_family_out_ood_0042,0.9975753939184712,30.930147882441993,0.5254967901867482,0.0012760718818753958
O03_ref3_metadata_RSB_FiLM_R04,ref3 + metadata + RSB-FiLM R04,Leave-One-Family-Out OOD,2,leave_one_family_out_ood_0043,0.9976680311899643,31.67431315055684,0.568971198047321,0.0012811323394998908
O03_ref3_metadata_RSB_FiLM_R04,ref3 + metadata + RSB-FiLM R04,Leave-One-Family-Out OOD,2,leave_one_family_out_ood_0044,0.9966976661498006,32.19977633860876,0.5978151695239626,0.001028680126182735
O03_ref3_metadata_RSB_FiLM_R04,ref3 + metadata + RSB-FiLM R04,Leave-One-Family-Out OOD,2,leave_one_family_out_ood_0045,0.992661108076176,30.414477978994025,0.5405967180319338,0.0013885133666917682
O03_ref3_metadata_RSB_FiLM_R04,ref3 + metadata + RSB-FiLM R04,Leave-One-Family-Out OOD,2,leave_one_family_out_ood_0046,0.9978345590467589,31.568214767443322,0.5631635790662212,0.0013384090270847082
O03_ref3_metadata_RSB_FiLM_R04,ref3 + metadata + RSB-FiLM R04,Leave-One-Family-Out OOD,2,leave_one_family_out_ood_0047,0.9958915311026183,30.826231316001543,0.5205833425208457,0.0014563894364982843
O03_ref3_metadata_RSB_FiLM_R04,ref3 + metadata + RSB-FiLM R04,Leave-One-Family-Out OOD,2,leave_one_family_out_ood_0048,0.9936908095494663,32.07418793818033,0.5917565393797354,0.001139609725214541
O03_ref3_metadata_RSB_FiLM_R04,ref3 + metadata + RSB-FiLM R04,Leave-One-Family-Out OOD,2,leave_one_family_out_ood_0049,0.9961330432535068,31.479651018369527,0.5578265965951411,0.001311528729274869
O03_ref3_metadata_RSB_FiLM_R04,ref3 + metadata + RSB-FiLM R04,Leave-One-Family-Out OOD,2,leave_one_family_out_ood_0050,0.9929583266979637,32.84303079902166,0.6340571971047094,0.001025495701469481
O03_ref3_metadata_RSB_FiLM_R04,ref3 + metadata + RSB-FiLM R04,Leave-One-Family-Out OOD,2,leave_one_family_out_ood_0051,0.9970175086471281,31.584094300614037,0.5755892493132553,0.0013845033245161176
O03_ref3_metadata_RSB_FiLM_R04,ref3 + metadata + RSB-FiLM R04,Leave-One-Family-Out OOD,2,leave_one_family_out_ood_0052,0.9971579766859119,30.35411768132878,0.4924002343324445,0.0014026282588019967
O03_ref3_metadata_RSB_FiLM_R04,ref3 + metadata + RSB-FiLM R04,Leave-One-Family-Out OOD,2,leave_one_family_out_ood_0053,0.9976350176879069,31.444885662093338,0.5579314622941648,0.0012474581599235535
O03_ref3_metadata_RSB_FiLM_R04,ref3 + metadata + RSB-FiLM R04,Leave-One-Family-Out OOD,2,leave_one_family_out_ood_0054,0.9971003660218961,32.242308690785464,0.6005438359829061,0.0012585617369040847
O03_ref3_metadata_RSB_FiLM_R04,ref3 + metadata + RSB-FiLM R04,Leave-One-Family-Out OOD,2,leave_one_family_out_ood_0055,0.995097602330785,31.256987866684504,0.544609069931449,0.0012479857541620731
O03_ref3_metadata_RSB_FiLM_R04,ref3 + metadata + RSB-FiLM R04,Leave-One-Family-Out OOD,2,leave_one_family_out_ood_0056,0.9997798493089914,30.97892217416387,0.569945553895769,0.0012423021253198385
O03_ref3_metadata_RSB_FiLM_R04,ref3 + metadata + RSB-FiLM R04,Leave-One-Family-Out OOD,2,leave_one_family_out_ood_0057,0.9955142210808645,30.970125435046548,0.5299795074348944,0.0014747204259037971
O03_ref3_metadata_RSB_FiLM_R04,ref3 + metadata + RSB-FiLM R04,Leave-One-Family-Out OOD,2,leave_one_family_out_ood_0058,0.9926448506423337,31.169685223477465,0.5406213473818394,0.001266566920094192
O03_ref3_metadata_RSB_FiLM_R04,ref3 + metadata + RSB-FiLM R04,Leave-One-Family-Out OOD,2,leave_one_family_out_ood_0059,0.9953673814279886,31.894608147837694,0.5814114491206137,0.0011313122231513262
O03_ref3_metadata_RSB_FiLM_R04,ref3 + metadata + RSB-FiLM R04,Leave-One-Family-Out OOD,2,leave_one_family_out_ood_0060,1.0003934534648782,32.503992546952965,0.615658996616469,0.0012386648450046778
O03_ref3_metadata_RSB_FiLM_R04,ref3 + metadata + RSB-FiLM R04,Leave-One-Family-Out OOD,2,leave_one_family_out_ood_0061,0.9943884051877897,31.252963288315545,0.5461920885653426,0.0013745317701250315
O03_ref3_metadata_RSB_FiLM_R04,ref3 + metadata + RSB-FiLM R04,Leave-One-Family-Out OOD,2,leave_one_family_out_ood_0062,0.9949603311843856,30.984260356490356,0.5430806810982252,0.0012785854050889611
O03_ref3_metadata_RSB_FiLM_R04,ref3 + metadata + RSB-FiLM R04,Leave-One-Family-Out OOD,2,leave_one_family_out_ood_0063,0.9899794021344174,32.01087747415143,0.5894720488965608,0.001242449856363237
O03_ref3_metadata_RSB_FiLM_R04,ref3 + metadata + RSB-FiLM R04,Leave-One-Family-Out OOD,2,leave_one_family_out_ood_0064,0.9932022198404844,33.12377733155691,0.6490895126895461,0.0010614505736157298
O03_ref3_metadata_RSB_FiLM_R04,ref3 + metadata + RSB-FiLM R04,Leave-One-Family-Out OOD,2,leave_one_family_out_ood_0065,0.9958453034366005,32.02403629816692,0.588937106803085,0.0011822431115433574
O03_ref3_metadata_RSB_FiLM_R04,ref3 + metadata + RSB-FiLM R04,Leave-One-Family-Out OOD,2,leave_one_family_out_ood_0066,0.9921228562310602,31.535073570294113,0.5611340297586014,0.001262154197320342
O03_ref3_metadata_RSB_FiLM_R04,ref3 + metadata + RSB-FiLM R04,Leave-One-Family-Out OOD,2,leave_one_family_out_ood_0067,0.9996109287313626,31.15144545563779,0.540243119730996,0.0015709800645709038
O03_ref3_metadata_RSB_FiLM_R04,ref3 + metadata + RSB-FiLM R04,Leave-One-Family-Out OOD,2,leave_one_family_out_ood_0068,0.9980925438484328,30.95070277717999,0.5269786878868811,0.0012668236158788204
O03_ref3_metadata_RSB_FiLM_R04,ref3 + metadata + RSB-FiLM R04,Leave-One-Family-Out OOD,2,leave_one_family_out_ood_0069,0.994539375470939,31.1433680213998,0.5383852855534006,0.0012409596238285303
O03_ref3_metadata_RSB_FiLM_R04,ref3 + metadata + RSB-FiLM R04,Leave-One-Family-Out OOD,2,leave_one_family_out_ood_0070,0.9930755614601174,31.751584375054513,0.5748286354465546,0.0013679781695827842
O03_ref3_metadata_RSB_FiLM_R04,ref3 + metadata + RSB-FiLM R04,Leave-One-Family-Out OOD,2,leave_one_family_out_ood_0071,0.9957127998064708,30.84462312950723,0.5205032856859468,0.001385713228955865
O03_ref3_metadata_RSB_FiLM_R04,ref3 + metadata + RSB-FiLM R04,Leave-One-Family-Out OOD,2,leave_one_family_out_ood_0072,0.9952041013834738,31.443537334341954,0.5558848970638494,0.0012481792364269495
O03_ref3_metadata_RSB_FiLM_R04,ref3 + metadata + RSB-FiLM R04,Leave-One-Family-Out OOD,2,leave_one_family_out_ood_0073,0.9920441608627746,31.500521354342908,0.5607767397868302,0.001374566345475614
O03_ref3_metadata_RSB_FiLM_R04,ref3 + metadata + RSB-FiLM R04,Leave-One-Family-Out OOD,2,leave_one_family_out_ood_0074,0.9948234547667504,31.540637660178,0.5619984316647123,0.0013808333314955235
O03_ref3_metadata_RSB_FiLM_R04,ref3 + metadata + RSB-FiLM R04,Leave-One-Family-Out OOD,2,leave_one_family_out_ood_0075,0.9952752924373339,31.389820833436566,0.5546224342182581,0.0014963572612032294
O03_ref3_metadata_RSB_FiLM_R04,ref3 + metadata + RSB-FiLM R04,Leave-One-Family-Out OOD,2,leave_one_family_out_ood_0076,0.998338670096873,30.910205704825348,0.5236135799744911,0.001310061663389206
O03_ref3_metadata_RSB_FiLM_R04,ref3 + metadata + RSB-FiLM R04,Leave-One-Family-Out OOD,2,leave_one_family_out_ood_0077,0.9944829225115921,30.94266637499157,0.527665438181195,0.001340599381364882
O03_ref3_metadata_RSB_FiLM_R04,ref3 + metadata + RSB-FiLM R04,Leave-One-Family-Out OOD,2,leave_one_family_out_ood_0078,0.9959736627921792,32.30694092870592,0.6054387612420524,0.0011928469175472856
O03_ref3_metadata_RSB_FiLM_R04,ref3 + metadata + RSB-FiLM R04,Leave-One-Family-Out OOD,2,leave_one_family_out_ood_0079,0.9966801919346401,30.85722881902913,0.5212749585658429,0.0012751410249620676
O03_ref3_metadata_RSB_FiLM_R04,ref3 + metadata + RSB-FiLM R04,Leave-One-Family-Out OOD,2,leave_one_family_out_ood_0080,0.9939626175041444,30.33022123886759,0.4914949547416266,0.0014250795356929302
O03_ref3_metadata_RSB_FiLM_R04,ref3 + metadata + RSB-FiLM R04,Leave-One-Family-Out OOD,2,leave_one_family_out_ood_0081,0.9963628945596024,31.329864929057358,0.5492709221497446,0.0012840372510254383
O03_ref3_metadata_RSB_FiLM_R04,ref3 + metadata + RSB-FiLM R04,Leave-One-Family-Out OOD,2,leave_one_family_out_ood_0082,0.9939637822457227,30.3667408490658,0.49456771704658503,0.0015809781616553664
O03_ref3_metadata_RSB_FiLM_R04,ref3 + metadata + RSB-FiLM R04,Leave-One-Family-Out OOD,2,leave_one_family_out_ood_0083,0.9935354671936905,31.69964183910607,0.5708604622386906,0.0012209067353978753
O03_ref3_metadata_RSB_FiLM_R04,ref3 + metadata + RSB-FiLM R04,Leave-One-Family-Out OOD,2,leave_one_family_out_ood_0084,0.983522564356683,31.395323223678606,0.6031044269430508,0.0012486277846619487
O03_ref3_metadata_RSB_FiLM_R04,ref3 + metadata + RSB-FiLM R04,Leave-One-Family-Out OOD,2,leave_one_family_out_ood_0085,0.9998046439450394,32.227195030016475,0.6002129646511287,0.0012225424870848656
O03_ref3_metadata_RSB_FiLM_R04,ref3 + metadata + RSB-FiLM R04,Leave-One-Family-Out OOD,2,leave_one_family_out_ood_0086,0.9968836646840139,32.052302600924065,0.5899062777066897,0.0011676109861582518
O03_ref3_metadata_RSB_FiLM_R04,ref3 + metadata + RSB-FiLM R04,Leave-One-Family-Out OOD,2,leave_one_family_out_ood_0087,0.9987935153006646,31.861844489800042,0.578325141080468,0.0011247398797422647
O03_ref3_metadata_RSB_FiLM_R04,ref3 + metadata + RSB-FiLM R04,Leave-One-Family-Out OOD,2,leave_one_family_out_ood_0088,0.9988008221342018,31.440411374331383,0.5562374912825676,0.0013868347741663456
O03_ref3_metadata_RSB_FiLM_R04,ref3 + metadata + RSB-FiLM R04,Leave-One-Family-Out OOD,2,leave_one_family_out_ood_0089,0.9968224622766441,31.18719444129669,0.5414472052549011,0.0013687193859368563
O03_ref3_metadata_RSB_FiLM_R04,ref3 + metadata + RSB-FiLM R04,Leave-One-Family-Out OOD,2,leave_one_family_out_ood_0090,1.0012059747952247,31.29812212433437,0.5472837636117611,0.0013694085646420717
O03_ref3_metadata_RSB_FiLM_R04,ref3 + metadata + RSB-FiLM R04,Leave-One-Family-Out OOD,2,leave_one_family_out_ood_0091,0.9952678719789515,31.93222751240439,0.5827953402121516,0.0011848588474094868
O03_ref3_metadata_RSB_FiLM_R04,ref3 + metadata + RSB-FiLM R04,Leave-One-Family-Out OOD,2,leave_one_family_out_ood_0092,0.9993023383710362,31.025261042497245,0.530595383357848,0.001363958464935422
O03_ref3_metadata_RSB_FiLM_R04,ref3 + metadata + RSB-FiLM R04,Leave-One-Family-Out OOD,2,leave_one_family_out_ood_0093,0.9950538455309083,30.804890080828578,0.5185894487198809,0.0013519690837711096
O03_ref3_metadata_RSB_FiLM_R04,ref3 + metadata + RSB-FiLM R04,Leave-One-Family-Out OOD,2,leave_one_family_out_ood_0094,0.9947825035175045,32.540168450346854,0.6187945970195846,0.0011970342602580786
O03_ref3_metadata_RSB_FiLM_R04,ref3 + metadata + RSB-FiLM R04,Leave-One-Family-Out OOD,2,leave_one_family_out_ood_0095,0.9953385753576903,31.360809414556222,0.5501733874934626,0.0011579591082409024
O03_ref3_metadata_RSB_FiLM_R04,ref3 + metadata + RSB-FiLM R04,Leave-One-Family-Out OOD,2,leave_one_family_out_ood_0096,0.9991067411014317,31.664417068924188,0.5679758131507537,0.0012800497934222221
O03_ref3_metadata_RSB_FiLM_R04,ref3 + metadata + RSB-FiLM R04,Leave-One-Family-Out OOD,2,leave_one_family_out_ood_0097,0.9926157090092994,31.104770907063518,0.537374415901028,0.0013725360622629523
O03_ref3_metadata_RSB_FiLM_R04,ref3 + metadata + RSB-FiLM R04,Leave-One-Family-Out OOD,2,leave_one_family_out_ood_0098,0.996334408898369,32.532520594730954,0.6164324385884778,0.001032524392940104
O03_ref3_metadata_RSB_FiLM_R04,ref3 + metadata + RSB-FiLM R04,Leave-One-Family-Out OOD,2,leave_one_family_out_ood_0099,0.9922346073102127,32.00397691862126,0.5879016515894994,0.0012069582007825375
O03_ref3_metadata_RSB_FiLM_R04,ref3 + metadata + RSB-FiLM R04,Random-ET OOD,0,random_et_test_00000,1.045644854844932,30.377309119577816,0.49131139516406847,0.0034921555779874325
O03_ref3_metadata_RSB_FiLM_R04,ref3 + metadata + RSB-FiLM R04,Random-ET OOD,0,random_et_test_00001,1.1292673202472985,32.88795652037451,0.5968369104471049,0.0038899469655007124
O03_ref3_metadata_RSB_FiLM_R04,ref3 + metadata + RSB-FiLM R04,Random-ET OOD,0,random_et_test_00002,1.1347323112865286,30.21307224754553,0.4095892712970901,0.007113676518201828
O03_ref3_metadata_RSB_FiLM_R04,ref3 + metadata + RSB-FiLM R04,Random-ET OOD,0,random_et_test_00003,1.1450799092419006,26.906219689715087,0.28506759693459444,0.007255949545651674
O03_ref3_metadata_RSB_FiLM_R04,ref3 + metadata + RSB-FiLM R04,Random-ET OOD,0,random_et_test_00004,1.5198654930390745,26.59986533086991,0.195085212289468,0.012792658060789108
O03_ref3_metadata_RSB_FiLM_R04,ref3 + metadata + RSB-FiLM R04,Random-ET OOD,0,random_et_test_00005,1.4486103754388764,28.935177455588438,0.24235488989106424,0.012295250780880451
O03_ref3_metadata_RSB_FiLM_R04,ref3 + metadata + RSB-FiLM R04,Random-ET OOD,0,random_et_test_00006,1.2418647110125698,29.822833446058787,0.3739076107655196,0.00745955528691411
O03_ref3_metadata_RSB_FiLM_R04,ref3 + metadata + RSB-FiLM R04,Random-ET OOD,0,random_et_test_00007,1.051744019419416,29.38109114085881,0.4229971530299995,0.004850585479289293
O03_ref3_metadata_RSB_FiLM_R04,ref3 + metadata + RSB-FiLM R04,Random-ET OOD,0,random_et_test_00008,1.0293436456700242,27.49558598148353,0.33511395554392026,0.004924670793116093
O03_ref3_metadata_RSB_FiLM_R04,ref3 + metadata + RSB-FiLM R04,Random-ET OOD,0,random_et_test_00009,1.2354811051387669,29.594581309033803,0.363891212931204,0.008094901219010353
O03_ref3_metadata_RSB_FiLM_R04,ref3 + metadata + RSB-FiLM R04,Random-ET OOD,0,random_et_test_00010,1.0575788466894962,28.68531261134635,0.3795121305473959,0.006308999843895435
O03_ref3_metadata_RSB_FiLM_R04,ref3 + metadata + RSB-FiLM R04,Random-ET OOD,0,random_et_test_00011,1.1057100262617796,27.059823375857714,0.264233342609948,0.00994573812931776
O03_ref3_metadata_RSB_FiLM_R04,ref3 + metadata + RSB-FiLM R04,Random-ET OOD,0,random_et_test_00012,1.0304977739492194,28.46659502156305,0.3791319799396515,0.00499135022982955
O03_ref3_metadata_RSB_FiLM_R04,ref3 + metadata + RSB-FiLM R04,Random-ET OOD,0,random_et_test_00013,1.1414969073797916,31.265957606484793,0.522173677049277,0.004091995302587748
O03_ref3_metadata_RSB_FiLM_R04,ref3 + metadata + RSB-FiLM R04,Random-ET OOD,0,random_et_test_00014,1.0204378835576187,30.364400384309874,0.4934093887357932,0.0034046636428683996
O03_ref3_metadata_RSB_FiLM_R04,ref3 + metadata + RSB-FiLM R04,Random-ET OOD,0,random_et_test_00015,1.0098078067086647,28.186891193021587,0.37273650974657535,0.00456636818125844
O03_ref3_metadata_RSB_FiLM_R04,ref3 + metadata + RSB-FiLM R04,Random-ET OOD,0,random_et_test_00016,1.3051870458023767,26.857932194404917,0.2271404982462017,0.011211986653506756
O03_ref3_metadata_RSB_FiLM_R04,ref3 + metadata + RSB-FiLM R04,Random-ET OOD,0,random_et_test_00017,1.2019696834215976,27.0234699104762,0.24488320609857417,0.010364355519413948
O03_ref3_metadata_RSB_FiLM_R04,ref3 + metadata + RSB-FiLM R04,Random-ET OOD,0,random_et_test_00018,1.0965442779362204,27.747335180165482,0.32072759136349993,0.00715943519026041
O03_ref3_metadata_RSB_FiLM_R04,ref3 + metadata + RSB-FiLM R04,Random-ET OOD,0,random_et_test_00019,1.0522571918915409,27.977776800462596,0.3432100722562599,0.007073413580656052
O03_ref3_metadata_RSB_FiLM_R04,ref3 + metadata + RSB-FiLM R04,Random-ET OOD,0,random_et_test_00020,1.1990072468960655,27.93461827987887,0.28075188408507423,0.009284728206694126
O03_ref3_metadata_RSB_FiLM_R04,ref3 + metadata + RSB-FiLM R04,Random-ET OOD,0,random_et_test_00021,1.064090067130925,28.179322687566753,0.36043065023141974,0.006461634766310453
O03_ref3_metadata_RSB_FiLM_R04,ref3 + metadata + RSB-FiLM R04,Random-ET OOD,0,random_et_test_00022,1.095879658831243,30.371040073531947,0.4679885496796904,0.004691175650805235
O03_ref3_metadata_RSB_FiLM_R04,ref3 + metadata + RSB-FiLM R04,Random-ET OOD,0,random_et_test_00023,1.1224136873946022,27.676430870542568,0.3046165276997059,0.007979034446179867
O03_ref3_metadata_RSB_FiLM_R04,ref3 + metadata + RSB-FiLM R04,Random-ET OOD,0,random_et_test_00024,1.1656295806728865,30.434790261322178,0.4004886714999817,0.007512992713600397
O03_ref3_metadata_RSB_FiLM_R04,ref3 + metadata + RSB-FiLM R04,Random-ET OOD,0,random_et_test_00025,1.4630873361491246,25.91639788300174,0.14560746813487488,0.01654583401978016
O03_ref3_metadata_RSB_FiLM_R04,ref3 + metadata + RSB-FiLM R04,Random-ET OOD,0,random_et_test_00026,1.0342216621935998,27.506089619539082,0.32359474389437287,0.0070646982640028
O03_ref3_metadata_RSB_FiLM_R04,ref3 + metadata + RSB-FiLM R04,Random-ET OOD,0,random_et_test_00027,1.068868541623124,30.289937333933658,0.45404904855672656,0.005591303110122681
O03_ref3_metadata_RSB_FiLM_R04,ref3 + metadata + RSB-FiLM R04,Random-ET OOD,0,random_et_test_00028,1.060006257866468,29.210348826859956,0.4042743350576653,0.005581349600106478
O03_ref3_metadata_RSB_FiLM_R04,ref3 + metadata + RSB-FiLM R04,Random-ET OOD,0,random_et_test_00029,1.012589850102936,28.602426278586194,0.3974436060925674,0.003987468779087067
O03_ref3_metadata_RSB_FiLM_R04,ref3 + metadata + RSB-FiLM R04,Random-ET OOD,0,random_et_test_00030,1.1520021468260493,27.319128975938355,0.28092491629365,0.009040312841534615
O03_ref3_metadata_RSB_FiLM_R04,ref3 + metadata + RSB-FiLM R04,Random-ET OOD,0,random_et_test_00031,1.0309444577157085,31.357814641154174,0.551877060800599,0.002478580689057708
O03_ref3_metadata_RSB_FiLM_R04,ref3 + metadata + RSB-FiLM R04,Random-ET OOD,0,random_et_test_00032,1.0129312411712135,28.959415280992076,0.4145132263150063,0.002995082875713706
O03_ref3_metadata_RSB_FiLM_R04,ref3 + metadata + RSB-FiLM R04,Random-ET OOD,0,random_et_test_00033,1.1622796533658943,30.28309120306021,0.42363423739360856,0.0064676436595618725
O03_ref3_metadata_RSB_FiLM_R04,ref3 + metadata + RSB-FiLM R04,Random-ET OOD,0,random_et_test_00034,1.9003499072312757,28.459526567998402,0.21719348298782132,0.01206530723720789
O03_ref3_metadata_RSB_FiLM_R04,ref3 + metadata + RSB-FiLM R04,Random-ET OOD,0,random_et_test_00035,1.1543817374984562,28.66991984845599,0.3357583661116925,0.008273725397884846
O03_ref3_metadata_RSB_FiLM_R04,ref3 + metadata + RSB-FiLM R04,Random-ET OOD,0,random_et_test_00036,1.0990497895846436,26.768436068936662,0.2687525565923961,0.009633941575884819
O03_ref3_metadata_RSB_FiLM_R04,ref3 + metadata + RSB-FiLM R04,Random-ET OOD,0,random_et_test_00037,1.036395554062256,27.00101287367188,0.29718409719233263,0.007996148429811
O03_ref3_metadata_RSB_FiLM_R04,ref3 + metadata + RSB-FiLM R04,Random-ET OOD,0,random_et_test_00038,1.0229011385170086,28.359921009032366,0.38113976358124413,0.004286815412342548
O03_ref3_metadata_RSB_FiLM_R04,ref3 + metadata + RSB-FiLM R04,Random-ET OOD,0,random_et_test_00039,1.011693281675231,29.39331870649722,0.44679495231237887,0.0038744548801332712
O03_ref3_metadata_RSB_FiLM_R04,ref3 + metadata + RSB-FiLM R04,Random-ET OOD,0,random_et_test_00040,1.038913617779019,28.91433323121612,0.3949243615285246,0.005751196760684252
O03_ref3_metadata_RSB_FiLM_R04,ref3 + metadata + RSB-FiLM R04,Random-ET OOD,0,random_et_test_00041,1.135819015750197,31.230679564607755,0.500682828059113,0.005067252553999424
O03_ref3_metadata_RSB_FiLM_R04,ref3 + metadata + RSB-FiLM R04,Random-ET OOD,0,random_et_test_00042,1.028003745793602,26.968873226062435,0.3018746787928516,0.0070448098704218864
O03_ref3_metadata_RSB_FiLM_R04,ref3 + metadata + RSB-FiLM R04,Random-ET OOD,0,random_et_test_00043,1.057498076808203,31.958612689052273,0.568037585795586,0.0034419307485222816
O03_ref3_metadata_RSB_FiLM_R04,ref3 + metadata + RSB-FiLM R04,Random-ET OOD,0,random_et_test_00044,1.04208184492233,29.017778634799708,0.40145766379531267,0.0054592289961874485
O03_ref3_metadata_RSB_FiLM_R04,ref3 + metadata + RSB-FiLM R04,Random-ET OOD,0,random_et_test_00045,1.0807352466406193,28.79565918644139,0.39016864338192436,0.005303877405822277
O03_ref3_metadata_RSB_FiLM_R04,ref3 + metadata + RSB-FiLM R04,Random-ET OOD,0,random_et_test_00046,1.3217153881173234,28.222556571927807,0.3222971373754724,0.00730755552649498
O03_ref3_metadata_RSB_FiLM_R04,ref3 + metadata + RSB-FiLM R04,Random-ET OOD,0,random_et_test_00047,1.0316201756029444,27.566091826681877,0.33908813304194524,0.005019907373934984
O03_ref3_metadata_RSB_FiLM_R04,ref3 + metadata + RSB-FiLM R04,Random-ET OOD,0,random_et_test_00048,1.0548850111174886,29.303849286601253,0.41171691115362113,0.005632540676742792
O03_ref3_metadata_RSB_FiLM_R04,ref3 + metadata + RSB-FiLM R04,Random-ET OOD,0,random_et_test_00049,1.162753530552028,28.15586430119904,0.33978932289219654,0.007082281168550253
O03_ref3_metadata_RSB_FiLM_R04,ref3 + metadata + RSB-FiLM R04,Random-ET OOD,0,random_et_test_00050,1.2465582664966715,27.484328575417223,0.24380042638345226,0.011068211868405342
O03_ref3_metadata_RSB_FiLM_R04,ref3 + metadata + RSB-FiLM R04,Random-ET OOD,0,random_et_test_00051,1.0490582970256306,31.38128705729374,0.5452684365881871,0.0031671246979385614
O03_ref3_metadata_RSB_FiLM_R04,ref3 + metadata + RSB-FiLM R04,Random-ET OOD,0,random_et_test_00052,1.0520692402382716,28.591503129992017,0.37528673460097783,0.00625596335157752
O03_ref3_metadata_RSB_FiLM_R04,ref3 + metadata + RSB-FiLM R04,Random-ET OOD,0,random_et_test_00053,1.1898680309710066,26.163912568145918,0.2112810269697954,0.012247217819094658
O03_ref3_metadata_RSB_FiLM_R04,ref3 + metadata + RSB-FiLM R04,Random-ET OOD,0,random_et_test_00054,1.0179633061867102,30.699276303644524,0.515244941717283,0.0023753345012664795
O03_ref3_metadata_RSB_FiLM_R04,ref3 + metadata + RSB-FiLM R04,Random-ET OOD,0,random_et_test_00055,1.0478439640182158,30.68449851534684,0.4990124039118267,0.00416339747607708
O03_ref3_metadata_RSB_FiLM_R04,ref3 + metadata + RSB-FiLM R04,Random-ET OOD,0,random_et_test_00056,1.0172630097352107,29.187252710480436,0.42861410869106453,0.003570267464965582
O03_ref3_metadata_RSB_FiLM_R04,ref3 + metadata + RSB-FiLM R04,Random-ET OOD,0,random_et_test_00057,1.0727100890414611,26.64032805218829,0.277590944842609,0.007838118821382523
O03_ref3_metadata_RSB_FiLM_R04,ref3 + metadata + RSB-FiLM R04,Random-ET OOD,0,random_et_test_00058,1.0181274569071075,27.916468890741676,0.3581402425153894,0.005109364166855812
O03_ref3_metadata_RSB_FiLM_R04,ref3 + metadata + RSB-FiLM R04,Random-ET OOD,0,random_et_test_00059,1.0400971086631712,31.326877342847755,0.5460184296146011,0.0028413902036845684
O03_ref3_metadata_RSB_FiLM_R04,ref3 + metadata + RSB-FiLM R04,Random-ET OOD,0,random_et_test_00060,1.0224209105166573,27.313963029424585,0.3243101816254691,0.005057475063949823
O03_ref3_metadata_RSB_FiLM_R04,ref3 + metadata + RSB-FiLM R04,Random-ET OOD,0,random_et_test_00061,1.1915999797490038,26.128187238896324,0.22977498539187452,0.011025900952517986
O03_ref3_metadata_RSB_FiLM_R04,ref3 + metadata + RSB-FiLM R04,Random-ET OOD,0,random_et_test_00062,1.0791455379734756,27.745610042908755,0.3182257104854209,0.007252404931932688
O03_ref3_metadata_RSB_FiLM_R04,ref3 + metadata + RSB-FiLM R04,Random-ET OOD,0,random_et_test_00063,1.0196069790898366,31.485485435604726,0.5608449588294205,0.0024520682636648417
O03_ref3_metadata_RSB_FiLM_R04,ref3 + metadata + RSB-FiLM R04,Random-ET OOD,0,random_et_test_00064,1.0200385550009323,30.023012713613433,0.4744438861764148,0.002422022633254528
O03_ref3_metadata_RSB_FiLM_R04,ref3 + metadata + RSB-FiLM R04,Random-ET OOD,0,random_et_test_00065,1.057966278746335,27.921013698561985,0.3446267139829071,0.005821325350552797
O03_ref3_metadata_RSB_FiLM_R04,ref3 + metadata + RSB-FiLM R04,Random-ET OOD,0,random_et_test_00066,1.1691082874718284,29.146471274275967,0.35528897073040494,0.007812210824340582
O03_ref3_metadata_RSB_FiLM_R04,ref3 + metadata + RSB-FiLM R04,Random-ET OOD,0,random_et_test_00067,1.0579979291336976,27.81283781513844,0.348235747248806,0.005261037964373827
O03_ref3_metadata_RSB_FiLM_R04,ref3 + metadata + RSB-FiLM R04,Random-ET OOD,0,random_et_test_00068,1.1332144015209993,27.035761403597242,0.2775064011211445,0.008837495930492878
O03_ref3_metadata_RSB_FiLM_R04,ref3 + metadata + RSB-FiLM R04,Random-ET OOD,0,random_et_test_00069,1.0593643609406036,28.80880206839501,0.4016027003944752,0.005044684745371342
O03_ref3_metadata_RSB_FiLM_R04,ref3 + metadata + RSB-FiLM R04,Random-ET OOD,0,random_et_test_00070,1.8048319565632545,27.402677631815994,0.21015208551383804,0.011591416783630848
O03_ref3_metadata_RSB_FiLM_R04,ref3 + metadata + RSB-FiLM R04,Random-ET OOD,0,random_et_test_00071,1.0104651780054634,29.303445735258947,0.4352096635768369,0.002824412425979972
O03_ref3_metadata_RSB_FiLM_R04,ref3 + metadata + RSB-FiLM R04,Random-ET OOD,0,random_et_test_00072,1.6270545573281519,32.12363423256936,0.42987013872396607,0.007714313454926014
O03_ref3_metadata_RSB_FiLM_R04,ref3 + metadata + RSB-FiLM R04,Random-ET OOD,0,random_et_test_00073,1.0318176921861415,27.281367021520722,0.31953234254633694,0.005704679060727358
O03_ref3_metadata_RSB_FiLM_R04,ref3 + metadata + RSB-FiLM R04,Random-ET OOD,0,random_et_test_00074,1.0617667880528148,30.849418714688092,0.5061133044931461,0.0039098528213799
O03_ref3_metadata_RSB_FiLM_R04,ref3 + metadata + RSB-FiLM R04,Random-ET OOD,0,random_et_test_00075,1.0149158873337307,29.008951639149405,0.417684017857359,0.002770964987576008
O03_ref3_metadata_RSB_FiLM_R04,ref3 + metadata + RSB-FiLM R04,Random-ET OOD,0,random_et_test_00076,1.0304434202830068,30.244999663423897,0.48222057549766145,0.003520771861076355
O03_ref3_metadata_RSB_FiLM_R04,ref3 + metadata + RSB-FiLM R04,Random-ET OOD,0,random_et_test_00077,1.0284267905920301,29.173294192514113,0.42041406379823687,0.004652873612940311
O03_ref3_metadata_RSB_FiLM_R04,ref3 + metadata + RSB-FiLM R04,Random-ET OOD,0,random_et_test_00078,1.03029757746849,29.377270121999874,0.430580604679802,0.004406421910971403
O03_ref3_metadata_RSB_FiLM_R04,ref3 + metadata + RSB-FiLM R04,Random-ET OOD,0,random_et_test_00079,1.0191061531324528,28.276556355130996,0.37634413999475463,0.004386131186038256
O03_ref3_metadata_RSB_FiLM_R04,ref3 + metadata + RSB-FiLM R04,Random-ET OOD,0,random_et_test_00080,1.0984641221675975,26.752470539271602,0.2631297186168243,0.00901522021740675
O03_ref3_metadata_RSB_FiLM_R04,ref3 + metadata + RSB-FiLM R04,Random-ET OOD,0,random_et_test_00081,1.0008380787392226,28.35936064718702,0.39912087504099325,0.005140519235283136
O03_ref3_metadata_RSB_FiLM_R04,ref3 + metadata + RSB-FiLM R04,Random-ET OOD,0,random_et_test_00082,1.3199846733372178,30.13605145225728,0.3774201280229586,0.007896684110164642
O03_ref3_metadata_RSB_FiLM_R04,ref3 + metadata + RSB-FiLM R04,Random-ET OOD,0,random_et_test_00083,1.032266184781875,30.826936772855408,0.5206200166655266,0.0026200665161013603
O03_ref3_metadata_RSB_FiLM_R04,ref3 + metadata + RSB-FiLM R04,Random-ET OOD,0,random_et_test_00084,1.0779576006257094,29.712030036434523,0.4020197670602101,0.006529994774609804
O03_ref3_metadata_RSB_FiLM_R04,ref3 + metadata + RSB-FiLM R04,Random-ET OOD,0,random_et_test_00085,1.0688905600585592,29.51247850565298,0.41333183350376024,0.00566989416256547
O03_ref3_metadata_RSB_FiLM_R04,ref3 + metadata + RSB-FiLM R04,Random-ET OOD,0,random_et_test_00086,1.1347288175145969,29.92651083196719,0.4010776996612557,0.007045284379273653
O03_ref3_metadata_RSB_FiLM_R04,ref3 + metadata + RSB-FiLM R04,Random-ET OOD,0,random_et_test_00087,1.46520812843621,26.6713459797152,0.21642026040475637,0.011224119924008846
O03_ref3_metadata_RSB_FiLM_R04,ref3 + metadata + RSB-FiLM R04,Random-ET OOD,0,random_et_test_00088,1.054686875225165,30.14919011557908,0.46256257093612874,0.004509973339736462
O03_ref3_metadata_RSB_FiLM_R04,ref3 + metadata + RSB-FiLM R04,Random-ET OOD,0,random_et_test_00089,1.0536847990467653,29.573050911832194,0.43629696643288135,0.004708921071141958
O03_ref3_metadata_RSB_FiLM_R04,ref3 + metadata + RSB-FiLM R04,Random-ET OOD,0,random_et_test_00090,1.0560639303634423,31.86310368399084,0.5801724025031957,0.002129192929714918
O03_ref3_metadata_RSB_FiLM_R04,ref3 + metadata + RSB-FiLM R04,Random-ET OOD,0,random_et_test_00091,1.1883349873288087,28.72929475381795,0.3331158870707889,0.008096439763903618
O03_ref3_metadata_RSB_FiLM_R04,ref3 + metadata + RSB-FiLM R04,Random-ET OOD,0,random_et_test_00092,1.0105835443415412,27.220237458775465,0.3200777162878202,0.004148815292865038
O03_ref3_metadata_RSB_FiLM_R04,ref3 + metadata + RSB-FiLM R04,Random-ET OOD,0,random_et_test_00093,1.035401209106401,29.354480137507466,0.4237809471708332,0.005002771038562059
O03_ref3_metadata_RSB_FiLM_R04,ref3 + metadata + RSB-FiLM R04,Random-ET OOD,0,random_et_test_00094,1.173567908811057,27.25318380000435,0.2816593481910078,0.008502512238919735
O03_ref3_metadata_RSB_FiLM_R04,ref3 + metadata + RSB-FiLM R04,Random-ET OOD,0,random_et_test_00095,1.0358188200165395,27.221693198146774,0.31537744741012425,0.0062199542298913
O03_ref3_metadata_RSB_FiLM_R04,ref3 + metadata + RSB-FiLM R04,Random-ET OOD,0,random_et_test_00096,1.2083050301441949,28.654677883863936,0.35641443618158647,0.00667107617482543
O03_ref3_metadata_RSB_FiLM_R04,ref3 + metadata + RSB-FiLM R04,Random-ET OOD,0,random_et_test_00097,1.0278276957105363,29.04350286120264,0.4177669116911821,0.003802350489422679
O03_ref3_metadata_RSB_FiLM_R04,ref3 + metadata + RSB-FiLM R04,Random-ET OOD,0,random_et_test_00098,1.0600251544765542,30.046963326716284,0.45447608708287673,0.004993543494492769
O03_ref3_metadata_RSB_FiLM_R04,ref3 + metadata + RSB-FiLM R04,Random-ET OOD,0,random_et_test_00099,1.117351349897948,25.091692870306815,0.17888550389306754,0.014301066286861897
O03_ref3_metadata_RSB_FiLM_R04,ref3 + metadata + RSB-FiLM R04,Random-ET OOD,1,random_et_test_00000,1.0754272748208697,30.255340600643017,0.48818750711767656,0.0035674110986292362
O03_ref3_metadata_RSB_FiLM_R04,ref3 + metadata + RSB-FiLM R04,Random-ET OOD,1,random_et_test_00001,1.0876485405768705,33.05103816560062,0.6299567241144217,0.002795403590425849
O03_ref3_metadata_RSB_FiLM_R04,ref3 + metadata + RSB-FiLM R04,Random-ET OOD,1,random_et_test_00002,1.0575026243990595,30.51919203106454,0.48652148681233837,0.00432102894410491
O03_ref3_metadata_RSB_FiLM_R04,ref3 + metadata + RSB-FiLM R04,Random-ET OOD,1,random_et_test_00003,1.077213312420915,27.171560246256966,0.3092812756546936,0.006306115537881851
O03_ref3_metadata_RSB_FiLM_R04,ref3 + metadata + RSB-FiLM R04,Random-ET OOD,1,random_et_test_00004,1.554653636811958,26.501580274673636,0.21321126007427388,0.011063778772950172
O03_ref3_metadata_RSB_FiLM_R04,ref3 + metadata + RSB-FiLM R04,Random-ET OOD,1,random_et_test_00005,1.3990572048469507,29.08633886786908,0.33520222361328417,0.00798502005636692
O03_ref3_metadata_RSB_FiLM_R04,ref3 + metadata + RSB-FiLM R04,Random-ET OOD,1,random_et_test_00006,1.2727189657048834,29.716251152203718,0.3952053370307893,0.006388344336301088
O03_ref3_metadata_RSB_FiLM_R04,ref3 + metadata + RSB-FiLM R04,Random-ET OOD,1,random_et_test_00007,1.0797181078962361,29.26708748171448,0.4280649146898219,0.003846581559628248
O03_ref3_metadata_RSB_FiLM_R04,ref3 + metadata + RSB-FiLM R04,Random-ET OOD,1,random_et_test_00008,1.0138958843866845,27.561256099910242,0.3401363329032161,0.004773275926709175
O03_ref3_metadata_RSB_FiLM_R04,ref3 + metadata + RSB-FiLM R04,Random-ET OOD,1,random_et_test_00009,1.5376601485415144,28.644338993975026,0.35852420765046383,0.006701026577502489
O03_ref3_metadata_RSB_FiLM_R04,ref3 + metadata + RSB-FiLM R04,Random-ET OOD,1,random_et_test_00010,1.0275487991775165,28.810415675410255,0.4089488967785186,0.003974784631282091
O03_ref3_metadata_RSB_FiLM_R04,ref3 + metadata + RSB-FiLM R04,Random-ET OOD,1,random_et_test_00011,1.1084417149435355,27.04910712290889,0.28900653521164843,0.007886328734457493
O03_ref3_metadata_RSB_FiLM_R04,ref3 + metadata + RSB-FiLM R04,Random-ET OOD,1,random_et_test_00012,0.996498609792014,28.61229880202746,0.3991115983761468,0.0033126985654234886
O03_ref3_metadata_RSB_FiLM_R04,ref3 + metadata + RSB-FiLM R04,Random-ET OOD,1,random_et_test_00013,1.2402993840054246,30.90543971649439,0.5112487942439181,0.0038178449030965567
O03_ref3_metadata_RSB_FiLM_R04,ref3 + metadata + RSB-FiLM R04,Random-ET OOD,1,random_et_test_00014,0.9911441043888617,30.490898105996756,0.5055756342554922,0.0020982148125767708
O03_ref3_metadata_RSB_FiLM_R04,ref3 + metadata + RSB-FiLM R04,Random-ET OOD,1,random_et_test_00015,0.9985531677137405,28.235566554881274,0.37624989920897794,0.0035468365531414747
O03_ref3_metadata_RSB_FiLM_R04,ref3 + metadata + RSB-FiLM R04,Random-ET OOD,1,random_et_test_00016,1.1556029011342028,27.38657342779365,0.30406041414148155,0.007452642545104027
O03_ref3_metadata_RSB_FiLM_R04,ref3 + metadata + RSB-FiLM R04,Random-ET OOD,1,random_et_test_00017,1.1405551716097673,27.25124195706551,0.2893362188232547,0.008066349662840366
O03_ref3_metadata_RSB_FiLM_R04,ref3 + metadata + RSB-FiLM R04,Random-ET OOD,1,random_et_test_00018,1.1253809299246922,27.63460164743844,0.3254034548555173,0.006307035684585571
O03_ref3_metadata_RSB_FiLM_R04,ref3 + metadata + RSB-FiLM R04,Random-ET OOD,1,random_et_test_00019,1.1452510061324803,27.609989191994842,0.3445336135109763,0.006009379867464304
O03_ref3_metadata_RSB_FiLM_R04,ref3 + metadata + RSB-FiLM R04,Random-ET OOD,1,random_et_test_00020,1.236383344261379,27.80130468236072,0.29440381696005175,0.008374128490686417
O03_ref3_metadata_RSB_FiLM_R04,ref3 + metadata + RSB-FiLM R04,Random-ET OOD,1,random_et_test_00021,1.1896437357596952,27.69493737326433,0.34087815149392664,0.005757384933531284
O03_ref3_metadata_RSB_FiLM_R04,ref3 + metadata + RSB-FiLM R04,Random-ET OOD,1,random_et_test_00022,1.0330916804317898,30.627280144603265,0.491657072732155,0.004222868476063013
O03_ref3_metadata_RSB_FiLM_R04,ref3 + metadata + RSB-FiLM R04,Random-ET OOD,1,random_et_test_00023,1.0331403726698571,28.03636722531261,0.3552357355707352,0.005616889335215092
O03_ref3_metadata_RSB_FiLM_R04,ref3 + metadata + RSB-FiLM R04,Random-ET OOD,1,random_et_test_00024,1.2002087622551605,30.307827890530078,0.4464757736127774,0.005550786387175322
O03_ref3_metadata_RSB_FiLM_R04,ref3 + metadata + RSB-FiLM R04,Random-ET OOD,1,random_et_test_00025,2.35195711248731,23.85480646537799,0.08914713648424642,0.018275080248713493
O03_ref3_metadata_RSB_FiLM_R04,ref3 + metadata + RSB-FiLM R04,Random-ET OOD,1,random_et_test_00026,1.0382597178873008,27.489165851717935,0.33766228205463356,0.005328701809048653
O03_ref3_metadata_RSB_FiLM_R04,ref3 + metadata + RSB-FiLM R04,Random-ET OOD,1,random_et_test_00027,1.0102325967105208,30.534966463837435,0.5049310692928639,0.0029245945625007153
O03_ref3_metadata_RSB_FiLM_R04,ref3 + metadata + RSB-FiLM R04,Random-ET OOD,1,random_et_test_00028,1.0648435448008666,29.190574797473282,0.4201597080478611,0.0047230189666152
O03_ref3_metadata_RSB_FiLM_R04,ref3 + metadata + RSB-FiLM R04,Random-ET OOD,1,random_et_test_00029,0.9963849321199539,28.672490709827805,0.3982586018041027,0.0028013049159199
O03_ref3_metadata_RSB_FiLM_R04,ref3 + metadata + RSB-FiLM R04,Random-ET OOD,1,random_et_test_00030,1.1671086350592297,27.262549107059012,0.2992705530865384,0.00752733089029789
O03_ref3_metadata_RSB_FiLM_R04,ref3 + metadata + RSB-FiLM R04,Random-ET OOD,1,random_et_test_00031,0.9875903461823486,31.544398636232934,0.5648498653821113,0.0014903091359883547
O03_ref3_metadata_RSB_FiLM_R04,ref3 + metadata + RSB-FiLM R04,Random-ET OOD,1,random_et_test_00032,0.9934169746501921,29.04389919318605,0.4208128049123669,0.0026547142770141363
O03_ref3_metadata_RSB_FiLM_R04,ref3 + metadata + RSB-FiLM R04,Random-ET OOD,1,random_et_test_00033,1.0379411329491621,30.77447016090011,0.507580815743595,0.0037602484226226807
O03_ref3_metadata_RSB_FiLM_R04,ref3 + metadata + RSB-FiLM R04,Random-ET OOD,1,random_et_test_00034,2.4553943219287606,27.346649923632512,0.17057779301807985,0.013044092804193497
O03_ref3_metadata_RSB_FiLM_R04,ref3 + metadata + RSB-FiLM R04,Random-ET OOD,1,random_et_test_00035,1.0952892694260021,28.89812577910012,0.40685594825021454,0.005200620274990797
O03_ref3_metadata_RSB_FiLM_R04,ref3 + metadata + RSB-FiLM R04,Random-ET OOD,1,random_et_test_00036,1.1144299043736638,26.708082009639995,0.286368964333012,0.007881199941039085
O03_ref3_metadata_RSB_FiLM_R04,ref3 + metadata + RSB-FiLM R04,Random-ET OOD,1,random_et_test_00037,1.0057165968116084,27.131512253473623,0.3219790295899315,0.005023259203881025
O03_ref3_metadata_RSB_FiLM_R04,ref3 + metadata + RSB-FiLM R04,Random-ET OOD,1,random_et_test_00038,0.9982581319744355,28.465828956250686,0.3897806313185732,0.003353202948346734
O03_ref3_metadata_RSB_FiLM_R04,ref3 + metadata + RSB-FiLM R04,Random-ET OOD,1,random_et_test_00039,0.9881683962688954,29.495497712600628,0.4513416160052184,0.00254919589497149
O03_ref3_metadata_RSB_FiLM_R04,ref3 + metadata + RSB-FiLM R04,Random-ET OOD,1,random_et_test_00040,1.0279966115862784,28.96021068641257,0.41407738429530955,0.0038921295199543238
O03_ref3_metadata_RSB_FiLM_R04,ref3 + metadata + RSB-FiLM R04,Random-ET OOD,1,random_et_test_00041,1.0398791338388644,31.61394234917022,0.5554727653514305,0.0034437691792845726
O03_ref3_metadata_RSB_FiLM_R04,ref3 + metadata + RSB-FiLM R04,Random-ET OOD,1,random_et_test_00042,1.0191663491766458,27.006369589259194,0.3145451492746329,0.0055785952135920525
O03_ref3_metadata_RSB_FiLM_R04,ref3 + metadata + RSB-FiLM R04,Random-ET OOD,1,random_et_test_00043,0.9952991320354493,32.22187223826403,0.6015486896726295,0.0017228308133780956
O03_ref3_metadata_RSB_FiLM_R04,ref3 + metadata + RSB-FiLM R04,Random-ET OOD,1,random_et_test_00044,0.9959680739436224,29.21434255949717,0.4321643319785208,0.0030635688453912735
O03_ref3_metadata_RSB_FiLM_R04,ref3 + metadata + RSB-FiLM R04,Random-ET OOD,1,random_et_test_00045,1.1000661845824866,28.718664363756975,0.3942550559584815,0.004598379600793123
O03_ref3_metadata_RSB_FiLM_R04,ref3 + metadata + RSB-FiLM R04,Random-ET OOD,1,random_et_test_00046,1.1086248406912074,28.986089946163883,0.3970101561295379,0.005335254594683647
O03_ref3_metadata_RSB_FiLM_R04,ref3 + metadata + RSB-FiLM R04,Random-ET OOD,1,random_et_test_00047,1.0258712817970954,27.59036142796885,0.34002423938182785,0.004060298670083284
O03_ref3_metadata_RSB_FiLM_R04,ref3 + metadata + RSB-FiLM R04,Random-ET OOD,1,random_et_test_00048,1.01604355319924,29.46677739961237,0.4436315783998615,0.0033877575770020485
O03_ref3_metadata_RSB_FiLM_R04,ref3 + metadata + RSB-FiLM R04,Random-ET OOD,1,random_et_test_00049,1.1029656050003152,28.38512143805434,0.3747535295856499,0.005086206831037998
O03_ref3_metadata_RSB_FiLM_R04,ref3 + metadata + RSB-FiLM R04,Random-ET OOD,1,random_et_test_00050,1.2040884001859333,27.634870576292435,0.29309448056286336,0.008592446334660053
O03_ref3_metadata_RSB_FiLM_R04,ref3 + metadata + RSB-FiLM R04,Random-ET OOD,1,random_et_test_00051,1.0220235838794114,31.49467420558086,0.5600596114676616,0.0020893975161015987
O03_ref3_metadata_RSB_FiLM_R04,ref3 + metadata + RSB-FiLM R04,Random-ET OOD,1,random_et_test_00052,1.00597292719396,28.786083524456828,0.40757477515473256,0.003616001922637224
O03_ref3_metadata_RSB_FiLM_R04,ref3 + metadata + RSB-FiLM R04,Random-ET OOD,1,random_et_test_00053,1.0909221407162482,26.540962903538986,0.265069298346295,0.009326406754553318
O03_ref3_metadata_RSB_FiLM_R04,ref3 + metadata + RSB-FiLM R04,Random-ET OOD,1,random_et_test_00054,0.9926375943748966,30.808690200023076,0.5217730065659545,0.0016961180372163653
O03_ref3_metadata_RSB_FiLM_R04,ref3 + metadata + RSB-FiLM R04,Random-ET OOD,1,random_et_test_00055,1.0333504450657462,30.74498831121356,0.5159907824912996,0.0036494433879852295
O03_ref3_metadata_RSB_FiLM_R04,ref3 + metadata + RSB-FiLM R04,Random-ET OOD,1,random_et_test_00056,0.9940167812279834,29.28764801467399,0.43467167951438257,0.002471656771376729
O03_ref3_metadata_RSB_FiLM_R04,ref3 + metadata + RSB-FiLM R04,Random-ET OOD,1,random_et_test_00057,1.054891546714742,26.713073949559924,0.2925249412022292,0.006592259276658297
O03_ref3_metadata_RSB_FiLM_R04,ref3 + metadata + RSB-FiLM R04,Random-ET OOD,1,random_et_test_00058,1.000434464956404,27.992604115641143,0.3683483661778083,0.0037824336905032396
O03_ref3_metadata_RSB_FiLM_R04,ref3 + metadata + RSB-FiLM R04,Random-ET OOD,1,random_et_test_00059,0.9945354706951572,31.52141316345688,0.5628006828278921,0.0016439913306385279
O03_ref3_metadata_RSB_FiLM_R04,ref3 + metadata + RSB-FiLM R04,Random-ET OOD,1,random_et_test_00060,1.015552499280225,27.343236588225132,0.32839267345336237,0.004037205129861832
O03_ref3_metadata_RSB_FiLM_R04,ref3 + metadata + RSB-FiLM R04,Random-ET OOD,1,random_et_test_00061,1.208005140128942,26.068804120491897,0.24641598605598586,0.009587238542735577
O03_ref3_metadata_RSB_FiLM_R04,ref3 + metadata + RSB-FiLM R04,Random-ET OOD,1,random_et_test_00062,1.076422394121397,27.756582792388926,0.3322221107991043,0.006227816920727491
O03_ref3_metadata_RSB_FiLM_R04,ref3 + metadata + RSB-FiLM R04,Random-ET OOD,1,random_et_test_00063,0.9962441552586436,31.586155501852062,0.5654020957613297,0.0015084519982337952
O03_ref3_metadata_RSB_FiLM_R04,ref3 + metadata + RSB-FiLM R04,Random-ET OOD,1,random_et_test_00064,0.9962138989009317,30.125652593226384,0.4817365766884941,0.0022359704598784447
O03_ref3_metadata_RSB_FiLM_R04,ref3 + metadata + RSB-FiLM R04,Random-ET OOD,1,random_et_test_00065,1.0203822525905462,28.078103128690298,0.3601688565932021,0.005222394596785307
O03_ref3_metadata_RSB_FiLM_R04,ref3 + metadata + RSB-FiLM R04,Random-ET OOD,1,random_et_test_00066,1.113252658222,29.35908109725704,0.4156817124160416,0.005196598824113607
O03_ref3_metadata_RSB_FiLM_R04,ref3 + metadata + RSB-FiLM R04,Random-ET OOD,1,random_et_test_00067,1.028607049114347,27.93519085606774,0.3556144060524807,0.005029526073485613
O03_ref3_metadata_RSB_FiLM_R04,ref3 + metadata + RSB-FiLM R04,Random-ET OOD,1,random_et_test_00068,1.0578936506561538,27.33446235553574,0.3147270919916911,0.007064553909003735
O03_ref3_metadata_RSB_FiLM_R04,ref3 + metadata + RSB-FiLM R04,Random-ET OOD,1,random_et_test_00069,1.0068051094037602,29.029801570098975,0.4230580797413077,0.0034882770851254463
O03_ref3_metadata_RSB_FiLM_R04,ref3 + metadata + RSB-FiLM R04,Random-ET OOD,1,random_et_test_00070,1.7695836607687965,27.48833440689664,0.2289059770808714,0.010705363005399704
O03_ref3_metadata_RSB_FiLM_R04,ref3 + metadata + RSB-FiLM R04,Random-ET OOD,1,random_et_test_00071,0.9922015885760046,29.38266013872241,0.4396050921761643,0.0023259108420461416
O03_ref3_metadata_RSB_FiLM_R04,ref3 + metadata + RSB-FiLM R04,Random-ET OOD,1,random_et_test_00072,1.5517444610229651,32.32945369628635,0.4759116930061411,0.00658806087449193
O03_ref3_metadata_RSB_FiLM_R04,ref3 + metadata + RSB-FiLM R04,Random-ET OOD,1,random_et_test_00073,1.0070429220406838,27.386916899253357,0.32919226085633296,0.005152298137545586
O03_ref3_metadata_RSB_FiLM_R04,ref3 + metadata + RSB-FiLM R04,Random-ET OOD,1,random_et_test_00074,1.0602621080732086,30.855577570010453,0.5207312179004078,0.0027405512519180775
O03_ref3_metadata_RSB_FiLM_R04,ref3 + metadata + RSB-FiLM R04,Random-ET OOD,1,random_et_test_00075,1.0088390526022353,29.035033172014458,0.4197107338092958,0.002835990162566304
O03_ref3_metadata_RSB_FiLM_R04,ref3 + metadata + RSB-FiLM R04,Random-ET OOD,1,random_et_test_00076,1.020240608054525,30.288215131739122,0.4907909072378707,0.0023532374761998653
O03_ref3_metadata_RSB_FiLM_R04,ref3 + metadata + RSB-FiLM R04,Random-ET OOD,1,random_et_test_00077,1.0155422904549656,29.228047827260013,0.4312673954624599,0.003062683390453458
O03_ref3_metadata_RSB_FiLM_R04,ref3 + metadata + RSB-FiLM R04,Random-ET OOD,1,random_et_test_00078,1.0066679488104942,29.47803426477607,0.44539648573209006,0.002999141812324524
O03_ref3_metadata_RSB_FiLM_R04,ref3 + metadata + RSB-FiLM R04,Random-ET OOD,1,random_et_test_00079,1.0031292979861597,28.345181278550022,0.38101914679936827,0.0036525502800941467
O03_ref3_metadata_RSB_FiLM_R04,ref3 + metadata + RSB-FiLM R04,Random-ET OOD,1,random_et_test_00080,1.050915739246283,26.944650036443115,0.28949196551094486,0.007727384567260742
O03_ref3_metadata_RSB_FiLM_R04,ref3 + metadata + RSB-FiLM R04,Random-ET OOD,1,random_et_test_00081,0.9834819460045872,28.435335061567898,0.39395518878566604,0.003392109414562583
O03_ref3_metadata_RSB_FiLM_R04,ref3 + metadata + RSB-FiLM R04,Random-ET OOD,1,random_et_test_00082,1.5844394159442523,29.34298402429914,0.3859256157999798,0.006263674236834049
O03_ref3_metadata_RSB_FiLM_R04,ref3 + metadata + RSB-FiLM R04,Random-ET OOD,1,random_et_test_00083,1.0037883291136502,30.948432190530966,0.5286004214393899,0.0020229134242981672
O03_ref3_metadata_RSB_FiLM_R04,ref3 + metadata + RSB-FiLM R04,Random-ET OOD,1,random_et_test_00084,1.0405060031678375,29.865601054547845,0.45891876607708243,0.0038781005423516035
O03_ref3_metadata_RSB_FiLM_R04,ref3 + metadata + RSB-FiLM R04,Random-ET OOD,1,random_et_test_00085,1.0369740593737626,29.644131642089352,0.4402946547392901,0.004573896061629057
O03_ref3_metadata_RSB_FiLM_R04,ref3 + metadata + RSB-FiLM R04,Random-ET OOD,1,random_et_test_00086,1.1872097541090656,29.730157227813162,0.40965107778397436,0.006305105518549681
O03_ref3_metadata_RSB_FiLM_R04,ref3 + metadata + RSB-FiLM R04,Random-ET OOD,1,random_et_test_00087,1.060035845829066,28.077133409291022,0.3567825056347622,0.005949061363935471
O03_ref3_metadata_RSB_FiLM_R04,ref3 + metadata + RSB-FiLM R04,Random-ET OOD,1,random_et_test_00088,0.9970327835101375,30.39333111967613,0.49802138829856457,0.002214716048911214
O03_ref3_metadata_RSB_FiLM_R04,ref3 + metadata + RSB-FiLM R04,Random-ET OOD,1,random_et_test_00089,1.074594840966333,29.487710584716403,0.4434623930310236,0.0035883814562112093
O03_ref3_metadata_RSB_FiLM_R04,ref3 + metadata + RSB-FiLM R04,Random-ET OOD,1,random_et_test_00090,1.0131066196007918,32.043454205760256,0.5903752367228712,0.0019478964386507869
O03_ref3_metadata_RSB_FiLM_R04,ref3 + metadata + RSB-FiLM R04,Random-ET OOD,1,random_et_test_00091,1.5099326613745998,27.68910790050045,0.29419500013022376,0.007648090366274118
O03_ref3_metadata_RSB_FiLM_R04,ref3 + metadata + RSB-FiLM R04,Random-ET OOD,1,random_et_test_00092,1.000546531086141,27.263586666418426,0.3205776455517236,0.003653014777228236
O03_ref3_metadata_RSB_FiLM_R04,ref3 + metadata + RSB-FiLM R04,Random-ET OOD,1,random_et_test_00093,1.0462352709407454,29.30927351906808,0.4383120823761067,0.003517997683957219
O03_ref3_metadata_RSB_FiLM_R04,ref3 + metadata + RSB-FiLM R04,Random-ET OOD,1,random_et_test_00094,1.0453474682168526,27.755659345873504,0.33895222127443064,0.006148514803498983
O03_ref3_metadata_RSB_FiLM_R04,ref3 + metadata + RSB-FiLM R04,Random-ET OOD,1,random_et_test_00095,1.0062421973474995,27.34750573558469,0.32810772580524344,0.0053762346506118774
O03_ref3_metadata_RSB_FiLM_R04,ref3 + metadata + RSB-FiLM R04,Random-ET OOD,1,random_et_test_00096,1.1927883188895596,28.710810152099175,0.3775806807829122,0.005576425697654486
O03_ref3_metadata_RSB_FiLM_R04,ref3 + metadata + RSB-FiLM R04,Random-ET OOD,1,random_et_test_00097,1.010500212200143,29.117342067715914,0.42440934098404703,0.00318989809602499
O03_ref3_metadata_RSB_FiLM_R04,ref3 + metadata + RSB-FiLM R04,Random-ET OOD,1,random_et_test_00098,1.0276456775962322,30.18169097301714,0.4829620013741539,0.0031843085307627916
O03_ref3_metadata_RSB_FiLM_R04,ref3 + metadata + RSB-FiLM R04,Random-ET OOD,1,random_et_test_00099,1.1007933781257586,25.1565325987994,0.2169788614966779,0.0100274458527565
O03_ref3_metadata_RSB_FiLM_R04,ref3 + metadata + RSB-FiLM R04,Random-ET OOD,2,random_et_test_00000,1.0214838704752538,30.478835960791038,0.5036117298648723,0.0027523040771484375
O03_ref3_metadata_RSB_FiLM_R04,ref3 + metadata + RSB-FiLM R04,Random-ET OOD,2,random_et_test_00001,1.2402782770343888,32.48073271629357,0.5882812954245608,0.0034494760911911726
O03_ref3_metadata_RSB_FiLM_R04,ref3 + metadata + RSB-FiLM R04,Random-ET OOD,2,random_et_test_00002,1.1040591529043715,30.332082977386857,0.48245343090765136,0.00397443724796176
O03_ref3_metadata_RSB_FiLM_R04,ref3 + metadata + RSB-FiLM R04,Random-ET OOD,2,random_et_test_00003,1.1541453306717115,26.87197266707372,0.2975957507622438,0.0057744225487113
O03_ref3_metadata_RSB_FiLM_R04,ref3 + metadata + RSB-FiLM R04,Random-ET OOD,2,random_et_test_00004,1.5701824372623712,26.45841590822694,0.22677643892112256,0.009675235487520695
O03_ref3_metadata_RSB_FiLM_R04,ref3 + metadata + RSB-FiLM R04,Random-ET OOD,2,random_et_test_00005,1.5076415488979609,28.761712443037727,0.3546021099973868,0.006278517656028271
O03_ref3_metadata_RSB_FiLM_R04,ref3 + metadata + RSB-FiLM R04,Random-ET OOD,2,random_et_test_00006,1.2027684920072248,29.96175582334008,0.4273442047570179,0.005490144249051809
O03_ref3_metadata_RSB_FiLM_R04,ref3 + metadata + RSB-FiLM R04,Random-ET OOD,2,random_et_test_00007,1.0155299885517235,29.533264048361197,0.4468478060554533,0.0029205437749624252
O03_ref3_metadata_RSB_FiLM_R04,ref3 + metadata + RSB-FiLM R04,Random-ET OOD,2,random_et_test_00008,1.036032170469457,27.467457343581685,0.334787850249178,0.004983877297490835
O03_ref3_metadata_RSB_FiLM_R04,ref3 + metadata + RSB-FiLM R04,Random-ET OOD,2,random_et_test_00009,1.328327082895555,29.279892082987665,0.40518876737389287,0.005393503233790398
O03_ref3_metadata_RSB_FiLM_R04,ref3 + metadata + RSB-FiLM R04,Random-ET OOD,2,random_et_test_00010,1.0383570418896573,28.764973153246448,0.4044036026103121,0.003671964630484581
O03_ref3_metadata_RSB_FiLM_R04,ref3 + metadata + RSB-FiLM R04,Random-ET OOD,2,random_et_test_00011,1.1622460127600818,26.843255497316285,0.2877420634142395,0.0072585721500217915
O03_ref3_metadata_RSB_FiLM_R04,ref3 + metadata + RSB-FiLM R04,Random-ET OOD,2,random_et_test_00012,1.1293335871759071,28.068843131163845,0.3657501166418505,0.0043241227976977825
O03_ref3_metadata_RSB_FiLM_R04,ref3 + metadata + RSB-FiLM R04,Random-ET OOD,2,random_et_test_00013,1.0570833036458063,31.59961290803006,0.5601385120416776,0.0028636292554438114
O03_ref3_metadata_RSB_FiLM_R04,ref3 + metadata + RSB-FiLM R04,Random-ET OOD,2,random_et_test_00014,0.996632654311078,30.46691503195047,0.4988971212448354,0.0015932500828057528
O03_ref3_metadata_RSB_FiLM_R04,ref3 + metadata + RSB-FiLM R04,Random-ET OOD,2,random_et_test_00015,1.001573298184698,28.222451139431826,0.37694615656745695,0.0036065976601094007
O03_ref3_metadata_RSB_FiLM_R04,ref3 + metadata + RSB-FiLM R04,Random-ET OOD,2,random_et_test_00016,1.2971775854604475,26.88466529272589,0.2752116406710657,0.007814555428922176
O03_ref3_metadata_RSB_FiLM_R04,ref3 + metadata + RSB-FiLM R04,Random-ET OOD,2,random_et_test_00017,1.2786627378849704,26.754844626793435,0.25857160827835557,0.00889597088098526
O03_ref3_metadata_RSB_FiLM_R04,ref3 + metadata + RSB-FiLM R04,Random-ET OOD,2,random_et_test_00018,1.175361331780317,27.445882920891727,0.31765838286873116,0.0067214989103376865
O03_ref3_metadata_RSB_FiLM_R04,ref3 + metadata + RSB-FiLM R04,Random-ET OOD,2,random_et_test_00019,1.0328887019967041,28.05846069841447,0.3706012367197654,0.004847060889005661
O03_ref3_metadata_RSB_FiLM_R04,ref3 + metadata + RSB-FiLM R04,Random-ET OOD,2,random_et_test_00020,1.5159199648846395,26.916073677333934,0.25189545159076254,0.008807646110653877
O03_ref3_metadata_RSB_FiLM_R04,ref3 + metadata + RSB-FiLM R04,Random-ET OOD,2,random_et_test_00021,1.6290636195313766,26.329726296928634,0.2696447811342776,0.0064076692797243595
O03_ref3_metadata_RSB_FiLM_R04,ref3 + metadata + RSB-FiLM R04,Random-ET OOD,2,random_et_test_00022,1.2567676261965592,29.776118722635736,0.4320603775328386,0.00485604302957654
O03_ref3_metadata_RSB_FiLM_R04,ref3 + metadata + RSB-FiLM R04,Random-ET OOD,2,random_et_test_00023,1.039929670001119,28.0079209946661,0.36217901654609463,0.005215831566601992
O03_ref3_metadata_RSB_FiLM_R04,ref3 + metadata + RSB-FiLM R04,Random-ET OOD,2,random_et_test_00024,2.297520877114117,27.487801084251757,0.2794539113581321,0.007562154904007912
O03_ref3_metadata_RSB_FiLM_R04,ref3 + metadata + RSB-FiLM R04,Random-ET OOD,2,random_et_test_00025,3.0328769419153883,22.750552635300792,0.06659789297447136,0.01927615888416767
O03_ref3_metadata_RSB_FiLM_R04,ref3 + metadata + RSB-FiLM R04,Random-ET OOD,2,random_et_test_00026,1.0267787570241864,27.537457286177933,0.3369829942611578,0.004352790303528309
O03_ref3_metadata_RSB_FiLM_R04,ref3 + metadata + RSB-FiLM R04,Random-ET OOD,2,random_et_test_00027,1.062594091914499,30.315506317944877,0.4894580217415581,0.003158015199005604
O03_ref3_metadata_RSB_FiLM_R04,ref3 + metadata + RSB-FiLM R04,Random-ET OOD,2,random_et_test_00028,1.042162070939167,29.284080220680806,0.43009889004067375,0.003639967879280448
O03_ref3_metadata_RSB_FiLM_R04,ref3 + metadata + RSB-FiLM R04,Random-ET OOD,2,random_et_test_00029,0.9959197065655618,28.674519059485007,0.39729217457861515,0.002659191144630313
O03_ref3_metadata_RSB_FiLM_R04,ref3 + metadata + RSB-FiLM R04,Random-ET OOD,2,random_et_test_00030,1.2410698807327802,26.995699715669588,0.29152332467166747,0.007194035220891237
O03_ref3_metadata_RSB_FiLM_R04,ref3 + metadata + RSB-FiLM R04,Random-ET OOD,2,random_et_test_00031,0.9979455142722592,31.499098813334456,0.5584622183409953,0.0012841122224926949
O03_ref3_metadata_RSB_FiLM_R04,ref3 + metadata + RSB-FiLM R04,Random-ET OOD,2,random_et_test_00032,0.9999461092885454,29.01544888909428,0.41276280228288853,0.0020846573170274496
O03_ref3_metadata_RSB_FiLM_R04,ref3 + metadata + RSB-FiLM R04,Random-ET OOD,2,random_et_test_00033,1.0040204196958842,30.91877219840149,0.5269555070870624,0.0021371154580265284
O03_ref3_metadata_RSB_FiLM_R04,ref3 + metadata + RSB-FiLM R04,Random-ET OOD,2,random_et_test_00034,2.3347398646527817,27.56547757755495,0.20441534863004268,0.011078535579144955
O03_ref3_metadata_RSB_FiLM_R04,ref3 + metadata + RSB-FiLM R04,Random-ET OOD,2,random_et_test_00035,1.665097888851069,27.079016637991295,0.29791663772245697,0.0067030200734734535
O03_ref3_metadata_RSB_FiLM_R04,ref3 + metadata + RSB-FiLM R04,Random-ET OOD,2,random_et_test_00036,1.1172697635659903,26.697029055891615,0.2924306629533719,0.006997174117714167
O03_ref3_metadata_RSB_FiLM_R04,ref3 + metadata + RSB-FiLM R04,Random-ET OOD,2,random_et_test_00037,1.003470086880449,27.141224242141583,0.31862238516059604,0.004519454203546047
O03_ref3_metadata_RSB_FiLM_R04,ref3 + metadata + RSB-FiLM R04,Random-ET OOD,2,random_et_test_00038,1.003592959544496,28.44268141200847,0.3853121760498661,0.0031770076602697372
O03_ref3_metadata_RSB_FiLM_R04,ref3 + metadata + RSB-FiLM R04,Random-ET OOD,2,random_et_test_00039,0.9924680939754196,29.476641974737504,0.44586933784309507,0.0023509948514401913
O03_ref3_metadata_RSB_FiLM_R04,ref3 + metadata + RSB-FiLM R04,Random-ET OOD,2,random_et_test_00040,1.0109974966463582,29.032626580720134,0.4189046338193753,0.003529541427269578
O03_ref3_metadata_RSB_FiLM_R04,ref3 + metadata + RSB-FiLM R04,Random-ET OOD,2,random_et_test_00041,1.115988156389381,31.30717492279792,0.5431957655589102,0.0031481627374887466
O03_ref3_metadata_RSB_FiLM_R04,ref3 + metadata + RSB-FiLM R04,Random-ET OOD,2,random_et_test_00042,1.009964056698992,27.04576095656246,0.3146026676658788,0.0052501000463962555
O03_ref3_metadata_RSB_FiLM_R04,ref3 + metadata + RSB-FiLM R04,Random-ET OOD,2,random_et_test_00043,0.9998223688978765,32.20217995566532,0.5989345000513853,0.0012998990714550018
O03_ref3_metadata_RSB_FiLM_R04,ref3 + metadata + RSB-FiLM R04,Random-ET OOD,2,random_et_test_00044,1.000360085548927,29.19523335313754,0.425105583377963,0.002254222286865115
O03_ref3_metadata_RSB_FiLM_R04,ref3 + metadata + RSB-FiLM R04,Random-ET OOD,2,random_et_test_00045,1.117261519953676,28.651303962718625,0.39087463752259616,0.004458434414118528
O03_ref3_metadata_RSB_FiLM_R04,ref3 + metadata + RSB-FiLM R04,Random-ET OOD,2,random_et_test_00046,1.346917261925799,28.14052699522769,0.33673765643381703,0.006264710798859596
O03_ref3_metadata_RSB_FiLM_R04,ref3 + metadata + RSB-FiLM R04,Random-ET OOD,2,random_et_test_00047,1.029420140202131,27.57536344710108,0.33962505058962517,0.004010186064988375
O03_ref3_metadata_RSB_FiLM_R04,ref3 + metadata + RSB-FiLM R04,Random-ET OOD,2,random_et_test_00048,1.035207746990046,29.385625592635694,0.43844695978234005,0.003352516796439886
O03_ref3_metadata_RSB_FiLM_R04,ref3 + metadata + RSB-FiLM R04,Random-ET OOD,2,random_et_test_00049,1.210886300882839,27.97970750173025,0.3493777279069729,0.005440350156277418
O03_ref3_metadata_RSB_FiLM_R04,ref3 + metadata + RSB-FiLM R04,Random-ET OOD,2,random_et_test_00050,1.1886987883883207,27.690736167745346,0.3082406084943124,0.007623647805303335
O03_ref3_metadata_RSB_FiLM_R04,ref3 + metadata + RSB-FiLM R04,Random-ET OOD,2,random_et_test_00051,1.001141226052476,31.58432961844824,0.5647226785513025,0.0015240636421367526
O03_ref3_metadata_RSB_FiLM_R04,ref3 + metadata + RSB-FiLM R04,Random-ET OOD,2,random_et_test_00052,1.0019808653486446,28.803352218562583,0.40614860885161375,0.003180902684107423
O03_ref3_metadata_RSB_FiLM_R04,ref3 + metadata + RSB-FiLM R04,Random-ET OOD,2,random_et_test_00053,1.0756279456160163,26.602279967225332,0.2754532369391121,0.008321787230670452
O03_ref3_metadata_RSB_FiLM_R04,ref3 + metadata + RSB-FiLM R04,Random-ET OOD,2,random_et_test_00054,0.9989593291991069,30.781119356694987,0.5166770680820935,0.0014432943426072598
O03_ref3_metadata_RSB_FiLM_R04,ref3 + metadata + RSB-FiLM R04,Random-ET OOD,2,random_et_test_00055,1.032311046951896,30.749359038304235,0.5118702487881741,0.0033406110014766455
O03_ref3_metadata_RSB_FiLM_R04,ref3 + metadata + RSB-FiLM R04,Random-ET OOD,2,random_et_test_00056,0.9962013859109152,29.278113571538952,0.4302154938296635,0.002042341511696577
O03_ref3_metadata_RSB_FiLM_R04,ref3 + metadata + RSB-FiLM R04,Random-ET OOD,2,random_et_test_00057,1.074136790593373,26.63455607842643,0.29054403472511764,0.005458869505673647
O03_ref3_metadata_RSB_FiLM_R04,ref3 + metadata + RSB-FiLM R04,Random-ET OOD,2,random_et_test_00058,1.0200612911199054,27.908227678503053,0.3576917424625787,0.0037780331913381815
O03_ref3_metadata_RSB_FiLM_R04,ref3 + metadata + RSB-FiLM R04,Random-ET OOD,2,random_et_test_00059,0.9962501727508224,31.5139319703546,0.5602752985726756,0.0013462243368849158
O03_ref3_metadata_RSB_FiLM_R04,ref3 + metadata + RSB-FiLM R04,Random-ET OOD,2,random_et_test_00060,1.004695071178443,27.38991761270443,0.32718085941100333,0.0036977010313421488
O03_ref3_metadata_RSB_FiLM_R04,ref3 + metadata + RSB-FiLM R04,Random-ET OOD,2,random_et_test_00061,1.1960178426814592,26.112115508108577,0.25400165169874933,0.00862736813724041
O03_ref3_metadata_RSB_FiLM_R04,ref3 + metadata + RSB-FiLM R04,Random-ET OOD,2,random_et_test_00062,1.3588087346510764,26.74482702248699,0.2727614449142111,0.007457095663994551
O03_ref3_metadata_RSB_FiLM_R04,ref3 + metadata + RSB-FiLM R04,Random-ET OOD,2,random_et_test_00063,0.9990127142988234,31.574102996699075,0.5637450759139061,0.0014947402523830533
O03_ref3_metadata_RSB_FiLM_R04,ref3 + metadata + RSB-FiLM R04,Random-ET OOD,2,random_et_test_00064,1.0023000003536413,30.09920116779839,0.47812707222647,0.0020405384711921215
O03_ref3_metadata_RSB_FiLM_R04,ref3 + metadata + RSB-FiLM R04,Random-ET OOD,2,random_et_test_00065,1.0450182579537484,27.974493215223998,0.353583612082181,0.005137585569173098
O03_ref3_metadata_RSB_FiLM_R04,ref3 + metadata + RSB-FiLM R04,Random-ET OOD,2,random_et_test_00066,1.1538228396184118,29.203627242166164,0.414553721186829,0.00465792790055275
O03_ref3_metadata_RSB_FiLM_R04,ref3 + metadata + RSB-FiLM R04,Random-ET OOD,2,random_et_test_00067,1.0963430957994362,27.65822108597053,0.3420294428462277,0.005155843682587147
O03_ref3_metadata_RSB_FiLM_R04,ref3 + metadata + RSB-FiLM R04,Random-ET OOD,2,random_et_test_00068,1.0879682712953282,27.212720176724975,0.3142271946539966,0.006185633130371571
O03_ref3_metadata_RSB_FiLM_R04,ref3 + metadata + RSB-FiLM R04,Random-ET OOD,2,random_et_test_00069,0.999488153025633,29.061479201003927,0.4208069862475934,0.002644095104187727
O03_ref3_metadata_RSB_FiLM_R04,ref3 + metadata + RSB-FiLM R04,Random-ET OOD,2,random_et_test_00070,3.622359308132617,24.37713026148327,0.10557905331593102,0.013929196633398533
O03_ref3_metadata_RSB_FiLM_R04,ref3 + metadata + RSB-FiLM R04,Random-ET OOD,2,random_et_test_00071,0.9993680895556969,29.351404360247937,0.43146385513250457,0.0018308645812794566
O03_ref3_metadata_RSB_FiLM_R04,ref3 + metadata + RSB-FiLM R04,Random-ET OOD,2,random_et_test_00072,1.5943566206345148,32.21180101814579,0.4895438933949479,0.006013985723257065
O03_ref3_metadata_RSB_FiLM_R04,ref3 + metadata + RSB-FiLM R04,Random-ET OOD,2,random_et_test_00073,1.015553182945333,27.350370007067177,0.32658067432332866,0.0049254694022238255
O03_ref3_metadata_RSB_FiLM_R04,ref3 + metadata + RSB-FiLM R04,Random-ET OOD,2,random_et_test_00074,1.2902107531753573,30.003103173631878,0.46676712545680565,0.0034871655516326427
O03_ref3_metadata_RSB_FiLM_R04,ref3 + metadata + RSB-FiLM R04,Random-ET OOD,2,random_et_test_00075,1.0009977957540932,29.068920906052632,0.42217845584754043,0.002745534060522914
O03_ref3_metadata_RSB_FiLM_R04,ref3 + metadata + RSB-FiLM R04,Random-ET OOD,2,random_et_test_00076,1.0023065442164947,30.365235668055416,0.49535759067162194,0.0021766151767224073
O03_ref3_metadata_RSB_FiLM_R04,ref3 + metadata + RSB-FiLM R04,Random-ET OOD,2,random_et_test_00077,1.0227139138219834,29.197486332655103,0.42829506105797976,0.0030602526385337114
O03_ref3_metadata_RSB_FiLM_R04,ref3 + metadata + RSB-FiLM R04,Random-ET OOD,2,random_et_test_00078,1.0390091355522866,29.340702956982895,0.4355159495063853,0.0031437864527106285
O03_ref3_metadata_RSB_FiLM_R04,ref3 + metadata + RSB-FiLM R04,Random-ET OOD,2,random_et_test_00079,1.0016078593260167,28.351773254367544,0.37767570316667093,0.0031411631498485804
O03_ref3_metadata_RSB_FiLM_R04,ref3 + metadata + RSB-FiLM R04,Random-ET OOD,2,random_et_test_00080,1.072795698600653,26.85515894837078,0.28996190320846676,0.0070749204605817795
O03_ref3_metadata_RSB_FiLM_R04,ref3 + metadata + RSB-FiLM R04,Random-ET OOD,2,random_et_test_00081,0.9990660461886419,28.36705712744491,0.38041864876416365,0.0030777526553720236
O03_ref3_metadata_RSB_FiLM_R04,ref3 + metadata + RSB-FiLM R04,Random-ET OOD,2,random_et_test_00082,1.6956280018275318,29.048434637020975,0.3871818514816868,0.00538473529741168
O03_ref3_metadata_RSB_FiLM_R04,ref3 + metadata + RSB-FiLM R04,Random-ET OOD,2,random_et_test_00083,1.0148063070932,30.90102205607058,0.5260032643220318,0.0022116873878985643
O03_ref3_metadata_RSB_FiLM_R04,ref3 + metadata + RSB-FiLM R04,Random-ET OOD,2,random_et_test_00084,1.0386214009525252,29.873474086329217,0.4643039438761394,0.003257951233536005
O03_ref3_metadata_RSB_FiLM_R04,ref3 + metadata + RSB-FiLM R04,Random-ET OOD,2,random_et_test_00085,1.0540559992722873,29.57317372374064,0.44119173607578327,0.004137436393648386
O03_ref3_metadata_RSB_FiLM_R04,ref3 + metadata + RSB-FiLM R04,Random-ET OOD,2,random_et_test_00086,2.0526997562887264,27.352177521251484,0.26954934724226826,0.007500504609197378
O03_ref3_metadata_RSB_FiLM_R04,ref3 + metadata + RSB-FiLM R04,Random-ET OOD,2,random_et_test_00087,2.274527198586345,24.761427656594503,0.1653038688220611,0.01054399460554123
O03_ref3_metadata_RSB_FiLM_R04,ref3 + metadata + RSB-FiLM R04,Random-ET OOD,2,random_et_test_00088,0.9964610875505792,30.395822087409478,0.49580440018939104,0.001700179185718298
O03_ref3_metadata_RSB_FiLM_R04,ref3 + metadata + RSB-FiLM R04,Random-ET OOD,2,random_et_test_00089,1.227546979815721,28.909777102504947,0.41615197563239287,0.0037508662790060043
O03_ref3_metadata_RSB_FiLM_R04,ref3 + metadata + RSB-FiLM R04,Random-ET OOD,2,random_et_test_00090,1.0377794436020868,31.93895525857702,0.5831168674277477,0.0021235281601548195
O03_ref3_metadata_RSB_FiLM_R04,ref3 + metadata + RSB-FiLM R04,Random-ET OOD,2,random_et_test_00091,3.044797378406658,24.643099889031816,0.15860545507040932,0.009053395129740238
O03_ref3_metadata_RSB_FiLM_R04,ref3 + metadata + RSB-FiLM R04,Random-ET OOD,2,random_et_test_00092,0.9997001945426788,27.267261846108077,0.3193770028087944,0.003468036185950041
O03_ref3_metadata_RSB_FiLM_R04,ref3 + metadata + RSB-FiLM R04,Random-ET OOD,2,random_et_test_00093,1.5372733541006431,27.63805587822583,0.34624186623413156,0.004926089663058519
O03_ref3_metadata_RSB_FiLM_R04,ref3 + metadata + RSB-FiLM R04,Random-ET OOD,2,random_et_test_00094,1.0857209907218477,27.591083727092034,0.3340080967074745,0.005507016554474831
O03_ref3_metadata_RSB_FiLM_R04,ref3 + metadata + RSB-FiLM R04,Random-ET OOD,2,random_et_test_00095,1.018655359036172,27.294258452121532,0.32409165023296754,0.004802993033081293
O03_ref3_metadata_RSB_FiLM_R04,ref3 + metadata + RSB-FiLM R04,Random-ET OOD,2,random_et_test_00096,1.2205839870278679,28.610767051866368,0.381803933949602,0.0048552220687270164
O03_ref3_metadata_RSB_FiLM_R04,ref3 + metadata + RSB-FiLM R04,Random-ET OOD,2,random_et_test_00097,1.0097775937065256,29.12044881484221,0.4229106690906499,0.0028244731947779655
O03_ref3_metadata_RSB_FiLM_R04,ref3 + metadata + RSB-FiLM R04,Random-ET OOD,2,random_et_test_00098,1.003324607476837,30.285710322573944,0.4909045208134166,0.0021729550790041685
O03_ref3_metadata_RSB_FiLM_R04,ref3 + metadata + RSB-FiLM R04,Random-ET OOD,2,random_et_test_00099,1.1236205009624407,25.067393953934747,0.22075149546548536,0.008009039796888828
O03_ref3_metadata_RSB_FiLM_R04,ref3 + metadata + RSB-FiLM R04,Unseen-Parameter OOD,0,unseen_param_ood_0000,1.0059756045214343,27.06412099502876,0.31047967674458615,0.0030513054225593805
O03_ref3_metadata_RSB_FiLM_R04,ref3 + metadata + RSB-FiLM R04,Unseen-Parameter OOD,0,unseen_param_ood_0001,1.0061506916079919,27.82285848032041,0.3527914057723332,0.0031900466419756413
O03_ref3_metadata_RSB_FiLM_R04,ref3 + metadata + RSB-FiLM R04,Unseen-Parameter OOD,0,unseen_param_ood_0002,1.0016029121602914,26.193119797173317,0.2665261296496355,0.003372353268787265
O03_ref3_metadata_RSB_FiLM_R04,ref3 + metadata + RSB-FiLM R04,Unseen-Parameter OOD,0,unseen_param_ood_0003,0.9986254586420231,24.111132136214213,0.17124790383085142,0.005255461670458317
O03_ref3_metadata_RSB_FiLM_R04,ref3 + metadata + RSB-FiLM R04,Unseen-Parameter OOD,0,unseen_param_ood_0004,1.0025142499210928,28.13341772963526,0.36775917909566663,0.0026491996832191944
O03_ref3_metadata_RSB_FiLM_R04,ref3 + metadata + RSB-FiLM R04,Unseen-Parameter OOD,0,unseen_param_ood_0005,0.9999017423158726,25.370623082430686,0.23199993858934898,0.0046559772454202175
O03_ref3_metadata_RSB_FiLM_R04,ref3 + metadata + RSB-FiLM R04,Unseen-Parameter OOD,0,unseen_param_ood_0006,1.0055537290068106,26.587089192619754,0.30826954955570185,0.003452899632975459
O03_ref3_metadata_RSB_FiLM_R04,ref3 + metadata + RSB-FiLM R04,Unseen-Parameter OOD,0,unseen_param_ood_0007,1.0032836497215663,26.76410005278656,0.2952186599263595,0.0031292398925870657
O03_ref3_metadata_RSB_FiLM_R04,ref3 + metadata + RSB-FiLM R04,Unseen-Parameter OOD,0,unseen_param_ood_0008,0.9987628111741343,24.620958627006445,0.19117160807158434,0.0049130879342556
O03_ref3_metadata_RSB_FiLM_R04,ref3 + metadata + RSB-FiLM R04,Unseen-Parameter OOD,0,unseen_param_ood_0009,1.0073235568486594,27.644176615774562,0.34188772710501586,0.003054469358175993
O03_ref3_metadata_RSB_FiLM_R04,ref3 + metadata + RSB-FiLM R04,Unseen-Parameter OOD,0,unseen_param_ood_0010,0.9984718269391194,24.6129153442962,0.2153766118137922,0.004469604231417179
O03_ref3_metadata_RSB_FiLM_R04,ref3 + metadata + RSB-FiLM R04,Unseen-Parameter OOD,0,unseen_param_ood_0011,0.9968493631460692,24.416380085099053,0.18754253865285067,0.00534845981746912
O03_ref3_metadata_RSB_FiLM_R04,ref3 + metadata + RSB-FiLM R04,Unseen-Parameter OOD,0,unseen_param_ood_0012,1.0031014666178844,26.200959050638055,0.2650025863171773,0.003267788328230381
O03_ref3_metadata_RSB_FiLM_R04,ref3 + metadata + RSB-FiLM R04,Unseen-Parameter OOD,0,unseen_param_ood_0013,1.0123981187059143,28.083027136088308,0.37237859223015374,0.00306879379786551
O03_ref3_metadata_RSB_FiLM_R04,ref3 + metadata + RSB-FiLM R04,Unseen-Parameter OOD,0,unseen_param_ood_0014,1.0064434663963726,27.124650641142356,0.3159074422648474,0.003281054785475135
O03_ref3_metadata_RSB_FiLM_R04,ref3 + metadata + RSB-FiLM R04,Unseen-Parameter OOD,0,unseen_param_ood_0015,1.0071013415687118,27.235566909830844,0.31808369397221964,0.0030364212580025196
O03_ref3_metadata_RSB_FiLM_R04,ref3 + metadata + RSB-FiLM R04,Unseen-Parameter OOD,0,unseen_param_ood_0016,1.0076524326643592,27.458255882471775,0.33341881768071147,0.0032781814225018024
O03_ref3_metadata_RSB_FiLM_R04,ref3 + metadata + RSB-FiLM R04,Unseen-Parameter OOD,0,unseen_param_ood_0017,1.0019174970057116,24.91837703918788,0.20700390015251988,0.004623691085726023
O03_ref3_metadata_RSB_FiLM_R04,ref3 + metadata + RSB-FiLM R04,Unseen-Parameter OOD,0,unseen_param_ood_0018,1.0021020644109684,27.807267902880206,0.35160318913963057,0.002652132650837302
O03_ref3_metadata_RSB_FiLM_R04,ref3 + metadata + RSB-FiLM R04,Unseen-Parameter OOD,0,unseen_param_ood_0019,1.0048142988615516,26.939118490788502,0.30425362624469854,0.003125058487057686
O03_ref3_metadata_RSB_FiLM_R04,ref3 + metadata + RSB-FiLM R04,Unseen-Parameter OOD,0,unseen_param_ood_0020,1.0147494401113588,28.480953621182344,0.3891875277071651,0.0028563837986439466
O03_ref3_metadata_RSB_FiLM_R04,ref3 + metadata + RSB-FiLM R04,Unseen-Parameter OOD,0,unseen_param_ood_0021,0.9972438161664182,27.523147907744008,0.3390835728127166,0.002940656617283821
O03_ref3_metadata_RSB_FiLM_R04,ref3 + metadata + RSB-FiLM R04,Unseen-Parameter OOD,0,unseen_param_ood_0022,0.9981853749559128,27.251525754083108,0.32367394854020226,0.0031221802346408367
O03_ref3_metadata_RSB_FiLM_R04,ref3 + metadata + RSB-FiLM R04,Unseen-Parameter OOD,0,unseen_param_ood_0023,1.0014594597427624,24.055792588699227,0.16940746489387362,0.005308371037244797
O03_ref3_metadata_RSB_FiLM_R04,ref3 + metadata + RSB-FiLM R04,Unseen-Parameter OOD,0,unseen_param_ood_0024,1.0057226601819445,27.95371643946636,0.3565585822195079,0.0025639920495450497
O03_ref3_metadata_RSB_FiLM_R04,ref3 + metadata + RSB-FiLM R04,Unseen-Parameter OOD,0,unseen_param_ood_0025,1.0104135644662515,28.48202925099872,0.386966052873074,0.002585549606010318
O03_ref3_metadata_RSB_FiLM_R04,ref3 + metadata + RSB-FiLM R04,Unseen-Parameter OOD,0,unseen_param_ood_0026,1.010078607016229,27.151201995620543,0.3166900322270286,0.003450526390224695
O03_ref3_metadata_RSB_FiLM_R04,ref3 + metadata + RSB-FiLM R04,Unseen-Parameter OOD,0,unseen_param_ood_0027,1.0008582418255896,27.956176771863703,0.36314274313682837,0.0031024659983813763
O03_ref3_metadata_RSB_FiLM_R04,ref3 + metadata + RSB-FiLM R04,Unseen-Parameter OOD,0,unseen_param_ood_0028,0.9997269748214761,28.35476854372525,0.38204033312731245,0.002571812132373452
O03_ref3_metadata_RSB_FiLM_R04,ref3 + metadata + RSB-FiLM R04,Unseen-Parameter OOD,0,unseen_param_ood_0029,1.004021564831574,27.498021590937046,0.33769523659779976,0.003361680544912815
O03_ref3_metadata_RSB_FiLM_R04,ref3 + metadata + RSB-FiLM R04,Unseen-Parameter OOD,0,unseen_param_ood_0030,1.0155273267990272,27.994219007954634,0.36462633414251955,0.003108148230239749
O03_ref3_metadata_RSB_FiLM_R04,ref3 + metadata + RSB-FiLM R04,Unseen-Parameter OOD,0,unseen_param_ood_0031,1.0004634580109562,25.51881795222481,0.2466447375822078,0.004333733581006527
O03_ref3_metadata_RSB_FiLM_R04,ref3 + metadata + RSB-FiLM R04,Unseen-Parameter OOD,0,unseen_param_ood_0032,0.9942617986620051,27.274064172252764,0.3259326891420624,0.003020570147782564
O03_ref3_metadata_RSB_FiLM_R04,ref3 + metadata + RSB-FiLM R04,Unseen-Parameter OOD,0,unseen_param_ood_0033,1.0080499848375581,28.49545710384154,0.38754542604936776,0.0025651538744568825
O03_ref3_metadata_RSB_FiLM_R04,ref3 + metadata + RSB-FiLM R04,Unseen-Parameter OOD,0,unseen_param_ood_0034,1.007191704141617,26.826320111165735,0.2987321040095383,0.003318207571282983
O03_ref3_metadata_RSB_FiLM_R04,ref3 + metadata + RSB-FiLM R04,Unseen-Parameter OOD,0,unseen_param_ood_0035,1.0053495052533827,27.895495384880515,0.35258588074634334,0.0027409177273511887
O03_ref3_metadata_RSB_FiLM_R04,ref3 + metadata + RSB-FiLM R04,Unseen-Parameter OOD,0,unseen_param_ood_0036,0.9979531858522719,27.268323982231678,0.3288338030470505,0.0030686696991324425
O03_ref3_metadata_RSB_FiLM_R04,ref3 + metadata + RSB-FiLM R04,Unseen-Parameter OOD,0,unseen_param_ood_0037,0.9908041267732529,26.6268004630203,0.30253463660196805,0.0033076396211981773
O03_ref3_metadata_RSB_FiLM_R04,ref3 + metadata + RSB-FiLM R04,Unseen-Parameter OOD,0,unseen_param_ood_0038,1.0076667489733322,26.34545931040782,0.2715875706600754,0.0032787572126835585
O03_ref3_metadata_RSB_FiLM_R04,ref3 + metadata + RSB-FiLM R04,Unseen-Parameter OOD,0,unseen_param_ood_0039,1.0014607264947908,27.10411993184987,0.316778011445008,0.00294183730147779
O03_ref3_metadata_RSB_FiLM_R04,ref3 + metadata + RSB-FiLM R04,Unseen-Parameter OOD,0,unseen_param_ood_0040,1.0006958093013194,25.124525269680017,0.21401136002461935,0.004825755953788757
O03_ref3_metadata_RSB_FiLM_R04,ref3 + metadata + RSB-FiLM R04,Unseen-Parameter OOD,0,unseen_param_ood_0041,1.0066423106190237,28.77873584605559,0.4038484696609646,0.002462696749716997
O03_ref3_metadata_RSB_FiLM_R04,ref3 + metadata + RSB-FiLM R04,Unseen-Parameter OOD,0,unseen_param_ood_0042,0.9948023028599156,27.16856938140718,0.31808510478192514,0.003088525962084532
O03_ref3_metadata_RSB_FiLM_R04,ref3 + metadata + RSB-FiLM R04,Unseen-Parameter OOD,0,unseen_param_ood_0043,1.0012862186605247,27.467641616953955,0.33690486755991406,0.003251966554671526
O03_ref3_metadata_RSB_FiLM_R04,ref3 + metadata + RSB-FiLM R04,Unseen-Parameter OOD,0,unseen_param_ood_0044,0.9985273099085926,25.443705347884695,0.2382275024720629,0.004751832224428654
O03_ref3_metadata_RSB_FiLM_R04,ref3 + metadata + RSB-FiLM R04,Unseen-Parameter OOD,0,unseen_param_ood_0045,1.0047104515576946,26.926154348360672,0.3025509616652986,0.003066826378926635
O03_ref3_metadata_RSB_FiLM_R04,ref3 + metadata + RSB-FiLM R04,Unseen-Parameter OOD,0,unseen_param_ood_0046,1.0015135676344176,27.758652363358436,0.3477495842954079,0.0027973337564617395
O03_ref3_metadata_RSB_FiLM_R04,ref3 + metadata + RSB-FiLM R04,Unseen-Parameter OOD,0,unseen_param_ood_0047,1.0060152821228598,26.874552833592176,0.29983978183781657,0.0031436984427273273
O03_ref3_metadata_RSB_FiLM_R04,ref3 + metadata + RSB-FiLM R04,Unseen-Parameter OOD,0,unseen_param_ood_0048,0.9970741394377385,26.94039199209928,0.30964727185553914,0.0032721294555813074
O03_ref3_metadata_RSB_FiLM_R04,ref3 + metadata + RSB-FiLM R04,Unseen-Parameter OOD,0,unseen_param_ood_0049,1.0016169965106108,25.99775073671214,0.25340942945216427,0.003878259565681219
O03_ref3_metadata_RSB_FiLM_R04,ref3 + metadata + RSB-FiLM R04,Unseen-Parameter OOD,0,unseen_param_ood_0050,1.00764768184729,27.92261283840691,0.3617203843090759,0.003292612498626113
O03_ref3_metadata_RSB_FiLM_R04,ref3 + metadata + RSB-FiLM R04,Unseen-Parameter OOD,0,unseen_param_ood_0051,1.0030136381398138,28.24477319685758,0.3748618810312232,0.0025051150005310774
O03_ref3_metadata_RSB_FiLM_R04,ref3 + metadata + RSB-FiLM R04,Unseen-Parameter OOD,0,unseen_param_ood_0052,1.0059941090971263,26.64758174403712,0.28986657398441157,0.0032311156392097473
O03_ref3_metadata_RSB_FiLM_R04,ref3 + metadata + RSB-FiLM R04,Unseen-Parameter OOD,0,unseen_param_ood_0053,1.0052858508232432,26.937211935807476,0.30681754446121584,0.0034388911444693804
O03_ref3_metadata_RSB_FiLM_R04,ref3 + metadata + RSB-FiLM R04,Unseen-Parameter OOD,0,unseen_param_ood_0054,1.0040947449087994,27.018919626890316,0.3080900482758595,0.0030544085893779993
O03_ref3_metadata_RSB_FiLM_R04,ref3 + metadata + RSB-FiLM R04,Unseen-Parameter OOD,0,unseen_param_ood_0055,1.0035875206940326,27.13258480521235,0.314385959422924,0.0031148907728493214
O03_ref3_metadata_RSB_FiLM_R04,ref3 + metadata + RSB-FiLM R04,Unseen-Parameter OOD,0,unseen_param_ood_0056,0.9981794429912532,26.36017523031378,0.28345528344188226,0.003796560922637582
O03_ref3_metadata_RSB_FiLM_R04,ref3 + metadata + RSB-FiLM R04,Unseen-Parameter OOD,0,unseen_param_ood_0057,0.9937905934332656,28.09108559546565,0.3732480856087853,0.0029516699723899364
O03_ref3_metadata_RSB_FiLM_R04,ref3 + metadata + RSB-FiLM R04,Unseen-Parameter OOD,0,unseen_param_ood_0058,0.999420676618158,26.234632437006947,0.268642147138302,0.003288239473477006
O03_ref3_metadata_RSB_FiLM_R04,ref3 + metadata + RSB-FiLM R04,Unseen-Parameter OOD,0,unseen_param_ood_0059,1.012097590207691,27.411480474728883,0.3324179005589061,0.002893775701522827
O03_ref3_metadata_RSB_FiLM_R04,ref3 + metadata + RSB-FiLM R04,Unseen-Parameter OOD,0,unseen_param_ood_0060,0.9997693113878494,22.938910261648484,0.1294509715813875,0.006029333453625441
O03_ref3_metadata_RSB_FiLM_R04,ref3 + metadata + RSB-FiLM R04,Unseen-Parameter OOD,0,unseen_param_ood_0061,1.0026445011006235,27.428769635756932,0.33018588115623837,0.002995493821799755
O03_ref3_metadata_RSB_FiLM_R04,ref3 + metadata + RSB-FiLM R04,Unseen-Parameter OOD,0,unseen_param_ood_0062,1.007345959157988,27.697874834612758,0.3440098104870016,0.0028593975584954023
O03_ref3_metadata_RSB_FiLM_R04,ref3 + metadata + RSB-FiLM R04,Unseen-Parameter OOD,0,unseen_param_ood_0063,0.9983281030903454,28.373951171305286,0.39126533722825796,0.003133940976113081
O03_ref3_metadata_RSB_FiLM_R04,ref3 + metadata + RSB-FiLM R04,Unseen-Parameter OOD,0,unseen_param_ood_0064,1.0009699938548207,26.318666425314483,0.2773967407098547,0.003648984245955944
O03_ref3_metadata_RSB_FiLM_R04,ref3 + metadata + RSB-FiLM R04,Unseen-Parameter OOD,0,unseen_param_ood_0065,1.0025625645218417,27.56311433691473,0.34007368972346874,0.003212288022041321
O03_ref3_metadata_RSB_FiLM_R04,ref3 + metadata + RSB-FiLM R04,Unseen-Parameter OOD,0,unseen_param_ood_0066,1.0018896115566294,26.928989620964156,0.32329944077657335,0.003337601898238063
O03_ref3_metadata_RSB_FiLM_R04,ref3 + metadata + RSB-FiLM R04,Unseen-Parameter OOD,0,unseen_param_ood_0067,0.9997542036056151,27.28572107526139,0.32287054602311416,0.0029661792796105146
O03_ref3_metadata_RSB_FiLM_R04,ref3 + metadata + RSB-FiLM R04,Unseen-Parameter OOD,0,unseen_param_ood_0068,1.0061063156658896,26.693705697823617,0.292665343813005,0.00300429854542017
O03_ref3_metadata_RSB_FiLM_R04,ref3 + metadata + RSB-FiLM R04,Unseen-Parameter OOD,0,unseen_param_ood_0069,1.005174320431145,27.82072748258699,0.3527032632256215,0.003112898441031575
O03_ref3_metadata_RSB_FiLM_R04,ref3 + metadata + RSB-FiLM R04,Unseen-Parameter OOD,0,unseen_param_ood_0070,1.0049273592052679,27.74636133975422,0.35443603734722806,0.0035612997598946095
O03_ref3_metadata_RSB_FiLM_R04,ref3 + metadata + RSB-FiLM R04,Unseen-Parameter OOD,0,unseen_param_ood_0071,1.0056625148762182,27.107236409416583,0.3390440528012669,0.0031785534229129553
O03_ref3_metadata_RSB_FiLM_R04,ref3 + metadata + RSB-FiLM R04,Unseen-Parameter OOD,0,unseen_param_ood_0072,0.9993666172561347,28.013280547027364,0.3643361457712678,0.002652228344231844
O03_ref3_metadata_RSB_FiLM_R04,ref3 + metadata + RSB-FiLM R04,Unseen-Parameter OOD,0,unseen_param_ood_0073,1.0020057470975579,26.62335013929843,0.2880364737158596,0.0031441813334822655
O03_ref3_metadata_RSB_FiLM_R04,ref3 + metadata + RSB-FiLM R04,Unseen-Parameter OOD,0,unseen_param_ood_0074,1.0003003845534475,28.14785221366703,0.3755903469291935,0.0031630676239728928
O03_ref3_metadata_RSB_FiLM_R04,ref3 + metadata + RSB-FiLM R04,Unseen-Parameter OOD,0,unseen_param_ood_0075,1.004456682575576,27.592822614891112,0.339117633608109,0.0030875219963490963
O03_ref3_metadata_RSB_FiLM_R04,ref3 + metadata + RSB-FiLM R04,Unseen-Parameter OOD,0,unseen_param_ood_0076,1.0022197364720011,27.028146364148334,0.3092040893126957,0.003079183166846633
O03_ref3_metadata_RSB_FiLM_R04,ref3 + metadata + RSB-FiLM R04,Unseen-Parameter OOD,0,unseen_param_ood_0077,1.007005878185283,27.517244082608208,0.33151135517012426,0.0027912140358239412
O03_ref3_metadata_RSB_FiLM_R04,ref3 + metadata + RSB-FiLM R04,Unseen-Parameter OOD,0,unseen_param_ood_0078,0.998713549489639,26.306248248331585,0.27394568048801654,0.003357934532687068
O03_ref3_metadata_RSB_FiLM_R04,ref3 + metadata + RSB-FiLM R04,Unseen-Parameter OOD,0,unseen_param_ood_0079,0.9871894260582692,25.69013592568799,0.24970989066713714,0.004208764992654324
O03_ref3_metadata_RSB_FiLM_R04,ref3 + metadata + RSB-FiLM R04,Unseen-Parameter OOD,0,unseen_param_ood_0080,1.006343833892914,26.838169359608685,0.30066692089247893,0.0033213580027222633
O03_ref3_metadata_RSB_FiLM_R04,ref3 + metadata + RSB-FiLM R04,Unseen-Parameter OOD,0,unseen_param_ood_0081,0.9943759917622136,24.497404556099184,0.19644311942703596,0.00568358413875103
O03_ref3_metadata_RSB_FiLM_R04,ref3 + metadata + RSB-FiLM R04,Unseen-Parameter OOD,0,unseen_param_ood_0082,1.0005995721801475,27.437458110141307,0.32869442110513264,0.002932644449174404
O03_ref3_metadata_RSB_FiLM_R04,ref3 + metadata + RSB-FiLM R04,Unseen-Parameter OOD,0,unseen_param_ood_0083,1.0105608449520018,28.79209589046234,0.40429429258866084,0.0025429953821003437
O03_ref3_metadata_RSB_FiLM_R04,ref3 + metadata + RSB-FiLM R04,Unseen-Parameter OOD,0,unseen_param_ood_0084,0.9897074267521463,28.04618005316774,0.37280505910792877,0.002799084410071373
O03_ref3_metadata_RSB_FiLM_R04,ref3 + metadata + RSB-FiLM R04,Unseen-Parameter OOD,0,unseen_param_ood_0085,1.0038973543607443,27.41671483499652,0.327712302601058,0.002812453079968691
O03_ref3_metadata_RSB_FiLM_R04,ref3 + metadata + RSB-FiLM R04,Unseen-Parameter OOD,0,unseen_param_ood_0086,1.0027361528853505,27.032054597811616,0.3196261315244329,0.0035092320758849382
O03_ref3_metadata_RSB_FiLM_R04,ref3 + metadata + RSB-FiLM R04,Unseen-Parameter OOD,0,unseen_param_ood_0087,1.017244014307567,28.571477479389635,0.3946435614355062,0.0030430236365646124
O03_ref3_metadata_RSB_FiLM_R04,ref3 + metadata + RSB-FiLM R04,Unseen-Parameter OOD,0,unseen_param_ood_0088,1.003647360637185,25.616431357377984,0.2361376370916835,0.004180824384093285
O03_ref3_metadata_RSB_FiLM_R04,ref3 + metadata + RSB-FiLM R04,Unseen-Parameter OOD,0,unseen_param_ood_0089,0.998366416221953,26.944232749649935,0.3111153938179965,0.003497587749734521
O03_ref3_metadata_RSB_FiLM_R04,ref3 + metadata + RSB-FiLM R04,Unseen-Parameter OOD,0,unseen_param_ood_0090,1.012935089889522,28.011619849647538,0.3645964624617537,0.0030171696562319994
O03_ref3_metadata_RSB_FiLM_R04,ref3 + metadata + RSB-FiLM R04,Unseen-Parameter OOD,0,unseen_param_ood_0091,1.0145051436628334,28.340966775614543,0.38239352459317844,0.003065907396376133
O03_ref3_metadata_RSB_FiLM_R04,ref3 + metadata + RSB-FiLM R04,Unseen-Parameter OOD,0,unseen_param_ood_0092,1.0039522878341893,26.486302081176945,0.2807951489151507,0.003163806162774563
O03_ref3_metadata_RSB_FiLM_R04,ref3 + metadata + RSB-FiLM R04,Unseen-Parameter OOD,0,unseen_param_ood_0093,0.9985776974199666,27.35654872004166,0.33624451156293106,0.0035882238298654556
O03_ref3_metadata_RSB_FiLM_R04,ref3 + metadata + RSB-FiLM R04,Unseen-Parameter OOD,0,unseen_param_ood_0094,0.9989127010574238,27.12816464960296,0.31752744278687256,0.003153151599690318
O03_ref3_metadata_RSB_FiLM_R04,ref3 + metadata + RSB-FiLM R04,Unseen-Parameter OOD,0,unseen_param_ood_0095,0.9960975573785718,23.641106804104325,0.16039540916410525,0.005891728214919567
O03_ref3_metadata_RSB_FiLM_R04,ref3 + metadata + RSB-FiLM R04,Unseen-Parameter OOD,0,unseen_param_ood_0096,1.0083582241486937,27.939145640852455,0.36088779071666205,0.0030710441060364246
O03_ref3_metadata_RSB_FiLM_R04,ref3 + metadata + RSB-FiLM R04,Unseen-Parameter OOD,0,unseen_param_ood_0097,0.9946823190418778,27.316878305580268,0.3307953584336238,0.0032274206168949604
O03_ref3_metadata_RSB_FiLM_R04,ref3 + metadata + RSB-FiLM R04,Unseen-Parameter OOD,0,unseen_param_ood_0098,1.0033294144672766,26.32025787015563,0.27189002880201135,0.0033543764147907495
O03_ref3_metadata_RSB_FiLM_R04,ref3 + metadata + RSB-FiLM R04,Unseen-Parameter OOD,0,unseen_param_ood_0099,1.0055989587528051,27.97688633869557,0.3576553592504594,0.002801791997626424
O03_ref3_metadata_RSB_FiLM_R04,ref3 + metadata + RSB-FiLM R04,Unseen-Parameter OOD,1,unseen_param_ood_0000,0.9872325302415688,27.145801052139085,0.31440922978571983,0.0024605372454971075
O03_ref3_metadata_RSB_FiLM_R04,ref3 + metadata + RSB-FiLM R04,Unseen-Parameter OOD,1,unseen_param_ood_0001,0.9766457203651505,27.952118427995956,0.3613765206938223,0.002420660573989153
O03_ref3_metadata_RSB_FiLM_R04,ref3 + metadata + RSB-FiLM R04,Unseen-Parameter OOD,1,unseen_param_ood_0002,0.9866290161381459,26.258536745608218,0.2683866002207879,0.0028048011008650064
O03_ref3_metadata_RSB_FiLM_R04,ref3 + metadata + RSB-FiLM R04,Unseen-Parameter OOD,1,unseen_param_ood_0003,0.9849066041897336,24.17120792806488,0.17382266346536449,0.004741444252431393
O03_ref3_metadata_RSB_FiLM_R04,ref3 + metadata + RSB-FiLM R04,Unseen-Parameter OOD,1,unseen_param_ood_0004,0.9846249796943504,28.211614656478062,0.3715162963339656,0.002155371941626072
O03_ref3_metadata_RSB_FiLM_R04,ref3 + metadata + RSB-FiLM R04,Unseen-Parameter OOD,1,unseen_param_ood_0005,0.9830669891241612,25.444365191215425,0.23169694061090373,0.0037695986684411764
O03_ref3_metadata_RSB_FiLM_R04,ref3 + metadata + RSB-FiLM R04,Unseen-Parameter OOD,1,unseen_param_ood_0006,0.969374040183929,26.74622835796129,0.3236133404550518,0.002725009573623538
O03_ref3_metadata_RSB_FiLM_R04,ref3 + metadata + RSB-FiLM R04,Unseen-Parameter OOD,1,unseen_param_ood_0007,0.9849549546234122,26.844173600497175,0.300120507757929,0.0026273035909980536
O03_ref3_metadata_RSB_FiLM_R04,ref3 + metadata + RSB-FiLM R04,Unseen-Parameter OOD,1,unseen_param_ood_0008,0.9886111537085107,24.66532707840122,0.19024235579222112,0.00439448980614543
O03_ref3_metadata_RSB_FiLM_R04,ref3 + metadata + RSB-FiLM R04,Unseen-Parameter OOD,1,unseen_param_ood_0009,0.9783543666234648,27.770904432950324,0.3504798116929378,0.0024124684277921915
O03_ref3_metadata_RSB_FiLM_R04,ref3 + metadata + RSB-FiLM R04,Unseen-Parameter OOD,1,unseen_param_ood_0010,0.9856174593705812,24.6691895940786,0.21525983456147857,0.0038500060327351093
O03_ref3_metadata_RSB_FiLM_R04,ref3 + metadata + RSB-FiLM R04,Unseen-Parameter OOD,1,unseen_param_ood_0011,0.9774901602011454,24.501551467570337,0.19199726989441737,0.004673932213336229
O03_ref3_metadata_RSB_FiLM_R04,ref3 + metadata + RSB-FiLM R04,Unseen-Parameter OOD,1,unseen_param_ood_0012,0.9866785360781799,26.272650659018915,0.26865826585807306,0.0027692317962646484
O03_ref3_metadata_RSB_FiLM_R04,ref3 + metadata + RSB-FiLM R04,Unseen-Parameter OOD,1,unseen_param_ood_0013,0.979269659173078,28.22751743131682,0.38100692193853813,0.0021403818391263485
O03_ref3_metadata_RSB_FiLM_R04,ref3 + metadata + RSB-FiLM R04,Unseen-Parameter OOD,1,unseen_param_ood_0014,0.9866279665235036,27.211010203656244,0.3159954140104667,0.002448818413540721
O03_ref3_metadata_RSB_FiLM_R04,ref3 + metadata + RSB-FiLM R04,Unseen-Parameter OOD,1,unseen_param_ood_0015,0.9777334055235777,27.364094220443754,0.3295190708316304,0.002514367923140526
O03_ref3_metadata_RSB_FiLM_R04,ref3 + metadata + RSB-FiLM R04,Unseen-Parameter OOD,1,unseen_param_ood_0016,0.9739768505877712,27.605876899698046,0.3446283129606229,0.0024615952279418707
O03_ref3_metadata_RSB_FiLM_R04,ref3 + metadata + RSB-FiLM R04,Unseen-Parameter OOD,1,unseen_param_ood_0017,0.9815243140216018,25.007686201268903,0.21333162956963184,0.004004209768027067
O03_ref3_metadata_RSB_FiLM_R04,ref3 + metadata + RSB-FiLM R04,Unseen-Parameter OOD,1,unseen_param_ood_0018,0.9881011254126463,27.86837351028362,0.35104107643058974,0.0020794200245290995
O03_ref3_metadata_RSB_FiLM_R04,ref3 + metadata + RSB-FiLM R04,Unseen-Parameter OOD,1,unseen_param_ood_0019,0.9908580051447176,26.999862353950697,0.3051985249141498,0.002573337871581316
O03_ref3_metadata_RSB_FiLM_R04,ref3 + metadata + RSB-FiLM R04,Unseen-Parameter OOD,1,unseen_param_ood_0020,0.9824052778244927,28.621635017519118,0.3979014232939946,0.0020554708316922188
O03_ref3_metadata_RSB_FiLM_R04,ref3 + metadata + RSB-FiLM R04,Unseen-Parameter OOD,1,unseen_param_ood_0021,0.9806665745656542,27.595947857683086,0.3408342713602581,0.002330267336219549
O03_ref3_metadata_RSB_FiLM_R04,ref3 + metadata + RSB-FiLM R04,Unseen-Parameter OOD,1,unseen_param_ood_0022,0.9841821160912029,27.312883138345985,0.3223905065687709,0.0024246061220765114
O03_ref3_metadata_RSB_FiLM_R04,ref3 + metadata + RSB-FiLM R04,Unseen-Parameter OOD,1,unseen_param_ood_0023,0.9957283621369564,24.080717573729242,0.16639128065482967,0.004764955956488848
O03_ref3_metadata_RSB_FiLM_R04,ref3 + metadata + RSB-FiLM R04,Unseen-Parameter OOD,1,unseen_param_ood_0024,0.9792964823423672,28.06935685973551,0.36532600166361995,0.0020358627662062645
O03_ref3_metadata_RSB_FiLM_R04,ref3 + metadata + RSB-FiLM R04,Unseen-Parameter OOD,1,unseen_param_ood_0025,0.9801488663023626,28.61410042899669,0.3979053003563257,0.002049611182883382
O03_ref3_metadata_RSB_FiLM_R04,ref3 + metadata + RSB-FiLM R04,Unseen-Parameter OOD,1,unseen_param_ood_0026,0.9864250477868667,27.254112732743046,0.3185855093480084,0.002564730355516076
O03_ref3_metadata_RSB_FiLM_R04,ref3 + metadata + RSB-FiLM R04,Unseen-Parameter OOD,1,unseen_param_ood_0027,0.9768345436555261,28.061692249685642,0.3671884316859081,0.0023662999738007784
O03_ref3_metadata_RSB_FiLM_R04,ref3 + metadata + RSB-FiLM R04,Unseen-Parameter OOD,1,unseen_param_ood_0028,0.9763121617464516,28.45769540975703,0.3877005873526927,0.001970021752640605
O03_ref3_metadata_RSB_FiLM_R04,ref3 + metadata + RSB-FiLM R04,Unseen-Parameter OOD,1,unseen_param_ood_0029,0.9715472419405959,27.64081296052214,0.34750830875172406,0.00250783353112638
O03_ref3_metadata_RSB_FiLM_R04,ref3 + metadata + RSB-FiLM R04,Unseen-Parameter OOD,1,unseen_param_ood_0030,0.9785115316013863,28.15547579377196,0.37268979869541957,0.0021394251380115747
O03_ref3_metadata_RSB_FiLM_R04,ref3 + metadata + RSB-FiLM R04,Unseen-Parameter OOD,1,unseen_param_ood_0031,0.9833985452464318,25.593534529379056,0.2473367140724957,0.003612545086070895
O03_ref3_metadata_RSB_FiLM_R04,ref3 + metadata + RSB-FiLM R04,Unseen-Parameter OOD,1,unseen_param_ood_0032,0.9688684489001946,27.386423583030357,0.3349093864046708,0.002510479185730219
O03_ref3_metadata_RSB_FiLM_R04,ref3 + metadata + RSB-FiLM R04,Unseen-Parameter OOD,1,unseen_param_ood_0033,0.977954976701607,28.627089167055555,0.39837933191823516,0.0020271479152143
O03_ref3_metadata_RSB_FiLM_R04,ref3 + metadata + RSB-FiLM R04,Unseen-Parameter OOD,1,unseen_param_ood_0034,0.9809962642565985,26.940767916300786,0.3056069557433885,0.0025605096016079187
O03_ref3_metadata_RSB_FiLM_R04,ref3 + metadata + RSB-FiLM R04,Unseen-Parameter OOD,1,unseen_param_ood_0035,0.9838211022777699,27.98950501373252,0.3587844223153023,0.0022755260579288006
O03_ref3_metadata_RSB_FiLM_R04,ref3 + metadata + RSB-FiLM R04,Unseen-Parameter OOD,1,unseen_param_ood_0036,0.9904227038617849,27.301219739273566,0.32183959118402466,0.00226132501848042
O03_ref3_metadata_RSB_FiLM_R04,ref3 + metadata + RSB-FiLM R04,Unseen-Parameter OOD,1,unseen_param_ood_0037,0.9694075814901386,26.721614266785902,0.30818641745031244,0.0026367425452917814
O03_ref3_metadata_RSB_FiLM_R04,ref3 + metadata + RSB-FiLM R04,Unseen-Parameter OOD,1,unseen_param_ood_0038,1.0023100812918162,26.368607458440945,0.270240963214961,0.002772347768768668
O03_ref3_metadata_RSB_FiLM_R04,ref3 + metadata + RSB-FiLM R04,Unseen-Parameter OOD,1,unseen_param_ood_0039,0.9828721052962915,27.18548897161287,0.3225986702405948,0.002524938201531768
O03_ref3_metadata_RSB_FiLM_R04,ref3 + metadata + RSB-FiLM R04,Unseen-Parameter OOD,1,unseen_param_ood_0040,0.9806411707928085,25.21244498990899,0.21811356082682604,0.004115246701985598
O03_ref3_metadata_RSB_FiLM_R04,ref3 + metadata + RSB-FiLM R04,Unseen-Parameter OOD,1,unseen_param_ood_0041,0.9876388480286513,28.861506177634194,0.40725143247487244,0.0019202370895072818
O03_ref3_metadata_RSB_FiLM_R04,ref3 + metadata + RSB-FiLM R04,Unseen-Parameter OOD,1,unseen_param_ood_0042,0.9784548119800757,27.240529506519103,0.31964071493990937,0.002499070717021823
O03_ref3_metadata_RSB_FiLM_R04,ref3 + metadata + RSB-FiLM R04,Unseen-Parameter OOD,1,unseen_param_ood_0043,0.9753806335875714,27.58148273126156,0.34380913786062084,0.0025540138594806194
O03_ref3_metadata_RSB_FiLM_R04,ref3 + metadata + RSB-FiLM R04,Unseen-Parameter OOD,1,unseen_param_ood_0044,0.9860460201177323,25.498332910689655,0.2325760101440264,0.003750318195670843
O03_ref3_metadata_RSB_FiLM_R04,ref3 + metadata + RSB-FiLM R04,Unseen-Parameter OOD,1,unseen_param_ood_0045,0.9810191247256348,27.02978862512612,0.3110489678599443,0.002587724942713976
O03_ref3_metadata_RSB_FiLM_R04,ref3 + metadata + RSB-FiLM R04,Unseen-Parameter OOD,1,unseen_param_ood_0046,0.9819083636735096,27.844511164409667,0.35329399321861404,0.0023306263610720634
O03_ref3_metadata_RSB_FiLM_R04,ref3 + metadata + RSB-FiLM R04,Unseen-Parameter OOD,1,unseen_param_ood_0047,0.9836352858252173,26.972257836558914,0.306675610186042,0.0025734256487339735
O03_ref3_metadata_RSB_FiLM_R04,ref3 + metadata + RSB-FiLM R04,Unseen-Parameter OOD,1,unseen_param_ood_0048,0.9841661991083739,26.996982323066497,0.3086469158404225,0.002577796345576644
O03_ref3_metadata_RSB_FiLM_R04,ref3 + metadata + RSB-FiLM R04,Unseen-Parameter OOD,1,unseen_param_ood_0049,0.9828344102312055,26.07996404145709,0.2581719481052951,0.0033728154376149178
O03_ref3_metadata_RSB_FiLM_R04,ref3 + metadata + RSB-FiLM R04,Unseen-Parameter OOD,1,unseen_param_ood_0050,0.9772940137235417,28.05544737647484,0.3677723019047541,0.0023282940965145826
O03_ref3_metadata_RSB_FiLM_R04,ref3 + metadata + RSB-FiLM R04,Unseen-Parameter OOD,1,unseen_param_ood_0051,0.9882912278205381,28.308992376051066,0.3767861254322196,0.0020133729558438063
O03_ref3_metadata_RSB_FiLM_R04,ref3 + metadata + RSB-FiLM R04,Unseen-Parameter OOD,1,unseen_param_ood_0052,0.9880491130932425,26.725750949047715,0.2930449942461095,0.0026101202238351107
O03_ref3_metadata_RSB_FiLM_R04,ref3 + metadata + RSB-FiLM R04,Unseen-Parameter OOD,1,unseen_param_ood_0053,0.9741293762777902,27.07394127136917,0.31778015984854885,0.0026730475947260857
O03_ref3_metadata_RSB_FiLM_R04,ref3 + metadata + RSB-FiLM R04,Unseen-Parameter OOD,1,unseen_param_ood_0054,0.9944983119820491,27.060626029072047,0.30672124505013254,0.002500097034499049
O03_ref3_metadata_RSB_FiLM_R04,ref3 + metadata + RSB-FiLM R04,Unseen-Parameter OOD,1,unseen_param_ood_0055,0.9765719300760798,27.251094830244156,0.32481434904013246,0.002583274384960532
O03_ref3_metadata_RSB_FiLM_R04,ref3 + metadata + RSB-FiLM R04,Unseen-Parameter OOD,1,unseen_param_ood_0056,0.9812142249110174,26.434623005104818,0.28118382447844853,0.0028409946244210005
O03_ref3_metadata_RSB_FiLM_R04,ref3 + metadata + RSB-FiLM R04,Unseen-Parameter OOD,1,unseen_param_ood_0057,0.9790232970912087,28.156104366564534,0.3714406692766483,0.002217685105279088
O03_ref3_metadata_RSB_FiLM_R04,ref3 + metadata + RSB-FiLM R04,Unseen-Parameter OOD,1,unseen_param_ood_0058,0.9880720108581983,26.284229846801296,0.2683121298823373,0.002755111549049616
O03_ref3_metadata_RSB_FiLM_R04,ref3 + metadata + RSB-FiLM R04,Unseen-Parameter OOD,1,unseen_param_ood_0059,1.0108209056062152,27.416962387645203,0.33083452768269933,0.0024300117511302233
O03_ref3_metadata_RSB_FiLM_R04,ref3 + metadata + RSB-FiLM R04,Unseen-Parameter OOD,1,unseen_param_ood_0060,0.9880024244400742,22.99032819252017,0.13079495938779864,0.005489614326506853
O03_ref3_metadata_RSB_FiLM_R04,ref3 + metadata + RSB-FiLM R04,Unseen-Parameter OOD,1,unseen_param_ood_0061,0.9821764788937333,27.518344032415577,0.3353043903575967,0.0024450242053717375
O03_ref3_metadata_RSB_FiLM_R04,ref3 + metadata + RSB-FiLM R04,Unseen-Parameter OOD,1,unseen_param_ood_0062,0.9929785483136966,27.76026284594473,0.3444685141559809,0.0022992820013314486
O03_ref3_metadata_RSB_FiLM_R04,ref3 + metadata + RSB-FiLM R04,Unseen-Parameter OOD,1,unseen_param_ood_0063,0.9767968179207162,28.468642076788573,0.39292729905509366,0.002178607974201441
O03_ref3_metadata_RSB_FiLM_R04,ref3 + metadata + RSB-FiLM R04,Unseen-Parameter OOD,1,unseen_param_ood_0064,0.9766742334154946,26.425379744507268,0.2817333052230112,0.0027876021340489388
O03_ref3_metadata_RSB_FiLM_R04,ref3 + metadata + RSB-FiLM R04,Unseen-Parameter OOD,1,unseen_param_ood_0065,0.978069110631903,27.67053361504385,0.34548536438264343,0.002447462175041437
O03_ref3_metadata_RSB_FiLM_R04,ref3 + metadata + RSB-FiLM R04,Unseen-Parameter OOD,1,unseen_param_ood_0066,0.9847195736506108,27.004062689679685,0.323982102754192,0.0025298013351857662
O03_ref3_metadata_RSB_FiLM_R04,ref3 + metadata + RSB-FiLM R04,Unseen-Parameter OOD,1,unseen_param_ood_0067,0.9775598745692279,27.383219914958453,0.3303684274277887,0.0024812137708067894
O03_ref3_metadata_RSB_FiLM_R04,ref3 + metadata + RSB-FiLM R04,Unseen-Parameter OOD,1,unseen_param_ood_0068,0.9940340372026014,26.746131824048085,0.29318813416603484,0.0025590122677385807
O03_ref3_metadata_RSB_FiLM_R04,ref3 + metadata + RSB-FiLM R04,Unseen-Parameter OOD,1,unseen_param_ood_0069,0.9757667689108753,27.94968088924891,0.36141264156420344,0.0024096136912703514
O03_ref3_metadata_RSB_FiLM_R04,ref3 + metadata + RSB-FiLM R04,Unseen-Parameter OOD,1,unseen_param_ood_0070,0.9748329207670151,27.87840603363915,0.3599649044192593,0.0024888524785637856
O03_ref3_metadata_RSB_FiLM_R04,ref3 + metadata + RSB-FiLM R04,Unseen-Parameter OOD,1,unseen_param_ood_0071,0.9712760239189514,27.25833234473245,0.35223696130501714,0.002496804343536496
O03_ref3_metadata_RSB_FiLM_R04,ref3 + metadata + RSB-FiLM R04,Unseen-Parameter OOD,1,unseen_param_ood_0072,0.9835905174452078,28.08238566776855,0.3644530705397925,0.002040735213086009
O03_ref3_metadata_RSB_FiLM_R04,ref3 + metadata + RSB-FiLM R04,Unseen-Parameter OOD,1,unseen_param_ood_0073,0.9852379682016648,26.696641038571578,0.2924612649482481,0.0026577385142445564
O03_ref3_metadata_RSB_FiLM_R04,ref3 + metadata + RSB-FiLM R04,Unseen-Parameter OOD,1,unseen_param_ood_0074,0.9717306961479142,28.273697066440107,0.3825673156607088,0.0023017493076622486
O03_ref3_metadata_RSB_FiLM_R04,ref3 + metadata + RSB-FiLM R04,Unseen-Parameter OOD,1,unseen_param_ood_0075,0.9802532082962868,27.69875214502109,0.3457998918115231,0.0024366420693695545
O03_ref3_metadata_RSB_FiLM_R04,ref3 + metadata + RSB-FiLM R04,Unseen-Parameter OOD,1,unseen_param_ood_0076,0.983410082187831,27.11042932769171,0.31255452212940804,0.002481307601556182
O03_ref3_metadata_RSB_FiLM_R04,ref3 + metadata + RSB-FiLM R04,Unseen-Parameter OOD,1,unseen_param_ood_0077,0.9923581865041678,27.58087962575039,0.3338754316122071,0.0023608137853443623
O03_ref3_metadata_RSB_FiLM_R04,ref3 + metadata + RSB-FiLM R04,Unseen-Parameter OOD,1,unseen_param_ood_0078,0.98660311371174,26.359233252720685,0.2726145404280992,0.002731533255428076
O03_ref3_metadata_RSB_FiLM_R04,ref3 + metadata + RSB-FiLM R04,Unseen-Parameter OOD,1,unseen_param_ood_0079,0.98679307491236,25.691879999855168,0.2398079314425232,0.0035939912777394056
O03_ref3_metadata_RSB_FiLM_R04,ref3 + metadata + RSB-FiLM R04,Unseen-Parameter OOD,1,unseen_param_ood_0080,0.982544567809772,26.94211041123232,0.30756729279687206,0.002649207366630435
O03_ref3_metadata_RSB_FiLM_R04,ref3 + metadata + RSB-FiLM R04,Unseen-Parameter OOD,1,unseen_param_ood_0081,0.974464887974661,24.585248839549237,0.19865149482925712,0.004774890374392271
O03_ref3_metadata_RSB_FiLM_R04,ref3 + metadata + RSB-FiLM R04,Unseen-Parameter OOD,1,unseen_param_ood_0082,0.9878315544239346,27.493232071329786,0.3282935845857377,0.0023996387608349323
O03_ref3_metadata_RSB_FiLM_R04,ref3 + metadata + RSB-FiLM R04,Unseen-Parameter OOD,1,unseen_param_ood_0083,0.976475488239749,28.941106769770535,0.4166704862965683,0.001954277278855443
O03_ref3_metadata_RSB_FiLM_R04,ref3 + metadata + RSB-FiLM R04,Unseen-Parameter OOD,1,unseen_param_ood_0084,0.9754138503363478,28.109359274685467,0.3717023347205341,0.002092021517455578
O03_ref3_metadata_RSB_FiLM_R04,ref3 + metadata + RSB-FiLM R04,Unseen-Parameter OOD,1,unseen_param_ood_0085,0.9798271318367499,27.522113322963268,0.33717234783323446,0.0024122167378664017
O03_ref3_metadata_RSB_FiLM_R04,ref3 + metadata + RSB-FiLM R04,Unseen-Parameter OOD,1,unseen_param_ood_0086,0.9848799525725546,27.110088453999296,0.3164956630479016,0.0026233342941850424
O03_ref3_metadata_RSB_FiLM_R04,ref3 + metadata + RSB-FiLM R04,Unseen-Parameter OOD,1,unseen_param_ood_0087,0.9709954616708203,28.773556858491006,0.4110403725210158,0.0021438112016767263
O03_ref3_metadata_RSB_FiLM_R04,ref3 + metadata + RSB-FiLM R04,Unseen-Parameter OOD,1,unseen_param_ood_0088,0.9851181427903829,25.69735971813582,0.24038808343820528,0.003570237196981907
O03_ref3_metadata_RSB_FiLM_R04,ref3 + metadata + RSB-FiLM R04,Unseen-Parameter OOD,1,unseen_param_ood_0089,0.9813209291470854,27.01902193677276,0.31203417263281574,0.0026869559660553932
O03_ref3_metadata_RSB_FiLM_R04,ref3 + metadata + RSB-FiLM R04,Unseen-Parameter OOD,1,unseen_param_ood_0090,0.9878624391496822,28.120471292239696,0.36681662932118136,0.0021093569230288267
O03_ref3_metadata_RSB_FiLM_R04,ref3 + metadata + RSB-FiLM R04,Unseen-Parameter OOD,1,unseen_param_ood_0091,0.9819348693866903,28.482682314634147,0.39133378059414997,0.002156296046450734
O03_ref3_metadata_RSB_FiLM_R04,ref3 + metadata + RSB-FiLM R04,Unseen-Parameter OOD,1,unseen_param_ood_0092,0.9984485182405182,26.510175951213867,0.2803679168298418,0.00266135367564857
O03_ref3_metadata_RSB_FiLM_R04,ref3 + metadata + RSB-FiLM R04,Unseen-Parameter OOD,1,unseen_param_ood_0093,0.9769271997564896,27.451745293334625,0.3372372419560373,0.0025684284046292305
O03_ref3_metadata_RSB_FiLM_R04,ref3 + metadata + RSB-FiLM R04,Unseen-Parameter OOD,1,unseen_param_ood_0094,0.9856641309875065,27.18615037836857,0.31507601175418704,0.002442027674987912
O03_ref3_metadata_RSB_FiLM_R04,ref3 + metadata + RSB-FiLM R04,Unseen-Parameter OOD,1,unseen_param_ood_0095,0.9786414528655774,23.717889536359102,0.16384317517649563,0.005156642757356167
O03_ref3_metadata_RSB_FiLM_R04,ref3 + metadata + RSB-FiLM R04,Unseen-Parameter OOD,1,unseen_param_ood_0096,0.9810152024842069,28.058536680670734,0.3666740108796524,0.002315431833267212
O03_ref3_metadata_RSB_FiLM_R04,ref3 + metadata + RSB-FiLM R04,Unseen-Parameter OOD,1,unseen_param_ood_0097,0.9703984572354372,27.424221240233564,0.3361372949923918,0.002486202400177717
O03_ref3_metadata_RSB_FiLM_R04,ref3 + metadata + RSB-FiLM R04,Unseen-Parameter OOD,1,unseen_param_ood_0098,0.9827477144166817,26.41027258248095,0.2773675983693704,0.0027519140858203173
O03_ref3_metadata_RSB_FiLM_R04,ref3 + metadata + RSB-FiLM R04,Unseen-Parameter OOD,1,unseen_param_ood_0099,0.9729419942891884,28.120265000463867,0.3717774557177818,0.0023762660566717386
O03_ref3_metadata_RSB_FiLM_R04,ref3 + metadata + RSB-FiLM R04,Unseen-Parameter OOD,2,unseen_param_ood_0000,0.9968803196025328,27.10356562513229,0.3075992936003339,0.0024682562798261642
O03_ref3_metadata_RSB_FiLM_R04,ref3 + metadata + RSB-FiLM R04,Unseen-Parameter OOD,2,unseen_param_ood_0001,0.9941310104712009,27.875052567716732,0.3480507203532041,0.002293229568749666
O03_ref3_metadata_RSB_FiLM_R04,ref3 + metadata + RSB-FiLM R04,Unseen-Parameter OOD,2,unseen_param_ood_0002,0.9937457206593382,26.22732307193322,0.26290078724195415,0.0027952673844993114
O03_ref3_metadata_RSB_FiLM_R04,ref3 + metadata + RSB-FiLM R04,Unseen-Parameter OOD,2,unseen_param_ood_0003,0.9950460836365197,24.126726505965955,0.1652587887996127,0.004682549741119146
O03_ref3_metadata_RSB_FiLM_R04,ref3 + metadata + RSB-FiLM R04,Unseen-Parameter OOD,2,unseen_param_ood_0004,0.996030226437241,28.161598081440115,0.36364579624368476,0.002119955373927951
O03_ref3_metadata_RSB_FiLM_R04,ref3 + metadata + RSB-FiLM R04,Unseen-Parameter OOD,2,unseen_param_ood_0005,0.9969969638945524,25.38325806656917,0.21970357865349904,0.0036713078152388334
O03_ref3_metadata_RSB_FiLM_R04,ref3 + metadata + RSB-FiLM R04,Unseen-Parameter OOD,2,unseen_param_ood_0006,0.992850944390894,26.642301467416434,0.30439114717838095,0.0025183898396790028
O03_ref3_metadata_RSB_FiLM_R04,ref3 + metadata + RSB-FiLM R04,Unseen-Parameter OOD,2,unseen_param_ood_0007,0.9939097536460707,26.80486792887929,0.29276716519228857,0.002561833243817091
O03_ref3_metadata_RSB_FiLM_R04,ref3 + metadata + RSB-FiLM R04,Unseen-Parameter OOD,2,unseen_param_ood_0008,0.9960445899146139,24.632794329082873,0.18362861103227723,0.004325399175286293
O03_ref3_metadata_RSB_FiLM_R04,ref3 + metadata + RSB-FiLM R04,Unseen-Parameter OOD,2,unseen_param_ood_0009,0.9943380674192759,27.70052575794776,0.3385836813396495,0.0023203075397759676
O03_ref3_metadata_RSB_FiLM_R04,ref3 + metadata + RSB-FiLM R04,Unseen-Parameter OOD,2,unseen_param_ood_0010,0.9957752273822129,24.624660078564943,0.2061594150640605,0.0037514239083975554
O03_ref3_metadata_RSB_FiLM_R04,ref3 + metadata + RSB-FiLM R04,Unseen-Parameter OOD,2,unseen_param_ood_0011,0.9944018759783989,24.427056144957536,0.17646078889373715,0.004494120832532644
O03_ref3_metadata_RSB_FiLM_R04,ref3 + metadata + RSB-FiLM R04,Unseen-Parameter OOD,2,unseen_param_ood_0012,0.9951093500123425,26.23569949434865,0.26257478086182856,0.002782440045848489
O03_ref3_metadata_RSB_FiLM_R04,ref3 + metadata + RSB-FiLM R04,Unseen-Parameter OOD,2,unseen_param_ood_0013,0.9909920146951551,28.175838682230754,0.3727530057404348,0.0021085073240101337
O03_ref3_metadata_RSB_FiLM_R04,ref3 + metadata + RSB-FiLM R04,Unseen-Parameter OOD,2,unseen_param_ood_0014,0.9929821193878751,27.183130157881116,0.31168164134600584,0.002472582506015897
O03_ref3_metadata_RSB_FiLM_R04,ref3 + metadata + RSB-FiLM R04,Unseen-Parameter OOD,2,unseen_param_ood_0015,0.9938388770548335,27.293138719415985,0.31722217974823985,0.002417459152638912
O03_ref3_metadata_RSB_FiLM_R04,ref3 + metadata + RSB-FiLM R04,Unseen-Parameter OOD,2,unseen_param_ood_0016,0.9925559427091989,27.52381337316571,0.330522445960062,0.002348846523091197
O03_ref3_metadata_RSB_FiLM_R04,ref3 + metadata + RSB-FiLM R04,Unseen-Parameter OOD,2,unseen_param_ood_0017,0.9967372177090765,24.94089003927894,0.1994887554076833,0.003838270902633667
O03_ref3_metadata_RSB_FiLM_R04,ref3 + metadata + RSB-FiLM R04,Unseen-Parameter OOD,2,unseen_param_ood_0018,0.9971043935474057,27.82898111584514,0.3452874205777211,0.002104726852849126
O03_ref3_metadata_RSB_FiLM_R04,ref3 + metadata + RSB-FiLM R04,Unseen-Parameter OOD,2,unseen_param_ood_0019,0.9968759986252529,26.973564768405826,0.30016329340238734,0.002540440997108817
O03_ref3_metadata_RSB_FiLM_R04,ref3 + metadata + RSB-FiLM R04,Unseen-Parameter OOD,2,unseen_param_ood_0020,0.9951518098902643,28.565648611010772,0.3878234054725316,0.0018986674258485436
O03_ref3_metadata_RSB_FiLM_R04,ref3 + metadata + RSB-FiLM R04,Unseen-Parameter OOD,2,unseen_param_ood_0021,0.9937198649351279,27.5385219227511,0.33211426821861684,0.002344842767342925
O03_ref3_metadata_RSB_FiLM_R04,ref3 + metadata + RSB-FiLM R04,Unseen-Parameter OOD,2,unseen_param_ood_0022,0.9920309362484759,27.278385511140723,0.31654301863109735,0.0024209008552134037
O03_ref3_metadata_RSB_FiLM_R04,ref3 + metadata + RSB-FiLM R04,Unseen-Parameter OOD,2,unseen_param_ood_0023,0.9977733765360619,24.07180714816288,0.16374162238933243,0.004769245628267527
O03_ref3_metadata_RSB_FiLM_R04,ref3 + metadata + RSB-FiLM R04,Unseen-Parameter OOD,2,unseen_param_ood_0024,0.9948472496199284,28.00093473357695,0.35509236748047746,0.0020358737092465162
O03_ref3_metadata_RSB_FiLM_R04,ref3 + metadata + RSB-FiLM R04,Unseen-Parameter OOD,2,unseen_param_ood_0025,0.9933463269455752,28.556014148074258,0.3879536575150413,0.001899426686577499
O03_ref3_metadata_RSB_FiLM_R04,ref3 + metadata + RSB-FiLM R04,Unseen-Parameter OOD,2,unseen_param_ood_0026,0.9920846227781336,27.229266377607185,0.3140277059192258,0.002583305351436138
O03_ref3_metadata_RSB_FiLM_R04,ref3 + metadata + RSB-FiLM R04,Unseen-Parameter OOD,2,unseen_param_ood_0027,0.9945752216182645,27.983526036192387,0.35442404864902927,0.002308010123670101
O03_ref3_metadata_RSB_FiLM_R04,ref3 + metadata + RSB-FiLM R04,Unseen-Parameter OOD,2,unseen_param_ood_0028,0.9973157403500783,28.365255863074363,0.3742713252677855,0.0019764758180826902
O03_ref3_metadata_RSB_FiLM_R04,ref3 + metadata + RSB-FiLM R04,Unseen-Parameter OOD,2,unseen_param_ood_0029,0.9953975632344101,27.535486447099004,0.3291836622161144,0.0023569613695144653
O03_ref3_metadata_RSB_FiLM_R04,ref3 + metadata + RSB-FiLM R04,Unseen-Parameter OOD,2,unseen_param_ood_0030,0.993745206974767,28.088384549433393,0.36172566373403225,0.0021200128830969334
O03_ref3_metadata_RSB_FiLM_R04,ref3 + metadata + RSB-FiLM R04,Unseen-Parameter OOD,2,unseen_param_ood_0031,0.9955281782367004,25.540294870171195,0.23621835614982784,0.0034781412687152624
O03_ref3_metadata_RSB_FiLM_R04,ref3 + metadata + RSB-FiLM R04,Unseen-Parameter OOD,2,unseen_param_ood_0032,0.996856570597868,27.262744808291597,0.3142681058901902,0.002401424339041114
O03_ref3_metadata_RSB_FiLM_R04,ref3 + metadata + RSB-FiLM R04,Unseen-Parameter OOD,2,unseen_param_ood_0033,0.9943081282901948,28.555067934737657,0.38659508814056986,0.001895062392577529
O03_ref3_metadata_RSB_FiLM_R04,ref3 + metadata + RSB-FiLM R04,Unseen-Parameter OOD,2,unseen_param_ood_0034,0.9922990527274407,26.891015906011656,0.29738269847525595,0.002552783815190196
O03_ref3_metadata_RSB_FiLM_R04,ref3 + metadata + RSB-FiLM R04,Unseen-Parameter OOD,2,unseen_param_ood_0035,0.9970602541525055,27.93145224703153,0.34932631750908916,0.0022181058302521706
O03_ref3_metadata_RSB_FiLM_R04,ref3 + metadata + RSB-FiLM R04,Unseen-Parameter OOD,2,unseen_param_ood_0036,0.9931791458244771,27.28914961256708,0.31941676327245566,0.0022759693674743176
O03_ref3_metadata_RSB_FiLM_R04,ref3 + metadata + RSB-FiLM R04,Unseen-Parameter OOD,2,unseen_param_ood_0037,0.9951641408148382,26.607731486505983,0.28849812613655146,0.0025425150524824858
O03_ref3_metadata_RSB_FiLM_R04,ref3 + metadata + RSB-FiLM R04,Unseen-Parameter OOD,2,unseen_param_ood_0038,0.9976681034379115,26.388767714433975,0.27014923263907586,0.002781130373477936
O03_ref3_metadata_RSB_FiLM_R04,ref3 + metadata + RSB-FiLM R04,Unseen-Parameter OOD,2,unseen_param_ood_0039,0.9949454835486786,27.132466308425613,0.31295981066961764,0.0024238957557827234
O03_ref3_metadata_RSB_FiLM_R04,ref3 + metadata + RSB-FiLM R04,Unseen-Parameter OOD,2,unseen_param_ood_0040,0.9959181524092623,25.14530974427766,0.2054570015712505,0.004041268955916166
O03_ref3_metadata_RSB_FiLM_R04,ref3 + metadata + RSB-FiLM R04,Unseen-Parameter OOD,2,unseen_param_ood_0041,0.9958914634240411,28.82536790886811,0.40132850329379566,0.0018504695035517216
O03_ref3_metadata_RSB_FiLM_R04,ref3 + metadata + RSB-FiLM R04,Unseen-Parameter OOD,2,unseen_param_ood_0042,0.9934030631378126,27.1746821649357,0.3097295525498208,0.002538801170885563
O03_ref3_metadata_RSB_FiLM_R04,ref3 + metadata + RSB-FiLM R04,Unseen-Parameter OOD,2,unseen_param_ood_0043,0.9931780288559825,27.50295295859591,0.3290498635738465,0.002407114254310727
O03_ref3_metadata_RSB_FiLM_R04,ref3 + metadata + RSB-FiLM R04,Unseen-Parameter OOD,2,unseen_param_ood_0044,0.9953147030637685,25.45770075729976,0.2242349294730077,0.0036478196270763874
O03_ref3_metadata_RSB_FiLM_R04,ref3 + metadata + RSB-FiLM R04,Unseen-Parameter OOD,2,unseen_param_ood_0045,0.9947885993438264,26.96925514627592,0.3003532270428789,0.0024971410166472197
O03_ref3_metadata_RSB_FiLM_R04,ref3 + metadata + RSB-FiLM R04,Unseen-Parameter OOD,2,unseen_param_ood_0046,0.9977073804978458,27.775188795645597,0.34176408804380465,0.002254307735711336
O03_ref3_metadata_RSB_FiLM_R04,ref3 + metadata + RSB-FiLM R04,Unseen-Parameter OOD,2,unseen_param_ood_0047,0.9967572275200596,26.914704917306175,0.2965251603611404,0.002506442368030548
O03_ref3_metadata_RSB_FiLM_R04,ref3 + metadata + RSB-FiLM R04,Unseen-Parameter OOD,2,unseen_param_ood_0048,0.994669359802196,26.950879078296197,0.30004363932328415,0.0025221137329936028
O03_ref3_metadata_RSB_FiLM_R04,ref3 + metadata + RSB-FiLM R04,Unseen-Parameter OOD,2,unseen_param_ood_0049,0.9954933494515803,26.024384245780134,0.2478905120569243,0.0033015997614711523
O03_ref3_metadata_RSB_FiLM_R04,ref3 + metadata + RSB-FiLM R04,Unseen-Parameter OOD,2,unseen_param_ood_0050,0.9866802163572517,28.01393559499532,0.3596648821181794,0.002198579953983426
O03_ref3_metadata_RSB_FiLM_R04,ref3 + metadata + RSB-FiLM R04,Unseen-Parameter OOD,2,unseen_param_ood_0051,0.9981153445008613,28.266034231273608,0.3699883637701948,0.0019699549302458763
O03_ref3_metadata_RSB_FiLM_R04,ref3 + metadata + RSB-FiLM R04,Unseen-Parameter OOD,2,unseen_param_ood_0052,0.9966975280529539,26.68790258640154,0.28666705943706244,0.0026170548517256975
O03_ref3_metadata_RSB_FiLM_R04,ref3 + metadata + RSB-FiLM R04,Unseen-Parameter OOD,2,unseen_param_ood_0053,0.9925122423511371,26.99274908103206,0.3028850803191068,0.0025291237980127335
O03_ref3_metadata_RSB_FiLM_R04,ref3 + metadata + RSB-FiLM R04,Unseen-Parameter OOD,2,unseen_param_ood_0054,0.9953119330602954,27.057074308179097,0.3039629234201776,0.0024817537050694227
O03_ref3_metadata_RSB_FiLM_R04,ref3 + metadata + RSB-FiLM R04,Unseen-Parameter OOD,2,unseen_param_ood_0055,0.9940793745034947,27.173926728526865,0.31069748567336664,0.002433676505461335
O03_ref3_metadata_RSB_FiLM_R04,ref3 + metadata + RSB-FiLM R04,Unseen-Parameter OOD,2,unseen_param_ood_0056,0.992854364374667,26.383406115948898,0.2716687327125497,0.0028187783900648355
O03_ref3_metadata_RSB_FiLM_R04,ref3 + metadata + RSB-FiLM R04,Unseen-Parameter OOD,2,unseen_param_ood_0057,0.9911130999368291,28.10280217533436,0.363455354047664,0.0022287850733846426
O03_ref3_metadata_RSB_FiLM_R04,ref3 + metadata + RSB-FiLM R04,Unseen-Parameter OOD,2,unseen_param_ood_0058,0.9953439736924997,26.252383635507123,0.263492466794091,0.0027969968505203724
O03_ref3_metadata_RSB_FiLM_R04,ref3 + metadata + RSB-FiLM R04,Unseen-Parameter OOD,2,unseen_param_ood_0059,0.9981733142357897,27.47164489665688,0.33207388892308337,0.0023737463634461164
O03_ref3_metadata_RSB_FiLM_R04,ref3 + metadata + RSB-FiLM R04,Unseen-Parameter OOD,2,unseen_param_ood_0060,0.9939957985504922,22.96406270156319,0.12624450912520882,0.005490841809660196
O03_ref3_metadata_RSB_FiLM_R04,ref3 + metadata + RSB-FiLM R04,Unseen-Parameter OOD,2,unseen_param_ood_0061,0.9962963515664689,27.456353864662066,0.3246602409471207,0.0023695011623203754
O03_ref3_metadata_RSB_FiLM_R04,ref3 + metadata + RSB-FiLM R04,Unseen-Parameter OOD,2,unseen_param_ood_0062,0.997001884711868,27.742701760940967,0.3404521742232321,0.0022531715221703053
O03_ref3_metadata_RSB_FiLM_R04,ref3 + metadata + RSB-FiLM R04,Unseen-Parameter OOD,2,unseen_param_ood_0063,0.9936730305788031,28.39424926599606,0.3799461274996455,0.002036438789218664
O03_ref3_metadata_RSB_FiLM_R04,ref3 + metadata + RSB-FiLM R04,Unseen-Parameter OOD,2,unseen_param_ood_0064,0.9936878806622061,26.350377115534375,0.2692846331031087,0.0027955102268606424
O03_ref3_metadata_RSB_FiLM_R04,ref3 + metadata + RSB-FiLM R04,Unseen-Parameter OOD,2,unseen_param_ood_0065,0.9939418884745748,27.600619283427974,0.33358301942234403,0.002365215215831995
O03_ref3_metadata_RSB_FiLM_R04,ref3 + metadata + RSB-FiLM R04,Unseen-Parameter OOD,2,unseen_param_ood_0066,0.9945048380357581,26.961119433464603,0.31568049155911004,0.0024296834599226713
O03_ref3_metadata_RSB_FiLM_R04,ref3 + metadata + RSB-FiLM R04,Unseen-Parameter OOD,2,unseen_param_ood_0067,0.9951683915730363,27.305687818547813,0.3174567000940406,0.0024170461110770702
O03_ref3_metadata_RSB_FiLM_R04,ref3 + metadata + RSB-FiLM R04,Unseen-Parameter OOD,2,unseen_param_ood_0068,0.9970133549051414,26.733134277693054,0.2922317276376178,0.0026491000317037106
O03_ref3_metadata_RSB_FiLM_R04,ref3 + metadata + RSB-FiLM R04,Unseen-Parameter OOD,2,unseen_param_ood_0069,0.9968483692279351,27.85685017997551,0.34598080624130995,0.0023022580426186323
O03_ref3_metadata_RSB_FiLM_R04,ref3 + metadata + RSB-FiLM R04,Unseen-Parameter OOD,2,unseen_param_ood_0070,0.9917853140268887,27.80353135550824,0.34649546884133503,0.0023506642319262028
O03_ref3_metadata_RSB_FiLM_R04,ref3 + metadata + RSB-FiLM R04,Unseen-Parameter OOD,2,unseen_param_ood_0071,0.9946209446297559,27.155182869847128,0.3344234863144834,0.0023432490415871143
O03_ref3_metadata_RSB_FiLM_R04,ref3 + metadata + RSB-FiLM R04,Unseen-Parameter OOD,2,unseen_param_ood_0072,0.9971241212010324,28.02303680093319,0.3559542800102994,0.002073058160021901
O03_ref3_metadata_RSB_FiLM_R04,ref3 + metadata + RSB-FiLM R04,Unseen-Parameter OOD,2,unseen_param_ood_0073,0.9970470345470387,26.644895681256582,0.28280828139932984,0.0025591407902538776
O03_ref3_metadata_RSB_FiLM_R04,ref3 + metadata + RSB-FiLM R04,Unseen-Parameter OOD,2,unseen_param_ood_0074,0.9903351675350683,28.191334422423502,0.36788624503621875,0.002109755529090762
O03_ref3_metadata_RSB_FiLM_R04,ref3 + metadata + RSB-FiLM R04,Unseen-Parameter OOD,2,unseen_param_ood_0075,0.9956183969525099,27.6312058375673,0.3339190664412293,0.0023207012563943863
O03_ref3_metadata_RSB_FiLM_R04,ref3 + metadata + RSB-FiLM R04,Unseen-Parameter OOD,2,unseen_param_ood_0076,0.9945043002423755,27.06170948644982,0.304565506907179,0.0024866703897714615
O03_ref3_metadata_RSB_FiLM_R04,ref3 + metadata + RSB-FiLM R04,Unseen-Parameter OOD,2,unseen_param_ood_0077,0.9978659652002485,27.556841974202364,0.32993529357337487,0.0023740718606859446
O03_ref3_metadata_RSB_FiLM_R04,ref3 + metadata + RSB-FiLM R04,Unseen-Parameter OOD,2,unseen_param_ood_0078,0.9940398501797568,26.32661993975052,0.2678637691580634,0.002792732324451208
O03_ref3_metadata_RSB_FiLM_R04,ref3 + metadata + RSB-FiLM R04,Unseen-Parameter OOD,2,unseen_param_ood_0079,0.9932664736915984,25.663483274237606,0.23450530073516346,0.003601541044190526
O03_ref3_metadata_RSB_FiLM_R04,ref3 + metadata + RSB-FiLM R04,Unseen-Parameter OOD,2,unseen_param_ood_0080,0.9958934231614821,26.883504725593426,0.29631766098196605,0.0025289044715464115
O03_ref3_metadata_RSB_FiLM_R04,ref3 + metadata + RSB-FiLM R04,Unseen-Parameter OOD,2,unseen_param_ood_0081,0.9945896957280413,24.496471313221715,0.17939585866686117,0.004530486650764942
O03_ref3_metadata_RSB_FiLM_R04,ref3 + metadata + RSB-FiLM R04,Unseen-Parameter OOD,2,unseen_param_ood_0082,0.994356981220227,27.464637779292968,0.3241143620338846,0.002432399895042181
O03_ref3_metadata_RSB_FiLM_R04,ref3 + metadata + RSB-FiLM R04,Unseen-Parameter OOD,2,unseen_param_ood_0083,0.9948163914279554,28.860291124295046,0.4038522085743902,0.0018135540885850787
O03_ref3_metadata_RSB_FiLM_R04,ref3 + metadata + RSB-FiLM R04,Unseen-Parameter OOD,2,unseen_param_ood_0084,0.9944868429989393,28.025257891376484,0.3586350974096047,0.002046772977337241
O03_ref3_metadata_RSB_FiLM_R04,ref3 + metadata + RSB-FiLM R04,Unseen-Parameter OOD,2,unseen_param_ood_0085,0.9956013116138622,27.45275312355143,0.32486607106266263,0.0022812657989561558
O03_ref3_metadata_RSB_FiLM_R04,ref3 + metadata + RSB-FiLM R04,Unseen-Parameter OOD,2,unseen_param_ood_0086,0.9903741680534148,27.085928377002034,0.31209099051273803,0.002615471603348851
O03_ref3_metadata_RSB_FiLM_R04,ref3 + metadata + RSB-FiLM R04,Unseen-Parameter OOD,2,unseen_param_ood_0087,0.9941584252525687,28.671172883453572,0.39436851484134067,0.00197730609215796
O03_ref3_metadata_RSB_FiLM_R04,ref3 + metadata + RSB-FiLM R04,Unseen-Parameter OOD,2,unseen_param_ood_0088,0.9965213051888248,25.647376984540283,0.23139300810010527,0.003539924742653966
O03_ref3_metadata_RSB_FiLM_R04,ref3 + metadata + RSB-FiLM R04,Unseen-Parameter OOD,2,unseen_param_ood_0089,0.9926745681376109,26.969063427187937,0.3015128597326386,0.002525151940062642
O03_ref3_metadata_RSB_FiLM_R04,ref3 + metadata + RSB-FiLM R04,Unseen-Parameter OOD,2,unseen_param_ood_0090,0.9938011127032742,28.09444128288905,0.36331176226993395,0.0021539565641433
O03_ref3_metadata_RSB_FiLM_R04,ref3 + metadata + RSB-FiLM R04,Unseen-Parameter OOD,2,unseen_param_ood_0091,0.9945830688300267,28.427098574856487,0.3807087173098634,0.0019836584106087685
O03_ref3_metadata_RSB_FiLM_R04,ref3 + metadata + RSB-FiLM R04,Unseen-Parameter OOD,2,unseen_param_ood_0092,0.9969560019164678,26.516672544801274,0.27773898650325474,0.0026492613833397627
O03_ref3_metadata_RSB_FiLM_R04,ref3 + metadata + RSB-FiLM R04,Unseen-Parameter OOD,2,unseen_param_ood_0093,0.9940916048616062,27.376103391786998,0.3230950558261857,0.0024275388568639755
O03_ref3_metadata_RSB_FiLM_R04,ref3 + metadata + RSB-FiLM R04,Unseen-Parameter OOD,2,unseen_param_ood_0094,0.9941076835032696,27.14910563831105,0.3093446228514014,0.0024706029798835516
O03_ref3_metadata_RSB_FiLM_R04,ref3 + metadata + RSB-FiLM R04,Unseen-Parameter OOD,2,unseen_param_ood_0095,0.9960641205839983,23.641252260488663,0.1474391045258075,0.004938947036862373
O03_ref3_metadata_RSB_FiLM_R04,ref3 + metadata + RSB-FiLM R04,Unseen-Parameter OOD,2,unseen_param_ood_0096,0.992547211181233,28.007782296937624,0.35709345453460756,0.002183343982324004
O03_ref3_metadata_RSB_FiLM_R04,ref3 + metadata + RSB-FiLM R04,Unseen-Parameter OOD,2,unseen_param_ood_0097,0.996091592173024,27.310729605150197,0.3185659708590257,0.002506287069991231
O03_ref3_metadata_RSB_FiLM_R04,ref3 + metadata + RSB-FiLM R04,Unseen-Parameter OOD,2,unseen_param_ood_0098,0.9934370464311747,26.363289496000796,0.2693140774822087,0.002739069750532508
O03_ref3_metadata_RSB_FiLM_R04,ref3 + metadata + RSB-FiLM R04,Unseen-Parameter OOD,2,unseen_param_ood_0099,0.9939454477263889,28.02750901090853,0.3556378026193378,0.002189973369240761
