variant,sample_id,bin,nmse,ssim,mae,boundary_band_m
S01_ref3,L_shape_test_0000,small,0.5572870748514476,0.6726437150418749,0.6604185700416565,
S01_ref3,L_shape_test_0000,medium,0.7484784318138465,0.8124667148193371,0.7174999713897705,
S01_ref3,L_shape_test_0000,large,0.7344538799577838,0.6749238131224667,0.7440729737281799,
S02_plain_residual_unet,L_shape_test_0000,small,0.5356551033640256,0.6863557295365226,0.6476823687553406,
S02_plain_residual_unet,L_shape_test_0000,medium,0.708428195476168,0.8228010186683143,0.6979172825813293,
S02_plain_residual_unet,L_shape_test_0000,large,0.6988034359823234,0.6915005385864701,0.7257204651832581,
S03_concat_Mshell,L_shape_test_0000,small,0.9695239205980841,0.4024359916440794,0.8985932469367981,
S03_concat_Mshell,L_shape_test_0000,medium,1.0,0.7480878497927728,0.832329273223877,
S03_concat_Mshell,L_shape_test_0000,large,1.0,0.5532097529698662,0.8720587491989136,
S04_concat_Mshell_delta,L_shape_test_0000,small,0.5731846557102249,0.6619885791337514,0.6713058352470398,
S04_concat_Mshell_delta,L_shape_test_0000,medium,0.7623555796780245,0.8089208991592197,0.7239291667938232,
S04_concat_Mshell_delta,L_shape_test_0000,large,0.7110658491403691,0.6857088123706166,0.7325571775436401,
S05_concat_Mshell_delta_Pcyc,L_shape_test_0000,small,0.9930569777141705,0.3878208809963646,0.910484254360199,
S05_concat_Mshell_delta_Pcyc,L_shape_test_0000,medium,1.0,0.7480878497927728,0.832329273223877,
S05_concat_Mshell_delta_Pcyc,L_shape_test_0000,large,1.0,0.5532097529698662,0.8720587491989136,
S06_geometry_branch_bottleneck_concat,L_shape_test_0000,small,0.6186070565863185,0.631554467650922,0.70148104429245,
S06_geometry_branch_bottleneck_concat,L_shape_test_0000,medium,0.7970158279686762,0.7999678984616461,0.7406964898109436,
S06_geometry_branch_bottleneck_concat,L_shape_test_0000,large,0.7846285361034968,0.6515831298337342,0.7697980403900146,
S07_generic_film_middeep,L_shape_test_0000,small,0.7386839717562593,0.5528515285697116,0.7720993757247925,
S07_generic_film_middeep,L_shape_test_0000,medium,0.9311247665327732,0.7656121559929812,0.8013148307800293,
S07_generic_film_middeep,L_shape_test_0000,large,0.9136604324125767,0.5923079824483752,0.8319739699363708,
S08_rsbfilm_middeep_default,L_shape_test_0000,small,0.7442634843698728,0.5491713439093625,0.7753282785415649,
S08_rsbfilm_middeep_default,L_shape_test_0000,medium,0.9367593719680138,0.764177100406619,0.8037698864936829,
S08_rsbfilm_middeep_default,L_shape_test_0000,large,0.9191779263279123,0.5897912623240835,0.8345822095870972,
S01_ref3,cross_test_0000,small,0.14664575006583497,0.9785210423671081,0.2549315094947815,
S01_ref3,cross_test_0000,medium,0.09871959837376083,0.9797295784365754,0.21319346129894257,
S01_ref3,cross_test_0000,large,0.19121635968164052,0.9706532209775554,0.3879554271697998,
S02_plain_residual_unet,cross_test_0000,small,0.14483904445602788,0.9787920707552038,0.2534787058830261,
S02_plain_residual_unet,cross_test_0000,medium,0.09751135736703742,0.9799854625934313,0.21179528534412384,
S02_plain_residual_unet,cross_test_0000,large,0.18546845758928818,0.9715654760621972,0.3823866844177246,
S03_concat_Mshell,cross_test_0000,small,1.0,0.8443731645547369,0.6701280474662781,
S03_concat_Mshell,cross_test_0000,medium,1.0,0.7702645516190274,0.7728592753410339,
S03_concat_Mshell,cross_test_0000,large,1.0,0.8386580771758199,0.891772985458374,
S04_concat_Mshell_delta,cross_test_0000,small,0.1575975040930362,0.9768741942086391,0.2637604773044586,
S04_concat_Mshell_delta,cross_test_0000,medium,0.10316850822916981,0.9787645248986552,0.22009946405887604,
S04_concat_Mshell_delta,cross_test_0000,large,0.1781380718366224,0.9727339218464722,0.37446948885917664,
S05_concat_Mshell_delta_Pcyc,cross_test_0000,small,1.0,0.8443731645547369,0.6701280474662781,
S05_concat_Mshell_delta_Pcyc,cross_test_0000,medium,1.0,0.7702645516190274,0.7728592753410339,
S05_concat_Mshell_delta_Pcyc,cross_test_0000,large,1.0,0.8386580771758199,0.891772985458374,
S06_geometry_branch_bottleneck_concat,cross_test_0000,small,0.24057412266296294,0.9640932383806071,0.3296129107475281,
S06_geometry_branch_bottleneck_concat,cross_test_0000,medium,0.16380651027487705,0.9654162089633983,0.29084476828575134,
S06_geometry_branch_bottleneck_concat,cross_test_0000,large,0.27499942350776607,0.9572036897198783,0.4661799371242523,
S07_generic_film_middeep,cross_test_0000,small,0.3141200514743903,0.9527654029530284,0.37473219633102417,
S07_generic_film_middeep,cross_test_0000,medium,0.2583291929963699,0.9439754631837475,0.3779354393482208,
S07_generic_film_middeep,cross_test_0000,large,0.35662201405722654,0.9439395030234127,0.5312463641166687,
S08_rsbfilm_middeep_default,cross_test_0000,small,0.32110922636921085,0.9516756988158348,0.37896549701690674,
S08_rsbfilm_middeep_default,cross_test_0000,medium,0.26443973979966834,0.9425718349334294,0.38286852836608887,
S08_rsbfilm_middeep_default,cross_test_0000,large,0.3629763809883942,0.9429027769900489,0.5359832048416138,
S01_ref3,double_line_test_0000,small,0.6263890622684897,0.6756797797413664,0.707865834236145,
S01_ref3,double_line_test_0000,medium,0.5523887372691779,0.7387153581772256,0.6477530598640442,
S01_ref3,double_line_test_0000,large,0.5496861364288629,0.8047614528870327,0.6134843230247498,
S02_plain_residual_unet,double_line_test_0000,small,0.5954733615387535,0.6929039155192074,0.6898799538612366,
S02_plain_residual_unet,double_line_test_0000,medium,0.5243651876075074,0.7532021317824102,0.6301241517066956,
S02_plain_residual_unet,double_line_test_0000,large,0.5181533770750916,0.816728626217378,0.5949309468269348,
S03_concat_Mshell,double_line_test_0000,small,0.9858285709893558,0.47461454017550586,0.8956151604652405,
S03_concat_Mshell,double_line_test_0000,medium,1.0,0.5072122613744171,0.8883848786354065,
S03_concat_Mshell,double_line_test_0000,large,1.0,0.6330860986273177,0.8443708419799805,
S04_concat_Mshell_delta,double_line_test_0000,small,0.6489598722321781,0.6631531874867492,0.7207642197608948,
S04_concat_Mshell_delta,double_line_test_0000,medium,0.5674547447153646,0.7310425794177347,0.6566216349601746,
S04_concat_Mshell_delta,double_line_test_0000,large,0.5568958959907215,0.8019644088087982,0.6179999113082886,
S05_concat_Mshell_delta_Pcyc,double_line_test_0000,small,1.0,0.4669430155707812,0.9017245173454285,
S05_concat_Mshell_delta_Pcyc,double_line_test_0000,medium,1.0,0.5072122613744171,0.8883848786354065,
S05_concat_Mshell_delta_Pcyc,double_line_test_0000,large,1.0,0.6330860986273177,0.8443708419799805,
S06_geometry_branch_bottleneck_concat,double_line_test_0000,small,0.6800831023390908,0.6452292051574454,0.7390624284744263,
S06_geometry_branch_bottleneck_concat,double_line_test_0000,medium,0.6212392605084346,0.7029219389652502,0.6893635392189026,
S06_geometry_branch_bottleneck_concat,double_line_test_0000,large,0.6118994111799373,0.7809450341685844,0.6495726108551025,
S07_generic_film_middeep,double_line_test_0000,small,0.8300305577400051,0.5616950808821475,0.8193721175193787,
S07_generic_film_middeep,double_line_test_0000,medium,0.7559252021086018,0.633405302317846,0.7636045217514038,
S07_generic_film_middeep,double_line_test_0000,large,0.7561483433214643,0.7258267566707565,0.7261303663253784,
S08_rsbfilm_middeep_default,double_line_test_0000,small,0.8345099393463826,0.5591831679503818,0.8217049241065979,
S08_rsbfilm_middeep_default,double_line_test_0000,medium,0.7622770605311467,0.6301241579035279,0.7669992446899414,
S08_rsbfilm_middeep_default,double_line_test_0000,large,0.7614107461380485,0.7237921928079798,0.7289382815361023,
S01_ref3,line_test_0000,small,0.46635338733536585,0.8314326108689133,0.5358279347419739,
S01_ref3,line_test_0000,medium,nan,nan,nan,
S01_ref3,line_test_0000,large,0.5352351045144632,0.8787017891794078,0.5652140974998474,
S02_plain_residual_unet,line_test_0000,small,0.43389493735773776,0.8438096231603255,0.516808271408081,
S02_plain_residual_unet,line_test_0000,medium,nan,nan,nan,
S02_plain_residual_unet,line_test_0000,large,0.5021890786502203,0.8865316386413837,0.5468339920043945,
S03_concat_Mshell,line_test_0000,small,0.8778474796389516,0.6655153390347095,0.7350210547447205,
S03_concat_Mshell,line_test_0000,medium,nan,nan,nan,
S03_concat_Mshell,line_test_0000,large,1.0,0.7681662613578296,0.7892246246337891,
S04_concat_Mshell_delta,line_test_0000,small,0.48518441694322856,0.8241778542245639,0.5468697547912598,
S04_concat_Mshell_delta,line_test_0000,medium,nan,nan,nan,
S04_concat_Mshell_delta,line_test_0000,large,0.541063270053732,0.8772902513515847,0.5688060522079468,
S05_concat_Mshell_delta_Pcyc,line_test_0000,small,0.902722879574487,0.6547173097753137,0.74867182970047,
S05_concat_Mshell_delta_Pcyc,line_test_0000,medium,nan,nan,nan,
S05_concat_Mshell_delta_Pcyc,line_test_0000,large,1.0,0.7681662613578296,0.7892246246337891,
S06_geometry_branch_bottleneck_concat,line_test_0000,small,0.5178164586795225,0.8103461937329175,0.5672940611839294,
S06_geometry_branch_bottleneck_concat,line_test_0000,medium,nan,nan,nan,
S06_geometry_branch_bottleneck_concat,line_test_0000,large,0.6243064377112376,0.8574780780231931,0.613319456577301,
S07_generic_film_middeep,line_test_0000,small,0.6318228461833085,0.7648676127152665,0.628838837146759,
S07_generic_film_middeep,line_test_0000,medium,nan,nan,nan,
S07_generic_film_middeep,line_test_0000,large,0.7747848862062496,0.8216758885972201,0.6871371269226074,
S08_rsbfilm_middeep_default,line_test_0000,small,0.6356926463826836,0.7632722222421502,0.6307973861694336,
S08_rsbfilm_middeep_default,line_test_0000,medium,nan,nan,nan,
S08_rsbfilm_middeep_default,line_test_0000,large,0.7823123618848015,0.8198900376850606,0.6906359791755676,
S01_ref3,point_cluster_test_0000,small,0.15483622793375257,0.9769213041896025,0.2812420427799225,
S01_ref3,point_cluster_test_0000,medium,0.2753817136116737,0.9788839788896824,0.26946350932121277,
S01_ref3,point_cluster_test_0000,large,0.396780267228896,0.9428209150947856,0.493389368057251,
S02_plain_residual_unet,point_cluster_test_0000,small,0.14886561134379925,0.9778692898240595,0.2773314118385315,
S02_plain_residual_unet,point_cluster_test_0000,medium,0.24783916519778584,0.9810327811313351,0.2532285153865814,
S02_plain_residual_unet,point_cluster_test_0000,large,0.37048547337426374,0.9467391753409229,0.4751252233982086,
S03_concat_Mshell,point_cluster_test_0000,small,1.0,0.8346496287281385,0.7807095050811768,
S03_concat_Mshell,point_cluster_test_0000,medium,1.0,0.9208242439795351,0.5948296189308167,
S03_concat_Mshell,point_cluster_test_0000,large,1.0,0.8512542740937062,0.8496013283729553,
S04_concat_Mshell_delta,point_cluster_test_0000,small,0.16188361327696046,0.9757544253154249,0.2858937680721283,
S04_concat_Mshell_delta,point_cluster_test_0000,medium,0.29739683722209903,0.9771455363388873,0.28448009490966797,
S04_concat_Mshell_delta,point_cluster_test_0000,large,0.4096434438625012,0.9408788396212514,0.5033173561096191,
S05_concat_Mshell_delta_Pcyc,point_cluster_test_0000,small,1.0,0.8346496287281385,0.7807095050811768,
S05_concat_Mshell_delta_Pcyc,point_cluster_test_0000,medium,1.0,0.9208242439795351,0.5948296189308167,
S05_concat_Mshell_delta_Pcyc,point_cluster_test_0000,large,1.0,0.8512542740937062,0.8496013283729553,
S06_geometry_branch_bottleneck_concat,point_cluster_test_0000,small,0.2030733193681644,0.9690427037786504,0.316222220659256,
S06_geometry_branch_bottleneck_concat,point_cluster_test_0000,medium,0.3350961578186556,0.9741275986437339,0.31317055225372314,
S06_geometry_branch_bottleneck_concat,point_cluster_test_0000,large,0.4380940752274751,0.9364744992856049,0.5299175381660461,
S07_generic_film_middeep,point_cluster_test_0000,small,0.25770397916128274,0.9600757948438566,0.34738320112228394,
S07_generic_film_middeep,point_cluster_test_0000,medium,0.449246342983618,0.9650761983685291,0.37379714846611023,
S07_generic_film_middeep,point_cluster_test_0000,large,0.5403806851202372,0.9210969907824468,0.5937322974205017,
S08_rsbfilm_middeep_default,point_cluster_test_0000,small,0.2624209827148537,0.9592992889366446,0.3496443033218384,
S08_rsbfilm_middeep_default,point_cluster_test_0000,medium,0.4575576068151604,0.9644154523652121,0.37786054611206055,
S08_rsbfilm_middeep_default,point_cluster_test_0000,large,0.5466455933256958,0.9201478195450836,0.5976811051368713,
S01_ref3,small_rect_edge_test_0000,small,0.5198093293459869,0.8354054385689397,0.6422123908996582,
S01_ref3,small_rect_edge_test_0000,medium,0.7502710589098918,0.8213405866536372,0.8548452854156494,
S01_ref3,small_rect_edge_test_0000,large,0.621265651240737,0.8465673228322487,0.7001703977584839,
S02_plain_residual_unet,small_rect_edge_test_0000,small,0.4921165645888562,0.8448818892138976,0.6225138902664185,
S02_plain_residual_unet,small_rect_edge_test_0000,medium,0.7156647091209396,0.8298069935304939,0.8349426984786987,
S02_plain_residual_unet,small_rect_edge_test_0000,large,0.5909237911266917,0.8543898874383001,0.6821235418319702,
S03_concat_Mshell,small_rect_edge_test_0000,small,0.7874860004464933,0.7424830104142778,0.8154439926147461,
S03_concat_Mshell,small_rect_edge_test_0000,medium,1.0,0.7608906043717637,0.9870098233222961,
S03_concat_Mshell,small_rect_edge_test_0000,large,0.9624886635995102,0.7585839324917868,0.890021800994873,
S04_concat_Mshell_delta,small_rect_edge_test_0000,small,0.5224700995655086,0.834515060505691,0.6438044905662537,
S04_concat_Mshell_delta,small_rect_edge_test_0000,medium,0.7559771211843151,0.8199484786346007,0.8580319881439209,
S04_concat_Mshell_delta,small_rect_edge_test_0000,large,0.6245688606340204,0.8457112182015781,0.7021601796150208,
S05_concat_Mshell_delta_Pcyc,small_rect_edge_test_0000,small,0.9066580352928666,0.7002173356039817,0.8877819180488586,
S05_concat_Mshell_delta_Pcyc,small_rect_edge_test_0000,medium,1.0,0.7608906043717637,0.9870098233222961,
S05_concat_Mshell_delta_Pcyc,small_rect_edge_test_0000,large,1.0,0.7491019801502912,0.9088236093521118,
S06_geometry_branch_bottleneck_concat,small_rect_edge_test_0000,small,0.5689505216446623,0.8183241568667683,0.677993893623352,
S06_geometry_branch_bottleneck_concat,small_rect_edge_test_0000,medium,0.8055534348810179,0.8078543096472117,0.8858253955841064,
S06_geometry_branch_bottleneck_concat,small_rect_edge_test_0000,large,0.6694436587501617,0.8341068353595651,0.7287671566009521,
S07_generic_film_middeep,small_rect_edge_test_0000,small,0.6768987001325177,0.7813865436420886,0.7456914782524109,
S07_generic_film_middeep,small_rect_edge_test_0000,medium,0.9395297608123815,0.7754169962847703,0.9566766023635864,
S07_generic_film_middeep,small_rect_edge_test_0000,large,0.798014754151472,0.8008179115643105,0.8021366000175476,
S08_rsbfilm_middeep_default,small_rect_edge_test_0000,small,0.6819747625594884,0.7796313770147444,0.7488260865211487,
S08_rsbfilm_middeep_default,small_rect_edge_test_0000,medium,0.944510124181807,0.7742168973941146,0.9592236876487732,
S08_rsbfilm_middeep_default,small_rect_edge_test_0000,large,0.8032298430355153,0.7994704109633934,0.805010974407196,
S01_ref3,L_shape_test_0001,small,0.3096120087843244,0.8680018043280419,0.5062578320503235,
S01_ref3,L_shape_test_0001,medium,0.3614211167713399,0.8586471022875233,0.4739818871021271,
S01_ref3,L_shape_test_0001,large,0.15611198452761724,0.9677649917230094,0.32857605814933777,
S02_plain_residual_unet,L_shape_test_0001,small,0.2954148398751297,0.8746200426844237,0.49444952607154846,
S02_plain_residual_unet,L_shape_test_0001,medium,0.34473796314534466,0.8658499734348348,0.4615316390991211,
S02_plain_residual_unet,L_shape_test_0001,large,0.15190473476479097,0.9686752099645202,0.3240891993045807,
S03_concat_Mshell,L_shape_test_0001,small,0.9510486553655298,0.5529959497971364,0.9267640709877014,
S03_concat_Mshell,L_shape_test_0001,medium,1.0,0.5717162583809592,0.8381723761558533,
S03_concat_Mshell,L_shape_test_0001,large,1.0,0.776655569700893,0.8434730768203735,
S04_concat_Mshell_delta,L_shape_test_0001,small,0.3240458168315664,0.8611616063243895,0.5188794732093811,
S04_concat_Mshell_delta,L_shape_test_0001,medium,0.37305860738041147,0.8535604727388072,0.48294731974601746,
S04_concat_Mshell_delta,L_shape_test_0001,large,0.16243545202280987,0.9663985858353153,0.3349466621875763,
S05_concat_Mshell_delta_Pcyc,L_shape_test_0001,small,0.9296238042680047,0.5639420149714248,0.9143078327178955,
S05_concat_Mshell_delta_Pcyc,L_shape_test_0001,medium,1.0,0.5717162583809592,0.8381723761558533,
S05_concat_Mshell_delta_Pcyc,L_shape_test_0001,large,1.0,0.776655569700893,0.8434730768203735,
S06_geometry_branch_bottleneck_concat,L_shape_test_0001,small,0.3850748867320814,0.8314892834141714,0.5724455714225769,
S06_geometry_branch_bottleneck_concat,L_shape_test_0001,medium,0.4391349070989144,0.8239273486603967,0.5334627032279968,
S06_geometry_branch_bottleneck_concat,L_shape_test_0001,large,0.222151704486694,0.9532796249910779,0.3943551480770111,
S07_generic_film_middeep,L_shape_test_0001,small,0.5068114506522985,0.7723948200065661,0.6598397493362427,
S07_generic_film_middeep,L_shape_test_0001,medium,0.5789904794681605,0.7619435557388357,0.6195712685585022,
S07_generic_film_middeep,L_shape_test_0001,large,0.3083785170846022,0.9340265612474323,0.46540576219558716,
S08_rsbfilm_middeep_default,L_shape_test_0001,small,0.5132835037775775,0.7692144056394431,0.6642616391181946,
S08_rsbfilm_middeep_default,L_shape_test_0001,medium,0.5859235596315011,0.7588018181188654,0.6237244009971619,
S08_rsbfilm_middeep_default,L_shape_test_0001,large,0.31440656265139016,0.9326682922438165,0.47000113129615784,
S01_ref3,cross_test_0001,small,0.2563898115641834,0.8932068835611858,0.36768579483032227,
S01_ref3,cross_test_0001,medium,0.21245390518099805,0.9160515118718291,0.3157506287097931,
S01_ref3,cross_test_0001,large,0.1811798258764957,0.9330681826314559,0.3440242111682892,
S02_plain_residual_unet,cross_test_0001,small,0.24869931135527207,0.8968112265000695,0.36035996675491333,
S02_plain_residual_unet,cross_test_0001,medium,0.2029888221342664,0.9203070520523332,0.30532318353652954,
S02_plain_residual_unet,cross_test_0001,large,0.1738296493154349,0.93600782759521,0.33692312240600586,
S03_concat_Mshell,cross_test_0001,small,0.9706218584742822,0.5324286622711694,0.8194130063056946,
S03_concat_Mshell,cross_test_0001,medium,0.997939688130643,0.5333620788918304,0.7908024191856384,
S03_concat_Mshell,cross_test_0001,large,1.0,0.581301573756717,0.8231372833251953,
S04_concat_Mshell_delta,cross_test_0001,small,0.2706774005567951,0.8865416150939959,0.380118727684021,
S04_concat_Mshell_delta,cross_test_0001,medium,0.2255366097875533,0.9101804488490325,0.32875972986221313,
S04_concat_Mshell_delta,cross_test_0001,large,0.19128502099965702,0.9289845078210919,0.35392796993255615,
S05_concat_Mshell_delta_Pcyc,cross_test_0001,small,1.0,0.51771103303319,0.8355166912078857,
S05_concat_Mshell_delta_Pcyc,cross_test_0001,medium,1.0,0.5324026813379658,0.7916721105575562,
S05_concat_Mshell_delta_Pcyc,cross_test_0001,large,1.0,0.581301573756717,0.8231372833251953,
S06_geometry_branch_bottleneck_concat,cross_test_0001,small,0.3155183723789928,0.8643346195392904,0.4253312349319458,
S06_geometry_branch_bottleneck_concat,cross_test_0001,medium,0.2778369829939095,0.8860595460909564,0.37845855951309204,
S06_geometry_branch_bottleneck_concat,cross_test_0001,large,0.2485333945239107,0.9054167452753176,0.40608012676239014,
S07_generic_film_middeep,cross_test_0001,small,0.3845209880859384,0.830596886730188,0.4780411720275879,
S07_generic_film_middeep,cross_test_0001,medium,0.3624256126983743,0.8460717057730497,0.44740909337997437,
S07_generic_film_middeep,cross_test_0001,large,0.37026741936110136,0.8537827277215503,0.49754011631011963,
S08_rsbfilm_middeep_default,cross_test_0001,small,0.3896704463997954,0.8280439497397637,0.48185765743255615,
S08_rsbfilm_middeep_default,cross_test_0001,medium,0.36834793073025296,0.8432448397901728,0.4517006278038025,
S08_rsbfilm_middeep_default,cross_test_0001,large,0.37743690935094126,0.8506912699796857,0.5024222731590271,
S01_ref3,double_line_test_0001,small,0.6053201284102833,0.7200227052738244,0.6158610582351685,
S01_ref3,double_line_test_0001,medium,0.5980298111284639,0.7512020083224805,0.6317877173423767,
S01_ref3,double_line_test_0001,large,0.6254206697420535,0.7330967056515063,0.6216433048248291,
S02_plain_residual_unet,double_line_test_0001,small,0.5784716693031506,0.7333531718298557,0.6016032695770264,
S02_plain_residual_unet,double_line_test_0001,medium,0.5701226562429026,0.7636812045812436,0.6161224842071533,
S02_plain_residual_unet,double_line_test_0001,large,0.5958988532174305,0.746604201071115,0.6062666773796082,
S03_concat_Mshell,double_line_test_0001,small,1.0,0.5207811642873525,0.8261191844940186,
S03_concat_Mshell,double_line_test_0001,medium,1.0,0.5705486784880075,0.8406451344490051,
S03_concat_Mshell,double_line_test_0001,large,1.0,0.5630233433520101,0.7935860753059387,
S04_concat_Mshell_delta,double_line_test_0001,small,0.6290087504355033,0.7079509058398694,0.6301811337471008,
S04_concat_Mshell_delta,double_line_test_0001,medium,0.6087619226757338,0.7462789636273681,0.6386260986328125,
S04_concat_Mshell_delta,double_line_test_0001,large,0.639315502833365,0.7267723325338435,0.6287842392921448,
S05_concat_Mshell_delta_Pcyc,double_line_test_0001,small,1.0,0.5207811642873525,0.8261191844940186,
S05_concat_Mshell_delta_Pcyc,double_line_test_0001,medium,1.0,0.5705486784880075,0.8406451344490051,
S05_concat_Mshell_delta_Pcyc,double_line_test_0001,large,1.0,0.5630233433520101,0.7935860753059387,
S06_geometry_branch_bottleneck_concat,double_line_test_0001,small,0.6512062295881691,0.6961853276881868,0.6459332704544067,
S06_geometry_branch_bottleneck_concat,double_line_test_0001,medium,0.6645203303868525,0.7212164616670783,0.6695676445960999,
S06_geometry_branch_bottleneck_concat,double_line_test_0001,large,0.6906604669234696,0.7034188355667612,0.6540594100952148,
S07_generic_film_middeep,double_line_test_0001,small,0.7959392775276237,0.6233537415117575,0.7216322422027588,
S07_generic_film_middeep,double_line_test_0001,medium,0.8017751665602653,0.6594815762061794,0.7414844036102295,
S07_generic_film_middeep,double_line_test_0001,large,0.819620597712536,0.6447821434549699,0.7144047021865845,
S08_rsbfilm_middeep_default,double_line_test_0001,small,0.800938617699871,0.6208264784719116,0.7242527604103088,
S08_rsbfilm_middeep_default,double_line_test_0001,medium,0.8070606211642825,0.6570895670704748,0.7442384362220764,
S08_rsbfilm_middeep_default,double_line_test_0001,large,0.824256406618166,0.6426570914419161,0.7165164947509766,
S01_ref3,line_test_0001,small,0.4102827891971716,0.8239109550997957,0.42487168312072754,
S01_ref3,line_test_0001,medium,0.6130332045625579,0.7087298614146552,0.6307622194290161,
S01_ref3,line_test_0001,large,0.43365268910296223,0.8272756795596043,0.46898704767227173,
S02_plain_residual_unet,line_test_0001,small,0.39393375248547624,0.8320422770796008,0.416229248046875,
S02_plain_residual_unet,line_test_0001,medium,0.5809030245196033,0.7253440277964622,0.6126357316970825,
S02_plain_residual_unet,line_test_0001,large,0.40895899849322614,0.8382651208264439,0.4548288881778717,
S03_concat_Mshell,line_test_0001,small,0.7735005838221968,0.6120015314993164,0.7047339677810669,
S03_concat_Mshell,line_test_0001,medium,0.9720514420240847,0.5182926224756377,0.8240804076194763,
S03_concat_Mshell,line_test_0001,large,0.9243134886129052,0.5854627115356198,0.7749301195144653,
S04_concat_Mshell_delta,line_test_0001,small,0.42400909610664533,0.8162047032160177,0.43393802642822266,
S04_concat_Mshell_delta,line_test_0001,medium,0.6563283937494977,0.686342532076727,0.654556393623352,
S04_concat_Mshell_delta,line_test_0001,large,0.4713735727608667,0.8102303489614687,0.4891338646411896,
S05_concat_Mshell_delta_Pcyc,line_test_0001,small,0.8750356690666862,0.5517422168586325,0.7745233774185181,
S05_concat_Mshell_delta_Pcyc,line_test_0001,medium,1.0,0.5038021778332354,0.8385018110275269,
S05_concat_Mshell_delta_Pcyc,line_test_0001,large,0.9861173880184454,0.5553898938893665,0.8092600703239441,
S06_geometry_branch_bottleneck_concat,line_test_0001,small,0.4506284424221755,0.7983359188405909,0.4538585841655731,
S06_geometry_branch_bottleneck_concat,line_test_0001,medium,0.6890694037524489,0.6680930198462354,0.6766008734703064,
S06_geometry_branch_bottleneck_concat,line_test_0001,large,0.4945125553424094,0.7971947066226673,0.5038722157478333,
S07_generic_film_middeep,line_test_0001,small,0.5163250741337675,0.7632763379687922,0.5023048520088196,
S07_generic_film_middeep,line_test_0001,medium,0.8011158616137188,0.6095139685498809,0.7346463799476624,
S07_generic_film_middeep,line_test_0001,large,0.5956881518645971,0.7484163758426967,0.5711384415626526,
S08_rsbfilm_middeep_default,line_test_0001,small,0.5203014331087202,0.7609781664640528,0.5054808855056763,
S08_rsbfilm_middeep_default,line_test_0001,medium,0.8061830938086787,0.606791663880268,0.7373818159103394,
S08_rsbfilm_middeep_default,line_test_0001,large,0.6022051620990906,0.745277362678739,0.5754088759422302,
S01_ref3,point_cluster_test_0001,small,0.35997058068641075,0.9252600397869559,0.4452511966228485,
S01_ref3,point_cluster_test_0001,medium,0.2859294879934755,0.9484913854602276,0.3795856535434723,
S01_ref3,point_cluster_test_0001,large,0.2938436057850365,0.9456299404889184,0.36144688725471497,
S02_plain_residual_unet,point_cluster_test_0001,small,0.3341869957198349,0.9308674450022539,0.42885592579841614,
S02_plain_residual_unet,point_cluster_test_0001,medium,0.27075118424858735,0.9514037961539142,0.37140050530433655,
S02_plain_residual_unet,point_cluster_test_0001,large,0.2755441330562166,0.9492245888602485,0.35125988721847534,
S03_concat_Mshell,point_cluster_test_0001,small,1.0,0.7853224709389165,0.7427684664726257,
S03_concat_Mshell,point_cluster_test_0001,medium,1.0,0.8059163188822306,0.7648921012878418,
S03_concat_Mshell,point_cluster_test_0001,large,1.0,0.8032215607954991,0.7624809145927429,
S04_concat_Mshell_delta,point_cluster_test_0001,small,0.37853749114093493,0.9212094121384506,0.45628952980041504,
S04_concat_Mshell_delta,point_cluster_test_0001,medium,0.2950491045679883,0.9467853587688665,0.38549429178237915,
S04_concat_Mshell_delta,point_cluster_test_0001,large,0.3044648411042927,0.9435486193341732,0.36849889159202576,
S05_concat_Mshell_delta_Pcyc,point_cluster_test_0001,small,1.0,0.7853224709389165,0.7427684664726257,
S05_concat_Mshell_delta_Pcyc,point_cluster_test_0001,medium,1.0,0.8059163188822306,0.7648921012878418,
S05_concat_Mshell_delta_Pcyc,point_cluster_test_0001,large,1.0,0.8032215607954991,0.7624809145927429,
S06_geometry_branch_bottleneck_concat,point_cluster_test_0001,small,0.41453087355574797,0.9133597582201851,0.4778849184513092,
S06_geometry_branch_bottleneck_concat,point_cluster_test_0001,medium,0.331224011579497,0.9395807528943521,0.403048038482666,
S06_geometry_branch_bottleneck_concat,point_cluster_test_0001,large,0.3479305265583969,0.9349357032143772,0.4040454030036926,
S07_generic_film_middeep,point_cluster_test_0001,small,0.523763454072459,0.8894161022395307,0.5380265712738037,
S07_generic_film_middeep,point_cluster_test_0001,medium,0.4028203381048285,0.925442232431442,0.43792757391929626,
S07_generic_film_middeep,point_cluster_test_0001,large,0.4526133395966149,0.9140211956202503,0.4756868779659271,
S08_rsbfilm_middeep_default,point_cluster_test_0001,small,0.5304536721506905,0.8879462478593345,0.541500985622406,
S08_rsbfilm_middeep_default,point_cluster_test_0001,medium,0.4078240748948883,0.9244559596236801,0.44004026055336,
S08_rsbfilm_middeep_default,point_cluster_test_0001,large,0.4587329132203703,0.9127969522207152,0.47954073548316956,
S01_ref3,small_rect_edge_test_0001,small,0.40933574237313464,0.8749257763725398,0.44913312792778015,
S01_ref3,small_rect_edge_test_0001,medium,0.3894177859863147,0.9261701481035595,0.5040369629859924,
S01_ref3,small_rect_edge_test_0001,large,0.5115911197608509,0.9154274101289067,0.618533194065094,
S02_plain_residual_unet,small_rect_edge_test_0001,small,0.3943405393245439,0.879934333070447,0.4380846619606018,
S02_plain_residual_unet,small_rect_edge_test_0001,medium,0.37181933219862795,0.9296868236245763,0.4899713695049286,
S02_plain_residual_unet,small_rect_edge_test_0001,large,0.4978884449440327,0.9177684528985601,0.6098598837852478,
S03_concat_Mshell,small_rect_edge_test_0001,small,1.0,0.6739298240587912,0.8012011647224426,
S03_concat_Mshell,small_rect_edge_test_0001,medium,1.0,0.804129389318403,0.8573746681213379,
S03_concat_Mshell,small_rect_edge_test_0001,large,1.0,0.8317779702279139,0.9049164652824402,
S04_concat_Mshell_delta,small_rect_edge_test_0001,small,0.4241821433344089,0.8698503680257267,0.46119487285614014,
S04_concat_Mshell_delta,small_rect_edge_test_0001,medium,0.4121837597841514,0.921650057257897,0.519655704498291,
S04_concat_Mshell_delta,small_rect_edge_test_0001,large,0.5369338160070449,0.9110893654296428,0.6346105933189392,
S05_concat_Mshell_delta_Pcyc,small_rect_edge_test_0001,small,1.0,0.6739298240587912,0.8012011647224426,
S05_concat_Mshell_delta_Pcyc,small_rect_edge_test_0001,medium,1.0,0.804129389318403,0.8573746681213379,
S05_concat_Mshell_delta_Pcyc,small_rect_edge_test_0001,large,1.0,0.8317779702279139,0.9049164652824402,
S06_geometry_branch_bottleneck_concat,small_rect_edge_test_0001,small,0.48325948577383393,0.8495886938431533,0.5062782764434814,
S06_geometry_branch_bottleneck_concat,small_rect_edge_test_0001,medium,0.4763915184927207,0.9088093353749971,0.5639840364456177,
S06_geometry_branch_bottleneck_concat,small_rect_edge_test_0001,large,0.594961722812429,0.9010872681673091,0.6732845902442932,
S07_generic_film_middeep,small_rect_edge_test_0001,small,0.6377591603091827,0.7972064966119269,0.5987261533737183,
S07_generic_film_middeep,small_rect_edge_test_0001,medium,0.6097486221472064,0.8819992258780619,0.6482234597206116,
S07_generic_film_middeep,small_rect_edge_test_0001,large,0.7305728388928359,0.8777738858607357,0.7545290589332581,
S08_rsbfilm_middeep_default,small_rect_edge_test_0001,small,0.6461105976303747,0.7943619581548097,0.6034521460533142,
S08_rsbfilm_middeep_default,small_rect_edge_test_0001,medium,0.6178041651662276,0.8803817767324873,0.6528883576393127,
S08_rsbfilm_middeep_default,small_rect_edge_test_0001,large,0.7381084910578314,0.8764824638530482,0.7587266564369202,
S01_ref3,L_shape_test_0002,small,0.3723061242102322,0.810718784798124,0.5448831915855408,
S01_ref3,L_shape_test_0002,medium,0.19177993164911764,0.9458507034164434,0.2924037277698517,
S01_ref3,L_shape_test_0002,large,0.2807148636543796,0.921566627182436,0.40455377101898193,
S02_plain_residual_unet,L_shape_test_0002,small,0.36032792734944324,0.8175379484552585,0.5354907512664795,
S02_plain_residual_unet,L_shape_test_0002,medium,0.1843335839974402,0.9481159578251066,0.28570687770843506,
S02_plain_residual_unet,L_shape_test_0002,large,0.26685470252896104,0.9257370196750652,0.39287665486335754,
S03_concat_Mshell,L_shape_test_0002,small,0.9585184857742942,0.4719493990205483,0.888666033744812,
S03_concat_Mshell,L_shape_test_0002,medium,0.9715455150875366,0.6963949645396915,0.699509859085083,
S03_concat_Mshell,L_shape_test_0002,large,0.9934326247355977,0.7011782894417133,0.8082142472267151,
S04_concat_Mshell_delta,L_shape_test_0002,small,0.394531859102237,0.798122818334346,0.5613228678703308,
S04_concat_Mshell_delta,L_shape_test_0002,medium,0.20156063484269623,0.9428884663358061,0.3002970814704895,
S04_concat_Mshell_delta,L_shape_test_0002,large,0.30495700006538584,0.914219507460573,0.42450055480003357,
S05_concat_Mshell_delta_Pcyc,L_shape_test_0002,small,0.9781571276601793,0.4609041021368426,0.8973767161369324,
S05_concat_Mshell_delta_Pcyc,L_shape_test_0002,medium,1.0,0.6872137057284934,0.7116703987121582,
S05_concat_Mshell_delta_Pcyc,L_shape_test_0002,large,1.0,0.69919441939982,0.8114091157913208,
S06_geometry_branch_bottleneck_concat,L_shape_test_0002,small,0.45538065455283205,0.7631823918354247,0.6043331623077393,
S06_geometry_branch_bottleneck_concat,L_shape_test_0002,medium,0.28515844629511594,0.9170906312355707,0.36290109157562256,
S06_geometry_branch_bottleneck_concat,L_shape_test_0002,large,0.36965534666468985,0.8945362141452701,0.47142988443374634,
S07_generic_film_middeep,L_shape_test_0002,small,0.5912421157367272,0.6847943805011617,0.6906610727310181,
S07_generic_film_middeep,L_shape_test_0002,medium,0.42337911481169843,0.8733628889409202,0.44741755723953247,
S07_generic_film_middeep,L_shape_test_0002,large,0.49651055775018177,0.8552346409494777,0.5551620125770569,
S08_rsbfilm_middeep_default,L_shape_test_0002,small,0.5980580720757679,0.6808189927042715,0.6947697401046753,
S08_rsbfilm_middeep_default,L_shape_test_0002,medium,0.43212096178168624,0.8705648375445416,0.4522843360900879,
S08_rsbfilm_middeep_default,L_shape_test_0002,large,0.5045188431854726,0.8527448976019376,0.5599566698074341,
S01_ref3,cross_test_0002,small,0.47739377417305484,0.8456540012450159,0.6280860900878906,
S01_ref3,cross_test_0002,medium,0.7588802530567594,0.8851851914188344,0.7467700839042664,
S01_ref3,cross_test_0002,large,0.7333649222254666,0.8199267041387952,0.764607846736908,
S02_plain_residual_unet,cross_test_0002,small,0.4510914265114544,0.8547643726973225,0.6092168092727661,
S02_plain_residual_unet,cross_test_0002,medium,0.7275003727362449,0.8900163548341075,0.7308269143104553,
S02_plain_residual_unet,cross_test_0002,large,0.7049715204573046,0.8271372052977924,0.7490590810775757,
S03_concat_Mshell,cross_test_0002,small,0.8618457338661135,0.7089626097837604,0.8766709566116333,
S03_concat_Mshell,cross_test_0002,medium,1.0,0.8483349448442412,0.8578181862831116,
S03_concat_Mshell,cross_test_0002,large,0.9813677990293701,0.7564630666643811,0.8954445719718933,
S04_concat_Mshell_delta,cross_test_0002,small,0.4854500061026415,0.8428824924121243,0.6334879994392395,
S04_concat_Mshell_delta,cross_test_0002,medium,0.76361174761524,0.8844570265482031,0.7495863437652588,
S04_concat_Mshell_delta,cross_test_0002,large,0.7337042405464995,0.8198464763919845,0.7648736238479614,
S05_concat_Mshell_delta_Pcyc,cross_test_0002,small,0.908065605706171,0.692306589597957,0.9043445587158203,
S05_concat_Mshell_delta_Pcyc,cross_test_0002,medium,1.0,0.8483349448442412,0.8578181862831116,
S05_concat_Mshell_delta_Pcyc,cross_test_0002,large,1.0,0.7518173481549145,0.9039402008056641,
S06_geometry_branch_bottleneck_concat,cross_test_0002,small,0.5243152262470513,0.8291108081234565,0.6625534892082214,
S06_geometry_branch_bottleneck_concat,cross_test_0002,medium,0.81690003321327,0.8762725481628107,0.7746737003326416,
S06_geometry_branch_bottleneck_concat,cross_test_0002,large,0.7807994903814155,0.807906480212809,0.7896296977996826,
S07_generic_film_middeep,cross_test_0002,small,0.6405314648172657,0.7884245909116285,0.7383593320846558,
S07_generic_film_middeep,cross_test_0002,medium,0.9898782237388517,0.8498705995998291,0.8537856936454773,
S07_generic_film_middeep,cross_test_0002,large,0.8419069782893391,0.7919959267461744,0.8247420191764832,
S08_rsbfilm_middeep_default,cross_test_0002,small,0.6452734929716795,0.7867369404979588,0.7414950132369995,
S08_rsbfilm_middeep_default,cross_test_0002,medium,0.9931878423104405,0.8493682243059681,0.8551231026649475,
S08_rsbfilm_middeep_default,cross_test_0002,large,0.8454015723341918,0.791101462635295,0.8265669941902161,
S01_ref3,double_line_test_0002,small,0.9415266468626429,0.7691332569623497,0.7790866494178772,
S01_ref3,double_line_test_0002,medium,0.9320494098980266,0.8062804363431783,0.7773579955101013,
S01_ref3,double_line_test_0002,large,0.9582825652989654,0.8083817732889794,0.7675384283065796,
S02_plain_residual_unet,double_line_test_0002,small,0.8905925436440328,0.7817395890269195,0.7568609714508057,
S02_plain_residual_unet,double_line_test_0002,medium,0.8778880528558324,0.81764134372226,0.7541955709457397,
S02_plain_residual_unet,double_line_test_0002,large,0.9001266757683614,0.8200805242833568,0.7438021302223206,
S03_concat_Mshell,double_line_test_0002,small,1.0,0.7547484013885353,0.8032938838005066,
S03_concat_Mshell,double_line_test_0002,medium,1.0,0.7920707258992596,0.8058873414993286,
S03_concat_Mshell,double_line_test_0002,large,1.0,0.8000272140178389,0.7843118906021118,
S04_concat_Mshell_delta,double_line_test_0002,small,0.9627544773812431,0.7639025264945233,0.7876747250556946,
S04_concat_Mshell_delta,double_line_test_0002,medium,0.9289911687856437,0.8069207502027379,0.7759798765182495,
S04_concat_Mshell_delta,double_line_test_0002,large,0.9617216331155175,0.8076937767115945,0.7686241865158081,
S05_concat_Mshell_delta_Pcyc,double_line_test_0002,small,1.0,0.7547484013885353,0.8032938838005066,
S05_concat_Mshell_delta_Pcyc,double_line_test_0002,medium,1.0,0.7920707258992596,0.8058873414993286,
S05_concat_Mshell_delta_Pcyc,double_line_test_0002,large,1.0,0.8000272140178389,0.7843118906021118,
S06_geometry_branch_bottleneck_concat,double_line_test_0002,small,0.9520865021371023,0.7665311436219225,0.7835375666618347,
S06_geometry_branch_bottleneck_concat,double_line_test_0002,medium,0.9500382014520435,0.8025272651930543,0.7846986055374146,
S06_geometry_branch_bottleneck_concat,double_line_test_0002,large,0.9676895992745731,0.8064953757156872,0.7713207602500916,
S07_generic_film_middeep,double_line_test_0002,small,1.0,0.7547484013885353,0.8032938838005066,
S07_generic_film_middeep,double_line_test_0002,medium,1.0,0.7920707258992596,0.8058873414993286,
S07_generic_film_middeep,double_line_test_0002,large,1.0,0.8000272140178389,0.7843118906021118,
S08_rsbfilm_middeep_default,double_line_test_0002,small,1.0,0.7547484013885353,0.8032938838005066,
S08_rsbfilm_middeep_default,double_line_test_0002,medium,1.0,0.7920707258992596,0.8058873414993286,
S08_rsbfilm_middeep_default,double_line_test_0002,large,1.0,0.8000272140178389,0.7843118906021118,
S01_ref3,line_test_0002,small,0.39163753705564225,0.9113381641780158,0.40737414360046387,
S01_ref3,line_test_0002,medium,0.34366306775030275,0.928577368617558,0.41101494431495667,
S01_ref3,line_test_0002,large,0.19953345529391234,0.9421272563633813,0.3943783938884735,
S02_plain_residual_unet,line_test_0002,small,0.3712328210092226,0.9161973623130366,0.3956812024116516,
S02_plain_residual_unet,line_test_0002,medium,0.332477739942462,0.9310788625095204,0.4008365571498871,
S02_plain_residual_unet,line_test_0002,large,0.18795024670665045,0.9457202669640635,0.38227108120918274,
S03_concat_Mshell,line_test_0002,small,0.9011987357690961,0.7867368204000041,0.6538005471229553,
S03_concat_Mshell,line_test_0002,medium,1.0,0.7782767732138233,0.8340915441513062,
S03_concat_Mshell,line_test_0002,large,0.9854496477369848,0.6847162235193945,0.904157280921936,
S04_concat_Mshell_delta,line_test_0002,small,0.40946735706613535,0.9070128715144158,0.4188598394393921,
S04_concat_Mshell_delta,line_test_0002,medium,0.34164529427461166,0.9289740451358474,0.41099032759666443,
S04_concat_Mshell_delta,line_test_0002,large,0.1955993331867227,0.9433643318422276,0.389676958322525,
S05_concat_Mshell_delta_Pcyc,line_test_0002,small,1.0,0.7627675323186361,0.6803768873214722,
S05_concat_Mshell_delta_Pcyc,line_test_0002,medium,1.0,0.7782767732138233,0.8340915441513062,
S05_concat_Mshell_delta_Pcyc,line_test_0002,large,0.9965448692008445,0.6811561282665126,0.9091428518295288,
S06_geometry_branch_bottleneck_concat,line_test_0002,small,0.47210893466206344,0.891872636951245,0.45355939865112305,
S06_geometry_branch_bottleneck_concat,line_test_0002,medium,0.40976655298066544,0.9136605826074525,0.46693047881126404,
S06_geometry_branch_bottleneck_concat,line_test_0002,large,0.2603195526731424,0.9229434763745428,0.45433542132377625,
S07_generic_film_middeep,line_test_0002,small,0.6006741920159162,0.8604230268782581,0.5205303430557251,
S07_generic_film_middeep,line_test_0002,medium,0.5298962538716079,0.8866532628590146,0.5463054180145264,
S07_generic_film_middeep,line_test_0002,large,0.34931103529580904,0.8943285937922164,0.5287581086158752,
S08_rsbfilm_middeep_default,line_test_0002,small,0.6067598591067371,0.8589193235956051,0.523637592792511,
S08_rsbfilm_middeep_default,line_test_0002,medium,0.5371093349098849,0.8850169106872874,0.5509663224220276,
S08_rsbfilm_middeep_default,line_test_0002,large,0.3550650784742474,0.8924569107730771,0.5332627892494202,
S01_ref3,point_cluster_test_0002,small,0.19124507208879074,0.9830368690130564,0.3394186794757843,
S01_ref3,point_cluster_test_0002,medium,0.5408788485471253,0.9515530682943915,0.515172004699707,
S01_ref3,point_cluster_test_0002,large,0.18693164427270306,0.9826708114842349,0.34713855385780334,
S02_plain_residual_unet,point_cluster_test_0002,small,0.17721760288728375,0.9843062079770839,0.32634979486465454,
S02_plain_residual_unet,point_cluster_test_0002,medium,0.5163629450546021,0.9537923227619225,0.5016409158706665,
S02_plain_residual_unet,point_cluster_test_0002,large,0.17710206893220376,0.9836001443307174,0.33760130405426025,
S03_concat_Mshell,point_cluster_test_0002,small,0.7063113442115514,0.9356084266877873,0.6642438173294067,
S03_concat_Mshell,point_cluster_test_0002,medium,0.9581733951408331,0.913224424048423,0.7488771677017212,
S03_concat_Mshell,point_cluster_test_0002,large,0.6234112280256366,0.9407715090770118,0.6352089643478394,
S04_concat_Mshell_delta,point_cluster_test_0002,small,0.197126706917622,0.9825068540969926,0.3442908227443695,
S04_concat_Mshell_delta,point_cluster_test_0002,medium,0.5487501340210367,0.9508487188493521,0.5172791481018066,
S04_concat_Mshell_delta,point_cluster_test_0002,large,0.18660033373711202,0.9827032948745011,0.3470953106880188,
S05_concat_Mshell_delta_Pcyc,point_cluster_test_0002,small,1.0,0.9084485309323438,0.7860249876976013,
S05_concat_Mshell_delta_Pcyc,point_cluster_test_0002,medium,1.0,0.9094232286950191,0.7707455158233643,
S05_concat_Mshell_delta_Pcyc,point_cluster_test_0002,large,1.0,0.9044345597845143,0.7796902656555176,
S06_geometry_branch_bottleneck_concat,point_cluster_test_0002,small,0.2643872443265232,0.9763879373474539,0.40052348375320435,
S06_geometry_branch_bottleneck_concat,point_cluster_test_0002,medium,0.6104267355037886,0.9451851061693246,0.5538051128387451,
S06_geometry_branch_bottleneck_concat,point_cluster_test_0002,large,0.23859845031429272,0.9777644691474197,0.3926595449447632,
S07_generic_film_middeep,point_cluster_test_0002,small,0.33260016055698344,0.9701787347889929,0.4476807117462158,
S07_generic_film_middeep,point_cluster_test_0002,medium,0.7044614338752969,0.9366325166104633,0.5956254601478577,
S07_generic_film_middeep,point_cluster_test_0002,large,0.31257470972561846,0.9707469189247954,0.45267748832702637,
S08_rsbfilm_middeep_default,point_cluster_test_0002,small,0.3384470567536185,0.9696438491824819,0.451655775308609,
S08_rsbfilm_middeep_default,point_cluster_test_0002,medium,0.711830784677877,0.9359588630968686,0.5992612838745117,
S08_rsbfilm_middeep_default,point_cluster_test_0002,large,0.3178162737065621,0.9702469207987068,0.45647910237312317,
S01_ref3,small_rect_edge_test_0002,small,0.8287946564811447,0.6074533556045757,0.8375869393348694,
S01_ref3,small_rect_edge_test_0002,medium,0.5456074537481228,0.8387282322293257,0.690159022808075,
S01_ref3,small_rect_edge_test_0002,large,0.7682105528896681,0.7267760715240323,0.8092141151428223,
S02_plain_residual_unet,small_rect_edge_test_0002,small,0.787366813137627,0.6278218697291988,0.8160316944122314,
S02_plain_residual_unet,small_rect_edge_test_0002,medium,0.5136458077587764,0.8487108817629132,0.6691814064979553,
S02_plain_residual_unet,small_rect_edge_test_0002,large,0.7298103925640094,0.7409412932175733,0.7886160016059875,
S03_concat_Mshell,small_rect_edge_test_0002,small,0.9960083107898194,0.5264641989160059,0.920425295829773,
S03_concat_Mshell,small_rect_edge_test_0002,medium,0.9369480273576716,0.7165426900271241,0.9144302010536194,
S03_concat_Mshell,small_rect_edge_test_0002,large,1.0,0.6424962132387915,0.9234021902084351,
S04_concat_Mshell_delta,small_rect_edge_test_0002,small,0.8516535348713313,0.5963271065135761,0.849029004573822,
S04_concat_Mshell_delta,small_rect_edge_test_0002,medium,0.5497816204376209,0.8374533046004493,0.6926302909851074,
S04_concat_Mshell_delta,small_rect_edge_test_0002,large,0.7750277242506923,0.7242474189897489,0.812686026096344,
S05_concat_Mshell_delta_Pcyc,small_rect_edge_test_0002,small,1.0,0.5245703720797714,0.9222027659416199,
S05_concat_Mshell_delta_Pcyc,small_rect_edge_test_0002,medium,1.0,0.6971114499021972,0.946079671382904,
S05_concat_Mshell_delta_Pcyc,small_rect_edge_test_0002,large,1.0,0.6424962132387915,0.9234021902084351,
S06_geometry_branch_bottleneck_concat,small_rect_edge_test_0002,small,0.849867108228525,0.5971339858135432,0.848373293876648,
S06_geometry_branch_bottleneck_concat,small_rect_edge_test_0002,medium,0.5909958585066772,0.8244986799762304,0.7192067503929138,
S06_geometry_branch_bottleneck_concat,small_rect_edge_test_0002,large,0.7900431270748083,0.7187598455962845,0.8206992149353027,
S07_generic_film_middeep,small_rect_edge_test_0002,small,0.9744538414739934,0.5368293085247934,0.9099363684654236,
S07_generic_film_middeep,small_rect_edge_test_0002,medium,0.7285769777871646,0.7816085155545284,0.7996981143951416,
S07_generic_film_middeep,small_rect_edge_test_0002,large,0.9463879851795916,0.6617775054681739,0.8989028334617615,
S08_rsbfilm_middeep_default,small_rect_edge_test_0002,small,0.9760520966991626,0.5360576209159694,0.910720705986023,
S08_rsbfilm_middeep_default,small_rect_edge_test_0002,medium,0.7352168088467951,0.7795419880028986,0.8034053444862366,
S08_rsbfilm_middeep_default,small_rect_edge_test_0002,large,0.951448124996834,0.659955348059815,0.901303231716156,
S01_ref3,L_shape_test_0003,small,0.49715377051908693,0.8077940368582527,0.49045202136039734,
S01_ref3,L_shape_test_0003,medium,0.46648389785825406,0.8386843870216989,0.47128215432167053,
S01_ref3,L_shape_test_0003,large,0.717436462722037,0.7040552659480249,0.7490202188491821,
S02_plain_residual_unet,L_shape_test_0003,small,0.4771619496855346,0.8161794882955803,0.4792811870574951,
S02_plain_residual_unet,L_shape_test_0003,medium,0.44308534278850514,0.8473986429431498,0.4581761360168457,
S02_plain_residual_unet,L_shape_test_0003,large,0.6832402709269353,0.7188535826130088,0.7308905124664307,
S03_concat_Mshell,L_shape_test_0003,small,0.9905821332842802,0.5887834187650739,0.7745217680931091,
S03_concat_Mshell,L_shape_test_0003,medium,1.0,0.633294926602464,0.7384353280067444,
S03_concat_Mshell,L_shape_test_0003,large,1.0,0.5823308600043572,0.8937371969223022,
S04_concat_Mshell_delta,L_shape_test_0003,small,0.5158386766174384,0.8001527931655275,0.4996646046638489,
S04_concat_Mshell_delta,L_shape_test_0003,medium,0.4787421456215188,0.8340552427905564,0.47838088870048523,
S04_concat_Mshell_delta,L_shape_test_0003,large,0.7460339395847029,0.6918095368774236,0.7632456421852112,
S05_concat_Mshell_delta_Pcyc,L_shape_test_0003,small,1.0,0.5848089496892338,0.7791439294815063,
S05_concat_Mshell_delta_Pcyc,L_shape_test_0003,medium,1.0,0.633294926602464,0.7384353280067444,
S05_concat_Mshell_delta_Pcyc,L_shape_test_0003,large,1.0,0.5823308600043572,0.8937371969223022,
S06_geometry_branch_bottleneck_concat,L_shape_test_0003,small,0.570316414393581,0.7751399771365095,0.5424911379814148,
S06_geometry_branch_bottleneck_concat,L_shape_test_0003,medium,0.5507092819444559,0.8065004899970826,0.5204002261161804,
S06_geometry_branch_bottleneck_concat,L_shape_test_0003,large,0.7560344821995314,0.6871822815027481,0.7702702879905701,
S07_generic_film_middeep,L_shape_test_0003,small,0.7084855293355057,0.7155169222252454,0.6170098185539246,
S07_generic_film_middeep,L_shape_test_0003,medium,0.6891815968286392,0.753418984495355,0.5918311476707458,
S07_generic_film_middeep,L_shape_test_0003,large,0.8872033480415821,0.630538707411247,0.8374595642089844,
S08_rsbfilm_middeep_default,L_shape_test_0003,small,0.7143798943606454,0.712907837483426,0.6203499436378479,
S08_rsbfilm_middeep_default,L_shape_test_0003,medium,0.6962612498432926,0.7506996316741743,0.595297634601593,
S08_rsbfilm_middeep_default,L_shape_test_0003,large,0.8916526274988116,0.6286264862958859,0.8397149443626404,
S01_ref3,cross_test_0003,small,0.25741661530983556,0.9072555808536786,0.41222599148750305,
S01_ref3,cross_test_0003,medium,0.23079421432775665,0.9083698214219228,0.3227729797363281,
S01_ref3,cross_test_0003,large,0.44722973427191565,0.8966377065525604,0.5045720934867859,
S02_plain_residual_unet,cross_test_0003,small,0.24537607825346797,0.9120073234265437,0.4035050868988037,
S02_plain_residual_unet,cross_test_0003,medium,0.21994813645387523,0.9133988773178661,0.3123754858970642,
S02_plain_residual_unet,cross_test_0003,large,0.42878414953027666,0.9011568859109585,0.49226078391075134,
S03_concat_Mshell,cross_test_0003,small,0.9995665585095757,0.5929565681132971,0.8342170119285583,
S03_concat_Mshell,cross_test_0003,medium,0.9872651030703286,0.5218932051694438,0.8370208144187927,
S03_concat_Mshell,cross_test_0003,large,1.0,0.7592787044513423,0.803912341594696,
S04_concat_Mshell_delta,cross_test_0003,small,0.26997204765417016,0.902214165395033,0.421278715133667,
S04_concat_Mshell_delta,cross_test_0003,medium,0.24066410445701442,0.9038626395509174,0.33175790309906006,
S04_concat_Mshell_delta,cross_test_0003,large,0.45861497067481893,0.893860810971516,0.5113976001739502,
S05_concat_Mshell_delta_Pcyc,cross_test_0003,small,1.0,0.5927805465482421,0.8344447016716003,
S05_concat_Mshell_delta_Pcyc,cross_test_0003,medium,1.0,0.5156624822262134,0.8427374362945557,
S05_concat_Mshell_delta_Pcyc,cross_test_0003,large,1.0,0.7592787044513423,0.803912341594696,
S06_geometry_branch_bottleneck_concat,cross_test_0003,small,0.30826572244634015,0.8863462823816158,0.44983386993408203,
S06_geometry_branch_bottleneck_concat,cross_test_0003,medium,0.28246310068935243,0.8842646481127651,0.3688293993473053,
S06_geometry_branch_bottleneck_concat,cross_test_0003,large,0.5050204809583533,0.8823735987019315,0.5412935614585876,
S07_generic_film_middeep,cross_test_0003,small,0.4184635346171017,0.8411851091057592,0.5191217660903931,
S07_generic_film_middeep,cross_test_0003,medium,0.36207048487448334,0.8455884905283038,0.44363927841186523,
S07_generic_film_middeep,cross_test_0003,large,0.6477515640592505,0.8471865029395358,0.6213934421539307,
S08_rsbfilm_middeep_default,cross_test_0003,small,0.4243969849728613,0.8387009425723293,0.5225376486778259,
S08_rsbfilm_middeep_default,cross_test_0003,medium,0.36675254475137753,0.8432800274989851,0.4476650059223175,
S08_rsbfilm_middeep_default,cross_test_0003,large,0.6545248881006036,0.8455158864736574,0.6249622702598572,
S01_ref3,double_line_test_0003,small,0.3611763798457314,0.8170869930881979,0.45734190940856934,
S01_ref3,double_line_test_0003,medium,0.5526619182373357,0.8018682642379243,0.47451287508010864,
S01_ref3,double_line_test_0003,large,0.43092087344926666,0.7745545113081628,0.5657168626785278,
S02_plain_residual_unet,double_line_test_0003,small,0.3453002860834813,0.8260283092657176,0.4463097155094147,
S02_plain_residual_unet,double_line_test_0003,medium,0.5180131337465638,0.8150972848409485,0.4589059352874756,
S02_plain_residual_unet,double_line_test_0003,large,0.41273924262349937,0.785121578841961,0.5530056953430176,
S03_concat_Mshell,double_line_test_0003,small,0.9685781114554326,0.46293765684602023,0.7708086967468262,
S03_concat_Mshell,double_line_test_0003,medium,1.0,0.6321298861094384,0.6438630223274231,
S03_concat_Mshell,double_line_test_0003,large,1.0,0.4359350434178362,0.9026277661323547,
S04_concat_Mshell_delta,double_line_test_0003,small,0.38418907093175353,0.8040664086269067,0.47291311621665955,
S04_concat_Mshell_delta,double_line_test_0003,medium,0.5717017155958122,0.7946011741996026,0.4828518033027649,
S04_concat_Mshell_delta,double_line_test_0003,large,0.44434710649746806,0.7666972584280052,0.5752831101417542,
S05_concat_Mshell_delta_Pcyc,double_line_test_0003,small,0.9641116795255579,0.46640462881289835,0.767703115940094,
S05_concat_Mshell_delta_Pcyc,double_line_test_0003,medium,1.0,0.6321298861094384,0.6438630223274231,
S05_concat_Mshell_delta_Pcyc,double_line_test_0003,large,1.0,0.4359350434178362,0.9026277661323547,
S06_geometry_branch_bottleneck_concat,double_line_test_0003,small,0.43674507908162535,0.7732171629229145,0.5072903037071228,
S06_geometry_branch_bottleneck_concat,double_line_test_0003,medium,0.6133513308654419,0.7785588079583481,0.5003957748413086,
S06_geometry_branch_bottleneck_concat,double_line_test_0003,large,0.49855766237833904,0.733687904489123,0.6165064573287964,
S07_generic_film_middeep,double_line_test_0003,small,0.572139284216781,0.6948420588356365,0.5843648314476013,
S07_generic_film_middeep,double_line_test_0003,medium,0.7874923753825022,0.7118533557345315,0.5702703595161438,
S07_generic_film_middeep,double_line_test_0003,large,0.6492801504189436,0.6444371883978586,0.7084600329399109,
S08_rsbfilm_middeep_default,double_line_test_0003,small,0.5791106685681765,0.6907760255357626,0.5880857110023499,
S08_rsbfilm_middeep_default,double_line_test_0003,medium,0.7958345567069468,0.7086877894517045,0.5733543634414673,
S08_rsbfilm_middeep_default,double_line_test_0003,large,0.6567142837688777,0.6400083104693587,0.7128052115440369,
S01_ref3,line_test_0003,small,0.30331075971832855,0.957642910851122,0.4162091910839081,
S01_ref3,line_test_0003,medium,0.18932907473415225,0.9801052145820244,0.3684241771697998,
S01_ref3,line_test_0003,large,0.2787956675587143,0.9631238085361497,0.5220215320587158,
S02_plain_residual_unet,line_test_0003,small,0.29126875864063484,0.959382927390528,0.40663376450538635,
S02_plain_residual_unet,line_test_0003,medium,0.18298463399386924,0.9807931033446723,0.3609399199485779,
S02_plain_residual_unet,line_test_0003,large,0.27293895873269863,0.963923661711339,0.5164722204208374,
S03_concat_Mshell,line_test_0003,small,0.7198115652024186,0.8952655789369175,0.7103968262672424,
S03_concat_Mshell,line_test_0003,medium,1.0,0.8911021410037144,0.8710248470306396,
S03_concat_Mshell,line_test_0003,large,1.0,0.8637576779252346,0.9898040294647217,
S04_concat_Mshell_delta,line_test_0003,small,0.31731768504262575,0.9555940630708112,0.42801666259765625,
S04_concat_Mshell_delta,line_test_0003,medium,0.18739670375347056,0.9803092283828532,0.3674367070198059,
S04_concat_Mshell_delta,line_test_0003,large,0.28697563001776794,0.9620064733306631,0.5295875072479248,
S05_concat_Mshell_delta_Pcyc,line_test_0003,small,0.825173453517912,0.8790950835201864,0.7669820189476013,
S05_concat_Mshell_delta_Pcyc,line_test_0003,medium,1.0,0.8911021410037144,0.8710248470306396,
S05_concat_Mshell_delta_Pcyc,line_test_0003,large,1.0,0.8637576779252346,0.9898040294647217,
S06_geometry_branch_bottleneck_concat,line_test_0003,small,0.3941627339762718,0.9442132288777361,0.4935254156589508,
S06_geometry_branch_bottleneck_concat,line_test_0003,medium,0.2768104254678667,0.9706182205340744,0.4487374424934387,
S06_geometry_branch_bottleneck_concat,line_test_0003,large,0.38849136884296115,0.9480664805936414,0.6162261962890625,
S07_generic_film_middeep,line_test_0003,small,0.4722780293696606,0.9323551493210024,0.5587801337242126,
S07_generic_film_middeep,line_test_0003,medium,0.3908481076245408,0.958105343243101,0.5393667817115784,
S07_generic_film_middeep,line_test_0003,large,0.5095239346649322,0.9313339219545331,0.7064692974090576,
S08_rsbfilm_middeep_default,line_test_0003,small,0.4770437312942967,0.9316267062373725,0.5625768303871155,
S08_rsbfilm_middeep_default,line_test_0003,medium,0.39891909237332357,0.9572178796990448,0.5450395345687866,
S08_rsbfilm_middeep_default,line_test_0003,large,0.5184811538512076,0.9300938278988078,0.7126592397689819,
S01_ref3,point_cluster_test_0003,small,0.11247862759359312,0.9901853885238168,0.22883562743663788,
S01_ref3,point_cluster_test_0003,medium,0.1859627664089203,0.9864716443912963,0.4312340021133423,
S01_ref3,point_cluster_test_0003,large,0.06657883459854522,0.9940391387121048,0.15192028880119324,
S02_plain_residual_unet,point_cluster_test_0003,small,0.11001443863182231,0.990402986830231,0.22670215368270874,
S02_plain_residual_unet,point_cluster_test_0003,medium,0.17355123162269592,0.987389316084515,0.41659480333328247,
S02_plain_residual_unet,point_cluster_test_0003,large,0.06196769664882269,0.9944588642631165,0.14894956350326538,
S03_concat_Mshell,point_cluster_test_0003,small,0.33430552800537033,0.96950099236596,0.43173837661743164,
S03_concat_Mshell,point_cluster_test_0003,medium,0.4310181438922882,0.968183418205041,0.6565197110176086,
S03_concat_Mshell,point_cluster_test_0003,large,0.695429267873808,0.9341806495174121,0.6434521079063416,
S04_concat_Mshell_delta,point_cluster_test_0003,small,0.12483520086233013,0.9890672692300836,0.23185135424137115,
S04_concat_Mshell_delta,point_cluster_test_0003,medium,0.2173529416322708,0.9841454206971915,0.4662112593650818,
S04_concat_Mshell_delta,point_cluster_test_0003,large,0.07568636516817483,0.993197224690589,0.16505160927772522,
S05_concat_Mshell_delta_Pcyc,point_cluster_test_0003,small,0.9739202475370135,0.9092654664314215,0.7860629558563232,
S05_concat_Mshell_delta_Pcyc,point_cluster_test_0003,medium,0.731343686580658,0.9456335083146322,0.8551863431930542,
S05_concat_Mshell_delta_Pcyc,point_cluster_test_0003,large,0.9858359354974177,0.9062074418151825,0.7961922883987427,
S06_geometry_branch_bottleneck_concat,point_cluster_test_0003,small,0.16388911769551198,0.9854968857177854,0.23334790766239166,
S06_geometry_branch_bottleneck_concat,point_cluster_test_0003,medium,0.27377432584762573,0.9799483857835262,0.523234486579895,
S06_geometry_branch_bottleneck_concat,point_cluster_test_0003,large,0.12604597962112904,0.9885240264299148,0.2450835108757019,
S07_generic_film_middeep,point_cluster_test_0003,small,0.18693345845786952,0.983382261178442,0.25365689396858215,
S07_generic_film_middeep,point_cluster_test_0003,medium,0.32534268498420715,0.9760987386708236,0.5703881978988647,
S07_generic_film_middeep,point_cluster_test_0003,large,0.19243417465536136,0.982294477676069,0.3192395269870758,
S08_rsbfilm_middeep_default,point_cluster_test_0003,small,0.19054532276302769,0.9830500426741945,0.2580607235431671,
S08_rsbfilm_middeep_default,point_cluster_test_0003,medium,0.3309246003627777,0.9756814229691414,0.5752604603767395,
S08_rsbfilm_middeep_default,point_cluster_test_0003,large,0.19800334114857068,0.9817685450229428,0.3248237669467926,
S01_ref3,small_rect_edge_test_0003,small,0.2876879817470617,0.9258765506107867,0.46430549025535583,
S01_ref3,small_rect_edge_test_0003,medium,0.1717895053404511,0.9618861814240738,0.3114255666732788,
S01_ref3,small_rect_edge_test_0003,large,0.18926555646072898,0.9603384988840469,0.35634657740592957,
S02_plain_residual_unet,small_rect_edge_test_0003,small,0.27778432153788785,0.928519706788633,0.4569738805294037,
S02_plain_residual_unet,small_rect_edge_test_0003,medium,0.16472445694097074,0.9635315806680365,0.30403831601142883,
S02_plain_residual_unet,small_rect_edge_test_0003,large,0.1823401393161437,0.961855276727889,0.3498539328575134,
S03_concat_Mshell,small_rect_edge_test_0003,small,1.0,0.7245006059051178,0.8756524920463562,
S03_concat_Mshell,small_rect_edge_test_0003,medium,1.0,0.7572767416527361,0.8011283874511719,
S03_concat_Mshell,small_rect_edge_test_0003,large,1.0,0.7740860870117382,0.8505298495292664,
S04_concat_Mshell_delta,small_rect_edge_test_0003,small,0.29691907226654085,0.9233631032911915,0.4718962609767914,
S04_concat_Mshell_delta,small_rect_edge_test_0003,medium,0.1780349672228459,0.9604120915117879,0.3183734714984894,
S04_concat_Mshell_delta,small_rect_edge_test_0003,large,0.18071268927537795,0.9623009282814564,0.3436374068260193,
S05_concat_Mshell_delta_Pcyc,small_rect_edge_test_0003,small,0.988083998518083,0.7277904379397887,0.8709098696708679,
S05_concat_Mshell_delta_Pcyc,small_rect_edge_test_0003,medium,1.0,0.7572767416527361,0.8011283874511719,
S05_concat_Mshell_delta_Pcyc,small_rect_edge_test_0003,large,1.0,0.7740860870117382,0.8505298495292664,
S06_geometry_branch_bottleneck_concat,small_rect_edge_test_0003,small,0.38190587255149994,0.8995238290580067,0.539440929889679,
S06_geometry_branch_bottleneck_concat,small_rect_edge_test_0003,medium,0.27094813706011606,0.9381190750437491,0.4046361446380615,
S06_geometry_branch_bottleneck_concat,small_rect_edge_test_0003,large,0.2749188425489751,0.9411382108658971,0.43631988763809204,
S07_generic_film_middeep,small_rect_edge_test_0003,small,0.5194196743712437,0.8608828515471728,0.6316351890563965,
S07_generic_film_middeep,small_rect_edge_test_0003,medium,0.3943115992799435,0.907931585266589,0.49545106291770935,
S07_generic_film_middeep,small_rect_edge_test_0003,large,0.40241868286741805,0.9120151584546639,0.5322712063789368,
S08_rsbfilm_middeep_default,small_rect_edge_test_0003,small,0.52746514021393,0.8586048514765687,0.6366302371025085,
S08_rsbfilm_middeep_default,small_rect_edge_test_0003,medium,0.40301805805174756,0.9057797140064577,0.5012682676315308,
S08_rsbfilm_middeep_default,small_rect_edge_test_0003,large,0.4098214473457234,0.9103094308304049,0.5373376607894897,
S01_ref3,L_shape_test_0000,small,0.5572870748514476,0.6726437150418749,0.6604185700416565,
S01_ref3,L_shape_test_0000,medium,0.7170108779470585,0.7998987873136026,0.6996065974235535,
S01_ref3,L_shape_test_0000,large,0.749930991409476,0.6806585385153859,0.7567251324653625,
S01_ref3,L_shape_test_0000,abs_pcyc_le_0p25,0.5663837131786363,0.6535398571568386,0.6580297946929932,
S01_ref3,L_shape_test_0000,abs_pcyc_gt_0p25,0.7511139578182142,0.6278280510603101,0.753675103187561,
S02_plain_residual_unet,L_shape_test_0000,small,0.5356551033640256,0.6863557295365226,0.6476823687553406,
S02_plain_residual_unet,L_shape_test_0000,medium,0.6785362486948413,0.8110227964856962,0.6804618239402771,
S02_plain_residual_unet,L_shape_test_0000,large,0.7137748788490038,0.6967703284123906,0.7382197976112366,
S02_plain_residual_unet,L_shape_test_0000,abs_pcyc_le_0p25,0.5436952846883043,0.6685102914086616,0.6448260545730591,
S02_plain_residual_unet,L_shape_test_0000,abs_pcyc_gt_0p25,0.7136045354562053,0.6473579335526867,0.7345679998397827,
S03_concat_Mshell,L_shape_test_0000,small,0.9695239205980841,0.4024359916440794,0.8985932469367981,
S03_concat_Mshell,L_shape_test_0000,medium,1.0,0.718684356150168,0.8305491209030151,
S03_concat_Mshell,L_shape_test_0000,large,1.0,0.5708693816859353,0.8764078617095947,
S03_concat_Mshell,L_shape_test_0000,abs_pcyc_le_0p25,0.9722597024512639,0.3777341580256011,0.8867345452308655,
S03_concat_Mshell,L_shape_test_0000,abs_pcyc_gt_0p25,1.0,0.5006387008949995,0.8714554309844971,
S04_concat_Mshell_delta,L_shape_test_0000,small,0.5731846557102249,0.6619885791337514,0.6713058352470398,
S04_concat_Mshell_delta,L_shape_test_0000,medium,0.729540942637231,0.7963203952283625,0.7054551243782043,
S04_concat_Mshell_delta,L_shape_test_0000,large,0.7245368627729195,0.6919326241111314,0.7440527081489563,
S04_concat_Mshell_delta,L_shape_test_0000,abs_pcyc_le_0p25,0.5818119129251162,0.6427999666080288,0.6682109832763672,
S04_concat_Mshell_delta,L_shape_test_0000,abs_pcyc_gt_0p25,0.7351649992487179,0.6361267563722693,0.7458353042602539,
S05_concat_Mshell_delta_Pcyc,L_shape_test_0000,small,0.9930569777141705,0.3878208809963646,0.910484254360199,
S05_concat_Mshell_delta_Pcyc,L_shape_test_0000,medium,1.0,0.718684356150168,0.8305491209030151,
S05_concat_Mshell_delta_Pcyc,L_shape_test_0000,large,1.0,0.5708693816859353,0.8764078617095947,
S05_concat_Mshell_delta_Pcyc,L_shape_test_0000,abs_pcyc_le_0p25,0.9936803505738389,0.36397953784897435,0.8972534537315369,
S05_concat_Mshell_delta_Pcyc,L_shape_test_0000,abs_pcyc_gt_0p25,1.0,0.5006387008949995,0.8714554309844971,
S06_geometry_branch_bottleneck_concat,L_shape_test_0000,small,0.6186070565863185,0.631554467650922,0.70148104429245,
S06_geometry_branch_bottleneck_concat,L_shape_test_0000,medium,0.7686765469712342,0.7849386064492979,0.725067138671875,
S06_geometry_branch_bottleneck_concat,L_shape_test_0000,large,0.7985848101378241,0.6590239331700255,0.7813401818275452,
S06_geometry_branch_bottleneck_concat,L_shape_test_0000,abs_pcyc_le_0p25,0.6273952385364928,0.6110497917978336,0.6976473927497864,
S06_geometry_branch_bottleneck_concat,L_shape_test_0000,abs_pcyc_gt_0p25,0.799522454089928,0.6027063577019246,0.7779240608215332,
S07_generic_film_middeep,L_shape_test_0000,small,0.7386839717562593,0.5528515285697116,0.7720993757247925,
S07_generic_film_middeep,L_shape_test_0000,medium,0.9009010100317729,0.7469589474308681,0.7857691645622253,
S07_generic_film_middeep,L_shape_test_0000,large,0.9282351965601141,0.6019638017221869,0.8435969948768616,
S07_generic_film_middeep,L_shape_test_0000,abs_pcyc_le_0p25,0.7464661926734674,0.529984082806785,0.7660937905311584,
S07_generic_film_middeep,L_shape_test_0000,abs_pcyc_gt_0p25,0.9334453388626859,0.5341043519996205,0.8414621353149414,
S08_rsbfilm_middeep_default,L_shape_test_0000,small,0.7442634843698728,0.5491713439093625,0.7753282785415649,
S08_rsbfilm_middeep_default,L_shape_test_0000,medium,0.9068959255020071,0.7452440325695072,0.7884424924850464,
S08_rsbfilm_middeep_default,L_shape_test_0000,large,0.9335552348063118,0.599642820308906,0.8460907936096191,
S08_rsbfilm_middeep_default,L_shape_test_0000,abs_pcyc_le_0p25,0.7520219981305367,0.5261807216768515,0.7692387700080872,
S08_rsbfilm_middeep_default,L_shape_test_0000,abs_pcyc_gt_0p25,0.939034595481998,0.5312762276132788,0.8440330624580383,
S01_ref3,cross_test_0000,small,0.17936771773662594,0.9714082982088484,0.28773921728134155,
S01_ref3,cross_test_0000,medium,0.12045366634272144,0.96622953281369,0.25322091579437256,
S01_ref3,cross_test_0000,large,nan,nan,nan,
S01_ref3,cross_test_0000,abs_pcyc_le_0p25,0.2596129080091944,0.987291207494529,0.28627267479896545,
S01_ref3,cross_test_0000,abs_pcyc_gt_0p25,0.12801923638791757,0.9576900886931843,0.2620949447154999,
S02_plain_residual_unet,cross_test_0000,small,0.17320387539031287,0.9724193577523954,0.28370511531829834,
S02_plain_residual_unet,cross_test_0000,medium,0.11929459485121223,0.9665730845553575,0.2518666684627533,
S02_plain_residual_unet,cross_test_0000,large,nan,nan,nan,
S02_plain_residual_unet,cross_test_0000,abs_pcyc_le_0p25,0.2556997287083123,0.9874838565725024,0.2844027876853943,
S02_plain_residual_unet,cross_test_0000,abs_pcyc_gt_0p25,0.12545637931918432,0.9585831994546347,0.2597099840641022,
S03_concat_Mshell,cross_test_0000,small,1.0,0.830976888484267,0.6984903216362,
S03_concat_Mshell,cross_test_0000,medium,1.0,0.6786491279317419,0.7967402935028076,
S03_concat_Mshell,cross_test_0000,large,nan,nan,nan,
S03_concat_Mshell,cross_test_0000,abs_pcyc_le_0p25,1.0,0.9504305964394126,0.5677696466445923,
S03_concat_Mshell,cross_test_0000,abs_pcyc_gt_0p25,1.0,0.6143855349680106,0.7939646244049072,
S04_concat_Mshell_delta,cross_test_0000,small,0.1801884761603311,0.9712711074884308,0.29089099168777466,
S04_concat_Mshell_delta,cross_test_0000,medium,0.12184877342655039,0.9657904190787301,0.25648367404937744,
S04_concat_Mshell_delta,cross_test_0000,large,nan,nan,nan,
S04_concat_Mshell_delta,cross_test_0000,abs_pcyc_le_0p25,0.2861000449270515,0.9859822539261394,0.29988837242126465,
S04_concat_Mshell_delta,cross_test_0000,abs_pcyc_gt_0p25,0.12712056129089247,0.9579475969090507,0.2635859251022339,
S05_concat_Mshell_delta_Pcyc,cross_test_0000,small,1.0,0.830976888484267,0.6984903216362,
S05_concat_Mshell_delta_Pcyc,cross_test_0000,medium,1.0,0.6786491279317419,0.7967402935028076,
S05_concat_Mshell_delta_Pcyc,cross_test_0000,large,nan,nan,nan,
S05_concat_Mshell_delta_Pcyc,cross_test_0000,abs_pcyc_le_0p25,1.0,0.9504305964394126,0.5677696466445923,
S05_concat_Mshell_delta_Pcyc,cross_test_0000,abs_pcyc_gt_0p25,1.0,0.6143855349680106,0.7939646244049072,
S06_geometry_branch_bottleneck_concat,cross_test_0000,small,0.2709899170042729,0.9560220959004396,0.36026448011398315,
S06_geometry_branch_bottleneck_concat,cross_test_0000,medium,0.19300622940640694,0.9439596845537718,0.3322611451148987,
S06_geometry_branch_bottleneck_concat,cross_test_0000,large,nan,nan,nan,
S06_geometry_branch_bottleneck_concat,cross_test_0000,abs_pcyc_le_0p25,0.38017603971536634,0.9813001146853884,0.349203884601593,
S06_geometry_branch_bottleneck_concat,cross_test_0000,abs_pcyc_gt_0p25,0.2027716625558786,0.9302154695881666,0.3411054313182831,
S07_generic_film_middeep,cross_test_0000,small,0.36205975998665835,0.9406892252232567,0.4147951006889343,
S07_generic_film_middeep,cross_test_0000,medium,0.275547883178074,0.917607028790626,0.4067819118499756,
S07_generic_film_middeep,cross_test_0000,large,nan,nan,nan,
S07_generic_film_middeep,cross_test_0000,abs_pcyc_le_0p25,0.5411858441888644,0.9733085325224813,0.41393595933914185,
S07_generic_film_middeep,cross_test_0000,abs_pcyc_gt_0p25,0.28151291207484536,0.9000694801961344,0.40892842411994934,
S08_rsbfilm_middeep_default,cross_test_0000,small,0.3693824633095506,0.9394417436190562,0.4191707670688629,
S08_rsbfilm_middeep_default,cross_test_0000,medium,0.28157858287529913,0.9156611416174294,0.4115705192089081,
S08_rsbfilm_middeep_default,cross_test_0000,large,nan,nan,nan,
S08_rsbfilm_middeep_default,cross_test_0000,abs_pcyc_le_0p25,0.5521777477528196,0.9727612695977915,0.41821378469467163,
S08_rsbfilm_middeep_default,cross_test_0000,abs_pcyc_gt_0p25,0.2875492846734626,0.8977283350894996,0.41363009810447693,
S01_ref3,double_line_test_0000,small,0.6263890622684897,0.6756797797413664,0.707865834236145,
S01_ref3,double_line_test_0000,medium,0.575918348839442,0.7330841635147344,0.6454794406890869,
S01_ref3,double_line_test_0000,large,0.5154787879251883,0.8091043046895449,0.6168949007987976,
S01_ref3,double_line_test_0000,abs_pcyc_le_0p25,0.6263890622684897,0.6756797797413664,0.707865834236145,
S01_ref3,double_line_test_0000,abs_pcyc_gt_0p25,0.5513736594655645,0.6762591989859669,0.6340456604957581,
S02_plain_residual_unet,double_line_test_0000,small,0.5954733615387535,0.6929039155192074,0.6898799538612366,
S02_plain_residual_unet,double_line_test_0000,medium,0.5473064308969197,0.7474720322095383,0.6284101605415344,
S02_plain_residual_unet,double_line_test_0000,large,0.4850702265592363,0.8212316426993286,0.5975019335746765,
S02_plain_residual_unet,double_line_test_0000,abs_pcyc_le_0p25,0.5954733615387535,0.6929039155192074,0.6898799538612366,
S02_plain_residual_unet,double_line_test_0000,abs_pcyc_gt_0p25,0.5220321191684677,0.6952649999206341,0.6160468459129333,
S03_concat_Mshell,double_line_test_0000,small,0.9858285709893558,0.47461454017550586,0.8956151604652405,
S03_concat_Mshell,double_line_test_0000,medium,1.0,0.5198401030691921,0.8663778901100159,
S03_concat_Mshell,double_line_test_0000,large,1.0,0.6146923550418804,0.877381443977356,
S03_concat_Mshell,double_line_test_0000,abs_pcyc_le_0p25,0.9858285709893558,0.47461454017550586,0.8956151604652405,
S03_concat_Mshell,double_line_test_0000,abs_pcyc_gt_0p25,1.0,0.38633620143235675,0.8707793354988098,
S04_concat_Mshell_delta,double_line_test_0000,small,0.6489598722321781,0.6631531874867492,0.7207642197608948,
S04_concat_Mshell_delta,double_line_test_0000,medium,0.5848920291680286,0.728571233813207,0.6506694555282593,
S04_concat_Mshell_delta,double_line_test_0000,large,0.532188536463959,0.8024989115913534,0.6269282102584839,
S04_concat_Mshell_delta,double_line_test_0000,abs_pcyc_le_0p25,0.6489598722321781,0.6631531874867492,0.7207642197608948,
S04_concat_Mshell_delta,double_line_test_0000,abs_pcyc_gt_0p25,0.563488980605597,0.6684580098899824,0.6411730051040649,
S05_concat_Mshell_delta_Pcyc,double_line_test_0000,small,1.0,0.4669430155707812,0.9017245173454285,
S05_concat_Mshell_delta_Pcyc,double_line_test_0000,medium,1.0,0.5198401030691921,0.8663778901100159,
S05_concat_Mshell_delta_Pcyc,double_line_test_0000,large,1.0,0.6146923550418804,0.877381443977356,
S05_concat_Mshell_delta_Pcyc,double_line_test_0000,abs_pcyc_le_0p25,1.0,0.4669430155707812,0.9017245173454285,
S05_concat_Mshell_delta_Pcyc,double_line_test_0000,abs_pcyc_gt_0p25,1.0,0.38633620143235675,0.8707793354988098,
S06_geometry_branch_bottleneck_concat,double_line_test_0000,small,0.6800831023390908,0.6452292051574454,0.7390624284744263,
S06_geometry_branch_bottleneck_concat,double_line_test_0000,medium,0.6404145599662652,0.7004346897128746,0.6827547550201416,
S06_geometry_branch_bottleneck_concat,double_line_test_0000,large,0.5845587268297303,0.7813449273705272,0.6594857573509216,
S06_geometry_branch_bottleneck_concat,double_line_test_0000,abs_pcyc_le_0p25,0.6800831023390908,0.6452292051574454,0.7390624284744263,
S06_geometry_branch_bottleneck_concat,double_line_test_0000,abs_pcyc_gt_0p25,0.617731336373685,0.6329119893016257,0.6734471917152405,
S07_generic_film_middeep,double_line_test_0000,small,0.8300305577400051,0.5616950808821475,0.8193721175193787,
S07_generic_film_middeep,double_line_test_0000,medium,0.7753166921768844,0.6324522779956718,0.755053699016571,
S07_generic_film_middeep,double_line_test_0000,large,0.7277727238095332,0.724029506190405,0.7389565706253052,
S07_generic_film_middeep,double_line_test_0000,abs_pcyc_le_0p25,0.8300305577400051,0.5616950808821475,0.8193721175193787,
S07_generic_film_middeep,double_line_test_0000,abs_pcyc_gt_0p25,0.7560089672021333,0.5433526090458597,0.7486149072647095,
S08_rsbfilm_middeep_default,double_line_test_0000,small,0.8345099393463826,0.5591831679503818,0.8217049241065979,
S08_rsbfilm_middeep_default,double_line_test_0000,medium,0.780621275057171,0.6297545156004065,0.7578760981559753,
S08_rsbfilm_middeep_default,double_line_test_0000,large,0.7346486177640391,0.7212758750554521,0.7426230907440186,
S08_rsbfilm_middeep_default,double_line_test_0000,abs_pcyc_le_0p25,0.8345099393463826,0.5591831679503818,0.8217049241065979,
S08_rsbfilm_middeep_default,double_line_test_0000,abs_pcyc_gt_0p25,0.761951614137505,0.5394845087274992,0.7517749071121216,
S01_ref3,line_test_0000,small,0.46635338733536585,0.8314326108689133,0.5358279347419739,
S01_ref3,line_test_0000,medium,nan,nan,nan,
S01_ref3,line_test_0000,large,0.5352351045144632,0.8787017891794078,0.5652140974998474,
S01_ref3,line_test_0000,abs_pcyc_le_0p25,0.46635338733536585,0.8314326108689133,0.5358279347419739,
S01_ref3,line_test_0000,abs_pcyc_gt_0p25,0.5352351045144632,0.8787017891794078,0.5652140974998474,
S02_plain_residual_unet,line_test_0000,small,0.43389493735773776,0.8438096231603255,0.516808271408081,
S02_plain_residual_unet,line_test_0000,medium,nan,nan,nan,
S02_plain_residual_unet,line_test_0000,large,0.5021890786502203,0.8865316386413837,0.5468339920043945,
S02_plain_residual_unet,line_test_0000,abs_pcyc_le_0p25,0.43389493735773776,0.8438096231603255,0.516808271408081,
S02_plain_residual_unet,line_test_0000,abs_pcyc_gt_0p25,0.5021890786502203,0.8865316386413837,0.5468339920043945,
S03_concat_Mshell,line_test_0000,small,0.8778474796389516,0.6655153390347095,0.7350210547447205,
S03_concat_Mshell,line_test_0000,medium,nan,nan,nan,
S03_concat_Mshell,line_test_0000,large,1.0,0.7681662613578296,0.7892246246337891,
S03_concat_Mshell,line_test_0000,abs_pcyc_le_0p25,0.8778474796389516,0.6655153390347095,0.7350210547447205,
S03_concat_Mshell,line_test_0000,abs_pcyc_gt_0p25,1.0,0.7681662613578296,0.7892246246337891,
S04_concat_Mshell_delta,line_test_0000,small,0.48518441694322856,0.8241778542245639,0.5468697547912598,
S04_concat_Mshell_delta,line_test_0000,medium,nan,nan,nan,
S04_concat_Mshell_delta,line_test_0000,large,0.541063270053732,0.8772902513515847,0.5688060522079468,
S04_concat_Mshell_delta,line_test_0000,abs_pcyc_le_0p25,0.48518441694322856,0.8241778542245639,0.5468697547912598,
S04_concat_Mshell_delta,line_test_0000,abs_pcyc_gt_0p25,0.541063270053732,0.8772902513515847,0.5688060522079468,
S05_concat_Mshell_delta_Pcyc,line_test_0000,small,0.902722879574487,0.6547173097753137,0.74867182970047,
S05_concat_Mshell_delta_Pcyc,line_test_0000,medium,nan,nan,nan,
S05_concat_Mshell_delta_Pcyc,line_test_0000,large,1.0,0.7681662613578296,0.7892246246337891,
S05_concat_Mshell_delta_Pcyc,line_test_0000,abs_pcyc_le_0p25,0.902722879574487,0.6547173097753137,0.74867182970047,
S05_concat_Mshell_delta_Pcyc,line_test_0000,abs_pcyc_gt_0p25,1.0,0.7681662613578296,0.7892246246337891,
S06_geometry_branch_bottleneck_concat,line_test_0000,small,0.5178164586795225,0.8103461937329175,0.5672940611839294,
S06_geometry_branch_bottleneck_concat,line_test_0000,medium,nan,nan,nan,
S06_geometry_branch_bottleneck_concat,line_test_0000,large,0.6243064377112376,0.8574780780231931,0.613319456577301,
S06_geometry_branch_bottleneck_concat,line_test_0000,abs_pcyc_le_0p25,0.5178164586795225,0.8103461937329175,0.5672940611839294,
S06_geometry_branch_bottleneck_concat,line_test_0000,abs_pcyc_gt_0p25,0.6243064377112376,0.8574780780231931,0.613319456577301,
S07_generic_film_middeep,line_test_0000,small,0.6318228461833085,0.7648676127152665,0.628838837146759,
S07_generic_film_middeep,line_test_0000,medium,nan,nan,nan,
S07_generic_film_middeep,line_test_0000,large,0.7747848862062496,0.8216758885972201,0.6871371269226074,
S07_generic_film_middeep,line_test_0000,abs_pcyc_le_0p25,0.6318228461833085,0.7648676127152665,0.628838837146759,
S07_generic_film_middeep,line_test_0000,abs_pcyc_gt_0p25,0.7747848862062496,0.8216758885972201,0.6871371269226074,
S08_rsbfilm_middeep_default,line_test_0000,small,0.6356926463826836,0.7632722222421502,0.6307973861694336,
S08_rsbfilm_middeep_default,line_test_0000,medium,nan,nan,nan,
S08_rsbfilm_middeep_default,line_test_0000,large,0.7823123618848015,0.8198900376850606,0.6906359791755676,
S08_rsbfilm_middeep_default,line_test_0000,abs_pcyc_le_0p25,0.6356926463826836,0.7632722222421502,0.6307973861694336,
S08_rsbfilm_middeep_default,line_test_0000,abs_pcyc_gt_0p25,0.7823123618848015,0.8198900376850606,0.6906359791755676,
S01_ref3,point_cluster_test_0000,small,0.3464763088938776,0.9456676093666789,0.4112357497215271,
S01_ref3,point_cluster_test_0000,medium,0.1591387253824903,0.9843819807094818,0.2302427738904953,
S01_ref3,point_cluster_test_0000,large,0.24819415959638946,0.97084894527718,0.3592851459980011,
S01_ref3,point_cluster_test_0000,abs_pcyc_le_0p25,0.39414529815694394,0.9587724984953324,0.47388404607772827,
S01_ref3,point_cluster_test_0000,abs_pcyc_gt_0p25,0.22506955413172855,0.9494269134042014,0.3082198202610016,
S02_plain_residual_unet,point_cluster_test_0000,small,0.32872927256398277,0.9485965203445933,0.40271422266960144,
S02_plain_residual_unet,point_cluster_test_0000,medium,0.14647266615853,0.9856455391291888,0.21932841837406158,
S02_plain_residual_unet,point_cluster_test_0000,large,0.2261757707532072,0.9735060548500206,0.3418482840061188,
S02_plain_residual_unet,point_cluster_test_0000,abs_pcyc_le_0p25,0.3704433734790383,0.961301487871699,0.45845848321914673,
S02_plain_residual_unet,point_cluster_test_0000,abs_pcyc_gt_0p25,0.20943807650357704,0.953163784928427,0.2971837520599365,
S03_concat_Mshell,point_cluster_test_0000,small,1.0,0.83003837346418,0.7925100326538086,
S03_concat_Mshell,point_cluster_test_0000,medium,1.0,0.8964361112499089,0.6792563796043396,
S03_concat_Mshell,point_cluster_test_0000,large,1.0,0.8783312805911008,0.7494406700134277,
S03_concat_Mshell,point_cluster_test_0000,abs_pcyc_le_0p25,1.0,0.892277263096631,0.8653895258903503,
S03_concat_Mshell,point_cluster_test_0000,abs_pcyc_gt_0p25,1.0,0.7466743499498308,0.7156689763069153,
S04_concat_Mshell_delta,point_cluster_test_0000,small,0.35731813395660295,0.9437276109678561,0.41585344076156616,
S04_concat_Mshell_delta,point_cluster_test_0000,medium,0.1704192991769316,0.9832350855717249,0.24290727078914642,
S04_concat_Mshell_delta,point_cluster_test_0000,large,0.2627331008187683,0.9690823546810107,0.3716106414794922,
S04_concat_Mshell_delta,point_cluster_test_0000,abs_pcyc_le_0p25,0.4088152935958171,0.9571667685947931,0.48724353313446045,
S04_concat_Mshell_delta,point_cluster_test_0000,abs_pcyc_gt_0p25,0.23620844584667341,0.946610375466283,0.3165600597858429,
S05_concat_Mshell_delta_Pcyc,point_cluster_test_0000,small,1.0,0.83003837346418,0.7925100326538086,
S05_concat_Mshell_delta_Pcyc,point_cluster_test_0000,medium,1.0,0.8964361112499089,0.6792563796043396,
S05_concat_Mshell_delta_Pcyc,point_cluster_test_0000,large,1.0,0.8783312805911008,0.7494406700134277,
S05_concat_Mshell_delta_Pcyc,point_cluster_test_0000,abs_pcyc_le_0p25,1.0,0.892277263096631,0.8653895258903503,
S05_concat_Mshell_delta_Pcyc,point_cluster_test_0000,abs_pcyc_gt_0p25,1.0,0.7466743499498308,0.7156689763069153,
S06_geometry_branch_bottleneck_concat,point_cluster_test_0000,small,0.38234967144790144,0.9390673374493691,0.42648768424987793,
S06_geometry_branch_bottleneck_concat,point_cluster_test_0000,medium,0.2260969743818677,0.9775149542985707,0.29675939679145813,
S06_geometry_branch_bottleneck_concat,point_cluster_test_0000,large,0.2974697753013806,0.9648204874815577,0.39930811524391174,
S06_geometry_branch_bottleneck_concat,point_cluster_test_0000,abs_pcyc_le_0p25,0.43352278818926443,0.9543607630701095,0.518450140953064,
S06_geometry_branch_bottleneck_concat,point_cluster_test_0000,abs_pcyc_gt_0p25,0.27581525399549056,0.9364377403912837,0.34465664625167847,
S07_generic_film_middeep,point_cluster_test_0000,small,0.45394005825930317,0.9267771189934512,0.45419615507125854,
S07_generic_film_middeep,point_cluster_test_0000,medium,0.3246832095844371,0.9673646247417707,0.36806783080101013,
S07_generic_film_middeep,point_cluster_test_0000,large,0.3874451491810585,0.953835837987941,0.4570443332195282,
S07_generic_film_middeep,point_cluster_test_0000,abs_pcyc_le_0p25,0.530280231532622,0.9438528164496506,0.5840599536895752,
S07_generic_film_middeep,point_cluster_test_0000,abs_pcyc_gt_0p25,0.3551765609254408,0.9164306505874487,0.39050012826919556,
S08_rsbfilm_middeep_default,point_cluster_test_0000,small,0.458883755355226,0.9259174465133289,0.4558825194835663,
S08_rsbfilm_middeep_default,point_cluster_test_0000,medium,0.33206069252623593,0.9666009296117853,0.3728925883769989,
S08_rsbfilm_middeep_default,point_cluster_test_0000,large,0.3937917987325831,0.9530566077073894,0.46099814772605896,
S08_rsbfilm_middeep_default,point_cluster_test_0000,abs_pcyc_le_0p25,0.5359815606174871,0.9432296725774134,0.5879611968994141,
S08_rsbfilm_middeep_default,point_cluster_test_0000,abs_pcyc_gt_0p25,0.36125685665909407,0.9148807098808638,0.3936600089073181,
S01_ref3,small_rect_edge_test_0000,small,0.5198093293459869,0.8354054385689397,0.6422123908996582,
S01_ref3,small_rect_edge_test_0000,medium,0.7502710589098918,0.8213405866536372,0.8548452854156494,
S01_ref3,small_rect_edge_test_0000,large,0.621265651240737,0.8465673228322487,0.7001703977584839,
S01_ref3,small_rect_edge_test_0000,abs_pcyc_le_0p25,nan,nan,nan,
S01_ref3,small_rect_edge_test_0000,abs_pcyc_gt_0p25,0.6128339905756269,0.6835590625211427,0.7134824991226196,
S02_plain_residual_unet,small_rect_edge_test_0000,small,0.4921165645888562,0.8448818892138976,0.6225138902664185,
S02_plain_residual_unet,small_rect_edge_test_0000,medium,0.7156647091209396,0.8298069935304939,0.8349426984786987,
S02_plain_residual_unet,small_rect_edge_test_0000,large,0.5909237911266917,0.8543898874383001,0.6821235418319702,
S02_plain_residual_unet,small_rect_edge_test_0000,abs_pcyc_le_0p25,nan,nan,nan,
S02_plain_residual_unet,small_rect_edge_test_0000,abs_pcyc_gt_0p25,0.582466088207376,0.7007430021855492,0.694249153137207,
S03_concat_Mshell,small_rect_edge_test_0000,small,0.7874860004464933,0.7424830104142778,0.8154439926147461,
S03_concat_Mshell,small_rect_edge_test_0000,medium,1.0,0.7608906043717637,0.9870098233222961,
S03_concat_Mshell,small_rect_edge_test_0000,large,0.9624886635995102,0.7585839324917868,0.890021800994873,
S03_concat_Mshell,small_rect_edge_test_0000,abs_pcyc_le_0p25,nan,nan,nan,
S03_concat_Mshell,small_rect_edge_test_0000,abs_pcyc_gt_0p25,0.8971021760946709,0.5218304023630647,0.8816410303115845,
S04_concat_Mshell_delta,small_rect_edge_test_0000,small,0.5224700995655086,0.834515060505691,0.6438044905662537,
S04_concat_Mshell_delta,small_rect_edge_test_0000,medium,0.7559771211843151,0.8199484786346007,0.8580319881439209,
S04_concat_Mshell_delta,small_rect_edge_test_0000,large,0.6245688606340204,0.8457112182015781,0.7021601796150208,
S04_concat_Mshell_delta,small_rect_edge_test_0000,abs_pcyc_le_0p25,nan,nan,nan,
S04_concat_Mshell_delta,small_rect_edge_test_0000,abs_pcyc_gt_0p25,0.6165196983060175,0.6815191429075939,0.7155975103378296,
S05_concat_Mshell_delta_Pcyc,small_rect_edge_test_0000,small,0.9066580352928666,0.7002173356039817,0.8877819180488586,
S05_concat_Mshell_delta_Pcyc,small_rect_edge_test_0000,medium,1.0,0.7608906043717637,0.9870098233222961,
S05_concat_Mshell_delta_Pcyc,small_rect_edge_test_0000,large,1.0,0.7491019801502912,0.9088236093521118,
S05_concat_Mshell_delta_Pcyc,small_rect_edge_test_0000,abs_pcyc_le_0p25,nan,nan,nan,
S05_concat_Mshell_delta_Pcyc,small_rect_edge_test_0000,abs_pcyc_gt_0p25,0.9596262662370586,0.48472967892663954,0.9191644191741943,
S06_geometry_branch_bottleneck_concat,small_rect_edge_test_0000,small,0.5689505216446623,0.8183241568667683,0.677993893623352,
S06_geometry_branch_bottleneck_concat,small_rect_edge_test_0000,medium,0.8055534348810179,0.8078543096472117,0.8858253955841064,
S06_geometry_branch_bottleneck_concat,small_rect_edge_test_0000,large,0.6694436587501617,0.8341068353595651,0.7287671566009521,
S06_geometry_branch_bottleneck_concat,small_rect_edge_test_0000,abs_pcyc_le_0p25,nan,nan,nan,
S06_geometry_branch_bottleneck_concat,small_rect_edge_test_0000,abs_pcyc_gt_0p25,0.6633809931499941,0.6545614531066858,0.7458183765411377,
S07_generic_film_middeep,small_rect_edge_test_0000,small,0.6768987001325177,0.7813865436420886,0.7456914782524109,
S07_generic_film_middeep,small_rect_edge_test_0000,medium,0.9395297608123815,0.7754169962847703,0.9566766023635864,
S07_generic_film_middeep,small_rect_edge_test_0000,large,0.798014754151472,0.8008179115643105,0.8021366000175476,
S07_generic_film_middeep,small_rect_edge_test_0000,abs_pcyc_le_0p25,nan,nan,nan,
S07_generic_film_middeep,small_rect_edge_test_0000,abs_pcyc_gt_0p25,0.7845173243258727,0.5863669139407462,0.8160768747329712,
S08_rsbfilm_middeep_default,small_rect_edge_test_0000,small,0.6819747625594884,0.7796313770147444,0.7488260865211487,
S08_rsbfilm_middeep_default,small_rect_edge_test_0000,medium,0.944510124181807,0.7742168973941146,0.9592236876487732,
S08_rsbfilm_middeep_default,small_rect_edge_test_0000,large,0.8032298430355153,0.7994704109633934,0.805010974407196,
S08_rsbfilm_middeep_default,small_rect_edge_test_0000,abs_pcyc_le_0p25,nan,nan,nan,
S08_rsbfilm_middeep_default,small_rect_edge_test_0000,abs_pcyc_gt_0p25,0.7896078252582772,0.5834806916042344,0.8189833164215088,
S01_ref3,L_shape_test_0001,small,0.3096120087843244,0.8680018043280419,0.5062578320503235,
S01_ref3,L_shape_test_0001,medium,0.2582176022328125,0.8965487402622674,0.4009621739387512,
S01_ref3,L_shape_test_0001,large,0.48398972225368747,0.918267968168786,0.547793447971344,
S01_ref3,L_shape_test_0001,abs_pcyc_le_0p25,0.3096120087843244,0.8680018043280419,0.5062578320503235,
S01_ref3,L_shape_test_0001,abs_pcyc_gt_0p25,0.3040673542383489,0.8620623665691526,0.433591365814209,
S02_plain_residual_unet,L_shape_test_0001,small,0.2954148398751297,0.8746200426844237,0.49444952607154846,
S02_plain_residual_unet,L_shape_test_0001,medium,0.2453307985703877,0.9021901699627907,0.3902052342891693,
S02_plain_residual_unet,L_shape_test_0001,large,0.4695707229067438,0.9207882575670856,0.5393708944320679,
S02_plain_residual_unet,L_shape_test_0001,abs_pcyc_le_0p25,0.2954148398751297,0.8746200426844237,0.49444952607154846,
S02_plain_residual_unet,L_shape_test_0001,abs_pcyc_gt_0p25,0.29086940216814033,0.8686923375828028,0.4233531951904297,
S03_concat_Mshell,L_shape_test_0001,small,0.9510486553655298,0.5529959497971364,0.9267640709877014,
S03_concat_Mshell,L_shape_test_0001,medium,1.0,0.5464881711553835,0.8501264452934265,
S03_concat_Mshell,L_shape_test_0001,large,1.0,0.8272292282393346,0.8029587268829346,
S03_concat_Mshell,L_shape_test_0001,abs_pcyc_le_0p25,0.9510486553655298,0.5529959497971364,0.9267640709877014,
S03_concat_Mshell,L_shape_test_0001,abs_pcyc_gt_0p25,1.0,0.4881994682035255,0.8396447896957397,
S04_concat_Mshell_delta,L_shape_test_0001,small,0.3240458168315664,0.8611616063243895,0.5188794732093811,
S04_concat_Mshell_delta,L_shape_test_0001,medium,0.26704704056296047,0.8925914673341535,0.408993661403656,
S04_concat_Mshell_delta,L_shape_test_0001,large,0.4993365915908027,0.9155766116879578,0.5567841529846191,
S04_concat_Mshell_delta,L_shape_test_0001,abs_pcyc_le_0p25,0.3240458168315664,0.8611616063243895,0.5188794732093811,
S04_concat_Mshell_delta,L_shape_test_0001,abs_pcyc_gt_0p25,0.31422035098462103,0.8568734940038442,0.44183599948883057,
S05_concat_Mshell_delta_Pcyc,L_shape_test_0001,small,0.9296238042680047,0.5639420149714248,0.9143078327178955,
S05_concat_Mshell_delta_Pcyc,L_shape_test_0001,medium,1.0,0.5464881711553835,0.8501264452934265,
S05_concat_Mshell_delta_Pcyc,L_shape_test_0001,large,1.0,0.8272292282393346,0.8029587268829346,
S05_concat_Mshell_delta_Pcyc,L_shape_test_0001,abs_pcyc_le_0p25,0.9296238042680047,0.5639420149714248,0.9143078327178955,
S05_concat_Mshell_delta_Pcyc,L_shape_test_0001,abs_pcyc_gt_0p25,1.0,0.4881994682035255,0.8396447896957397,
S06_geometry_branch_bottleneck_concat,L_shape_test_0001,small,0.3850748867320814,0.8314892834141714,0.5724455714225769,
S06_geometry_branch_bottleneck_concat,L_shape_test_0001,medium,0.3299830781311789,0.8636516616208221,0.4648642838001251,
S06_geometry_branch_bottleneck_concat,L_shape_test_0001,large,0.5689870210464121,0.9031626127750756,0.5996726751327515,
S06_geometry_branch_bottleneck_concat,L_shape_test_0001,abs_pcyc_le_0p25,0.3850748867320814,0.8314892834141714,0.5724455714225769,
S06_geometry_branch_bottleneck_concat,L_shape_test_0001,abs_pcyc_gt_0p25,0.3785200288260156,0.8227827601153024,0.4948217570781708,
S07_generic_film_middeep,L_shape_test_0001,small,0.5068114506522985,0.7723948200065661,0.6598397493362427,
S07_generic_film_middeep,L_shape_test_0001,medium,0.44132057547673126,0.8121133563502579,0.5441083908081055,
S07_generic_film_middeep,L_shape_test_0001,large,0.7469818575122594,0.8717832447296744,0.6909843683242798,
S07_generic_film_middeep,L_shape_test_0001,abs_pcyc_le_0p25,0.5068114506522985,0.7723948200065661,0.6598397493362427,
S07_generic_film_middeep,L_shape_test_0001,abs_pcyc_gt_0p25,0.5033941429907611,0.7569477271790589,0.576747477054596,
S08_rsbfilm_middeep_default,L_shape_test_0001,small,0.5132835037775775,0.7692144056394431,0.6642616391181946,
S08_rsbfilm_middeep_default,L_shape_test_0001,medium,0.4484109520068374,0.8087830001877776,0.5488545894622803,
S08_rsbfilm_middeep_default,L_shape_test_0001,large,0.752052636872441,0.8708733125267777,0.6936147212982178,
S08_rsbfilm_middeep_default,L_shape_test_0001,abs_pcyc_le_0p25,0.5132835037775775,0.7692144056394431,0.6642616391181946,
S08_rsbfilm_middeep_default,L_shape_test_0001,abs_pcyc_gt_0p25,0.5100744173746036,0.753325878253879,0.5810235142707825,
S01_ref3,cross_test_0001,small,0.30375676435185556,0.8687302434140506,0.40566226840019226,
S01_ref3,cross_test_0001,medium,0.15333997370308255,0.9425635808619441,0.2642250657081604,
S01_ref3,cross_test_0001,large,0.18531444973264558,0.930401885914111,0.3537837862968445,
S01_ref3,cross_test_0001,abs_pcyc_le_0p25,0.29353355170805995,0.8707557385356851,0.3956031799316406,
S01_ref3,cross_test_0001,abs_pcyc_gt_0p25,0.17098350147050775,0.9142621677440161,0.30722111463546753,
S02_plain_residual_unet,cross_test_0001,small,0.2940061618957264,0.8734381373029118,0.3976316750049591,
S02_plain_residual_unet,cross_test_0001,medium,0.14537924115845613,0.9459140988233429,0.2537616789340973,
S02_plain_residual_unet,cross_test_0001,large,0.17881891788362342,0.9330523318902064,0.3474099934101105,
S02_plain_residual_unet,cross_test_0001,abs_pcyc_le_0p25,0.28387662120119234,0.8755281180505534,0.38744887709617615,
S02_plain_residual_unet,cross_test_0001,abs_pcyc_gt_0p25,0.16373064572959534,0.9184309194155208,0.2986490726470947,
S03_concat_Mshell,cross_test_0001,small,0.9714603250014938,0.5246432508757561,0.8073025345802307,
S03_concat_Mshell,cross_test_0001,medium,0.9978218809837853,0.5475864292281488,0.7924237251281738,
S03_concat_Mshell,cross_test_0001,large,1.0,0.5745908503658403,0.8347777724266052,
S03_concat_Mshell,cross_test_0001,abs_pcyc_le_0p25,0.9728062729586864,0.5118164911285026,0.8047569394111633,
S03_concat_Mshell,cross_test_0001,abs_pcyc_gt_0p25,0.99881551379301,0.3907727835586687,0.8131932020187378,
S04_concat_Mshell_delta,cross_test_0001,small,0.3174766535530055,0.8620546600071265,0.41646844148635864,
S04_concat_Mshell_delta,cross_test_0001,medium,0.16526619093232184,0.9376108043326353,0.2773229479789734,
S04_concat_Mshell_delta,cross_test_0001,large,0.19747815774698144,0.9253919217737827,0.3657498359680176,
S04_concat_Mshell_delta,cross_test_0001,abs_pcyc_le_0p25,0.3072634638149344,0.8639080935115995,0.40677112340927124,
S04_concat_Mshell_delta,cross_test_0001,abs_pcyc_gt_0p25,0.18296307698444397,0.9074568591970619,0.3196428418159485,
S05_concat_Mshell_delta_Pcyc,cross_test_0001,small,1.0,0.510123552765246,0.8224588632583618,
S05_concat_Mshell_delta_Pcyc,cross_test_0001,medium,1.0,0.5466021525680813,0.7933477759361267,
S05_concat_Mshell_delta_Pcyc,cross_test_0001,large,1.0,0.5745908503658403,0.8347777724266052,
S05_concat_Mshell_delta_Pcyc,cross_test_0001,abs_pcyc_le_0p25,1.0,0.49762676390924343,0.819071352481842,
S05_concat_Mshell_delta_Pcyc,cross_test_0001,abs_pcyc_gt_0p25,1.0,0.3900639303044091,0.8137211799621582,
S06_geometry_branch_bottleneck_concat,cross_test_0001,small,0.3675168403604007,0.8366512038701565,0.46008387207984924,
S06_geometry_branch_bottleneck_concat,cross_test_0001,medium,0.20864933393492877,0.9187016859043625,0.3271471858024597,
S06_geometry_branch_bottleneck_concat,cross_test_0001,large,0.2581165025108752,0.8999746489989838,0.4201812744140625,
S06_geometry_branch_bottleneck_concat,cross_test_0001,abs_pcyc_le_0p25,0.3568200577307919,0.838192121649346,0.45039287209510803,
S06_geometry_branch_bottleneck_concat,cross_test_0001,abs_pcyc_gt_0p25,0.23486624797296987,0.8767433907792784,0.37182381749153137,
S07_generic_film_middeep,cross_test_0001,small,0.4598102619351114,0.7903782699371152,0.5231637954711914,
S07_generic_film_middeep,cross_test_0001,medium,0.28484369772048873,0.8846012401758127,0.39756348729133606,
S07_generic_film_middeep,cross_test_0001,large,0.35876468612748,0.8565456124477522,0.49752572178840637,
S07_generic_film_middeep,cross_test_0001,abs_pcyc_le_0p25,0.44711872339755476,0.7918828086116978,0.5125738978385925,
S07_generic_film_middeep,cross_test_0001,abs_pcyc_gt_0p25,0.3237910564694415,0.8221983396294419,0.4462966322898865,
S08_rsbfilm_middeep_default,cross_test_0001,small,0.46580124263648903,0.7873312139813027,0.5270960927009583,
S08_rsbfilm_middeep_default,cross_test_0001,medium,0.29018875025319857,0.8821791678168461,0.40189987421035767,
S08_rsbfilm_middeep_default,cross_test_0001,large,0.36548826946387436,0.8536059963547504,0.502237856388092,
S08_rsbfilm_middeep_default,cross_test_0001,abs_pcyc_le_0p25,0.4530261116528377,0.7888052218768471,0.5164908766746521,
S08_rsbfilm_middeep_default,cross_test_0001,abs_pcyc_gt_0p25,0.3298428185473705,0.8184264036524327,0.45083168148994446,
S01_ref3,double_line_test_0001,small,0.6053201284102833,0.7200227052738244,0.6158610582351685,
S01_ref3,double_line_test_0001,medium,0.6338509239582945,0.7471309707336289,0.6349579691886902,
S01_ref3,double_line_test_0001,large,0.5939453090098074,0.7375640343377525,0.6188958287239075,
S01_ref3,double_line_test_0001,abs_pcyc_le_0p25,0.6161063526524514,0.6696207091355082,0.6217911243438721,
S01_ref3,double_line_test_0001,abs_pcyc_gt_0p25,0.6027051318848244,0.678122201639157,0.6232847571372986,
S02_plain_residual_unet,double_line_test_0001,small,0.5784716693031506,0.7333531718298557,0.6016032695770264,
S02_plain_residual_unet,double_line_test_0001,medium,0.6053686964714814,0.7592370498567458,0.6201989650726318,
S02_plain_residual_unet,double_line_test_0001,large,0.5650195877856955,0.7513698382231733,0.6027336716651917,
S02_plain_residual_unet,double_line_test_0001,abs_pcyc_le_0p25,0.5887855071296145,0.6854487473917614,0.6073992252349854,
S02_plain_residual_unet,double_line_test_0001,abs_pcyc_gt_0p25,0.5739738143366628,0.694820094056221,0.6075664162635803,
S03_concat_Mshell,double_line_test_0001,small,1.0,0.5207811642873525,0.8261191844940186,
S03_concat_Mshell,double_line_test_0001,medium,1.0,0.592609858874248,0.8035842180252075,
S03_concat_Mshell,double_line_test_0001,large,1.0,0.5429901078455228,0.8257055878639221,
S03_concat_Mshell,double_line_test_0001,abs_pcyc_le_0p25,1.0,0.44488937899406733,0.8186546564102173,
S03_concat_Mshell,double_line_test_0001,abs_pcyc_gt_0p25,1.0,0.4477133512830978,0.8199854493141174,
S04_concat_Mshell_delta,double_line_test_0001,small,0.6290087504355033,0.7079509058398694,0.6301811337471008,
S04_concat_Mshell_delta,double_line_test_0001,medium,0.6471970007648343,0.7414621110845843,0.6419070959091187,
S04_concat_Mshell_delta,double_line_test_0001,large,0.6054533124982119,0.7319718589897269,0.6259406208992004,
S04_concat_Mshell_delta,double_line_test_0001,abs_pcyc_le_0p25,0.6372405027797475,0.6570804072092481,0.6340819597244263,
S04_concat_Mshell_delta,double_line_test_0001,abs_pcyc_gt_0p25,0.614703833849421,0.6710349972812056,0.6303180456161499,
S05_concat_Mshell_delta_Pcyc,double_line_test_0001,small,1.0,0.5207811642873525,0.8261191844940186,
S05_concat_Mshell_delta_Pcyc,double_line_test_0001,medium,1.0,0.592609858874248,0.8035842180252075,
S05_concat_Mshell_delta_Pcyc,double_line_test_0001,large,1.0,0.5429901078455228,0.8257055878639221,
S05_concat_Mshell_delta_Pcyc,double_line_test_0001,abs_pcyc_le_0p25,1.0,0.44488937899406733,0.8186546564102173,
S05_concat_Mshell_delta_Pcyc,double_line_test_0001,abs_pcyc_gt_0p25,1.0,0.4477133512830978,0.8199854493141174,
S06_geometry_branch_bottleneck_concat,double_line_test_0001,small,0.6512062295881691,0.6961853276881868,0.6459332704544067,
S06_geometry_branch_bottleneck_concat,double_line_test_0001,medium,0.7010940972186918,0.7186724249828262,0.6686199903488159,
S06_geometry_branch_bottleneck_concat,double_line_test_0001,large,0.658664906600738,0.7064510911025966,0.654880702495575,
S06_geometry_branch_bottleneck_concat,double_line_test_0001,abs_pcyc_le_0p25,0.6680095593996052,0.6385882705929634,0.652894139289856,
S06_geometry_branch_bottleneck_concat,double_line_test_0001,abs_pcyc_gt_0p25,0.6676126602982231,0.6402102702590019,0.6584787368774414,
S07_generic_film_middeep,double_line_test_0001,small,0.7959392775276237,0.6233537415117575,0.7216322422027588,
S07_generic_film_middeep,double_line_test_0001,medium,0.8309037133441562,0.6637347199258617,0.7297337651252747,
S07_generic_film_middeep,double_line_test_0001,large,0.7943682025948596,0.6414337680716518,0.7245886325836182,
S07_generic_film_middeep,double_line_test_0001,abs_pcyc_le_0p25,0.8063579075789374,0.5576736848783297,0.7233467102050781,
S07_generic_film_middeep,double_line_test_0001,abs_pcyc_gt_0p25,0.8041140582071117,0.5608958592772243,0.7267207503318787,
S08_rsbfilm_middeep_default,double_line_test_0001,small,0.800938617699871,0.6208264784719116,0.7242527604103088,
S08_rsbfilm_middeep_default,double_line_test_0001,medium,0.8357406409469937,0.6616812444574628,0.731930673122406,
S08_rsbfilm_middeep_default,double_line_test_0001,large,0.799421833712287,0.6389864858728668,0.7271832227706909,
S08_rsbfilm_middeep_default,double_line_test_0001,abs_pcyc_le_0p25,0.8110396507913963,0.5549145529963171,0.7257336974143982,
S08_rsbfilm_middeep_default,double_line_test_0001,abs_pcyc_gt_0p25,0.8093802252035123,0.5578186825858019,0.7293067574501038,
S01_ref3,line_test_0001,small,0.4445005990702569,0.8009244912084251,0.46620669960975647,
S01_ref3,line_test_0001,medium,0.4284832380467117,0.8350463828317409,0.4367520809173584,
S01_ref3,line_test_0001,large,0.5829570783840258,0.7263484729078785,0.6266062259674072,
S01_ref3,line_test_0001,abs_pcyc_le_0p25,0.44406452710872685,0.770974670315501,0.47430941462516785,
S01_ref3,line_test_0001,abs_pcyc_gt_0p25,0.534059215604122,0.7230871178898526,0.5447253584861755,
S02_plain_residual_unet,line_test_0001,small,0.42360619121484405,0.8116032405428807,0.4521043598651886,
S02_plain_residual_unet,line_test_0001,medium,0.4081111331739811,0.8438977024318244,0.42863428592681885,
S02_plain_residual_unet,line_test_0001,large,0.5519446170401069,0.7422315696013286,0.6083338260650635,
S02_plain_residual_unet,line_test_0001,abs_pcyc_le_0p25,0.42269439509505125,0.7836862043495686,0.46168074011802673,
S02_plain_residual_unet,line_test_0001,abs_pcyc_gt_0p25,0.5067917497339766,0.7389428602918757,0.5302361845970154,
S03_concat_Mshell,line_test_0001,small,0.8576573126043698,0.5623096466296753,0.7644465565681458,
S03_concat_Mshell,line_test_0001,medium,0.8189760559580989,0.6356731515509574,0.6945074200630188,
S03_concat_Mshell,line_test_0001,large,0.9715351962233391,0.5233413753696238,0.8403983116149902,
S03_concat_Mshell,line_test_0001,abs_pcyc_le_0p25,0.8692726704634336,0.4791286620087385,0.76510089635849,
S03_concat_Mshell,line_test_0001,abs_pcyc_gt_0p25,0.902088440498834,0.4851002917843561,0.7677459120750427,
S04_concat_Mshell_delta,line_test_0001,small,0.4656221639478523,0.7896432895380874,0.4817638397216797,
S04_concat_Mshell_delta,line_test_0001,medium,0.46271406707778534,0.8197456355991688,0.4512117803096771,
S04_concat_Mshell_delta,line_test_0001,large,0.6213375097080005,0.7065780193070123,0.6490134000778198,
S04_concat_Mshell_delta,line_test_0001,abs_pcyc_le_0p25,0.47028912197951944,0.7548254510873883,0.48955485224723816,
S04_concat_Mshell_delta,line_test_0001,abs_pcyc_gt_0p25,0.5698584514542386,0.7016178843769455,0.5644552707672119,
S05_concat_Mshell_delta_Pcyc,line_test_0001,small,0.9222039586294821,0.5243066765795602,0.8057053089141846,
S05_concat_Mshell_delta_Pcyc,line_test_0001,medium,0.9267099140547143,0.5806987717988489,0.7587886452674866,
S05_concat_Mshell_delta_Pcyc,line_test_0001,large,1.0,0.5087233917017306,0.8557209968566895,
S05_concat_Mshell_delta_Pcyc,line_test_0001,abs_pcyc_le_0p25,0.9376116006817264,0.4319034415230924,0.8074999451637268,
S05_concat_Mshell_delta_Pcyc,line_test_0001,abs_pcyc_gt_0p25,0.9632303738017381,0.4444335329149883,0.8058270812034607,
S06_geometry_branch_bottleneck_concat,line_test_0001,small,0.49745263263128814,0.7689826309109289,0.5120076537132263,
S06_geometry_branch_bottleneck_concat,line_test_0001,medium,0.4825688704976135,0.8075688745208305,0.45515090227127075,
S06_geometry_branch_bottleneck_concat,line_test_0001,large,0.6512715155254404,0.6899514027077306,0.670699954032898,
S06_geometry_branch_bottleneck_concat,line_test_0001,abs_pcyc_le_0p25,0.49696915232956734,0.7332002656142897,0.5099366307258606,
S06_geometry_branch_bottleneck_concat,line_test_0001,abs_pcyc_gt_0p25,0.5987436199450333,0.6809909718812941,0.582141637802124,
S07_generic_film_middeep,line_test_0001,small,0.5713343990747244,0.7272952081910972,0.5713199377059937,
S07_generic_film_middeep,line_test_0001,medium,0.5505628685644065,0.7750605351298997,0.4984452426433563,
S07_generic_film_middeep,line_test_0001,large,0.783353907311465,0.6221505186387946,0.7399168014526367,
S07_generic_film_middeep,line_test_0001,abs_pcyc_le_0p25,0.5761158733788776,0.6809570209595912,0.5675318241119385,
S07_generic_film_middeep,line_test_0001,abs_pcyc_gt_0p25,0.7046566944274495,0.6174393817982116,0.6392385363578796,
S08_rsbfilm_middeep_default,line_test_0001,small,0.5759632872924418,0.7246072984319293,0.5750333070755005,
S08_rsbfilm_middeep_default,line_test_0001,medium,0.5553340214451097,0.7727103684154845,0.5015681385993958,
S08_rsbfilm_middeep_default,line_test_0001,large,0.7891965827838267,0.6190751861788967,0.7430993318557739,
S08_rsbfilm_middeep_default,line_test_0001,abs_pcyc_le_0p25,0.5815069381802535,0.6773470845729093,0.5714959502220154,
S08_rsbfilm_middeep_default,line_test_0001,abs_pcyc_gt_0p25,0.7093824555367338,0.6143752483535929,0.6419326663017273,
S01_ref3,point_cluster_test_0001,small,0.3712691767569269,0.9177275382657787,0.46843695640563965,
S01_ref3,point_cluster_test_0001,medium,0.23579439598830434,0.9641505689704414,0.3110738694667816,
S01_ref3,point_cluster_test_0001,large,0.3108757236514135,0.938613712831072,0.4021356701850891,
S01_ref3,point_cluster_test_0001,abs_pcyc_le_0p25,0.3875861238450138,0.9262115605790883,0.4728202819824219,
S01_ref3,point_cluster_test_0001,abs_pcyc_gt_0p25,0.2809573920278914,0.9143151863858076,0.36477896571159363,
S02_plain_residual_unet,point_cluster_test_0001,small,0.3471200701279986,0.9233516693048139,0.45256200432777405,
S02_plain_residual_unet,point_cluster_test_0001,medium,0.2206317849807402,0.9665865476426216,0.3025103509426117,
S02_plain_residual_unet,point_cluster_test_0001,large,0.29194050264878774,0.9425817868300268,0.391702800989151,
S02_plain_residual_unet,point_cluster_test_0001,abs_pcyc_le_0p25,0.3639146782485263,0.9309105860959239,0.4578050673007965,
S02_plain_residual_unet,point_cluster_test_0001,abs_pcyc_gt_0p25,0.26268530377602173,0.92043493131634,0.35431018471717834,
S03_concat_Mshell,point_cluster_test_0001,small,1.0,0.7707019464248221,0.774715006351471,
S03_concat_Mshell,point_cluster_test_0001,medium,1.0,0.8360802107171633,0.6863479018211365,
S03_concat_Mshell,point_cluster_test_0001,large,1.0,0.7901113391676658,0.802689254283905,
S03_concat_Mshell,point_cluster_test_0001,abs_pcyc_le_0p25,1.0,0.8043549610401323,0.7660068869590759,
S03_concat_Mshell,point_cluster_test_0001,abs_pcyc_gt_0p25,1.0,0.6583815680412329,0.7512218952178955,
S04_concat_Mshell_delta,point_cluster_test_0001,small,0.38886092988442444,0.9136194569960114,0.4794427156448364,
S04_concat_Mshell_delta,point_cluster_test_0001,medium,0.2436648338806125,0.9629149981736025,0.31508058309555054,
S04_concat_Mshell_delta,point_cluster_test_0001,large,0.3225361821181396,0.9361704240083999,0.41112881898880005,
S04_concat_Mshell_delta,point_cluster_test_0001,abs_pcyc_le_0p25,0.40327573451968957,0.9230945927543633,0.4821873605251312,
S04_concat_Mshell_delta,point_cluster_test_0001,abs_pcyc_gt_0p25,0.2926951251856804,0.9104504115777681,0.37243327498435974,
S05_concat_Mshell_delta_Pcyc,point_cluster_test_0001,small,1.0,0.7707019464248221,0.774715006351471,
S05_concat_Mshell_delta_Pcyc,point_cluster_test_0001,medium,1.0,0.8360802107171633,0.6863479018211365,
S05_concat_Mshell_delta_Pcyc,point_cluster_test_0001,large,1.0,0.7901113391676658,0.802689254283905,
S05_concat_Mshell_delta_Pcyc,point_cluster_test_0001,abs_pcyc_le_0p25,1.0,0.8043549610401323,0.7660068869590759,
S05_concat_Mshell_delta_Pcyc,point_cluster_test_0001,abs_pcyc_gt_0p25,1.0,0.6583815680412329,0.7512218952178955,
S06_geometry_branch_bottleneck_concat,point_cluster_test_0001,small,0.43307685170423255,0.9032620553539487,0.5065285563468933,
S06_geometry_branch_bottleneck_concat,point_cluster_test_0001,medium,0.2756864757886965,0.9575770734006083,0.33074820041656494,
S06_geometry_branch_bottleneck_concat,point_cluster_test_0001,large,0.3593169881909647,0.9283472484363138,0.4419728219509125,
S06_geometry_branch_bottleneck_concat,point_cluster_test_0001,abs_pcyc_le_0p25,0.4480874133305669,0.9141536716406309,0.508899450302124,
S06_geometry_branch_bottleneck_concat,point_cluster_test_0001,abs_pcyc_gt_0p25,0.3281640781046708,0.8980356864793286,0.3962072432041168,
S07_generic_film_middeep,point_cluster_test_0001,small,0.5537105128847516,0.8749403510577266,0.5718680024147034,
S07_generic_film_middeep,point_cluster_test_0001,medium,0.35956505308325004,0.9437919000392224,0.3697834610939026,
S07_generic_film_middeep,point_cluster_test_0001,large,0.43618953974122865,0.9118184558914906,0.5032212138175964,
S07_generic_film_middeep,point_cluster_test_0001,abs_pcyc_le_0p25,0.5802567964459918,0.8877205237005601,0.5784105062484741,
S07_generic_film_middeep,point_cluster_test_0001,abs_pcyc_gt_0p25,0.4068427956887234,0.8704732018444511,0.4458344578742981,
S08_rsbfilm_middeep_default,point_cluster_test_0001,small,0.5606135112863219,0.8733148495456571,0.575494110584259,
S08_rsbfilm_middeep_default,point_cluster_test_0001,medium,0.3647931473110578,0.9429286988467847,0.3718915581703186,
S08_rsbfilm_middeep_default,point_cluster_test_0001,large,0.44166570427198254,0.9106494083073466,0.5068976283073425,
S08_rsbfilm_middeep_default,point_cluster_test_0001,abs_pcyc_le_0p25,0.5874023397346892,0.8862895028617708,0.5820425748825073,
S08_rsbfilm_middeep_default,point_cluster_test_0001,abs_pcyc_gt_0p25,0.4122596745509435,0.868581712902318,0.44879066944122314,
S01_ref3,small_rect_edge_test_0001,small,0.4802041990698931,0.8593291007938862,0.5585941672325134,
S01_ref3,small_rect_edge_test_0001,medium,0.40946629447451965,0.9072029369117616,0.5264822244644165,
S01_ref3,small_rect_edge_test_0001,large,0.32645632987535245,0.9516893649713322,0.3428437411785126,
S01_ref3,small_rect_edge_test_0001,abs_pcyc_le_0p25,0.4802041990698931,0.8593291007938862,0.5585941672325134,
S01_ref3,small_rect_edge_test_0001,abs_pcyc_gt_0p25,0.37837776235052717,0.8831461237520828,0.4448651075363159,
S02_plain_residual_unet,small_rect_edge_test_0001,small,0.46910104044321455,0.8628144975611703,0.5510872602462769,
S02_plain_residual_unet,small_rect_edge_test_0001,medium,0.3895157947923874,0.9119912942416251,0.5114963054656982,
S02_plain_residual_unet,small_rect_edge_test_0001,large,0.30842422601336716,0.9544818209816934,0.32928362488746643,
S02_plain_residual_unet,small_rect_edge_test_0001,abs_pcyc_le_0p25,0.46910104044321455,0.8628144975611703,0.5510872602462769,
S02_plain_residual_unet,small_rect_edge_test_0001,abs_pcyc_gt_0p25,0.35914570152475567,0.8896032434897664,0.4305129051208496,
S03_concat_Mshell,small_rect_edge_test_0001,small,1.0,0.6949811323867499,0.8684752583503723,
S03_concat_Mshell,small_rect_edge_test_0001,medium,1.0,0.7652846064248073,0.8624839782714844,
S03_concat_Mshell,small_rect_edge_test_0001,large,1.0,0.8449916815025827,0.7408280372619629,
S03_concat_Mshell,small_rect_edge_test_0001,abs_pcyc_le_0p25,1.0,0.6949811323867499,0.8684752583503723,
S03_concat_Mshell,small_rect_edge_test_0001,abs_pcyc_gt_0p25,1.0,0.6701084924185102,0.8084146976470947,
S04_concat_Mshell_delta,small_rect_edge_test_0001,small,0.502796223530283,0.8522320875900283,0.5733543634414673,
S04_concat_Mshell_delta,small_rect_edge_test_0001,medium,0.4271246714070027,0.9029656236492298,0.5387061834335327,
S04_concat_Mshell_delta,small_rect_edge_test_0001,large,0.3402262501027862,0.9494978518845786,0.3565492630004883,
S04_concat_Mshell_delta,small_rect_edge_test_0001,abs_pcyc_le_0p25,0.502796223530283,0.8522320875900283,0.5733543634414673,
S04_concat_Mshell_delta,small_rect_edge_test_0001,abs_pcyc_gt_0p25,0.39457984088660103,0.8776005803636597,0.45774757862091064,
S05_concat_Mshell_delta_Pcyc,small_rect_edge_test_0001,small,1.0,0.6949811323867499,0.8684752583503723,
S05_concat_Mshell_delta_Pcyc,small_rect_edge_test_0001,medium,1.0,0.7652846064248073,0.8624839782714844,
S05_concat_Mshell_delta_Pcyc,small_rect_edge_test_0001,large,1.0,0.8449916815025827,0.7408280372619629,
S05_concat_Mshell_delta_Pcyc,small_rect_edge_test_0001,abs_pcyc_le_0p25,1.0,0.6949811323867499,0.8684752583503723,
S05_concat_Mshell_delta_Pcyc,small_rect_edge_test_0001,abs_pcyc_gt_0p25,1.0,0.6701084924185102,0.8084146976470947,
S06_geometry_branch_bottleneck_concat,small_rect_edge_test_0001,small,0.5602016833207678,0.8338924334436789,0.6134147047996521,
S06_geometry_branch_bottleneck_concat,small_rect_edge_test_0001,medium,0.495222104781464,0.8865824077266308,0.5842964053153992,
S06_geometry_branch_bottleneck_concat,small_rect_edge_test_0001,large,0.39387993943339533,0.9409578201029316,0.40422743558883667,
S06_geometry_branch_bottleneck_concat,small_rect_edge_test_0001,abs_pcyc_le_0p25,0.5602016833207678,0.8338924334436789,0.6134147047996521,
S06_geometry_branch_bottleneck_concat,small_rect_edge_test_0001,abs_pcyc_gt_0p25,0.45726781473448197,0.856080328817766,0.5042657256126404,
S07_generic_film_middeep,small_rect_edge_test_0001,small,0.7129133648557402,0.7854477671286586,0.7052057385444641,
S07_generic_film_middeep,small_rect_edge_test_0001,medium,0.6302890363964883,0.8539028866980513,0.6673616766929626,
S07_generic_film_middeep,small_rect_edge_test_0001,large,0.5361925268016653,0.9185196030705607,0.49294203519821167,
S07_generic_film_middeep,small_rect_edge_test_0001,abs_pcyc_le_0p25,0.7129133648557402,0.7854477671286586,0.7052057385444641,
S07_generic_film_middeep,small_rect_edge_test_0001,abs_pcyc_gt_0p25,0.5950484279321253,0.8087540872469282,0.5898418426513672,
S08_rsbfilm_middeep_default,small_rect_edge_test_0001,small,0.720817288185826,0.782948648285433,0.7096143364906311,
S08_rsbfilm_middeep_default,small_rect_edge_test_0001,medium,0.6385273188166186,0.8519134106168161,0.6720282435417175,
S08_rsbfilm_middeep_default,small_rect_edge_test_0001,large,0.5445074982860237,0.9172016244128133,0.4978402853012085,
S08_rsbfilm_middeep_default,small_rect_edge_test_0001,abs_pcyc_le_0p25,0.720817288185826,0.782948648285433,0.7096143364906311,
S08_rsbfilm_middeep_default,small_rect_edge_test_0001,abs_pcyc_gt_0p25,0.6033155110927128,0.8059079789895436,0.594611406326294,
S01_ref3,L_shape_test_0002,small,0.3723061242102322,0.810718784798124,0.5448831915855408,
S01_ref3,L_shape_test_0002,medium,0.20967707859954426,0.9563914885520876,0.29611682891845703,
S01_ref3,L_shape_test_0002,large,0.24738150886274252,0.9161900934693944,0.36500445008277893,
S01_ref3,L_shape_test_0002,abs_pcyc_le_0p25,0.35669667480623174,0.8162699826446419,0.5058553814888,
S01_ref3,L_shape_test_0002,abs_pcyc_gt_0p25,0.24849908283691916,0.8995504002910618,0.3613918721675873,
S02_plain_residual_unet,L_shape_test_0002,small,0.36032792734944324,0.8175379484552585,0.5354907512664795,
S02_plain_residual_unet,L_shape_test_0002,medium,0.1994276798964445,0.9586416961403982,0.2876550555229187,
S02_plain_residual_unet,L_shape_test_0002,large,0.23665986475940928,0.920148489914802,0.35601696372032166,
S02_plain_residual_unet,L_shape_test_0002,abs_pcyc_le_0p25,0.3450846497586482,0.8229973411135632,0.49677348136901855,
S02_plain_residual_unet,L_shape_test_0002,abs_pcyc_gt_0p25,0.23747424877409523,0.9044768743937965,0.352303147315979,
S03_concat_Mshell,L_shape_test_0002,small,0.9585184857742942,0.4719493990205483,0.888666033744812,
S03_concat_Mshell,L_shape_test_0002,medium,0.9553135875477072,0.7862705308021098,0.6907429695129395,
S03_concat_Mshell,L_shape_test_0002,large,0.9952521520190609,0.6276234902965927,0.7770934104919434,
S03_concat_Mshell,L_shape_test_0002,abs_pcyc_le_0p25,0.9504693768699496,0.4636826963311443,0.8561216592788696,
S03_concat_Mshell,L_shape_test_0002,abs_pcyc_gt_0p25,0.9965530711334983,0.5482066015172337,0.7666987180709839,
S04_concat_Mshell_delta,L_shape_test_0002,small,0.394531859102237,0.798122818334346,0.5613228678703308,
S04_concat_Mshell_delta,L_shape_test_0002,medium,0.22007993884500798,0.9541175130607932,0.3035936653614044,
S04_concat_Mshell_delta,L_shape_test_0002,large,0.2673146958480808,0.9087883579569249,0.3811764419078827,
S04_concat_Mshell_delta,L_shape_test_0002,abs_pcyc_le_0p25,0.37784502967509764,0.8041508089621365,0.5208525657653809,
S04_concat_Mshell_delta,L_shape_test_0002,abs_pcyc_gt_0p25,0.2665640838692749,0.8914367704635056,0.37564894556999207,
S05_concat_Mshell_delta_Pcyc,L_shape_test_0002,small,0.9781571276601793,0.4609041021368426,0.8973767161369324,
S05_concat_Mshell_delta_Pcyc,L_shape_test_0002,medium,1.0,0.7760296786951085,0.709852397441864,
S05_concat_Mshell_delta_Pcyc,L_shape_test_0002,large,1.0,0.6258411084765979,0.7792233824729919,
S05_concat_Mshell_delta_Pcyc,L_shape_test_0002,abs_pcyc_le_0p25,0.9792631818654574,0.4469476825301934,0.8706496357917786,
S05_concat_Mshell_delta_Pcyc,L_shape_test_0002,abs_pcyc_gt_0p25,1.0,0.5466427177948189,0.7682022452354431,
S06_geometry_branch_bottleneck_concat,L_shape_test_0002,small,0.45538065455283205,0.7631823918354247,0.6043331623077393,
S06_geometry_branch_bottleneck_concat,L_shape_test_0002,medium,0.3003994005187387,0.9362148173570515,0.3645084500312805,
S06_geometry_branch_bottleneck_concat,L_shape_test_0002,large,0.3388417110589999,0.8818609896125755,0.4343160092830658,
S06_geometry_branch_bottleneck_concat,L_shape_test_0002,abs_pcyc_le_0p25,0.4389201496839033,0.7680826576864026,0.566116213798523,
S06_geometry_branch_bottleneck_concat,L_shape_test_0002,abs_pcyc_gt_0p25,0.34167956601328703,0.8571482797326846,0.43053093552589417,
S07_generic_film_middeep,L_shape_test_0002,small,0.5912421157367272,0.6847943805011617,0.6906610727310181,
S07_generic_film_middeep,L_shape_test_0002,medium,0.434768030763332,0.9058027533897258,0.4468437731266022,
S07_generic_film_middeep,L_shape_test_0002,large,0.47071678420868174,0.8310584645526674,0.5195819139480591,
S07_generic_film_middeep,L_shape_test_0002,abs_pcyc_le_0p25,0.5726061233827883,0.6891067607951924,0.6509336233139038,
S07_generic_film_middeep,L_shape_test_0002,abs_pcyc_gt_0p25,0.47749794070220336,0.7934566383790044,0.5162421464920044,
S08_rsbfilm_middeep_default,L_shape_test_0002,small,0.5980580720757679,0.6808189927042715,0.6947697401046753,
S08_rsbfilm_middeep_default,L_shape_test_0002,medium,0.44341264159981286,0.9038318801626825,0.45166221261024475,
S08_rsbfilm_middeep_default,L_shape_test_0002,large,0.4789755575505223,0.8278522604609582,0.5244288444519043,
S08_rsbfilm_middeep_default,L_shape_test_0002,abs_pcyc_le_0p25,0.5794212832899166,0.6850221520701897,0.6550837159156799,
S08_rsbfilm_middeep_default,L_shape_test_0002,abs_pcyc_gt_0p25,0.48600746101786224,0.7894305895761825,0.5211154222488403,
S01_ref3,cross_test_0002,small,0.6306984783425863,0.8479767888629469,0.7050026655197144,
S01_ref3,cross_test_0002,medium,0.501340584447334,0.8747596477681533,0.6207054257392883,
S01_ref3,cross_test_0002,large,0.6986141913258593,0.8221592211307409,0.7662824392318726,
S01_ref3,cross_test_0002,abs_pcyc_le_0p25,0.563000320677285,0.782233750038813,0.6628539562225342,
S01_ref3,cross_test_0002,abs_pcyc_gt_0p25,0.6986141913258593,0.8221592211307409,0.7662824392318726,
S02_plain_residual_unet,cross_test_0002,small,0.6022407541558775,0.8551106649160523,0.6885610222816467,
S02_plain_residual_unet,cross_test_0002,medium,0.47833642419602335,0.8808787844932977,0.6039401292800903,
S02_plain_residual_unet,cross_test_0002,large,0.6663435025460319,0.8306832699025996,0.747957706451416,
S02_plain_residual_unet,cross_test_0002,abs_pcyc_le_0p25,0.5373966905105623,0.7929422119618802,0.6462506055831909,
S02_plain_residual_unet,cross_test_0002,abs_pcyc_gt_0p25,0.6663435025460319,0.8306832699025996,0.747957706451416,
S03_concat_Mshell,cross_test_0002,small,0.9803231882363947,0.760537834832917,0.8838227987289429,
S03_concat_Mshell,cross_test_0002,medium,0.7995847662858976,0.7928882983260119,0.8269557952880859,
S03_concat_Mshell,cross_test_0002,large,1.0,0.74214682728732,0.9266961812973022,
S03_concat_Mshell,cross_test_0002,abs_pcyc_le_0p25,0.8857356820315644,0.6439227108478487,0.8553892970085144,
S03_concat_Mshell,cross_test_0002,abs_pcyc_gt_0p25,1.0,0.74214682728732,0.9266961812973022,
S04_concat_Mshell_delta,cross_test_0002,small,0.6397406023924581,0.8457103004374528,0.7101708054542542,
S04_concat_Mshell_delta,cross_test_0002,medium,0.49970972343554754,0.8751257280243033,0.6205652356147766,
S04_concat_Mshell_delta,cross_test_0002,large,0.7066031583731976,0.8200468551702945,0.7707725167274475,
S04_concat_Mshell_delta,cross_test_0002,abs_pcyc_le_0p25,0.5664569063515662,0.7807462493536562,0.6653680205345154,
S04_concat_Mshell_delta,cross_test_0002,abs_pcyc_gt_0p25,0.7066031583731976,0.8200468551702945,0.7707725167274475,
S05_concat_Mshell_delta_Pcyc,cross_test_0002,small,1.0,0.7557099541329096,0.8925870060920715,
S05_concat_Mshell_delta_Pcyc,cross_test_0002,medium,0.8662399086206123,0.774757478624291,0.8654302358627319,
S05_concat_Mshell_delta_Pcyc,cross_test_0002,large,1.0,0.74214682728732,0.9266961812973022,
S05_concat_Mshell_delta_Pcyc,cross_test_0002,abs_pcyc_le_0p25,0.9299981117940476,0.6249822863225053,0.8790085911750793,
S05_concat_Mshell_delta_Pcyc,cross_test_0002,abs_pcyc_gt_0p25,1.0,0.74214682728732,0.9266961812973022,
S06_geometry_branch_bottleneck_concat,cross_test_0002,small,0.6879723859613956,0.8336290615151096,0.736453652381897,
S06_geometry_branch_bottleneck_concat,cross_test_0002,medium,0.5476638997428653,0.8622818281915104,0.6546717286109924,
S06_geometry_branch_bottleneck_concat,cross_test_0002,large,0.7427230757235169,0.8105026486201342,0.7908834218978882,
S06_geometry_branch_bottleneck_concat,cross_test_0002,abs_pcyc_le_0p25,0.6145434638003459,0.7604683460952492,0.6955627202987671,
S06_geometry_branch_bottleneck_concat,cross_test_0002,abs_pcyc_gt_0p25,0.7427230757235169,0.8105026486201342,0.7908834218978882,
S07_generic_film_middeep,cross_test_0002,small,0.8329732275044357,0.7974899079684878,0.8123704791069031,
S07_generic_film_middeep,cross_test_0002,medium,0.6365051156975712,0.8383488733206391,0.7153418660163879,
S07_generic_film_middeep,cross_test_0002,large,0.8370227796094165,0.7852681423354007,0.8430041074752808,
S07_generic_film_middeep,cross_test_0002,abs_pcyc_le_0p25,0.7301537526164248,0.7120412811507054,0.7638561725616455,
S07_generic_film_middeep,cross_test_0002,abs_pcyc_gt_0p25,0.8370227796094165,0.7852681423354007,0.8430041074752808,
S08_rsbfilm_middeep_default,cross_test_0002,small,0.8373923997355627,0.7963834418294368,0.8145464658737183,
S08_rsbfilm_middeep_default,cross_test_0002,medium,0.6419344528956212,0.8368936783262123,0.7187690138816833,
S08_rsbfilm_middeep_default,cross_test_0002,large,0.8394393945166615,0.7846109753376097,0.8444183468818665,
S08_rsbfilm_middeep_default,cross_test_0002,abs_pcyc_le_0p25,0.7351015557500751,0.7099489739873988,0.7666577100753784,
S08_rsbfilm_middeep_default,cross_test_0002,abs_pcyc_gt_0p25,0.8394393945166615,0.7846109753376097,0.8444183468818665,
S01_ref3,double_line_test_0002,small,0.9415266468626429,0.7691332569623497,0.7790866494178772,
S01_ref3,double_line_test_0002,medium,0.9374351238390943,0.7989353918035017,0.7941027879714966,
S01_ref3,double_line_test_0002,large,0.9533037980462854,0.8159465532128966,0.7507935762405396,
S01_ref3,double_line_test_0002,abs_pcyc_le_0p25,0.9298629944694268,0.7009543824005872,0.7670109272003174,
S01_ref3,double_line_test_0002,abs_pcyc_gt_0p25,0.9613008484803476,0.7427637276028857,0.7851291298866272,
S02_plain_residual_unet,double_line_test_0002,small,0.8905925436440328,0.7817395890269195,0.7568609714508057,
S02_plain_residual_unet,double_line_test_0002,medium,0.8820782875270612,0.8109144898179529,0.7701019644737244,
S02_plain_residual_unet,double_line_test_0002,large,0.8963346310082574,0.8270140905503273,0.7278957366943359,
S02_plain_residual_unet,double_line_test_0002,abs_pcyc_le_0p25,0.876300202547757,0.7184086811748271,0.7439310550689697,
S02_plain_residual_unet,double_line_test_0002,abs_pcyc_gt_0p25,0.9064994320397116,0.7575326198496828,0.76225346326828,
S03_concat_Mshell,double_line_test_0002,small,1.0,0.7547484013885353,0.8032938838005066,
S03_concat_Mshell,double_line_test_0002,medium,1.0,0.7854288712287093,0.8212891817092896,
S03_concat_Mshell,double_line_test_0002,large,1.0,0.8069172192236065,0.7689099907875061,
S03_concat_Mshell,double_line_test_0002,abs_pcyc_le_0p25,1.0,0.6782584999264036,0.7959425449371338,
S03_concat_Mshell,double_line_test_0002,abs_pcyc_gt_0p25,1.0,0.7323946943852853,0.8010393381118774,
S04_concat_Mshell_delta,double_line_test_0002,small,0.9627544773812431,0.7639025264945233,0.7876747250556946,
S04_concat_Mshell_delta,double_line_test_0002,medium,0.9362597308080279,0.7991929027216758,0.7933418154716492,
S04_concat_Mshell_delta,double_line_test_0002,large,0.954883128875582,0.8156408148269928,0.7512622475624084,
S04_concat_Mshell_delta,double_line_test_0002,abs_pcyc_le_0p25,0.9420888148627519,0.6970050238483757,0.7717001438140869,
S04_concat_Mshell_delta,double_line_test_0002,abs_pcyc_gt_0p25,0.9645165122005972,0.7419023457160072,0.786252498626709,
S05_concat_Mshell_delta_Pcyc,double_line_test_0002,small,1.0,0.7547484013885353,0.8032938838005066,
S05_concat_Mshell_delta_Pcyc,double_line_test_0002,medium,1.0,0.7854288712287093,0.8212891817092896,
S05_concat_Mshell_delta_Pcyc,double_line_test_0002,large,1.0,0.8069172192236065,0.7689099907875061,
S05_concat_Mshell_delta_Pcyc,double_line_test_0002,abs_pcyc_le_0p25,1.0,0.6782584999264036,0.7959425449371338,
S05_concat_Mshell_delta_Pcyc,double_line_test_0002,abs_pcyc_gt_0p25,1.0,0.7323946943852853,0.8010393381118774,
S06_geometry_branch_bottleneck_concat,double_line_test_0002,small,0.9520865021371023,0.7665311436219225,0.7835375666618347,
S06_geometry_branch_bottleneck_concat,double_line_test_0002,medium,0.9498594499473245,0.7962575987123038,0.7993355989456177,
S06_geometry_branch_bottleneck_concat,double_line_test_0002,large,0.9686805706940246,0.8129710366400846,0.7566837668418884,
S06_geometry_branch_bottleneck_concat,double_line_test_0002,abs_pcyc_le_0p25,0.9405951920718789,0.6974763610111064,0.7714963555335999,
S06_geometry_branch_bottleneck_concat,double_line_test_0002,abs_pcyc_gt_0p25,0.9761950373942353,0.738770424319033,0.7911220192909241,
S07_generic_film_middeep,double_line_test_0002,small,1.0,0.7547484013885353,0.8032938838005066,
S07_generic_film_middeep,double_line_test_0002,medium,1.0,0.7854288712287093,0.8212891817092896,
S07_generic_film_middeep,double_line_test_0002,large,1.0,0.8069172192236065,0.7689099907875061,
S07_generic_film_middeep,double_line_test_0002,abs_pcyc_le_0p25,1.0,0.6782584999264036,0.7959425449371338,
S07_generic_film_middeep,double_line_test_0002,abs_pcyc_gt_0p25,1.0,0.7323946943852853,0.8010393381118774,
S08_rsbfilm_middeep_default,double_line_test_0002,small,1.0,0.7547484013885353,0.8032938838005066,
S08_rsbfilm_middeep_default,double_line_test_0002,medium,1.0,0.7854288712287093,0.8212891817092896,
S08_rsbfilm_middeep_default,double_line_test_0002,large,1.0,0.8069172192236065,0.7689099907875061,
S08_rsbfilm_middeep_default,double_line_test_0002,abs_pcyc_le_0p25,1.0,0.6782584999264036,0.7959425449371338,
S08_rsbfilm_middeep_default,double_line_test_0002,abs_pcyc_gt_0p25,1.0,0.7323946943852853,0.8010393381118774,
S01_ref3,line_test_0002,small,0.3087328994278757,0.9058869931748491,0.42172273993492126,
S01_ref3,line_test_0002,medium,0.2153532053139983,0.9566255580660304,0.41190898418426514,
S01_ref3,line_test_0002,large,0.34219328360453805,0.9261972263751436,0.37593939900398254,
S01_ref3,line_test_0002,abs_pcyc_le_0p25,0.3087328994278757,0.9058869931748491,0.42172273993492126,
S01_ref3,line_test_0002,abs_pcyc_gt_0p25,0.28156518513408574,0.9071670062196758,0.3890191912651062,
S02_plain_residual_unet,line_test_0002,small,0.29635160124802634,0.9099553071211013,0.4119073152542114,
S02_plain_residual_unet,line_test_0002,medium,0.20124930848626776,0.9596137543310815,0.39700186252593994,
S02_plain_residual_unet,line_test_0002,large,0.325459757392794,0.9300187420395201,0.36433663964271545,
S02_plain_residual_unet,line_test_0002,abs_pcyc_le_0p25,0.29635160124802634,0.9099553071211013,0.4119073152542114,
S02_plain_residual_unet,line_test_0002,abs_pcyc_gt_0p25,0.266088592665285,0.9127266085533066,0.3762148916721344,
S03_concat_Mshell,line_test_0002,small,0.9283604923630353,0.6940391619608711,0.7802677154541016,
S03_concat_Mshell,line_test_0002,medium,0.9916236373906608,0.786836308845698,0.9164303541183472,
S03_concat_Mshell,line_test_0002,large,1.0,0.7693918334497691,0.7202616930007935,
S03_concat_Mshell,line_test_0002,abs_pcyc_le_0p25,0.9283604923630353,0.6940391619608711,0.7802677154541016,
S03_concat_Mshell,line_test_0002,abs_pcyc_gt_0p25,0.9959962302935266,0.6355951570410836,0.7915956974029541,
S04_concat_Mshell_delta,line_test_0002,small,0.31164524548220063,0.9049055559360677,0.4251723885536194,
S04_concat_Mshell_delta,line_test_0002,medium,0.21342558336523135,0.9570471387521564,0.4089237451553345,
S04_concat_Mshell_delta,line_test_0002,large,0.3495748936173495,0.9245264399551483,0.38161739706993103,
S04_concat_Mshell_delta,line_test_0002,abs_pcyc_le_0p25,0.31164524548220063,0.9049055559360677,0.4251723885536194,
S04_concat_Mshell_delta,line_test_0002,abs_pcyc_gt_0p25,0.28449708212801056,0.9061791290907136,0.39154699444770813,
S05_concat_Mshell_delta_Pcyc,line_test_0002,small,1.0,0.6696910545686352,0.8072991371154785,
S05_concat_Mshell_delta_Pcyc,line_test_0002,medium,0.9940821656950084,0.7863069181005041,0.9174870252609253,
S05_concat_Mshell_delta_Pcyc,line_test_0002,large,1.0,0.7693918334497691,0.7202616930007935,
S05_concat_Mshell_delta_Pcyc,line_test_0002,abs_pcyc_le_0p25,1.0,0.6696910545686352,0.8072991371154785,
S05_concat_Mshell_delta_Pcyc,line_test_0002,abs_pcyc_gt_0p25,0.9971713109339472,0.6351654779745779,0.791979968547821,
S06_geometry_branch_bottleneck_concat,line_test_0002,small,0.3807380214355937,0.8817754489520674,0.4767707586288452,
S06_geometry_branch_bottleneck_concat,line_test_0002,medium,0.27542626061172176,0.943778078248532,0.47028040885925293,
S06_geometry_branch_bottleneck_concat,line_test_0002,large,0.4106898012776459,0.9101498755529064,0.4244880676269531,
S06_geometry_branch_bottleneck_concat,line_test_0002,abs_pcyc_le_0p25,0.3807380214355937,0.8817754489520674,0.4767707586288452,
S06_geometry_branch_bottleneck_concat,line_test_0002,abs_pcyc_gt_0p25,0.3460353459639795,0.8834006918791608,0.441139817237854,
S07_generic_film_middeep,line_test_0002,small,0.49913861841582846,0.8417018810843765,0.5536353588104248,
S07_generic_film_middeep,line_test_0002,medium,0.3663762420134156,0.9241522566473851,0.5440158247947693,
S07_generic_film_middeep,line_test_0002,large,0.5202884846035362,0.8843173077638375,0.49118494987487793,
S07_generic_film_middeep,line_test_0002,abs_pcyc_le_0p25,0.49913861841582846,0.8417018810843765,0.5536353588104248,
S07_generic_film_middeep,line_test_0002,abs_pcyc_gt_0p25,0.4467202157891219,0.8458397060518915,0.5103962421417236,
S08_rsbfilm_middeep_default,line_test_0002,small,0.5054883856207891,0.8395246908267645,0.5575875639915466,
S08_rsbfilm_middeep_default,line_test_0002,medium,0.3721984700041507,0.9228842611365708,0.5485349893569946,
S08_rsbfilm_middeep_default,line_test_0002,large,0.5267350122650821,0.8827823788038308,0.49490633606910706,
S08_rsbfilm_middeep_default,line_test_0002,abs_pcyc_le_0p25,0.5054883856207891,0.8395246908267645,0.5575875639915466,
S08_rsbfilm_middeep_default,line_test_0002,abs_pcyc_gt_0p25,0.4528682677629702,0.8435102137004201,0.5144076347351074,
S01_ref3,point_cluster_test_0002,small,0.22279769003622785,0.9884519545158302,0.2760768532752991,
S01_ref3,point_cluster_test_0002,medium,0.4172289413459127,0.9529177281544746,0.5252532958984375,
S01_ref3,point_cluster_test_0002,large,0.2161842415897231,0.977650697762074,0.4003991186618805,
S01_ref3,point_cluster_test_0002,abs_pcyc_le_0p25,0.16865923976253136,0.995082549338153,0.25199082493782043,
S01_ref3,point_cluster_test_0002,abs_pcyc_gt_0p25,0.3183635322305986,0.9347524880223336,0.4302935004234314,
S02_plain_residual_unet,point_cluster_test_0002,small,0.20618036523876987,0.9893232307469532,0.2654784917831421,
S02_plain_residual_unet,point_cluster_test_0002,medium,0.3978236067141427,0.9551703014625199,0.5109093189239502,
S02_plain_residual_unet,point_cluster_test_0002,large,0.20423362015114063,0.9789130008771333,0.38920414447784424,
S02_plain_residual_unet,point_cluster_test_0002,abs_pcyc_le_0p25,0.1544637099158487,0.9954982999260404,0.24115312099456787,
S02_plain_residual_unet,point_cluster_test_0002,abs_pcyc_gt_0p25,0.3021747799019188,0.9382336215337406,0.41800618171691895,
S03_concat_Mshell,point_cluster_test_0002,small,0.9249202117680055,0.9513802217040371,0.5646178722381592,
S03_concat_Mshell,point_cluster_test_0002,medium,0.7743386649023846,0.9105872313155234,0.7805082201957703,
S03_concat_Mshell,point_cluster_test_0002,large,0.6667256067859162,0.9292963582849111,0.7032037973403931,
S03_concat_Mshell,point_cluster_test_0002,abs_pcyc_le_0p25,0.8625210845273745,0.9746443848511256,0.5698552131652832,
S03_concat_Mshell,point_cluster_test_0002,abs_pcyc_gt_0p25,0.7483499689973298,0.8393541218267437,0.705361008644104,
S04_concat_Mshell_delta,point_cluster_test_0002,small,0.22238809286542682,0.9884741558626047,0.27559322118759155,
S04_concat_Mshell_delta,point_cluster_test_0002,medium,0.42489289506803773,0.9520369476430549,0.5299978852272034,
S04_concat_Mshell_delta,point_cluster_test_0002,large,0.21919297999475124,0.9773371217200807,0.4030742049217224,
S04_concat_Mshell_delta,point_cluster_test_0002,abs_pcyc_le_0p25,0.16471524875289706,0.9951980882917106,0.2490270733833313,
S04_concat_Mshell_delta,point_cluster_test_0002,abs_pcyc_gt_0p25,0.3236626923400788,0.9336370008038305,0.43366068601608276,
S05_concat_Mshell_delta_Pcyc,point_cluster_test_0002,small,1.0,0.94742715659637,0.586486279964447,
S05_concat_Mshell_delta_Pcyc,point_cluster_test_0002,medium,1.0,0.8840467212484773,0.9022893905639648,
S05_concat_Mshell_delta_Pcyc,point_cluster_test_0002,large,1.0,0.893333307996941,0.8476851582527161,
S05_concat_Mshell_delta_Pcyc,point_cluster_test_0002,abs_pcyc_le_0p25,1.0,0.9706003154532015,0.6135919690132141,
S05_concat_Mshell_delta_Pcyc,point_cluster_test_0002,abs_pcyc_gt_0p25,1.0,0.7834643416633511,0.8118659853935242,
S06_geometry_branch_bottleneck_concat,point_cluster_test_0002,small,0.2906126510235563,0.9848895205144121,0.3152695298194885,
S06_geometry_branch_bottleneck_concat,point_cluster_test_0002,medium,0.47935185019911086,0.9456200991923494,0.5746798515319824,
S06_geometry_branch_bottleneck_concat,point_cluster_test_0002,large,0.28190239419826735,0.9706781022416464,0.4570387601852417,
S06_geometry_branch_bottleneck_concat,point_cluster_test_0002,abs_pcyc_le_0p25,0.219310806969544,0.9935969409489682,0.28734898567199707,
S06_geometry_branch_bottleneck_concat,point_cluster_test_0002,abs_pcyc_gt_0p25,0.38444929027894054,0.9203246112540383,0.4813254773616791,
S07_generic_film_middeep,point_cluster_test_0002,small,0.41604230656768204,0.978297425576798,0.37347638607025146,
S07_generic_film_middeep,point_cluster_test_0002,medium,0.5549129495356616,0.9368679871264298,0.6198746562004089,
S07_generic_film_middeep,point_cluster_test_0002,large,0.34209484031687365,0.9642849267159569,0.5026326179504395,
S07_generic_film_middeep,point_cluster_test_0002,abs_pcyc_le_0p25,0.25660470420552267,0.9925013618366866,0.31082215905189514,
S07_generic_film_middeep,point_cluster_test_0002,abs_pcyc_gt_0p25,0.4675955289347817,0.9023498092902664,0.5362290143966675,
S08_rsbfilm_middeep_default,point_cluster_test_0002,small,0.42443042433315853,0.9778550760322235,0.37724268436431885,
S08_rsbfilm_middeep_default,point_cluster_test_0002,medium,0.5608075248072901,0.9361797904834871,0.6236276626586914,
S08_rsbfilm_middeep_default,point_cluster_test_0002,large,0.34744268183890603,0.9637142638214262,0.5065257549285889,
S08_rsbfilm_middeep_default,point_cluster_test_0002,abs_pcyc_le_0p25,0.2620123328604214,0.9923424007926389,0.3140801787376404,
S08_rsbfilm_middeep_default,point_cluster_test_0002,abs_pcyc_gt_0p25,0.47380862410080077,0.900993029757542,0.5401424169540405,
S01_ref3,small_rect_edge_test_0002,small,0.8287946564811447,0.6074533556045757,0.8375869393348694,
S01_ref3,small_rect_edge_test_0002,medium,0.7578828309185338,0.7699189627959323,0.8258447051048279,
S01_ref3,small_rect_edge_test_0002,large,0.6007602263800149,0.7912140498504073,0.7074497938156128,
S01_ref3,small_rect_edge_test_0002,abs_pcyc_le_0p25,0.8287946564811447,0.6074533556045757,0.8375869393348694,
S01_ref3,small_rect_edge_test_0002,abs_pcyc_gt_0p25,0.670480573606538,0.6710759823366136,0.7581905126571655,
S02_plain_residual_unet,small_rect_edge_test_0002,small,0.787366813137627,0.6278218697291988,0.8160316944122314,
S02_plain_residual_unet,small_rect_edge_test_0002,medium,0.7242894429290112,0.7804579783493382,0.8073250651359558,
S02_plain_residual_unet,small_rect_edge_test_0002,large,0.5636072026543962,0.804865271500689,0.6850082874298096,
S02_plain_residual_unet,small_rect_edge_test_0002,abs_pcyc_le_0p25,0.787366813137627,0.6278218697291988,0.8160316944122314,
S02_plain_residual_unet,small_rect_edge_test_0002,abs_pcyc_gt_0p25,0.634907054265473,0.6897197587124207,0.7374297380447388,
S03_concat_Mshell,small_rect_edge_test_0002,small,0.9960083107898194,0.5264641989160059,0.920425295829773,
S03_concat_Mshell,small_rect_edge_test_0002,medium,1.0,0.6948585700503022,0.9495885968208313,
S03_concat_Mshell,small_rect_edge_test_0002,large,0.9502364388296841,0.6624726179514345,0.8970333337783813,
S03_concat_Mshell,small_rect_edge_test_0002,abs_pcyc_le_0p25,0.9960083107898194,0.5264641989160059,0.920425295829773,
S03_concat_Mshell,small_rect_edge_test_0002,abs_pcyc_gt_0p25,0.9723181561828408,0.5138560121043835,0.9195570945739746,
S04_concat_Mshell_delta,small_rect_edge_test_0002,small,0.8516535348713313,0.5963271065135761,0.849029004573822,
S04_concat_Mshell_delta,small_rect_edge_test_0002,medium,0.7671679322439643,0.7669968295586581,0.8309566974639893,
S04_concat_Mshell_delta,small_rect_edge_test_0002,large,0.6035226565459902,0.7902104639174906,0.7089412212371826,
S04_concat_Mshell_delta,small_rect_edge_test_0002,abs_pcyc_le_0p25,0.8516535348713313,0.5963271065135761,0.849029004573822,
S04_concat_Mshell_delta,small_rect_edge_test_0002,abs_pcyc_gt_0p25,0.6761372430375561,0.6681556928086573,0.7612336874008179,
S05_concat_Mshell_delta_Pcyc,small_rect_edge_test_0002,small,1.0,0.5245703720797714,0.9222027659416199,
S05_concat_Mshell_delta_Pcyc,small_rect_edge_test_0002,medium,1.0,0.6948585700503022,0.9495885968208313,
S05_concat_Mshell_delta_Pcyc,small_rect_edge_test_0002,large,1.0,0.6444269183271085,0.9207704067230225,
S05_concat_Mshell_delta_Pcyc,small_rect_edge_test_0002,abs_pcyc_le_0p25,1.0,0.5245703720797714,0.9222027659416199,
S05_concat_Mshell_delta_Pcyc,small_rect_edge_test_0002,abs_pcyc_gt_0p25,1.0,0.49967799997807727,0.9331211447715759,
S06_geometry_branch_bottleneck_concat,small_rect_edge_test_0002,small,0.849867108228525,0.5971339858135432,0.848373293876648,
S06_geometry_branch_bottleneck_concat,small_rect_edge_test_0002,medium,0.7848507774444351,0.7614830036623952,0.8404660820960999,
S06_geometry_branch_bottleneck_concat,small_rect_edge_test_0002,large,0.637087565152414,0.7776521711738485,0.7297546863555908,
S06_geometry_branch_bottleneck_concat,small_rect_edge_test_0002,abs_pcyc_le_0p25,0.849867108228525,0.5971339858135432,0.848373293876648,
S06_geometry_branch_bottleneck_concat,small_rect_edge_test_0002,abs_pcyc_gt_0p25,0.7026547738313194,0.653963199864571,0.7772024869918823,
S07_generic_film_middeep,small_rect_edge_test_0002,small,0.9744538414739934,0.5368293085247934,0.9099363684654236,
S07_generic_film_middeep,small_rect_edge_test_0002,medium,0.947113232776098,0.7110778817313159,0.9240098595619202,
S07_generic_film_middeep,small_rect_edge_test_0002,large,0.773902841114814,0.7274350868320836,0.8056690692901611,
S07_generic_film_middeep,small_rect_edge_test_0002,abs_pcyc_le_0p25,0.9744538414739934,0.5368293085247934,0.9099363684654236,
S07_generic_film_middeep,small_rect_edge_test_0002,abs_pcyc_gt_0p25,0.8507617744706599,0.5772637800223619,0.856386661529541,
S08_rsbfilm_middeep_default,small_rect_edge_test_0002,small,0.9760520966991626,0.5360576209159694,0.910720705986023,
S08_rsbfilm_middeep_default,small_rect_edge_test_0002,medium,0.9525029094621693,0.7094218844571674,0.9266278147697449,
S08_rsbfilm_middeep_default,small_rect_edge_test_0002,large,0.7799468073865038,0.7252179966521689,0.8088863492012024,
S08_rsbfilm_middeep_default,small_rect_edge_test_0002,abs_pcyc_le_0p25,0.9760520966991626,0.5360576209159694,0.910720705986023,
S08_rsbfilm_middeep_default,small_rect_edge_test_0002,abs_pcyc_gt_0p25,0.8565155283777846,0.5742990742683773,0.8593469858169556,
S01_ref3,L_shape_test_0003,small,0.5979797238240656,0.7577885200003982,0.5551550984382629,
S01_ref3,L_shape_test_0003,medium,0.4757077331489573,0.8416881614221673,0.4743488132953644,
S01_ref3,L_shape_test_0003,large,0.6055958568303756,0.7549652518967994,0.647321879863739,
S01_ref3,L_shape_test_0003,abs_pcyc_le_0p25,0.573868941423175,0.7472159987022631,0.5370013117790222,
S01_ref3,L_shape_test_0003,abs_pcyc_gt_0p25,0.5620048680647387,0.7153858637335183,0.5763427019119263,
S02_plain_residual_unet,L_shape_test_0003,small,0.572243329235163,0.7688957477376323,0.5423941016197205,
S02_plain_residual_unet,L_shape_test_0003,medium,0.45367865726570694,0.8495457271501852,0.4620486795902252,
S02_plain_residual_unet,L_shape_test_0003,large,0.5761063715367756,0.7677453837182727,0.6306599974632263,
S02_plain_residual_unet,L_shape_test_0003,abs_pcyc_le_0p25,0.5493799425716527,0.7587615893837455,0.5248755216598511,
S02_plain_residual_unet,L_shape_test_0003,abs_pcyc_gt_0p25,0.5347438557514548,0.7304702276753268,0.5611017942428589,
S03_concat_Mshell,L_shape_test_0003,small,0.990966275481493,0.5785395659897494,0.7872201800346375,
S03_concat_Mshell,L_shape_test_0003,medium,1.0,0.6452652305952411,0.7497045397758484,
S03_concat_Mshell,L_shape_test_0003,large,1.0,0.5825841877334657,0.8547112941741943,
S03_concat_Mshell,L_shape_test_0003,abs_pcyc_le_0p25,0.992321491619416,0.5370420639747423,0.7772791385650635,
S03_concat_Mshell,L_shape_test_0003,abs_pcyc_gt_0p25,1.0,0.46443002002001665,0.8123964667320251,
S04_concat_Mshell_delta,L_shape_test_0003,small,0.6256735146652954,0.7459149575793349,0.5682445168495178,
S04_concat_Mshell_delta,L_shape_test_0003,medium,0.4887690262917731,0.8370210591377008,0.48147010803222656,
S04_concat_Mshell_delta,L_shape_test_0003,large,0.6240488402710195,0.7471692148212596,0.65640789270401,
S04_concat_Mshell_delta,L_shape_test_0003,abs_pcyc_le_0p25,0.5983869535078561,0.7356886042665468,0.5486330986022949,
S04_concat_Mshell_delta,L_shape_test_0003,abs_pcyc_gt_0p25,0.5792153738307994,0.7061080902238035,0.5849140882492065,
S05_concat_Mshell_delta_Pcyc,L_shape_test_0003,small,1.0,0.5746316732466493,0.7918424010276794,
S05_concat_Mshell_delta_Pcyc,L_shape_test_0003,medium,1.0,0.6452652305952411,0.7497045397758484,
S05_concat_Mshell_delta_Pcyc,L_shape_test_0003,large,1.0,0.5825841877334657,0.8547112941741943,
S05_concat_Mshell_delta_Pcyc,L_shape_test_0003,abs_pcyc_le_0p25,1.0,0.5334002498261736,0.7810856103897095,
S05_concat_Mshell_delta_Pcyc,L_shape_test_0003,abs_pcyc_gt_0p25,1.0,0.46443002002001665,0.8123964667320251,
S06_geometry_branch_bottleneck_concat,L_shape_test_0003,small,0.6532249933360095,0.731824658279861,0.5949180722236633,
S06_geometry_branch_bottleneck_concat,L_shape_test_0003,medium,0.5623114007526839,0.8096223129450357,0.5270431637763977,
S06_geometry_branch_bottleneck_concat,L_shape_test_0003,large,0.6612162193631334,0.7301924571649979,0.681640088558197,
S06_geometry_branch_bottleneck_concat,L_shape_test_0003,abs_pcyc_le_0p25,0.6363043032873779,0.7152103534776884,0.5799797773361206,
S06_geometry_branch_bottleneck_concat,L_shape_test_0003,abs_pcyc_gt_0p25,0.6271743332836685,0.6774243201343938,0.6177808046340942,
S07_generic_film_middeep,L_shape_test_0003,small,0.7896986363868379,0.6710653780221455,0.6672137379646301,
S07_generic_film_middeep,L_shape_test_0003,medium,0.676985981884885,0.7666660373900269,0.5911106467247009,
S07_generic_film_middeep,L_shape_test_0003,large,0.8124135327799648,0.6649293738248847,0.7591398358345032,
S07_generic_film_middeep,L_shape_test_0003,abs_pcyc_le_0p25,0.7707172562230038,0.649124739995286,0.6512722969055176,
S07_generic_film_middeep,L_shape_test_0003,abs_pcyc_gt_0p25,0.7639488436673301,0.6004011870448628,0.6891604661941528,
S08_rsbfilm_middeep_default,L_shape_test_0003,small,0.794690065098103,0.6687941575525663,0.6700793504714966,
S08_rsbfilm_middeep_default,L_shape_test_0003,medium,0.6829988815341185,0.7644010583376624,0.5943413972854614,
S08_rsbfilm_middeep_default,L_shape_test_0003,large,0.818657910684432,0.6622277603459079,0.7622852325439453,
S08_rsbfilm_middeep_default,L_shape_test_0003,abs_pcyc_le_0p25,0.7757680583942649,0.6465801428537838,0.6541405320167542,
S08_rsbfilm_middeep_default,L_shape_test_0003,abs_pcyc_gt_0p25,0.770179368369761,0.5968625755588123,0.6923925280570984,
S01_ref3,cross_test_0003,small,0.29850776475605106,0.8868396535798587,0.4067172110080719,
S01_ref3,cross_test_0003,medium,0.2835771044243785,0.9141081088054083,0.4111535847187042,
S01_ref3,cross_test_0003,large,0.24350074669115568,0.9170522355660711,0.3403717875480652,
S01_ref3,cross_test_0003,abs_pcyc_le_0p25,0.2768479747218203,0.9093087545431667,0.3954213261604309,
S01_ref3,cross_test_0003,abs_pcyc_gt_0p25,0.27542077044566554,0.8664776629388666,0.3821250796318054,
S02_plain_residual_unet,cross_test_0003,small,0.2849789597840199,0.8926167057376996,0.39783284068107605,
S02_plain_residual_unet,cross_test_0003,medium,0.27339024802774037,0.9174674245143482,0.40476617217063904,
S02_plain_residual_unet,cross_test_0003,large,0.23040379025791305,0.9220815448876136,0.32555267214775085,
S02_plain_residual_unet,cross_test_0003,abs_pcyc_le_0p25,0.2626795188457489,0.9144320673182982,0.3868655264377594,
S02_plain_residual_unet,cross_test_0003,abs_pcyc_gt_0p25,0.2636429290708461,0.8731664118057991,0.37122228741645813,
S03_concat_Mshell,cross_test_0003,small,0.987123024472652,0.5677121455399641,0.8157488703727722,
S03_concat_Mshell,cross_test_0003,medium,1.0,0.6677788202086806,0.8224194645881653,
S03_concat_Mshell,cross_test_0003,large,0.9967203877761057,0.6029654622393321,0.8549228310585022,
S03_concat_Mshell,cross_test_0003,abs_pcyc_le_0p25,0.9833905616395435,0.6306902121493789,0.8096684813499451,
S03_concat_Mshell,cross_test_0003,abs_pcyc_gt_0p25,0.9983740975283846,0.4239040677074048,0.8400025367736816,
S04_concat_Mshell_delta,cross_test_0003,small,0.3109612507858388,0.8815333124731284,0.4139339327812195,
S04_concat_Mshell_delta,cross_test_0003,medium,0.2965669776164027,0.9098607518692458,0.4203425645828247,
S04_concat_Mshell_delta,cross_test_0003,large,0.25150353600018166,0.9138617060877733,0.3503361940383911,
S04_concat_Mshell_delta,cross_test_0003,abs_pcyc_le_0p25,0.28992560352381386,0.9045526155450077,0.4028134346008301,
S04_concat_Mshell_delta,cross_test_0003,abs_pcyc_gt_0p25,0.2855868968276101,0.8606981858090714,0.3913438320159912,
S05_concat_Mshell_delta_Pcyc,cross_test_0003,small,1.0,0.5619981295869416,0.8213175535202026,
S05_concat_Mshell_delta_Pcyc,cross_test_0003,medium,1.0,0.6677788202086806,0.8224194645881653,
S05_concat_Mshell_delta_Pcyc,cross_test_0003,large,1.0,0.6016596104402472,0.8563989400863647,
S05_concat_Mshell_delta_Pcyc,cross_test_0003,abs_pcyc_le_0p25,1.0,0.6243710966867692,0.8167558312416077,
S05_concat_Mshell_delta_Pcyc,cross_test_0003,abs_pcyc_gt_0p25,1.0,0.42297812232069343,0.8407085537910461,
S06_geometry_branch_bottleneck_concat,cross_test_0003,small,0.35074143852469736,0.8635860631068604,0.4380798935890198,
S06_geometry_branch_bottleneck_concat,cross_test_0003,medium,0.34709478246202485,0.8929315319700672,0.46027395129203796,
S06_geometry_branch_bottleneck_concat,cross_test_0003,large,0.287678378658971,0.8996807185741217,0.38831397891044617,
S06_geometry_branch_bottleneck_concat,cross_test_0003,abs_pcyc_le_0p25,0.32653372600983543,0.8904073803131841,0.4229520857334137,
S06_geometry_branch_bottleneck_concat,cross_test_0003,abs_pcyc_gt_0p25,0.3290246627703034,0.8356892624866012,0.43019843101501465,
S07_generic_film_middeep,cross_test_0003,small,0.4606592980325931,0.8149860340620529,0.5075819492340088,
S07_generic_film_middeep,cross_test_0003,medium,0.47497695134652906,0.8501815032583124,0.5445605516433716,
S07_generic_film_middeep,cross_test_0003,large,0.3574853696170965,0.8711916132969915,0.45898714661598206,
S07_generic_film_middeep,cross_test_0003,abs_pcyc_le_0p25,0.4334659057513305,0.8501799869402936,0.4898225963115692,
S07_generic_film_middeep,cross_test_0003,abs_pcyc_gt_0p25,0.4271142505767544,0.7780971534136797,0.5073044300079346,
S08_rsbfilm_middeep_default,cross_test_0003,small,0.46657207985898924,0.8123170170247964,0.5110607147216797,
S08_rsbfilm_middeep_default,cross_test_0003,medium,0.4816294932060832,0.8479252956515652,0.5487226247787476,
S08_rsbfilm_middeep_default,cross_test_0003,large,0.3615441238349739,0.8695206957011083,0.4626827538013458,
S08_rsbfilm_middeep_default,cross_test_0003,abs_pcyc_le_0p25,0.4393269225012404,0.8479287139329744,0.4932210147380829,
S08_rsbfilm_middeep_default,cross_test_0003,abs_pcyc_gt_0p25,0.43240760179617543,0.7749270256212155,0.5111927390098572,
S01_ref3,double_line_test_0003,small,0.3611763798457314,0.8170869930881979,0.45734190940856934,
S01_ref3,double_line_test_0003,medium,0.5511260430370739,0.7394311855875346,0.6008771061897278,
S01_ref3,double_line_test_0003,large,0.38313812843256456,0.8306671483239093,0.4526541233062744,
S01_ref3,double_line_test_0003,abs_pcyc_le_0p25,0.3888930716675557,0.774956338290626,0.4827960431575775,
S01_ref3,double_line_test_0003,abs_pcyc_gt_0p25,0.46840062596125925,0.7374386302600816,0.511202335357666,
S02_plain_residual_unet,double_line_test_0003,small,0.3453002860834813,0.8260283092657176,0.4463097155094147,
S02_plain_residual_unet,double_line_test_0003,medium,0.5268708380402507,0.7517500178006066,0.5870940089225769,
S02_plain_residual_unet,double_line_test_0003,large,0.3607833246110971,0.8414923877235245,0.43831107020378113,
S02_plain_residual_unet,double_line_test_0003,abs_pcyc_le_0p25,0.3719573961932381,0.7858744624031626,0.4715349078178406,
S02_plain_residual_unet,double_line_test_0003,abs_pcyc_gt_0p25,0.4441424492078686,0.7524565959086384,0.4966331422328949,
S03_concat_Mshell,double_line_test_0003,small,0.9685781114554326,0.46293765684602023,0.7708086967468262,
S03_concat_Mshell,double_line_test_0003,medium,1.0,0.5115550745585493,0.8111754059791565,
S03_concat_Mshell,double_line_test_0003,large,1.0,0.5218941894552376,0.752927303314209,
S03_concat_Mshell,double_line_test_0003,abs_pcyc_le_0p25,0.9765177698670284,0.3859255712959681,0.786072850227356,
S03_concat_Mshell,double_line_test_0003,abs_pcyc_gt_0p25,1.0,0.40239187515654334,0.7664395570755005,
S04_concat_Mshell_delta,double_line_test_0003,small,0.38418907093175353,0.8040664086269067,0.47291311621665955,
S04_concat_Mshell_delta,double_line_test_0003,medium,0.5673840985354354,0.7310743654293794,0.6102253198623657,
S04_concat_Mshell_delta,double_line_test_0003,large,0.39719192417773125,0.8238364906661992,0.4613172709941864,
S04_concat_Mshell_delta,double_line_test_0003,abs_pcyc_le_0p25,0.4094931459043655,0.7614750959447714,0.4968383014202118,
S04_concat_Mshell_delta,double_line_test_0003,abs_pcyc_gt_0p25,0.48407170590576165,0.7277145186477568,0.5202339887619019,
S05_concat_Mshell_delta_Pcyc,double_line_test_0003,small,0.9641116795255579,0.46640462881289835,0.767703115940094,
S05_concat_Mshell_delta_Pcyc,double_line_test_0003,medium,1.0,0.5115550745585493,0.8111754059791565,
S05_concat_Mshell_delta_Pcyc,double_line_test_0003,large,1.0,0.5218941894552376,0.752927303314209,
S05_concat_Mshell_delta_Pcyc,double_line_test_0003,abs_pcyc_le_0p25,0.9731798650491695,0.38894965144030313,0.783668577671051,
S05_concat_Mshell_delta_Pcyc,double_line_test_0003,abs_pcyc_gt_0p25,1.0,0.40239187515654334,0.7664395570755005,
S06_geometry_branch_bottleneck_concat,double_line_test_0003,small,0.43674507908162535,0.7732171629229145,0.5072903037071228,
S06_geometry_branch_bottleneck_concat,double_line_test_0003,medium,0.6213143650154294,0.7029677985622258,0.6397671103477478,
S06_geometry_branch_bottleneck_concat,double_line_test_0003,large,0.4436741938824935,0.8000642656005784,0.4918057918548584,
S06_geometry_branch_bottleneck_concat,double_line_test_0003,abs_pcyc_le_0p25,0.4628048818672607,0.7255352136110043,0.5312228798866272,
S06_geometry_branch_bottleneck_concat,double_line_test_0003,abs_pcyc_gt_0p25,0.5328518881013584,0.695916209334046,0.5492209792137146,
S07_generic_film_middeep,double_line_test_0003,small,0.572139284216781,0.6948420588356365,0.5843648314476013,
S07_generic_film_middeep,double_line_test_0003,medium,0.7828898546957823,0.6201357671899406,0.7191645503044128,
S07_generic_film_middeep,double_line_test_0003,large,0.5980178675380016,0.7234494698829446,0.5752390027046204,
S07_generic_film_middeep,double_line_test_0003,abs_pcyc_le_0p25,0.6089644837970383,0.6290571877364586,0.6126348972320557,
S07_generic_film_middeep,double_line_test_0003,abs_pcyc_gt_0p25,0.6851725695602138,0.5999682760491856,0.6271865963935852,
S08_rsbfilm_middeep_default,double_line_test_0003,small,0.5791106685681765,0.6907760255357626,0.5880857110023499,
S08_rsbfilm_middeep_default,double_line_test_0003,medium,0.7906401876852965,0.6162010795517459,0.722745418548584,
S08_rsbfilm_middeep_default,double_line_test_0003,large,0.6057018386428451,0.7196006490495306,0.5791395306587219,
S08_rsbfilm_middeep_default,double_line_test_0003,abs_pcyc_le_0p25,0.61624071589182,0.6242291778989792,0.6164469718933105,
S08_rsbfilm_middeep_default,double_line_test_0003,abs_pcyc_gt_0p25,0.6927585854566183,0.5951926563912793,0.6308456063270569,
S01_ref3,line_test_0003,small,0.3129913882431295,0.9502187048193519,0.4697594940662384,
S01_ref3,line_test_0003,medium,0.18932907473415225,0.9801052145820244,0.3684241771697998,
S01_ref3,line_test_0003,large,0.2581242405823261,0.971368942853591,0.44169604778289795,
S01_ref3,line_test_0003,abs_pcyc_le_0p25,0.30092816973337494,0.9405529300865825,0.4667763113975525,
S01_ref3,line_test_0003,abs_pcyc_gt_0p25,0.21140856249386059,0.968247216936288,0.3874712288379669,
S02_plain_residual_unet,line_test_0003,small,0.30241794055936655,0.9519640918246185,0.46082350611686707,
S02_plain_residual_unet,line_test_0003,medium,0.18298463399386924,0.9807931033446723,0.3609399199485779,
S02_plain_residual_unet,line_test_0003,large,0.25136702637539227,0.9721407008966289,0.4351876378059387,
S02_plain_residual_unet,line_test_0003,abs_pcyc_le_0p25,0.2918146072997882,0.9424368149588492,0.45908403396606445,
S02_plain_residual_unet,line_test_0003,abs_pcyc_gt_0p25,0.20415755943062341,0.9693842883926314,0.37946316599845886,
S03_concat_Mshell,line_test_0003,small,0.7602511242697897,0.8738214238096759,0.7789952754974365,
S03_concat_Mshell,line_test_0003,medium,1.0,0.8911021410037144,0.8710248470306396,
S03_concat_Mshell,line_test_0003,large,1.0,0.8859892331869855,0.8869063854217529,
S03_concat_Mshell,line_test_0003,abs_pcyc_le_0p25,0.8181907064862178,0.8298048130385494,0.8073989152908325,
S03_concat_Mshell,line_test_0003,abs_pcyc_gt_0p25,1.0,0.8425335105701391,0.8744175434112549,
S04_concat_Mshell_delta,line_test_0003,small,0.3267096348571602,0.9479191800530203,0.48267289996147156,
S04_concat_Mshell_delta,line_test_0003,medium,0.18739670375347056,0.9803092283828532,0.3674367070198059,
S04_concat_Mshell_delta,line_test_0003,large,0.26544052339200297,0.9705363567286766,0.44760313630104065,
S04_concat_Mshell_delta,line_test_0003,abs_pcyc_le_0p25,0.3098873734811995,0.9386696090344566,0.47515425086021423,
S04_concat_Mshell_delta,line_test_0003,abs_pcyc_gt_0p25,0.21723673545969313,0.9673423391108804,0.3924938142299652,
S05_concat_Mshell_delta_Pcyc,line_test_0003,small,0.850406079820628,0.8578912820664424,0.8355804085731506,
S05_concat_Mshell_delta_Pcyc,line_test_0003,medium,1.0,0.8911021410037144,0.8710248470306396,
S05_concat_Mshell_delta_Pcyc,line_test_0003,large,1.0,0.8859892331869855,0.8869063854217529,
S05_concat_Mshell_delta_Pcyc,line_test_0003,abs_pcyc_le_0p25,0.8865581896448861,0.8143854828653526,0.8498377799987793,
S05_concat_Mshell_delta_Pcyc,line_test_0003,abs_pcyc_gt_0p25,1.0,0.8425335105701391,0.8744175434112549,
S06_geometry_branch_bottleneck_concat,line_test_0003,small,0.408490237128949,0.9340866986282069,0.5533214807510376,
S06_geometry_branch_bottleneck_concat,line_test_0003,medium,0.2768104254678667,0.9706182205340744,0.4487374424934387,
S06_geometry_branch_bottleneck_concat,line_test_0003,large,0.36480628101421514,0.959154030578728,0.5265321135520935,
S06_geometry_branch_bottleneck_concat,line_test_0003,abs_pcyc_le_0p25,0.39901101966983077,0.9197812577609826,0.550594687461853,
S06_geometry_branch_bottleneck_concat,line_test_0003,abs_pcyc_gt_0p25,0.30569528660975315,0.953436847435166,0.4693748950958252,
S07_generic_film_middeep,line_test_0003,small,0.5069817826239452,0.9170870893398029,0.6320993304252625,
S07_generic_film_middeep,line_test_0003,medium,0.3908481076245408,0.958105343243101,0.5393667817115784,
S07_generic_film_middeep,line_test_0003,large,0.4636613610077014,0.947756501733211,0.5964905023574829,
S07_generic_film_middeep,line_test_0003,abs_pcyc_le_0p25,0.49936806588169,0.8980390695151359,0.6279488205909729,
S07_generic_film_middeep,line_test_0003,abs_pcyc_gt_0p25,0.41195921204974667,0.9364800177029502,0.5520723462104797,
S08_rsbfilm_middeep_default,line_test_0003,small,0.5129007562393898,0.9160595535330839,0.6364969611167908,
S08_rsbfilm_middeep_default,line_test_0003,medium,0.39891909237332357,0.9572178796990448,0.5450395345687866,
S08_rsbfilm_middeep_default,line_test_0003,large,0.47176118241592796,0.946821394512418,0.6017791032791138,
S08_rsbfilm_middeep_default,line_test_0003,abs_pcyc_le_0p25,0.5059238083502228,0.8966121183727888,0.6326249837875366,
S08_rsbfilm_middeep_default,line_test_0003,abs_pcyc_gt_0p25,0.4198842285003126,0.9352131637101592,0.557542622089386,
S01_ref3,point_cluster_test_0003,small,0.14580184053374495,0.984692828049746,0.33148694038391113,
S01_ref3,point_cluster_test_0003,medium,0.014312010495577924,0.9994052751654006,0.0894743800163269,
S01_ref3,point_cluster_test_0003,large,0.12422339379003172,0.9873888204469409,0.22014877200126648,
S01_ref3,point_cluster_test_0003,abs_pcyc_le_0p25,0.11052814013089306,0.9854093973284804,0.25081607699394226,
S01_ref3,point_cluster_test_0003,abs_pcyc_gt_0p25,0.12422339379003172,0.9873888204469409,0.22014877200126648,
S02_plain_residual_unet,point_cluster_test_0003,small,0.13971840436864053,0.9853482796864202,0.32404035329818726,
S02_plain_residual_unet,point_cluster_test_0003,medium,0.014324540972307986,0.999404766144717,0.08951354026794434,
S02_plain_residual_unet,point_cluster_test_0003,large,0.116006773927618,0.9882412505363701,0.21515199542045593,
S02_plain_residual_unet,point_cluster_test_0003,abs_pcyc_le_0p25,0.10608001631875355,0.9860115096563312,0.24586474895477295,
S02_plain_residual_unet,point_cluster_test_0003,abs_pcyc_gt_0p25,0.116006773927618,0.9882412505363701,0.21515199542045593,
S03_concat_Mshell,point_cluster_test_0003,small,0.6996051791272938,0.9238351922688531,0.7199620008468628,
S03_concat_Mshell,point_cluster_test_0003,medium,0.12794774886439184,0.9945773073360691,0.26752519607543945,
S03_concat_Mshell,point_cluster_test_0003,large,0.41878991829944273,0.9555352985873606,0.5497257113456726,
S03_concat_Mshell,point_cluster_test_0003,abs_pcyc_le_0p25,0.5462512946264513,0.92302368885254,0.5691497325897217,
S03_concat_Mshell,point_cluster_test_0003,abs_pcyc_gt_0p25,0.41878991829944273,0.9555352985873606,0.5497257113456726,
S04_concat_Mshell_delta,point_cluster_test_0003,small,0.1657776738304875,0.9825420722088813,0.35343706607818604,
S04_concat_Mshell_delta,point_cluster_test_0003,medium,0.008976174372395939,0.9996223916714451,0.07085883617401123,
S04_concat_Mshell_delta,point_cluster_test_0003,large,0.1453004608575904,0.9851755193401722,0.2411421239376068,
S04_concat_Mshell_delta,point_cluster_test_0003,abs_pcyc_le_0p25,0.12371382049325354,0.9835886914127404,0.25924432277679443,
S04_concat_Mshell_delta,point_cluster_test_0003,abs_pcyc_gt_0p25,0.1453004608575904,0.9851755193401722,0.2411421239376068,
S05_concat_Mshell_delta_Pcyc,point_cluster_test_0003,small,0.996398687357716,0.8910178180680478,0.8715133666992188,
S05_concat_Mshell_delta_Pcyc,point_cluster_test_0003,medium,0.9404865557141957,0.9595033181726782,0.7253116965293884,
S05_concat_Mshell_delta_Pcyc,point_cluster_test_0003,large,0.8119305594215286,0.912783197363567,0.7756792306900024,
S05_concat_Mshell_delta_Pcyc,point_cluster_test_0003,abs_pcyc_le_0p25,0.981399570946673,0.858880076538387,0.8227794766426086,
S05_concat_Mshell_delta_Pcyc,point_cluster_test_0003,abs_pcyc_gt_0p25,0.8119305594215286,0.912783197363567,0.7756792306900024,
S06_geometry_branch_bottleneck_concat,point_cluster_test_0003,small,0.23894518744967466,0.9745932199680419,0.4257907271385193,
S06_geometry_branch_bottleneck_concat,point_cluster_test_0003,medium,0.00015832945080302408,0.9999832883991304,0.009410858154296875,
S06_geometry_branch_bottleneck_concat,point_cluster_test_0003,large,0.18893788161199784,0.9805088923028558,0.30955249071121216,
S06_geometry_branch_bottleneck_concat,point_cluster_test_0003,abs_pcyc_le_0p25,0.17488779713520805,0.9764410942249977,0.2869974374771118,
S06_geometry_branch_bottleneck_concat,point_cluster_test_0003,abs_pcyc_gt_0p25,0.18893788161199784,0.9805088923028558,0.30955249071121216,
S07_generic_film_middeep,point_cluster_test_0003,small,0.30305431845779374,0.9675613091821353,0.48077473044395447,
S07_generic_film_middeep,point_cluster_test_0003,medium,0.0006597939192610003,0.9999624938933666,0.019211113452911377,
S07_generic_film_middeep,point_cluster_test_0003,large,0.23541883883054132,0.9755076577651383,0.3677102327346802,
S07_generic_film_middeep,point_cluster_test_0003,abs_pcyc_le_0p25,0.22193341898239674,0.9698330678864299,0.32692018151283264,
S07_generic_film_middeep,point_cluster_test_0003,abs_pcyc_gt_0p25,0.23541883883054132,0.9755076577651383,0.3677102327346802,
S08_rsbfilm_middeep_default,point_cluster_test_0003,small,0.3095252977095014,0.9668502278033895,0.48589038848876953,
S08_rsbfilm_middeep_default,point_cluster_test_0003,medium,0.0009876747443742788,0.9999489082828733,0.02350473403930664,
S08_rsbfilm_middeep_default,point_cluster_test_0003,large,0.24036713393445377,0.9749755082378988,0.3728719651699066,
S08_rsbfilm_middeep_default,point_cluster_test_0003,abs_pcyc_le_0p25,0.22675643848692043,0.9691487131062789,0.33176183700561523,
S08_rsbfilm_middeep_default,point_cluster_test_0003,abs_pcyc_gt_0p25,0.24036713393445377,0.9749755082378988,0.3728719651699066,
S01_ref3,small_rect_edge_test_0003,small,0.34884813013819793,0.9120957197606734,0.5047096610069275,
S01_ref3,small_rect_edge_test_0003,medium,0.20204974195960768,0.9615536897110679,0.348568856716156,
S01_ref3,small_rect_edge_test_0003,large,0.11417972526605533,0.972075948450477,0.27750280499458313,
S01_ref3,small_rect_edge_test_0003,abs_pcyc_le_0p25,0.2867328189480092,0.9076318835083956,0.4474477171897888,
S01_ref3,small_rect_edge_test_0003,abs_pcyc_gt_0p25,0.14544976789237296,0.9594508057201583,0.30113619565963745,
S02_plain_residual_unet,small_rect_edge_test_0003,small,0.3364942356203627,0.9153581960708004,0.49589982628822327,
S02_plain_residual_unet,small_rect_edge_test_0003,medium,0.1898331397740707,0.9639689671654054,0.338133841753006,
S02_plain_residual_unet,small_rect_edge_test_0003,large,0.11281355779769646,0.9724369665809686,0.27487918734550476,
S02_plain_residual_unet,small_rect_edge_test_0003,abs_pcyc_le_0p25,0.27563436113611434,0.9114521614400991,0.43862834572792053,
S02_plain_residual_unet,small_rect_edge_test_0003,abs_pcyc_gt_0p25,0.14080320747595793,0.960811292494194,0.2959609925746918,
S03_concat_Mshell,small_rect_edge_test_0003,small,1.0,0.7364332333083109,0.8507408499717712,
S03_concat_Mshell,small_rect_edge_test_0003,medium,1.0,0.7971133431883441,0.7909950017929077,
S03_concat_Mshell,small_rect_edge_test_0003,large,1.0,0.7245006059051178,0.8756524920463562,
S03_concat_Mshell,small_rect_edge_test_0003,abs_pcyc_le_0p25,1.0,0.6514729981911739,0.8506705164909363,
S03_concat_Mshell,small_rect_edge_test_0003,abs_pcyc_gt_0p25,1.0,0.6846022337311795,0.8321625590324402,
S04_concat_Mshell_delta,small_rect_edge_test_0003,small,0.3594162043068649,0.9093035194628366,0.5121827125549316,
S04_concat_Mshell_delta,small_rect_edge_test_0003,medium,0.1966178843922214,0.9626972655763023,0.34129390120506287,
S04_concat_Mshell_delta,small_rect_edge_test_0003,large,0.11579845768019237,0.9716527640968643,0.2800399363040924,
S04_concat_Mshell_delta,small_rect_edge_test_0003,abs_pcyc_le_0p25,0.28962923389551976,0.9068440345885738,0.4469614624977112,
S04_concat_Mshell_delta,small_rect_edge_test_0003,abs_pcyc_gt_0p25,0.148645938330115,0.9585078992271409,0.30464404821395874,
S05_concat_Mshell_delta_Pcyc,small_rect_edge_test_0003,small,0.9873402507610591,0.7397763840568932,0.8459981083869934,
S05_concat_Mshell_delta_Pcyc,small_rect_edge_test_0003,medium,1.0,0.7971133431883441,0.7909950017929077,
S05_concat_Mshell_delta_Pcyc,small_rect_edge_test_0003,large,1.0,0.7245006059051178,0.8756524920463562,
S05_concat_Mshell_delta_Pcyc,small_rect_edge_test_0003,abs_pcyc_le_0p25,0.9915019089375606,0.6544384578013454,0.8475087285041809,
S05_concat_Mshell_delta_Pcyc,small_rect_edge_test_0003,abs_pcyc_gt_0p25,1.0,0.6846022337311795,0.8321625590324402,
S06_geometry_branch_bottleneck_concat,small_rect_edge_test_0003,small,0.44997505279961714,0.8847961445475948,0.5735034346580505,
S06_geometry_branch_bottleneck_concat,small_rect_edge_test_0003,medium,0.3015091765831782,0.9414628517498715,0.4302894175052643,
S06_geometry_branch_bottleneck_concat,small_rect_edge_test_0003,large,0.19596801522590623,0.9504107596957257,0.3755989968776703,
S06_geometry_branch_bottleneck_concat,small_rect_edge_test_0003,abs_pcyc_le_0p25,0.3827641190522933,0.8735488216145902,0.5211083889007568,
S06_geometry_branch_bottleneck_concat,small_rect_edge_test_0003,abs_pcyc_gt_0p25,0.23556821766369948,0.9318694951658697,0.39451080560684204,
S07_generic_film_middeep,small_rect_edge_test_0003,small,0.6076643588488801,0.8421203091426497,0.6672226786613464,
S07_generic_film_middeep,small_rect_edge_test_0003,medium,0.43599939302394686,0.9138006153082793,0.5215487480163574,
S07_generic_film_middeep,small_rect_edge_test_0003,large,0.29689420822877105,0.922792407143781,0.46879902482032776,
S07_generic_film_middeep,small_rect_edge_test_0003,abs_pcyc_le_0p25,0.5255434971817006,0.8222957937603548,0.6135866641998291,
S07_generic_film_middeep,small_rect_edge_test_0003,abs_pcyc_gt_0p25,0.3507467590283761,0.8954918933027799,0.4876992106437683,
S08_rsbfilm_middeep_default,small_rect_edge_test_0003,small,0.6163448224955852,0.8397660599685762,0.6719799637794495,
S08_rsbfilm_middeep_default,small_rect_edge_test_0003,medium,0.4446739665008465,0.9120087189648688,0.5268118977546692,
S08_rsbfilm_middeep_default,small_rect_edge_test_0003,large,0.30398392780496225,0.9208248870243675,0.4746900498867035,
S08_rsbfilm_middeep_default,small_rect_edge_test_0003,abs_pcyc_le_0p25,0.5337435718085987,0.8193307157607628,0.6184819936752319,
S08_rsbfilm_middeep_default,small_rect_edge_test_0003,abs_pcyc_gt_0p25,0.3586655021778465,0.8929560337656587,0.49346765875816345,
S01_ref3,L_shape_test_0000,,0.723746205728348,0.762859292570072,0.7371994256973267,0.01
S02_plain_residual_unet,L_shape_test_0000,,0.6857443170694296,0.7758221935700146,0.7175025343894958,0.01
S03_concat_Mshell,L_shape_test_0000,,1.0,0.669565227234956,0.8715863227844238,0.01
S04_concat_Mshell_delta,L_shape_test_0000,,0.6949524092525046,0.7726085991657791,0.7230054140090942,0.01
S05_concat_Mshell_delta_Pcyc,L_shape_test_0000,,1.0,0.669565227234956,0.8715863227844238,0.01
S06_geometry_branch_bottleneck_concat,L_shape_test_0000,,0.775297849395838,0.745247530080122,0.7640204429626465,0.01
S07_generic_film_middeep,L_shape_test_0000,,0.9050242973396472,0.701378589734481,0.8270421028137207,0.01
S08_rsbfilm_middeep_default,L_shape_test_0000,,0.9110437425638847,0.69935395211544,0.829917311668396,0.01
S01_ref3,cross_test_0000,,0.18454819373990683,0.9790148174727626,0.388549268245697,0.01
S02_plain_residual_unet,cross_test_0000,,0.17566589774152927,0.9800488113955756,0.3795168101787567,0.01
S03_concat_Mshell,cross_test_0000,,1.0,0.8818805121806683,0.9121381044387817,0.01
S04_concat_Mshell_delta,cross_test_0000,,0.16532188940816786,0.9812555479869466,0.36783063411712646,0.01
S05_concat_Mshell_delta_Pcyc,cross_test_0000,,1.0,0.8818805121806683,0.9121381044387817,0.01
S06_geometry_branch_bottleneck_concat,cross_test_0000,,0.2613324165737956,0.9699881145594071,0.4637290835380554,0.01
S07_generic_film_middeep,cross_test_0000,,0.3519741981571729,0.9592354644453109,0.5389807820320129,0.01
S08_rsbfilm_middeep_default,cross_test_0000,,0.35825656319906285,0.9584874591445914,0.5438073873519897,0.01
S01_ref3,double_line_test_0000,,nan,nan,nan,0.01
S02_plain_residual_unet,double_line_test_0000,,nan,nan,nan,0.01
S03_concat_Mshell,double_line_test_0000,,nan,nan,nan,0.01
S04_concat_Mshell_delta,double_line_test_0000,,nan,nan,nan,0.01
S05_concat_Mshell_delta_Pcyc,double_line_test_0000,,nan,nan,nan,0.01
S06_geometry_branch_bottleneck_concat,double_line_test_0000,,nan,nan,nan,0.01
S07_generic_film_middeep,double_line_test_0000,,nan,nan,nan,0.01
S08_rsbfilm_middeep_default,double_line_test_0000,,nan,nan,nan,0.01
S01_ref3,line_test_0000,,nan,nan,nan,0.01
S02_plain_residual_unet,line_test_0000,,nan,nan,nan,0.01
S03_concat_Mshell,line_test_0000,,nan,nan,nan,0.01
S04_concat_Mshell_delta,line_test_0000,,nan,nan,nan,0.01
S05_concat_Mshell_delta_Pcyc,line_test_0000,,nan,nan,nan,0.01
S06_geometry_branch_bottleneck_concat,line_test_0000,,nan,nan,nan,0.01
S07_generic_film_middeep,line_test_0000,,nan,nan,nan,0.01
S08_rsbfilm_middeep_default,line_test_0000,,nan,nan,nan,0.01
S01_ref3,point_cluster_test_0000,,nan,nan,nan,0.01
S02_plain_residual_unet,point_cluster_test_0000,,nan,nan,nan,0.01
S03_concat_Mshell,point_cluster_test_0000,,nan,nan,nan,0.01
S04_concat_Mshell_delta,point_cluster_test_0000,,nan,nan,nan,0.01
S05_concat_Mshell_delta_Pcyc,point_cluster_test_0000,,nan,nan,nan,0.01
S06_geometry_branch_bottleneck_concat,point_cluster_test_0000,,nan,nan,nan,0.01
S07_generic_film_middeep,point_cluster_test_0000,,nan,nan,nan,0.01
S08_rsbfilm_middeep_default,point_cluster_test_0000,,nan,nan,nan,0.01
S01_ref3,small_rect_edge_test_0000,,nan,nan,nan,0.01
S02_plain_residual_unet,small_rect_edge_test_0000,,nan,nan,nan,0.01
S03_concat_Mshell,small_rect_edge_test_0000,,nan,nan,nan,0.01
S04_concat_Mshell_delta,small_rect_edge_test_0000,,nan,nan,nan,0.01
S05_concat_Mshell_delta_Pcyc,small_rect_edge_test_0000,,nan,nan,nan,0.01
S06_geometry_branch_bottleneck_concat,small_rect_edge_test_0000,,nan,nan,nan,0.01
S07_generic_film_middeep,small_rect_edge_test_0000,,nan,nan,nan,0.01
S08_rsbfilm_middeep_default,small_rect_edge_test_0000,,nan,nan,nan,0.01
S01_ref3,L_shape_test_0001,,nan,nan,nan,0.01
S02_plain_residual_unet,L_shape_test_0001,,nan,nan,nan,0.01
S03_concat_Mshell,L_shape_test_0001,,nan,nan,nan,0.01
S04_concat_Mshell_delta,L_shape_test_0001,,nan,nan,nan,0.01
S05_concat_Mshell_delta_Pcyc,L_shape_test_0001,,nan,nan,nan,0.01
S06_geometry_branch_bottleneck_concat,L_shape_test_0001,,nan,nan,nan,0.01
S07_generic_film_middeep,L_shape_test_0001,,nan,nan,nan,0.01
S08_rsbfilm_middeep_default,L_shape_test_0001,,nan,nan,nan,0.01
S01_ref3,cross_test_0001,,nan,nan,nan,0.01
S02_plain_residual_unet,cross_test_0001,,nan,nan,nan,0.01
S03_concat_Mshell,cross_test_0001,,nan,nan,nan,0.01
S04_concat_Mshell_delta,cross_test_0001,,nan,nan,nan,0.01
S05_concat_Mshell_delta_Pcyc,cross_test_0001,,nan,nan,nan,0.01
S06_geometry_branch_bottleneck_concat,cross_test_0001,,nan,nan,nan,0.01
S07_generic_film_middeep,cross_test_0001,,nan,nan,nan,0.01
S08_rsbfilm_middeep_default,cross_test_0001,,nan,nan,nan,0.01
S01_ref3,double_line_test_0001,,nan,nan,nan,0.01
S02_plain_residual_unet,double_line_test_0001,,nan,nan,nan,0.01
S03_concat_Mshell,double_line_test_0001,,nan,nan,nan,0.01
S04_concat_Mshell_delta,double_line_test_0001,,nan,nan,nan,0.01
S05_concat_Mshell_delta_Pcyc,double_line_test_0001,,nan,nan,nan,0.01
S06_geometry_branch_bottleneck_concat,double_line_test_0001,,nan,nan,nan,0.01
S07_generic_film_middeep,double_line_test_0001,,nan,nan,nan,0.01
S08_rsbfilm_middeep_default,double_line_test_0001,,nan,nan,nan,0.01
S01_ref3,line_test_0001,,0.5404970369294119,0.6519957381852637,0.5572283864021301,0.01
S02_plain_residual_unet,line_test_0001,,0.5135511790455111,0.671718257170633,0.5427408218383789,0.01
S03_concat_Mshell,line_test_0001,,0.9264307983133528,0.3371920101017769,0.7920110821723938,0.01
S04_concat_Mshell_delta,line_test_0001,,0.5748821933420304,0.6259929228049855,0.5756734609603882,0.01
S05_concat_Mshell_delta_Pcyc,line_test_0001,,0.974802565006193,0.29741367906944477,0.8223363161087036,0.01
S06_geometry_branch_bottleneck_concat,line_test_0001,,0.6035570886994227,0.5994094650917798,0.5921385884284973,0.01
S07_generic_film_middeep,line_test_0001,,0.7019044593928977,0.5235457080970993,0.6486288905143738,0.01
S08_rsbfilm_middeep_default,line_test_0001,,0.7071114080536166,0.5193418584078879,0.6517415046691895,0.01
S01_ref3,point_cluster_test_0001,,nan,nan,nan,0.01
S02_plain_residual_unet,point_cluster_test_0001,,nan,nan,nan,0.01
S03_concat_Mshell,point_cluster_test_0001,,nan,nan,nan,0.01
S04_concat_Mshell_delta,point_cluster_test_0001,,nan,nan,nan,0.01
S05_concat_Mshell_delta_Pcyc,point_cluster_test_0001,,nan,nan,nan,0.01
S06_geometry_branch_bottleneck_concat,point_cluster_test_0001,,nan,nan,nan,0.01
S07_generic_film_middeep,point_cluster_test_0001,,nan,nan,nan,0.01
S08_rsbfilm_middeep_default,point_cluster_test_0001,,nan,nan,nan,0.01
S01_ref3,small_rect_edge_test_0001,,0.5115911197608509,0.9154274101289067,0.618533194065094,0.01
S02_plain_residual_unet,small_rect_edge_test_0001,,0.4978884449440327,0.9177684528985601,0.6098598837852478,0.01
S03_concat_Mshell,small_rect_edge_test_0001,,1.0,0.8317779702279139,0.9049164652824402,0.01
S04_concat_Mshell_delta,small_rect_edge_test_0001,,0.5369338160070449,0.9110893654296428,0.6346105933189392,0.01
S05_concat_Mshell_delta_Pcyc,small_rect_edge_test_0001,,1.0,0.8317779702279139,0.9049164652824402,0.01
S06_geometry_branch_bottleneck_concat,small_rect_edge_test_0001,,0.594961722812429,0.9010872681673091,0.6732845902442932,0.01
S07_generic_film_middeep,small_rect_edge_test_0001,,0.7305728388928359,0.8777738858607357,0.7545290589332581,0.01
S08_rsbfilm_middeep_default,small_rect_edge_test_0001,,0.7381084910578314,0.8764824638530482,0.7587266564369202,0.01
S01_ref3,L_shape_test_0002,,0.2807148636543796,0.921566627182436,0.40455377101898193,0.01
S02_plain_residual_unet,L_shape_test_0002,,0.26685470252896104,0.9257370196750652,0.39287665486335754,0.01
S03_concat_Mshell,L_shape_test_0002,,0.9934326247355977,0.7011782894417133,0.8082142472267151,0.01
S04_concat_Mshell_delta,L_shape_test_0002,,0.30495700006538584,0.914219507460573,0.42450055480003357,0.01
S05_concat_Mshell_delta_Pcyc,L_shape_test_0002,,1.0,0.69919441939982,0.8114091157913208,0.01
S06_geometry_branch_bottleneck_concat,L_shape_test_0002,,0.36965534666468985,0.8945362141452701,0.47142988443374634,0.01
S07_generic_film_middeep,L_shape_test_0002,,0.49651055775018177,0.8552346409494777,0.5551620125770569,0.01
S08_rsbfilm_middeep_default,L_shape_test_0002,,0.5045188431854726,0.8527448976019376,0.5599566698074341,0.01
S01_ref3,cross_test_0002,,nan,nan,nan,0.01
S02_plain_residual_unet,cross_test_0002,,nan,nan,nan,0.01
S03_concat_Mshell,cross_test_0002,,nan,nan,nan,0.01
S04_concat_Mshell_delta,cross_test_0002,,nan,nan,nan,0.01
S05_concat_Mshell_delta_Pcyc,cross_test_0002,,nan,nan,nan,0.01
S06_geometry_branch_bottleneck_concat,cross_test_0002,,nan,nan,nan,0.01
S07_generic_film_middeep,cross_test_0002,,nan,nan,nan,0.01
S08_rsbfilm_middeep_default,cross_test_0002,,nan,nan,nan,0.01
S01_ref3,double_line_test_0002,,nan,nan,nan,0.01
S02_plain_residual_unet,double_line_test_0002,,nan,nan,nan,0.01
S03_concat_Mshell,double_line_test_0002,,nan,nan,nan,0.01
S04_concat_Mshell_delta,double_line_test_0002,,nan,nan,nan,0.01
S05_concat_Mshell_delta_Pcyc,double_line_test_0002,,nan,nan,nan,0.01
S06_geometry_branch_bottleneck_concat,double_line_test_0002,,nan,nan,nan,0.01
S07_generic_film_middeep,double_line_test_0002,,nan,nan,nan,0.01
S08_rsbfilm_middeep_default,double_line_test_0002,,nan,nan,nan,0.01
S01_ref3,line_test_0002,,0.2523930117020797,0.9095164109772909,0.42437663674354553,0.01
S02_plain_residual_unet,line_test_0002,,0.24159525688565126,0.9137635046957749,0.41396790742874146,0.01
S03_concat_Mshell,line_test_0002,,0.9897094786810631,0.6037180043283366,0.9006320238113403,0.01
S04_concat_Mshell_delta,line_test_0002,,0.24936752330578504,0.9107514295694513,0.42065152525901794,0.01
S05_concat_Mshell_delta_Pcyc,line_test_0002,,0.9975564678415701,0.6005698263504926,0.9041218757629395,0.01
S06_geometry_branch_bottleneck_concat,line_test_0002,,0.3164509793896248,0.8838719080830095,0.48326197266578674,0.01
S07_generic_film_middeep,line_test_0002,,0.42037500728967,0.8416708085269737,0.5631096959114075,0.01
S08_rsbfilm_middeep_default,line_test_0002,,0.42667510819145577,0.8390753591958273,0.567696213722229,0.01
S01_ref3,point_cluster_test_0002,,nan,nan,nan,0.01
S02_plain_residual_unet,point_cluster_test_0002,,nan,nan,nan,0.01
S03_concat_Mshell,point_cluster_test_0002,,nan,nan,nan,0.01
S04_concat_Mshell_delta,point_cluster_test_0002,,nan,nan,nan,0.01
S05_concat_Mshell_delta_Pcyc,point_cluster_test_0002,,nan,nan,nan,0.01
S06_geometry_branch_bottleneck_concat,point_cluster_test_0002,,nan,nan,nan,0.01
S07_generic_film_middeep,point_cluster_test_0002,,nan,nan,nan,0.01
S08_rsbfilm_middeep_default,point_cluster_test_0002,,nan,nan,nan,0.01
S01_ref3,small_rect_edge_test_0002,,0.7571284174919128,0.9437000146018624,0.870131254196167,0.01
S02_plain_residual_unet,small_rect_edge_test_0002,,0.7182902693748474,0.9466126858575054,0.8475200533866882,0.01
S03_concat_Mshell,small_rect_edge_test_0002,,1.0,0.9255511251182525,1.0,0.01
S04_concat_Mshell_delta,small_rect_edge_test_0002,,0.7724091410636902,0.9425546463223108,0.8788681030273438,0.01
S05_concat_Mshell_delta_Pcyc,small_rect_edge_test_0002,,1.0,0.9255511251182525,1.0,0.01
S06_geometry_branch_bottleneck_concat,small_rect_edge_test_0002,,0.771636962890625,0.9426125105460336,0.8784286975860596,0.01
S07_generic_film_middeep,small_rect_edge_test_0002,,0.9583555459976196,0.9286532706003773,0.9789563417434692,0.01
S08_rsbfilm_middeep_default,small_rect_edge_test_0002,,0.9644855260848999,0.9281963560726928,0.9820822477340698,0.01
S01_ref3,L_shape_test_0003,,0.7687882552909254,0.7316023384323104,0.7957630157470703,0.01
S02_plain_residual_unet,L_shape_test_0003,,0.7318861802886177,0.7449577000392735,0.7763471603393555,0.01
S03_concat_Mshell,L_shape_test_0003,,1.0,0.6484705003607075,0.9133670926094055,0.01
S04_concat_Mshell_delta,L_shape_test_0003,,0.8036735050877899,0.719039111435054,0.8135055303573608,0.01
S05_concat_Mshell_delta_Pcyc,L_shape_test_0003,,1.0,0.6484705003607075,0.9133670926094055,0.01
S06_geometry_branch_bottleneck_concat,L_shape_test_0003,,0.8033216504291202,0.719094264377531,0.8140207529067993,0.01
S07_generic_film_middeep,L_shape_test_0003,,0.9311488097340948,0.6730417360008788,0.8793240785598755,0.01
S08_rsbfilm_middeep_default,L_shape_test_0003,,0.9349241247508527,0.6716908092629867,0.881221354007721,0.01
S01_ref3,cross_test_0003,,nan,nan,nan,0.01
S02_plain_residual_unet,cross_test_0003,,nan,nan,nan,0.01
S03_concat_Mshell,cross_test_0003,,nan,nan,nan,0.01
S04_concat_Mshell_delta,cross_test_0003,,nan,nan,nan,0.01
S05_concat_Mshell_delta_Pcyc,cross_test_0003,,nan,nan,nan,0.01
S06_geometry_branch_bottleneck_concat,cross_test_0003,,nan,nan,nan,0.01
S07_generic_film_middeep,cross_test_0003,,nan,nan,nan,0.01
S08_rsbfilm_middeep_default,cross_test_0003,,nan,nan,nan,0.01
S01_ref3,double_line_test_0003,,nan,nan,nan,0.01
S02_plain_residual_unet,double_line_test_0003,,nan,nan,nan,0.01
S03_concat_Mshell,double_line_test_0003,,nan,nan,nan,0.01
S04_concat_Mshell_delta,double_line_test_0003,,nan,nan,nan,0.01
S05_concat_Mshell_delta_Pcyc,double_line_test_0003,,nan,nan,nan,0.01
S06_geometry_branch_bottleneck_concat,double_line_test_0003,,nan,nan,nan,0.01
S07_generic_film_middeep,double_line_test_0003,,nan,nan,nan,0.01
S08_rsbfilm_middeep_default,double_line_test_0003,,nan,nan,nan,0.01
S01_ref3,line_test_0003,,0.27425143013924613,0.952119029714879,0.5006232857704163,0.01
S02_plain_residual_unet,line_test_0003,,0.26877747573070826,0.9531156017195943,0.4956033527851105,0.01
S03_concat_Mshell,line_test_0003,,1.0,0.8183063410222379,0.9574058651924133,0.01
S04_concat_Mshell_delta,line_test_0003,,0.2783399858075936,0.9513767974719419,0.5039244294166565,0.01
S05_concat_Mshell_delta_Pcyc,line_test_0003,,1.0,0.8183063410222379,0.9574058651924133,0.01
S06_geometry_branch_bottleneck_concat,line_test_0003,,0.38293414162928274,0.9321910187210012,0.5916222929954529,0.01
S07_generic_film_middeep,line_test_0003,,0.49968238349390615,0.910579999033407,0.6761453747749329,0.01
S08_rsbfilm_middeep_default,line_test_0003,,0.5085230123192301,0.9089397967227419,0.6821091771125793,0.01
S01_ref3,point_cluster_test_0003,,0.1162529419546557,0.9770002232776867,0.23854918777942657,0.01
S02_plain_residual_unet,point_cluster_test_0003,,0.1102295293591237,0.9782407868674353,0.2335796356201172,0.01
S03_concat_Mshell,point_cluster_test_0003,,0.4929707846135173,0.8926585268186038,0.5613800883293152,0.01
S04_concat_Mshell_delta,point_cluster_test_0003,,0.13273732078099346,0.973515545148797,0.2520034611225128,0.01
S05_concat_Mshell_delta_Pcyc,point_cluster_test_0003,,0.9105593214113078,0.7960632442179725,0.8039393424987793,0.01
S06_geometry_branch_bottleneck_concat,point_cluster_test_0003,,0.18076092083380357,0.9631000732117844,0.29601946473121643,0.01
S07_generic_film_middeep,point_cluster_test_0003,,0.2275704904579787,0.9528379066717529,0.34323620796203613,0.01
S08_rsbfilm_middeep_default,point_cluster_test_0003,,0.2324458769513657,0.9517594055405807,0.34820589423179626,0.01
S01_ref3,small_rect_edge_test_0003,,0.14453183352414647,0.9745598435191747,0.3164088726043701,0.01
S02_plain_residual_unet,small_rect_edge_test_0003,,0.13829179044802709,0.9756950611476908,0.3099980652332306,0.01
S03_concat_Mshell,small_rect_edge_test_0003,,1.0,0.8108555929828903,0.8505298495292664,0.01
S04_concat_Mshell_delta,small_rect_edge_test_0003,,0.13104654865776444,0.9770478712141732,0.29857876896858215,0.01
S05_concat_Mshell_delta_Pcyc,small_rect_edge_test_0003,,1.0,0.8108555929828903,0.8505298495292664,0.01
S06_geometry_branch_bottleneck_concat,small_rect_edge_test_0003,,0.2266938254403705,0.9592887650181277,0.39996492862701416,0.01
S07_generic_film_middeep,small_rect_edge_test_0003,,0.34036029696815145,0.9376916921510304,0.49382323026657104,0.01
S08_rsbfilm_middeep_default,small_rect_edge_test_0003,,0.34743963637427283,0.9363367454485368,0.4990139603614807,0.01
