dataset,sample_id,family,model,NMSE,PSNR,SSIM,runtime,speedup_vs_BP
Unseen-Parameter OOD,unseen_param_ood_0000,line,Baseline-Ours,0.7857830285545527,28.1369692616059,0.46946041007681255,0.4712464699987322,6.920576796649934
Unseen-Parameter OOD,unseen_param_ood_0000,line,Ours-PC-P1,0.7738661304186943,28.203337350338344,0.48475218570456674,0.46995922503992915,6.939532648815066
Unseen-Parameter OOD,unseen_param_ood_0000,line,Ours-PC-P2A,0.7952384368006917,28.085022150989055,0.4684708723111916,0.4654366010800004,7.006963737292882
Unseen-Parameter OOD,unseen_param_ood_0001,line,Baseline-Ours,0.6543774484955812,29.691205677519065,0.6457443512055151,0.6315297207329422,5.1641233638084545
Unseen-Parameter OOD,unseen_param_ood_0001,line,Ours-PC-P1,0.6688139652922562,29.5964357758902,0.6330194104628605,0.6312432480044663,5.166466961961612
Unseen-Parameter OOD,unseen_param_ood_0001,line,Ours-PC-P2A,0.6870949166144725,29.47932161122417,0.6084793173586116,0.6324308330658823,5.156765317665459
Unseen-Parameter OOD,unseen_param_ood_0002,line,Baseline-Ours,0.626167155646502,28.233172682404707,0.5545830778737466,0.37924556504003704,8.599434473102196
Unseen-Parameter OOD,unseen_param_ood_0002,line,Ours-PC-P1,0.6432552415020383,28.116242466049954,0.5421390671955026,0.37843643804080784,8.61782074332055
Unseen-Parameter OOD,unseen_param_ood_0002,line,Ours-PC-P2A,0.6689808083076064,27.94593892770681,0.5179884872178386,0.3800946371629834,8.580224678039805
Unseen-Parameter OOD,unseen_param_ood_0003,line,Baseline-Ours,0.7922598323451391,25.116482234222563,0.37295946515916834,0.43173878407105803,7.553867074493944
Unseen-Parameter OOD,unseen_param_ood_0003,line,Ours-PC-P1,0.810627599279281,25.016944533764978,0.35601780945311834,0.4309400678612292,7.5678676201132795
Unseen-Parameter OOD,unseen_param_ood_0003,line,Ours-PC-P2A,0.8233387691960555,24.949372864845422,0.3378843120923196,0.4296668330207467,7.590293537083283
Unseen-Parameter OOD,unseen_param_ood_0004,line,Baseline-Ours,0.6972625571875207,29.710359670383788,0.6138722997818506,0.46848746901378036,6.9613332297698785
Unseen-Parameter OOD,unseen_param_ood_0004,line,Ours-PC-P1,0.7231620672881228,29.551966909750146,0.5896216283075943,0.4674177300184965,6.977265037950872
Unseen-Parameter OOD,unseen_param_ood_0004,line,Ours-PC-P2A,0.7301031862134847,29.510480663614604,0.5787759558710848,0.4667042831424624,6.987931123788076
Unseen-Parameter OOD,unseen_param_ood_0005,line,Baseline-Ours,0.8397014258767198,26.12894729148231,0.39871710830400714,0.3500269060023129,9.317276271769993
Unseen-Parameter OOD,unseen_param_ood_0005,line,Ours-PC-P1,0.8290822789320684,26.184220182571828,0.3984458202897406,0.35114194406196475,9.287689610788583
Unseen-Parameter OOD,unseen_param_ood_0005,line,Ours-PC-P2A,0.8361156855943953,26.14753258094541,0.3853385399172657,0.3473906309809536,9.387983137505005
Unseen-Parameter OOD,unseen_param_ood_0006,line,Baseline-Ours,0.6738341911817547,28.325611846654915,0.6179212977085207,3.376665431074798,0.9658337351883688
Unseen-Parameter OOD,unseen_param_ood_0006,line,Ours-PC-P1,0.6881720266678779,28.23417204899898,0.6013166825869031,3.373590216273442,0.9667141462660904
Unseen-Parameter OOD,unseen_param_ood_0006,line,Ours-PC-P2A,0.6969180669355736,28.179324925588478,0.5793194983082065,3.3740565122570843,0.966580545977507
Unseen-Parameter OOD,unseen_param_ood_0007,line,Baseline-Ours,0.6428623527049083,28.69715732971295,0.5881610748533903,0.3051695020403713,10.686839163059531
Unseen-Parameter OOD,unseen_param_ood_0007,line,Ours-PC-P1,0.6588569702844324,28.59042599274161,0.5713475685989992,0.30438549700193107,10.714365230600082
Unseen-Parameter OOD,unseen_param_ood_0007,line,Ours-PC-P2A,0.6872810549733139,28.406993554982304,0.5465223085757561,0.30412424891255796,10.723569059151565
Unseen-Parameter OOD,unseen_param_ood_0008,line,Baseline-Ours,0.8391149746971147,25.377367582990228,0.3365870612307878,0.328776917187497,9.919484049169249
Unseen-Parameter OOD,unseen_param_ood_0008,line,Ours-PC-P1,0.8327093077493052,25.41064809503864,0.34075278715607815,0.32676944113336504,9.980423427799591
Unseen-Parameter OOD,unseen_param_ood_0008,line,Ours-PC-P2A,0.8311944103664908,25.41855600256763,0.34366772529774264,0.3259839799720794,10.004471342597101
Unseen-Parameter OOD,unseen_param_ood_0009,line,Baseline-Ours,0.6472758524125758,29.56497220547986,0.6187166118660196,0.29768237099051476,10.955628225227796
Unseen-Parameter OOD,unseen_param_ood_0009,line,Ours-PC-P1,0.6703768007325536,29.41267646451709,0.6029743860609614,0.2966750271152705,10.99282746339572
Unseen-Parameter OOD,unseen_param_ood_0009,line,Ours-PC-P2A,0.6937425941536969,29.263882619480256,0.5780319649988128,0.29664218705147505,10.99404443512445
Unseen-Parameter OOD,unseen_param_ood_0010,line,Baseline-Ours,0.881251258186684,25.15527597621552,0.32430440862973614,0.39491333975456655,8.25826088276296
Unseen-Parameter OOD,unseen_param_ood_0010,line,Ours-PC-P1,0.8381029305671293,25.373299662772727,0.3637584042337125,0.3943604459054768,8.269838975073345
Unseen-Parameter OOD,unseen_param_ood_0010,line,Ours-PC-P2A,0.8476290690044528,25.32421498951402,0.35187426152534007,0.3942154149990529,8.27288142901325
Unseen-Parameter OOD,unseen_param_ood_0011,line,Baseline-Ours,0.7644628787386044,25.569111599733013,0.41263709170238355,0.36267644283361733,8.992305539052007
Unseen-Parameter OOD,unseen_param_ood_0011,line,Ours-PC-P1,0.7716711896849932,25.528352671327497,0.40622460978991803,0.36218218482099473,9.004577040111132
Unseen-Parameter OOD,unseen_param_ood_0011,line,Ours-PC-P2A,0.7928167852461607,25.410947206996227,0.37804398444063925,0.3621444047894329,9.005516425616685
Unseen-Parameter OOD,unseen_param_ood_0012,line,Baseline-Ours,0.6775604642874085,27.904926953598657,0.5171763592425986,0.3031783108599484,10.75702736295986
Unseen-Parameter OOD,unseen_param_ood_0012,line,Ours-PC-P1,0.6888059353520819,27.83343892291282,0.5073692687842075,0.300775054609403,10.84297828492343
Unseen-Parameter OOD,unseen_param_ood_0012,line,Ours-PC-P2A,0.6804847668960013,27.88622346989712,0.5130590504069059,0.30031373677775264,10.859634396910524
Unseen-Parameter OOD,unseen_param_ood_0013,line,Baseline-Ours,0.7153186039958949,29.591545309937295,0.5937781732454791,0.5629418271128088,5.793311544290133
Unseen-Parameter OOD,unseen_param_ood_0013,line,Ours-PC-P1,0.7060533285215445,29.648165432595885,0.5990895749013821,0.5625019101426005,5.797842330792513
Unseen-Parameter OOD,unseen_param_ood_0013,line,Ours-PC-P2A,0.7167402257344406,29.582922462182054,0.5848293875829114,0.5617352649569511,5.805755111398154
Unseen-Parameter OOD,unseen_param_ood_0014,line,Baseline-Ours,0.7182583503138597,28.589737525107438,0.5166760396936679,0.367821941152215,8.866511267816945
Unseen-Parameter OOD,unseen_param_ood_0014,line,Ours-PC-P1,0.7123600760633021,28.625548876558298,0.5209505532162182,0.3679649429395795,8.863065485865937
Unseen-Parameter OOD,unseen_param_ood_0014,line,Ours-PC-P2A,0.7322643164864484,28.50586577179665,0.5040602504459564,0.3666380930226296,8.895140597338646
Unseen-Parameter OOD,unseen_param_ood_0015,line,Baseline-Ours,0.6711729469957007,28.99795430365927,0.6033560956611067,0.8108385186642408,4.022129327488058
Unseen-Parameter OOD,unseen_param_ood_0015,line,Ours-PC-P1,0.6913554441069613,28.869284889708982,0.5841598988796315,0.8086726118344814,4.032901990309938
Unseen-Parameter OOD,unseen_param_ood_0015,line,Ours-PC-P2A,0.7097691861800235,28.755127375254904,0.5618215483756313,0.8077832506969571,4.0373421743550155
Unseen-Parameter OOD,unseen_param_ood_0016,line,Baseline-Ours,0.6554073757912927,29.326250184578374,0.6340237613887221,0.5981544079259038,5.452266743439944
Unseen-Parameter OOD,unseen_param_ood_0016,line,Ours-PC-P1,0.6602563040325748,29.294237991796415,0.6237491180955879,0.5951849708799273,5.479468644772535
Unseen-Parameter OOD,unseen_param_ood_0016,line,Ours-PC-P2A,0.67247270716234,29.21461681527117,0.6027778682173972,0.593769398983568,5.49253193471944
Unseen-Parameter OOD,unseen_param_ood_0017,line,Baseline-Ours,0.8117438883643837,25.83250665694379,0.3902599642808206,0.43485821108333766,7.499679901758621
Unseen-Parameter OOD,unseen_param_ood_0017,line,Ours-PC-P1,0.8000228575801828,25.89567281926311,0.4025080503502998,0.43273032596334815,7.536558429354555
Unseen-Parameter OOD,unseen_param_ood_0017,line,Ours-PC-P2A,0.8092335014217593,25.845958336727403,0.38753259199123025,0.4333128482103348,7.526426689737449
Unseen-Parameter OOD,unseen_param_ood_0018,line,Baseline-Ours,0.8140609741381214,28.709817963436038,0.4830238919545054,0.3620590949431062,9.007638342268116
Unseen-Parameter OOD,unseen_param_ood_0018,line,Ours-PC-P1,0.7678708021091576,28.963505669706358,0.5114443205425065,0.35962931299582124,9.06849711056315
Unseen-Parameter OOD,unseen_param_ood_0018,line,Ours-PC-P2A,0.7779880667432858,28.906657827638938,0.5037084287339961,0.3595495878253132,9.070507924934441
Unseen-Parameter OOD,unseen_param_ood_0019,line,Baseline-Ours,0.7665158576899422,28.11476498687977,0.4886203398080039,0.4197052929084748,7.770446169921444
Unseen-Parameter OOD,unseen_param_ood_0019,line,Ours-PC-P1,0.7818003401697718,28.02901779201621,0.4750572255521302,0.4177749597001821,7.806349590978117
Unseen-Parameter OOD,unseen_param_ood_0019,line,Ours-PC-P2A,0.7947144322217145,27.95786536691828,0.46637393696663854,0.4170064558275044,7.820735962719623
Unseen-Parameter OOD,unseen_param_ood_0020,line,Baseline-Ours,0.7577687193842146,29.749175401062352,0.5921648052086302,0.2744842399843037,11.881546954983323
Unseen-Parameter OOD,unseen_param_ood_0020,line,Ours-PC-P1,0.7571772022958446,29.75256684395383,0.5881810724319065,0.27176874480210245,12.00026658014423
Unseen-Parameter OOD,unseen_param_ood_0020,line,Ours-PC-P2A,0.7638808652609731,29.71428564778703,0.5758403701746379,0.27192983590066433,11.993157628233792
Unseen-Parameter OOD,unseen_param_ood_0021,line,Baseline-Ours,0.7416577054909302,28.80912643290181,0.5274793784308711,0.3981827381066978,8.190453964135713
Unseen-Parameter OOD,unseen_param_ood_0021,line,Ours-PC-P1,0.7041010447237057,29.034811722860496,0.5605932567990709,0.39570357627235353,8.241768791929596
Unseen-Parameter OOD,unseen_param_ood_0021,line,Ours-PC-P2A,0.7176013048467222,28.952329514773652,0.5458449897334597,0.3952817351091653,8.250564334513813
Unseen-Parameter OOD,unseen_param_ood_0022,line,Baseline-Ours,0.7098359698910939,28.73205770461517,0.5287008925481405,0.6216133029665798,5.246505134642774
Unseen-Parameter OOD,unseen_param_ood_0022,line,Ours-PC-P1,0.7040775890076606,28.767432664960953,0.5306855297137997,0.6176312558818609,5.280330868488672
Unseen-Parameter OOD,unseen_param_ood_0022,line,Ours-PC-P2A,0.7055981146038208,28.7580636859661,0.5282234236595555,0.6172855319455266,5.2832882304849065
Unseen-Parameter OOD,unseen_param_ood_0023,line,Baseline-Ours,0.8711783297603972,24.661055536934434,0.28068735460568717,0.35981386015191674,9.06384591299364
Unseen-Parameter OOD,unseen_param_ood_0023,line,Ours-PC-P1,0.8696020707399728,24.668920490869475,0.28406074208002535,0.35969616612419486,9.066811639716962
Unseen-Parameter OOD,unseen_param_ood_0023,line,Ours-PC-P2A,0.8620887394021671,24.70660656351532,0.2926651317796133,0.3585151450242847,9.096679543497403
Unseen-Parameter OOD,unseen_param_ood_0024,line,Baseline-Ours,0.6198986185989034,30.05529223811889,0.6299782418430131,3.4544386139605194,0.9440889679140464
Unseen-Parameter OOD,unseen_param_ood_0024,line,Ours-PC-P1,0.6244440369191081,30.023563714829976,0.6259533478787748,3.451363051077351,0.944930260164428
Unseen-Parameter OOD,unseen_param_ood_0024,line,Ours-PC-P2A,0.6424620311345964,29.90002414665907,0.6108521819940498,3.4519043527543545,0.9447820833083486
Unseen-Parameter OOD,unseen_param_ood_0025,line,Baseline-Ours,0.7930841940863913,29.53382803738794,0.5992262585248166,3.393129653763026,0.9611472942566734
Unseen-Parameter OOD,unseen_param_ood_0025,line,Ours-PC-P1,0.7899324076612763,29.551121516833135,0.5881884771064722,3.39060347690247,0.9618633992423722
Unseen-Parameter OOD,unseen_param_ood_0025,line,Ours-PC-P2A,0.7862953756696662,29.571163802863524,0.5757765374580914,3.3905568798072636,0.9618766183217089
Unseen-Parameter OOD,unseen_param_ood_0026,line,Baseline-Ours,0.6561704952842051,29.024586763584775,0.5620231466330344,2.2748833501245826,1.4336108203516513
Unseen-Parameter OOD,unseen_param_ood_0026,line,Ours-PC-P1,0.6734519610530149,28.911687599522505,0.5502121046572254,2.274570903973654,1.4338077481246945
Unseen-Parameter OOD,unseen_param_ood_0026,line,Ours-PC-P2A,0.6879237810632697,28.819350556782545,0.5364795328275686,2.2744778911583126,1.4338663824582398
Unseen-Parameter OOD,unseen_param_ood_0027,line,Baseline-Ours,0.6308371980810635,29.960729583959665,0.6360482501790755,0.346758073894307,9.40510872364134
Unseen-Parameter OOD,unseen_param_ood_0027,line,Ours-PC-P1,0.6503904914050884,29.82816030941795,0.6189894701496934,0.34395053214393556,9.48187916863474
Unseen-Parameter OOD,unseen_param_ood_0027,line,Ours-PC-P2A,0.6864760236991742,29.59364884736317,0.588931033536698,0.3434738861396909,9.495037373671096
Unseen-Parameter OOD,unseen_param_ood_0028,line,Baseline-Ours,0.6702816295796904,30.091009186138052,0.6076241002827887,0.29782259301282465,10.950470052606049
Unseen-Parameter OOD,unseen_param_ood_0028,line,Ours-PC-P1,0.6490199472705047,30.231002079194536,0.6220664990169719,0.29679571790620685,10.988357274100053
Unseen-Parameter OOD,unseen_param_ood_0028,line,Ours-PC-P2A,0.6826723545810048,30.01145932804498,0.5990444202313941,0.29563520196825266,11.031492068818775
Unseen-Parameter OOD,unseen_param_ood_0029,line,Baseline-Ours,0.6056789419596565,29.693027443435916,0.6483640790597779,0.3387032370083034,9.628775368617053
Unseen-Parameter OOD,unseen_param_ood_0029,line,Ours-PC-P1,0.6073266015518844,29.681229199575863,0.647037508613218,0.3376392589416355,9.65911782889017
Unseen-Parameter OOD,unseen_param_ood_0029,line,Ours-PC-P2A,0.6393275060302188,29.458218071746018,0.6142855418839301,0.337317219004035,9.66833947998784
Unseen-Parameter OOD,unseen_param_ood_0030,line,Baseline-Ours,0.6393629847698267,30.003660256681766,0.6193498654814534,0.5734330129344016,5.687320597549019
Unseen-Parameter OOD,unseen_param_ood_0030,line,Ours-PC-P1,0.6356800255404049,30.02874929447758,0.6207114652401142,0.5724906250834465,5.696682605590349
Unseen-Parameter OOD,unseen_param_ood_0030,line,Ours-PC-P2A,0.6675857473640371,29.816064339072945,0.5940618476652962,0.5721927818376571,5.699647897169233
Unseen-Parameter OOD,unseen_param_ood_0031,line,Baseline-Ours,0.8199639346530186,26.3828828021929,0.4247906098712372,0.34995013289153576,9.319320323810903
Unseen-Parameter OOD,unseen_param_ood_0031,line,Ours-PC-P1,0.8140638928880276,26.414245248250026,0.4261223904056809,0.3489257269538939,9.346680780025586
Unseen-Parameter OOD,unseen_param_ood_0031,line,Ours-PC-P2A,0.8266564151657052,26.347579888638762,0.4109252556604224,0.348568560089916,9.35625801975697
Unseen-Parameter OOD,unseen_param_ood_0032,line,Baseline-Ours,0.5654304419943907,29.725279932875864,0.65568064305139,0.2780544739216566,11.728987272815125
Unseen-Parameter OOD,unseen_param_ood_0032,line,Ours-PC-P1,0.5834453301501408,29.589070028547233,0.6521590988686091,0.275018627056852,11.858459991156304
Unseen-Parameter OOD,unseen_param_ood_0032,line,Ours-PC-P2A,0.6225015470353438,29.30766743683887,0.6143037852099797,0.275128309847787,11.85373249150808
Unseen-Parameter OOD,unseen_param_ood_0033,line,Baseline-Ours,0.7479380280708914,29.791621681654092,0.6084764222517385,0.4724667218979448,6.90270284576968
Unseen-Parameter OOD,unseen_param_ood_0033,line,Ours-PC-P1,0.7387393803023108,29.845365162063878,0.6028369266622615,0.47032390302047133,6.934151900067184
Unseen-Parameter OOD,unseen_param_ood_0033,line,Ours-PC-P2A,0.7446864995121389,29.810543187719063,0.5913279659377486,0.470102981897071,6.937410549100657
Unseen-Parameter OOD,unseen_param_ood_0034,line,Baseline-Ours,0.5772059428740088,29.244133653331463,0.6138645961256846,0.8649724021088332,3.770406290218344
Unseen-Parameter OOD,unseen_param_ood_0034,line,Ours-PC-P1,0.5919820907020027,29.13435588169647,0.6062534639262445,0.8617632300592959,3.7844471335264718
Unseen-Parameter OOD,unseen_param_ood_0034,line,Ours-PC-P2A,0.6275759103507027,28.880778892225848,0.5745280950724323,0.8614704101346433,3.785733494046176
Unseen-Parameter OOD,unseen_param_ood_0035,line,Baseline-Ours,0.7456870783358588,29.19309994067863,0.5570111586316241,0.28779070917516947,11.332184402768064
Unseen-Parameter OOD,unseen_param_ood_0035,line,Ours-PC-P1,0.7419044635145058,29.21518647876257,0.5532892065251025,0.2864829150494188,11.38391580947798
Unseen-Parameter OOD,unseen_param_ood_0035,line,Ours-PC-P2A,0.751564177701182,29.159005459237207,0.5437875422378625,0.28739840304479003,11.34765312272161
Unseen-Parameter OOD,unseen_param_ood_0036,line,Baseline-Ours,0.6790170682115988,28.940618689295196,0.5614410697534407,2.5410722938831896,1.283433530650401
Unseen-Parameter OOD,unseen_param_ood_0036,line,Ours-PC-P1,0.690204185181782,28.869649657959616,0.5514422037387402,2.5402948148548603,1.2838263364965967
Unseen-Parameter OOD,unseen_param_ood_0036,line,Ours-PC-P2A,0.7072840685582267,28.763486629002998,0.5366385192385147,2.5397855297196656,1.284083773064251
Unseen-Parameter OOD,unseen_param_ood_0037,line,Baseline-Ours,0.6478507017025171,28.47192923118922,0.5899093940780387,0.3434530079830438,9.495614567269783
Unseen-Parameter OOD,unseen_param_ood_0037,line,Ours-PC-P1,0.6304543081437441,28.590142467713104,0.6075732429454921,0.3391306360717863,9.616640429636893
Unseen-Parameter OOD,unseen_param_ood_0037,line,Ours-PC-P2A,0.6696526394851038,28.328182833852306,0.5660407953188478,0.3403036529198289,9.583492148245423
Unseen-Parameter OOD,unseen_param_ood_0038,line,Baseline-Ours,0.8026297589052798,27.333475856572615,0.4244364509102726,2.1642107600346208,1.5069222674617164
Unseen-Parameter OOD,unseen_param_ood_0038,line,Ours-PC-P1,0.7871116102785635,27.41826530011899,0.43395228494166244,2.159484424162656,1.5102203791263693
Unseen-Parameter OOD,unseen_param_ood_0038,line,Ours-PC-P2A,0.7685283562553248,27.52202959525183,0.44950899227614954,2.159348406130448,1.51031550838091
Unseen-Parameter OOD,unseen_param_ood_0039,line,Baseline-Ours,0.7110312957970882,28.591571803307005,0.5796439024575822,0.4532609209418297,7.195187661446247
Unseen-Parameter OOD,unseen_param_ood_0039,line,Ours-PC-P1,0.7298331871206011,28.47822308322355,0.56511690384406,0.45120108709670603,7.228035301868457
Unseen-Parameter OOD,unseen_param_ood_0039,line,Ours-PC-P2A,0.7468670517215991,28.37802611324013,0.54143007671052,0.4510446051135659,7.230542941435409
Unseen-Parameter OOD,unseen_param_ood_0040,line,Baseline-Ours,0.7679728045769567,26.2740876874989,0.43238939536419246,0.572661368874833,5.69498409188003
Unseen-Parameter OOD,unseen_param_ood_0040,line,Ours-PC-P1,0.7699931048110767,26.262677879715454,0.4256327751233778,0.5713103960733861,5.708450971995782
Unseen-Parameter OOD,unseen_param_ood_0040,line,Ours-PC-P2A,0.7849894442412856,26.178907947367044,0.4093691361625539,0.5697367889806628,5.724217654280889
Unseen-Parameter OOD,unseen_param_ood_0041,line,Baseline-Ours,0.778916550796114,29.892578331407233,0.5801840944199973,0.3450255182106048,9.452336750888403
Unseen-Parameter OOD,unseen_param_ood_0041,line,Ours-PC-P1,0.7794923561110109,29.88936906266813,0.573221867350391,0.3440765901468694,9.478405329419033
Unseen-Parameter OOD,unseen_param_ood_0041,line,Ours-PC-P2A,0.7767728502551381,29.904547329072955,0.5725810047508295,0.34401275706477463,9.480164089270508
Unseen-Parameter OOD,unseen_param_ood_0042,line,Baseline-Ours,0.5898669685313154,29.43839637017422,0.610600895723267,0.4096760901156813,7.96067299132716
Unseen-Parameter OOD,unseen_param_ood_0042,line,Ours-PC-P1,0.6018700296095663,29.35091015649221,0.6024006403379067,0.40812527225352824,7.99092241401432
Unseen-Parameter OOD,unseen_param_ood_0042,line,Ours-PC-P2A,0.643944337062422,29.05745383268072,0.5681804359222536,0.40858980105258524,7.9818374745890655
Unseen-Parameter OOD,unseen_param_ood_0043,line,Baseline-Ours,0.6333154460518152,29.45702307400865,0.6365946264225298,0.4310494880191982,7.565946547722528
Unseen-Parameter OOD,unseen_param_ood_0043,line,Ours-PC-P1,0.6675346072244196,29.228486338689997,0.6041532205872603,0.42967187496833503,7.590204469437892
Unseen-Parameter OOD,unseen_param_ood_0043,line,Ours-PC-P2A,0.6862242588550249,29.108563402709585,0.5826296315399435,0.4294494017958641,7.5941365202475035
Unseen-Parameter OOD,unseen_param_ood_0044,line,Baseline-Ours,0.8485534149328244,26.15051298850179,0.3760611713561467,0.2877807901240885,11.33257499352258
Unseen-Parameter OOD,unseen_param_ood_0044,line,Ours-PC-P1,0.8404230268509987,26.1923252884065,0.38236373713919825,0.2872816091403365,11.35226649396578
Unseen-Parameter OOD,unseen_param_ood_0044,line,Ours-PC-P2A,0.8452816495672915,26.16729037388374,0.37486287140626084,0.28809836925938725,11.320082769507557
Unseen-Parameter OOD,unseen_param_ood_0045,line,Baseline-Ours,0.6612198868731838,28.743104407022603,0.5990426121837513,0.9029608808923513,3.6117814788979983
Unseen-Parameter OOD,unseen_param_ood_0045,line,Ours-PC-P1,0.693166013329019,28.5381907713519,0.5711763427365788,0.9003429687581956,3.62228339526501
Unseen-Parameter OOD,unseen_param_ood_0045,line,Ours-PC-P2A,0.7119781068713924,28.421897126553866,0.5477921740869539,0.900267424993217,3.6225873504208903
Unseen-Parameter OOD,unseen_param_ood_0046,line,Baseline-Ours,0.7106699837814059,29.24854087644201,0.5968119812966742,0.4882262528408319,6.679889429951734
Unseen-Parameter OOD,unseen_param_ood_0046,line,Ours-PC-P1,0.7199711010189797,29.19207014632578,0.5837212789038229,0.48841745289973915,6.677274463502608
Unseen-Parameter OOD,unseen_param_ood_0046,line,Ours-PC-P2A,0.740175150587659,29.071875602350836,0.5595090921903276,0.48569382610730827,6.714718636460227
Unseen-Parameter OOD,unseen_param_ood_0047,line,Baseline-Ours,0.7680739790081913,28.04656825569341,0.49687272416981865,0.2748239010106772,11.86686228447689
Unseen-Parameter OOD,unseen_param_ood_0047,line,Ours-PC-P1,0.7749918711033486,28.00762730586883,0.4867407731488085,0.2739926890935749,11.902862797417951
Unseen-Parameter OOD,unseen_param_ood_0047,line,Ours-PC-P2A,0.7789067855655932,27.98574385809106,0.4830355129292318,0.2732450580224395,11.935430449792767
Unseen-Parameter OOD,unseen_param_ood_0048,line,Baseline-Ours,0.6631528728479332,28.711530109784,0.5716120536941289,0.4032956089358777,8.086617641043913
Unseen-Parameter OOD,unseen_param_ood_0048,line,Ours-PC-P1,0.6727489365174661,28.64913639669968,0.5658259054038034,0.39898887393064797,8.173905587009658
Unseen-Parameter OOD,unseen_param_ood_0048,line,Ours-PC-P2A,0.6929368439307291,28.520730102436804,0.5458244382913787,0.39919306989759207,8.16972445592069
Unseen-Parameter OOD,unseen_param_ood_0049,line,Baseline-Ours,0.818031199245444,26.877069012044842,0.4208237754839688,0.7001549920532852,4.657964911758016
Unseen-Parameter OOD,unseen_param_ood_0049,line,Ours-PC-P1,0.8111259433854128,26.91388456387909,0.4233658202653452,0.6973805478774011,4.676496061874311
Unseen-Parameter OOD,unseen_param_ood_0049,line,Ours-PC-P2A,0.8160789918686934,26.88744559895912,0.4162182101456883,0.6971900779753923,4.677773664317014
Unseen-Parameter OOD,unseen_param_ood_0050,line,Baseline-Ours,0.7066402359803599,29.463716261812884,0.5982101081800889,0.3471846398897469,9.393553202158033
Unseen-Parameter OOD,unseen_param_ood_0050,line,Ours-PC-P1,0.7194099835299067,29.38593546097744,0.5792547293852359,0.3442482417449355,9.473679137024655
Unseen-Parameter OOD,unseen_param_ood_0050,line,Ours-PC-P2A,0.7324338524077816,29.30801576611334,0.564368887536571,0.3451740469317883,9.448269401380857
Unseen-Parameter OOD,unseen_param_ood_0051,line,Baseline-Ours,0.8176544764378405,29.132143273170147,0.5127720062964973,0.47666693897917867,6.841878718840353
Unseen-Parameter OOD,unseen_param_ood_0051,line,Ours-PC-P1,0.8114666427708598,29.165134709919,0.5161955471456589,0.4742467838805169,6.876793890073225
Unseen-Parameter OOD,unseen_param_ood_0051,line,Ours-PC-P2A,0.82706851587879,29.08242669573945,0.50569289214233,0.4735157969407737,6.887409896029997
Unseen-Parameter OOD,unseen_param_ood_0052,line,Baseline-Ours,0.8629121996338421,27.313870145513913,0.3904894255534778,0.3532791801262647,9.23150179586242
Unseen-Parameter OOD,unseen_param_ood_0052,line,Ours-PC-P1,0.8254814902239215,27.506462890987088,0.4229010788974138,0.3552037379704416,9.181483856028018
Unseen-Parameter OOD,unseen_param_ood_0052,line,Ours-PC-P2A,0.8370480316404831,27.4460325849229,0.41602044601196303,0.35252517298795283,9.251246820572064
Unseen-Parameter OOD,unseen_param_ood_0053,line,Baseline-Ours,0.6761972542901346,28.659373477543205,0.5862268641586811,0.3368781809695065,9.680939787761503
Unseen-Parameter OOD,unseen_param_ood_0053,line,Ours-PC-P1,0.6812410296586382,28.62709948663309,0.5810128543237979,0.3347799249459058,9.741615738468727
Unseen-Parameter OOD,unseen_param_ood_0053,line,Ours-PC-P2A,0.6984288665763846,28.51888590272232,0.5587391559787867,0.33434953377582133,9.754155625540932
Unseen-Parameter OOD,unseen_param_ood_0054,line,Baseline-Ours,0.75147812710799,28.27750295545765,0.4896502536525514,0.5308724420610815,6.14327873775971
Unseen-Parameter OOD,unseen_param_ood_0054,line,Ours-PC-P1,0.7479050843750658,28.298201491851273,0.4897959981630189,0.5286547818686813,6.169049250341458
Unseen-Parameter OOD,unseen_param_ood_0054,line,Ours-PC-P2A,0.7451070284461657,28.314479684339346,0.49253392616087,0.5273320327978581,6.184523569472911
Unseen-Parameter OOD,unseen_param_ood_0055,line,Baseline-Ours,0.7088116634633433,28.64282882395814,0.581245872228118,0.31461562286131084,10.365974061034038
Unseen-Parameter OOD,unseen_param_ood_0055,line,Ours-PC-P1,0.714688500314722,28.606969203042468,0.5740289812112098,0.31300681084394455,10.419253743978105
Unseen-Parameter OOD,unseen_param_ood_0055,line,Ours-PC-P2A,0.7300711222042072,28.514485496970913,0.550783089891419,0.3130164959002286,10.418931361419133
Unseen-Parameter OOD,unseen_param_ood_0056,line,Baseline-Ours,0.5750511849227534,28.75519645998006,0.6004541494067843,0.27093482320196927,12.037202701497218
Unseen-Parameter OOD,unseen_param_ood_0056,line,Ours-PC-P1,0.6026070505034311,28.551919362897173,0.5813902626204,0.27025286108255386,12.067577648253613
Unseen-Parameter OOD,unseen_param_ood_0056,line,Ours-PC-P2A,0.6278612178228773,28.373625052303865,0.557812812256905,0.2700584221165627,12.076266165729033
Unseen-Parameter OOD,unseen_param_ood_0057,line,Baseline-Ours,0.7649077485721404,29.22794370846381,0.5353635978062962,0.3342986728530377,9.755639643864596
Unseen-Parameter OOD,unseen_param_ood_0057,line,Ours-PC-P1,0.7015122192777263,29.603682048702385,0.582182989669624,0.33355467300862074,9.777399777853292
Unseen-Parameter OOD,unseen_param_ood_0057,line,Ours-PC-P2A,0.7209019599700872,29.485272305525925,0.5638865404171733,0.33333950000815094,9.783711158433576
Unseen-Parameter OOD,unseen_param_ood_0058,line,Baseline-Ours,0.7301134704332778,27.59821212861704,0.4740734192739175,0.5828386200591922,5.595540984304032
Unseen-Parameter OOD,unseen_param_ood_0058,line,Ours-PC-P1,0.7285766236583442,27.607363217849816,0.4737278834103333,0.5802191239781678,5.620802988043411
Unseen-Parameter OOD,unseen_param_ood_0058,line,Ours-PC-P2A,0.7319665751615949,27.587203071080644,0.471205363802183,0.5810204381123185,5.613051059566971
Unseen-Parameter OOD,unseen_param_ood_0059,line,Baseline-Ours,0.8259129657922663,28.29436162801512,0.4666269330179488,0.3051895429380238,10.686137389834165
Unseen-Parameter OOD,unseen_param_ood_0059,line,Ours-PC-P1,0.8175809313237463,28.33839673615194,0.4709595939765588,0.30418974021449685,10.721260301142106
Unseen-Parameter OOD,unseen_param_ood_0059,line,Ours-PC-P2A,0.8060052176656177,28.400325858517714,0.48117954587050976,0.30387507006525993,10.73236243129791
Unseen-Parameter OOD,unseen_param_ood_0060,line,Baseline-Ours,0.8398117832826205,23.696088245226203,0.25067186905039496,0.2850668611936271,11.440464781212262
Unseen-Parameter OOD,unseen_param_ood_0060,line,Ours-PC-P1,0.7979992513668296,23.917883183794174,0.2942871133505733,0.283166078152135,11.517260143089022
Unseen-Parameter OOD,unseen_param_ood_0060,line,Ours-PC-P2A,0.7963398511704791,23.926923583018617,0.2948810861761742,0.28322970820590854,11.514672688944925
Unseen-Parameter OOD,unseen_param_ood_0061,line,Baseline-Ours,0.6563956925457269,29.26858207102693,0.6110482346191874,0.5113348560407758,6.378007185014486
Unseen-Parameter OOD,unseen_param_ood_0061,line,Ours-PC-P1,0.6823141910054088,29.10039505761322,0.589109680479958,0.5071157098282129,6.431071494277294
Unseen-Parameter OOD,unseen_param_ood_0061,line,Ours-PC-P2A,0.7002608456418753,28.987641049093913,0.5683456765482862,0.5070332237519324,6.432117725232175
Unseen-Parameter OOD,unseen_param_ood_0062,line,Baseline-Ours,0.7879515046610289,28.764666525479626,0.5024151590678789,0.3232769360765815,10.088246397521667
Unseen-Parameter OOD,unseen_param_ood_0062,line,Ours-PC-P1,0.7925967796293715,28.73913842504559,0.497572371877879,0.32170604914426804,10.137507188476576
Unseen-Parameter OOD,unseen_param_ood_0062,line,Ours-PC-P2A,0.7839411747382827,28.786826776701552,0.5043313068035096,0.3218133070040494,10.134128436570146
Unseen-Parameter OOD,unseen_param_ood_0063,line,Baseline-Ours,0.7709101020557698,29.49664706314726,0.5959111990075805,0.5384338560979813,6.057006536347785
Unseen-Parameter OOD,unseen_param_ood_0063,line,Ours-PC-P1,0.7810804925057426,29.43972623438895,0.5921366667818894,0.5355784532148391,6.0892990862502
Unseen-Parameter OOD,unseen_param_ood_0063,line,Ours-PC-P2A,0.7819670241305015,29.43479982391477,0.5744576657598955,0.5355293941684067,6.0898569178274515
Unseen-Parameter OOD,unseen_param_ood_0064,line,Baseline-Ours,0.5506339277272164,28.91424739313922,0.6179479318550571,0.2770805689506233,11.770213256482775
Unseen-Parameter OOD,unseen_param_ood_0064,line,Ours-PC-P1,0.5490655126299608,28.92663544917895,0.6247188205458325,0.27489716722629964,11.863699501463632
Unseen-Parameter OOD,unseen_param_ood_0064,line,Ours-PC-P2A,0.5900388482716188,28.614071032673433,0.588135833593828,0.2752045781817287,11.850447428323118
Unseen-Parameter OOD,unseen_param_ood_0065,line,Baseline-Ours,0.6532545863811596,29.4234046184536,0.6137931066414151,0.3079642658121884,10.589856512006213
Unseen-Parameter OOD,unseen_param_ood_0065,line,Ours-PC-P1,0.6797138464355227,29.250968054641014,0.5939326252804129,0.3063521049916744,10.645585039688388
Unseen-Parameter OOD,unseen_param_ood_0065,line,Ours-PC-P2A,0.6968481750764504,29.14284738339417,0.5747127390907482,0.30654108501039445,10.639022125421878
Unseen-Parameter OOD,unseen_param_ood_0066,line,Baseline-Ours,0.7204743270747669,28.36100314547288,0.5525700736773714,0.5458926807623357,5.974246405396084
Unseen-Parameter OOD,unseen_param_ood_0066,line,Ours-PC-P1,0.7144250317439297,28.397621561765344,0.5549450648584935,0.5468097908888012,5.964226391183311
Unseen-Parameter OOD,unseen_param_ood_0066,line,Ours-PC-P2A,0.7297244227734603,28.30559959341472,0.5362445601494306,0.5433840279001743,6.001827838737197
Unseen-Parameter OOD,unseen_param_ood_0067,line,Baseline-Ours,0.6830580645065756,28.940077190165887,0.597061009824578,0.40612266305834055,8.030326013369812
Unseen-Parameter OOD,unseen_param_ood_0067,line,Ours-PC-P1,0.7002012001124973,28.832425174975747,0.5800480690055451,0.4026804962195456,8.098970316154379
Unseen-Parameter OOD,unseen_param_ood_0067,line,Ours-PC-P2A,0.7293739612351707,28.655151183948377,0.5482143939403833,0.40178496995940804,8.117021863973411
Unseen-Parameter OOD,unseen_param_ood_0068,line,Baseline-Ours,0.832461573489519,27.51650235811665,0.41720007718338303,0.22360076196491718,14.585358999304802
Unseen-Parameter OOD,unseen_param_ood_0068,line,Ours-PC-P1,0.8223010116730401,27.569836167539037,0.424499830524982,0.223909392952919,14.56525491300922
Unseen-Parameter OOD,unseen_param_ood_0068,line,Ours-PC-P2A,0.8056399870984324,27.65873423297753,0.439969686951725,0.22187531692907214,14.698784123062094
Unseen-Parameter OOD,unseen_param_ood_0069,line,Baseline-Ours,0.6506694297524608,29.709537259437337,0.6421689647383848,0.4821991592179984,6.7633825638879
Unseen-Parameter OOD,unseen_param_ood_0069,line,Ours-PC-P1,0.6694445307441984,29.58599549635478,0.6290601306718694,0.48071945016272366,6.784201023429499
Unseen-Parameter OOD,unseen_param_ood_0069,line,Ours-PC-P2A,0.686105501625158,29.479232368004578,0.6045378653218304,0.48067179531790316,6.784873623840323
Unseen-Parameter OOD,unseen_param_ood_0070,line,Baseline-Ours,0.7115669489149477,29.24555024356338,0.5963002965498615,0.6221048817969859,5.242359417524534
Unseen-Parameter OOD,unseen_param_ood_0070,line,Ours-PC-P1,0.7117200263111266,29.24461627885101,0.5925597973523832,0.6260378188453615,5.209425513288349
Unseen-Parameter OOD,unseen_param_ood_0070,line,Ours-PC-P2A,0.7292720208435809,29.138812264487278,0.5673705518430351,0.6211230370681733,5.250646315052813
Unseen-Parameter OOD,unseen_param_ood_0071,line,Baseline-Ours,0.693143283813583,28.723528701030165,0.6235803360633803,0.3329465838614851,9.795257088846434
Unseen-Parameter OOD,unseen_param_ood_0071,line,Ours-PC-P1,0.7047999301959813,28.651100326870452,0.617374125432453,0.3319482000079006,9.82471778939845
Unseen-Parameter OOD,unseen_param_ood_0071,line,Ours-PC-P2A,0.7092214852610298,28.623939892505955,0.5993465356413317,0.33171459496952593,9.831636699844411
Unseen-Parameter OOD,unseen_param_ood_0072,line,Baseline-Ours,0.7816946627424156,29.080157744191308,0.5094842965750747,0.3181382541079074,10.251195333052388
Unseen-Parameter OOD,unseen_param_ood_0072,line,Ours-PC-P1,0.7267218315285345,29.39684716808438,0.5493528722966101,0.3171449729707092,10.28330152998396
Unseen-Parameter OOD,unseen_param_ood_0072,line,Ours-PC-P2A,0.7392040879977559,29.322885443714025,0.5410630392030369,0.3169398389291018,10.28995722593888
Unseen-Parameter OOD,unseen_param_ood_0073,line,Baseline-Ours,0.6962539035669347,28.204375790704887,0.5559788301247447,0.5829367819242179,5.594598740211912
Unseen-Parameter OOD,unseen_param_ood_0073,line,Ours-PC-P1,0.7124801243931457,28.10432492990017,0.5403087244817344,0.5806861480232328,5.616282387445436
Unseen-Parameter OOD,unseen_param_ood_0073,line,Ours-PC-P2A,0.7281061458899001,28.010105269005287,0.5207067232948006,0.58078778302297,5.615299565706313
Unseen-Parameter OOD,unseen_param_ood_0074,line,Baseline-Ours,0.6923622046676225,29.74582284453888,0.630321905021089,0.3569505021441728,9.136553573075444
Unseen-Parameter OOD,unseen_param_ood_0074,line,Ours-PC-P1,0.6952194167710116,29.727937524305695,0.6237852778572069,0.35444443207234144,9.20115282022766
Unseen-Parameter OOD,unseen_param_ood_0074,line,Ours-PC-P2A,0.7059807789924369,29.66122782146317,0.6064890444181423,0.3537440630607307,9.219369952271162
Unseen-Parameter OOD,unseen_param_ood_0075,line,Baseline-Ours,0.7136966795023435,29.076997918395705,0.5664233378680381,0.6293903740588576,5.181676619463892
Unseen-Parameter OOD,unseen_param_ood_0075,line,Ours-PC-P1,0.7169270896571083,29.0573850588677,0.5704906853665771,0.6303574731573462,5.173726852862026
Unseen-Parameter OOD,unseen_param_ood_0075,line,Ours-PC-P2A,0.7337205409388139,28.956827938566555,0.5526950175583858,0.6274215099401772,5.197936848048724
Unseen-Parameter OOD,unseen_param_ood_0076,line,Baseline-Ours,0.6434805512524374,28.952421670006018,0.571998059124948,0.33416377287358046,9.759577939079042
Unseen-Parameter OOD,unseen_param_ood_0076,line,Ours-PC-P1,0.6547154646895506,28.877249726152495,0.5630197097068234,0.3327091238461435,9.802248126157656
Unseen-Parameter OOD,unseen_param_ood_0076,line,Ours-PC-P2A,0.6749915736230719,28.744792239534096,0.5465640071224527,0.33225407684221864,9.81567304387102
Unseen-Parameter OOD,unseen_param_ood_0077,line,Baseline-Ours,0.7764876038503145,28.646218745954467,0.5013265551833238,0.3515344080515206,9.277320544105722
Unseen-Parameter OOD,unseen_param_ood_0077,line,Ours-PC-P1,0.7809142062315849,28.62153084835406,0.4967265619429731,0.3505482249893248,9.303420052621094
Unseen-Parameter OOD,unseen_param_ood_0077,line,Ours-PC-P2A,0.7731020150998823,28.665196113151936,0.5035304724890749,0.34991421084851027,9.320277041244095
Unseen-Parameter OOD,unseen_param_ood_0078,line,Baseline-Ours,0.6941419468103653,27.88617499253544,0.504478597093043,0.5227882941253483,6.238275459538997
Unseen-Parameter OOD,unseen_param_ood_0078,line,Ours-PC-P1,0.6916897792937177,27.901544222625112,0.5057466587301116,0.5189143470488489,6.284847209031605
Unseen-Parameter OOD,unseen_param_ood_0078,line,Ours-PC-P2A,0.701823152435946,27.838381056514685,0.4965333947829116,0.5187439660076052,6.286911462076848
Unseen-Parameter OOD,unseen_param_ood_0079,line,Baseline-Ours,0.8780383597222179,26.199006128153798,0.3394573481546304,0.4284897749312222,7.6111440145797955
Unseen-Parameter OOD,unseen_param_ood_0079,line,Ours-PC-P1,0.8516297605685419,26.33163288989598,0.36399799072432876,0.42779468186199665,7.623510819679814
Unseen-Parameter OOD,unseen_param_ood_0079,line,Ours-PC-P2A,0.8507339564881952,26.336203170836324,0.36730907995159634,0.42599329096265137,7.6557482358621165
Unseen-Parameter OOD,unseen_param_ood_0080,line,Baseline-Ours,0.6834799517765942,28.518375461351027,0.559751527446378,0.3020539099816233,10.797070582449438
Unseen-Parameter OOD,unseen_param_ood_0080,line,Ours-PC-P1,0.6980599354259118,28.42670614724439,0.550401607559031,0.30307558411732316,10.760673431595002
Unseen-Parameter OOD,unseen_param_ood_0080,line,Ours-PC-P2A,0.7230857037731955,28.273735458774905,0.5243190848161565,0.30020010098814964,10.863745132134898
Unseen-Parameter OOD,unseen_param_ood_0081,line,Baseline-Ours,0.7690894255644971,25.613142407088038,0.4206621229144004,0.7250683940947056,4.4979169032024275
Unseen-Parameter OOD,unseen_param_ood_0081,line,Ours-PC-P1,0.7722551039501534,25.59530293612728,0.4197690515717227,0.7217599281575531,4.518534845930802
Unseen-Parameter OOD,unseen_param_ood_0081,line,Ours-PC-P2A,0.7910996974214466,25.490598574958767,0.39052678670099816,0.7218751918990165,4.517813359393905
Unseen-Parameter OOD,unseen_param_ood_0082,line,Baseline-Ours,0.7087716070776323,28.934998229411647,0.5355009381990791,0.5480195840355009,5.951059927021053
Unseen-Parameter OOD,unseen_param_ood_0082,line,Ours-PC-P1,0.7081584134745892,28.93875680162139,0.5347093674838375,0.5450660118367523,5.9833071865672975
Unseen-Parameter OOD,unseen_param_ood_0082,line,Ours-PC-P2A,0.7034007106556206,28.968033231500428,0.5379928395230109,0.5449115899391472,5.985002789426115
Unseen-Parameter OOD,unseen_param_ood_0083,line,Baseline-Ours,0.7837748554125613,29.895807249392806,0.6108438905100023,0.3323837670031935,9.811843144990537
Unseen-Parameter OOD,unseen_param_ood_0083,line,Ours-PC-P1,0.775869055235615,29.939836189881333,0.5989955219744705,0.33068884210661054,9.862133130953987
Unseen-Parameter OOD,unseen_param_ood_0083,line,Ours-PC-P2A,0.7774557686094475,29.930963668425687,0.5880797289391112,0.3305412959307432,9.86653536464545
Unseen-Parameter OOD,unseen_param_ood_0084,line,Baseline-Ours,0.7401350793564758,29.30813820531607,0.5659317706364542,0.3892641409765929,8.378108956027683
Unseen-Parameter OOD,unseen_param_ood_0084,line,Ours-PC-P1,0.7077688916909154,29.50233346066172,0.5877745915271456,0.38390331505797803,8.495100870082059
Unseen-Parameter OOD,unseen_param_ood_0084,line,Ours-PC-P2A,0.7381590474083619,29.319748954182856,0.557889552411581,0.38374191289767623,8.498673916409105
Unseen-Parameter OOD,unseen_param_ood_0085,line,Baseline-Ours,0.6922917047289787,29.0307167467331,0.5916862114306621,0.4055178379639983,8.042303150338734
Unseen-Parameter OOD,unseen_param_ood_0085,line,Ours-PC-P1,0.6817119598003346,29.097598742682,0.5984079566826175,0.4037307631224394,8.077901620757501
Unseen-Parameter OOD,unseen_param_ood_0085,line,Ours-PC-P2A,0.6959518022465079,29.007816132057123,0.5786652242632419,0.40358399716205895,8.080839202518833
Unseen-Parameter OOD,unseen_param_ood_0086,line,Baseline-Ours,0.6763785724742369,28.742022848709972,0.5449566072988855,0.4015880739316344,8.12100158714278
Unseen-Parameter OOD,unseen_param_ood_0086,line,Ours-PC-P1,0.6668581632236162,28.80358682492111,0.5524648248108842,0.39984012208878994,8.15650357632744
Unseen-Parameter OOD,unseen_param_ood_0086,line,Ours-PC-P2A,0.6998130703371146,28.594100946716026,0.5251806950792197,0.399903052020818,8.155220044698835
Unseen-Parameter OOD,unseen_param_ood_0087,line,Baseline-Ours,0.7637505695764776,29.81621311980895,0.6301337022897505,0.6392847450915724,5.101478505183572
Unseen-Parameter OOD,unseen_param_ood_0087,line,Ours-PC-P1,0.7577529326308888,29.850452548303544,0.6212046289283657,0.6365062780678272,5.123747397553377
Unseen-Parameter OOD,unseen_param_ood_0087,line,Ours-PC-P2A,0.7535265258766383,29.87474319212099,0.6105312043860278,0.6369577827863395,5.120115451780863
Unseen-Parameter OOD,unseen_param_ood_0088,line,Baseline-Ours,0.8493950438288673,26.341145771230856,0.37491592523970757,0.5588737046346068,5.835481896412824
Unseen-Parameter OOD,unseen_param_ood_0088,line,Ours-PC-P1,0.8323897737031285,26.4289756867594,0.39556769025721394,0.5570075877476484,5.855032242853293
Unseen-Parameter OOD,unseen_param_ood_0088,line,Ours-PC-P2A,0.8314628182191979,26.433814651722976,0.39630618363721515,0.5567465978674591,5.8577769460439715
Unseen-Parameter OOD,unseen_param_ood_0089,line,Baseline-Ours,0.6803859396200802,28.60957940846243,0.5877629279317617,0.31564283394254744,10.33223959194977
Unseen-Parameter OOD,unseen_param_ood_0089,line,Ours-PC-P1,0.7100558504627189,28.42420740882609,0.5612286274214908,0.3133942517451942,10.406372700249843
Unseen-Parameter OOD,unseen_param_ood_0089,line,Ours-PC-P2A,0.7263247581998585,28.32582414447903,0.5390666463131661,0.3131448021158576,10.41466236622953
Unseen-Parameter OOD,unseen_param_ood_0090,line,Baseline-Ours,0.7337575297748993,29.41191029781919,0.5515311217935609,0.7821146070491523,4.169845897752755
Unseen-Parameter OOD,unseen_param_ood_0090,line,Ours-PC-P1,0.7076443777341236,29.569285296969593,0.5673930027185472,0.7794070129748434,4.1843315898950975
Unseen-Parameter OOD,unseen_param_ood_0090,line,Ours-PC-P2A,0.7265236230842057,29.454938639200353,0.5517395454639065,0.7791812259238213,4.185544103568102
Unseen-Parameter OOD,unseen_param_ood_0091,line,Baseline-Ours,0.86322141322832,29.04228731714422,0.5419012872188975,0.35301788081415,9.238334835207286
Unseen-Parameter OOD,unseen_param_ood_0091,line,Ours-PC-P1,0.8396809816067717,29.162366033811992,0.5480476657764568,0.35140782268717885,9.28066245320783
Unseen-Parameter OOD,unseen_param_ood_0091,line,Ours-PC-P2A,0.8428342903215986,29.146087068310184,0.5338910983646126,0.3506563217379153,9.300552089330214
Unseen-Parameter OOD,unseen_param_ood_0092,line,Baseline-Ours,0.7752099440888998,27.609239251439107,0.4509778898961231,0.25427760113961995,12.825736011193872
Unseen-Parameter OOD,unseen_param_ood_0092,line,Ours-PC-P1,0.7512355602530287,27.74567111665359,0.46837339118595955,0.256505856057629,12.714319415162601
Unseen-Parameter OOD,unseen_param_ood_0092,line,Ours-PC-P2A,0.7499166095515868,27.753302763274785,0.47045952240577765,0.2528662751428783,12.89732046685019
Unseen-Parameter OOD,unseen_param_ood_0093,line,Baseline-Ours,0.6881314869036051,28.973653124991866,0.5924475005822664,0.6768271140754223,4.81850877122661
Unseen-Parameter OOD,unseen_param_ood_0093,line,Ours-PC-P1,0.7142792462560644,28.811687226436852,0.5651673602937302,0.6754802132491022,4.828116829787464
Unseen-Parameter OOD,unseen_param_ood_0093,line,Ours-PC-P2A,0.7249851203192438,28.747076666211242,0.5495889300790037,0.6742885271087289,4.836649675414887
Unseen-Parameter OOD,unseen_param_ood_0094,line,Baseline-Ours,0.6895455242668818,28.737810430159318,0.5389598273721393,0.5086072231642902,6.41221209067051
Unseen-Parameter OOD,unseen_param_ood_0094,line,Ours-PC-P1,0.6840721056419199,28.772421038228412,0.5423630150883948,0.5082089931238443,6.417236668186384
Unseen-Parameter OOD,unseen_param_ood_0094,line,Ours-PC-P2A,0.7034167495972257,28.651312857525788,0.5264674490043824,0.5054053121712059,6.452835590045504
Unseen-Parameter OOD,unseen_param_ood_0095,line,Baseline-Ours,0.7917350473483313,24.63832665521921,0.375360100187796,0.41107894689776003,7.933506228883906
Unseen-Parameter OOD,unseen_param_ood_0095,line,Ours-PC-P1,0.7972839660462567,24.607995054121048,0.3698268677543929,0.4098865028936416,7.956586427591311
Unseen-Parameter OOD,unseen_param_ood_0095,line,Ours-PC-P2A,0.8156416562197737,24.509131452831888,0.34081991831096736,0.4097868639510125,7.958521057342345
Unseen-Parameter OOD,unseen_param_ood_0096,line,Baseline-Ours,0.6957980529504498,29.550461823413443,0.6205784037551985,0.37993814097717404,8.583758865031527
Unseen-Parameter OOD,unseen_param_ood_0096,line,Ours-PC-P1,0.716761823937981,29.42154512514541,0.6002739859196767,0.3765425500459969,8.661165611636795
Unseen-Parameter OOD,unseen_param_ood_0096,line,Ours-PC-P2A,0.7270873357296743,29.35942833985264,0.5827399928744399,0.37658395804464817,8.660213256852945
Unseen-Parameter OOD,unseen_param_ood_0097,line,Baseline-Ours,0.667341473235327,29.050241366081153,0.5730716873581116,0.3829642708878964,8.51593120740781
Unseen-Parameter OOD,unseen_param_ood_0097,line,Ours-PC-P1,0.6537689602986781,29.139479478387074,0.5901653249441738,0.3814355470240116,8.55006150114036
Unseen-Parameter OOD,unseen_param_ood_0097,line,Ours-PC-P2A,0.7002376090582688,28.841268045390077,0.548255599449955,0.3812506820540875,8.554207347788402
Unseen-Parameter OOD,unseen_param_ood_0098,line,Baseline-Ours,0.5976580780691084,28.570165210812526,0.5792748354738826,0.3155110399238765,10.336555534041757
Unseen-Parameter OOD,unseen_param_ood_0098,line,Ours-PC-P1,0.6230087469659049,28.389751697584998,0.5604085158141435,0.3133813689928502,10.406800494418743
Unseen-Parameter OOD,unseen_param_ood_0098,line,Ours-PC-P2A,0.6547869810745621,28.173692967766087,0.5318884275844895,0.3132520008366555,10.411098339566589
Unseen-Parameter OOD,unseen_param_ood_0099,line,Baseline-Ours,0.7046751714853865,29.52124471634423,0.6290252807937597,0.4172456299420446,7.816252949681965
Unseen-Parameter OOD,unseen_param_ood_0099,line,Ours-PC-P1,0.7130503161768204,29.469932879483324,0.6127701413378596,0.41640867106616497,7.831963194777503
Unseen-Parameter OOD,unseen_param_ood_0099,line,Ours-PC-P2A,0.726303716300349,29.3899517040939,0.5918873067570988,0.41639107395894825,7.832294181450068
Leave-One-Family-Out Focused OOD,leave_one_family_out_ood_0000,point_cluster,Baseline-Ours,0.9559095687862269,31.47139275083912,0.5856293271741998,0.38184141693636775,4.676049946617017
Leave-One-Family-Out Focused OOD,leave_one_family_out_ood_0000,point_cluster,Ours-PC-P1,0.9419559659246417,31.535255001264627,0.5849212666529774,0.3723794398829341,4.794866058778068
Leave-One-Family-Out Focused OOD,leave_one_family_out_ood_0000,point_cluster,Ours-PC-P2A,0.941531491823253,31.537212345767387,0.5844440002694659,0.3724222779273987,4.794314527095884
Leave-One-Family-Out Focused OOD,leave_one_family_out_ood_0001,point_cluster,Baseline-Ours,0.9749623636394811,31.674131391715758,0.5854088759049287,0.4825542208272964,3.7001221007255327
Leave-One-Family-Out Focused OOD,leave_one_family_out_ood_0001,point_cluster,Ours-PC-P1,0.973289284888778,31.681590493554577,0.5873586432645872,0.48098444496281445,3.7121980886918466
Leave-One-Family-Out Focused OOD,leave_one_family_out_ood_0001,point_cluster,Ours-PC-P2A,0.9684530014495781,31.703224683491854,0.5889752380418021,0.4796260560397059,3.7227117142561057
Leave-One-Family-Out Focused OOD,leave_one_family_out_ood_0002,point_cluster,Baseline-Ours,0.9902768380884489,30.927037658945558,0.541766105607557,0.37687406898476183,4.737682117773038
Leave-One-Family-Out Focused OOD,leave_one_family_out_ood_0002,point_cluster,Ours-PC-P1,0.9825098272699954,30.961235086459723,0.5437690255052428,0.37858348013833165,4.7162901472326695
Leave-One-Family-Out Focused OOD,leave_one_family_out_ood_0002,point_cluster,Ours-PC-P2A,0.9749798718563711,30.994647570609647,0.5472137893027148,0.37574777100235224,4.751883244758599
Leave-One-Family-Out Focused OOD,leave_one_family_out_ood_0003,point_cluster,Baseline-Ours,0.9485861409793245,32.168443604149466,0.6227926294316536,0.4155347018968314,4.2968963341231925
Leave-One-Family-Out Focused OOD,leave_one_family_out_ood_0003,point_cluster,Ours-PC-P1,0.9248780319504031,32.27836640244807,0.6285106414584752,0.4143156879581511,4.30953881104743
Leave-One-Family-Out Focused OOD,leave_one_family_out_ood_0003,point_cluster,Ours-PC-P2A,0.9423661747691919,32.19701432565551,0.6191184826269939,0.4138043618295342,4.314863984002676
Leave-One-Family-Out Focused OOD,leave_one_family_out_ood_0004,point_cluster,Baseline-Ours,1.1607295588422342,30.586181521122974,0.536690511834042,0.47165034990757704,3.785663548498057
Leave-One-Family-Out Focused OOD,leave_one_family_out_ood_0004,point_cluster,Ours-PC-P1,1.1131757669335987,30.767854437955002,0.5442930726526317,0.46882794494740665,3.808453733451763
Leave-One-Family-Out Focused OOD,leave_one_family_out_ood_0004,point_cluster,Ours-PC-P2A,1.0609809772825787,30.97641584970135,0.5588639019106009,0.4697610770817846,3.8008886312448023
Leave-One-Family-Out Focused OOD,leave_one_family_out_ood_0005,point_cluster,Baseline-Ours,1.0543754657108937,30.44380026731549,0.5115064747343638,0.43455033912323415,4.108866974730667
Leave-One-Family-Out Focused OOD,leave_one_family_out_ood_0005,point_cluster,Ours-PC-P1,1.0200350888979923,30.587602067676784,0.5202784982150118,0.4361027250997722,4.094240724758087
Leave-One-Family-Out Focused OOD,leave_one_family_out_ood_0005,point_cluster,Ours-PC-P2A,0.9859860319534203,30.735045446659957,0.5316481704916681,0.4335530260577798,4.118318706057221
Leave-One-Family-Out Focused OOD,leave_one_family_out_ood_0006,point_cluster,Baseline-Ours,0.908314872672874,31.60982477125173,0.5959594665727038,0.3643919392488897,4.899969908670006
Leave-One-Family-Out Focused OOD,leave_one_family_out_ood_0006,point_cluster,Ours-PC-P1,0.9030590425522846,31.635027691034267,0.5976284467273572,0.3631047741509974,4.917339744310173
Leave-One-Family-Out Focused OOD,leave_one_family_out_ood_0006,point_cluster,Ours-PC-P2A,0.9083391106582999,31.609708679759535,0.5933307506330224,0.3629401691723615,4.919569915209699
Leave-One-Family-Out Focused OOD,leave_one_family_out_ood_0007,point_cluster,Baseline-Ours,0.9964101383004172,31.594406669978955,0.5755815038478284,0.5068325949832797,3.522878273723441
Leave-One-Family-Out Focused OOD,leave_one_family_out_ood_0007,point_cluster,Ours-PC-P1,0.9892781447706434,31.625603968454826,0.5769718535977681,0.5064639959018677,3.525442186866582
Leave-One-Family-Out Focused OOD,leave_one_family_out_ood_0007,point_cluster,Ours-PC-P2A,0.9800802715183539,31.666171575615,0.5802729313370603,0.5047913689631969,3.537123744704212
Leave-One-Family-Out Focused OOD,leave_one_family_out_ood_0008,point_cluster,Baseline-Ours,0.9697643691568133,31.281801070851817,0.5703098729100871,0.3191641769371927,5.594329396286956
Leave-One-Family-Out Focused OOD,leave_one_family_out_ood_0008,point_cluster,Ours-PC-P1,0.9669289839811959,31.294517657345185,0.5702260833335586,0.3172194098588079,5.628626375908668
Leave-One-Family-Out Focused OOD,leave_one_family_out_ood_0008,point_cluster,Ours-PC-P2A,0.9719159367159087,31.272176446011215,0.5686348750436707,0.3168627687264234,5.634961609588983
Leave-One-Family-Out Focused OOD,leave_one_family_out_ood_0009,point_cluster,Baseline-Ours,1.0056372621613083,32.02222213744785,0.6028446170899527,0.38623825600370765,4.622818971262983
Leave-One-Family-Out Focused OOD,leave_one_family_out_ood_0009,point_cluster,Ours-PC-P1,0.9732295252488714,32.164482886211516,0.6131025115003867,0.38769954699091613,4.605394953745725
Leave-One-Family-Out Focused OOD,leave_one_family_out_ood_0009,point_cluster,Ours-PC-P2A,0.9705904846444044,32.17627533551176,0.6133596539021281,0.3846460210625082,4.6419550431052246
Leave-One-Family-Out Focused OOD,leave_one_family_out_ood_0010,point_cluster,Baseline-Ours,1.0177139762052796,32.03911287096212,0.6306046654977453,0.3317779351491481,5.381640392929707
Leave-One-Family-Out Focused OOD,leave_one_family_out_ood_0010,point_cluster,Ours-PC-P1,1.026186226590079,32.00310856223113,0.6265455211467329,0.3316627941094339,5.383508699176942
Leave-One-Family-Out Focused OOD,leave_one_family_out_ood_0010,point_cluster,Ours-PC-P2A,1.0160824125735461,32.046080949188735,0.6295147155621622,0.3306467402726412,5.400051837224199
Leave-One-Family-Out Focused OOD,leave_one_family_out_ood_0011,point_cluster,Baseline-Ours,0.9964170203951339,31.617851393481203,0.5866812115027041,0.32775247702375054,5.447737736401857
Leave-One-Family-Out Focused OOD,leave_one_family_out_ood_0011,point_cluster,Ours-PC-P1,0.9870325130979803,31.658948151856848,0.5867820979251257,0.3295203070156276,5.418511391459677
Leave-One-Family-Out Focused OOD,leave_one_family_out_ood_0011,point_cluster,Ours-PC-P2A,0.9727444927388598,31.722275026878783,0.5905288158741824,0.3289051679894328,5.428645430523712
Leave-One-Family-Out Focused OOD,leave_one_family_out_ood_0012,point_cluster,Baseline-Ours,0.9865028379118896,31.051616877593112,0.5498877967713933,0.6003611157648265,2.9740592626603224
Leave-One-Family-Out Focused OOD,leave_one_family_out_ood_0012,point_cluster,Ours-PC-P1,0.977439241355256,31.091702596934642,0.552171717365457,0.5977613928262144,2.986993738152917
Leave-One-Family-Out Focused OOD,leave_one_family_out_ood_0012,point_cluster,Ours-PC-P2A,0.9783593171808792,31.087616186615552,0.5512760280263694,0.5977864677552134,2.9868684448250407
Leave-One-Family-Out Focused OOD,leave_one_family_out_ood_0013,point_cluster,Baseline-Ours,0.9234843039510805,31.616465460425584,0.6005141123830342,0.3341516419313848,5.343410934512504
Leave-One-Family-Out Focused OOD,leave_one_family_out_ood_0013,point_cluster,Ours-PC-P1,0.9153831890217359,31.654731457272064,0.599522178879478,0.3386929149273783,5.271765243935832
Leave-One-Family-Out Focused OOD,leave_one_family_out_ood_0013,point_cluster,Ours-PC-P2A,0.915598750409404,31.653708813188896,0.5967078123063918,0.3337325949687511,5.350120318480291
Leave-One-Family-Out Focused OOD,leave_one_family_out_ood_0014,point_cluster,Baseline-Ours,0.976409251735889,32.32651037756114,0.6299835279277524,0.33498492604121566,5.330119054556455
Leave-One-Family-Out Focused OOD,leave_one_family_out_ood_0014,point_cluster,Ours-PC-P1,0.9518327310510143,32.43722301438382,0.6334841714682412,0.33222719794139266,5.374362930985697
Leave-One-Family-Out Focused OOD,leave_one_family_out_ood_0014,point_cluster,Ours-PC-P2A,0.9399619709370367,32.49172671484122,0.6368402050936501,0.332090956158936,5.376567787130397
Leave-One-Family-Out Focused OOD,leave_one_family_out_ood_0015,point_cluster,Baseline-Ours,1.0321203129085943,30.500794614764466,0.5587322539527895,0.6260582450777292,2.8519862989102327
Leave-One-Family-Out Focused OOD,leave_one_family_out_ood_0015,point_cluster,Ours-PC-P1,0.9977950277385447,30.647684553525334,0.5728094458493549,0.6231769311707467,2.865172710945954
Leave-One-Family-Out Focused OOD,leave_one_family_out_ood_0015,point_cluster,Ours-PC-P2A,0.9824818541792713,30.714852608547005,0.5787871153729988,0.6230424661189318,2.8657910726435696
Leave-One-Family-Out Focused OOD,leave_one_family_out_ood_0016,point_cluster,Baseline-Ours,1.0031139071637523,31.38495212331362,0.5636245350081409,0.47870507603511214,3.7298738339480333
Leave-One-Family-Out Focused OOD,leave_one_family_out_ood_0016,point_cluster,Ours-PC-P1,0.9927775935763286,31.429935111848263,0.5658894085729422,0.4777688810136169,3.7371825755863317
Leave-One-Family-Out Focused OOD,leave_one_family_out_ood_0016,point_cluster,Ours-PC-P2A,0.9873318020345696,31.453823560345437,0.5673591577088866,0.47718244791030884,3.741775384028946
Leave-One-Family-Out Focused OOD,leave_one_family_out_ood_0017,point_cluster,Baseline-Ours,0.983578131271133,30.965451131197792,0.5590483255260604,0.3592931260354817,4.9695065335181
Leave-One-Family-Out Focused OOD,leave_one_family_out_ood_0017,point_cluster,Ours-PC-P1,0.990229692771127,30.93618026678097,0.5518344227856333,0.35752450209110975,4.994089990583242
Leave-One-Family-Out Focused OOD,leave_one_family_out_ood_0017,point_cluster,Ours-PC-P2A,0.9750301188073374,31.003359493932933,0.5518241173093387,0.3575047040358186,4.99436655553091
Leave-One-Family-Out Focused OOD,leave_one_family_out_ood_0018,point_cluster,Baseline-Ours,1.0009520293508165,32.07707803722103,0.6305904915819734,0.3797787257935852,4.70144696375625
Leave-One-Family-Out Focused OOD,leave_one_family_out_ood_0018,point_cluster,Ours-PC-P1,0.9799099081233718,32.16934957323425,0.6284187548664508,0.3786022861022502,4.716055879280272
Leave-One-Family-Out Focused OOD,leave_one_family_out_ood_0018,point_cluster,Ours-PC-P2A,0.9443258894722453,32.32999184968478,0.6363268281481874,0.37847108813002706,4.717690712131863
Leave-One-Family-Out Focused OOD,leave_one_family_out_ood_0019,point_cluster,Baseline-Ours,0.9430721910429513,31.747704355533312,0.6086187072547397,0.4522097760345787,3.948409857342265
Leave-One-Family-Out Focused OOD,leave_one_family_out_ood_0019,point_cluster,Ours-PC-P1,0.9386215211414862,31.768248932407637,0.6063033297948737,0.45106427604332566,3.958437039048436
Leave-One-Family-Out Focused OOD,leave_one_family_out_ood_0019,point_cluster,Ours-PC-P2A,0.9272618782147105,31.82112970077452,0.6080254700217466,0.4508310330566019,3.9604849851968766
Leave-One-Family-Out Focused OOD,leave_one_family_out_ood_0020,point_cluster,Baseline-Ours,0.9174910973814743,32.404829241936504,0.6361576749501655,0.299247883958742,5.9666571862130215
Leave-One-Family-Out Focused OOD,leave_one_family_out_ood_0020,point_cluster,Ours-PC-P1,0.933362859153471,32.330342874018775,0.6299109955087132,0.2970856090541929,6.010084241259106
Leave-One-Family-Out Focused OOD,leave_one_family_out_ood_0020,point_cluster,Ours-PC-P2A,0.9297162515083468,32.34734397786491,0.6287025122183507,0.2979063782840967,5.9935257095392815
Leave-One-Family-Out Focused OOD,leave_one_family_out_ood_0021,point_cluster,Baseline-Ours,0.9686666168771383,32.28743657758051,0.6262476801243012,0.426124399760738,4.190113352542129
Leave-One-Family-Out Focused OOD,leave_one_family_out_ood_0021,point_cluster,Ours-PC-P1,0.9530078463588098,32.358214743922176,0.6300439997935167,0.42442212090827525,4.206919124433071
Leave-One-Family-Out Focused OOD,leave_one_family_out_ood_0021,point_cluster,Ours-PC-P2A,0.9505028730753566,32.369645409430646,0.6298483135899711,0.42430282081477344,4.20810197267324
Leave-One-Family-Out Focused OOD,leave_one_family_out_ood_0022,point_cluster,Baseline-Ours,1.0156613447596214,31.459734800672422,0.5658516178651642,0.47790733305737376,3.7360998958915626
Leave-One-Family-Out Focused OOD,leave_one_family_out_ood_0022,point_cluster,Ours-PC-P1,0.9851053808960449,31.592397121091498,0.5760935123948413,0.4789553068112582,3.7279251568770775
Leave-One-Family-Out Focused OOD,leave_one_family_out_ood_0022,point_cluster,Ours-PC-P2A,0.9826227155737062,31.603356213488155,0.5766319828609502,0.4759597219526768,3.7513878904631266
Leave-One-Family-Out Focused OOD,leave_one_family_out_ood_0023,point_cluster,Baseline-Ours,1.0410242810377641,31.79063522088365,0.5860620157231394,0.33988631912507117,5.253255093872836
Leave-One-Family-Out Focused OOD,leave_one_family_out_ood_0023,point_cluster,Ours-PC-P1,1.0433984775811924,31.780742023316385,0.581762017155876,0.3339522809255868,5.346600814741331
Leave-One-Family-Out Focused OOD,leave_one_family_out_ood_0023,point_cluster,Ours-PC-P2A,1.0241320065858954,31.861684593605112,0.5872037709539909,0.3334359931759536,5.35487941860931
Leave-One-Family-Out Focused OOD,leave_one_family_out_ood_0024,point_cluster,Baseline-Ours,1.0150832861466959,30.6164186652633,0.5403982219527168,0.4283359539695084,4.168479252639558
Leave-One-Family-Out Focused OOD,leave_one_family_out_ood_0024,point_cluster,Ours-PC-P1,1.0040655222662642,30.663814966368108,0.5383632076805682,0.4262868317309767,4.188516755329371
Leave-One-Family-Out Focused OOD,leave_one_family_out_ood_0024,point_cluster,Ours-PC-P2A,0.973635361698556,30.79747202434076,0.5462065405544995,0.42534181475639343,4.197822728301674
Leave-One-Family-Out Focused OOD,leave_one_family_out_ood_0025,point_cluster,Baseline-Ours,0.9935606082163584,31.55834661704108,0.581594910156067,0.48934823204763234,3.6487503588398984
Leave-One-Family-Out Focused OOD,leave_one_family_out_ood_0025,point_cluster,Ours-PC-P1,0.9753764064028269,31.638567925438164,0.5857891849914946,0.48665117286145687,3.6689720211355152
Leave-One-Family-Out Focused OOD,leave_one_family_out_ood_0025,point_cluster,Ours-PC-P2A,0.9659074918596466,31.680934876740878,0.5881500307330841,0.4887509639374912,3.653209239521472
Leave-One-Family-Out Focused OOD,leave_one_family_out_ood_0026,point_cluster,Baseline-Ours,0.9482227019858914,30.645114810209773,0.5368458464653938,0.29955830005928874,5.960474261364413
Leave-One-Family-Out Focused OOD,leave_one_family_out_ood_0026,point_cluster,Ours-PC-P1,0.9289310743017171,30.7343834974806,0.5452899339895734,0.2964891579467803,6.022174806142377
Leave-One-Family-Out Focused OOD,leave_one_family_out_ood_0026,point_cluster,Ours-PC-P2A,0.9298835018003555,30.72993300530324,0.5427585727033877,0.2960902738850564,6.030287701968257
Leave-One-Family-Out Focused OOD,leave_one_family_out_ood_0027,point_cluster,Baseline-Ours,1.0550136003978188,31.013241794204554,0.5576924594374082,0.42858131718821824,4.166092794234737
Leave-One-Family-Out Focused OOD,leave_one_family_out_ood_0027,point_cluster,Ours-PC-P1,1.073703808001026,30.936977522959907,0.5500929080155709,0.4260120582766831,4.191218306130267
Leave-One-Family-Out Focused OOD,leave_one_family_out_ood_0027,point_cluster,Ours-PC-P2A,1.0522314835884332,31.024709539007386,0.55274050691966,0.4259349019266665,4.191977528032866
Leave-One-Family-Out Focused OOD,leave_one_family_out_ood_0028,point_cluster,Baseline-Ours,0.9753225580867748,32.89211252475,0.6540424456540262,0.38376523507758975,4.652608871464018
Leave-One-Family-Out Focused OOD,leave_one_family_out_ood_0028,point_cluster,Ours-PC-P1,0.9751995902642718,32.8926601686536,0.6500581757668591,0.3842537289019674,4.646694105958815
Leave-One-Family-Out Focused OOD,leave_one_family_out_ood_0028,point_cluster,Ours-PC-P2A,0.9694558536348952,32.91831478710398,0.650196135390614,0.3821605290286243,4.672145346406854
Leave-One-Family-Out Focused OOD,leave_one_family_out_ood_0029,point_cluster,Baseline-Ours,0.8522655387276551,32.26367974172588,0.6395806427146288,0.2941807247698307,6.069430751040759
Leave-One-Family-Out Focused OOD,leave_one_family_out_ood_0029,point_cluster,Ours-PC-P1,0.8526812193548658,32.26156225256918,0.6413821453928061,0.29292769683524966,6.095393356694729
Leave-One-Family-Out Focused OOD,leave_one_family_out_ood_0029,point_cluster,Ours-PC-P2A,0.864380552094765,32.20237938837977,0.6331074557087802,0.2928499218542129,6.097012169155826
Leave-One-Family-Out Focused OOD,leave_one_family_out_ood_0030,point_cluster,Baseline-Ours,0.9428768670592469,31.513643249428934,0.5945723673392608,0.2962325247935951,6.027391956793238
Leave-One-Family-Out Focused OOD,leave_one_family_out_ood_0030,point_cluster,Ours-PC-P1,0.946141867706735,31.49863044798613,0.5864334745704709,0.2958220827858895,6.035754736314892
Leave-One-Family-Out Focused OOD,leave_one_family_out_ood_0030,point_cluster,Ours-PC-P2A,0.9506389858072386,31.47803704639459,0.5812153201993905,0.2928377699572593,6.097265177036657
Leave-One-Family-Out Focused OOD,leave_one_family_out_ood_0031,point_cluster,Baseline-Ours,0.9208055670892057,32.64744031618935,0.6514419473945313,0.32997607602737844,5.4110272440882135
Leave-One-Family-Out Focused OOD,leave_one_family_out_ood_0031,point_cluster,Ours-PC-P1,0.917836361632576,32.66146681335173,0.6472153241793487,0.327266160864383,5.4558330521112826
Leave-One-Family-Out Focused OOD,leave_one_family_out_ood_0031,point_cluster,Ours-PC-P2A,0.9149594782190728,32.67510112801707,0.6459815945383506,0.32730212807655334,5.455233510928631
Leave-One-Family-Out Focused OOD,leave_one_family_out_ood_0032,point_cluster,Baseline-Ours,0.9902129891737397,32.15424481725842,0.6147197555125326,0.4078241300303489,4.378136078285992
Leave-One-Family-Out Focused OOD,leave_one_family_out_ood_0032,point_cluster,Ours-PC-P1,0.97343104152684,32.22847945099677,0.6147810246141502,0.40705134510062635,4.386447947592647
Leave-One-Family-Out Focused OOD,leave_one_family_out_ood_0032,point_cluster,Ours-PC-P2A,0.960369017300672,32.287149784559034,0.6188576821847395,0.40686799702234566,4.38842462505943
Leave-One-Family-Out Focused OOD,leave_one_family_out_ood_0033,point_cluster,Baseline-Ours,0.9708371942076343,31.64863541370528,0.5961792187229167,0.47713058022782207,3.742182143154431
Leave-One-Family-Out Focused OOD,leave_one_family_out_ood_0033,point_cluster,Ours-PC-P1,0.9508065617486839,31.73917777833102,0.5987900022940431,0.4747731061652303,3.7607638556091176
Leave-One-Family-Out Focused OOD,leave_one_family_out_ood_0033,point_cluster,Ours-PC-P2A,0.9479397003617847,31.75229237313975,0.5978832934795303,0.4746391070075333,3.761825586894022
Leave-One-Family-Out Focused OOD,leave_one_family_out_ood_0034,point_cluster,Baseline-Ours,1.0136527201205037,31.995336397666666,0.5983358870634615,0.35752947302535176,4.9940205549288
Leave-One-Family-Out Focused OOD,leave_one_family_out_ood_0034,point_cluster,Ours-PC-P1,0.9910659869477698,32.09320268930333,0.6034304395067652,0.3569535771384835,5.002077725610698
Leave-One-Family-Out Focused OOD,leave_one_family_out_ood_0034,point_cluster,Ours-PC-P2A,0.9745430945979958,32.16621801372347,0.6100309184358483,0.356031933799386,5.01502637200952
Leave-One-Family-Out Focused OOD,leave_one_family_out_ood_0035,point_cluster,Baseline-Ours,0.9813375885948993,31.29806486014864,0.5631080673640452,0.31897484115324914,5.5976500554902175
Leave-One-Family-Out Focused OOD,leave_one_family_out_ood_0035,point_cluster,Ours-PC-P1,0.9841866312340521,31.285474523351454,0.559509787157321,0.31845764024183154,5.606741090983346
Leave-One-Family-Out Focused OOD,leave_one_family_out_ood_0035,point_cluster,Ours-PC-P2A,0.98079710025853,31.300457305564528,0.5629461164509117,0.3154453239403665,5.660282152792384
Leave-One-Family-Out Focused OOD,leave_one_family_out_ood_0036,point_cluster,Baseline-Ours,0.9150335437525638,32.12443854608465,0.6246712932078109,0.36572880088351667,4.8820588724981135
Leave-One-Family-Out Focused OOD,leave_one_family_out_ood_0036,point_cluster,Ours-PC-P1,0.9112442867722701,32.14246061818272,0.6246343046921912,0.364179790019989,4.902824336252887
Leave-One-Family-Out Focused OOD,leave_one_family_out_ood_0036,point_cluster,Ours-PC-P2A,0.9138029232204228,32.130283464053136,0.6209903437331465,0.36432932899333537,4.900811972000559
Leave-One-Family-Out Focused OOD,leave_one_family_out_ood_0037,point_cluster,Baseline-Ours,0.9471365941265361,31.239447444719435,0.5758221943958834,0.40583398821763694,4.399605723323379
Leave-One-Family-Out Focused OOD,leave_one_family_out_ood_0037,point_cluster,Ours-PC-P1,0.9570891996905443,31.194049480595524,0.5699545628176762,0.4038710210006684,4.420989485349862
Leave-One-Family-Out Focused OOD,leave_one_family_out_ood_0037,point_cluster,Ours-PC-P2A,0.9512886269520023,31.22045053965937,0.5717636029427285,0.40365944686345756,4.423306703597198
Leave-One-Family-Out Focused OOD,leave_one_family_out_ood_0038,point_cluster,Baseline-Ours,0.9958470524467657,31.53386782289434,0.5786063654915621,0.3764253119006753,4.743330166257784
Leave-One-Family-Out Focused OOD,leave_one_family_out_ood_0038,point_cluster,Ours-PC-P1,0.9773084737420397,31.61547745530607,0.5820977160833632,0.37360152788460255,4.779181571850996
Leave-One-Family-Out Focused OOD,leave_one_family_out_ood_0038,point_cluster,Ours-PC-P2A,0.9754972866912791,31.6235332777342,0.5814721362311592,0.3734390949830413,4.781260348123307
Leave-One-Family-Out Focused OOD,leave_one_family_out_ood_0039,point_cluster,Baseline-Ours,0.9769169303036426,31.02494255109052,0.5623457914262039,0.5071291599888355,3.5208181231794615
Leave-One-Family-Out Focused OOD,leave_one_family_out_ood_0039,point_cluster,Ours-PC-P1,0.9673973240517203,31.06747012973667,0.5638680302974912,0.5036183439660817,3.54536239331608
Leave-One-Family-Out Focused OOD,leave_one_family_out_ood_0039,point_cluster,Ours-PC-P2A,0.9587540049024799,31.106447288989052,0.5646022956608311,0.5034805741161108,3.5463325281537097
Leave-One-Family-Out Focused OOD,leave_one_family_out_ood_0040,point_cluster,Baseline-Ours,0.8863601975798878,32.3875271501711,0.6356744120747568,0.28122524288482964,6.349037230675233
Leave-One-Family-Out Focused OOD,leave_one_family_out_ood_0040,point_cluster,Ours-PC-P1,0.8666415089620578,32.4852346768934,0.6437149676029041,0.27928602509200573,6.393121663331578
Leave-One-Family-Out Focused OOD,leave_one_family_out_ood_0040,point_cluster,Ours-PC-P2A,0.8733264899290156,32.45186325522535,0.6397488504315376,0.27923348103649914,6.394324672864287
Leave-One-Family-Out Focused OOD,leave_one_family_out_ood_0041,point_cluster,Baseline-Ours,1.0625572620970065,32.1105515802182,0.6005740423648699,0.3601940628141165,4.9570765362751334
Leave-One-Family-Out Focused OOD,leave_one_family_out_ood_0041,point_cluster,Ours-PC-P1,1.0321873763590266,32.236489680980085,0.6057220924702637,0.35818306682631373,4.984907726381377
Leave-One-Family-Out Focused OOD,leave_one_family_out_ood_0041,point_cluster,Ours-PC-P2A,1.0066806574474028,32.34515755636541,0.6142522129131792,0.3577541299164295,4.990884487339277
Leave-One-Family-Out Focused OOD,leave_one_family_out_ood_0042,point_cluster,Baseline-Ours,1.0719961109450495,30.61767308304153,0.5258305928451988,0.4525018942076713,3.945860912710404
Leave-One-Family-Out Focused OOD,leave_one_family_out_ood_0042,point_cluster,Ours-PC-P1,1.0156754078323103,30.85205579253103,0.5393120965312688,0.4496766831725836,3.9706518129520165
Leave-One-Family-Out Focused OOD,leave_one_family_out_ood_0042,point_cluster,Ours-PC-P2A,0.9958771721618626,30.93754717090791,0.5436178527090009,0.4494833410717547,3.972359760929233
Leave-One-Family-Out Focused OOD,leave_one_family_out_ood_0043,point_cluster,Baseline-Ours,0.9259789401244799,31.99816246546242,0.6186464024406807,0.3374619160313159,5.290995672281361
Leave-One-Family-Out Focused OOD,leave_one_family_out_ood_0043,point_cluster,Ours-PC-P1,0.9243476852858193,32.00581998007438,0.6162750934043872,0.3346818669233471,5.334945552011061
Leave-One-Family-Out Focused OOD,leave_one_family_out_ood_0043,point_cluster,Ours-PC-P2A,0.9228564922808151,32.01283196108526,0.6140425192620071,0.3345607740338892,5.336876513504856
Leave-One-Family-Out Focused OOD,leave_one_family_out_ood_0044,point_cluster,Baseline-Ours,1.0585944319598835,31.938114658205706,0.603414301878217,0.37239873595535755,4.794617609807118
Leave-One-Family-Out Focused OOD,leave_one_family_out_ood_0044,point_cluster,Ours-PC-P1,1.0040312412351338,32.16793842622896,0.6142941128625113,0.37036346294917166,4.820965661849074
Leave-One-Family-Out Focused OOD,leave_one_family_out_ood_0044,point_cluster,Ours-PC-P2A,0.9728868817436747,32.30478721194853,0.6215208160789464,0.37044079904444516,4.819959199654044
Leave-One-Family-Out Focused OOD,leave_one_family_out_ood_0045,point_cluster,Baseline-Ours,1.0242092745963445,30.278600906934408,0.5576907780743868,0.3314876267686486,5.3863534958654995
Leave-One-Family-Out Focused OOD,leave_one_family_out_ood_0045,point_cluster,Ours-PC-P1,1.0122739385534767,30.32950728229964,0.5566692270587027,0.3279489348642528,5.444474268594714
Leave-One-Family-Out Focused OOD,leave_one_family_out_ood_0045,point_cluster,Ours-PC-P2A,0.9863526910938923,30.44216563555884,0.5603811725916876,0.327782642794773,5.447236382188145
Leave-One-Family-Out Focused OOD,leave_one_family_out_ood_0046,point_cluster,Baseline-Ours,1.037096177561507,31.400609669372557,0.5608371786055892,0.40507590607739985,4.407839396254544
Leave-One-Family-Out Focused OOD,leave_one_family_out_ood_0046,point_cluster,Ours-PC-P1,1.0048809590246326,31.53765391442702,0.5721371099147852,0.40276510803960264,4.433128644067909
Leave-One-Family-Out Focused OOD,leave_one_family_out_ood_0046,point_cluster,Ours-PC-P2A,0.9878689672644321,31.611806495773784,0.5773499458635832,0.4035677060019225,4.4243122299606465
Leave-One-Family-Out Focused OOD,leave_one_family_out_ood_0047,point_cluster,Baseline-Ours,1.0038031591332781,30.791866352160916,0.5385573761376705,0.37858974607661366,4.716212089167735
Leave-One-Family-Out Focused OOD,leave_one_family_out_ood_0047,point_cluster,Ours-PC-P1,0.9775761030706297,30.906845882166035,0.5441197452115251,0.37719628401100636,4.733635014361298
Leave-One-Family-Out Focused OOD,leave_one_family_out_ood_0047,point_cluster,Ours-PC-P2A,0.9733568617412943,30.925630885420045,0.5444368115826493,0.37713652988895774,4.734385019152574
Leave-One-Family-Out Focused OOD,leave_one_family_out_ood_0048,point_cluster,Baseline-Ours,0.9553568991234637,32.245044138005674,0.6249580522696683,0.3297211891040206,5.415210172368313
Leave-One-Family-Out Focused OOD,leave_one_family_out_ood_0048,point_cluster,Ours-PC-P1,0.9553728138400341,32.24497165079997,0.6229889061516348,0.3295213801320642,5.4184937455830005
Leave-One-Family-Out Focused OOD,leave_one_family_out_ood_0048,point_cluster,Ours-PC-P2A,0.9440196529065533,32.29689036679397,0.6264748066921522,0.32660345430485904,5.466903407625424
Leave-One-Family-Out Focused OOD,leave_one_family_out_ood_0049,point_cluster,Baseline-Ours,1.014045640214856,31.402249580946947,0.5602645784050116,0.3730499017983675,4.786248511724664
Leave-One-Family-Out Focused OOD,leave_one_family_out_ood_0049,point_cluster,Ours-PC-P1,1.0125522474897668,31.40865004058403,0.562254636722648,0.3719993887934834,4.799764706798213
Leave-One-Family-Out Focused OOD,leave_one_family_out_ood_0049,point_cluster,Ours-PC-P2A,1.0045129309819085,31.44326946784941,0.5655107783998853,0.3710670529399067,4.811824502162489
Leave-One-Family-Out Focused OOD,leave_one_family_out_ood_0050,point_cluster,Baseline-Ours,0.9252551620348829,33.14972560573877,0.6689181538997728,0.2757014299277216,6.476243296052403
Leave-One-Family-Out Focused OOD,leave_one_family_out_ood_0050,point_cluster,Ours-PC-P1,0.9116094771154409,33.214252418278974,0.672047694137449,0.27713399194180965,6.4427662762364255
Leave-One-Family-Out Focused OOD,leave_one_family_out_ood_0050,point_cluster,Ours-PC-P2A,0.911270157484258,33.21586942846699,0.6718331533998677,0.27462831092998385,6.501549425968257
Leave-One-Family-Out Focused OOD,leave_one_family_out_ood_0051,point_cluster,Baseline-Ours,0.9202379820552403,31.93212072990814,0.6271023835454583,0.5108524919487536,3.4951567535087658
Leave-One-Family-Out Focused OOD,leave_one_family_out_ood_0051,point_cluster,Ours-PC-P1,0.9338089494624225,31.86854199930431,0.625172895230459,0.5092450929805636,3.506188988157056
Leave-One-Family-Out Focused OOD,leave_one_family_out_ood_0051,point_cluster,Ours-PC-P2A,0.9198382176055679,31.93400744061768,0.6253608483219456,0.5087231730576605,3.509786130931945
Leave-One-Family-Out Focused OOD,leave_one_family_out_ood_0052,point_cluster,Baseline-Ours,0.9060550792312461,30.770211439483827,0.5630186679090354,0.4720327090471983,3.7825970596095626
Leave-One-Family-Out Focused OOD,leave_one_family_out_ood_0052,point_cluster,Ours-PC-P1,0.924614172888597,30.682151991734862,0.5464271404390904,0.4702126339543611,3.797238543477269
Leave-One-Family-Out Focused OOD,leave_one_family_out_ood_0052,point_cluster,Ours-PC-P2A,0.9287101375797092,30.66295558037114,0.5417983279186188,0.4700600169599056,3.798471413989175
Leave-One-Family-Out Focused OOD,leave_one_family_out_ood_0053,point_cluster,Baseline-Ours,1.0064567617433184,31.40665151320823,0.5871965677327625,0.3124449362512678,5.714637461256738
Leave-One-Family-Out Focused OOD,leave_one_family_out_ood_0053,point_cluster,Ours-PC-P1,1.0046677333410772,31.414378137093504,0.5804803808131456,0.31001207302324474,5.759483880318399
Leave-One-Family-Out Focused OOD,leave_one_family_out_ood_0053,point_cluster,Ours-PC-P2A,0.9635134020825112,31.596025015797807,0.5903214036173515,0.3100835101213306,5.758157009325738
Leave-One-Family-Out Focused OOD,leave_one_family_out_ood_0054,point_cluster,Baseline-Ours,0.9327388434293356,32.532097140032306,0.6371579031415371,0.3949268439318985,4.521114643676547
Leave-One-Family-Out Focused OOD,leave_one_family_out_ood_0054,point_cluster,Ours-PC-P1,0.9219010089812149,32.58285461542163,0.6402401067062029,0.3923741611652076,4.550527822676087
Leave-One-Family-Out Focused OOD,leave_one_family_out_ood_0054,point_cluster,Ours-PC-P2A,0.9206720017594503,32.58864822447002,0.6396385708876525,0.39222682104445994,4.55223722979178
Leave-One-Family-Out Focused OOD,leave_one_family_out_ood_0055,point_cluster,Baseline-Ours,0.9490954229983577,31.462546168917633,0.5855705692876617,0.3437039079144597,5.194906127531847
Leave-One-Family-Out Focused OOD,leave_one_family_out_ood_0055,point_cluster,Ours-PC-P1,0.9496255854066703,31.460120795947898,0.579466703519065,0.3434228419791907,5.19915777002876
Leave-One-Family-Out Focused OOD,leave_one_family_out_ood_0055,point_cluster,Ours-PC-P2A,0.9442981042154247,31.484553465671915,0.5795994360158115,0.34235445503145456,5.215382802941533
Leave-One-Family-Out Focused OOD,leave_one_family_out_ood_0056,point_cluster,Baseline-Ours,0.9734768451710598,31.09470955357669,0.5964891956455429,0.31051899725571275,5.750081486354599
Leave-One-Family-Out Focused OOD,leave_one_family_out_ood_0056,point_cluster,Ours-PC-P1,0.9761327447398664,31.082876869797,0.5953819559021258,0.30919045698828995,5.7747886356954785
Leave-One-Family-Out Focused OOD,leave_one_family_out_ood_0056,point_cluster,Ours-PC-P2A,0.9701220999025642,31.109701803113232,0.5985313726648527,0.31099371518939734,5.741304245309526
Leave-One-Family-Out Focused OOD,leave_one_family_out_ood_0057,point_cluster,Baseline-Ours,0.9595070030992836,31.130118626400666,0.5762389930490548,0.46636132593266666,3.8285969225914345
Leave-One-Family-Out Focused OOD,leave_one_family_out_ood_0057,point_cluster,Ours-PC-P1,0.9417324443806272,31.21132494458971,0.5760186585278877,0.46638614404946566,3.8283931889110634
Leave-One-Family-Out Focused OOD,leave_one_family_out_ood_0057,point_cluster,Ours-PC-P2A,0.9303854613397937,31.26397095866934,0.5757336485062151,0.46496533998288214,3.840091688010987
Leave-One-Family-Out Focused OOD,leave_one_family_out_ood_0058,point_cluster,Baseline-Ours,0.9249697132470707,31.476349093996298,0.5848353431125394,0.36039222101680934,4.954350935333283
Leave-One-Family-Out Focused OOD,leave_one_family_out_ood_0058,point_cluster,Ours-PC-P1,0.9202923664473012,31.498365943838667,0.5857336545696331,0.35932242893613875,4.969101268094794
Leave-One-Family-Out Focused OOD,leave_one_family_out_ood_0058,point_cluster,Ours-PC-P2A,0.9205369195381814,31.497212094610244,0.5861638933949305,0.3591787389013916,4.971089165084628
Leave-One-Family-Out Focused OOD,leave_one_family_out_ood_0059,point_cluster,Baseline-Ours,0.9948942728796374,31.896672958204174,0.5940867671750597,0.2996526509523392,5.958597501496691
Leave-One-Family-Out Focused OOD,leave_one_family_out_ood_0059,point_cluster,Ours-PC-P1,0.9733705956769073,31.99165993826987,0.6011777385425513,0.2982770630624145,5.986077236209914
Leave-One-Family-Out Focused OOD,leave_one_family_out_ood_0059,point_cluster,Ours-PC-P2A,0.97826940419541,31.969857675718465,0.600847044452694,0.29817439895123243,5.988138296116748
Leave-One-Family-Out Focused OOD,leave_one_family_out_ood_0060,point_cluster,Baseline-Ours,1.0264558453818688,32.39229787229574,0.6212397851860443,0.5220540561713278,3.420162177028464
Leave-One-Family-Out Focused OOD,leave_one_family_out_ood_0060,point_cluster,Ours-PC-P1,0.9793216434782137,32.596447128526854,0.6334832305111395,0.5194500524085015,3.437307454302311
Leave-One-Family-Out Focused OOD,leave_one_family_out_ood_0060,point_cluster,Ours-PC-P2A,0.9651371731343866,32.659810360850116,0.6371565380224584,0.5193534891586751,3.4379465519215024
Leave-One-Family-Out Focused OOD,leave_one_family_out_ood_0061,point_cluster,Baseline-Ours,0.962732844201783,31.39346593400279,0.5818078451141252,0.4371977890841663,4.083985742521069
Leave-One-Family-Out Focused OOD,leave_one_family_out_ood_0061,point_cluster,Ours-PC-P1,0.9555813357189391,31.425847152802824,0.5831261958319213,0.43587718112394214,4.096359283313244
Leave-One-Family-Out Focused OOD,leave_one_family_out_ood_0061,point_cluster,Ours-PC-P2A,0.9484791681865484,31.458245979893768,0.5868076272225836,0.43584420112892985,4.096669251665197
Leave-One-Family-Out Focused OOD,leave_one_family_out_ood_0062,point_cluster,Baseline-Ours,0.920380808973116,31.322642428278908,0.6001793458183038,0.33209101506508887,5.376566833437255
Leave-One-Family-Out Focused OOD,leave_one_family_out_ood_0062,point_cluster,Ours-PC-P1,0.9265874219175536,31.293453981080805,0.5966465630362349,0.32983851805329323,5.4132838936445165
Leave-One-Family-Out Focused OOD,leave_one_family_out_ood_0062,point_cluster,Ours-PC-P2A,0.9154837413675766,31.345811656668943,0.5981483635163444,0.3298873489256948,5.412482603822567
Leave-One-Family-Out Focused OOD,leave_one_family_out_ood_0063,point_cluster,Baseline-Ours,0.9455173328291484,32.21044371873924,0.6243928943936214,0.37883201497606933,4.713195999008316
Leave-One-Family-Out Focused OOD,leave_one_family_out_ood_0063,point_cluster,Ours-PC-P1,0.9347869539182735,32.26001256626867,0.6266620130981597,0.3774623558856547,4.730298291844382
Leave-One-Family-Out Focused OOD,leave_one_family_out_ood_0063,point_cluster,Ours-PC-P2A,0.9323656033224635,32.27127646616591,0.624416746978521,0.3772195659112185,4.733342855555116
Leave-One-Family-Out Focused OOD,leave_one_family_out_ood_0064,point_cluster,Baseline-Ours,1.0237231998888936,32.99232854173094,0.6516447048084129,0.4182258970104158,4.2692467158173155
Leave-One-Family-Out Focused OOD,leave_one_family_out_ood_0064,point_cluster,Ours-PC-P1,1.0195025178082149,33.01027093209482,0.6530134010981372,0.41600318322889507,4.292057391058562
Leave-One-Family-Out Focused OOD,leave_one_family_out_ood_0064,point_cluster,Ours-PC-P2A,1.0217464541162926,33.000722903376605,0.6516235119343852,0.4158896713051945,4.29322885484982
Leave-One-Family-Out Focused OOD,leave_one_family_out_ood_0065,point_cluster,Baseline-Ours,0.9728168299643303,32.125644264700064,0.6170142940197936,0.3071072951424867,5.813960024795427
Leave-One-Family-Out Focused OOD,leave_one_family_out_ood_0065,point_cluster,Ours-PC-P1,0.9572055414784812,32.195903054468104,0.6187130901704432,0.3058338698465377,5.8381680818328165
Leave-One-Family-Out Focused OOD,leave_one_family_out_ood_0065,point_cluster,Ours-PC-P2A,0.9566915008332492,32.19823575245823,0.6160782772194573,0.30569530092179775,5.840814470806122
Leave-One-Family-Out Focused OOD,leave_one_family_out_ood_0066,point_cluster,Baseline-Ours,1.0345424966359635,31.3532447056018,0.569466480749906,0.3380042880307883,5.2825055790973545
Leave-One-Family-Out Focused OOD,leave_one_family_out_ood_0066,point_cluster,Ours-PC-P1,1.0387554264886245,31.335595282468883,0.5615381392500727,0.3371483222581446,5.295917017538518
Leave-One-Family-Out Focused OOD,leave_one_family_out_ood_0066,point_cluster,Ours-PC-P2A,1.0106829047597687,31.454578986968617,0.5677088517204353,0.3369601792655885,5.298874012867106
Leave-One-Family-Out Focused OOD,leave_one_family_out_ood_0067,point_cluster,Baseline-Ours,1.0090749435045632,31.1105211049857,0.5525255261266413,0.5152480418328196,3.465339782622222
Leave-One-Family-Out Focused OOD,leave_one_family_out_ood_0067,point_cluster,Ours-PC-P1,0.9945567778856994,31.173459768763916,0.5581171620624832,0.5136277880519629,3.476271297651893
Leave-One-Family-Out Focused OOD,leave_one_family_out_ood_0067,point_cluster,Ours-PC-P2A,0.9930046280422001,31.180242722319914,0.5576228268685741,0.5144580309279263,3.4706612200434517
Leave-One-Family-Out Focused OOD,leave_one_family_out_ood_0068,point_cluster,Baseline-Ours,0.9656039100793311,31.094420768702335,0.558245915649286,0.31433973694220185,5.68019034007709
Leave-One-Family-Out Focused OOD,leave_one_family_out_ood_0068,point_cluster,Ours-PC-P1,0.9588997879308313,31.124678785151822,0.5576482038879695,0.31164731993339956,5.729263250725339
Leave-One-Family-Out Focused OOD,leave_one_family_out_ood_0068,point_cluster,Ours-PC-P2A,0.9556932972319087,31.139225500926365,0.5598303723582229,0.3115333700552583,5.731358849181272
Leave-One-Family-Out Focused OOD,leave_one_family_out_ood_0069,point_cluster,Baseline-Ours,0.9836003608812426,31.191400952418995,0.5633528327429779,0.3618220188654959,4.934773021498218
Leave-One-Family-Out Focused OOD,leave_one_family_out_ood_0069,point_cluster,Ours-PC-P1,0.9723167485397876,31.241510042163153,0.5641625995096134,0.363660825882107,4.909820938096593
Leave-One-Family-Out Focused OOD,leave_one_family_out_ood_0069,point_cluster,Ours-PC-P2A,0.962904855489361,31.28375410599718,0.5655318101983162,0.36159217706881464,4.937909751685994
Leave-One-Family-Out Focused OOD,leave_one_family_out_ood_0070,point_cluster,Baseline-Ours,1.0203330974153695,31.633987579497358,0.5850158226536742,0.519964441889897,3.4339070010090267
Leave-One-Family-Out Focused OOD,leave_one_family_out_ood_0070,point_cluster,Ours-PC-P1,0.993146008677924,31.75127638839761,0.5917292275061425,0.5183392099570483,3.444673879541976
Leave-One-Family-Out Focused OOD,leave_one_family_out_ood_0070,point_cluster,Ours-PC-P2A,0.976900798217119,31.82290291500809,0.5953967587641632,0.5181841100566089,3.445704919601666
Leave-One-Family-Out Focused OOD,leave_one_family_out_ood_0071,point_cluster,Baseline-Ours,0.9404447801238361,31.09263100593312,0.567463667825008,0.2929487391375005,6.094955528869536
Leave-One-Family-Out Focused OOD,leave_one_family_out_ood_0071,point_cluster,Ours-PC-P1,0.9365459828127359,31.110672906852436,0.5627757582072922,0.2920357540715486,6.114010056604301
Leave-One-Family-Out Focused OOD,leave_one_family_out_ood_0071,point_cluster,Ours-PC-P2A,0.9372990088091123,31.107182479441317,0.5609237782908667,0.2917757660616189,6.119457970695188
Leave-One-Family-Out Focused OOD,leave_one_family_out_ood_0072,point_cluster,Baseline-Ours,0.8818554786104909,31.968684888930376,0.62004564010828,0.3044490348547697,5.864723920485424
Leave-One-Family-Out Focused OOD,leave_one_family_out_ood_0072,point_cluster,Ours-PC-P1,0.8661038713143703,32.046959324259184,0.6271470655179304,0.30265447474084795,5.899498227509557
Leave-One-Family-Out Focused OOD,leave_one_family_out_ood_0072,point_cluster,Ours-PC-P2A,0.8697880021357628,32.02852501001724,0.6226583054758228,0.3025525528937578,5.901485610364211
Leave-One-Family-Out Focused OOD,leave_one_family_out_ood_0073,point_cluster,Baseline-Ours,0.9740016890494556,31.580234188103997,0.5876359339437824,0.5642130400519818,3.164601685060251
Leave-One-Family-Out Focused OOD,leave_one_family_out_ood_0073,point_cluster,Ours-PC-P1,0.953323352439381,31.673428959728824,0.5926482066104491,0.5607826102059335,3.183960245532194
Leave-One-Family-Out Focused OOD,leave_one_family_out_ood_0073,point_cluster,Ours-PC-P2A,0.9464812998429394,31.704710828267984,0.5926937546914912,0.5635465162340552,3.1683445569201267
Leave-One-Family-Out Focused OOD,leave_one_family_out_ood_0074,point_cluster,Baseline-Ours,0.9912719617384175,31.556169557662685,0.5833941828049125,0.3530213690828532,5.057794495331001
Leave-One-Family-Out Focused OOD,leave_one_family_out_ood_0074,point_cluster,Ours-PC-P1,0.9947410621638447,31.54099739025645,0.5790473419441302,0.3503017579205334,5.097061310455983
Leave-One-Family-Out Focused OOD,leave_one_family_out_ood_0074,point_cluster,Ours-PC-P2A,0.982858326604177,31.593188352072286,0.5816005806847052,0.35015287483111024,5.099228553078926
Leave-One-Family-Out Focused OOD,leave_one_family_out_ood_0075,point_cluster,Baseline-Ours,1.0211560844165901,31.27833159021114,0.5576861024639739,0.4571278851944953,3.9059300364531104
Leave-One-Family-Out Focused OOD,leave_one_family_out_ood_0075,point_cluster,Ours-PC-P1,1.0026753832683635,31.357649458073954,0.5607299727211766,0.455988337052986,3.9156912407476585
Leave-One-Family-Out Focused OOD,leave_one_family_out_ood_0075,point_cluster,Ours-PC-P2A,0.9875908700346544,31.42348217877153,0.5659981530997028,0.4552325189579278,3.9221924245848605
Leave-One-Family-Out Focused OOD,leave_one_family_out_ood_0076,point_cluster,Baseline-Ours,0.9895000994537904,30.94882626513909,0.5596221203032201,0.3864661790430546,4.620092608627862
Leave-One-Family-Out Focused OOD,leave_one_family_out_ood_0076,point_cluster,Ours-PC-P1,0.9665936885259938,31.05054522040792,0.5618621229048483,0.3844377377536148,4.644469993280933
Leave-One-Family-Out Focused OOD,leave_one_family_out_ood_0076,point_cluster,Ours-PC-P2A,0.9612963893739936,31.074411540373493,0.5609827413063145,0.38710173685103655,4.6125071713862225
Leave-One-Family-Out Focused OOD,leave_one_family_out_ood_0077,point_cluster,Baseline-Ours,0.9067446327698215,31.343789571378974,0.5880056236437896,0.32164224120788276,5.551228379009658
Leave-One-Family-Out Focused OOD,leave_one_family_out_ood_0077,point_cluster,Ours-PC-P1,0.9191720786747418,31.284671146684936,0.5781620894399122,0.3151009751018137,5.666467825764565
Leave-One-Family-Out Focused OOD,leave_one_family_out_ood_0077,point_cluster,Ours-PC-P2A,0.9209782596835709,31.2761456219776,0.5750584112791558,0.3150075243320316,5.66814885157938
Leave-One-Family-Out Focused OOD,leave_one_family_out_ood_0078,point_cluster,Baseline-Ours,0.9891562023893851,32.33677050908797,0.6160778829378964,0.46904946002177894,3.806655138668241
Leave-One-Family-Out Focused OOD,leave_one_family_out_ood_0078,point_cluster,Ours-PC-P1,0.9753649660627582,32.39774776946798,0.6192859312838042,0.464756096014753,3.8418205863076835
Leave-One-Family-Out Focused OOD,leave_one_family_out_ood_0078,point_cluster,Ours-PC-P2A,0.9658279077724387,32.44042193454925,0.6220726753051402,0.4647442970890552,3.8419181224279244
Leave-One-Family-Out Focused OOD,leave_one_family_out_ood_0079,point_cluster,Baseline-Ours,0.9577850646663997,31.03010659206771,0.5791587638679155,0.3892061421647668,4.587567727863837
Leave-One-Family-Out Focused OOD,leave_one_family_out_ood_0079,point_cluster,Ours-PC-P1,0.9594604645988207,31.02251638136152,0.569810527187413,0.386694144224748,4.617368956701149
Leave-One-Family-Out Focused OOD,leave_one_family_out_ood_0079,point_cluster,Ours-PC-P2A,0.9486602412568369,31.071679975784797,0.5684253518334665,0.3866527550853789,4.61786322170962
Leave-One-Family-Out Focused OOD,leave_one_family_out_ood_0080,point_cluster,Baseline-Ours,0.9249957327691017,30.64252449287878,0.5449782499577922,0.3753132747951895,4.757384449712925
Leave-One-Family-Out Focused OOD,leave_one_family_out_ood_0080,point_cluster,Ours-PC-P1,0.92008125902502,30.66565977471866,0.5421885168260528,0.37334327097050846,4.782487528541827
Leave-One-Family-Out Focused OOD,leave_one_family_out_ood_0080,point_cluster,Ours-PC-P2A,0.9224359861734347,30.65455945539647,0.538545014012267,0.3733006699476391,4.783033305383332
Leave-One-Family-Out Focused OOD,leave_one_family_out_ood_0081,point_cluster,Baseline-Ours,1.0636534998164395,31.046038654415664,0.5480440066019029,0.47834449517540634,3.7326854501100337
Leave-One-Family-Out Focused OOD,leave_one_family_out_ood_0081,point_cluster,Ours-PC-P1,1.0415775759289205,31.13712418963552,0.5512138474913618,0.4716661451384425,3.7855367735952075
Leave-One-Family-Out Focused OOD,leave_one_family_out_ood_0081,point_cluster,Ours-PC-P2A,1.0261415611441076,31.201967429522885,0.5530899174777579,0.4716114371549338,3.78597590434367
Leave-One-Family-Out Focused OOD,leave_one_family_out_ood_0082,point_cluster,Baseline-Ours,0.9649498552444077,30.495399142244175,0.5294552117181724,0.43335620895959437,4.120189120096229
Leave-One-Family-Out Focused OOD,leave_one_family_out_ood_0082,point_cluster,Ours-PC-P1,0.9593850386319872,30.52051699135057,0.5268526943169249,0.43197019305080175,4.133409124067697
Leave-One-Family-Out Focused OOD,leave_one_family_out_ood_0082,point_cluster,Ours-PC-P2A,0.9581012576814582,30.526332504208703,0.5260916669328228,0.4317706120200455,4.135319745195103
Leave-One-Family-Out Focused OOD,leave_one_family_out_ood_0083,point_cluster,Baseline-Ours,0.9273239565117238,31.999160576016415,0.6115025045620822,0.34864656114950776,5.121259568413756
Leave-One-Family-Out Focused OOD,leave_one_family_out_ood_0083,point_cluster,Ours-PC-P1,0.9194831090498021,32.03603793286651,0.6128403429899505,0.3474054392427206,5.139555503717927
Leave-One-Family-Out Focused OOD,leave_one_family_out_ood_0083,point_cluster,Ours-PC-P2A,0.9219167236877805,32.024558452874174,0.6107222156945546,0.3456481951288879,5.165684538337237
Leave-One-Family-Out Focused OOD,leave_one_family_out_ood_0084,point_cluster,Baseline-Ours,0.9278900748455835,31.648201396287515,0.6399260681007611,0.4570633992552757,3.906481114415899
Leave-One-Family-Out Focused OOD,leave_one_family_out_ood_0084,point_cluster,Ours-PC-P1,0.9184936366845049,31.692404803836066,0.6417315700372126,0.45793490018695593,3.899046647356466
Leave-One-Family-Out Focused OOD,leave_one_family_out_ood_0084,point_cluster,Ours-PC-P2A,0.9135346720825064,31.715916105541513,0.6417179800368359,0.45461041620001197,3.92755967231492
Leave-One-Family-Out Focused OOD,leave_one_family_out_ood_0085,point_cluster,Baseline-Ours,1.003306078706253,32.21201220108829,0.6093316221953662,0.4871886947657913,3.6649239944695875
Leave-One-Family-Out Focused OOD,leave_one_family_out_ood_0085,point_cluster,Ours-PC-P1,1.0129085890315566,32.17064408318511,0.6096846319238751,0.48642422701232135,3.6706838149248693
Leave-One-Family-Out Focused OOD,leave_one_family_out_ood_0085,point_cluster,Ours-PC-P2A,1.011790129543058,32.17544217553636,0.610708038164147,0.48534309887327254,3.6788604626841126
Leave-One-Family-Out Focused OOD,leave_one_family_out_ood_0086,point_cluster,Baseline-Ours,0.9812072260941009,32.12114020015419,0.6168555876867249,0.36219989880919456,4.929624616549293
Leave-One-Family-Out Focused OOD,leave_one_family_out_ood_0086,point_cluster,Ours-PC-P1,0.9464147857858978,32.27793241905842,0.6240687973380272,0.3610956398770213,4.944699797232559
Leave-One-Family-Out Focused OOD,leave_one_family_out_ood_0086,point_cluster,Ours-PC-P2A,0.9393030016941346,32.310690341269655,0.6245971918979503,0.3610825997311622,4.944878370242263
Leave-One-Family-Out Focused OOD,leave_one_family_out_ood_0087,point_cluster,Baseline-Ours,0.9309944702695432,32.16713059685793,0.622540195224556,0.31067238794639707,5.747242453969027
Leave-One-Family-Out Focused OOD,leave_one_family_out_ood_0087,point_cluster,Ours-PC-P1,0.9478489715999538,32.08921018033199,0.6116562318027111,0.30943890125490725,5.770152136788434
Leave-One-Family-Out Focused OOD,leave_one_family_out_ood_0087,point_cluster,Ours-PC-P2A,0.9366542111181101,32.14080861969361,0.6148448162054877,0.3093828421551734,5.771197668375972
Leave-One-Family-Out Focused OOD,leave_one_family_out_ood_0088,point_cluster,Baseline-Ours,0.9989125700355446,31.439925699522036,0.5743450526382826,0.5524806529283524,3.231804639343669
Leave-One-Family-Out Focused OOD,leave_one_family_out_ood_0088,point_cluster,Ours-PC-P1,0.9796612099320625,31.52444106848006,0.5835069013569593,0.5534055449534208,3.2264034098750347
Leave-One-Family-Out Focused OOD,leave_one_family_out_ood_0088,point_cluster,Ours-PC-P2A,0.9748963715820266,31.545615971673598,0.5823627184638241,0.5512399938888848,3.239078363463917
Leave-One-Family-Out Focused OOD,leave_one_family_out_ood_0089,point_cluster,Baseline-Ours,1.032441073871169,31.034719833551947,0.5475390830129954,0.3789693077560514,4.711488505108254
Leave-One-Family-Out Focused OOD,leave_one_family_out_ood_0089,point_cluster,Ours-PC-P1,1.0068417164107863,31.14376045060957,0.5520321926172718,0.37751615582965314,4.729624175573416
Leave-One-Family-Out Focused OOD,leave_one_family_out_ood_0089,point_cluster,Ours-PC-P2A,0.997875374719775,31.18260961896698,0.5542101385022845,0.3774316809140146,4.730682736959324
Leave-One-Family-Out Focused OOD,leave_one_family_out_ood_0090,point_cluster,Baseline-Ours,1.026645253605717,31.189152252513992,0.553290516862714,0.4571613210719079,3.9056443644334946
Leave-One-Family-Out Focused OOD,leave_one_family_out_ood_0090,point_cluster,Ours-PC-P1,1.0315248461168076,31.168559553701165,0.5528233091692071,0.4551905910484493,3.922553700349715
Leave-One-Family-Out Focused OOD,leave_one_family_out_ood_0090,point_cluster,Ours-PC-P2A,1.0192679363254744,31.220472637739963,0.5570669306701306,0.45522621111012995,3.922246772494195
Leave-One-Family-Out Focused OOD,leave_one_family_out_ood_0091,point_cluster,Baseline-Ours,0.9167105828572946,32.2893046199754,0.6397746867368467,0.33141202409751713,5.387582246430766
Leave-One-Family-Out Focused OOD,leave_one_family_out_ood_0091,point_cluster,Ours-PC-P1,0.9115534525302897,32.313805985340885,0.6359587745291391,0.3270828470122069,5.458890778258489
Leave-One-Family-Out Focused OOD,leave_one_family_out_ood_0091,point_cluster,Ours-PC-P2A,0.906504527983252,32.337927515624415,0.6345099836825636,0.32695196312852204,5.461076055933024
Leave-One-Family-Out Focused OOD,leave_one_family_out_ood_0092,point_cluster,Baseline-Ours,1.0182411629089603,30.943723360451173,0.5469179677657261,0.3876838549040258,4.6055813640304555
Leave-One-Family-Out Focused OOD,leave_one_family_out_ood_0092,point_cluster,Ours-PC-P1,0.9820861933356353,31.10073407308421,0.5559153602069533,0.38807909400202334,4.600890810346407
Leave-One-Family-Out Focused OOD,leave_one_family_out_ood_0092,point_cluster,Ours-PC-P2A,0.9725837835571997,31.142959840542808,0.558860848625786,0.38606482883915305,4.62489562348962
Leave-One-Family-Out Focused OOD,leave_one_family_out_ood_0093,point_cluster,Baseline-Ours,0.9385437167544138,31.058810713393665,0.5682944978920743,0.3917537978850305,4.55773382905523
Leave-One-Family-Out Focused OOD,leave_one_family_out_ood_0093,point_cluster,Ours-PC-P1,0.9180632463971364,31.154629655877013,0.5727904659445456,0.3908143611624837,4.568689676526833
Leave-One-Family-Out Focused OOD,leave_one_family_out_ood_0093,point_cluster,Ours-PC-P2A,0.9218740756530152,31.136639744415056,0.5686451720394265,0.3908969119656831,4.567724846693643
Leave-One-Family-Out Focused OOD,leave_one_family_out_ood_0094,point_cluster,Baseline-Ours,0.9830237830608047,32.59180963197834,0.6383404207175417,0.4534953802358359,3.9372165960167695
Leave-One-Family-Out Focused OOD,leave_one_family_out_ood_0094,point_cluster,Ours-PC-P1,0.9588284044796104,32.700040957376345,0.6444100792638349,0.4526216830126941,3.944816619029258
Leave-One-Family-Out Focused OOD,leave_one_family_out_ood_0094,point_cluster,Ours-PC-P2A,0.9469173204881973,32.75432928271875,0.6449299925578388,0.44970246800221503,3.97042414557679
Leave-One-Family-Out Focused OOD,leave_one_family_out_ood_0095,point_cluster,Baseline-Ours,0.9270633813790272,31.669423552528855,0.605632848068273,0.31992795411497355,5.580973823374634
Leave-One-Family-Out Focused OOD,leave_one_family_out_ood_0095,point_cluster,Ours-PC-P1,0.9245203335334135,31.681353328290065,0.6009822209693534,0.3179220398887992,5.616186716422658
Leave-One-Family-Out Focused OOD,leave_one_family_out_ood_0095,point_cluster,Ours-PC-P2A,0.9175744585678054,31.7141046466234,0.6003982552504715,0.3176787858828902,5.620487160699747
Leave-One-Family-Out Focused OOD,leave_one_family_out_ood_0096,point_cluster,Baseline-Ours,1.0121816488583435,31.60795120665526,0.5924781488051539,0.45981269609183073,3.8831236119780352
Leave-One-Family-Out Focused OOD,leave_one_family_out_ood_0096,point_cluster,Ours-PC-P1,0.9685269317455744,31.799418846267695,0.6027724507363778,0.4584022799972445,3.895071240248197
Leave-One-Family-Out Focused OOD,leave_one_family_out_ood_0096,point_cluster,Ours-PC-P2A,0.9550961967231331,31.860064618291013,0.6043407384236774,0.45831417804583907,3.8958199916365834
Leave-One-Family-Out Focused OOD,leave_one_family_out_ood_0097,point_cluster,Baseline-Ours,0.9393140482481276,31.34447441913622,0.5725575250310808,0.42358499323017895,4.215233225486839
Leave-One-Family-Out Focused OOD,leave_one_family_out_ood_0097,point_cluster,Ours-PC-P1,0.9315757987776973,31.380400453666844,0.5746393082571973,0.4213790958747268,4.2372997492317195
Leave-One-Family-Out Focused OOD,leave_one_family_out_ood_0097,point_cluster,Ours-PC-P2A,0.9268941503414824,31.402281002923292,0.5765005871403865,0.42153443302959204,4.235738287021797
Leave-One-Family-Out Focused OOD,leave_one_family_out_ood_0098,point_cluster,Baseline-Ours,0.9237327751328732,32.86110812714762,0.6581866883291324,0.3004944322165102,5.941905559151876
Leave-One-Family-Out Focused OOD,leave_one_family_out_ood_0098,point_cluster,Ours-PC-P1,0.9279669971189812,32.8412462601172,0.6522183540201545,0.2988735740073025,5.974129841395219
Leave-One-Family-Out Focused OOD,leave_one_family_out_ood_0098,point_cluster,Ours-PC-P2A,0.9285951079640128,32.8383076737983,0.6519112133468731,0.29956013592891395,5.960437732292832
Leave-One-Family-Out Focused OOD,leave_one_family_out_ood_0099,point_cluster,Baseline-Ours,1.0018047183937777,31.962289864486365,0.6070652654257405,0.4224385318811983,4.226673000993206
Leave-One-Family-Out Focused OOD,leave_one_family_out_ood_0099,point_cluster,Ours-PC-P1,0.9745278440791694,32.082178008806196,0.6123525391866897,0.42054957477375865,4.24565769265612
Leave-One-Family-Out Focused OOD,leave_one_family_out_ood_0099,point_cluster,Ours-PC-P2A,0.968678363022578,32.10832464516289,0.6110844605491421,0.4208603799343109,4.242522276770638
Random-ET OOD,random_et_test_00000,random_et,Baseline-Ours,1.11766153188596,30.08804822868715,0.41060750264545726,2.260087223025039,2.933666372063515
Random-ET OOD,random_et_test_00000,random_et,Ours-PC-P1,1.0953637633938391,30.175567549969088,0.4241958929141903,2.2506621438078582,2.9459516624299744
Random-ET OOD,random_et_test_00000,random_et,Ours-PC-P2A,1.1070050071565303,30.129655218731394,0.42115366127077647,2.2503742740955204,2.946328510969076
Random-ET OOD,random_et_test_00001,random_et,Baseline-Ours,1.1785284024987073,32.70252333626465,0.5454739703629408,1.7914550360292196,3.7010931063138477
Random-ET OOD,random_et_test_00001,random_et,Ours-PC-P1,1.174254436013319,32.71830205585533,0.5443259205215412,1.7892966780345887,3.7055575889191923
Random-ET OOD,random_et_test_00001,random_et,Ours-PC-P2A,1.1770379789133263,32.70801909104661,0.5478330363845317,1.7897082578856498,3.7047054205091587
Random-ET OOD,random_et_test_00002,random_et,Baseline-Ours,1.2227984152311442,29.888457843786984,0.38645089749964645,1.5320973198395222,4.327624491121398
Random-ET OOD,random_et_test_00002,random_et,Ours-PC-P1,1.2425395370006322,29.818904168396834,0.37385823388377604,1.5282378809060901,4.3385535504380055
Random-ET OOD,random_et_test_00002,random_et,Ours-PC-P2A,1.1908162637763484,30.00355905553922,0.3958324570868216,1.5291035529226065,4.336097363351399
Random-ET OOD,random_et_test_00003,random_et,Baseline-Ours,1.0327260582239768,27.35472618802151,0.30909078205206514,1.839866145979613,3.603708834258011
Random-ET OOD,random_et_test_00003,random_et,Ours-PC-P1,1.0419072519651424,27.31628686319275,0.3045532320398325,1.8379160589538515,3.60753248322613
Random-ET OOD,random_et_test_00003,random_et,Ours-PC-P2A,1.039475413494639,27.32643539822877,0.3082508850792223,1.838095623999834,3.6071800604643456
Random-ET OOD,random_et_test_00004,random_et,Baseline-Ours,1.412594246025019,26.917742716808526,0.17300652753444215,1.8720171579625458,3.541816834272641
Random-ET OOD,random_et_test_00004,random_et,Ours-PC-P1,1.276564338805039,27.357489849692232,0.20794267502682012,1.870132760843262,3.545385666164835
Random-ET OOD,random_et_test_00004,random_et,Ours-PC-P2A,1.2260269416487308,27.532916869227265,0.2281757281987948,1.8702286100015044,3.5452039652594327
Random-ET OOD,random_et_test_00005,random_et,Baseline-Ours,1.6806454057445515,28.289932606859843,0.19018149574490267,1.0806820578873158,6.135330771643408
Random-ET OOD,random_et_test_00005,random_et,Ours-PC-P1,1.4978411841331964,28.79003599710018,0.23264529802372716,1.0784971609245986,6.147760165112313
Random-ET OOD,random_et_test_00005,random_et,Ours-PC-P2A,1.3828429175518038,29.136965002486555,0.2707409494199455,1.0784819889813662,6.147846650996346
Random-ET OOD,random_et_test_00006,random_et,Baseline-Ours,1.6046199545530475,28.709854401039635,0.17037266309636934,4.868801504839212,1.3618016420527566
Random-ET OOD,random_et_test_00006,random_et,Ours-PC-P1,1.3726424917512552,29.38800196150135,0.22803284177370015,4.867391757899895,1.3621960618554618
Random-ET OOD,random_et_test_00006,random_et,Ours-PC-P2A,1.3313037057214003,29.520805057136684,0.239020575154481,4.866926459828392,1.3623262933692977
Random-ET OOD,random_et_test_00007,random_et,Baseline-Ours,1.0924382987437709,29.21622219180513,0.39064037416393615,1.265850892988965,5.237853779494684
Random-ET OOD,random_et_test_00007,random_et,Ours-PC-P1,1.0830121972665152,29.253858105787206,0.3973133845760152,1.2643506738822907,5.244068770699486
Random-ET OOD,random_et_test_00007,random_et,Ours-PC-P2A,1.0756543867656856,29.283464152979093,0.40093773289801227,1.2631838559173048,5.248912779449764
Random-ET OOD,random_et_test_00008,random_et,Baseline-Ours,1.0448074435199268,27.430827216894794,0.3124938544617677,2.6938565112650394,2.461282498304021
Random-ET OOD,random_et_test_00008,random_et,Ours-PC-P1,1.0296019859811256,27.494496039140707,0.32436504832831076,2.6911058120895177,2.4637982848288007
Random-ET OOD,random_et_test_00008,random_et,Ours-PC-P2A,1.0283480222165855,27.499788710089177,0.32368948826998983,2.691077628172934,2.4638240884268137
Random-ET OOD,random_et_test_00009,random_et,Baseline-Ours,1.4797421692518875,28.811081972473474,0.23562890386254345,1.2675548468250781,5.230812615900915
Random-ET OOD,random_et_test_00009,random_et,Ours-PC-P1,1.3208579224509895,29.304381239203817,0.27187650555034293,1.26509377383627,5.2409884715605894
Random-ET OOD,random_et_test_00009,random_et,Ours-PC-P2A,1.24174590538484,29.572615140883723,0.3014783847910797,1.264724084874615,5.242520454393262
Random-ET OOD,random_et_test_00010,random_et,Baseline-Ours,1.080209241593492,28.593361243884814,0.35693639223462054,0.7613086989149451,8.70913716547422
Random-ET OOD,random_et_test_00010,random_et,Ours-PC-P1,1.0659593125294247,28.651034162225024,0.36090969413573226,0.7575775058940053,8.752031089273972
Random-ET OOD,random_et_test_00010,random_et,Ours-PC-P2A,1.0603635671329297,28.673892386435796,0.36721988779844733,0.7583683559205383,8.742904199992354
Random-ET OOD,random_et_test_00011,random_et,Baseline-Ours,1.1422725451333222,26.91853843353924,0.19761018333141375,2.0512492500711232,3.2323433555863947
Random-ET OOD,random_et_test_00011,random_et,Ours-PC-P1,1.1246174236589148,26.986187945184227,0.2083158654448615,2.0482499699573964,3.237076519648079
Random-ET OOD,random_et_test_00011,random_et,Ours-PC-P2A,1.1109385146785373,27.03933561888896,0.21655664177253534,2.048257422167808,3.23706474213658
Random-ET OOD,random_et_test_00012,random_et,Baseline-Ours,1.1330654134884137,28.054515974266117,0.31684731581885134,2.183024340076372,3.0372276489995578
Random-ET OOD,random_et_test_00012,random_et,Ours-PC-P1,1.1010854369575387,28.178855620018343,0.3337869761596459,2.179826732026413,3.041682986406568
Random-ET OOD,random_et_test_00012,random_et,Ours-PC-P2A,1.0703220671686224,28.301920861725502,0.345644175071696,2.1797941708937287,3.0417284221842333
Random-ET OOD,random_et_test_00013,random_et,Baseline-Ours,1.082254081790417,31.49741264892571,0.5221625990602483,1.5449700739700347,4.291566546063447
Random-ET OOD,random_et_test_00013,random_et,Ours-PC-P1,1.0913350565380588,31.461123978014037,0.5139193308979448,1.541394674917683,4.301521208040413
Random-ET OOD,random_et_test_00013,random_et,Ours-PC-P2A,1.1012948488934198,31.421669050418892,0.5113454813030022,1.5418114268686622,4.300358505958699
Random-ET OOD,random_et_test_00014,random_et,Baseline-Ours,1.0976430723813075,30.047654876039545,0.4791016905610178,2.7741873108316213,2.3900123319832307
Random-ET OOD,random_et_test_00014,random_et,Ours-PC-P1,1.0642027358917283,30.18202258542926,0.4873751963833958,2.773559919791296,2.3905529629292768
Random-ET OOD,random_et_test_00014,random_et,Ours-PC-P2A,1.0351185736858681,30.30236530509256,0.5008977624327919,2.773323229746893,2.39075698533852
Random-ET OOD,random_et_test_00015,random_et,Baseline-Ours,1.0164081702476464,28.15859706883913,0.3622735414201284,1.9862865628674626,3.3380590736853253
Random-ET OOD,random_et_test_00015,random_et,Ours-PC-P1,1.01554043797577,28.162306354071273,0.361303995715914,1.9850559120532125,3.3401285293072562
Random-ET OOD,random_et_test_00015,random_et,Ours-PC-P2A,1.0213145515259943,28.137683406999663,0.36175820613616205,1.9849406038410962,3.3403225624426596
Random-ET OOD,random_et_test_00016,random_et,Baseline-Ours,1.051606661372051,27.796126635142897,0.3149817344559088,1.4950408979784697,4.434889970625041
Random-ET OOD,random_et_test_00016,random_et,Ours-PC-P1,1.0745491959792006,27.702396903811163,0.296319368666197,1.4927528619300574,4.441687604970496
Random-ET OOD,random_et_test_00016,random_et,Ours-PC-P2A,1.0649030608447365,27.74155913161188,0.30715979217043793,1.4927121468354017,4.441808756079001
Random-ET OOD,random_et_test_00017,random_et,Baseline-Ours,1.188571323515227,27.07215238092872,0.1781383626593209,2.4128808840177953,2.7478944062412616
Random-ET OOD,random_et_test_00017,random_et,Ours-PC-P1,1.1407195486691812,27.250616165603333,0.20223453038641132,2.4115271461196244,2.7494369676857335
Random-ET OOD,random_et_test_00017,random_et,Ours-PC-P2A,1.128278118964818,27.2982433000985,0.20790869573858617,2.411442814162001,2.7495331198318613
Random-ET OOD,random_et_test_00018,random_et,Baseline-Ours,1.098712142527453,27.738757790614418,0.27942679529873143,1.6918080828618258,3.9190863025688043
Random-ET OOD,random_et_test_00018,random_et,Ours-PC-P1,1.093112170915942,27.760949655739342,0.279118891091803,1.6923249589744955,3.9178893208174297
Random-ET OOD,random_et_test_00018,random_et,Ours-PC-P2A,1.0887287973475703,27.778399917708377,0.2859925593698556,1.6912292109336704,3.920427722779565
Random-ET OOD,random_et_test_00019,random_et,Baseline-Ours,1.0728377161695484,27.893655604468762,0.31299669937892116,1.7703754929825664,3.7451613572377114
Random-ET OOD,random_et_test_00019,random_et,Ours-PC-P1,1.0785957680778666,27.870408814460262,0.30384703478934866,1.7718617590144277,3.742019855887065
Random-ET OOD,random_et_test_00019,random_et,Ours-PC-P2A,1.0727554192263193,27.89398869358854,0.3088653669232789,1.7696412422228605,3.746715280997037
Random-ET OOD,random_et_test_00020,random_et,Baseline-Ours,1.2210949546874261,27.85534171495387,0.20504910748260027,2.0349299809895456,3.258265368371431
Random-ET OOD,random_et_test_00020,random_et,Ours-PC-P1,1.1787602328309332,28.008581307724924,0.22955614807475894,2.0335210259072483,3.2605229056635237
Random-ET OOD,random_et_test_00020,random_et,Ours-PC-P2A,1.162574116917817,28.06862987872902,0.23635116872165596,2.0333898689132184,3.2607332147586017
Random-ET OOD,random_et_test_00021,random_et,Baseline-Ours,1.116407281544297,27.970880017265934,0.3403964900102827,1.0184244320262223,6.510391616319995
Random-ET OOD,random_et_test_00021,random_et,Ours-PC-P1,1.0925541929371407,28.06467688260295,0.34822191612573455,1.0167893189936876,6.520861067542481
Random-ET OOD,random_et_test_00021,random_et,Ours-PC-P2A,1.0646680517573255,28.176964593025836,0.3627414635376401,1.015076054027304,6.531867102778315
Random-ET OOD,random_et_test_00022,random_et,Baseline-Ours,1.2305842159262583,29.867555347047098,0.3143588131528683,1.9839315779972821,3.3420214475400893
Random-ET OOD,random_et_test_00022,random_et,Ours-PC-P1,1.1944654788234281,29.996932480005913,0.3435620438224231,1.9825132368132472,3.3444124160183595
Random-ET OOD,random_et_test_00022,random_et,Ours-PC-P2A,1.1807867827609664,30.046954127245762,0.3542993817959831,1.98327935510315,3.3431205074860104
Random-ET OOD,random_et_test_00023,random_et,Baseline-Ours,1.0868591448225706,27.816227961415983,0.28752838332103753,1.311951348790899,5.053801644572817
Random-ET OOD,random_et_test_00023,random_et,Ours-PC-P1,1.118629722315083,27.691097130504033,0.2699166079773954,1.3107069579418749,5.058599745690068
Random-ET OOD,random_et_test_00023,random_et,Ours-PC-P2A,1.0887465471692257,27.808692602554732,0.2869807507027127,1.3107246400322765,5.0585315035778216
Random-ET OOD,random_et_test_00024,random_et,Baseline-Ours,1.6184194293948688,29.009484890739184,0.22587343040643743,1.448211545823142,4.5782965225224626
Random-ET OOD,random_et_test_00024,random_et,Ours-PC-P1,1.4231287745277437,29.567953616226607,0.2738975383954748,1.4465270140208304,4.583628110538343
Random-ET OOD,random_et_test_00024,random_et,Ours-PC-P2A,1.337178150782965,29.838502903613865,0.30386330263576866,1.4464274749625474,4.583943542893951
Random-ET OOD,random_et_test_00025,random_et,Baseline-Ours,1.3748621905825729,26.186508930686657,0.12574352838027347,5.229450400918722,1.2678850310835985
Random-ET OOD,random_et_test_00025,random_et,Ours-PC-P1,1.270161404439222,26.530511352447142,0.1469542753141138,5.227182141970843,1.2684352111784427
Random-ET OOD,random_et_test_00025,random_et,Ours-PC-P2A,1.2168708919785727,26.716655617059217,0.16407433674448882,5.226866792887449,1.2685117388377536
Random-ET OOD,random_et_test_00026,random_et,Baseline-Ours,1.1362519961463942,27.097479494639902,0.25101845409674406,1.591317475773394,4.166573914420544
Random-ET OOD,random_et_test_00026,random_et,Ours-PC-P1,1.083458106297118,27.30410472913067,0.2793557523963284,1.5888809969183058,4.172963171552034
Random-ET OOD,random_et_test_00026,random_et,Ours-PC-P2A,1.0656587437943534,27.376044537045807,0.29050585893372727,1.5885816768277436,4.173749440040863
Random-ET OOD,random_et_test_00027,random_et,Baseline-Ours,1.0548711647271567,30.347186137915834,0.4834683653576983,1.0159287571441382,6.5263846874040885
Random-ET OOD,random_et_test_00027,random_et,Ours-PC-P1,1.1054257483247591,30.14388467295729,0.45878064905930777,1.0122338100336492,6.550207885170879
Random-ET OOD,random_et_test_00027,random_et,Ours-PC-P2A,1.0772363664569091,30.25607043302847,0.47061835936680296,1.0121409420389682,6.5508088930402115
Random-ET OOD,random_et_test_00028,random_et,Baseline-Ours,1.234991058274413,28.5467946365091,0.24563228647989332,2.617644509766251,2.5329420627520745
Random-ET OOD,random_et_test_00028,random_et,Ours-PC-P1,1.1451945755075736,28.874640238066718,0.28238346709189605,2.615051911678165,2.5354532560174152
Random-ET OOD,random_et_test_00028,random_et,Ours-PC-P2A,1.1165453260003886,28.984669455375077,0.29574751265781435,2.614976423792541,2.5355264482663604
Random-ET OOD,random_et_test_00029,random_et,Baseline-Ours,1.0542329044292074,28.427396350768618,0.3971913495829757,0.8831395970191807,7.507694034440365
Random-ET OOD,random_et_test_00029,random_et,Ours-PC-P1,1.0524097752050627,28.434913328113343,0.39628892965273776,0.8821429591625929,7.516176165383749
Random-ET OOD,random_et_test_00029,random_et,Ours-PC-P2A,1.0349797160037446,28.507443782584716,0.40024726047740394,0.8822064271662384,7.515635434006629
Random-ET OOD,random_et_test_00030,random_et,Baseline-Ours,1.0315677746312253,27.798684127074598,0.33418372559705994,1.3231459378730506,5.011043524629797
Random-ET OOD,random_et_test_00030,random_et,Ours-PC-P1,1.0449876668955345,27.742550234790322,0.3220132966339376,1.3217060130555183,5.016502776431315
Random-ET OOD,random_et_test_00030,random_et,Ours-PC-P2A,1.0460236133723477,27.738246875205398,0.32190973605705314,1.3215711889788508,5.0170145501144665
Random-ET OOD,random_et_test_00031,random_et,Baseline-Ours,1.0775474782015448,31.165802862142456,0.5557197412085731,0.7325469572097063,9.051081052024493
Random-ET OOD,random_et_test_00031,random_et,Ours-PC-P1,1.0331454632479733,31.34855232535913,0.563033876785138,0.7315216572023928,9.063767037979204
Random-ET OOD,random_et_test_00031,random_et,Ours-PC-P2A,1.0147666100906678,31.426505391419898,0.5692024053218725,0.7314785672351718,9.064300966712128
Random-ET OOD,random_et_test_00032,random_et,Baseline-Ours,1.0593045282714462,28.765006632526934,0.390684507493872,1.2282843780703843,5.398051137420746
Random-ET OOD,random_et_test_00032,random_et,Ours-PC-P1,1.0315977738076472,28.88011080210616,0.4060183483237838,1.2259683900047094,5.408248645051526
Random-ET OOD,random_et_test_00032,random_et,Ours-PC-P2A,1.0103054437536565,28.970687892446577,0.41807279173096,1.22630650899373,5.4067574749804015
Random-ET OOD,random_et_test_00033,random_et,Baseline-Ours,1.292926476479483,29.820459153153926,0.33542952713181406,0.7819438250735402,8.479307172091806
Random-ET OOD,random_et_test_00033,random_et,Ours-PC-P1,1.2016315319623443,30.13848444093671,0.3868523243813238,0.7814132089260966,8.485065018584868
Random-ET OOD,random_et_test_00033,random_et,Ours-PC-P2A,1.1377490767548508,30.375732464724155,0.41713931667505233,0.7806074568070471,8.493823401635629
Random-ET OOD,random_et_test_00034,random_et,Baseline-Ours,1.6543897845550415,29.0614840889214,0.1568028032136509,3.4205620251595974,1.9383779143164668
Random-ET OOD,random_et_test_00034,random_et,Ours-PC-P1,1.5011259300070072,29.483690941095677,0.18512760778929468,3.4183894591405988,1.939609855275494
Random-ET OOD,random_et_test_00034,random_et,Ours-PC-P2A,1.473707764291813,29.56374884543615,0.19503545518423085,3.418343740981072,1.9396357963158053
Random-ET OOD,random_et_test_00035,random_et,Baseline-Ours,1.1222813000722198,28.792397186791526,0.3431235705562916,1.5758604742586613,4.207442214856052
Random-ET OOD,random_et_test_00035,random_et,Ours-PC-P1,1.1178244889511226,28.809677985044466,0.3401277414846316,1.574441864155233,4.211233221797289
Random-ET OOD,random_et_test_00035,random_et,Ours-PC-P2A,1.1095658628130733,28.841883329812635,0.34691231517027615,1.5745627391152084,4.210909936713445
Random-ET OOD,random_et_test_00036,random_et,Baseline-Ours,1.0424800077529572,26.99793199026321,0.27644498939924256,1.6922141462564468,3.918145879342019
Random-ET OOD,random_et_test_00036,random_et,Ours-PC-P1,1.0634587803224802,26.911403081154525,0.263749668882284,1.6905965982005,3.921894727090082
Random-ET OOD,random_et_test_00036,random_et,Ours-PC-P2A,1.0577766121062353,26.93467016532905,0.2685995972207839,1.690384168177843,3.9223875903110095
Random-ET OOD,random_et_test_00037,random_et,Baseline-Ours,1.0389986926959114,26.990118481882757,0.29822287355926136,1.0891234499868006,6.087778097330772
Random-ET OOD,random_et_test_00037,random_et,Ours-PC-P1,1.0378812799894779,26.99479153667966,0.2930667698185412,1.085214874939993,6.109704204419051
Random-ET OOD,random_et_test_00037,random_et,Ours-PC-P2A,1.0251775562912038,27.048277385781255,0.2995660165967695,1.0851908959448338,6.109839207917597
Random-ET OOD,random_et_test_00038,random_et,Baseline-Ours,1.033946352206146,28.313277435903352,0.3787625315986178,1.1064743727911264,5.992314008496794
Random-ET OOD,random_et_test_00038,random_et,Ours-PC-P1,1.0330083265257584,28.31721942028828,0.3804544354486795,1.1052753168623894,5.998814759512512
Random-ET OOD,random_et_test_00038,random_et,Ours-PC-P2A,1.0348321363573045,28.309558608634482,0.37931332133017587,1.1047748809214681,6.001532075556199
Random-ET OOD,random_et_test_00039,random_et,Baseline-Ours,1.0001882126786852,29.44299019302032,0.4562735181359389,0.6820397367700934,9.721342506402923
Random-ET OOD,random_et_test_00039,random_et,Ours-PC-P1,1.0058798709058248,29.418346323000808,0.45485206022998104,0.6782039059326053,9.77632512304912
Random-ET OOD,random_et_test_00039,random_et,Ours-PC-P2A,0.99787406465697,29.45304999637063,0.4567987385968671,0.6779237769078463,9.78036485806909
Random-ET OOD,random_et_test_00040,random_et,Baseline-Ours,1.0898664193380079,28.70639494368531,0.3537903469093863,1.5401322920806706,4.305046987334825
Random-ET OOD,random_et_test_00040,random_et,Ours-PC-P1,1.0877312453893182,28.71491167447659,0.35465680688688406,1.539140340872109,4.307821520916073
Random-ET OOD,random_et_test_00040,random_et,Ours-PC-P2A,1.073090132339193,28.773765378575646,0.3633911628182891,1.5383707180153579,4.309976656779279
Random-ET OOD,random_et_test_00041,random_et,Baseline-Ours,1.6482230683263177,29.613610817976678,0.3193576402000483,2.1372154629789293,3.1023273034331114
Random-ET OOD,random_et_test_00041,random_et,Ours-PC-P1,1.458917645129893,30.143463203391537,0.3612829530160272,2.1365218951832503,3.1033343955271206
Random-ET OOD,random_et_test_00041,random_et,Ours-PC-P2A,1.3198987781789098,30.57836472251799,0.4081754317791956,2.13621674105525,3.1037777004049265
Random-ET OOD,random_et_test_00042,random_et,Baseline-Ours,1.0550522690381732,26.856080552206308,0.26184455326825423,1.248538161860779,5.310483961689512
Random-ET OOD,random_et_test_00042,random_et,Ours-PC-P1,1.0574470304605075,26.84623392810281,0.2595531460611037,1.2468150658532977,5.317823040244773
Random-ET OOD,random_et_test_00042,random_et,Ours-PC-P2A,1.0522295137088233,26.8677154471484,0.2649538761668703,1.2465554906520993,5.318930391659099
Random-ET OOD,random_et_test_00043,random_et,Baseline-Ours,1.354114416189624,30.88485476393238,0.4527303452534621,1.216876285849139,5.448657321390977
Random-ET OOD,random_et_test_00043,random_et,Ours-PC-P1,1.261967050862012,31.19092837278381,0.4916293133717737,1.2154508728999645,5.4550472026068215
Random-ET OOD,random_et_test_00043,random_et,Ours-PC-P2A,1.1910166534596722,31.442230231771468,0.5235731347401036,1.215818443801254,5.453398011786381
Random-ET OOD,random_et_test_00044,random_et,Baseline-Ours,1.131565512061078,28.65999991570465,0.33717963967859327,1.0825673050712794,6.1246463412105445
Random-ET OOD,random_et_test_00044,random_et,Ours-PC-P1,1.103200174308862,28.770253513248672,0.3634051346021391,1.0793424488510936,6.142945541682939
Random-ET OOD,random_et_test_00044,random_et,Ours-PC-P2A,1.0720272013668846,28.894738892961968,0.3831248535976608,1.0794640679378062,6.142253439510485
Random-ET OOD,random_et_test_00045,random_et,Baseline-Ours,1.0361583426304148,28.978591290573434,0.39279750649594125,1.4650092718657106,4.525801994191569
Random-ET OOD,random_et_test_00045,random_et,Ours-PC-P1,1.0298996789984987,29.004903477720188,0.39856325325819986,1.465337888803333,4.524787037025047
Random-ET OOD,random_et_test_00045,random_et,Ours-PC-P2A,1.0310982787374894,28.999851789190025,0.3988312406551318,1.4648764138109982,4.526212465165974
Random-ET OOD,random_et_test_00046,random_et,Baseline-Ours,1.0846199244812686,29.08116051960637,0.4023507568871851,2.132486626971513,3.109206782475894
Random-ET OOD,random_et_test_00046,random_et,Ours-PC-P1,1.1229923285953705,28.93016823946536,0.3763796933906042,2.132059989962727,3.109828951968131
Random-ET OOD,random_et_test_00046,random_et,Ours-PC-P2A,1.1187614958735561,28.946560995644095,0.3833603938684972,2.1312101120129228,3.1110690807752546
Random-ET OOD,random_et_test_00047,random_et,Baseline-Ours,1.0191564236465949,27.618881711990817,0.3463367853310585,0.9465825499501079,7.004504662027036
Random-ET OOD,random_et_test_00047,random_et,Ours-PC-P1,1.017280083011451,27.626884594088274,0.3460974590986916,0.9468303420580924,7.002671534275957
Random-ET OOD,random_et_test_00047,random_et,Ours-PC-P2A,1.0204577855051602,27.61333955512327,0.34448808609268805,0.9450087889563292,7.016169544244707
Random-ET OOD,random_et_test_00048,random_et,Baseline-Ours,1.072549608681507,29.231726600130052,0.41038487708560367,0.9592949838843197,6.911682011795567
Random-ET OOD,random_et_test_00048,random_et,Ours-PC-P1,1.0734449399770243,29.228102850396212,0.4020300650689232,0.958016918040812,6.920902709816774
Random-ET OOD,random_et_test_00048,random_et,Ours-PC-P2A,1.0609145174974521,29.27909673754199,0.4067024805712552,0.9583217850886285,6.918700990926316
Random-ET OOD,random_et_test_00049,random_et,Baseline-Ours,1.0356204995926324,28.6587345071676,0.390711565512551,1.9077946811448783,3.475395937334339
Random-ET OOD,random_et_test_00049,random_et,Ours-PC-P1,1.0414889446891842,28.63419446857606,0.37941163709252856,1.9069515459705144,3.476932540907618
Random-ET OOD,random_et_test_00049,random_et,Ours-PC-P2A,1.0428526281727601,28.628511657220024,0.3802186534593087,1.906025221804157,3.4786223226589783
Random-ET OOD,random_et_test_00050,random_et,Baseline-Ours,1.2717399359620818,27.39747110300062,0.17641682304344736,1.3984509950969368,4.7412043091716445
Random-ET OOD,random_et_test_00050,random_et,Ours-PC-P1,1.2128912199716542,27.60323564989866,0.2054310888588484,1.3973422423005104,4.744966324930624
Random-ET OOD,random_et_test_00050,random_et,Ours-PC-P2A,1.1734549843759572,27.74678985078202,0.220143895042631,1.3973291891161352,4.7450106501481715
Random-ET OOD,random_et_test_00051,random_et,Baseline-Ours,1.158637483720274,30.949807361158985,0.4686357005468173,0.6170244838576764,10.745670646107348
Random-ET OOD,random_et_test_00051,random_et,Ours-PC-P1,1.1141883553163827,31.119697179445566,0.49593957270179123,0.6172323317732662,10.74205212982031
Random-ET OOD,random_et_test_00051,random_et,Ours-PC-P2A,1.097392149761211,31.18566463288447,0.5029984161771429,0.6173949895892292,10.739222047348212
Random-ET OOD,random_et_test_00052,random_et,Baseline-Ours,1.046891220014218,28.612930976293853,0.3789957648153521,0.9914596639573574,6.687454997063946
Random-ET OOD,random_et_test_00052,random_et,Ours-PC-P1,1.0356601941675678,28.65977376370563,0.38853883020532504,0.9890205580741167,6.703947486218073
Random-ET OOD,random_et_test_00052,random_et,Ours-PC-P2A,1.0208497780105754,28.722327999294524,0.39545172928481576,0.9888772740960121,6.704918858793813
Random-ET OOD,random_et_test_00053,random_et,Baseline-Ours,1.0968412679451427,26.51746291145624,0.19404580136725774,1.7119411278981715,3.872996434322099
Random-ET OOD,random_et_test_00053,random_et,Ours-PC-P1,1.100629031557418,26.502490823113583,0.19866533973611178,1.711257030023262,3.8745447164233657
Random-ET OOD,random_et_test_00053,random_et,Ours-PC-P2A,1.0932522316095434,26.531696873501794,0.20591585643138588,1.7118836950976402,3.873126371322088
Random-ET OOD,random_et_test_00054,random_et,Baseline-Ours,1.0669390147111073,30.495201660353292,0.5057065758444446,0.42935595382004976,15.442529270009512
Random-ET OOD,random_et_test_00054,random_et,Ours-PC-P1,1.0404053328211162,30.60457188618546,0.5154321820911898,0.42880357103422284,15.462422265111693
Random-ET OOD,random_et_test_00054,random_et,Ours-PC-P2A,1.0286913311007724,30.653746858967494,0.51937212225723,0.42891160282306373,15.458527679080168
Random-ET OOD,random_et_test_00055,random_et,Baseline-Ours,1.0766251872176602,30.566819318822684,0.4554869584630833,1.4030762040056288,4.725575036616023
Random-ET OOD,random_et_test_00055,random_et,Ours-PC-P1,1.0747320642892422,30.574462732710078,0.45471465136187633,1.4012412789743394,4.731763175698159
Random-ET OOD,random_et_test_00055,random_et,Ours-PC-P2A,1.0804483307766328,30.551424626330302,0.4577921164089972,1.4009715770371258,4.732674090463197
Random-ET OOD,random_et_test_00056,random_et,Baseline-Ours,1.037805021703975,29.100427526146827,0.4208661902476982,0.6763580951374024,9.803005141487978
Random-ET OOD,random_et_test_00056,random_et,Ours-PC-P1,1.0201002720511987,29.17515655706684,0.43053061346559424,0.6750880032777786,9.821448243675547
Random-ET OOD,random_et_test_00056,random_et,Ours-PC-P2A,1.0031355968109374,29.247988506453563,0.4365578010383985,0.6751157562248409,9.8210444993833
Random-ET OOD,random_et_test_00057,random_et,Baseline-Ours,1.0350292308573312,26.795625870217595,0.26576158623659163,1.1488105009775609,5.771484399278204
Random-ET OOD,random_et_test_00057,random_et,Ours-PC-P1,1.0312148151354543,26.811660386768764,0.26854393067168664,1.1475256320554763,5.777946652261299
Random-ET OOD,random_et_test_00057,random_et,Ours-PC-P2A,1.0290062751242055,26.820971682348002,0.27362042569190376,1.1473850191105157,5.778654744210442
Random-ET OOD,random_et_test_00058,random_et,Baseline-Ours,1.059971901063665,27.74154680812497,0.33084060901354717,0.9416004582308233,7.041566118793894
Random-ET OOD,random_et_test_00058,random_et,Ours-PC-P1,1.0377821055212921,27.83342879192531,0.3483141320197584,0.9403263721615076,7.05110702029759
Random-ET OOD,random_et_test_00058,random_et,Ours-PC-P2A,1.0330901969942068,27.85310806308535,0.35092812543846863,0.9407883000094444,7.047644920809931
Random-ET OOD,random_et_test_00059,random_et,Baseline-Ours,1.20002789336968,30.705702729287324,0.5103881731120684,3.4621263472363353,1.915106850277629
Random-ET OOD,random_et_test_00059,random_et,Ours-PC-P1,1.1724486161566277,30.806678011732984,0.5103766567490846,3.4602863441687077,1.916125206023038
Random-ET OOD,random_et_test_00059,random_et,Ours-PC-P2A,1.086621379547134,31.136833516018644,0.5405525250615293,3.4603288993239403,1.916101641498405
Random-ET OOD,random_et_test_00060,random_et,Baseline-Ours,1.059458893350644,27.15941933112507,0.26328699360285907,2.0477616239804775,3.2378484909931986
Random-ET OOD,random_et_test_00060,random_et,Ours-PC-P1,1.0455334350537537,27.21688125322713,0.2811782148739963,2.0455027900170535,3.2414240237060215
Random-ET OOD,random_et_test_00060,random_et,Ours-PC-P2A,1.0373027722017567,27.25120490641103,0.28673852531561345,2.045256247976795,3.241814755817432
Random-ET OOD,random_et_test_00061,random_et,Baseline-Ours,1.102353135247414,26.466284650620302,0.20660454717630003,1.424075047019869,4.6558935907164045
Random-ET OOD,random_et_test_00061,random_et,Ours-PC-P1,1.0840161794606271,26.539134458220232,0.21707123320250127,1.4223691350780427,4.661477615482127
Random-ET OOD,random_et_test_00061,random_et,Ours-PC-P2A,1.0782255121707922,26.562395828356724,0.22197951561231183,1.4222884359769523,4.661742102659135
Random-ET OOD,random_et_test_00062,random_et,Baseline-Ours,1.084185148264877,27.72537549827348,0.24783834988059902,2.271919308928773,2.91838792780243
Random-ET OOD,random_et_test_00062,random_et,Ours-PC-P1,1.0792009134381753,27.74538711598645,0.2530390327382535,2.2689397698268294,2.9222203128931064
Random-ET OOD,random_et_test_00062,random_et,Ours-PC-P2A,1.0790199021191647,27.746115506656785,0.2582002811763868,2.269484782824293,2.9215185465433025
Random-ET OOD,random_et_test_00063,random_et,Baseline-Ours,1.0043675261629668,31.550886488001247,0.5713902649712665,0.5594756461214274,11.850992853905092
Random-ET OOD,random_et_test_00063,random_et,Ours-PC-P1,1.0032540817875544,31.555704039440865,0.5718274072960168,0.5584788238629699,11.872145551119074
Random-ET OOD,random_et_test_00063,random_et,Ours-PC-P2A,1.0006207917812426,31.56711800421059,0.5723598932538714,0.5586612960323691,11.86826782382792
Random-ET OOD,random_et_test_00064,random_et,Baseline-Ours,1.030756562308696,29.977617670293426,0.48103162176926695,3.9665087638422847,1.6715813020658195
Random-ET OOD,random_et_test_00064,random_et,Ours-PC-P1,1.0201937654086604,30.02235201097288,0.48344373580052796,3.96433069370687,1.672499697021802
Random-ET OOD,random_et_test_00064,random_et,Ours-PC-P2A,1.017480625227629,30.03391712435274,0.48483265998663627,3.9630212117917836,1.673052333000565
Random-ET OOD,random_et_test_00065,random_et,Baseline-Ours,1.066377735018818,27.88662125330127,0.2933416668584143,1.4140811681281775,4.688798658492545
Random-ET OOD,random_et_test_00065,random_et,Ours-PC-P1,1.0780869734303866,27.839194072129132,0.29155685300410217,1.4116185570601374,4.696978408903494
Random-ET OOD,random_et_test_00065,random_et,Ours-PC-P2A,1.0784499166803703,27.8377322901069,0.29818086229770346,1.4101756911259145,4.701784271167774
Random-ET OOD,random_et_test_00066,random_et,Baseline-Ours,1.171543701683743,29.137433791039943,0.31921877424767736,1.1888418719172478,5.577143639318662
Random-ET OOD,random_et_test_00066,random_et,Ours-PC-P1,1.1307861297613668,29.29121401808528,0.34095748082506194,1.1879599539097399,5.581284000607598
Random-ET OOD,random_et_test_00066,random_et,Ours-PC-P2A,1.1047966938691387,29.392195056666182,0.35792391991003136,1.1867632118519396,5.586912214587733
Random-ET OOD,random_et_test_00067,random_et,Baseline-Ours,1.0152809533147726,27.991823640359968,0.3546649164671552,2.02846686122939,3.2686468834401015
Random-ET OOD,random_et_test_00067,random_et,Ours-PC-P1,1.0139909185006828,27.99734538729497,0.35384252061094157,2.026389226084575,3.271998192040447
Random-ET OOD,random_et_test_00067,random_et,Ours-PC-P2A,1.0197804161899031,27.972619353413457,0.3547085724648831,2.02551296306774,3.2734137006346224
Random-ET OOD,random_et_test_00068,random_et,Baseline-Ours,1.0547461899575372,27.347402798669588,0.2793490057097998,1.5708661989774555,4.2208189904620435
Random-ET OOD,random_et_test_00068,random_et,Ours-PC-P1,1.0709711460119185,27.281104516713413,0.2654768509732007,1.5694776950404048,4.224553114116272
Random-ET OOD,random_et_test_00068,random_et,Ours-PC-P2A,1.0625498160952085,27.315389223904305,0.2746893816059214,1.5693914231378585,4.224785344412162
Random-ET OOD,random_et_test_00069,random_et,Baseline-Ours,1.1248105571798632,28.54846178961283,0.3472946445938756,0.9386479647364467,7.06371518738725
Random-ET OOD,random_et_test_00069,random_et,Ours-PC-P1,1.0593550283715039,28.80884049894349,0.38538112909506705,0.9378830578643829,7.069476123405688
Random-ET OOD,random_et_test_00069,random_et,Ours-PC-P2A,1.0294852521520694,28.93305451596033,0.4022988100125704,0.9377532699145377,7.07045456074307
Random-ET OOD,random_et_test_00070,random_et,Baseline-Ours,1.428207564518573,28.419132030285276,0.20762123052135215,2.2066947158891708,3.0046484619633147
Random-ET OOD,random_et_test_00070,random_et,Ours-PC-P1,1.333311972140527,28.717727580872406,0.23825834678077343,2.2049230930861086,3.0070626521666335
Random-ET OOD,random_et_test_00070,random_et,Ours-PC-P2A,1.279964310376395,28.89506699596602,0.2586999383357532,2.2042646028567106,3.007960965995687
Random-ET OOD,random_et_test_00071,random_et,Baseline-Ours,1.0828097201387796,29.003137611864886,0.42988792421632505,1.0991738468874246,6.032113939841619
Random-ET OOD,random_et_test_00071,random_et,Ours-PC-P1,1.0677174993351866,29.064095430569953,0.4307632434990514,1.097698614001274,6.040220694048608
Random-ET OOD,random_et_test_00071,random_et,Ours-PC-P2A,1.0276325732316587,29.230280633298946,0.4442972231663274,1.0975143029354513,6.041235058518344
Random-ET OOD,random_et_test_00072,random_et,Baseline-Ours,1.4644740040381825,32.58083902719251,0.3534868503709837,2.702021404635161,2.453845063086844
Random-ET OOD,random_et_test_00072,random_et,Ours-PC-P1,1.4785024665667148,32.53943485825067,0.35505415201961044,2.701651975978166,2.4541806061894316
Random-ET OOD,random_et_test_00072,random_et,Ours-PC-P2A,1.495488759511993,32.48982382938574,0.36313665729070727,2.7013039437588304,2.4544967993838314
Random-ET OOD,random_et_test_00073,random_et,Baseline-Ours,1.080896009256943,27.07955753482734,0.22430730933552254,5.592739830957726,1.1855266085180225
Random-ET OOD,random_et_test_00073,random_et,Ours-PC-P1,1.0633190786405662,27.150760711214254,0.24159390791324642,5.5891187358647585,1.18629469107049
Random-ET OOD,random_et_test_00073,random_et,Ours-PC-P2A,1.0594580932968265,27.166558886304696,0.24974947885807738,5.589224724797532,1.1862721952657134
Random-ET OOD,random_et_test_00074,random_et,Baseline-Ours,1.1027171885704217,30.68506854716032,0.48219970002336693,1.062525108922273,6.240174305945744
Random-ET OOD,random_et_test_00074,random_et,Ours-PC-P1,1.1024106054596772,30.68627604230216,0.4792964492292457,1.0612615349236876,6.247604069241745
Random-ET OOD,random_et_test_00074,random_et,Ours-PC-P2A,1.067426550988003,30.826330079178312,0.4958584552705574,1.0607367909979075,6.250694743868887
Random-ET OOD,random_et_test_00075,random_et,Baseline-Ours,1.0228602452847089,28.97508918307433,0.41831914222883076,2.188204229110852,3.0300379625959883
Random-ET OOD,random_et_test_00075,random_et,Ours-PC-P1,1.0172809709024688,28.998843119817682,0.4205269995498037,2.186797820031643,3.0319866900283583
Random-ET OOD,random_et_test_00075,random_et,Ours-PC-P2A,1.0222971460722454,28.977480872279408,0.4179858700776656,2.1869719678070396,3.031745254040667
Random-ET OOD,random_et_test_00076,random_et,Baseline-Ours,1.0501382858510468,30.16277647175251,0.4769082742569428,0.6457320170011371,10.267946624222127
Random-ET OOD,random_et_test_00076,random_et,Ours-PC-P1,1.0434481267854643,30.190532698662082,0.4766917907650346,0.642625356791541,10.317585221383919
Random-ET OOD,random_et_test_00076,random_et,Ours-PC-P2A,1.043010163927242,30.192355842399632,0.4772866501684353,0.6435545850545168,10.302687663327426
Random-ET OOD,random_et_test_00077,random_et,Baseline-Ours,1.0556724844098448,29.059735787407032,0.40840504855045556,0.9810894327238202,6.758142186600671
Random-ET OOD,random_et_test_00077,random_et,Ours-PC-P1,1.0560932406050312,29.05800528339693,0.40711016933201566,0.9779953458346426,6.779522941860722
Random-ET OOD,random_et_test_00077,random_et,Ours-PC-P2A,1.0403719498840844,29.123141310023474,0.41470350242184273,0.9774075387977064,6.783600106333178
Random-ET OOD,random_et_test_00078,random_et,Baseline-Ours,1.0646904407673774,29.23466321620343,0.39613640577283615,1.5396099931094795,4.3065074361643845
Random-ET OOD,random_et_test_00078,random_et,Ours-PC-P1,1.0529344991358396,29.28288332019292,0.4035886349929125,1.5385299851186574,4.309530492255965
Random-ET OOD,random_et_test_00078,random_et,Ours-PC-P2A,1.0470551119267217,29.30720146079166,0.4060612071828495,1.5382301099598408,4.310370627377767
Random-ET OOD,random_et_test_00079,random_et,Baseline-Ours,1.0126943826755752,28.303966659156128,0.3814033362487745,0.8717255077790469,7.605997329378985
Random-ET OOD,random_et_test_00079,random_et,Ours-PC-P1,1.013065027107106,28.302377414129253,0.3812840436872883,0.8711059039924294,7.611407354411173
Random-ET OOD,random_et_test_00079,random_et,Ours-PC-P2A,1.011260782963619,28.310118747979097,0.38237587908817117,0.8716065178159624,7.607035684787009
Random-ET OOD,random_et_test_00080,random_et,Baseline-Ours,1.0678637352563407,26.875170785043323,0.2348034974666927,1.4354456402361393,4.619012868385765
Random-ET OOD,random_et_test_00080,random_et,Ours-PC-P1,1.0611736518627723,26.902464418752366,0.23402524612313655,1.4363604951649904,4.616070900332971
Random-ET OOD,random_et_test_00080,random_et,Ours-PC-P2A,1.0542693193377886,26.93081341147735,0.24057857618756345,1.434078105026856,4.623417553672786
Random-ET OOD,random_et_test_00081,random_et,Baseline-Ours,1.0127105927189526,28.30814539155941,0.386230278180261,0.7538261821027845,8.795584501487799
Random-ET OOD,random_et_test_00081,random_et,Ours-PC-P1,1.0112226835309124,28.31453112851993,0.3903865023848944,0.7503012239467353,8.836906661623233
Random-ET OOD,random_et_test_00081,random_et,Ours-PC-P2A,0.996864705319446,28.376636847475332,0.3945495106982296,0.7501421750057489,8.838780307303955
Random-ET OOD,random_et_test_00082,random_et,Baseline-Ours,1.51662334980208,29.53296301173664,0.3015673714936849,1.4450686539057642,4.588253897971098
Random-ET OOD,random_et_test_00082,random_et,Ours-PC-P1,1.3681675401917173,29.980347228970462,0.3340577679535306,1.4446271827910095,4.589656046281226
Random-ET OOD,random_et_test_00082,random_et,Ours-PC-P2A,1.285490662264478,30.25105095819071,0.3626283855767632,1.4437105448450893,4.592570101945476
Random-ET OOD,random_et_test_00083,random_et,Baseline-Ours,1.0374938963223308,30.804998096612195,0.5209845908241022,0.8768172350246459,7.56182887296074
Random-ET OOD,random_et_test_00083,random_et,Ours-PC-P1,1.0275873304020968,30.84666618969621,0.5238011121418523,0.8794124210253358,7.539513572469715
Random-ET OOD,random_et_test_00083,random_et,Ours-PC-P2A,1.0360786356983136,30.810926347824015,0.5208336458561453,0.8752985841128975,7.574948714030797
Random-ET OOD,random_et_test_00084,random_et,Baseline-Ours,1.3280912904652633,28.805767513219187,0.2596283894237638,1.386227617971599,4.783010955892536
Random-ET OOD,random_et_test_00084,random_et,Ours-PC-P1,1.2092199361405693,29.212993895041784,0.30813804107050746,1.384529208065942,4.7888783028138056
Random-ET OOD,random_et_test_00084,random_et,Ours-PC-P2A,1.174103004506814,29.340984875461306,0.3254472539496075,1.3848431832157075,4.787792556210466
Random-ET OOD,random_et_test_00085,random_et,Baseline-Ours,1.0748226048189582,29.488442605139152,0.35727263616120797,2.2758732999209315,2.9133176633116276
Random-ET OOD,random_et_test_00085,random_et,Ours-PC-P1,1.0807031743290005,29.464746383464195,0.3492703354853509,2.274362083990127,2.9152534377845147
Random-ET OOD,random_et_test_00085,random_et,Ours-PC-P2A,1.0845038405413314,29.4494996457076,0.35327980382139673,2.274917386006564,2.9145418312345868
Random-ET OOD,random_et_test_00086,random_et,Baseline-Ours,1.2160660144304565,29.625860122423067,0.3085514080170323,2.1376912149135023,3.1016368677864707
Random-ET OOD,random_et_test_00086,random_et,Ours-PC-P1,1.2145650637231526,29.631224184008342,0.31091927247015483,2.135462095029652,3.104874537249468
Random-ET OOD,random_et_test_00086,random_et,Ours-PC-P2A,1.2069834962383281,29.65841864530292,0.3212275347610001,2.135674786986783,3.104565322641515
Random-ET OOD,random_et_test_00087,random_et,Baseline-Ours,1.33080947133971,27.089180026891967,0.21802702410084115,1.7231078138574958,3.8478972881422453
Random-ET OOD,random_et_test_00087,random_et,Ours-PC-P1,1.2584592305357751,27.331947431026467,0.24634309166889048,1.7199679659679532,3.85492172837509
Random-ET OOD,random_et_test_00087,random_et,Ours-PC-P2A,1.180877151947368,27.60829180565558,0.27242667128120773,1.7198391088750213,3.855210554233762
Random-ET OOD,random_et_test_00088,random_et,Baseline-Ours,1.2770848867593696,29.318228012482397,0.4039908870461301,3.983386402949691,1.6644987991145457
Random-ET OOD,random_et_test_00088,random_et,Ours-PC-P1,1.209771226735034,29.553393142275283,0.4233259873494427,3.980979521991685,1.6655051470352222
Random-ET OOD,random_et_test_00088,random_et,Ours-PC-P2A,1.1452160448970186,29.791551324873204,0.4525142110730305,3.9795756230596453,1.6660926973467884
Random-ET OOD,random_et_test_00089,random_et,Baseline-Ours,1.1317933176677164,29.262486914997528,0.39475465709145435,0.8050294311251491,8.236148428576177
Random-ET OOD,random_et_test_00089,random_et,Ours-PC-P1,1.1051413897667945,29.365979674076378,0.4099305883455948,0.8039199411869049,8.247515137303292
Random-ET OOD,random_et_test_00089,random_et,Ours-PC-P2A,1.0783434621718395,29.472587333165073,0.4242837696725776,0.8044128681067377,8.242461237255082
Random-ET OOD,random_et_test_00090,random_et,Baseline-Ours,1.060644450287137,31.844307340862255,0.5791839259627439,0.7314858001191169,9.064211339494587
Random-ET OOD,random_et_test_00090,random_et,Ours-PC-P1,1.0500596899700598,31.887865925309292,0.5814781807631773,0.7299279810395092,9.08355626355977
Random-ET OOD,random_et_test_00090,random_et,Ours-PC-P2A,1.0590943012020664,31.850659368171158,0.5785861809719965,0.7307255531195551,9.07364174663558
Random-ET OOD,random_et_test_00091,random_et,Baseline-Ours,1.4730190293105014,27.796600266439434,0.23088372437570623,4.271713220980018,1.5521505169295597
Random-ET OOD,random_et_test_00091,random_et,Ours-PC-P1,1.398195085002229,28.023006013900833,0.2497943257446229,4.2684803020674735,1.553326105524608
Random-ET OOD,random_et_test_00091,random_et,Ours-PC-P2A,1.277842006918555,28.413912036655375,0.2978291637857682,4.2688281228765845,1.5531995417166293
Random-ET OOD,random_et_test_00092,random_et,Baseline-Ours,1.0358094019520334,27.11316115161194,0.31012028850457785,2.6127618371974677,2.537675569860163
Random-ET OOD,random_et_test_00092,random_et,Ours-PC-P1,1.02368345484101,27.164302730823206,0.31772312326848107,2.611289559165016,2.539106343395745
Random-ET OOD,random_et_test_00092,random_et,Ours-PC-P2A,1.0284719611319988,27.144034971296,0.31696263190095675,2.611222297186032,2.5391717477535782
Random-ET OOD,random_et_test_00093,random_et,Baseline-Ours,1.1021283721387667,29.083245364186844,0.3738181493062958,1.3648875788785517,4.857793408572693
Random-ET OOD,random_et_test_00093,random_et,Ours-PC-P1,1.1111376928474848,29.04788805461429,0.37703889891522946,1.3634295999072492,4.86298807402305
Random-ET OOD,random_et_test_00093,random_et,Ours-PC-P2A,1.08812268367453,29.138788215185507,0.3884225554315077,1.36321651795879,4.863748199036571
Random-ET OOD,random_et_test_00094,random_et,Baseline-Ours,1.0784698862942792,27.62018571138573,0.2695047639797873,1.047888883156702,6.327332974604585
Random-ET OOD,random_et_test_00094,random_et,Ours-PC-P1,1.0725311740455554,27.644166622897757,0.27459370693741025,1.0445763061288744,6.347398313762779
Random-ET OOD,random_et_test_00094,random_et,Ours-PC-P2A,1.0637761865509603,27.67976326706868,0.2791985566539366,1.0451652889605612,6.343821359311487
Random-ET OOD,random_et_test_00095,random_et,Baseline-Ours,1.0325178297345308,27.235555406621437,0.2825734344673597,2.7740891529247165,2.390096899780101
Random-ET OOD,random_et_test_00095,random_et,Ours-PC-P1,1.0306307957849554,27.243499872500404,0.2842152006745176,2.772456606151536,2.3915042960122608
Random-ET OOD,random_et_test_00095,random_et,Ours-PC-P2A,1.036670600939692,27.218123239931685,0.28690980613884365,2.7723870479967445,2.3915642979611684
Random-ET OOD,random_et_test_00096,random_et,Baseline-Ours,1.185507560467644,28.73740061852004,0.31057210808396085,1.6273410669527948,4.074340664513754
Random-ET OOD,random_et_test_00096,random_et,Ours-PC-P1,1.1523982717951755,28.860417903348754,0.3214559278054855,1.6266411989927292,4.076093663571721
Random-ET OOD,random_et_test_00096,random_et,Ours-PC-P2A,1.127033029179466,28.957077258645093,0.338613466323265,1.626765334047377,4.07578262540347
Random-ET OOD,random_et_test_00097,random_et,Baseline-Ours,1.0163795800824758,29.09214687655828,0.4241129799402096,1.1123887791763991,5.960453762422888
Random-ET OOD,random_et_test_00097,random_et,Ours-PC-P1,1.0124530229710385,29.108957069128984,0.42533351856817736,1.1111937472596765,5.966863924918681
Random-ET OOD,random_et_test_00097,random_et,Ours-PC-P2A,1.0158058999620507,29.094598589567756,0.4250622996666643,1.110567077063024,5.970230903704975
Random-ET OOD,random_et_test_00098,random_et,Baseline-Ours,1.1282848739303595,29.77593721744434,0.41341720551404887,0.6654017879627645,9.96441849730948
Random-ET OOD,random_et_test_00098,random_et,Ours-PC-P1,1.0995079545450333,29.88814100716833,0.43195449352000004,0.6661778518464416,9.952810448053304
Random-ET OOD,random_et_test_00098,random_et,Ours-PC-P2A,1.0577642232789417,30.056236073393134,0.45266288634441637,0.6658034466672689,9.958407270655723
Random-ET OOD,random_et_test_00099,random_et,Baseline-Ours,1.086477916961653,25.213381611777432,0.1982693298959069,1.1248975307680666,5.894174093876668
Random-ET OOD,random_et_test_00099,random_et,Ours-PC-P1,1.0820870017237543,25.23096872074658,0.19980982778141618,1.1228926798794419,5.904697753333676
Random-ET OOD,random_et_test_00099,random_et,Ours-PC-P2A,1.0600161125367806,25.320465804888805,0.21459895796965595,1.12351840082556,5.901409250838261
