table_method,method,seed,sample_id,family,NMSE,PSNR,SSIM,MAE,runtime_per_sample,network_runtime_per_sample,end_to_end_runtime_per_sample,source
T01_BP,BP,0,line_test_0000,line,2.2823657150261427,27.257161231875642,0.38538562196795195,0.005425859242677689,2.270303390920162,,2.270303390920162,/home/superws/2026_Projects/Codex_reference_plane_real/exp/task_real_006d_800_formal/20260419_112717/mainline_vs_baselines_metrics.json
T01_BP,BP,0,line_test_0001,line,0.8577826717100119,26.576451640923803,0.5512713983864614,0.007646769750863314,2.8481314938981086,,2.8481314938981086,/home/superws/2026_Projects/Codex_reference_plane_real/exp/task_real_006d_800_formal/20260419_112717/mainline_vs_baselines_metrics.json
T01_BP,BP,0,line_test_0002,line,2.3533391217073887,26.48545524166915,0.33156342463012606,0.00656265439465642,1.3091596979647875,,1.3091596979647875,/home/superws/2026_Projects/Codex_reference_plane_real/exp/task_real_006d_800_formal/20260419_112717/mainline_vs_baselines_metrics.json
T01_BP,BP,0,line_test_0003,line,2.6694806575613543,29.646847224166866,0.4582922140345935,0.004059819504618645,2.044884247938171,,2.044884247938171,/home/superws/2026_Projects/Codex_reference_plane_real/exp/task_real_006d_800_formal/20260419_112717/mainline_vs_baselines_metrics.json
T01_BP,BP,0,line_test_0004,line,4.674482262443298,29.941071471111794,0.46295104589883046,0.003568946849554777,1.4630442659836262,,1.4630442659836262,/home/superws/2026_Projects/Codex_reference_plane_real/exp/task_real_006d_800_formal/20260419_112717/mainline_vs_baselines_metrics.json
T01_BP,BP,0,line_test_0005,line,2.415883129590521,28.58625154963443,0.46852065294969913,0.004289555829018354,1.4789664240088314,,1.4789664240088314,/home/superws/2026_Projects/Codex_reference_plane_real/exp/task_real_006d_800_formal/20260419_112717/mainline_vs_baselines_metrics.json
T01_BP,BP,0,line_test_0006,line,1.2049081516070463,30.789501737423116,0.6198315626894746,0.0028437206055969,2.979048114968464,,2.979048114968464,/home/superws/2026_Projects/Codex_reference_plane_real/exp/task_real_006d_800_formal/20260419_112717/mainline_vs_baselines_metrics.json
T01_BP,BP,0,line_test_0007,line,2.272035166831806,26.22475187566105,0.33109082807817525,0.00753936218097806,2.2889845450408757,,2.2889845450408757,/home/superws/2026_Projects/Codex_reference_plane_real/exp/task_real_006d_800_formal/20260419_112717/mainline_vs_baselines_metrics.json
T01_BP,BP,0,line_test_0008,line,0.7834916028802437,26.88040252091412,0.5765818227718844,0.007030543405562639,1.2960890280082822,,1.2960890280082822,/home/superws/2026_Projects/Codex_reference_plane_real/exp/task_real_006d_800_formal/20260419_112717/mainline_vs_baselines_metrics.json
T01_BP,BP,0,line_test_0009,line,1.4814280591788933,28.50001400107207,0.46573008082662937,0.004495170433074236,1.9181896748486906,,1.9181896748486906,/home/superws/2026_Projects/Codex_reference_plane_real/exp/task_real_006d_800_formal/20260419_112717/mainline_vs_baselines_metrics.json
T01_BP,BP,0,line_test_0010,line,2.053149034020431,29.29547069644673,0.5058554088963453,0.003818037686869502,2.6610709810629487,,2.6610709810629487,/home/superws/2026_Projects/Codex_reference_plane_real/exp/task_real_006d_800_formal/20260419_112717/mainline_vs_baselines_metrics.json
T01_BP,BP,0,line_test_0011,line,1.6200129070597373,25.65170464846776,0.33561675396577645,0.008140509016811848,1.3120482950471342,,1.3120482950471342,/home/superws/2026_Projects/Codex_reference_plane_real/exp/task_real_006d_800_formal/20260419_112717/mainline_vs_baselines_metrics.json
T01_BP,BP,0,line_test_0012,line,1.6211211345344194,27.58376497772257,0.4488739906484881,0.005077426787465811,2.038224891992286,,2.038224891992286,/home/superws/2026_Projects/Codex_reference_plane_real/exp/task_real_006d_800_formal/20260419_112717/mainline_vs_baselines_metrics.json
T01_BP,BP,0,line_test_0013,line,0.9985202059270728,27.020166854945142,0.553980249075121,0.0060379840433597565,1.3334822920151055,,1.3334822920151055,/home/superws/2026_Projects/Codex_reference_plane_real/exp/task_real_006d_800_formal/20260419_112717/mainline_vs_baselines_metrics.json
T01_BP,BP,0,line_test_0014,line,2.6193097781337795,30.648092284755954,0.5457640932170542,0.003238435136154294,0.9740079899784178,,0.9740079899784178,/home/superws/2026_Projects/Codex_reference_plane_real/exp/task_real_006d_800_formal/20260419_112717/mainline_vs_baselines_metrics.json
T01_BP,BP,0,line_test_0015,line,4.105567759767723,29.255363481655014,0.4275921239886305,0.0038592186756432056,1.196319131180644,,1.196319131180644,/home/superws/2026_Projects/Codex_reference_plane_real/exp/task_real_006d_800_formal/20260419_112717/mainline_vs_baselines_metrics.json
T01_BP,BP,0,line_test_0016,line,1.3695266961208206,26.8373052448039,0.4002919217169062,0.007009102962911129,1.7345813331194222,,1.7345813331194222,/home/superws/2026_Projects/Codex_reference_plane_real/exp/task_real_006d_800_formal/20260419_112717/mainline_vs_baselines_metrics.json
T01_BP,BP,0,line_test_0017,line,2.6775072663045054,27.817696287016002,0.42152637296095957,0.00534771429374814,0.9798211930319667,,0.9798211930319667,/home/superws/2026_Projects/Codex_reference_plane_real/exp/task_real_006d_800_formal/20260419_112717/mainline_vs_baselines_metrics.json
T01_BP,BP,0,line_test_0018,line,1.488088045740284,27.642317161040943,0.47212594777878336,0.005365233868360519,1.5742957119364291,,1.5742957119364291,/home/superws/2026_Projects/Codex_reference_plane_real/exp/task_real_006d_800_formal/20260419_112717/mainline_vs_baselines_metrics.json
T01_BP,BP,0,line_test_0019,line,1.944866785959768,26.412190336367185,0.39841343726598694,0.005987673066556454,1.3921078138519078,,1.3921078138519078,/home/superws/2026_Projects/Codex_reference_plane_real/exp/task_real_006d_800_formal/20260419_112717/mainline_vs_baselines_metrics.json
T01_BP,BP,0,cross_test_0000,cross,1.7264806859270985,29.808747420927407,0.5272825309380964,0.00432583736255765,1.2934925220906734,,1.2934925220906734,/home/superws/2026_Projects/Codex_reference_plane_real/exp/task_real_006d_800_formal/20260419_112717/mainline_vs_baselines_metrics.json
T01_BP,BP,0,cross_test_0001,cross,0.9765947373231915,26.60353057655147,0.4986146622766269,0.008078200742602348,1.8150647501461208,,1.8150647501461208,/home/superws/2026_Projects/Codex_reference_plane_real/exp/task_real_006d_800_formal/20260419_112717/mainline_vs_baselines_metrics.json
T01_BP,BP,0,cross_test_0002,cross,2.712024860070347,26.03205143474635,0.3450692631999127,0.007192931603640318,1.3667787848971784,,1.3667787848971784,/home/superws/2026_Projects/Codex_reference_plane_real/exp/task_real_006d_800_formal/20260419_112717/mainline_vs_baselines_metrics.json
T01_BP,BP,0,cross_test_0003,cross,1.1262318499480573,27.116622924127544,0.46380922301818084,0.00764435576274991,2.2030857298523188,,2.2030857298523188,/home/superws/2026_Projects/Codex_reference_plane_real/exp/task_real_006d_800_formal/20260419_112717/mainline_vs_baselines_metrics.json
T01_BP,BP,0,cross_test_0004,cross,1.4172368045896482,26.351265234164423,0.4164914252310394,0.008422375656664371,1.87156589794904,,1.87156589794904,/home/superws/2026_Projects/Codex_reference_plane_real/exp/task_real_006d_800_formal/20260419_112717/mainline_vs_baselines_metrics.json
T01_BP,BP,0,cross_test_0005,cross,2.3959902154876236,27.369861497850753,0.3694154084104873,0.0066358125768601894,1.3766822710167617,,1.3766822710167617,/home/superws/2026_Projects/Codex_reference_plane_real/exp/task_real_006d_800_formal/20260419_112717/mainline_vs_baselines_metrics.json
T01_BP,BP,0,cross_test_0006,cross,1.4682417113676858,27.052267110082738,0.5020483461888564,0.004929328337311745,1.482805890031159,,1.482805890031159,/home/superws/2026_Projects/Codex_reference_plane_real/exp/task_real_006d_800_formal/20260419_112717/mainline_vs_baselines_metrics.json
T01_BP,BP,0,cross_test_0007,cross,2.6971494167192382,29.622274626857653,0.5210139456696218,0.0038660061545670033,1.6382140030618757,,1.6382140030618757,/home/superws/2026_Projects/Codex_reference_plane_real/exp/task_real_006d_800_formal/20260419_112717/mainline_vs_baselines_metrics.json
T01_BP,BP,0,cross_test_0008,cross,1.0897138250022484,27.592909461376287,0.5008613509824359,0.006425606552511454,1.3110892449039966,,1.3110892449039966,/home/superws/2026_Projects/Codex_reference_plane_real/exp/task_real_006d_800_formal/20260419_112717/mainline_vs_baselines_metrics.json
T01_BP,BP,0,cross_test_0009,cross,4.184604682191987,26.663055410793362,0.30328745444219835,0.005666006822139025,1.4625347279943526,,1.4625347279943526,/home/superws/2026_Projects/Codex_reference_plane_real/exp/task_real_006d_800_formal/20260419_112717/mainline_vs_baselines_metrics.json
T01_BP,BP,0,cross_test_0010,cross,2.0128471372830274,29.009408822923717,0.47533067800558876,0.004289924632757902,3.159178063971922,,3.159178063971922,/home/superws/2026_Projects/Codex_reference_plane_real/exp/task_real_006d_800_formal/20260419_112717/mainline_vs_baselines_metrics.json
T01_BP,BP,0,cross_test_0011,cross,1.407734462620337,25.82895169755262,0.3436573496624118,0.007919796742498875,1.3494381939526647,,1.3494381939526647,/home/superws/2026_Projects/Codex_reference_plane_real/exp/task_real_006d_800_formal/20260419_112717/mainline_vs_baselines_metrics.json
T01_BP,BP,0,cross_test_0012,cross,1.5632176110062674,29.726408664604747,0.5489558135916652,0.004422320984303951,1.7904682490043342,,1.7904682490043342,/home/superws/2026_Projects/Codex_reference_plane_real/exp/task_real_006d_800_formal/20260419_112717/mainline_vs_baselines_metrics.json
T01_BP,BP,0,cross_test_0013,cross,2.135979377991264,28.366269893422427,0.4071602457686482,0.005656857043504715,3.0388723330106586,,3.0388723330106586,/home/superws/2026_Projects/Codex_reference_plane_real/exp/task_real_006d_800_formal/20260419_112717/mainline_vs_baselines_metrics.json
T01_BP,BP,0,cross_test_0014,cross,1.1366471157315456,27.147267699130563,0.5337046587545855,0.005933031905442476,1.2213245672173798,,1.2213245672173798,/home/superws/2026_Projects/Codex_reference_plane_real/exp/task_real_006d_800_formal/20260419_112717/mainline_vs_baselines_metrics.json
T01_BP,BP,0,L_shape_test_0000,L-shape,1.5168838430550573,24.362650994059862,0.29171501224056257,0.01087245810776949,1.5286046951077878,,1.5286046951077878,/home/superws/2026_Projects/Codex_reference_plane_real/exp/task_real_006d_800_formal/20260419_112717/mainline_vs_baselines_metrics.json
T01_BP,BP,0,L_shape_test_0001,L-shape,1.7074030056220153,25.3400933085701,0.3726218723162974,0.007571162655949593,2.510423911968246,,2.510423911968246,/home/superws/2026_Projects/Codex_reference_plane_real/exp/task_real_006d_800_formal/20260419_112717/mainline_vs_baselines_metrics.json
T01_BP,BP,0,L_shape_test_0002,L-shape,1.7011113524257173,24.973593466109783,0.328964925742598,0.009656105190515518,1.4430967310909182,,1.4430967310909182,/home/superws/2026_Projects/Codex_reference_plane_real/exp/task_real_006d_800_formal/20260419_112717/mainline_vs_baselines_metrics.json
T01_BP,BP,0,L_shape_test_0003,L-shape,1.5207918095286117,25.66760104641981,0.364120384138308,0.008336242288351059,1.6327139809727669,,1.6327139809727669,/home/superws/2026_Projects/Codex_reference_plane_real/exp/task_real_006d_800_formal/20260419_112717/mainline_vs_baselines_metrics.json
T01_BP,BP,0,L_shape_test_0004,L-shape,1.9825556767053385,22.808130918686697,0.1966248808446626,0.014524743892252445,4.089104274054989,,4.089104274054989,/home/superws/2026_Projects/Codex_reference_plane_real/exp/task_real_006d_800_formal/20260419_112717/mainline_vs_baselines_metrics.json
T01_BP,BP,0,L_shape_test_0005,L-shape,1.8912296793150527,24.372276796268192,0.29942747440019146,0.00998105388134718,1.436398653080687,,1.436398653080687,/home/superws/2026_Projects/Codex_reference_plane_real/exp/task_real_006d_800_formal/20260419_112717/mainline_vs_baselines_metrics.json
T01_BP,BP,0,L_shape_test_0006,L-shape,2.5539194567330705,27.089008803977407,0.3602229476721387,0.006123094819486141,1.3639276279136539,,1.3639276279136539,/home/superws/2026_Projects/Codex_reference_plane_real/exp/task_real_006d_800_formal/20260419_112717/mainline_vs_baselines_metrics.json
T01_BP,BP,0,L_shape_test_0007,L-shape,1.2815474987469089,25.922174066387985,0.3734529114836742,0.008462696336209774,1.6576994739007205,,1.6576994739007205,/home/superws/2026_Projects/Codex_reference_plane_real/exp/task_real_006d_800_formal/20260419_112717/mainline_vs_baselines_metrics.json
T01_BP,BP,0,L_shape_test_0008,L-shape,2.149105836222751,27.151830417927133,0.3331657433751245,0.005227058660238981,1.224778549047187,,1.224778549047187,/home/superws/2026_Projects/Codex_reference_plane_real/exp/task_real_006d_800_formal/20260419_112717/mainline_vs_baselines_metrics.json
T01_BP,BP,0,L_shape_test_0009,L-shape,1.546729240936345,24.509096897009126,0.3050732302714346,0.010680262930691242,3.3534988700412214,,3.3534988700412214,/home/superws/2026_Projects/Codex_reference_plane_real/exp/task_real_006d_800_formal/20260419_112717/mainline_vs_baselines_metrics.json
T01_BP,BP,0,L_shape_test_0010,L-shape,1.6576933839986279,28.407410133138328,0.4379292915787853,0.004791459999978542,1.7888200820889324,,1.7888200820889324,/home/superws/2026_Projects/Codex_reference_plane_real/exp/task_real_006d_800_formal/20260419_112717/mainline_vs_baselines_metrics.json
T01_BP,BP,0,L_shape_test_0011,L-shape,4.102952715301918,27.24887859730356,0.3438615582483951,0.00553207378834486,1.1840364399831742,,1.1840364399831742,/home/superws/2026_Projects/Codex_reference_plane_real/exp/task_real_006d_800_formal/20260419_112717/mainline_vs_baselines_metrics.json
T01_BP,BP,0,L_shape_test_0012,L-shape,1.67452619001345,24.519419600766575,0.2761538566311037,0.010515703819692135,2.6250895261764526,,2.6250895261764526,/home/superws/2026_Projects/Codex_reference_plane_real/exp/task_real_006d_800_formal/20260419_112717/mainline_vs_baselines_metrics.json
T01_BP,BP,0,L_shape_test_0013,L-shape,1.1470244319155896,26.666466512586567,0.41062746083882934,0.007140754722058773,2.525412037037313,,2.525412037037313,/home/superws/2026_Projects/Codex_reference_plane_real/exp/task_real_006d_800_formal/20260419_112717/mainline_vs_baselines_metrics.json
T01_BP,BP,0,L_shape_test_0014,L-shape,2.2492880254310186,28.672347327018358,0.4470301018582132,0.004081311635673046,1.3440336189232767,,1.3440336189232767,/home/superws/2026_Projects/Codex_reference_plane_real/exp/task_real_006d_800_formal/20260419_112717/mainline_vs_baselines_metrics.json
T01_BP,BP,0,L_shape_test_0015,L-shape,1.2400238325856368,24.93132326772482,0.3342538411611156,0.009489466436207294,1.8589070281013846,,1.8589070281013846,/home/superws/2026_Projects/Codex_reference_plane_real/exp/task_real_006d_800_formal/20260419_112717/mainline_vs_baselines_metrics.json
T01_BP,BP,0,L_shape_test_0016,L-shape,1.5985438882382204,25.373508218054948,0.3047339018520643,0.009281090460717678,2.1806071421597153,,2.1806071421597153,/home/superws/2026_Projects/Codex_reference_plane_real/exp/task_real_006d_800_formal/20260419_112717/mainline_vs_baselines_metrics.json
T01_BP,BP,0,L_shape_test_0017,L-shape,1.6349522652423054,24.165070761661497,0.28368215001632635,0.011506186798214912,1.9771915338933468,,1.9771915338933468,/home/superws/2026_Projects/Codex_reference_plane_real/exp/task_real_006d_800_formal/20260419_112717/mainline_vs_baselines_metrics.json
T01_BP,BP,0,L_shape_test_0018,L-shape,1.7353470121660117,23.805790363999684,0.2735421085216601,0.010147239081561565,2.7379367270041257,,2.7379367270041257,/home/superws/2026_Projects/Codex_reference_plane_real/exp/task_real_006d_800_formal/20260419_112717/mainline_vs_baselines_metrics.json
T01_BP,BP,0,L_shape_test_0019,L-shape,4.041768058365346,27.264294578138077,0.3263369866726328,0.0058770012110471725,2.3904251558706164,,2.3904251558706164,/home/superws/2026_Projects/Codex_reference_plane_real/exp/task_real_006d_800_formal/20260419_112717/mainline_vs_baselines_metrics.json
T01_BP,BP,0,double_line_test_0000,double-line,1.845067810706683,23.572443516792152,0.28256285061929465,0.009908115491271019,1.5291077550500631,,1.5291077550500631,/home/superws/2026_Projects/Codex_reference_plane_real/exp/task_real_006d_800_formal/20260419_112717/mainline_vs_baselines_metrics.json
T01_BP,BP,0,double_line_test_0001,double-line,1.4671141656780533,24.9724713820088,0.3046753800163507,0.009790753945708275,2.4177223208826035,,2.4177223208826035,/home/superws/2026_Projects/Codex_reference_plane_real/exp/task_real_006d_800_formal/20260419_112717/mainline_vs_baselines_metrics.json
T01_BP,BP,0,double_line_test_0002,double-line,1.4386207966476754,29.666367953547294,0.47951443350377077,0.004365907981991768,1.1812459770590067,,1.1812459770590067,/home/superws/2026_Projects/Codex_reference_plane_real/exp/task_real_006d_800_formal/20260419_112717/mainline_vs_baselines_metrics.json
T01_BP,BP,0,double_line_test_0003,double-line,1.9144138417274008,22.806930016868883,0.23397500463094753,0.015084285289049149,1.8770295979920775,,1.8770295979920775,/home/superws/2026_Projects/Codex_reference_plane_real/exp/task_real_006d_800_formal/20260419_112717/mainline_vs_baselines_metrics.json
T01_BP,BP,0,double_line_test_0004,double-line,1.128449069774692,25.37030375213189,0.43627205247248707,0.009941200725734234,2.384370720013976,,2.384370720013976,/home/superws/2026_Projects/Codex_reference_plane_real/exp/task_real_006d_800_formal/20260419_112717/mainline_vs_baselines_metrics.json
T01_BP,BP,0,double_line_test_0005,double-line,1.357291948604917,24.667565160145443,0.31814108436224325,0.010785178281366825,1.4584487369284034,,1.4584487369284034,/home/superws/2026_Projects/Codex_reference_plane_real/exp/task_real_006d_800_formal/20260419_112717/mainline_vs_baselines_metrics.json
T01_BP,BP,0,double_line_test_0006,double-line,1.6444665816362514,23.14252544574551,0.250039512383654,0.013664256781339645,2.352632546098903,,2.352632546098903,/home/superws/2026_Projects/Codex_reference_plane_real/exp/task_real_006d_800_formal/20260419_112717/mainline_vs_baselines_metrics.json
T01_BP,BP,0,double_line_test_0007,double-line,3.1916488601602664,26.90225580518149,0.3276517424302747,0.006740660406649113,1.509602091042325,,1.509602091042325,/home/superws/2026_Projects/Codex_reference_plane_real/exp/task_real_006d_800_formal/20260419_112717/mainline_vs_baselines_metrics.json
T01_BP,BP,0,double_line_test_0008,double-line,6.51202952788828,20.230330398784737,0.049817783469349404,0.022445784881711006,19.244327600114048,,19.244327600114048,/home/superws/2026_Projects/Codex_reference_plane_real/exp/task_real_006d_800_formal/20260419_112717/mainline_vs_baselines_metrics.json
T01_BP,BP,0,double_line_test_0009,double-line,2.0595535034823196,24.832321211793005,0.31798670614462415,0.009077220223844051,3.037622031988576,,3.037622031988576,/home/superws/2026_Projects/Codex_reference_plane_real/exp/task_real_006d_800_formal/20260419_112717/mainline_vs_baselines_metrics.json
T01_BP,BP,0,double_line_test_0010,double-line,1.9801083925252194,23.37365363115017,0.25207309191310906,0.012426100671291351,2.425020530121401,,2.425020530121401,/home/superws/2026_Projects/Codex_reference_plane_real/exp/task_real_006d_800_formal/20260419_112717/mainline_vs_baselines_metrics.json
T01_BP,BP,0,double_line_test_0011,double-line,1.8574779503875618,25.292961629883525,0.3147436376881749,0.009503538720309734,1.5104942610487342,,1.5104942610487342,/home/superws/2026_Projects/Codex_reference_plane_real/exp/task_real_006d_800_formal/20260419_112717/mainline_vs_baselines_metrics.json
T01_BP,BP,0,double_line_test_0012,double-line,4.301138058523511,24.31294131026535,0.23870165845708177,0.008368591777980328,2.6691141910851,,2.6691141910851,/home/superws/2026_Projects/Codex_reference_plane_real/exp/task_real_006d_800_formal/20260419_112717/mainline_vs_baselines_metrics.json
T01_BP,BP,0,double_line_test_0013,double-line,1.4890808118287508,23.283216209203758,0.290122734629903,0.014751655049622059,2.031650018878281,,2.031650018878281,/home/superws/2026_Projects/Codex_reference_plane_real/exp/task_real_006d_800_formal/20260419_112717/mainline_vs_baselines_metrics.json
T01_BP,BP,0,double_line_test_0014,double-line,1.7473523133529438,23.354163109068345,0.23554464731350558,0.013473544269800186,1.6315659880638123,,1.6315659880638123,/home/superws/2026_Projects/Codex_reference_plane_real/exp/task_real_006d_800_formal/20260419_112717/mainline_vs_baselines_metrics.json
T01_BP,BP,0,small_rect_edge_test_0000,small_rect_edge,1.7185241191916496,27.53731160729208,0.44710800850931487,0.0047261896543204784,1.0322678361553699,,1.0322678361553699,/home/superws/2026_Projects/Codex_reference_plane_real/exp/task_real_006d_800_formal/20260419_112717/mainline_vs_baselines_metrics.json
T01_BP,BP,0,small_rect_edge_test_0001,small_rect_edge,1.4613847582678954,29.149523700093507,0.4795079841008024,0.004047979135066271,1.1764905918389559,,1.1764905918389559,/home/superws/2026_Projects/Codex_reference_plane_real/exp/task_real_006d_800_formal/20260419_112717/mainline_vs_baselines_metrics.json
T01_BP,BP,0,small_rect_edge_test_0002,small_rect_edge,2.1242843899659074,24.449712287556878,0.2591471701402092,0.010670439340174198,1.3217660528607666,,1.3217660528607666,/home/superws/2026_Projects/Codex_reference_plane_real/exp/task_real_006d_800_formal/20260419_112717/mainline_vs_baselines_metrics.json
T01_BP,BP,0,small_rect_edge_test_0003,small_rect_edge,2.1922257026250276,27.100325836456967,0.3699674028935392,0.006443760823458433,1.4549813859630376,,1.4549813859630376,/home/superws/2026_Projects/Codex_reference_plane_real/exp/task_real_006d_800_formal/20260419_112717/mainline_vs_baselines_metrics.json
T01_BP,BP,0,small_rect_edge_test_0004,small_rect_edge,2.3818167024080994,25.382273611025603,0.2738823786099118,0.00861672405153513,1.5309513171669096,,1.5309513171669096,/home/superws/2026_Projects/Codex_reference_plane_real/exp/task_real_006d_800_formal/20260419_112717/mainline_vs_baselines_metrics.json
T01_BP,BP,0,small_rect_edge_test_0005,small_rect_edge,2.070541979905143,26.300877230799543,0.3534373638399704,0.006481236312538385,1.5624835949856788,,1.5624835949856788,/home/superws/2026_Projects/Codex_reference_plane_real/exp/task_real_006d_800_formal/20260419_112717/mainline_vs_baselines_metrics.json
T01_BP,BP,0,small_rect_edge_test_0006,small_rect_edge,2.1132805953149094,26.715599840525805,0.3413119511935727,0.006915635894984007,1.4653675819281489,,1.4653675819281489,/home/superws/2026_Projects/Codex_reference_plane_real/exp/task_real_006d_800_formal/20260419_112717/mainline_vs_baselines_metrics.json
T01_BP,BP,0,small_rect_edge_test_0007,small_rect_edge,2.411662155900286,25.25451654073892,0.253799846091058,0.009046820923686028,1.2198814891744405,,1.2198814891744405,/home/superws/2026_Projects/Codex_reference_plane_real/exp/task_real_006d_800_formal/20260419_112717/mainline_vs_baselines_metrics.json
T01_BP,BP,0,small_rect_edge_test_0008,small_rect_edge,2.931882173730479,23.750711962587637,0.2089412323245499,0.010747422464191914,1.411695344839245,,1.411695344839245,/home/superws/2026_Projects/Codex_reference_plane_real/exp/task_real_006d_800_formal/20260419_112717/mainline_vs_baselines_metrics.json
T01_BP,BP,0,small_rect_edge_test_0009,small_rect_edge,2.7002432302769184,26.581783726199486,0.33020463883873946,0.006941220723092556,1.263479224871844,,1.263479224871844,/home/superws/2026_Projects/Codex_reference_plane_real/exp/task_real_006d_800_formal/20260419_112717/mainline_vs_baselines_metrics.json
T01_BP,BP,0,point_cluster_test_0000,point_cluster,5.0797865040494035,25.859869659824266,0.28678072219628864,0.006547453813254833,2.2427634408231825,,2.2427634408231825,/home/superws/2026_Projects/Codex_reference_plane_real/exp/task_real_006d_800_formal/20260419_112717/mainline_vs_baselines_metrics.json
T01_BP,BP,0,point_cluster_test_0001,point_cluster,2.2675734543426334,28.115554769644522,0.38645519462948,0.0068526905961334705,2.0300000850111246,,2.0300000850111246,/home/superws/2026_Projects/Codex_reference_plane_real/exp/task_real_006d_800_formal/20260419_112717/mainline_vs_baselines_metrics.json
T01_BP,BP,0,point_cluster_test_0002,point_cluster,4.738534355799894,28.8491982978892,0.42393944356050506,0.004330189898610115,1.094149055192247,,1.094149055192247,/home/superws/2026_Projects/Codex_reference_plane_real/exp/task_real_006d_800_formal/20260419_112717/mainline_vs_baselines_metrics.json
T01_BP,BP,0,point_cluster_test_0003,point_cluster,3.5701144787014076,30.337269441195744,0.5164825292527622,0.003039981471374631,1.7692368829157203,,1.7692368829157203,/home/superws/2026_Projects/Codex_reference_plane_real/exp/task_real_006d_800_formal/20260419_112717/mainline_vs_baselines_metrics.json
T01_BP,BP,0,point_cluster_test_0004,point_cluster,3.3423440146176597,26.17787781721377,0.27310943300453494,0.00885161105543375,1.6554710329510272,,1.6554710329510272,/home/superws/2026_Projects/Codex_reference_plane_real/exp/task_real_006d_800_formal/20260419_112717/mainline_vs_baselines_metrics.json
T01_BP,BP,0,point_cluster_test_0005,point_cluster,1.9938195667231977,28.369092865261077,0.41738856087818776,0.005805635824799538,1.1377599008847028,,1.1377599008847028,/home/superws/2026_Projects/Codex_reference_plane_real/exp/task_real_006d_800_formal/20260419_112717/mainline_vs_baselines_metrics.json
T01_BP,BP,0,point_cluster_test_0006,point_cluster,8.207139246495965,25.92606292195985,0.29696697602242,0.0058827996253967285,2.9644656819291413,,2.9644656819291413,/home/superws/2026_Projects/Codex_reference_plane_real/exp/task_real_006d_800_formal/20260419_112717/mainline_vs_baselines_metrics.json
T01_BP,BP,0,point_cluster_test_0007,point_cluster,6.758634781484201,27.309523126408845,0.3731970922531078,0.004965198691934347,1.302526026032865,,1.302526026032865,/home/superws/2026_Projects/Codex_reference_plane_real/exp/task_real_006d_800_formal/20260419_112717/mainline_vs_baselines_metrics.json
T01_BP,BP,0,point_cluster_test_0008,point_cluster,3.307552132139458,29.5549745410375,0.4664676806162822,0.003652650397270918,1.2699136149603873,,1.2699136149603873,/home/superws/2026_Projects/Codex_reference_plane_real/exp/task_real_006d_800_formal/20260419_112717/mainline_vs_baselines_metrics.json
T01_BP,BP,0,point_cluster_test_0009,point_cluster,8.968151289200714,26.552386357203495,0.3487010066310092,0.004723741672933102,1.8620100249536335,,1.8620100249536335,/home/superws/2026_Projects/Codex_reference_plane_real/exp/task_real_006d_800_formal/20260419_112717/mainline_vs_baselines_metrics.json
T01_BP,BP,0,point_cluster_test_0010,point_cluster,3.0863768846710014,26.388161529899342,0.2706517085069876,0.007854699157178402,1.9068204250652343,,1.9068204250652343,/home/superws/2026_Projects/Codex_reference_plane_real/exp/task_real_006d_800_formal/20260419_112717/mainline_vs_baselines_metrics.json
T01_BP,BP,0,point_cluster_test_0011,point_cluster,2.222026243580075,31.43955663707406,0.6062683319342617,0.0031034257262945175,1.325689122080803,,1.325689122080803,/home/superws/2026_Projects/Codex_reference_plane_real/exp/task_real_006d_800_formal/20260419_112717/mainline_vs_baselines_metrics.json
T01_BP,BP,0,point_cluster_test_0012,point_cluster,4.120808061957693,27.50492274815423,0.32503937679126127,0.005960692185908556,1.5167963078711182,,1.5167963078711182,/home/superws/2026_Projects/Codex_reference_plane_real/exp/task_real_006d_800_formal/20260419_112717/mainline_vs_baselines_metrics.json
T01_BP,BP,0,point_cluster_test_0013,point_cluster,2.848767607223068,27.814046422270433,0.33663924434330106,0.006966870278120041,1.6351484088227153,,1.6351484088227153,/home/superws/2026_Projects/Codex_reference_plane_real/exp/task_real_006d_800_formal/20260419_112717/mainline_vs_baselines_metrics.json
T01_BP,BP,0,point_cluster_test_0014,point_cluster,2.4532326247061467,30.364366569424636,0.5247996621360118,0.003039867850020528,1.202355262124911,,1.202355262124911,/home/superws/2026_Projects/Codex_reference_plane_real/exp/task_real_006d_800_formal/20260419_112717/mainline_vs_baselines_metrics.json
T01_BP,BP,0,point_cluster_test_0015,point_cluster,4.004616452870192,28.370175531702234,0.37659661839937375,0.0048841615207493305,1.6278370111249387,,1.6278370111249387,/home/superws/2026_Projects/Codex_reference_plane_real/exp/task_real_006d_800_formal/20260419_112717/mainline_vs_baselines_metrics.json
T01_BP,BP,0,point_cluster_test_0016,point_cluster,3.5623383961873993,26.361345165158742,0.31294738728695404,0.007703032810240984,2.3110168331768364,,2.3110168331768364,/home/superws/2026_Projects/Codex_reference_plane_real/exp/task_real_006d_800_formal/20260419_112717/mainline_vs_baselines_metrics.json
T01_BP,BP,0,point_cluster_test_0017,point_cluster,10.797785376847047,25.813361915912377,0.3383068650976827,0.004774733912199736,1.092311707092449,,1.092311707092449,/home/superws/2026_Projects/Codex_reference_plane_real/exp/task_real_006d_800_formal/20260419_112717/mainline_vs_baselines_metrics.json
T01_BP,BP,0,point_cluster_test_0018,point_cluster,8.845182582845798,26.268576135154152,0.2888018047645775,0.006016314495354891,1.7837870991788805,,1.7837870991788805,/home/superws/2026_Projects/Codex_reference_plane_real/exp/task_real_006d_800_formal/20260419_112717/mainline_vs_baselines_metrics.json
T01_BP,BP,0,point_cluster_test_0019,point_cluster,4.70048613291644,28.172448736471722,0.38361433126466904,0.004515704233199358,2.6466459431685507,,2.6466459431685507,/home/superws/2026_Projects/Codex_reference_plane_real/exp/task_real_006d_800_formal/20260419_112717/mainline_vs_baselines_metrics.json
T02_ref3,ref3,0,line_test_0000,line,2.3802509444870017,27.07478623842836,0.3825261612118287,0.004847067408263683,0.44470125809311867,,0.44470125809311867,/home/superws/2026_Projects/Codex_reference_plane_real/exp/task_real_006d_800_formal/20260419_112717/mainline_vs_baselines_metrics.json
T02_ref3,ref3,0,line_test_0001,line,2.8095012944802833,21.423931945356394,0.13889635238782713,0.018482092767953873,0.5866096348036081,,0.5866096348036081,/home/superws/2026_Projects/Codex_reference_plane_real/exp/task_real_006d_800_formal/20260419_112717/mainline_vs_baselines_metrics.json
T02_ref3,ref3,0,line_test_0002,line,4.807651813460952,23.382970345778627,0.13800560093434078,0.013160272501409054,0.26111524598672986,,0.26111524598672986,/home/superws/2026_Projects/Codex_reference_plane_real/exp/task_real_006d_800_formal/20260419_112717/mainline_vs_baselines_metrics.json
T02_ref3,ref3,0,line_test_0003,line,20.815884979731333,20.72716650864688,0.03983880943284683,0.017313355579972267,0.4050544840283692,,0.4050544840283692,/home/superws/2026_Projects/Codex_reference_plane_real/exp/task_real_006d_800_formal/20260419_112717/mainline_vs_baselines_metrics.json
T02_ref3,ref3,0,line_test_0004,line,4.649641262704731,29.964212165871572,0.4553805125801917,0.0038088178262114525,0.2868858410511166,,0.2868858410511166,/home/superws/2026_Projects/Codex_reference_plane_real/exp/task_real_006d_800_formal/20260419_112717/mainline_vs_baselines_metrics.json
T02_ref3,ref3,0,line_test_0005,line,6.786229838878678,24.1007251453845,0.15493485578576247,0.010280394926667213,0.2762614849489182,,0.2762614849489182,/home/superws/2026_Projects/Codex_reference_plane_real/exp/task_real_006d_800_formal/20260419_112717/mainline_vs_baselines_metrics.json
T02_ref3,ref3,0,line_test_0006,line,10.60137618062908,21.345418914537504,0.08446241488050694,0.01284397765994072,0.5729199398774654,,0.5729199398774654,/home/superws/2026_Projects/Codex_reference_plane_real/exp/task_real_006d_800_formal/20260419_112717/mainline_vs_baselines_metrics.json
T02_ref3,ref3,0,line_test_0007,line,4.426647906072224,23.32815268619378,0.16619566648424866,0.010784328915178776,0.4243341041728854,,0.4243341041728854,/home/superws/2026_Projects/Codex_reference_plane_real/exp/task_real_006d_800_formal/20260419_112717/mainline_vs_baselines_metrics.json
T02_ref3,ref3,0,line_test_0008,line,1.8135518536743036,23.235446376161633,0.23123112055233644,0.014363869093358517,0.26976427994668484,,0.26976427994668484,/home/superws/2026_Projects/Codex_reference_plane_real/exp/task_real_006d_800_formal/20260419_112717/mainline_vs_baselines_metrics.json
T02_ref3,ref3,0,line_test_0009,line,3.072263364576465,25.33223538731692,0.23050864512863198,0.008944889530539513,0.3743739298079163,,0.3743739298079163,/home/superws/2026_Projects/Codex_reference_plane_real/exp/task_real_006d_800_formal/20260419_112717/mainline_vs_baselines_metrics.json
T02_ref3,ref3,0,line_test_0010,line,4.9294071940408974,25.491728215192296,0.23530805952593553,0.007784923072904348,0.4673697310499847,,0.4673697310499847,/home/superws/2026_Projects/Codex_reference_plane_real/exp/task_real_006d_800_formal/20260419_112717/mainline_vs_baselines_metrics.json
T02_ref3,ref3,0,line_test_0011,line,1.3147859913230748,26.558338904591263,0.3291600565470073,0.006723260506987572,0.26970504503697157,,0.26970504503697157,/home/superws/2026_Projects/Codex_reference_plane_real/exp/task_real_006d_800_formal/20260419_112717/mainline_vs_baselines_metrics.json
T02_ref3,ref3,0,line_test_0012,line,3.5992917109430396,24.119749132379656,0.18949062841425662,0.010440508835017681,0.3941409320104867,,0.3941409320104867,/home/superws/2026_Projects/Codex_reference_plane_real/exp/task_real_006d_800_formal/20260419_112717/mainline_vs_baselines_metrics.json
T02_ref3,ref3,0,line_test_0013,line,3.117376110988589,22.07584341427855,0.19016827927944632,0.01393706165254116,0.276515789097175,,0.276515789097175,/home/superws/2026_Projects/Codex_reference_plane_real/exp/task_real_006d_800_formal/20260419_112717/mainline_vs_baselines_metrics.json
T02_ref3,ref3,0,line_test_0014,line,3.1051062043979045,29.90919653102088,0.4446150998744279,0.004324931651353836,0.19401956791989505,,0.19401956791989505,/home/superws/2026_Projects/Codex_reference_plane_real/exp/task_real_006d_800_formal/20260419_112717/mainline_vs_baselines_metrics.json
T02_ref3,ref3,0,line_test_0015,line,11.342034748113198,24.8421861212335,0.16921340935711962,0.008140262216329575,0.2189869519788772,,0.2189869519788772,/home/superws/2026_Projects/Codex_reference_plane_real/exp/task_real_006d_800_formal/20260419_112717/mainline_vs_baselines_metrics.json
T02_ref3,ref3,0,line_test_0016,line,3.4204998338397994,22.862114676284474,0.1443160330839841,0.014005864039063454,0.34793282207101583,,0.34793282207101583,/home/superws/2026_Projects/Codex_reference_plane_real/exp/task_real_006d_800_formal/20260419_112717/mainline_vs_baselines_metrics.json
T02_ref3,ref3,0,line_test_0017,line,1.7248491085084598,29.72749163043329,0.4591276436787117,0.004199373535811901,0.21202051104046404,,0.21202051104046404,/home/superws/2026_Projects/Codex_reference_plane_real/exp/task_real_006d_800_formal/20260419_112717/mainline_vs_baselines_metrics.json
T02_ref3,ref3,0,line_test_0018,line,3.847254494079633,23.517094010274405,0.16841588996073928,0.011343679390847683,0.2913023899309337,,0.2913023899309337,/home/superws/2026_Projects/Codex_reference_plane_real/exp/task_real_006d_800_formal/20260419_112717/mainline_vs_baselines_metrics.json
T02_ref3,ref3,0,line_test_0019,line,5.588556219707127,21.82809236699163,0.11150610035696375,0.013699670322239399,0.2658910609316081,,0.2658910609316081,/home/superws/2026_Projects/Codex_reference_plane_real/exp/task_real_006d_800_formal/20260419_112717/mainline_vs_baselines_metrics.json
T02_ref3,ref3,0,cross_test_0000,cross,10.753727009748326,21.864774348822444,0.06885125524766704,0.016591349616646767,0.2729747951962054,,0.2729747951962054,/home/superws/2026_Projects/Codex_reference_plane_real/exp/task_real_006d_800_formal/20260419_112717/mainline_vs_baselines_metrics.json
T02_ref3,ref3,0,cross_test_0001,cross,2.15543072326895,23.165333476123813,0.2303705837373378,0.014476739801466465,0.36548636807128787,,0.36548636807128787,/home/superws/2026_Projects/Codex_reference_plane_real/exp/task_real_006d_800_formal/20260419_112717/mainline_vs_baselines_metrics.json
T02_ref3,ref3,0,cross_test_0002,cross,2.701914913956144,26.048271501408237,0.26968484183952673,0.007455948740243912,0.2668134199921042,,0.2668134199921042,/home/superws/2026_Projects/Codex_reference_plane_real/exp/task_real_006d_800_formal/20260419_112717/mainline_vs_baselines_metrics.json
T02_ref3,ref3,0,cross_test_0003,cross,2.373120475336822,23.879702903179798,0.24715704033249272,0.01165051106363535,0.42924810806289315,,0.42924810806289315,/home/superws/2026_Projects/Codex_reference_plane_real/exp/task_real_006d_800_formal/20260419_112717/mainline_vs_baselines_metrics.json
T02_ref3,ref3,0,cross_test_0004,cross,2.891044503253579,23.25514144506613,0.2198308381926557,0.012470589950680733,0.38197561586275697,,0.38197561586275697,/home/superws/2026_Projects/Codex_reference_plane_real/exp/task_real_006d_800_formal/20260419_112717/mainline_vs_baselines_metrics.json
T02_ref3,ref3,0,cross_test_0005,cross,10.671320116224576,20.88253055030414,0.043164886577722134,0.021378768607974052,0.2993548521772027,,0.2993548521772027,/home/superws/2026_Projects/Codex_reference_plane_real/exp/task_real_006d_800_formal/20260419_112717/mainline_vs_baselines_metrics.json
T02_ref3,ref3,0,cross_test_0006,cross,2.25428169229143,25.19016074646297,0.3660811784891298,0.00659990357235074,0.30555817601270974,,0.30555817601270974,/home/superws/2026_Projects/Codex_reference_plane_real/exp/task_real_006d_800_formal/20260419_112717/mainline_vs_baselines_metrics.json
T02_ref3,ref3,0,cross_test_0007,cross,6.200106690590632,26.007332704804927,0.27205166423574995,0.006666935048997402,0.3116384278982878,,0.3116384278982878,/home/superws/2026_Projects/Codex_reference_plane_real/exp/task_real_006d_800_formal/20260419_112717/mainline_vs_baselines_metrics.json
T02_ref3,ref3,0,cross_test_0008,cross,3.7173170649120486,22.263738013022415,0.1142077031346542,0.016891146078705788,0.27715429896488786,,0.27715429896488786,/home/superws/2026_Projects/Codex_reference_plane_real/exp/task_real_006d_800_formal/20260419_112717/mainline_vs_baselines_metrics.json
T02_ref3,ref3,0,cross_test_0009,cross,6.4984573299944435,24.75149696445634,0.1838999514997055,0.008267752826213837,0.29233836801722646,,0.29233836801722646,/home/superws/2026_Projects/Codex_reference_plane_real/exp/task_real_006d_800_formal/20260419_112717/mainline_vs_baselines_metrics.json
T02_ref3,ref3,0,cross_test_0010,cross,11.41240889185101,21.47374336267915,0.05837932900363861,0.016331734135746956,0.5822566810529679,,0.5822566810529679,/home/superws/2026_Projects/Codex_reference_plane_real/exp/task_real_006d_800_formal/20260419_112717/mainline_vs_baselines_metrics.json
T02_ref3,ref3,0,cross_test_0011,cross,3.645834490222038,21.69618971048582,0.10496867248424277,0.018717769533395767,0.29575930815190077,,0.29575930815190077,/home/superws/2026_Projects/Codex_reference_plane_real/exp/task_real_006d_800_formal/20260419_112717/mainline_vs_baselines_metrics.json
T02_ref3,ref3,0,cross_test_0012,cross,3.8658607119766355,25.79414091708026,0.2786096213203514,0.007573322393000126,0.3552348739467561,,0.3552348739467561,/home/superws/2026_Projects/Codex_reference_plane_real/exp/task_real_006d_800_formal/20260419_112717/mainline_vs_baselines_metrics.json
T02_ref3,ref3,0,cross_test_0013,cross,8.182413694702488,22.533426337619055,0.06693676175344941,0.017392681911587715,0.5720149129629135,,0.5720149129629135,/home/superws/2026_Projects/Codex_reference_plane_real/exp/task_real_006d_800_formal/20260419_112717/mainline_vs_baselines_metrics.json
T02_ref3,ref3,0,cross_test_0014,cross,2.19688149928185,24.28545770831958,0.229496313676244,0.010209028609097004,0.2474258120637387,,0.2474258120637387,/home/superws/2026_Projects/Codex_reference_plane_real/exp/task_real_006d_800_formal/20260419_112717/mainline_vs_baselines_metrics.json
T02_ref3,ref3,0,L_shape_test_0000,L-shape,3.0429111770592057,21.339281504715245,0.09227929327432895,0.0199446938931942,0.32394825713708997,,0.32394825713708997,/home/superws/2026_Projects/Codex_reference_plane_real/exp/task_real_006d_800_formal/20260419_112717/mainline_vs_baselines_metrics.json
T02_ref3,ref3,0,L_shape_test_0001,L-shape,2.5611217491567078,23.57915155505416,0.22686428053173077,0.011385496705770493,0.4733868578914553,,0.4733868578914553,/home/superws/2026_Projects/Codex_reference_plane_real/exp/task_real_006d_800_formal/20260419_112717/mainline_vs_baselines_metrics.json
T02_ref3,ref3,0,L_shape_test_0002,L-shape,5.243198565646372,20.084957506129122,0.06497218249078694,0.023905368521809578,0.29868547595106065,,0.29868547595106065,/home/superws/2026_Projects/Codex_reference_plane_real/exp/task_real_006d_800_formal/20260419_112717/mainline_vs_baselines_metrics.json
T02_ref3,ref3,0,L_shape_test_0003,L-shape,2.864450051882877,22.91788644436342,0.14939910995875008,0.014397700317203999,0.3219369330909103,,0.3219369330909103,/home/superws/2026_Projects/Codex_reference_plane_real/exp/task_real_006d_800_formal/20260419_112717/mainline_vs_baselines_metrics.json
T02_ref3,ref3,0,L_shape_test_0004,L-shape,2.4443019889460547,21.898836214355015,0.1180024371881098,0.019108491018414497,0.7632147800177336,,0.7632147800177336,/home/superws/2026_Projects/Codex_reference_plane_real/exp/task_real_006d_800_formal/20260419_112717/mainline_vs_baselines_metrics.json
T02_ref3,ref3,0,L_shape_test_0005,L-shape,2.6114448965110353,22.970910897310183,0.14126028470119179,0.014901294372975826,0.2900281138718128,,0.2900281138718128,/home/superws/2026_Projects/Codex_reference_plane_real/exp/task_real_006d_800_formal/20260419_112717/mainline_vs_baselines_metrics.json
T02_ref3,ref3,0,L_shape_test_0006,L-shape,3.0155357082981524,26.36743583509655,0.273437965604994,0.007584443781524897,0.2720898068509996,,0.2720898068509996,/home/superws/2026_Projects/Codex_reference_plane_real/exp/task_real_006d_800_formal/20260419_112717/mainline_vs_baselines_metrics.json
T02_ref3,ref3,0,L_shape_test_0007,L-shape,2.0580469676245943,23.864968329970143,0.22518585411396555,0.011804604902863503,0.3519696928560734,,0.3519696928560734,/home/superws/2026_Projects/Codex_reference_plane_real/exp/task_real_006d_800_formal/20260419_112717/mainline_vs_baselines_metrics.json
T02_ref3,ref3,0,L_shape_test_0008,L-shape,3.9257124046223932,24.535223746564444,0.1517940992573826,0.011288892477750778,0.2509780649561435,,0.2509780649561435,/home/superws/2026_Projects/Codex_reference_plane_real/exp/task_real_006d_800_formal/20260419_112717/mainline_vs_baselines_metrics.json
T02_ref3,ref3,0,L_shape_test_0009,L-shape,5.426535435410413,19.05801342341531,0.055014476954555934,0.02903236262500286,0.6705258209258318,,0.6705258209258318,/home/superws/2026_Projects/Codex_reference_plane_real/exp/task_real_006d_800_formal/20260419_112717/mainline_vs_baselines_metrics.json
T02_ref3,ref3,0,L_shape_test_0010,L-shape,2.991112256922217,25.844124880245033,0.2557087740372253,0.00795796886086464,0.3504506549797952,,0.3504506549797952,/home/superws/2026_Projects/Codex_reference_plane_real/exp/task_real_006d_800_formal/20260419_112717/mainline_vs_baselines_metrics.json
T02_ref3,ref3,0,L_shape_test_0011,L-shape,2.9436238075839745,28.691020540287305,0.3587993153961883,0.005845237988978624,0.23060705210082233,,0.23060705210082233,/home/superws/2026_Projects/Codex_reference_plane_real/exp/task_real_006d_800_formal/20260419_112717/mainline_vs_baselines_metrics.json
T02_ref3,ref3,0,L_shape_test_0012,L-shape,1.4944414723816883,25.0135498933495,0.2895905895943398,0.009194079786539078,0.5043763320427388,,0.5043763320427388,/home/superws/2026_Projects/Codex_reference_plane_real/exp/task_real_006d_800_formal/20260419_112717/mainline_vs_baselines_metrics.json
T02_ref3,ref3,0,L_shape_test_0013,L-shape,1.6815826113718695,25.005011336679388,0.2601414049761634,0.009763726033270359,0.4887808980420232,,0.4887808980420232,/home/superws/2026_Projects/Codex_reference_plane_real/exp/task_real_006d_800_formal/20260419_112717/mainline_vs_baselines_metrics.json
T02_ref3,ref3,0,L_shape_test_0014,L-shape,3.748547361567417,26.454167979392377,0.24751686536190284,0.007755553349852562,0.25715525704436004,,0.25715525704436004,/home/superws/2026_Projects/Codex_reference_plane_real/exp/task_real_006d_800_formal/20260419_112717/mainline_vs_baselines_metrics.json
T02_ref3,ref3,0,L_shape_test_0015,L-shape,2.5847282716709543,21.741474533725725,0.1267341368016889,0.019355561584234238,0.3775456720031798,,0.3775456720031798,/home/superws/2026_Projects/Codex_reference_plane_real/exp/task_real_006d_800_formal/20260419_112717/mainline_vs_baselines_metrics.json
T02_ref3,ref3,0,L_shape_test_0016,L-shape,1.9683844789345752,24.469654597883007,0.2327814117408584,0.01114949956536293,0.4289322679396719,,0.4289322679396719,/home/superws/2026_Projects/Codex_reference_plane_real/exp/task_real_006d_800_formal/20260419_112717/mainline_vs_baselines_metrics.json
T02_ref3,ref3,0,L_shape_test_0017,L-shape,2.7173505052346063,21.958664994118116,0.1454454158288662,0.016943052411079407,0.39598513999953866,,0.39598513999953866,/home/superws/2026_Projects/Codex_reference_plane_real/exp/task_real_006d_800_formal/20260419_112717/mainline_vs_baselines_metrics.json
T02_ref3,ref3,0,L_shape_test_0018,L-shape,2.0331411919772306,23.11797808350686,0.18169766669027637,0.013153130188584328,0.5470062829554081,,0.5470062829554081,/home/superws/2026_Projects/Codex_reference_plane_real/exp/task_real_006d_800_formal/20260419_112717/mainline_vs_baselines_metrics.json
T02_ref3,ref3,0,L_shape_test_0019,L-shape,11.131529136575391,22.864459928916983,0.0865607709487707,0.012968703173100948,0.46026307507418096,,0.46026307507418096,/home/superws/2026_Projects/Codex_reference_plane_real/exp/task_real_006d_800_formal/20260419_112717/mainline_vs_baselines_metrics.json
T02_ref3,ref3,0,double_line_test_0000,double-line,1.4189561916965179,24.712876898541637,0.32368730959949105,0.00894961878657341,0.2972346500027925,,0.2972346500027925,/home/superws/2026_Projects/Codex_reference_plane_real/exp/task_real_006d_800_formal/20260419_112717/mainline_vs_baselines_metrics.json
T02_ref3,ref3,0,double_line_test_0001,double-line,2.2537478413249934,23.108057155720658,0.16796838724166624,0.014489470981061459,0.49089132994413376,,0.49089132994413376,/home/superws/2026_Projects/Codex_reference_plane_real/exp/task_real_006d_800_formal/20260419_112717/mainline_vs_baselines_metrics.json
T02_ref3,ref3,0,double_line_test_0002,double-line,1.347697752556682,29.949906212283317,0.47839494157162543,0.002656852826476097,0.24695486319251359,,0.24695486319251359,/home/superws/2026_Projects/Codex_reference_plane_real/exp/task_real_006d_800_formal/20260419_112717/mainline_vs_baselines_metrics.json
T02_ref3,ref3,0,double_line_test_0003,double-line,2.032300334940617,22.547409483099422,0.18892443253079708,0.017394784837961197,0.4020757218822837,,0.4020757218822837,/home/superws/2026_Projects/Codex_reference_plane_real/exp/task_real_006d_800_formal/20260419_112717/mainline_vs_baselines_metrics.json
T02_ref3,ref3,0,double_line_test_0004,double-line,1.8021684738711559,23.337169241489132,0.2183967914429537,0.01453909371048212,0.48418160784058273,,0.48418160784058273,/home/superws/2026_Projects/Codex_reference_plane_real/exp/task_real_006d_800_formal/20260419_112717/mainline_vs_baselines_metrics.json
T02_ref3,ref3,0,double_line_test_0005,double-line,1.0515953789530075,25.77581109340973,0.27927709485082103,0.005461409222334623,0.32450959784910083,,0.32450959784910083,/home/superws/2026_Projects/Codex_reference_plane_real/exp/task_real_006d_800_formal/20260419_112717/mainline_vs_baselines_metrics.json
T02_ref3,ref3,0,double_line_test_0006,double-line,2.4569996535427463,21.398725187332026,0.16274390659856275,0.01755886897444725,0.47785190609283745,,0.47785190609283745,/home/superws/2026_Projects/Codex_reference_plane_real/exp/task_real_006d_800_formal/20260419_112717/mainline_vs_baselines_metrics.json
T02_ref3,ref3,0,double_line_test_0007,double-line,11.619962046353578,21.290359695995093,0.052719236633647824,0.01798316091299057,0.3049564219545573,,0.3049564219545573,/home/superws/2026_Projects/Codex_reference_plane_real/exp/task_real_006d_800_formal/20260419_112717/mainline_vs_baselines_metrics.json
T02_ref3,ref3,0,double_line_test_0008,double-line,6.393358612580016,20.31020316479955,0.050341055234826786,0.023033034056425095,2.5163959378842264,,2.5163959378842264,/home/superws/2026_Projects/Codex_reference_plane_real/exp/task_real_006d_800_formal/20260419_112717/mainline_vs_baselines_metrics.json
T02_ref3,ref3,0,double_line_test_0009,double-line,3.1704852829823147,22.958794699562993,0.16987633294568028,0.013805760070681572,0.5677653087768704,,0.5677653087768704,/home/superws/2026_Projects/Codex_reference_plane_real/exp/task_real_006d_800_formal/20260419_112717/mainline_vs_baselines_metrics.json
T02_ref3,ref3,0,double_line_test_0010,double-line,2.6369076156483358,22.12959430612617,0.1698501690578966,0.015006392262876034,0.5127589420881122,,0.5127589420881122,/home/superws/2026_Projects/Codex_reference_plane_real/exp/task_real_006d_800_formal/20260419_112717/mainline_vs_baselines_metrics.json
T02_ref3,ref3,0,double_line_test_0011,double-line,1.4646527779402727,26.32485132930425,0.31041127943150254,0.00885059218853712,0.3144897159654647,,0.3144897159654647,/home/superws/2026_Projects/Codex_reference_plane_real/exp/task_real_006d_800_formal/20260419_112717/mainline_vs_baselines_metrics.json
T02_ref3,ref3,0,double_line_test_0012,double-line,4.420801937316856,24.193764470762286,0.20729718341099165,0.0091761015355587,0.4741828578989953,,0.4741828578989953,/home/superws/2026_Projects/Codex_reference_plane_real/exp/task_real_006d_800_formal/20260419_112717/mainline_vs_baselines_metrics.json
T02_ref3,ref3,0,double_line_test_0013,double-line,2.3514124392668077,21.29911080047188,0.16378248031260403,0.01952323131263256,0.4664465629030019,,0.4664465629030019,/home/superws/2026_Projects/Codex_reference_plane_real/exp/task_real_006d_800_formal/20260419_112717/mainline_vs_baselines_metrics.json
T02_ref3,ref3,0,double_line_test_0014,double-line,2.9171887998746624,21.12832268280541,0.11072322031668859,0.02182207815349102,0.35211828886531293,,0.35211828886531293,/home/superws/2026_Projects/Codex_reference_plane_real/exp/task_real_006d_800_formal/20260419_112717/mainline_vs_baselines_metrics.json
T02_ref3,ref3,0,small_rect_edge_test_0000,small_rect_edge,1.856671688444159,27.201516902172813,0.37691903834900436,0.005248184781521559,0.20168246515095234,,0.20168246515095234,/home/superws/2026_Projects/Codex_reference_plane_real/exp/task_real_006d_800_formal/20260419_112717/mainline_vs_baselines_metrics.json
T02_ref3,ref3,0,small_rect_edge_test_0001,small_rect_edge,5.7986830179431585,23.163875436528567,0.11760286424456741,0.012604792602360249,0.24091610708273947,,0.24091610708273947,/home/superws/2026_Projects/Codex_reference_plane_real/exp/task_real_006d_800_formal/20260419_112717/mainline_vs_baselines_metrics.json
T02_ref3,ref3,0,small_rect_edge_test_0002,small_rect_edge,1.6127609362147655,25.646138968452775,0.27356527273553055,0.008388127200305462,0.27897767489776015,,0.27897767489776015,/home/superws/2026_Projects/Codex_reference_plane_real/exp/task_real_006d_800_formal/20260419_112717/mainline_vs_baselines_metrics.json
T02_ref3,ref3,0,small_rect_edge_test_0003,small_rect_edge,9.547541992756518,20.71026289060194,0.05477431927618206,0.019123908132314682,0.29021799308247864,,0.29021799308247864,/home/superws/2026_Projects/Codex_reference_plane_real/exp/task_real_006d_800_formal/20260419_112717/mainline_vs_baselines_metrics.json
T02_ref3,ref3,0,small_rect_edge_test_0004,small_rect_edge,6.6098219594095715,20.94945943833032,0.0685004309697104,0.01872633583843708,0.3041904419660568,,0.3041904419660568,/home/superws/2026_Projects/Codex_reference_plane_real/exp/task_real_006d_800_formal/20260419_112717/mainline_vs_baselines_metrics.json
T02_ref3,ref3,0,small_rect_edge_test_0005,small_rect_edge,2.9980905746778514,24.69327025592589,0.17736509973458756,0.00955373514443636,0.2959346929565072,,0.2959346929565072,/home/superws/2026_Projects/Codex_reference_plane_real/exp/task_real_006d_800_formal/20260419_112717/mainline_vs_baselines_metrics.json
T02_ref3,ref3,0,small_rect_edge_test_0006,small_rect_edge,3.6680777450172832,24.32078624508793,0.15753848932898692,0.01232131291180849,0.2894181399606168,,0.2894181399606168,/home/superws/2026_Projects/Codex_reference_plane_real/exp/task_real_006d_800_formal/20260419_112717/mainline_vs_baselines_metrics.json
T02_ref3,ref3,0,small_rect_edge_test_0007,small_rect_edge,1.3565659458700565,27.753272021894357,0.3750632077676366,0.004069554153829813,0.2636057208292186,,0.2636057208292186,/home/superws/2026_Projects/Codex_reference_plane_real/exp/task_real_006d_800_formal/20260419_112717/mainline_vs_baselines_metrics.json
T02_ref3,ref3,0,small_rect_edge_test_0008,small_rect_edge,4.878457563904861,21.539351598518117,0.07739700115420987,0.018167076632380486,0.28093125484883785,,0.28093125484883785,/home/superws/2026_Projects/Codex_reference_plane_real/exp/task_real_006d_800_formal/20260419_112717/mainline_vs_baselines_metrics.json
T02_ref3,ref3,0,small_rect_edge_test_0009,small_rect_edge,3.255285294039051,25.76992229834135,0.209368462672205,0.00932644959539175,0.26131494506262243,,0.26131494506262243,/home/superws/2026_Projects/Codex_reference_plane_real/exp/task_real_006d_800_formal/20260419_112717/mainline_vs_baselines_metrics.json
T02_ref3,ref3,0,point_cluster_test_0000,point_cluster,13.364726545708512,21.658723684496497,0.08247248450220265,0.01346984039992094,0.4473984818905592,,0.4473984818905592,/home/superws/2026_Projects/Codex_reference_plane_real/exp/task_real_006d_800_formal/20260419_112717/mainline_vs_baselines_metrics.json
T02_ref3,ref3,0,point_cluster_test_0001,point_cluster,3.9558694141407313,25.698748756379928,0.22076768391511112,0.009851604700088501,0.3878054569941014,,0.3878054569941014,/home/superws/2026_Projects/Codex_reference_plane_real/exp/task_real_006d_800_formal/20260419_112717/mainline_vs_baselines_metrics.json
T02_ref3,ref3,0,point_cluster_test_0002,point_cluster,12.368916055710809,24.68232246130341,0.13840100875980121,0.01001445110887289,0.22930268105119467,,0.22930268105119467,/home/superws/2026_Projects/Codex_reference_plane_real/exp/task_real_006d_800_formal/20260419_112717/mainline_vs_baselines_metrics.json
T02_ref3,ref3,0,point_cluster_test_0003,point_cluster,18.9885798124762,23.079165960302905,0.10246053228788736,0.01072299387305975,0.35245712101459503,,0.35245712101459503,/home/superws/2026_Projects/Codex_reference_plane_real/exp/task_real_006d_800_formal/20260419_112717/mainline_vs_baselines_metrics.json
T02_ref3,ref3,0,point_cluster_test_0004,point_cluster,4.35650517309383,25.027007013016235,0.19403024276224157,0.010260539129376411,0.3425815349910408,,0.3425815349910408,/home/superws/2026_Projects/Codex_reference_plane_real/exp/task_real_006d_800_formal/20260419_112717/mainline_vs_baselines_metrics.json
T02_ref3,ref3,0,point_cluster_test_0005,point_cluster,4.571261306511319,24.76559073774483,0.15102242666042043,0.011394094675779343,0.25776874413713813,,0.25776874413713813,/home/superws/2026_Projects/Codex_reference_plane_real/exp/task_real_006d_800_formal/20260419_112717/mainline_vs_baselines_metrics.json
T02_ref3,ref3,0,point_cluster_test_0006,point_cluster,20.145060345877898,22.02629511088358,0.0809879593410838,0.011867261491715908,0.5376608949154615,,0.5376608949154615,/home/superws/2026_Projects/Codex_reference_plane_real/exp/task_real_006d_800_formal/20260419_112717/mainline_vs_baselines_metrics.json
T02_ref3,ref3,0,point_cluster_test_0007,point_cluster,24.531646415725273,21.710846067372906,0.06880111609285798,0.012977169826626778,0.26005163113586605,,0.26005163113586605,/home/superws/2026_Projects/Codex_reference_plane_real/exp/task_real_006d_800_formal/20260419_112717/mainline_vs_baselines_metrics.json
T02_ref3,ref3,0,point_cluster_test_0008,point_cluster,16.457929954995468,22.586289316674133,0.08743811776850305,0.0120964664965868,0.2578556318767369,,0.2578556318767369,/home/superws/2026_Projects/Codex_reference_plane_real/exp/task_real_006d_800_formal/20260419_112717/mainline_vs_baselines_metrics.json
T02_ref3,ref3,0,point_cluster_test_0009,point_cluster,13.941082898513537,24.63645022794963,0.18961836630456239,0.007390833459794521,0.3565294430591166,,0.3565294430591166,/home/superws/2026_Projects/Codex_reference_plane_real/exp/task_real_006d_800_formal/20260419_112717/mainline_vs_baselines_metrics.json
T02_ref3,ref3,0,point_cluster_test_0010,point_cluster,4.550754424658355,24.701817352694523,0.1715421267870638,0.010643248446285725,0.3959274850785732,,0.3959274850785732,/home/superws/2026_Projects/Codex_reference_plane_real/exp/task_real_006d_800_formal/20260419_112717/mainline_vs_baselines_metrics.json
T02_ref3,ref3,0,point_cluster_test_0011,point_cluster,26.124335208885793,20.736596137980314,0.040056444696771526,0.016767136752605438,0.26508853305131197,,0.26508853305131197,/home/superws/2026_Projects/Codex_reference_plane_real/exp/task_real_006d_800_formal/20260419_112717/mainline_vs_baselines_metrics.json
T02_ref3,ref3,0,point_cluster_test_0012,point_cluster,8.104192872300578,24.567648761043323,0.1633324286417862,0.008592503145337105,0.3106887808535248,,0.3106887808535248,/home/superws/2026_Projects/Codex_reference_plane_real/exp/task_real_006d_800_formal/20260419_112717/mainline_vs_baselines_metrics.json
T02_ref3,ref3,0,point_cluster_test_0013,point_cluster,9.40680057842769,22.626197096828502,0.0588850085506696,0.017972636967897415,0.35506913298740983,,0.35506913298740983,/home/superws/2026_Projects/Codex_reference_plane_real/exp/task_real_006d_800_formal/20260419_112717/mainline_vs_baselines_metrics.json
T02_ref3,ref3,0,point_cluster_test_0014,point_cluster,6.964103870402129,25.833101628329782,0.2204103895467587,0.0072594559751451015,0.23750713281333447,,0.23750713281333447,/home/superws/2026_Projects/Codex_reference_plane_real/exp/task_real_006d_800_formal/20260419_112717/mainline_vs_baselines_metrics.json
T02_ref3,ref3,0,point_cluster_test_0015,point_cluster,6.869029789407138,26.026830862394853,0.22542482987555842,0.006856473162770271,0.3127904438879341,,0.3127904438879341,/home/superws/2026_Projects/Codex_reference_plane_real/exp/task_real_006d_800_formal/20260419_112717/mainline_vs_baselines_metrics.json
T02_ref3,ref3,0,point_cluster_test_0016,point_cluster,9.044329245940753,22.31493343524932,0.08136752199193524,0.01594388671219349,0.4682110499124974,,0.4682110499124974,/home/superws/2026_Projects/Codex_reference_plane_real/exp/task_real_006d_800_formal/20260419_112717/mainline_vs_baselines_metrics.json
T02_ref3,ref3,0,point_cluster_test_0017,point_cluster,14.309402495942228,24.590493656888967,0.23099226033744255,0.007245099171996117,0.2236923889722675,,0.2236923889722675,/home/superws/2026_Projects/Codex_reference_plane_real/exp/task_real_006d_800_formal/20260419_112717/mainline_vs_baselines_metrics.json
T02_ref3,ref3,0,point_cluster_test_0018,point_cluster,28.063406684234053,21.25424015705494,0.060916420684482143,0.013240963220596313,0.34970203996635973,,0.34970203996635973,/home/superws/2026_Projects/Codex_reference_plane_real/exp/task_real_006d_800_formal/20260419_112717/mainline_vs_baselines_metrics.json
T02_ref3,ref3,0,point_cluster_test_0019,point_cluster,14.510070626051228,23.277181112413906,0.10792015601908729,0.010377067141234875,0.49344893195666373,,0.49344893195666373,/home/superws/2026_Projects/Codex_reference_plane_real/exp/task_real_006d_800_formal/20260419_112717/mainline_vs_baselines_metrics.json
T03_ref9,ref9,0,line_test_0000,line,2.3727012426319876,27.088583103751663,0.37938576005746516,0.0053777252323925495,0.8165512320119888,,0.8165512320119888,/home/superws/2026_Projects/Codex_reference_plane_real/exp/task_real_006d_800_formal/20260419_112717/mainline_vs_baselines_metrics.json
T03_ref9,ref9,0,line_test_0001,line,1.252488264421937,24.93248756340402,0.43055801932472376,0.009389691054821014,1.0445069838315248,,1.0445069838315248,/home/superws/2026_Projects/Codex_reference_plane_real/exp/task_real_006d_800_formal/20260419_112717/mainline_vs_baselines_metrics.json
T03_ref9,ref9,0,line_test_0002,line,2.339535778939339,26.511003172979542,0.3332016557592625,0.006868604104965925,0.49208204983733594,,0.49208204983733594,/home/superws/2026_Projects/Codex_reference_plane_real/exp/task_real_006d_800_formal/20260419_112717/mainline_vs_baselines_metrics.json
T03_ref9,ref9,0,line_test_0003,line,2.6693395731895895,29.647077017585243,0.4464678872498297,0.004263304639607668,0.7751479679718614,,0.7751479679718614,/home/superws/2026_Projects/Codex_reference_plane_real/exp/task_real_006d_800_formal/20260419_112717/mainline_vs_baselines_metrics.json
T03_ref9,ref9,0,line_test_0004,line,4.040294885863716,30.57427604932017,0.5061571815013752,0.003170238109305501,0.5425129518844187,,0.5425129518844187,/home/superws/2026_Projects/Codex_reference_plane_real/exp/task_real_006d_800_formal/20260419_112717/mainline_vs_baselines_metrics.json
T03_ref9,ref9,0,line_test_0005,line,2.444166047836354,28.53570358464348,0.4160698645765999,0.00455191545188427,0.5343995881266892,,0.5343995881266892,/home/superws/2026_Projects/Codex_reference_plane_real/exp/task_real_006d_800_formal/20260419_112717/mainline_vs_baselines_metrics.json
T03_ref9,ref9,0,line_test_0006,line,1.626758757648878,29.485809885044524,0.5289260652498124,0.0029907403513789177,1.0837310920469463,,1.0837310920469463,/home/superws/2026_Projects/Codex_reference_plane_real/exp/task_real_006d_800_formal/20260419_112717/mainline_vs_baselines_metrics.json
T03_ref9,ref9,0,line_test_0007,line,4.028908022583405,23.737028963429157,0.18771433961023745,0.010645448230206966,0.8258532078471035,,0.8258532078471035,/home/superws/2026_Projects/Codex_reference_plane_real/exp/task_real_006d_800_formal/20260419_112717/mainline_vs_baselines_metrics.json
T03_ref9,ref9,0,line_test_0008,line,1.105666690701175,25.38450371038502,0.40248151997908743,0.007897941395640373,0.49366121203638613,,0.49366121203638613,/home/superws/2026_Projects/Codex_reference_plane_real/exp/task_real_006d_800_formal/20260419_112717/mainline_vs_baselines_metrics.json
T03_ref9,ref9,0,line_test_0009,line,1.7563544269213887,27.76069816508736,0.4068461904945502,0.005188462790101767,0.7171290209516883,,0.7171290209516883,/home/superws/2026_Projects/Codex_reference_plane_real/exp/task_real_006d_800_formal/20260419_112717/mainline_vs_baselines_metrics.json
T03_ref9,ref9,0,line_test_0010,line,2.446042280005192,28.535035644056105,0.4459557058438191,0.004000366665422916,0.9334526229649782,,0.9334526229649782,/home/superws/2026_Projects/Codex_reference_plane_real/exp/task_real_006d_800_formal/20260419_112717/mainline_vs_baselines_metrics.json
T03_ref9,ref9,0,line_test_0011,line,1.9078370556791475,24.941476792842025,0.27942031590825966,0.009327911771833897,0.4961732018273324,,0.4961732018273324,/home/superws/2026_Projects/Codex_reference_plane_real/exp/task_real_006d_800_formal/20260419_112717/mainline_vs_baselines_metrics.json
T03_ref9,ref9,0,line_test_0012,line,1.3468024857564853,28.38888044394992,0.49304744747585033,0.004422328434884548,0.7453965428285301,,0.7453965428285301,/home/superws/2026_Projects/Codex_reference_plane_real/exp/task_real_006d_800_formal/20260419_112717/mainline_vs_baselines_metrics.json
T03_ref9,ref9,0,line_test_0013,line,1.0561862972988183,26.77633026983921,0.5476890493577965,0.005969325080513954,0.5044794089626521,,0.5044794089626521,/home/superws/2026_Projects/Codex_reference_plane_real/exp/task_real_006d_800_formal/20260419_112717/mainline_vs_baselines_metrics.json
T03_ref9,ref9,0,line_test_0014,line,3.1954761531897296,29.7846051108932,0.4633323485031188,0.003775359131395817,0.3690258089918643,,0.3690258089918643,/home/superws/2026_Projects/Codex_reference_plane_real/exp/task_real_006d_800_formal/20260419_112717/mainline_vs_baselines_metrics.json
T03_ref9,ref9,0,line_test_0015,line,4.531949451709998,28.826245244103255,0.3997405581876079,0.004244005773216486,0.4385651450138539,,0.4385651450138539,/home/superws/2026_Projects/Codex_reference_plane_real/exp/task_real_006d_800_formal/20260419_112717/mainline_vs_baselines_metrics.json
T03_ref9,ref9,0,line_test_0016,line,1.7178213048456155,25.85323063864403,0.3130481443271635,0.008030070923268795,0.6521596941165626,,0.6521596941165626,/home/superws/2026_Projects/Codex_reference_plane_real/exp/task_real_006d_800_formal/20260419_112717/mainline_vs_baselines_metrics.json
T03_ref9,ref9,0,line_test_0017,line,2.3340557916313394,28.413890631695264,0.4505860819394259,0.004680547397583723,0.38660184387117624,,0.38660184387117624,/home/superws/2026_Projects/Codex_reference_plane_real/exp/task_real_006d_800_formal/20260419_112717/mainline_vs_baselines_metrics.json
T03_ref9,ref9,0,line_test_0018,line,2.474646369636573,25.433472025885333,0.3240691597049041,0.007452142424881458,0.5740288950037211,,0.5740288950037211,/home/superws/2026_Projects/Codex_reference_plane_real/exp/task_real_006d_800_formal/20260419_112717/mainline_vs_baselines_metrics.json
T03_ref9,ref9,0,line_test_0019,line,2.0883340630332023,26.103089193702917,0.35980008858776713,0.006298643536865711,0.5176625549793243,,0.5176625549793243,/home/superws/2026_Projects/Codex_reference_plane_real/exp/task_real_006d_800_formal/20260419_112717/mainline_vs_baselines_metrics.json
T03_ref9,ref9,0,cross_test_0000,cross,1.7440649300869093,29.764737956377925,0.4927663386434103,0.004229913465678692,0.5030880710110068,,0.5030880710110068,/home/superws/2026_Projects/Codex_reference_plane_real/exp/task_real_006d_800_formal/20260419_112717/mainline_vs_baselines_metrics.json
T03_ref9,ref9,0,cross_test_0001,cross,0.9683038273177668,26.640557579216836,0.502633869903878,0.007264774292707443,0.6850595760624856,,0.6850595760624856,/home/superws/2026_Projects/Codex_reference_plane_real/exp/task_real_006d_800_formal/20260419_112717/mainline_vs_baselines_metrics.json
T03_ref9,ref9,0,cross_test_0002,cross,2.8494971964586533,25.81730600919589,0.314145825689438,0.0072102597914636135,0.5035201620776206,,0.5035201620776206,/home/superws/2026_Projects/Codex_reference_plane_real/exp/task_real_006d_800_formal/20260419_112717/mainline_vs_baselines_metrics.json
T03_ref9,ref9,0,cross_test_0003,cross,1.5771876101490352,25.654067112711886,0.3553551566295164,0.009238330647349358,0.8130474169738591,,0.8130474169738591,/home/superws/2026_Projects/Codex_reference_plane_real/exp/task_real_006d_800_formal/20260419_112717/mainline_vs_baselines_metrics.json
T03_ref9,ref9,0,cross_test_0004,cross,1.6765670823697123,25.621480142542886,0.35789308904427375,0.009075706824660301,0.6977865770459175,,0.6977865770459175,/home/superws/2026_Projects/Codex_reference_plane_real/exp/task_real_006d_800_formal/20260419_112717/mainline_vs_baselines_metrics.json
T03_ref9,ref9,0,cross_test_0005,cross,2.6309929663329936,26.96351479022054,0.31261544396066426,0.0075055318884551525,0.5334077700972557,,0.5334077700972557,/home/superws/2026_Projects/Codex_reference_plane_real/exp/task_real_006d_800_formal/20260419_112717/mainline_vs_baselines_metrics.json
T03_ref9,ref9,0,cross_test_0006,cross,1.5423800936566856,26.838328531708168,0.4577129106131023,0.0051030488684773445,0.5563377740327269,,0.5563377740327269,/home/superws/2026_Projects/Codex_reference_plane_real/exp/task_real_006d_800_formal/20260419_112717/mainline_vs_baselines_metrics.json
T03_ref9,ref9,0,cross_test_0007,cross,3.999242675894844,27.911546855041102,0.3547719694914482,0.005265424028038979,0.6022155759856105,,0.6022155759856105,/home/superws/2026_Projects/Codex_reference_plane_real/exp/task_real_006d_800_formal/20260419_112717/mainline_vs_baselines_metrics.json
T03_ref9,ref9,0,cross_test_0008,cross,0.9565499582278809,28.158957398536874,0.5505529020086845,0.005751130636781454,0.5042289509437978,,0.5042289509437978,/home/superws/2026_Projects/Codex_reference_plane_real/exp/task_real_006d_800_formal/20260419_112717/mainline_vs_baselines_metrics.json
T03_ref9,ref9,0,cross_test_0009,cross,3.789872881848953,27.09335302075025,0.30671967879075324,0.0061245388351380825,0.548358733067289,,0.548358733067289,/home/superws/2026_Projects/Codex_reference_plane_real/exp/task_real_006d_800_formal/20260419_112717/mainline_vs_baselines_metrics.json
T03_ref9,ref9,0,cross_test_0010,cross,1.9952527648999863,29.04753723855857,0.4408454062009132,0.0041680773720145226,1.137125811073929,,1.137125811073929,/home/superws/2026_Projects/Codex_reference_plane_real/exp/task_real_006d_800_formal/20260419_112717/mainline_vs_baselines_metrics.json
T03_ref9,ref9,0,cross_test_0011,cross,1.3608398199021818,25.976089036216333,0.3410411402779393,0.007474093697965145,0.5300307727884501,,0.5300307727884501,/home/superws/2026_Projects/Codex_reference_plane_real/exp/task_real_006d_800_formal/20260419_112717/mainline_vs_baselines_metrics.json
T03_ref9,ref9,0,cross_test_0012,cross,2.243335239671915,28.15766114542608,0.43142110358739166,0.005530237685889006,0.6581435410771519,,0.6581435410771519,/home/superws/2026_Projects/Codex_reference_plane_real/exp/task_real_006d_800_formal/20260419_112717/mainline_vs_baselines_metrics.json
T03_ref9,ref9,0,cross_test_0013,cross,3.1254070885267997,26.71317452055206,0.2757230723942668,0.007740456145256758,1.0989426160231233,,1.0989426160231233,/home/superws/2026_Projects/Codex_reference_plane_real/exp/task_real_006d_800_formal/20260419_112717/mainline_vs_baselines_metrics.json
T03_ref9,ref9,0,cross_test_0014,cross,1.7356576108547364,25.308883558471493,0.36095403539739745,0.008091751486063004,0.4602857518475503,,0.4602857518475503,/home/superws/2026_Projects/Codex_reference_plane_real/exp/task_real_006d_800_formal/20260419_112717/mainline_vs_baselines_metrics.json
T03_ref9,ref9,0,L_shape_test_0000,L-shape,1.2520128115857105,25.1960865537861,0.33540086952139236,0.008918378502130508,0.5852269460447133,,0.5852269460447133,/home/superws/2026_Projects/Codex_reference_plane_real/exp/task_real_006d_800_formal/20260419_112717/mainline_vs_baselines_metrics.json
T03_ref9,ref9,0,L_shape_test_0001,L-shape,1.9768403908584016,24.703737405431344,0.3234313850510432,0.008164559490978718,0.9144924280699342,,0.9144924280699342,/home/superws/2026_Projects/Codex_reference_plane_real/exp/task_real_006d_800_formal/20260419_112717/mainline_vs_baselines_metrics.json
T03_ref9,ref9,0,L_shape_test_0002,L-shape,1.632415065432279,25.152614763052625,0.306014202149631,0.009711657650768757,0.5455272421240807,,0.5455272421240807,/home/superws/2026_Projects/Codex_reference_plane_real/exp/task_real_006d_800_formal/20260419_112717/mainline_vs_baselines_metrics.json
T03_ref9,ref9,0,L_shape_test_0003,L-shape,1.3277791835063388,26.257040360282936,0.3821839972538145,0.00732145830988884,0.6074311030097306,,0.6074311030097306,/home/superws/2026_Projects/Codex_reference_plane_real/exp/task_real_006d_800_formal/20260419_112717/mainline_vs_baselines_metrics.json
T03_ref9,ref9,0,L_shape_test_0004,L-shape,2.153595225860836,22.44874404025726,0.1745800445946006,0.015163176693022251,1.482357095927,,1.482357095927,/home/superws/2026_Projects/Codex_reference_plane_real/exp/task_real_006d_800_formal/20260419_112717/mainline_vs_baselines_metrics.json
T03_ref9,ref9,0,L_shape_test_0005,L-shape,1.9943330670634878,24.14174249233461,0.23656738557524185,0.011143418028950691,0.5405401750467718,,0.5405401750467718,/home/superws/2026_Projects/Codex_reference_plane_real/exp/task_real_006d_800_formal/20260419_112717/mainline_vs_baselines_metrics.json
T03_ref9,ref9,0,L_shape_test_0006,L-shape,2.2075052843830734,27.72206298952353,0.3866255238697377,0.005239835474640131,0.5153556000441313,,0.5153556000441313,/home/superws/2026_Projects/Codex_reference_plane_real/exp/task_real_006d_800_formal/20260419_112717/mainline_vs_baselines_metrics.json
T03_ref9,ref9,0,L_shape_test_0007,L-shape,1.4914164097598739,25.263531994103264,0.3099432338308575,0.009481600485742092,0.6335398249793798,,0.6335398249793798,/home/superws/2026_Projects/Codex_reference_plane_real/exp/task_real_006d_800_formal/20260419_112717/mainline_vs_baselines_metrics.json
T03_ref9,ref9,0,L_shape_test_0008,L-shape,2.5821143851859185,26.354653536060457,0.2770845403141426,0.00669116759672761,0.4657529469113797,,0.4657529469113797,/home/superws/2026_Projects/Codex_reference_plane_real/exp/task_real_006d_800_formal/20260419_112717/mainline_vs_baselines_metrics.json
T03_ref9,ref9,0,L_shape_test_0009,L-shape,1.799094716733821,23.852699356268165,0.24577499730578373,0.012244286015629768,1.2425877510104328,,1.2425877510104328,/home/superws/2026_Projects/Codex_reference_plane_real/exp/task_real_006d_800_formal/20260419_112717/mainline_vs_baselines_metrics.json
T03_ref9,ref9,0,L_shape_test_0010,L-shape,2.0758055653936687,27.43058546002124,0.3477211551042638,0.0063150725327432156,0.663380014942959,,0.663380014942959,/home/superws/2026_Projects/Codex_reference_plane_real/exp/task_real_006d_800_formal/20260419_112717/mainline_vs_baselines_metrics.json
T03_ref9,ref9,0,L_shape_test_0011,L-shape,4.896079666481165,26.48135888852815,0.28066029857402586,0.006184149533510208,0.44041296909563243,,0.44041296909563243,/home/superws/2026_Projects/Codex_reference_plane_real/exp/task_real_006d_800_formal/20260419_112717/mainline_vs_baselines_metrics.json
T03_ref9,ref9,0,L_shape_test_0012,L-shape,1.6495653546341036,24.584643777650726,0.28071555269980836,0.010239485651254654,0.9623800569679588,,0.9623800569679588,/home/superws/2026_Projects/Codex_reference_plane_real/exp/task_real_006d_800_formal/20260419_112717/mainline_vs_baselines_metrics.json
T03_ref9,ref9,0,L_shape_test_0013,L-shape,1.292377270234794,26.148300192358555,0.34384235231926435,0.007323761936277151,0.9223833160940558,,0.9223833160940558,/home/superws/2026_Projects/Codex_reference_plane_real/exp/task_real_006d_800_formal/20260419_112717/mainline_vs_baselines_metrics.json
T03_ref9,ref9,0,L_shape_test_0014,L-shape,1.7312702339535613,29.80914948042264,0.49032948199292453,0.0030241033528000116,0.4909208461176604,,0.4909208461176604,/home/superws/2026_Projects/Codex_reference_plane_real/exp/task_real_006d_800_formal/20260419_112717/mainline_vs_baselines_metrics.json
T03_ref9,ref9,0,L_shape_test_0015,L-shape,1.392632902132773,24.427257081658222,0.2958683496784202,0.010627416893839836,0.6955838410649449,,0.6955838410649449,/home/superws/2026_Projects/Codex_reference_plane_real/exp/task_real_006d_800_formal/20260419_112717/mainline_vs_baselines_metrics.json
T03_ref9,ref9,0,L_shape_test_0016,L-shape,2.0072644446509433,24.384708007571867,0.23942522355728293,0.011276141740381718,0.8089138860814273,,0.8089138860814273,/home/superws/2026_Projects/Codex_reference_plane_real/exp/task_real_006d_800_formal/20260419_112717/mainline_vs_baselines_metrics.json
T03_ref9,ref9,0,L_shape_test_0017,L-shape,1.9596318430109096,23.378376626610663,0.21672724185341022,0.01326714362949133,0.7274749202188104,,0.7274749202188104,/home/superws/2026_Projects/Codex_reference_plane_real/exp/task_real_006d_800_formal/20260419_112717/mainline_vs_baselines_metrics.json
T03_ref9,ref9,0,L_shape_test_0018,L-shape,1.7040578354184717,23.884810074083177,0.2741995019806709,0.010069075971841812,1.0218042228370905,,1.0218042228370905,/home/superws/2026_Projects/Codex_reference_plane_real/exp/task_real_006d_800_formal/20260419_112717/mainline_vs_baselines_metrics.json
T03_ref9,ref9,0,L_shape_test_0019,L-shape,3.7092085321248423,27.63719573088197,0.34160870226796214,0.005229155067354441,0.8728123509790748,,0.8728123509790748,/home/superws/2026_Projects/Codex_reference_plane_real/exp/task_real_006d_800_formal/20260419_112717/mainline_vs_baselines_metrics.json
T03_ref9,ref9,0,double_line_test_0000,double-line,1.587610464183641,24.225127044131018,0.3341715429457247,0.008982216008007526,0.5637499128933996,,0.5637499128933996,/home/superws/2026_Projects/Codex_reference_plane_real/exp/task_real_006d_800_formal/20260419_112717/mainline_vs_baselines_metrics.json
T03_ref9,ref9,0,double_line_test_0001,double-line,1.391358049034871,25.202721304728687,0.3368167473659726,0.008910639211535454,0.9046688980888575,,0.9046688980888575,/home/superws/2026_Projects/Codex_reference_plane_real/exp/task_real_006d_800_formal/20260419_112717/mainline_vs_baselines_metrics.json
T03_ref9,ref9,0,double_line_test_0002,double-line,1.396718839925303,29.794741174454767,0.47460950242434974,0.003697524080052972,0.4548179788980633,,0.4548179788980633,/home/superws/2026_Projects/Codex_reference_plane_real/exp/task_real_006d_800_formal/20260419_112717/mainline_vs_baselines_metrics.json
T03_ref9,ref9,0,double_line_test_0003,double-line,2.054100263215866,22.50107182761616,0.21264535331422832,0.01584196835756302,0.7200901980977505,,0.7200901980977505,/home/superws/2026_Projects/Codex_reference_plane_real/exp/task_real_006d_800_formal/20260419_112717/mainline_vs_baselines_metrics.json
T03_ref9,ref9,0,double_line_test_0004,double-line,1.1249137290209466,25.383931144924485,0.43101977411837905,0.009674866683781147,0.9008782261516899,,0.9008782261516899,/home/superws/2026_Projects/Codex_reference_plane_real/exp/task_real_006d_800_formal/20260419_112717/mainline_vs_baselines_metrics.json
T03_ref9,ref9,0,double_line_test_0005,double-line,1.2827043387237278,24.91303212269003,0.3244457646421086,0.009818597696721554,0.567345482064411,,0.567345482064411,/home/superws/2026_Projects/Codex_reference_plane_real/exp/task_real_006d_800_formal/20260419_112717/mainline_vs_baselines_metrics.json
T03_ref9,ref9,0,double_line_test_0006,double-line,2.3656296992927652,21.563308545695474,0.16324147604969758,0.017692765220999718,0.8794708140194416,,0.8794708140194416,/home/superws/2026_Projects/Codex_reference_plane_real/exp/task_real_006d_800_formal/20260419_112717/mainline_vs_baselines_metrics.json
T03_ref9,ref9,0,double_line_test_0007,double-line,5.16097584975926,24.8150886037552,0.1945657898258622,0.00905235018581152,0.5662777179386467,,0.5662777179386467,/home/superws/2026_Projects/Codex_reference_plane_real/exp/task_real_006d_800_formal/20260419_112717/mainline_vs_baselines_metrics.json
T03_ref9,ref9,0,double_line_test_0008,double-line,8.35896189666505,19.145970359498893,0.03652945758904934,0.027122922241687775,5.651362137869,,5.651362137869,/home/superws/2026_Projects/Codex_reference_plane_real/exp/task_real_006d_800_formal/20260419_112717/mainline_vs_baselines_metrics.json
T03_ref9,ref9,0,double_line_test_0009,double-line,2.282839111820803,24.38529916671623,0.2765365324898452,0.009430439211428165,1.0918263231869787,,1.0918263231869787,/home/superws/2026_Projects/Codex_reference_plane_real/exp/task_real_006d_800_formal/20260419_112717/mainline_vs_baselines_metrics.json
T03_ref9,ref9,0,double_line_test_0010,double-line,2.033404136729029,23.25830625422875,0.22583936569895197,0.01280469074845314,0.9217207839246839,,0.9217207839246839,/home/superws/2026_Projects/Codex_reference_plane_real/exp/task_real_006d_800_formal/20260419_112717/mainline_vs_baselines_metrics.json
T03_ref9,ref9,0,double_line_test_0011,double-line,2.209720686558707,24.538824338623204,0.24380038423134867,0.01091365423053503,0.5755255019757897,,0.5755255019757897,/home/superws/2026_Projects/Codex_reference_plane_real/exp/task_real_006d_800_formal/20260419_112717/mainline_vs_baselines_metrics.json
T03_ref9,ref9,0,double_line_test_0012,double-line,3.8081449091751187,24.841640377143843,0.24541000623786938,0.008010935969650745,0.941546190995723,,0.941546190995723,/home/superws/2026_Projects/Codex_reference_plane_real/exp/task_real_006d_800_formal/20260419_112717/mainline_vs_baselines_metrics.json
T03_ref9,ref9,0,double_line_test_0013,double-line,1.8197356445763313,22.412316026614004,0.2234897875005003,0.01699921116232872,0.8001615041866899,,0.8001615041866899,/home/superws/2026_Projects/Codex_reference_plane_real/exp/task_real_006d_800_formal/20260419_112717/mainline_vs_baselines_metrics.json
T03_ref9,ref9,0,double_line_test_0014,double-line,2.002472378069411,22.762302522218818,0.19731222802155277,0.014377033337950706,0.6283612959086895,,0.6283612959086895,/home/superws/2026_Projects/Codex_reference_plane_real/exp/task_real_006d_800_formal/20260419_112717/mainline_vs_baselines_metrics.json
T03_ref9,ref9,0,small_rect_edge_test_0000,small_rect_edge,2.2441328987759213,26.378382272922867,0.359169108435523,0.005720862653106451,0.38549134391359985,,0.38549134391359985,/home/superws/2026_Projects/Codex_reference_plane_real/exp/task_real_006d_800_formal/20260419_112717/mainline_vs_baselines_metrics.json
T03_ref9,ref9,0,small_rect_edge_test_0001,small_rect_edge,2.224118699959731,27.325589736527593,0.3561363180280474,0.006112993229180574,0.44507535290904343,,0.44507535290904343,/home/superws/2026_Projects/Codex_reference_plane_real/exp/task_real_006d_800_formal/20260419_112717/mainline_vs_baselines_metrics.json
T03_ref9,ref9,0,small_rect_edge_test_0002,small_rect_edge,1.8789532118765047,24.98267932106348,0.262745057446682,0.009370563551783562,0.5049911581445485,,0.5049911581445485,/home/superws/2026_Projects/Codex_reference_plane_real/exp/task_real_006d_800_formal/20260419_112717/mainline_vs_baselines_metrics.json
T03_ref9,ref9,0,small_rect_edge_test_0003,small_rect_edge,3.0303405263440393,25.69426405082226,0.2653039361404477,0.007852801121771336,0.5413347820285708,,0.5413347820285708,/home/superws/2026_Projects/Codex_reference_plane_real/exp/task_real_006d_800_formal/20260419_112717/mainline_vs_baselines_metrics.json
T03_ref9,ref9,0,small_rect_edge_test_0004,small_rect_edge,2.3814730748885284,25.3829004378957,0.24707230808519276,0.008668594062328339,0.5683013328816742,,0.5683013328816742,/home/superws/2026_Projects/Codex_reference_plane_real/exp/task_real_006d_800_formal/20260419_112717/mainline_vs_baselines_metrics.json
T03_ref9,ref9,0,small_rect_edge_test_0005,small_rect_edge,2.88468286051822,24.860736954615607,0.2613695923817562,0.00836600549519062,0.5706910269800574,,0.5706910269800574,/home/superws/2026_Projects/Codex_reference_plane_real/exp/task_real_006d_800_formal/20260419_112717/mainline_vs_baselines_metrics.json
T03_ref9,ref9,0,small_rect_edge_test_0006,small_rect_edge,2.1285475337128763,26.68433794618481,0.32662269699194685,0.006555355153977871,0.5427437920589,,0.5427437920589,/home/superws/2026_Projects/Codex_reference_plane_real/exp/task_real_006d_800_formal/20260419_112717/mainline_vs_baselines_metrics.json
T03_ref9,ref9,0,small_rect_edge_test_0007,small_rect_edge,1.5122017184462027,27.2815841203876,0.34052268146608167,0.00555136613547802,0.4740464389324188,,0.4740464389324188,/home/superws/2026_Projects/Codex_reference_plane_real/exp/task_real_006d_800_formal/20260419_112717/mainline_vs_baselines_metrics.json
T03_ref9,ref9,0,small_rect_edge_test_0008,small_rect_edge,2.5998180725649496,24.272747363295704,0.22091291095050788,0.009688506834208965,0.5261161918751895,,0.5261161918751895,/home/superws/2026_Projects/Codex_reference_plane_real/exp/task_real_006d_800_formal/20260419_112717/mainline_vs_baselines_metrics.json
T03_ref9,ref9,0,small_rect_edge_test_0009,small_rect_edge,2.412312203688481,27.07147742217309,0.33502566349413315,0.006406222004443407,0.4810480228625238,,0.4810480228625238,/home/superws/2026_Projects/Codex_reference_plane_real/exp/task_real_006d_800_formal/20260419_112717/mainline_vs_baselines_metrics.json
T03_ref9,ref9,0,point_cluster_test_0000,point_cluster,5.033117360557763,25.899954045854148,0.27002645908239475,0.006557118613272905,0.8351663779467344,,0.8351663779467344,/home/superws/2026_Projects/Codex_reference_plane_real/exp/task_real_006d_800_formal/20260419_112717/mainline_vs_baselines_metrics.json
T03_ref9,ref9,0,point_cluster_test_0001,point_cluster,3.6992310942185416,25.99005344366603,0.24684443771405765,0.008880537003278732,0.7441113940440118,,0.7441113940440118,/home/superws/2026_Projects/Codex_reference_plane_real/exp/task_real_006d_800_formal/20260419_112717/mainline_vs_baselines_metrics.json
T03_ref9,ref9,0,point_cluster_test_0002,point_cluster,2.9325120585383195,30.93324059116957,0.5324544048453433,0.003010174259543419,0.4211955589707941,,0.4211955589707941,/home/superws/2026_Projects/Codex_reference_plane_real/exp/task_real_006d_800_formal/20260419_112717/mainline_vs_baselines_metrics.json
T03_ref9,ref9,0,point_cluster_test_0003,point_cluster,4.173660635381187,29.658919666563243,0.4740362235822108,0.0033091725781559944,0.6609630740713328,,0.6609630740713328,/home/superws/2026_Projects/Codex_reference_plane_real/exp/task_real_006d_800_formal/20260419_112717/mainline_vs_baselines_metrics.json
T03_ref9,ref9,0,point_cluster_test_0004,point_cluster,3.033729280391284,26.59862132096943,0.27848473819360303,0.008383498527109623,0.6310617558192462,,0.6310617558192462,/home/superws/2026_Projects/Codex_reference_plane_real/exp/task_real_006d_800_formal/20260419_112717/mainline_vs_baselines_metrics.json
T03_ref9,ref9,0,point_cluster_test_0005,point_cluster,2.9269833567085586,26.70174900577553,0.31093453412103134,0.007253448013216257,0.4513609320856631,,0.4513609320856631,/home/superws/2026_Projects/Codex_reference_plane_real/exp/task_real_006d_800_formal/20260419_112717/mainline_vs_baselines_metrics.json
T03_ref9,ref9,0,point_cluster_test_0006,point_cluster,6.988656602543523,26.624044004262544,0.29866355418120555,0.005452146753668785,1.0582765419967473,,1.0582765419967473,/home/superws/2026_Projects/Codex_reference_plane_real/exp/task_real_006d_800_formal/20260419_112717/mainline_vs_baselines_metrics.json
T03_ref9,ref9,0,point_cluster_test_0007,point_cluster,6.30684470472837,27.609991680072678,0.37581934446346205,0.004778821021318436,0.48808029014617205,,0.48808029014617205,/home/superws/2026_Projects/Codex_reference_plane_real/exp/task_real_006d_800_formal/20260419_112717/mainline_vs_baselines_metrics.json
T03_ref9,ref9,0,point_cluster_test_0008,point_cluster,3.5116362026169186,29.29494628141263,0.44466387971879856,0.003636552020907402,0.48210941604338586,,0.48210941604338586,/home/superws/2026_Projects/Codex_reference_plane_real/exp/task_real_006d_800_formal/20260419_112717/mainline_vs_baselines_metrics.json
T03_ref9,ref9,0,point_cluster_test_0009,point_cluster,5.894711693954473,28.37478963531602,0.4434511733736837,0.003678656183183193,0.6811963750515133,,0.6811963750515133,/home/superws/2026_Projects/Codex_reference_plane_real/exp/task_real_006d_800_formal/20260419_112717/mainline_vs_baselines_metrics.json
T03_ref9,ref9,0,point_cluster_test_0010,point_cluster,3.182891334763844,26.254433276877045,0.25402342102782155,0.008528427220880985,0.7204793449491262,,0.7204793449491262,/home/superws/2026_Projects/Codex_reference_plane_real/exp/task_real_006d_800_formal/20260419_112717/mainline_vs_baselines_metrics.json
T03_ref9,ref9,0,point_cluster_test_0011,point_cluster,2.6343306178659716,30.70034577383244,0.5527570880909953,0.0033133451361209154,0.4989387490786612,,0.4989387490786612,/home/superws/2026_Projects/Codex_reference_plane_real/exp/task_real_006d_800_formal/20260419_112717/mainline_vs_baselines_metrics.json
T03_ref9,ref9,0,point_cluster_test_0012,point_cluster,4.7087177971262015,26.925719903516647,0.28612951574342643,0.006239828187972307,0.5749109939206392,,0.5749109939206392,/home/superws/2026_Projects/Codex_reference_plane_real/exp/task_real_006d_800_formal/20260419_112717/mainline_vs_baselines_metrics.json
T03_ref9,ref9,0,point_cluster_test_0013,point_cluster,3.1047530295991845,27.44034588967111,0.30716708143656796,0.0071862610056996346,0.6341072509530932,,0.6341072509530932,/home/superws/2026_Projects/Codex_reference_plane_real/exp/task_real_006d_800_formal/20260419_112717/mainline_vs_baselines_metrics.json
T03_ref9,ref9,0,point_cluster_test_0014,point_cluster,2.0756117169297803,31.09029280904752,0.5438578556927447,0.002883392386138439,0.44705118192359805,,0.44705118192359805,/home/superws/2026_Projects/Codex_reference_plane_real/exp/task_real_006d_800_formal/20260419_112717/mainline_vs_baselines_metrics.json
T03_ref9,ref9,0,point_cluster_test_0015,point_cluster,4.912339406473522,27.482901041387777,0.3100134501513969,0.005429943557828665,0.604865845059976,,0.604865845059976,/home/superws/2026_Projects/Codex_reference_plane_real/exp/task_real_006d_800_formal/20260419_112717/mainline_vs_baselines_metrics.json
T03_ref9,ref9,0,point_cluster_test_0016,point_cluster,6.273089558069177,23.903882152718115,0.1681261962514767,0.010522977448999882,0.870400961022824,,0.870400961022824,/home/superws/2026_Projects/Codex_reference_plane_real/exp/task_real_006d_800_formal/20260419_112717/mainline_vs_baselines_metrics.json
T03_ref9,ref9,0,point_cluster_test_0017,point_cluster,10.809630686844613,25.808600178193927,0.3319660759825208,0.004685977473855019,0.41363484296016395,,0.41363484296016395,/home/superws/2026_Projects/Codex_reference_plane_real/exp/task_real_006d_800_formal/20260419_112717/mainline_vs_baselines_metrics.json
T03_ref9,ref9,0,point_cluster_test_0018,point_cluster,8.706187843154733,26.337363411094803,0.28493490126363114,0.00579240033403039,0.6593550289981067,,0.6593550289981067,/home/superws/2026_Projects/Codex_reference_plane_real/exp/task_real_006d_800_formal/20260419_112717/mainline_vs_baselines_metrics.json
T03_ref9,ref9,0,point_cluster_test_0019,point_cluster,7.527622291646137,26.12729839905696,0.2320593775794226,0.0065347193740308285,0.9528642608784139,,0.9528642608784139,/home/superws/2026_Projects/Codex_reference_plane_real/exp/task_real_006d_800_formal/20260419_112717/mainline_vs_baselines_metrics.json
T04_ref31,ref31,0,line_test_0000,line,2.2823657150261427,27.257161231875642,0.38538562196795195,0.005425859242677689,2.270303390920162,,2.270303390920162,/home/superws/2026_Projects/Codex_reference_plane_real/exp/task_real_006d_800_formal/20260419_112717/mainline_vs_baselines_metrics.json
T04_ref31,ref31,0,line_test_0001,line,0.8577826717100119,26.576451640923803,0.5512713983864614,0.007646769750863314,2.8481314938981086,,2.8481314938981086,/home/superws/2026_Projects/Codex_reference_plane_real/exp/task_real_006d_800_formal/20260419_112717/mainline_vs_baselines_metrics.json
T04_ref31,ref31,0,line_test_0002,line,2.3533391217073887,26.48545524166915,0.33156342463012606,0.00656265439465642,1.3091596979647875,,1.3091596979647875,/home/superws/2026_Projects/Codex_reference_plane_real/exp/task_real_006d_800_formal/20260419_112717/mainline_vs_baselines_metrics.json
T04_ref31,ref31,0,line_test_0003,line,2.6694806575613543,29.646847224166866,0.4582922140345935,0.004059819504618645,2.044884247938171,,2.044884247938171,/home/superws/2026_Projects/Codex_reference_plane_real/exp/task_real_006d_800_formal/20260419_112717/mainline_vs_baselines_metrics.json
T04_ref31,ref31,0,line_test_0004,line,4.674482262443298,29.941071471111794,0.46295104589883046,0.003568946849554777,1.4630442659836262,,1.4630442659836262,/home/superws/2026_Projects/Codex_reference_plane_real/exp/task_real_006d_800_formal/20260419_112717/mainline_vs_baselines_metrics.json
T04_ref31,ref31,0,line_test_0005,line,2.415883129590521,28.58625154963443,0.46852065294969913,0.004289555829018354,1.4789664240088314,,1.4789664240088314,/home/superws/2026_Projects/Codex_reference_plane_real/exp/task_real_006d_800_formal/20260419_112717/mainline_vs_baselines_metrics.json
T04_ref31,ref31,0,line_test_0006,line,1.2049081516070463,30.789501737423116,0.6198315626894746,0.0028437206055969,2.979048114968464,,2.979048114968464,/home/superws/2026_Projects/Codex_reference_plane_real/exp/task_real_006d_800_formal/20260419_112717/mainline_vs_baselines_metrics.json
T04_ref31,ref31,0,line_test_0007,line,2.272035166831806,26.22475187566105,0.33109082807817525,0.00753936218097806,2.2889845450408757,,2.2889845450408757,/home/superws/2026_Projects/Codex_reference_plane_real/exp/task_real_006d_800_formal/20260419_112717/mainline_vs_baselines_metrics.json
T04_ref31,ref31,0,line_test_0008,line,0.7834916028802437,26.88040252091412,0.5765818227718844,0.007030543405562639,1.2960890280082822,,1.2960890280082822,/home/superws/2026_Projects/Codex_reference_plane_real/exp/task_real_006d_800_formal/20260419_112717/mainline_vs_baselines_metrics.json
T04_ref31,ref31,0,line_test_0009,line,1.4814280591788933,28.50001400107207,0.46573008082662937,0.004495170433074236,1.9181896748486906,,1.9181896748486906,/home/superws/2026_Projects/Codex_reference_plane_real/exp/task_real_006d_800_formal/20260419_112717/mainline_vs_baselines_metrics.json
T04_ref31,ref31,0,line_test_0010,line,2.053149034020431,29.29547069644673,0.5058554088963453,0.003818037686869502,2.6610709810629487,,2.6610709810629487,/home/superws/2026_Projects/Codex_reference_plane_real/exp/task_real_006d_800_formal/20260419_112717/mainline_vs_baselines_metrics.json
T04_ref31,ref31,0,line_test_0011,line,1.6200129070597373,25.65170464846776,0.33561675396577645,0.008140509016811848,1.3120482950471342,,1.3120482950471342,/home/superws/2026_Projects/Codex_reference_plane_real/exp/task_real_006d_800_formal/20260419_112717/mainline_vs_baselines_metrics.json
T04_ref31,ref31,0,line_test_0012,line,1.6211211345344194,27.58376497772257,0.4488739906484881,0.005077426787465811,2.038224891992286,,2.038224891992286,/home/superws/2026_Projects/Codex_reference_plane_real/exp/task_real_006d_800_formal/20260419_112717/mainline_vs_baselines_metrics.json
T04_ref31,ref31,0,line_test_0013,line,0.9985202059270728,27.020166854945142,0.553980249075121,0.0060379840433597565,1.3334822920151055,,1.3334822920151055,/home/superws/2026_Projects/Codex_reference_plane_real/exp/task_real_006d_800_formal/20260419_112717/mainline_vs_baselines_metrics.json
T04_ref31,ref31,0,line_test_0014,line,2.6193097781337795,30.648092284755954,0.5457640932170542,0.003238435136154294,0.9740079899784178,,0.9740079899784178,/home/superws/2026_Projects/Codex_reference_plane_real/exp/task_real_006d_800_formal/20260419_112717/mainline_vs_baselines_metrics.json
T04_ref31,ref31,0,line_test_0015,line,4.105567759767723,29.255363481655014,0.4275921239886305,0.0038592186756432056,1.196319131180644,,1.196319131180644,/home/superws/2026_Projects/Codex_reference_plane_real/exp/task_real_006d_800_formal/20260419_112717/mainline_vs_baselines_metrics.json
T04_ref31,ref31,0,line_test_0016,line,1.3695266961208206,26.8373052448039,0.4002919217169062,0.007009102962911129,1.7345813331194222,,1.7345813331194222,/home/superws/2026_Projects/Codex_reference_plane_real/exp/task_real_006d_800_formal/20260419_112717/mainline_vs_baselines_metrics.json
T04_ref31,ref31,0,line_test_0017,line,2.6775072663045054,27.817696287016002,0.42152637296095957,0.00534771429374814,0.9798211930319667,,0.9798211930319667,/home/superws/2026_Projects/Codex_reference_plane_real/exp/task_real_006d_800_formal/20260419_112717/mainline_vs_baselines_metrics.json
T04_ref31,ref31,0,line_test_0018,line,1.488088045740284,27.642317161040943,0.47212594777878336,0.005365233868360519,1.5742957119364291,,1.5742957119364291,/home/superws/2026_Projects/Codex_reference_plane_real/exp/task_real_006d_800_formal/20260419_112717/mainline_vs_baselines_metrics.json
T04_ref31,ref31,0,line_test_0019,line,1.944866785959768,26.412190336367185,0.39841343726598694,0.005987673066556454,1.3921078138519078,,1.3921078138519078,/home/superws/2026_Projects/Codex_reference_plane_real/exp/task_real_006d_800_formal/20260419_112717/mainline_vs_baselines_metrics.json
T04_ref31,ref31,0,cross_test_0000,cross,1.7264806859270985,29.808747420927407,0.5272825309380964,0.00432583736255765,1.2934925220906734,,1.2934925220906734,/home/superws/2026_Projects/Codex_reference_plane_real/exp/task_real_006d_800_formal/20260419_112717/mainline_vs_baselines_metrics.json
T04_ref31,ref31,0,cross_test_0001,cross,0.9765947373231915,26.60353057655147,0.4986146622766269,0.008078200742602348,1.8150647501461208,,1.8150647501461208,/home/superws/2026_Projects/Codex_reference_plane_real/exp/task_real_006d_800_formal/20260419_112717/mainline_vs_baselines_metrics.json
T04_ref31,ref31,0,cross_test_0002,cross,2.712024860070347,26.03205143474635,0.3450692631999127,0.007192931603640318,1.3667787848971784,,1.3667787848971784,/home/superws/2026_Projects/Codex_reference_plane_real/exp/task_real_006d_800_formal/20260419_112717/mainline_vs_baselines_metrics.json
T04_ref31,ref31,0,cross_test_0003,cross,1.1262318499480573,27.116622924127544,0.46380922301818084,0.00764435576274991,2.2030857298523188,,2.2030857298523188,/home/superws/2026_Projects/Codex_reference_plane_real/exp/task_real_006d_800_formal/20260419_112717/mainline_vs_baselines_metrics.json
T04_ref31,ref31,0,cross_test_0004,cross,1.4172368045896482,26.351265234164423,0.4164914252310394,0.008422375656664371,1.87156589794904,,1.87156589794904,/home/superws/2026_Projects/Codex_reference_plane_real/exp/task_real_006d_800_formal/20260419_112717/mainline_vs_baselines_metrics.json
T04_ref31,ref31,0,cross_test_0005,cross,2.3959902154876236,27.369861497850753,0.3694154084104873,0.0066358125768601894,1.3766822710167617,,1.3766822710167617,/home/superws/2026_Projects/Codex_reference_plane_real/exp/task_real_006d_800_formal/20260419_112717/mainline_vs_baselines_metrics.json
T04_ref31,ref31,0,cross_test_0006,cross,1.4682417113676858,27.052267110082738,0.5020483461888564,0.004929328337311745,1.482805890031159,,1.482805890031159,/home/superws/2026_Projects/Codex_reference_plane_real/exp/task_real_006d_800_formal/20260419_112717/mainline_vs_baselines_metrics.json
T04_ref31,ref31,0,cross_test_0007,cross,2.6971494167192382,29.622274626857653,0.5210139456696218,0.0038660061545670033,1.6382140030618757,,1.6382140030618757,/home/superws/2026_Projects/Codex_reference_plane_real/exp/task_real_006d_800_formal/20260419_112717/mainline_vs_baselines_metrics.json
T04_ref31,ref31,0,cross_test_0008,cross,1.0897138250022484,27.592909461376287,0.5008613509824359,0.006425606552511454,1.3110892449039966,,1.3110892449039966,/home/superws/2026_Projects/Codex_reference_plane_real/exp/task_real_006d_800_formal/20260419_112717/mainline_vs_baselines_metrics.json
T04_ref31,ref31,0,cross_test_0009,cross,4.184604682191987,26.663055410793362,0.30328745444219835,0.005666006822139025,1.4625347279943526,,1.4625347279943526,/home/superws/2026_Projects/Codex_reference_plane_real/exp/task_real_006d_800_formal/20260419_112717/mainline_vs_baselines_metrics.json
T04_ref31,ref31,0,cross_test_0010,cross,2.0128471372830274,29.009408822923717,0.47533067800558876,0.004289924632757902,3.159178063971922,,3.159178063971922,/home/superws/2026_Projects/Codex_reference_plane_real/exp/task_real_006d_800_formal/20260419_112717/mainline_vs_baselines_metrics.json
T04_ref31,ref31,0,cross_test_0011,cross,1.407734462620337,25.82895169755262,0.3436573496624118,0.007919796742498875,1.3494381939526647,,1.3494381939526647,/home/superws/2026_Projects/Codex_reference_plane_real/exp/task_real_006d_800_formal/20260419_112717/mainline_vs_baselines_metrics.json
T04_ref31,ref31,0,cross_test_0012,cross,1.5632176110062674,29.726408664604747,0.5489558135916652,0.004422320984303951,1.7904682490043342,,1.7904682490043342,/home/superws/2026_Projects/Codex_reference_plane_real/exp/task_real_006d_800_formal/20260419_112717/mainline_vs_baselines_metrics.json
T04_ref31,ref31,0,cross_test_0013,cross,2.135979377991264,28.366269893422427,0.4071602457686482,0.005656857043504715,3.0388723330106586,,3.0388723330106586,/home/superws/2026_Projects/Codex_reference_plane_real/exp/task_real_006d_800_formal/20260419_112717/mainline_vs_baselines_metrics.json
T04_ref31,ref31,0,cross_test_0014,cross,1.1366471157315456,27.147267699130563,0.5337046587545855,0.005933031905442476,1.2213245672173798,,1.2213245672173798,/home/superws/2026_Projects/Codex_reference_plane_real/exp/task_real_006d_800_formal/20260419_112717/mainline_vs_baselines_metrics.json
T04_ref31,ref31,0,L_shape_test_0000,L-shape,1.5168838430550573,24.362650994059862,0.29171501224056257,0.01087245810776949,1.5286046951077878,,1.5286046951077878,/home/superws/2026_Projects/Codex_reference_plane_real/exp/task_real_006d_800_formal/20260419_112717/mainline_vs_baselines_metrics.json
T04_ref31,ref31,0,L_shape_test_0001,L-shape,1.7074030056220153,25.3400933085701,0.3726218723162974,0.007571162655949593,2.510423911968246,,2.510423911968246,/home/superws/2026_Projects/Codex_reference_plane_real/exp/task_real_006d_800_formal/20260419_112717/mainline_vs_baselines_metrics.json
T04_ref31,ref31,0,L_shape_test_0002,L-shape,1.7011113524257173,24.973593466109783,0.328964925742598,0.009656105190515518,1.4430967310909182,,1.4430967310909182,/home/superws/2026_Projects/Codex_reference_plane_real/exp/task_real_006d_800_formal/20260419_112717/mainline_vs_baselines_metrics.json
T04_ref31,ref31,0,L_shape_test_0003,L-shape,1.5207918095286117,25.66760104641981,0.364120384138308,0.008336242288351059,1.6327139809727669,,1.6327139809727669,/home/superws/2026_Projects/Codex_reference_plane_real/exp/task_real_006d_800_formal/20260419_112717/mainline_vs_baselines_metrics.json
T04_ref31,ref31,0,L_shape_test_0004,L-shape,1.9825556767053385,22.808130918686697,0.1966248808446626,0.014524743892252445,4.089104274054989,,4.089104274054989,/home/superws/2026_Projects/Codex_reference_plane_real/exp/task_real_006d_800_formal/20260419_112717/mainline_vs_baselines_metrics.json
T04_ref31,ref31,0,L_shape_test_0005,L-shape,1.8912296793150527,24.372276796268192,0.29942747440019146,0.00998105388134718,1.436398653080687,,1.436398653080687,/home/superws/2026_Projects/Codex_reference_plane_real/exp/task_real_006d_800_formal/20260419_112717/mainline_vs_baselines_metrics.json
T04_ref31,ref31,0,L_shape_test_0006,L-shape,2.5539194567330705,27.089008803977407,0.3602229476721387,0.006123094819486141,1.3639276279136539,,1.3639276279136539,/home/superws/2026_Projects/Codex_reference_plane_real/exp/task_real_006d_800_formal/20260419_112717/mainline_vs_baselines_metrics.json
T04_ref31,ref31,0,L_shape_test_0007,L-shape,1.2815474987469089,25.922174066387985,0.3734529114836742,0.008462696336209774,1.6576994739007205,,1.6576994739007205,/home/superws/2026_Projects/Codex_reference_plane_real/exp/task_real_006d_800_formal/20260419_112717/mainline_vs_baselines_metrics.json
T04_ref31,ref31,0,L_shape_test_0008,L-shape,2.149105836222751,27.151830417927133,0.3331657433751245,0.005227058660238981,1.224778549047187,,1.224778549047187,/home/superws/2026_Projects/Codex_reference_plane_real/exp/task_real_006d_800_formal/20260419_112717/mainline_vs_baselines_metrics.json
T04_ref31,ref31,0,L_shape_test_0009,L-shape,1.546729240936345,24.509096897009126,0.3050732302714346,0.010680262930691242,3.3534988700412214,,3.3534988700412214,/home/superws/2026_Projects/Codex_reference_plane_real/exp/task_real_006d_800_formal/20260419_112717/mainline_vs_baselines_metrics.json
T04_ref31,ref31,0,L_shape_test_0010,L-shape,1.6576933839986279,28.407410133138328,0.4379292915787853,0.004791459999978542,1.7888200820889324,,1.7888200820889324,/home/superws/2026_Projects/Codex_reference_plane_real/exp/task_real_006d_800_formal/20260419_112717/mainline_vs_baselines_metrics.json
T04_ref31,ref31,0,L_shape_test_0011,L-shape,4.102952715301918,27.24887859730356,0.3438615582483951,0.00553207378834486,1.1840364399831742,,1.1840364399831742,/home/superws/2026_Projects/Codex_reference_plane_real/exp/task_real_006d_800_formal/20260419_112717/mainline_vs_baselines_metrics.json
T04_ref31,ref31,0,L_shape_test_0012,L-shape,1.67452619001345,24.519419600766575,0.2761538566311037,0.010515703819692135,2.6250895261764526,,2.6250895261764526,/home/superws/2026_Projects/Codex_reference_plane_real/exp/task_real_006d_800_formal/20260419_112717/mainline_vs_baselines_metrics.json
T04_ref31,ref31,0,L_shape_test_0013,L-shape,1.1470244319155896,26.666466512586567,0.41062746083882934,0.007140754722058773,2.525412037037313,,2.525412037037313,/home/superws/2026_Projects/Codex_reference_plane_real/exp/task_real_006d_800_formal/20260419_112717/mainline_vs_baselines_metrics.json
T04_ref31,ref31,0,L_shape_test_0014,L-shape,2.2492880254310186,28.672347327018358,0.4470301018582132,0.004081311635673046,1.3440336189232767,,1.3440336189232767,/home/superws/2026_Projects/Codex_reference_plane_real/exp/task_real_006d_800_formal/20260419_112717/mainline_vs_baselines_metrics.json
T04_ref31,ref31,0,L_shape_test_0015,L-shape,1.2400238325856368,24.93132326772482,0.3342538411611156,0.009489466436207294,1.8589070281013846,,1.8589070281013846,/home/superws/2026_Projects/Codex_reference_plane_real/exp/task_real_006d_800_formal/20260419_112717/mainline_vs_baselines_metrics.json
T04_ref31,ref31,0,L_shape_test_0016,L-shape,1.5985438882382204,25.373508218054948,0.3047339018520643,0.009281090460717678,2.1806071421597153,,2.1806071421597153,/home/superws/2026_Projects/Codex_reference_plane_real/exp/task_real_006d_800_formal/20260419_112717/mainline_vs_baselines_metrics.json
T04_ref31,ref31,0,L_shape_test_0017,L-shape,1.6349522652423054,24.165070761661497,0.28368215001632635,0.011506186798214912,1.9771915338933468,,1.9771915338933468,/home/superws/2026_Projects/Codex_reference_plane_real/exp/task_real_006d_800_formal/20260419_112717/mainline_vs_baselines_metrics.json
T04_ref31,ref31,0,L_shape_test_0018,L-shape,1.7353470121660117,23.805790363999684,0.2735421085216601,0.010147239081561565,2.7379367270041257,,2.7379367270041257,/home/superws/2026_Projects/Codex_reference_plane_real/exp/task_real_006d_800_formal/20260419_112717/mainline_vs_baselines_metrics.json
T04_ref31,ref31,0,L_shape_test_0019,L-shape,4.041768058365346,27.264294578138077,0.3263369866726328,0.0058770012110471725,2.3904251558706164,,2.3904251558706164,/home/superws/2026_Projects/Codex_reference_plane_real/exp/task_real_006d_800_formal/20260419_112717/mainline_vs_baselines_metrics.json
T04_ref31,ref31,0,double_line_test_0000,double-line,1.845067810706683,23.572443516792152,0.28256285061929465,0.009908115491271019,1.5291077550500631,,1.5291077550500631,/home/superws/2026_Projects/Codex_reference_plane_real/exp/task_real_006d_800_formal/20260419_112717/mainline_vs_baselines_metrics.json
T04_ref31,ref31,0,double_line_test_0001,double-line,1.4671141656780533,24.9724713820088,0.3046753800163507,0.009790753945708275,2.4177223208826035,,2.4177223208826035,/home/superws/2026_Projects/Codex_reference_plane_real/exp/task_real_006d_800_formal/20260419_112717/mainline_vs_baselines_metrics.json
T04_ref31,ref31,0,double_line_test_0002,double-line,1.4386207966476754,29.666367953547294,0.47951443350377077,0.004365907981991768,1.1812459770590067,,1.1812459770590067,/home/superws/2026_Projects/Codex_reference_plane_real/exp/task_real_006d_800_formal/20260419_112717/mainline_vs_baselines_metrics.json
T04_ref31,ref31,0,double_line_test_0003,double-line,1.9144138417274008,22.806930016868883,0.23397500463094753,0.015084285289049149,1.8770295979920775,,1.8770295979920775,/home/superws/2026_Projects/Codex_reference_plane_real/exp/task_real_006d_800_formal/20260419_112717/mainline_vs_baselines_metrics.json
T04_ref31,ref31,0,double_line_test_0004,double-line,1.128449069774692,25.37030375213189,0.43627205247248707,0.009941200725734234,2.384370720013976,,2.384370720013976,/home/superws/2026_Projects/Codex_reference_plane_real/exp/task_real_006d_800_formal/20260419_112717/mainline_vs_baselines_metrics.json
T04_ref31,ref31,0,double_line_test_0005,double-line,1.357291948604917,24.667565160145443,0.31814108436224325,0.010785178281366825,1.4584487369284034,,1.4584487369284034,/home/superws/2026_Projects/Codex_reference_plane_real/exp/task_real_006d_800_formal/20260419_112717/mainline_vs_baselines_metrics.json
T04_ref31,ref31,0,double_line_test_0006,double-line,1.6444665816362514,23.14252544574551,0.250039512383654,0.013664256781339645,2.352632546098903,,2.352632546098903,/home/superws/2026_Projects/Codex_reference_plane_real/exp/task_real_006d_800_formal/20260419_112717/mainline_vs_baselines_metrics.json
T04_ref31,ref31,0,double_line_test_0007,double-line,3.1916488601602664,26.90225580518149,0.3276517424302747,0.006740660406649113,1.509602091042325,,1.509602091042325,/home/superws/2026_Projects/Codex_reference_plane_real/exp/task_real_006d_800_formal/20260419_112717/mainline_vs_baselines_metrics.json
T04_ref31,ref31,0,double_line_test_0008,double-line,6.51202952788828,20.230330398784737,0.049817783469349404,0.022445784881711006,19.244327600114048,,19.244327600114048,/home/superws/2026_Projects/Codex_reference_plane_real/exp/task_real_006d_800_formal/20260419_112717/mainline_vs_baselines_metrics.json
T04_ref31,ref31,0,double_line_test_0009,double-line,2.0595535034823196,24.832321211793005,0.31798670614462415,0.009077220223844051,3.037622031988576,,3.037622031988576,/home/superws/2026_Projects/Codex_reference_plane_real/exp/task_real_006d_800_formal/20260419_112717/mainline_vs_baselines_metrics.json
T04_ref31,ref31,0,double_line_test_0010,double-line,1.9801083925252194,23.37365363115017,0.25207309191310906,0.012426100671291351,2.425020530121401,,2.425020530121401,/home/superws/2026_Projects/Codex_reference_plane_real/exp/task_real_006d_800_formal/20260419_112717/mainline_vs_baselines_metrics.json
T04_ref31,ref31,0,double_line_test_0011,double-line,1.8574779503875618,25.292961629883525,0.3147436376881749,0.009503538720309734,1.5104942610487342,,1.5104942610487342,/home/superws/2026_Projects/Codex_reference_plane_real/exp/task_real_006d_800_formal/20260419_112717/mainline_vs_baselines_metrics.json
T04_ref31,ref31,0,double_line_test_0012,double-line,4.301138058523511,24.31294131026535,0.23870165845708177,0.008368591777980328,2.6691141910851,,2.6691141910851,/home/superws/2026_Projects/Codex_reference_plane_real/exp/task_real_006d_800_formal/20260419_112717/mainline_vs_baselines_metrics.json
T04_ref31,ref31,0,double_line_test_0013,double-line,1.4890808118287508,23.283216209203758,0.290122734629903,0.014751655049622059,2.031650018878281,,2.031650018878281,/home/superws/2026_Projects/Codex_reference_plane_real/exp/task_real_006d_800_formal/20260419_112717/mainline_vs_baselines_metrics.json
T04_ref31,ref31,0,double_line_test_0014,double-line,1.7473523133529438,23.354163109068345,0.23554464731350558,0.013473544269800186,1.6315659880638123,,1.6315659880638123,/home/superws/2026_Projects/Codex_reference_plane_real/exp/task_real_006d_800_formal/20260419_112717/mainline_vs_baselines_metrics.json
T04_ref31,ref31,0,small_rect_edge_test_0000,small_rect_edge,1.7185241191916496,27.53731160729208,0.44710800850931487,0.0047261896543204784,1.0322678361553699,,1.0322678361553699,/home/superws/2026_Projects/Codex_reference_plane_real/exp/task_real_006d_800_formal/20260419_112717/mainline_vs_baselines_metrics.json
T04_ref31,ref31,0,small_rect_edge_test_0001,small_rect_edge,1.4613847582678954,29.149523700093507,0.4795079841008024,0.004047979135066271,1.1764905918389559,,1.1764905918389559,/home/superws/2026_Projects/Codex_reference_plane_real/exp/task_real_006d_800_formal/20260419_112717/mainline_vs_baselines_metrics.json
T04_ref31,ref31,0,small_rect_edge_test_0002,small_rect_edge,2.1242843899659074,24.449712287556878,0.2591471701402092,0.010670439340174198,1.3217660528607666,,1.3217660528607666,/home/superws/2026_Projects/Codex_reference_plane_real/exp/task_real_006d_800_formal/20260419_112717/mainline_vs_baselines_metrics.json
T04_ref31,ref31,0,small_rect_edge_test_0003,small_rect_edge,2.1922257026250276,27.100325836456967,0.3699674028935392,0.006443760823458433,1.4549813859630376,,1.4549813859630376,/home/superws/2026_Projects/Codex_reference_plane_real/exp/task_real_006d_800_formal/20260419_112717/mainline_vs_baselines_metrics.json
T04_ref31,ref31,0,small_rect_edge_test_0004,small_rect_edge,2.3818167024080994,25.382273611025603,0.2738823786099118,0.00861672405153513,1.5309513171669096,,1.5309513171669096,/home/superws/2026_Projects/Codex_reference_plane_real/exp/task_real_006d_800_formal/20260419_112717/mainline_vs_baselines_metrics.json
T04_ref31,ref31,0,small_rect_edge_test_0005,small_rect_edge,2.070541979905143,26.300877230799543,0.3534373638399704,0.006481236312538385,1.5624835949856788,,1.5624835949856788,/home/superws/2026_Projects/Codex_reference_plane_real/exp/task_real_006d_800_formal/20260419_112717/mainline_vs_baselines_metrics.json
T04_ref31,ref31,0,small_rect_edge_test_0006,small_rect_edge,2.1132805953149094,26.715599840525805,0.3413119511935727,0.006915635894984007,1.4653675819281489,,1.4653675819281489,/home/superws/2026_Projects/Codex_reference_plane_real/exp/task_real_006d_800_formal/20260419_112717/mainline_vs_baselines_metrics.json
T04_ref31,ref31,0,small_rect_edge_test_0007,small_rect_edge,2.411662155900286,25.25451654073892,0.253799846091058,0.009046820923686028,1.2198814891744405,,1.2198814891744405,/home/superws/2026_Projects/Codex_reference_plane_real/exp/task_real_006d_800_formal/20260419_112717/mainline_vs_baselines_metrics.json
T04_ref31,ref31,0,small_rect_edge_test_0008,small_rect_edge,2.931882173730479,23.750711962587637,0.2089412323245499,0.010747422464191914,1.411695344839245,,1.411695344839245,/home/superws/2026_Projects/Codex_reference_plane_real/exp/task_real_006d_800_formal/20260419_112717/mainline_vs_baselines_metrics.json
T04_ref31,ref31,0,small_rect_edge_test_0009,small_rect_edge,2.7002432302769184,26.581783726199486,0.33020463883873946,0.006941220723092556,1.263479224871844,,1.263479224871844,/home/superws/2026_Projects/Codex_reference_plane_real/exp/task_real_006d_800_formal/20260419_112717/mainline_vs_baselines_metrics.json
T04_ref31,ref31,0,point_cluster_test_0000,point_cluster,5.0797865040494035,25.859869659824266,0.28678072219628864,0.006547453813254833,2.2427634408231825,,2.2427634408231825,/home/superws/2026_Projects/Codex_reference_plane_real/exp/task_real_006d_800_formal/20260419_112717/mainline_vs_baselines_metrics.json
T04_ref31,ref31,0,point_cluster_test_0001,point_cluster,2.2675734543426334,28.115554769644522,0.38645519462948,0.0068526905961334705,2.0300000850111246,,2.0300000850111246,/home/superws/2026_Projects/Codex_reference_plane_real/exp/task_real_006d_800_formal/20260419_112717/mainline_vs_baselines_metrics.json
T04_ref31,ref31,0,point_cluster_test_0002,point_cluster,4.738534355799894,28.8491982978892,0.42393944356050506,0.004330189898610115,1.094149055192247,,1.094149055192247,/home/superws/2026_Projects/Codex_reference_plane_real/exp/task_real_006d_800_formal/20260419_112717/mainline_vs_baselines_metrics.json
T04_ref31,ref31,0,point_cluster_test_0003,point_cluster,3.5701144787014076,30.337269441195744,0.5164825292527622,0.003039981471374631,1.7692368829157203,,1.7692368829157203,/home/superws/2026_Projects/Codex_reference_plane_real/exp/task_real_006d_800_formal/20260419_112717/mainline_vs_baselines_metrics.json
T04_ref31,ref31,0,point_cluster_test_0004,point_cluster,3.3423440146176597,26.17787781721377,0.27310943300453494,0.00885161105543375,1.6554710329510272,,1.6554710329510272,/home/superws/2026_Projects/Codex_reference_plane_real/exp/task_real_006d_800_formal/20260419_112717/mainline_vs_baselines_metrics.json
T04_ref31,ref31,0,point_cluster_test_0005,point_cluster,1.9938195667231977,28.369092865261077,0.41738856087818776,0.005805635824799538,1.1377599008847028,,1.1377599008847028,/home/superws/2026_Projects/Codex_reference_plane_real/exp/task_real_006d_800_formal/20260419_112717/mainline_vs_baselines_metrics.json
T04_ref31,ref31,0,point_cluster_test_0006,point_cluster,8.207139246495965,25.92606292195985,0.29696697602242,0.0058827996253967285,2.9644656819291413,,2.9644656819291413,/home/superws/2026_Projects/Codex_reference_plane_real/exp/task_real_006d_800_formal/20260419_112717/mainline_vs_baselines_metrics.json
T04_ref31,ref31,0,point_cluster_test_0007,point_cluster,6.758634781484201,27.309523126408845,0.3731970922531078,0.004965198691934347,1.302526026032865,,1.302526026032865,/home/superws/2026_Projects/Codex_reference_plane_real/exp/task_real_006d_800_formal/20260419_112717/mainline_vs_baselines_metrics.json
T04_ref31,ref31,0,point_cluster_test_0008,point_cluster,3.307552132139458,29.5549745410375,0.4664676806162822,0.003652650397270918,1.2699136149603873,,1.2699136149603873,/home/superws/2026_Projects/Codex_reference_plane_real/exp/task_real_006d_800_formal/20260419_112717/mainline_vs_baselines_metrics.json
T04_ref31,ref31,0,point_cluster_test_0009,point_cluster,8.968151289200714,26.552386357203495,0.3487010066310092,0.004723741672933102,1.8620100249536335,,1.8620100249536335,/home/superws/2026_Projects/Codex_reference_plane_real/exp/task_real_006d_800_formal/20260419_112717/mainline_vs_baselines_metrics.json
T04_ref31,ref31,0,point_cluster_test_0010,point_cluster,3.0863768846710014,26.388161529899342,0.2706517085069876,0.007854699157178402,1.9068204250652343,,1.9068204250652343,/home/superws/2026_Projects/Codex_reference_plane_real/exp/task_real_006d_800_formal/20260419_112717/mainline_vs_baselines_metrics.json
T04_ref31,ref31,0,point_cluster_test_0011,point_cluster,2.222026243580075,31.43955663707406,0.6062683319342617,0.0031034257262945175,1.325689122080803,,1.325689122080803,/home/superws/2026_Projects/Codex_reference_plane_real/exp/task_real_006d_800_formal/20260419_112717/mainline_vs_baselines_metrics.json
T04_ref31,ref31,0,point_cluster_test_0012,point_cluster,4.120808061957693,27.50492274815423,0.32503937679126127,0.005960692185908556,1.5167963078711182,,1.5167963078711182,/home/superws/2026_Projects/Codex_reference_plane_real/exp/task_real_006d_800_formal/20260419_112717/mainline_vs_baselines_metrics.json
T04_ref31,ref31,0,point_cluster_test_0013,point_cluster,2.848767607223068,27.814046422270433,0.33663924434330106,0.006966870278120041,1.6351484088227153,,1.6351484088227153,/home/superws/2026_Projects/Codex_reference_plane_real/exp/task_real_006d_800_formal/20260419_112717/mainline_vs_baselines_metrics.json
T04_ref31,ref31,0,point_cluster_test_0014,point_cluster,2.4532326247061467,30.364366569424636,0.5247996621360118,0.003039867850020528,1.202355262124911,,1.202355262124911,/home/superws/2026_Projects/Codex_reference_plane_real/exp/task_real_006d_800_formal/20260419_112717/mainline_vs_baselines_metrics.json
T04_ref31,ref31,0,point_cluster_test_0015,point_cluster,4.004616452870192,28.370175531702234,0.37659661839937375,0.0048841615207493305,1.6278370111249387,,1.6278370111249387,/home/superws/2026_Projects/Codex_reference_plane_real/exp/task_real_006d_800_formal/20260419_112717/mainline_vs_baselines_metrics.json
T04_ref31,ref31,0,point_cluster_test_0016,point_cluster,3.5623383961873993,26.361345165158742,0.31294738728695404,0.007703032810240984,2.3110168331768364,,2.3110168331768364,/home/superws/2026_Projects/Codex_reference_plane_real/exp/task_real_006d_800_formal/20260419_112717/mainline_vs_baselines_metrics.json
T04_ref31,ref31,0,point_cluster_test_0017,point_cluster,10.797785376847047,25.813361915912377,0.3383068650976827,0.004774733912199736,1.092311707092449,,1.092311707092449,/home/superws/2026_Projects/Codex_reference_plane_real/exp/task_real_006d_800_formal/20260419_112717/mainline_vs_baselines_metrics.json
T04_ref31,ref31,0,point_cluster_test_0018,point_cluster,8.845182582845798,26.268576135154152,0.2888018047645775,0.006016314495354891,1.7837870991788805,,1.7837870991788805,/home/superws/2026_Projects/Codex_reference_plane_real/exp/task_real_006d_800_formal/20260419_112717/mainline_vs_baselines_metrics.json
T04_ref31,ref31,0,point_cluster_test_0019,point_cluster,4.70048613291644,28.172448736471722,0.38361433126466904,0.004515704233199358,2.6466459431685507,,2.6466459431685507,/home/superws/2026_Projects/Codex_reference_plane_real/exp/task_real_006d_800_formal/20260419_112717/mainline_vs_baselines_metrics.json
T05_ref3_plus_residual_UNet,ref3 + residual U-Net,0,line_test_0000,line,1.365879467004493,29.48688973620083,0.49629645809402145,0.002545042196288705,0.46322774309373926,0.018526485000620596,0.46322774309373926,/home/superws/2026_Projects/Codex_reference_plane_real/exp/task_real_struc_001b_full_structure_diagnosis/20260515_001000_fullrunner/per_sample_metrics.csv
T05_ref3_plus_residual_UNet,ref3 + residual U-Net,0,line_test_0001,line,1.3280877010445937,24.677956850902223,0.3347472132046017,0.007740357890725136,0.587591645802604,0.0009820109989959747,0.587591645802604,/home/superws/2026_Projects/Codex_reference_plane_real/exp/task_real_struc_001b_full_structure_diagnosis/20260515_001000_fullrunner/per_sample_metrics.csv
T05_ref3_plus_residual_UNet,ref3 + residual U-Net,0,line_test_0002,line,1.6510385139859685,28.024728178133135,0.43016958912750264,0.004759584087878466,0.26201236898850766,0.0008971230017777998,0.26201236898850766,/home/superws/2026_Projects/Codex_reference_plane_real/exp/task_real_struc_001b_full_structure_diagnosis/20260515_001000_fullrunner/per_sample_metrics.csv
T05_ref3_plus_residual_UNet,ref3 + residual U-Net,0,line_test_0003,line,7.443669857475446,25.193244326427454,0.16717333653796781,0.009079944342374802,0.4059635220291966,0.0009090380008274224,0.4059635220291966,/home/superws/2026_Projects/Codex_reference_plane_real/exp/task_real_struc_001b_full_structure_diagnosis/20260515_001000_fullrunner/per_sample_metrics.csv
T05_ref3_plus_residual_UNet,ref3 + residual U-Net,0,line_test_0004,line,1.6993118889727241,34.33567570156919,0.7175259295518394,0.001049910206347704,0.287759305050713,0.0008734639995964244,0.287759305050713,/home/superws/2026_Projects/Codex_reference_plane_real/exp/task_real_struc_001b_full_structure_diagnosis/20260515_001000_fullrunner/per_sample_metrics.csv
T05_ref3_plus_residual_UNet,ref3 + residual U-Net,0,line_test_0005,line,2.0777388493249624,29.24110105274974,0.46026750379068415,0.004300204571336508,0.2772432909478084,0.000981805998890195,0.2772432909478084,/home/superws/2026_Projects/Codex_reference_plane_real/exp/task_real_struc_001b_full_structure_diagnosis/20260515_001000_fullrunner/per_sample_metrics.csv
T05_ref3_plus_residual_UNet,ref3 + residual U-Net,0,line_test_0006,line,4.54727924184403,25.021525196835825,0.2072503030699531,0.00823476817458868,0.5738626498787198,0.0009427100012544543,0.5738626498787198,/home/superws/2026_Projects/Codex_reference_plane_real/exp/task_real_struc_001b_full_structure_diagnosis/20260515_001000_fullrunner/per_sample_metrics.csv
T05_ref3_plus_residual_UNet,ref3 + residual U-Net,0,line_test_0007,line,2.0039604182038575,26.770011026408266,0.3706801578568781,0.00487920455634594,0.42520231317030266,0.0008682089974172413,0.42520231317030266,/home/superws/2026_Projects/Codex_reference_plane_real/exp/task_real_struc_001b_full_structure_diagnosis/20260515_001000_fullrunner/per_sample_metrics.csv
T05_ref3_plus_residual_UNet,ref3 + residual U-Net,0,line_test_0008,line,0.9544403178124763,26.023258180168966,0.41631411776975763,0.005515367724001408,0.2706465269475302,0.000882247000845382,0.2706465269475302,/home/superws/2026_Projects/Codex_reference_plane_real/exp/task_real_struc_001b_full_structure_diagnosis/20260515_001000_fullrunner/per_sample_metrics.csv
T05_ref3_plus_residual_UNet,ref3 + residual U-Net,0,line_test_0009,line,1.3291345268650736,28.971130294271404,0.4554010922919478,0.003266537096351385,0.3752534808081691,0.0008795510002528317,0.3752534808081691,/home/superws/2026_Projects/Codex_reference_plane_real/exp/task_real_struc_001b_full_structure_diagnosis/20260515_001000_fullrunner/per_sample_metrics.csv
T05_ref3_plus_residual_UNet,ref3 + residual U-Net,0,line_test_0010,line,1.7117265126399732,30.08533162204508,0.5185440601587135,0.003122018650174141,0.46831493105128175,0.000945200001297053,0.46831493105128175,/home/superws/2026_Projects/Codex_reference_plane_real/exp/task_real_struc_001b_full_structure_diagnosis/20260515_001000_fullrunner/per_sample_metrics.csv
T05_ref3_plus_residual_UNet,ref3 + residual U-Net,0,line_test_0011,line,1.0689458407746668,27.457332359485545,0.33701110365492043,0.00259895296767354,0.27058347903948743,0.0008784340025158599,0.27058347903948743,/home/superws/2026_Projects/Codex_reference_plane_real/exp/task_real_struc_001b_full_structure_diagnosis/20260515_001000_fullrunner/per_sample_metrics.csv
T05_ref3_plus_residual_UNet,ref3 + residual U-Net,0,line_test_0012,line,1.4304614047475537,28.12715795686611,0.42971586792705196,0.004137355834245682,0.39502131600966095,0.0008803839991742279,0.39502131600966095,/home/superws/2026_Projects/Codex_reference_plane_real/exp/task_real_struc_001b_full_structure_diagnosis/20260515_001000_fullrunner/per_sample_metrics.csv
T05_ref3_plus_residual_UNet,ref3 + residual U-Net,0,line_test_0013,line,1.2624158834303605,26.00171096273441,0.45501668059713785,0.006528789177536964,0.2773915280959045,0.0008757389987295028,0.2773915280959045,/home/superws/2026_Projects/Codex_reference_plane_real/exp/task_real_struc_001b_full_structure_diagnosis/20260515_001000_fullrunner/per_sample_metrics.csv
T05_ref3_plus_residual_UNet,ref3 + residual U-Net,0,line_test_0014,line,1.3016877891606944,33.68489258544051,0.6803570593567481,0.0009557127486914396,0.19495727291723597,0.0009377049973409157,0.19495727291723597,/home/superws/2026_Projects/Codex_reference_plane_real/exp/task_real_struc_001b_full_structure_diagnosis/20260515_001000_fullrunner/per_sample_metrics.csv
T05_ref3_plus_residual_UNet,ref3 + residual U-Net,0,line_test_0015,line,3.8471067623844877,29.53775346756961,0.4484761087364684,0.003423212328925729,0.21992093998051132,0.000933988001634134,0.21992093998051132,/home/superws/2026_Projects/Codex_reference_plane_real/exp/task_real_struc_001b_full_structure_diagnosis/20260515_001000_fullrunner/per_sample_metrics.csv
T05_ref3_plus_residual_UNet,ref3 + residual U-Net,0,line_test_0016,line,1.5101491718497264,26.412812029861946,0.33340036841648935,0.006081202067434788,0.34884849307127297,0.0009156710002571344,0.34884849307127297,/home/superws/2026_Projects/Codex_reference_plane_real/exp/task_real_struc_001b_full_structure_diagnosis/20260515_001000_fullrunner/per_sample_metrics.csv
T05_ref3_plus_residual_UNet,ref3 + residual U-Net,0,line_test_0017,line,1.1739627355457047,31.39845966365462,0.5569712466903464,0.001140758628025651,0.2128904670389602,0.0008699559984961525,0.2128904670389602,/home/superws/2026_Projects/Codex_reference_plane_real/exp/task_real_struc_001b_full_structure_diagnosis/20260515_001000_fullrunner/per_sample_metrics.csv
T05_ref3_plus_residual_UNet,ref3 + residual U-Net,0,line_test_0018,line,1.6714133140918048,27.137764783050017,0.358129037978842,0.005006034392863512,0.29217200893253903,0.0008696190016053151,0.29217200893253903,/home/superws/2026_Projects/Codex_reference_plane_real/exp/task_real_struc_001b_full_structure_diagnosis/20260515_001000_fullrunner/per_sample_metrics.csv
T05_ref3_plus_residual_UNet,ref3 + residual U-Net,0,line_test_0019,line,2.4258517979898673,25.452446238165216,0.2830009703413586,0.006940047722309828,0.26676255193160614,0.0008714909999980591,0.26676255193160614,/home/superws/2026_Projects/Codex_reference_plane_real/exp/task_real_struc_001b_full_structure_diagnosis/20260515_001000_fullrunner/per_sample_metrics.csv
T05_ref3_plus_residual_UNet,ref3 + residual U-Net,0,cross_test_0000,cross,3.135383430413447,27.21745797894245,0.3174447328297776,0.006896673701703548,0.27385029919605586,0.0008755039998504799,0.27385029919605586,/home/superws/2026_Projects/Codex_reference_plane_real/exp/task_real_struc_001b_full_structure_diagnosis/20260515_001000_fullrunner/per_sample_metrics.csv
T05_ref3_plus_residual_UNet,ref3 + residual U-Net,0,cross_test_0001,cross,0.9318512531660398,26.807208303941422,0.5013473928576457,0.005991089623421431,0.36635992806986906,0.0008735599985811859,0.36635992806986906,/home/superws/2026_Projects/Codex_reference_plane_real/exp/task_real_struc_001b_full_structure_diagnosis/20260515_001000_fullrunner/per_sample_metrics.csv
T05_ref3_plus_residual_UNet,ref3 + residual U-Net,0,cross_test_0002,cross,1.3980139976710968,28.90987307942074,0.4490465466992755,0.0027839699760079384,0.26775915799225913,0.0009457380001549609,0.26775915799225913,/home/superws/2026_Projects/Codex_reference_plane_real/exp/task_real_struc_001b_full_structure_diagnosis/20260515_001000_fullrunner/per_sample_metrics.csv
T05_ref3_plus_residual_UNet,ref3 + residual U-Net,0,cross_test_0003,cross,1.126096571051933,27.117144575730592,0.47704743595995874,0.0050242189317941666,0.4301161230614525,0.0008680149985593744,0.4301161230614525,/home/superws/2026_Projects/Codex_reference_plane_real/exp/task_real_struc_001b_full_structure_diagnosis/20260515_001000_fullrunner/per_sample_metrics.csv
T05_ref3_plus_residual_UNet,ref3 + residual U-Net,0,cross_test_0004,cross,1.1913891772237808,27.10515280751752,0.48517270768775617,0.005854433868080378,0.3829131588609016,0.0009375429981446359,0.3829131588609016,/home/superws/2026_Projects/Codex_reference_plane_real/exp/task_real_struc_001b_full_structure_diagnosis/20260515_001000_fullrunner/per_sample_metrics.csv
T05_ref3_plus_residual_UNet,ref3 + residual U-Net,0,cross_test_0005,cross,3.156517464913681,26.172629877662818,0.2340384274887214,0.008751999586820602,0.30022078217734816,0.000865930000145454,0.30022078217734816,/home/superws/2026_Projects/Codex_reference_plane_real/exp/task_real_struc_001b_full_structure_diagnosis/20260515_001000_fullrunner/per_sample_metrics.csv
T05_ref3_plus_residual_UNet,ref3 + residual U-Net,0,cross_test_0006,cross,1.3084219057490076,27.552764423702833,0.49679577995935637,0.0035097661893814802,0.30643247701300425,0.0008743010002945084,0.30643247701300425,/home/superws/2026_Projects/Codex_reference_plane_real/exp/task_real_struc_001b_full_structure_diagnosis/20260515_001000_fullrunner/per_sample_metrics.csv
T05_ref3_plus_residual_UNet,ref3 + residual U-Net,0,cross_test_0007,cross,2.150075199383522,30.606787899121638,0.5698226623962,0.0027270440477877855,0.31254824589996133,0.0009098180016735569,0.31254824589996133,/home/superws/2026_Projects/Codex_reference_plane_real/exp/task_real_struc_001b_full_structure_diagnosis/20260515_001000_fullrunner/per_sample_metrics.csv
T05_ref3_plus_residual_UNet,ref3 + residual U-Net,0,cross_test_0008,cross,1.4285909992059551,26.416954984230088,0.3345607121082933,0.006747137289494276,0.27803469396531,0.0008803950004221406,0.27803469396531,/home/superws/2026_Projects/Codex_reference_plane_real/exp/task_real_struc_001b_full_structure_diagnosis/20260515_001000_fullrunner/per_sample_metrics.csv
T05_ref3_plus_residual_UNet,ref3 + residual U-Net,0,cross_test_0009,cross,2.5325359781166914,28.84404351725329,0.41999380349425747,0.0037139595951884985,0.29322823401889764,0.0008898660016711801,0.29322823401889764,/home/superws/2026_Projects/Codex_reference_plane_real/exp/task_real_struc_001b_full_structure_diagnosis/20260515_001000_fullrunner/per_sample_metrics.csv
T05_ref3_plus_residual_UNet,ref3 + residual U-Net,0,cross_test_0010,cross,3.67126684720694,26.399357225503095,0.23178179077083272,0.008085916750133038,0.5834581760536821,0.0012014950007142033,0.5834581760536821,/home/superws/2026_Projects/Codex_reference_plane_real/exp/task_real_struc_001b_full_structure_diagnosis/20260515_001000_fullrunner/per_sample_metrics.csv
T05_ref3_plus_residual_UNet,ref3 + residual U-Net,0,cross_test_0011,cross,1.5187836004194166,25.49920018683412,0.2891805675140451,0.007904555648565292,0.2966468041522603,0.0008874960003595334,0.2966468041522603,/home/superws/2026_Projects/Codex_reference_plane_real/exp/task_real_struc_001b_full_structure_diagnosis/20260515_001000_fullrunner/per_sample_metrics.csv
T05_ref3_plus_residual_UNet,ref3 + residual U-Net,0,cross_test_0012,cross,1.5186140417243572,29.85212881932856,0.5483274372798282,0.0031859350856393576,0.3561231929452333,0.0008883189984771889,0.3561231929452333,/home/superws/2026_Projects/Codex_reference_plane_real/exp/task_real_struc_001b_full_structure_diagnosis/20260515_001000_fullrunner/per_sample_metrics.csv
T05_ref3_plus_residual_UNet,ref3 + residual U-Net,0,cross_test_0013,cross,2.0526845259775306,28.53901846482179,0.3734939369774629,0.005614632274955511,0.5728918069653446,0.0008768940024310723,0.5728918069653446,/home/superws/2026_Projects/Codex_reference_plane_real/exp/task_real_struc_001b_full_structure_diagnosis/20260515_001000_fullrunner/per_sample_metrics.csv
T05_ref3_plus_residual_UNet,ref3 + residual U-Net,0,cross_test_0014,cross,1.1975748373334263,26.920497512567096,0.3581712323329749,0.004280317574739456,0.24831103406177135,0.0008852219980326481,0.24831103406177135,/home/superws/2026_Projects/Codex_reference_plane_real/exp/task_real_struc_001b_full_structure_diagnosis/20260515_001000_fullrunner/per_sample_metrics.csv
T05_ref3_plus_residual_UNet,ref3 + residual U-Net,0,L_shape_test_0000,L-shape,1.414554376544999,24.665977537116966,0.2351108924528019,0.008097340352833271,0.3248083331345697,0.0008600759974797256,0.3248083331345697,/home/superws/2026_Projects/Codex_reference_plane_real/exp/task_real_struc_001b_full_structure_diagnosis/20260515_001000_fullrunner/per_sample_metrics.csv
T05_ref3_plus_residual_UNet,ref3 + residual U-Net,0,L_shape_test_0001,L-shape,1.262524499551688,26.651055534061573,0.42431331157118096,0.00502085592597723,0.4742703338924912,0.0008834760010358877,0.4742703338924912,/home/superws/2026_Projects/Codex_reference_plane_real/exp/task_real_struc_001b_full_structure_diagnosis/20260515_001000_fullrunner/per_sample_metrics.csv
T05_ref3_plus_residual_UNet,ref3 + residual U-Net,0,L_shape_test_0002,L-shape,1.9329018981103134,24.418822657754045,0.22126523763323538,0.011256097815930843,0.29956774294987554,0.0008822669988148846,0.29956774294987554,/home/superws/2026_Projects/Codex_reference_plane_real/exp/task_real_struc_001b_full_structure_diagnosis/20260515_001000_fullrunner/per_sample_metrics.csv
T05_ref3_plus_residual_UNet,ref3 + residual U-Net,0,L_shape_test_0003,L-shape,1.3649478345717379,26.13713842104049,0.3210426638873304,0.005850390065461397,0.32280969309067586,0.0008727599997655489,0.32280969309067586,/home/superws/2026_Projects/Codex_reference_plane_real/exp/task_real_struc_001b_full_structure_diagnosis/20260515_001000_fullrunner/per_sample_metrics.csv
T05_ref3_plus_residual_UNet,ref3 + residual U-Net,0,L_shape_test_0004,L-shape,1.2991632306065908,24.64374761611177,0.22927919181847917,0.007154420949518681,0.7641466520180984,0.0009318720003648195,0.7641466520180984,/home/superws/2026_Projects/Codex_reference_plane_real/exp/task_real_struc_001b_full_structure_diagnosis/20260515_001000_fullrunner/per_sample_metrics.csv
T05_ref3_plus_residual_UNet,ref3 + residual U-Net,0,L_shape_test_0005,L-shape,1.257260731045442,26.14546616065185,0.30501658857044367,0.005523324012756348,0.29090603087388445,0.0008779170020716265,0.29090603087388445,/home/superws/2026_Projects/Codex_reference_plane_real/exp/task_real_struc_001b_full_structure_diagnosis/20260515_001000_fullrunner/per_sample_metrics.csv
T05_ref3_plus_residual_UNet,ref3 + residual U-Net,0,L_shape_test_0006,L-shape,1.3692865478690104,29.796137018470354,0.48529684185331334,0.0025273996870964766,0.2729606598513783,0.0008708530003787018,0.2729606598513783,/home/superws/2026_Projects/Codex_reference_plane_real/exp/task_real_struc_001b_full_structure_diagnosis/20260515_001000_fullrunner/per_sample_metrics.csv
T05_ref3_plus_residual_UNet,ref3 + residual U-Net,0,L_shape_test_0007,L-shape,1.2188624157845935,26.13997450515175,0.3345789045855698,0.005166014190763235,0.352916230855044,0.000946537998970598,0.352916230855044,/home/superws/2026_Projects/Codex_reference_plane_real/exp/task_real_struc_001b_full_structure_diagnosis/20260515_001000_fullrunner/per_sample_metrics.csv
T05_ref3_plus_residual_UNet,ref3 + residual U-Net,0,L_shape_test_0008,L-shape,1.5308913997419717,28.624964593477497,0.40039164698508484,0.003419813234359026,0.2518851829554478,0.0009071179993043188,0.2518851829554478,/home/superws/2026_Projects/Codex_reference_plane_real/exp/task_real_struc_001b_full_structure_diagnosis/20260515_001000_fullrunner/per_sample_metrics.csv
T05_ref3_plus_residual_UNet,ref3 + residual U-Net,0,L_shape_test_0009,L-shape,2.0312862106826497,23.325528733708193,0.18508720575654375,0.014062141999602318,0.6714050639275229,0.0008792430016910657,0.6714050639275229,/home/superws/2026_Projects/Codex_reference_plane_real/exp/task_real_struc_001b_full_structure_diagnosis/20260515_001000_fullrunner/per_sample_metrics.csv
T05_ref3_plus_residual_UNet,ref3 + residual U-Net,0,L_shape_test_0010,L-shape,1.4857741822970012,28.882924117135587,0.44864920385609913,0.0029475518967956305,0.3513285339795402,0.0008778789997450076,0.3513285339795402,/home/superws/2026_Projects/Codex_reference_plane_real/exp/task_real_struc_001b_full_structure_diagnosis/20260515_001000_fullrunner/per_sample_metrics.csv
T05_ref3_plus_residual_UNet,ref3 + residual U-Net,0,L_shape_test_0011,L-shape,1.2366872123414518,32.45724512804055,0.6148263865363447,0.0012727658031508327,0.23149610809923615,0.0008890559984138235,0.23149610809923615,/home/superws/2026_Projects/Codex_reference_plane_real/exp/task_real_struc_001b_full_structure_diagnosis/20260515_001000_fullrunner/per_sample_metrics.csv
T05_ref3_plus_residual_UNet,ref3 + residual U-Net,0,L_shape_test_0012,L-shape,1.0844232307699886,26.406350819977394,0.32449702593656027,0.0038962149992585182,0.5053117730421945,0.00093544099945575,0.5053117730421945,/home/superws/2026_Projects/Codex_reference_plane_real/exp/task_real_struc_001b_full_structure_diagnosis/20260515_001000_fullrunner/per_sample_metrics.csv
T05_ref3_plus_residual_UNet,ref3 + residual U-Net,0,L_shape_test_0013,L-shape,1.1207636575851332,26.76705301038263,0.32967747534634967,0.0039930506609380245,0.4896569500415353,0.0008760519995121285,0.4896569500415353,/home/superws/2026_Projects/Codex_reference_plane_real/exp/task_real_struc_001b_full_structure_diagnosis/20260515_001000_fullrunner/per_sample_metrics.csv
T05_ref3_plus_residual_UNet,ref3 + residual U-Net,0,L_shape_test_0014,L-shape,1.4721589254337177,30.513250923701882,0.5108522176948652,0.002436818787828088,0.2580166380466835,0.0008613810023234691,0.2580166380466835,/home/superws/2026_Projects/Codex_reference_plane_real/exp/task_real_struc_001b_full_structure_diagnosis/20260515_001000_fullrunner/per_sample_metrics.csv
T05_ref3_plus_residual_UNet,ref3 + residual U-Net,0,L_shape_test_0015,L-shape,1.2781168806408452,24.799917970985106,0.27555665538491336,0.007455259561538696,0.3784219490044052,0.0008762770012253895,0.3784219490044052,/home/superws/2026_Projects/Codex_reference_plane_real/exp/task_real_struc_001b_full_structure_diagnosis/20260515_001000_fullrunner/per_sample_metrics.csv
T05_ref3_plus_residual_UNet,ref3 + residual U-Net,0,L_shape_test_0016,L-shape,1.198333735300439,26.624975914726544,0.3272261150044026,0.004360985476523638,0.42986375994223636,0.0009314920025644824,0.42986375994223636,/home/superws/2026_Projects/Codex_reference_plane_real/exp/task_real_struc_001b_full_structure_diagnosis/20260515_001000_fullrunner/per_sample_metrics.csv
T05_ref3_plus_residual_UNet,ref3 + residual U-Net,0,L_shape_test_0017,L-shape,1.3472881518141568,25.005516530281632,0.31394341213286725,0.007520085200667381,0.39686602099754964,0.00088088099801098,0.39686602099754964,/home/superws/2026_Projects/Codex_reference_plane_real/exp/task_real_struc_001b_full_structure_diagnosis/20260515_001000_fullrunner/per_sample_metrics.csv
T05_ref3_plus_residual_UNet,ref3 + residual U-Net,0,L_shape_test_0018,L-shape,1.3039266150611084,25.047122019816207,0.2406128755653901,0.005770587362349033,0.5478859899558302,0.0008797070004220586,0.5478859899558302,/home/superws/2026_Projects/Codex_reference_plane_real/exp/task_real_struc_001b_full_structure_diagnosis/20260515_001000_fullrunner/per_sample_metrics.csv
T05_ref3_plus_residual_UNet,ref3 + residual U-Net,0,L_shape_test_0019,L-shape,3.553135537527061,27.823890675465464,0.33677341385894427,0.005221780855208635,0.46114295707593556,0.000879882001754595,0.46114295707593556,/home/superws/2026_Projects/Codex_reference_plane_real/exp/task_real_struc_001b_full_structure_diagnosis/20260515_001000_fullrunner/per_sample_metrics.csv
T05_ref3_plus_residual_UNet,ref3 + residual U-Net,0,double_line_test_0000,double-line,1.0718480793533758,25.93123432477816,0.3186623018696172,0.004215562716126442,0.29811284400420845,0.0008781940014159773,0.29811284400420845,/home/superws/2026_Projects/Codex_reference_plane_real/exp/task_real_struc_001b_full_structure_diagnosis/20260515_001000_fullrunner/per_sample_metrics.csv
T05_ref3_plus_residual_UNet,ref3 + residual U-Net,0,double_line_test_0001,double-line,1.233122262895557,25.727048871095217,0.2934716604399229,0.005966939963400364,0.49183606494261767,0.0009447349984839093,0.49183606494261767,/home/superws/2026_Projects/Codex_reference_plane_real/exp/task_real_struc_001b_full_structure_diagnosis/20260515_001000_fullrunner/per_sample_metrics.csv
T05_ref3_plus_residual_UNet,ref3 + residual U-Net,0,double_line_test_0002,double-line,1.0928988647807116,30.86003119013412,0.5230282242940225,0.0013846943620592356,0.24784441519295797,0.0008895520004443824,0.24784441519295797,/home/superws/2026_Projects/Codex_reference_plane_real/exp/task_real_struc_001b_full_structure_diagnosis/20260515_001000_fullrunner/per_sample_metrics.csv
T05_ref3_plus_residual_UNet,ref3 + residual U-Net,0,double_line_test_0003,double-line,1.1495672771403116,25.021944256165472,0.33009255258849995,0.006581989582628012,0.4029485158789612,0.0008727939966775011,0.4029485158789612,/home/superws/2026_Projects/Codex_reference_plane_real/exp/task_real_struc_001b_full_structure_diagnosis/20260515_001000_fullrunner/per_sample_metrics.csv
T05_ref3_plus_residual_UNet,ref3 + residual U-Net,0,double_line_test_0004,double-line,1.0748885715670282,25.58148867595793,0.3380326288233307,0.005683625116944313,0.4850565988381277,0.0008749909975449555,0.4850565988381277,/home/superws/2026_Projects/Codex_reference_plane_real/exp/task_real_struc_001b_full_structure_diagnosis/20260515_001000_fullrunner/per_sample_metrics.csv
T05_ref3_plus_residual_UNet,ref3 + residual U-Net,0,double_line_test_0005,double-line,1.0145759649955368,25.93145225701106,0.2502687119760068,0.0034310256596654654,0.3254595108483045,0.0009499129992036615,0.3254595108483045,/home/superws/2026_Projects/Codex_reference_plane_real/exp/task_real_struc_001b_full_structure_diagnosis/20260515_001000_fullrunner/per_sample_metrics.csv
T05_ref3_plus_residual_UNet,ref3 + residual U-Net,0,double_line_test_0006,double-line,1.390961845346095,23.869623937277776,0.2742205989347981,0.008873271755874157,0.478723102092772,0.0008711959999345709,0.478723102092772,/home/superws/2026_Projects/Codex_reference_plane_real/exp/task_real_struc_001b_full_structure_diagnosis/20260515_001000_fullrunner/per_sample_metrics.csv
T05_ref3_plus_residual_UNet,ref3 + residual U-Net,0,double_line_test_0007,double-line,3.937282399892176,25.990441037167848,0.23826660027635793,0.0076000685803592205,0.305824163955549,0.0008677420009917114,0.305824163955549,/home/superws/2026_Projects/Codex_reference_plane_real/exp/task_real_struc_001b_full_structure_diagnosis/20260515_001000_fullrunner/per_sample_metrics.csv
T05_ref3_plus_residual_UNet,ref3 + residual U-Net,0,double_line_test_0008,double-line,2.246210126232219,24.85299023512693,0.1960898061601841,0.010233133099973202,2.5172699278846267,0.0008739900004002266,2.5172699278846267,/home/superws/2026_Projects/Codex_reference_plane_real/exp/task_real_struc_001b_full_structure_diagnosis/20260515_001000_fullrunner/per_sample_metrics.csv
T05_ref3_plus_residual_UNet,ref3 + residual U-Net,0,double_line_test_0009,double-line,1.5060505398132498,26.191656717541264,0.3761189167230012,0.0054706367664039135,0.5688211437773134,0.0010558350004430395,0.5688211437773134,/home/superws/2026_Projects/Codex_reference_plane_real/exp/task_real_struc_001b_full_structure_diagnosis/20260515_001000_fullrunner/per_sample_metrics.csv
T05_ref3_plus_residual_UNet,ref3 + residual U-Net,0,double_line_test_0010,double-line,1.381591330974286,24.93674748104482,0.31299049346188296,0.007603919133543968,0.5136294790900138,0.000870537001901539,0.5136294790900138,/home/superws/2026_Projects/Codex_reference_plane_real/exp/task_real_struc_001b_full_structure_diagnosis/20260515_001000_fullrunner/per_sample_metrics.csv
T05_ref3_plus_residual_UNet,ref3 + residual U-Net,0,double_line_test_0011,double-line,1.0548050420565387,27.750476069145307,0.3579455498093139,0.002792946994304657,0.3153788519666705,0.0008891360012057703,0.3153788519666705,/home/superws/2026_Projects/Codex_reference_plane_real/exp/task_real_struc_001b_full_structure_diagnosis/20260515_001000_fullrunner/per_sample_metrics.csv
T05_ref3_plus_residual_UNet,ref3 + residual U-Net,0,double_line_test_0012,double-line,1.9714487296927519,27.700920290311927,0.40509205480050037,0.0044049290008842945,0.475068807896605,0.000885949997609714,0.475068807896605,/home/superws/2026_Projects/Codex_reference_plane_real/exp/task_real_struc_001b_full_structure_diagnosis/20260515_001000_fullrunner/per_sample_metrics.csv
T05_ref3_plus_residual_UNet,ref3 + residual U-Net,0,double_line_test_0013,double-line,1.2295509598285888,24.114933547101916,0.34154671160910555,0.008990946225821972,0.46731775290027144,0.0008711899972695392,0.46731775290027144,/home/superws/2026_Projects/Codex_reference_plane_real/exp/task_real_struc_001b_full_structure_diagnosis/20260515_001000_fullrunner/per_sample_metrics.csv
T05_ref3_plus_residual_UNet,ref3 + residual U-Net,0,double_line_test_0014,double-line,1.2340189452258215,24.864749821475975,0.30198418302394664,0.008920213207602501,0.35306184186265455,0.0009435529973416124,0.35306184186265455,/home/superws/2026_Projects/Codex_reference_plane_real/exp/task_real_struc_001b_full_structure_diagnosis/20260515_001000_fullrunner/per_sample_metrics.csv
T05_ref3_plus_residual_UNet,ref3 + residual U-Net,0,small_rect_edge_test_0000,small_rect_edge,1.1577955768009733,29.252549044648617,0.47353119903964797,0.0022126990370452404,0.20258962014850113,0.0009071549975487869,0.20258962014850113,/home/superws/2026_Projects/Codex_reference_plane_real/exp/task_real_struc_001b_full_structure_diagnosis/20260515_001000_fullrunner/per_sample_metrics.csv
T05_ref3_plus_residual_UNet,ref3 + residual U-Net,0,small_rect_edge_test_0001,small_rect_edge,2.0947316987856563,27.58588515673057,0.34710799080553556,0.005196550861001015,0.2417937890822941,0.0008776819995546248,0.2417937890822941,/home/superws/2026_Projects/Codex_reference_plane_real/exp/task_real_struc_001b_full_structure_diagnosis/20260515_001000_fullrunner/per_sample_metrics.csv
T05_ref3_plus_residual_UNet,ref3 + residual U-Net,0,small_rect_edge_test_0002,small_rect_edge,1.1519975268477538,27.107323371459188,0.3290975148810927,0.0030614007264375687,0.2800225288992806,0.0010448540015204344,0.2800225288992806,/home/superws/2026_Projects/Codex_reference_plane_real/exp/task_real_struc_001b_full_structure_diagnosis/20260515_001000_fullrunner/per_sample_metrics.csv
T05_ref3_plus_residual_UNet,ref3 + residual U-Net,0,small_rect_edge_test_0003,small_rect_edge,3.4928296648442,25.077404548271463,0.2135933345787498,0.009052987210452557,0.2911655960851931,0.0009476030027144589,0.2911655960851931,/home/superws/2026_Projects/Codex_reference_plane_real/exp/task_real_struc_001b_full_structure_diagnosis/20260515_001000_fullrunner/per_sample_metrics.csv
T05_ref3_plus_residual_UNet,ref3 + residual U-Net,0,small_rect_edge_test_0004,small_rect_edge,2.5658889313693294,25.05897846237336,0.2355301604196644,0.008681438863277435,0.30506261296613957,0.0008721710000827443,0.30506261296613957,/home/superws/2026_Projects/Codex_reference_plane_real/exp/task_real_struc_001b_full_structure_diagnosis/20260515_001000_fullrunner/per_sample_metrics.csv
T05_ref3_plus_residual_UNet,ref3 + residual U-Net,0,small_rect_edge_test_0005,small_rect_edge,1.5111308159691208,27.66869706944358,0.353266809545336,0.0034680436365306377,0.2967949819576461,0.0008602890011388808,0.2967949819576461,/home/superws/2026_Projects/Codex_reference_plane_real/exp/task_real_struc_001b_full_structure_diagnosis/20260515_001000_fullrunner/per_sample_metrics.csv
T05_ref3_plus_residual_UNet,ref3 + residual U-Net,0,small_rect_edge_test_0006,small_rect_edge,1.2095994389356155,29.138755873231027,0.46570074093258024,0.003920214716345072,0.29028829295930336,0.0008701529986865353,0.29028829295930336,/home/superws/2026_Projects/Codex_reference_plane_real/exp/task_real_struc_001b_full_structure_diagnosis/20260515_001000_fullrunner/per_sample_metrics.csv
T05_ref3_plus_residual_UNet,ref3 + residual U-Net,0,small_rect_edge_test_0007,small_rect_edge,1.1409105205825614,28.505165493645322,0.3887376811072538,0.0020880133379250765,0.2644838008272927,0.0008780799980740994,0.2644838008272927,/home/superws/2026_Projects/Codex_reference_plane_real/exp/task_real_struc_001b_full_structure_diagnosis/20260515_001000_fullrunner/per_sample_metrics.csv
T05_ref3_plus_residual_UNet,ref3 + residual U-Net,0,small_rect_edge_test_0008,small_rect_edge,1.7719285066051664,25.9377151489215,0.2682832020278633,0.007850822992622852,0.28181603984558024,0.0008847849967423826,0.28181603984558024,/home/superws/2026_Projects/Codex_reference_plane_real/exp/task_real_struc_001b_full_structure_diagnosis/20260515_001000_fullrunner/per_sample_metrics.csv
T05_ref3_plus_residual_UNet,ref3 + residual U-Net,0,small_rect_edge_test_0009,small_rect_edge,1.3968843020571837,29.444208471067313,0.4548353982292347,0.0026774031575769186,0.2621917880642286,0.0008768430016061757,0.2621917880642286,/home/superws/2026_Projects/Codex_reference_plane_real/exp/task_real_struc_001b_full_structure_diagnosis/20260515_001000_fullrunner/per_sample_metrics.csv
T05_ref3_plus_residual_UNet,ref3 + residual U-Net,0,point_cluster_test_0000,point_cluster,4.693734059834344,26.203139544931844,0.3113006185618608,0.00548820523545146,0.44827918189184857,0.0008807000012893695,0.44827918189184857,/home/superws/2026_Projects/Codex_reference_plane_real/exp/task_real_struc_001b_full_structure_diagnosis/20260515_001000_fullrunner/per_sample_metrics.csv
T05_ref3_plus_residual_UNet,ref3 + residual U-Net,0,point_cluster_test_0001,point_cluster,1.37008364952089,30.30369730053682,0.5449828161694555,0.003019933821633458,0.3887418039957993,0.0009363470016978681,0.3887418039957993,/home/superws/2026_Projects/Codex_reference_plane_real/exp/task_real_struc_001b_full_structure_diagnosis/20260515_001000_fullrunner/per_sample_metrics.csv
T05_ref3_plus_residual_UNet,ref3 + residual U-Net,0,point_cluster_test_0002,point_cluster,3.398090798190125,30.2932888581271,0.48578292615052826,0.003416533814743161,0.23031491905203438,0.0010122380008397158,0.23031491905203438,/home/superws/2026_Projects/Codex_reference_plane_real/exp/task_real_struc_001b_full_structure_diagnosis/20260515_001000_fullrunner/per_sample_metrics.csv
T05_ref3_plus_residual_UNet,ref3 + residual U-Net,0,point_cluster_test_0003,point_cluster,6.270761509089894,27.890887906164327,0.340076481010543,0.005141144618391991,0.3534395670176309,0.000982446003035875,0.3534395670176309,/home/superws/2026_Projects/Codex_reference_plane_real/exp/task_real_struc_001b_full_structure_diagnosis/20260515_001000_fullrunner/per_sample_metrics.csv
T05_ref3_plus_residual_UNet,ref3 + residual U-Net,0,point_cluster_test_0004,point_cluster,1.6013985672917606,29.37339512854573,0.4895926569885026,0.0036723956000059843,0.34347567199074547,0.0008941369997046422,0.34347567199074547,/home/superws/2026_Projects/Codex_reference_plane_real/exp/task_real_struc_001b_full_structure_diagnosis/20260515_001000_fullrunner/per_sample_metrics.csv
T05_ref3_plus_residual_UNet,ref3 + residual U-Net,0,point_cluster_test_0005,point_cluster,1.5498747888737816,29.46298526946661,0.4560032408636712,0.003403439186513424,0.258654248136736,0.0008855039995978586,0.258654248136736,/home/superws/2026_Projects/Codex_reference_plane_real/exp/task_real_struc_001b_full_structure_diagnosis/20260515_001000_fullrunner/per_sample_metrics.csv
T05_ref3_plus_residual_UNet,ref3 + residual U-Net,0,point_cluster_test_0006,point_cluster,6.913591622461821,26.670943720699736,0.28022898963488757,0.0059134396724402905,0.5385269299149513,0.0008660349994897842,0.5385269299149513,/home/superws/2026_Projects/Codex_reference_plane_real/exp/task_real_struc_001b_full_structure_diagnosis/20260515_001000_fullrunner/per_sample_metrics.csv
T05_ref3_plus_residual_UNet,ref3 + residual U-Net,0,point_cluster_test_0007,point_cluster,8.147661065585808,26.49778330491578,0.2786098496579072,0.005920103285461664,0.2609316171365208,0.0008799860006547533,0.2609316171365208,/home/superws/2026_Projects/Codex_reference_plane_real/exp/task_real_struc_001b_full_structure_diagnosis/20260515_001000_fullrunner/per_sample_metrics.csv
T05_ref3_plus_residual_UNet,ref3 + residual U-Net,0,point_cluster_test_0008,point_cluster,5.727450184842598,27.17042821858127,0.30287270923184917,0.005724939983338118,0.25873603787840693,0.0008804060016700532,0.25873603787840693,/home/superws/2026_Projects/Codex_reference_plane_real/exp/task_real_struc_001b_full_structure_diagnosis/20260515_001000_fullrunner/per_sample_metrics.csv
T05_ref3_plus_residual_UNet,ref3 + residual U-Net,0,point_cluster_test_0009,point_cluster,4.406039796543328,29.63893139753307,0.506678379472846,0.0026437032502144575,0.35755877906194655,0.0010293360028299503,0.35755877906194655,/home/superws/2026_Projects/Codex_reference_plane_real/exp/task_real_struc_001b_full_structure_diagnosis/20260515_001000_fullrunner/per_sample_metrics.csv
T05_ref3_plus_residual_UNet,ref3 + residual U-Net,0,point_cluster_test_0010,point_cluster,1.694493443825473,28.99225238432892,0.4496763882068556,0.003910648170858622,0.39680048607988283,0.0008730010013096035,0.39680048607988283,/home/superws/2026_Projects/Codex_reference_plane_real/exp/task_real_struc_001b_full_structure_diagnosis/20260515_001000_fullrunner/per_sample_metrics.csv
T05_ref3_plus_residual_UNet,ref3 + residual U-Net,0,point_cluster_test_0011,point_cluster,9.708219216106986,25.035652801355425,0.16453548464446902,0.008745760656893253,0.2660312410516781,0.0009427080003661104,0.2660312410516781,/home/superws/2026_Projects/Codex_reference_plane_real/exp/task_real_struc_001b_full_structure_diagnosis/20260515_001000_fullrunner/per_sample_metrics.csv
T05_ref3_plus_residual_UNet,ref3 + residual U-Net,0,point_cluster_test_0012,point_cluster,3.3605005298670783,28.390706892892883,0.3815355459616981,0.003692522644996643,0.3115722188522341,0.0008834379987092689,0.3115722188522341,/home/superws/2026_Projects/Codex_reference_plane_real/exp/task_real_struc_001b_full_structure_diagnosis/20260515_001000_fullrunner/per_sample_metrics.csv
T05_ref3_plus_residual_UNet,ref3 + residual U-Net,0,point_cluster_test_0013,point_cluster,2.467194168569982,28.438583358155384,0.3568008493811659,0.005373301915824413,0.3559445229875564,0.0008753900001465809,0.3559445229875564,/home/superws/2026_Projects/Codex_reference_plane_real/exp/task_real_struc_001b_full_structure_diagnosis/20260515_001000_fullrunner/per_sample_metrics.csv
T05_ref3_plus_residual_UNet,ref3 + residual U-Net,0,point_cluster_test_0014,point_cluster,2.2874992269790067,30.668144227269064,0.5202373928134331,0.0027883974835276604,0.23838271581189474,0.0008755829985602759,0.23838271581189474,/home/superws/2026_Projects/Codex_reference_plane_real/exp/task_real_struc_001b_full_structure_diagnosis/20260515_001000_fullrunner/per_sample_metrics.csv
T05_ref3_plus_residual_UNet,ref3 + residual U-Net,0,point_cluster_test_0015,point_cluster,2.5679423414142724,30.299931958271745,0.4838826993564408,0.0029073208570480347,0.3136726698903658,0.0008822260024317075,0.3136726698903658,/home/superws/2026_Projects/Codex_reference_plane_real/exp/task_real_struc_001b_full_structure_diagnosis/20260515_001000_fullrunner/per_sample_metrics.csv
T05_ref3_plus_residual_UNet,ref3 + residual U-Net,0,point_cluster_test_0016,point_cluster,2.6571223336291556,27.634581558892418,0.38924545853452747,0.005108410492539406,0.46908596891444176,0.0008749190019443631,0.46908596891444176,/home/superws/2026_Projects/Codex_reference_plane_real/exp/task_real_struc_001b_full_structure_diagnosis/20260515_001000_fullrunner/per_sample_metrics.csv
T05_ref3_plus_residual_UNet,ref3 + residual U-Net,0,point_cluster_test_0017,point_cluster,3.4512318091538665,30.7669676228904,0.6421253987919083,0.002082433085888624,0.22458464197188732,0.0008922529996198136,0.22458464197188732,/home/superws/2026_Projects/Codex_reference_plane_real/exp/task_real_struc_001b_full_structure_diagnosis/20260515_001000_fullrunner/per_sample_metrics.csv
T05_ref3_plus_residual_UNet,ref3 + residual U-Net,0,point_cluster_test_0018,point_cluster,10.92031543876988,25.353292216380602,0.2139167610191806,0.006781581789255142,0.35063925696522347,0.0009372169988637324,0.35063925696522347,/home/superws/2026_Projects/Codex_reference_plane_real/exp/task_real_struc_001b_full_structure_diagnosis/20260515_001000_fullrunner/per_sample_metrics.csv
T05_ref3_plus_residual_UNet,ref3 + residual U-Net,0,point_cluster_test_0019,point_cluster,5.200355525276793,27.733546031236816,0.32824958182242364,0.004900827072560787,0.4943252659541031,0.0008763339974393602,0.4943252659541031,/home/superws/2026_Projects/Codex_reference_plane_real/exp/task_real_struc_001b_full_structure_diagnosis/20260515_001000_fullrunner/per_sample_metrics.csv
T05_ref3_plus_residual_UNet,ref3 + residual U-Net,1,line_test_0000,line,0.9876898079777637,30.894808092208965,0.5289020406313334,0.0014169455971568823,0.44555669309556833,0.0008554350024496671,0.44555669309556833,/home/superws/2026_Projects/Codex_reference_plane_real/exp/task_real_struc_001b_full_structure_diagnosis/20260515_001000_fullrunner/per_sample_metrics.csv
T05_ref3_plus_residual_UNet,ref3 + residual U-Net,1,line_test_0001,line,0.9867980184358777,25.967941473896005,0.270030894394713,0.004017618019133806,0.5875020908024453,0.0008924559988372494,0.5875020908024453,/home/superws/2026_Projects/Codex_reference_plane_real/exp/task_real_struc_001b_full_structure_diagnosis/20260515_001000_fullrunner/per_sample_metrics.csv
T05_ref3_plus_residual_UNet,ref3 + residual U-Net,1,line_test_0002,line,0.9786427638081653,30.296058378195532,0.5035292752940352,0.0019179554656147957,0.2620110979878518,0.0008958520011219662,0.2620110979878518,/home/superws/2026_Projects/Codex_reference_plane_real/exp/task_real_struc_001b_full_structure_diagnosis/20260515_001000_fullrunner/per_sample_metrics.csv
T05_ref3_plus_residual_UNet,ref3 + residual U-Net,1,line_test_0003,line,1.0995713564768035,33.498881114829246,0.6717900678572286,0.001584306126460433,0.4059396680277132,0.000885183999344008,0.4059396680277132,/home/superws/2026_Projects/Codex_reference_plane_real/exp/task_real_struc_001b_full_structure_diagnosis/20260515_001000_fullrunner/per_sample_metrics.csv
T05_ref3_plus_residual_UNet,ref3 + residual U-Net,1,line_test_0004,line,1.0215873867755745,36.54565132644747,0.8029657385336653,0.0005982113652862608,0.2877375520511123,0.0008517109999957029,0.2877375520511123,/home/superws/2026_Projects/Codex_reference_plane_real/exp/task_real_struc_001b_full_structure_diagnosis/20260515_001000_fullrunner/per_sample_metrics.csv
T05_ref3_plus_residual_UNet,ref3 + residual U-Net,1,line_test_0005,line,0.9995996360435823,32.41874983684089,0.6119918367881875,0.001006272272206843,0.27719336494919844,0.0009318800002802163,0.27719336494919844,/home/superws/2026_Projects/Codex_reference_plane_real/exp/task_real_struc_001b_full_structure_diagnosis/20260515_001000_fullrunner/per_sample_metrics.csv
T05_ref3_plus_residual_UNet,ref3 + residual U-Net,1,line_test_0006,line,0.9842805956935005,31.667852189568315,0.5863816672854845,0.0015253254678100348,0.5738081578783749,0.0008882180009095464,0.5738081578783749,/home/superws/2026_Projects/Codex_reference_plane_real/exp/task_real_struc_001b_full_structure_diagnosis/20260515_001000_fullrunner/per_sample_metrics.csv
T05_ref3_plus_residual_UNet,ref3 + residual U-Net,1,line_test_0007,line,0.9977936099865051,29.79849532792413,0.4746265783204847,0.0016306368634104729,0.42520878517098026,0.0008746809980948456,0.42520878517098026,/home/superws/2026_Projects/Codex_reference_plane_real/exp/task_real_struc_001b_full_structure_diagnosis/20260515_001000_fullrunner/per_sample_metrics.csv
T05_ref3_plus_residual_UNet,ref3 + residual U-Net,1,line_test_0008,line,0.9822576612200756,25.89849153847772,0.25837287629016636,0.0033209016546607018,0.2707167479493364,0.0009524680026515853,0.2707167479493364,/home/superws/2026_Projects/Codex_reference_plane_real/exp/task_real_struc_001b_full_structure_diagnosis/20260515_001000_fullrunner/per_sample_metrics.csv
T05_ref3_plus_residual_UNet,ref3 + residual U-Net,1,line_test_0009,line,0.9929574366915218,30.237513398663516,0.4940806395068475,0.0016448835376650095,0.3752591398078948,0.0008852099999785423,0.3752591398078948,/home/superws/2026_Projects/Codex_reference_plane_real/exp/task_real_struc_001b_full_structure_diagnosis/20260515_001000_fullrunner/per_sample_metrics.csv
T05_ref3_plus_residual_UNet,ref3 + residual U-Net,1,line_test_0010,line,1.009677977993498,32.377846674232444,0.6109312702120906,0.0011682441690936685,0.4682567600502807,0.0008870290002960246,0.4682567600502807,/home/superws/2026_Projects/Codex_reference_plane_real/exp/task_real_struc_001b_full_structure_diagnosis/20260515_001000_fullrunner/per_sample_metrics.csv
T05_ref3_plus_residual_UNet,ref3 + residual U-Net,1,line_test_0011,line,0.9996049697271693,27.748605473257836,0.34871036522836313,0.0024124549236148596,0.2705858300359978,0.0008807849990262184,0.2705858300359978,/home/superws/2026_Projects/Codex_reference_plane_real/exp/task_real_struc_001b_full_structure_diagnosis/20260515_001000_fullrunner/per_sample_metrics.csv
T05_ref3_plus_residual_UNet,ref3 + residual U-Net,1,line_test_0012,line,0.9698237266062062,29.814991524009137,0.480975559553498,0.0019006100483238697,0.3950159260093642,0.0008749939988774713,0.3950159260093642,/home/superws/2026_Projects/Codex_reference_plane_real/exp/task_real_struc_001b_full_structure_diagnosis/20260515_001000_fullrunner/per_sample_metrics.csv
T05_ref3_plus_residual_UNet,ref3 + residual U-Net,1,line_test_0013,line,0.9808885188794474,27.097539044402854,0.3469202580122827,0.002901711966842413,0.27738976609907695,0.0008739770019019488,0.27738976609907695,/home/superws/2026_Projects/Codex_reference_plane_real/exp/task_real_struc_001b_full_structure_diagnosis/20260515_001000_fullrunner/per_sample_metrics.csv
T05_ref3_plus_residual_UNet,ref3 + residual U-Net,1,line_test_0014,line,0.9993475866420047,34.83279517209954,0.733583577177276,0.0006533741252496839,0.19489434991919552,0.0008747819993004669,0.19489434991919552,/home/superws/2026_Projects/Codex_reference_plane_real/exp/task_real_struc_001b_full_structure_diagnosis/20260515_001000_fullrunner/per_sample_metrics.csv
T05_ref3_plus_residual_UNet,ref3 + residual U-Net,1,line_test_0015,line,1.0503672488239761,35.175684240184225,0.7484776405181498,0.0008516322122886777,0.2198634599808429,0.0008765080019657034,0.2198634599808429,/home/superws/2026_Projects/Codex_reference_plane_real/exp/task_real_struc_001b_full_structure_diagnosis/20260515_001000_fullrunner/per_sample_metrics.csv
T05_ref3_plus_residual_UNet,ref3 + residual U-Net,1,line_test_0016,line,0.9765397352367275,28.306111317139564,0.39748697270880834,0.002701714402064681,0.34880728906864533,0.0008744669976294972,0.34880728906864533,/home/superws/2026_Projects/Codex_reference_plane_real/exp/task_real_struc_001b_full_structure_diagnosis/20260515_001000_fullrunner/per_sample_metrics.csv
T05_ref3_plus_residual_UNet,ref3 + residual U-Net,1,line_test_0017,line,1.0292275991734294,31.969888710334796,0.586519554155768,0.0010856343433260918,0.21289551004156237,0.0008749990010983311,0.21289551004156237,/home/superws/2026_Projects/Codex_reference_plane_real/exp/task_real_struc_001b_full_structure_diagnosis/20260515_001000_fullrunner/per_sample_metrics.csv
T05_ref3_plus_residual_UNet,ref3 + residual U-Net,1,line_test_0018,line,0.9901274362567557,29.411692616320238,0.44588714952653274,0.001978494692593813,0.2921811769301712,0.0008787869992374908,0.2921811769301712,/home/superws/2026_Projects/Codex_reference_plane_real/exp/task_real_struc_001b_full_structure_diagnosis/20260515_001000_fullrunner/per_sample_metrics.csv
T05_ref3_plus_residual_UNet,ref3 + residual U-Net,1,line_test_0019,line,0.9868038334320942,29.358780434900584,0.44809911617182857,0.0017056092619895935,0.2667628559320292,0.0008717950004211161,0.2667628559320292,/home/superws/2026_Projects/Codex_reference_plane_real/exp/task_real_struc_001b_full_structure_diagnosis/20260515_001000_fullrunner/per_sample_metrics.csv
T05_ref3_plus_residual_UNet,ref3 + residual U-Net,1,cross_test_0000,cross,1.0160075386444931,32.11139540204813,0.6000223649774878,0.001677238498814404,0.27391091119352495,0.0009361159973195754,0.27391091119352495,/home/superws/2026_Projects/Codex_reference_plane_real/exp/task_real_struc_001b_full_structure_diagnosis/20260515_001000_fullrunner/per_sample_metrics.csv
T05_ref3_plus_residual_UNet,ref3 + residual U-Net,1,cross_test_0001,cross,0.9947176230271052,26.523676128651232,0.2797492473385081,0.0032371918205171824,0.36643494807140087,0.0009485800001129974,0.36643494807140087,/home/superws/2026_Projects/Codex_reference_plane_real/exp/task_real_struc_001b_full_structure_diagnosis/20260515_001000_fullrunner/per_sample_metrics.csv
T05_ref3_plus_residual_UNet,ref3 + residual U-Net,1,cross_test_0002,cross,1.0064138609869613,30.337222176687604,0.4990785233637349,0.0016448028618469834,0.26771823699527886,0.0009048170031746849,0.26771823699527886,/home/superws/2026_Projects/Codex_reference_plane_real/exp/task_real_struc_001b_full_structure_diagnosis/20260515_001000_fullrunner/per_sample_metrics.csv
T05_ref3_plus_residual_UNet,ref3 + residual U-Net,1,cross_test_0003,cross,0.9433486222752028,27.88617872154405,0.3932797703027644,0.0031146227847784758,0.4301399480609689,0.0008918399980757385,0.4301399480609689,/home/superws/2026_Projects/Codex_reference_plane_real/exp/task_real_struc_001b_full_structure_diagnosis/20260515_001000_fullrunner/per_sample_metrics.csv
T05_ref3_plus_residual_UNet,ref3 + residual U-Net,1,cross_test_0004,cross,0.9910614854269388,27.904683214053367,0.36976504096679863,0.003041000571101904,0.38287725586269516,0.0009016399999381974,0.38287725586269516,/home/superws/2026_Projects/Codex_reference_plane_real/exp/task_real_struc_001b_full_structure_diagnosis/20260515_001000_fullrunner/per_sample_metrics.csv
T05_ref3_plus_residual_UNet,ref3 + residual U-Net,1,cross_test_0005,cross,1.0143690740569558,31.102751695170028,0.5440662074846666,0.0019506821408867836,0.3002412101777736,0.0008863580005709082,0.3002412101777736,/home/superws/2026_Projects/Codex_reference_plane_real/exp/task_real_struc_001b_full_structure_diagnosis/20260515_001000_fullrunner/per_sample_metrics.csv
T05_ref3_plus_residual_UNet,ref3 + residual U-Net,1,cross_test_0006,cross,0.9234980538952887,29.06588259247277,0.4524755300498011,0.002077863086014986,0.3064495680118853,0.0008913919991755392,0.3064495680118853,/home/superws/2026_Projects/Codex_reference_plane_real/exp/task_real_struc_001b_full_structure_diagnosis/20260515_001000_fullrunner/per_sample_metrics.csv
T05_ref3_plus_residual_UNet,ref3 + residual U-Net,1,cross_test_0007,cross,0.9974319207844026,33.94249174995731,0.694840729859362,0.0010357528226450086,0.31252372590097366,0.0008852980026858859,0.31252372590097366,/home/superws/2026_Projects/Codex_reference_plane_real/exp/task_real_struc_001b_full_structure_diagnosis/20260515_001000_fullrunner/per_sample_metrics.csv
T05_ref3_plus_residual_UNet,ref3 + residual U-Net,1,cross_test_0008,cross,0.997822513939528,27.97550118629134,0.3766487169933655,0.0031805767212063074,0.27806061996670906,0.0009063210018211976,0.27806061996670906,/home/superws/2026_Projects/Codex_reference_plane_real/exp/task_real_struc_001b_full_structure_diagnosis/20260515_001000_fullrunner/per_sample_metrics.csv
T05_ref3_plus_residual_UNet,ref3 + residual U-Net,1,cross_test_0009,cross,1.0082255874227568,32.84402236426565,0.6373348506348693,0.001073117251507938,0.29321499501747894,0.0008766270002524834,0.29321499501747894,/home/superws/2026_Projects/Codex_reference_plane_real/exp/task_real_struc_001b_full_structure_diagnosis/20260515_001000_fullrunner/per_sample_metrics.csv
T05_ref3_plus_residual_UNet,ref3 + residual U-Net,1,cross_test_0010,cross,0.9867293853807317,32.10553601311162,0.6018641078652149,0.0014391313306987286,0.5832003830510075,0.0009437019980396144,0.5832003830510075,/home/superws/2026_Projects/Codex_reference_plane_real/exp/task_real_struc_001b_full_structure_diagnosis/20260515_001000_fullrunner/per_sample_metrics.csv
T05_ref3_plus_residual_UNet,ref3 + residual U-Net,1,cross_test_0011,cross,0.9964382319482021,27.32965539073939,0.35594823506403955,0.003912989515811205,0.2966462851509277,0.000886976999026956,0.2966462851509277,/home/superws/2026_Projects/Codex_reference_plane_real/exp/task_real_struc_001b_full_structure_diagnosis/20260515_001000_fullrunner/per_sample_metrics.csv
T05_ref3_plus_residual_UNet,ref3 + residual U-Net,1,cross_test_0012,cross,0.9695637548825276,31.800839163397207,0.5893948773284271,0.0015212326543405652,0.35610085994630936,0.0008659859995532315,0.35610085994630936,/home/superws/2026_Projects/Codex_reference_plane_real/exp/task_real_struc_001b_full_structure_diagnosis/20260515_001000_fullrunner/per_sample_metrics.csv
T05_ref3_plus_residual_UNet,ref3 + residual U-Net,1,cross_test_0013,cross,0.9991963178509744,31.665732326033883,0.5772550781339176,0.0017407871782779694,0.5728815149632283,0.0008666020003147423,0.5728815149632283,/home/superws/2026_Projects/Codex_reference_plane_real/exp/task_real_struc_001b_full_structure_diagnosis/20260515_001000_fullrunner/per_sample_metrics.csv
T05_ref3_plus_residual_UNet,ref3 + residual U-Net,1,cross_test_0014,cross,0.9897109186066078,27.7484404947728,0.34971646951713825,0.00232622935436666,0.24831228006223682,0.0008864679984981194,0.24831228006223682,/home/superws/2026_Projects/Codex_reference_plane_real/exp/task_real_struc_001b_full_structure_diagnosis/20260515_001000_fullrunner/per_sample_metrics.csv
T05_ref3_plus_residual_UNet,ref3 + residual U-Net,1,L_shape_test_0000,L-shape,0.9925171643336347,26.204793682975843,0.28223171898228444,0.003918172791600227,0.32481427513994277,0.0008660180028527975,0.32481427513994277,/home/superws/2026_Projects/Codex_reference_plane_real/exp/task_real_struc_001b_full_structure_diagnosis/20260515_001000_fullrunner/per_sample_metrics.csv
T05_ref3_plus_residual_UNet,ref3 + residual U-Net,1,L_shape_test_0001,L-shape,0.9867198089147338,27.721515139474498,0.34748691607920873,0.00231495825573802,0.4742641598895716,0.0008773019981163088,0.4742641598895716,/home/superws/2026_Projects/Codex_reference_plane_real/exp/task_real_struc_001b_full_structure_diagnosis/20260515_001000_fullrunner/per_sample_metrics.csv
T05_ref3_plus_residual_UNet,ref3 + residual U-Net,1,L_shape_test_0002,L-shape,0.9690238028070555,27.417576198163857,0.3534021626339404,0.0033386563882231712,0.299627898952167,0.0009424230011063628,0.299627898952167,/home/superws/2026_Projects/Codex_reference_plane_real/exp/task_real_struc_001b_full_structure_diagnosis/20260515_001000_fullrunner/per_sample_metrics.csv
T05_ref3_plus_residual_UNet,ref3 + residual U-Net,1,L_shape_test_0003,L-shape,0.9704590387446785,27.61852670152786,0.3536084771154,0.0028930443804711103,0.3228233120935329,0.0008863790026225615,0.3228233120935329,/home/superws/2026_Projects/Codex_reference_plane_real/exp/task_real_struc_001b_full_structure_diagnosis/20260515_001000_fullrunner/per_sample_metrics.csv
T05_ref3_plus_residual_UNet,ref3 + residual U-Net,1,L_shape_test_0004,L-shape,0.9851904767872464,25.845182907710182,0.2568537387583351,0.0038564177230000496,0.7641474110168929,0.0009326309991593007,0.7641474110168929,/home/superws/2026_Projects/Codex_reference_plane_real/exp/task_real_struc_001b_full_structure_diagnosis/20260515_001000_fullrunner/per_sample_metrics.csv
T05_ref3_plus_residual_UNet,ref3 + residual U-Net,1,L_shape_test_0005,L-shape,0.9831448092890601,27.213544673781776,0.32719130318121536,0.0028972881846129894,0.2909103648744349,0.0008822510026220698,0.2909103648744349,/home/superws/2026_Projects/Codex_reference_plane_real/exp/task_real_struc_001b_full_structure_diagnosis/20260515_001000_fullrunner/per_sample_metrics.csv
T05_ref3_plus_residual_UNet,ref3 + residual U-Net,1,L_shape_test_0006,L-shape,0.9911808573192143,31.19955164279251,0.5455036207578473,0.0012973165139555931,0.2729744408534316,0.0008846340024319943,0.2729744408534316,/home/superws/2026_Projects/Codex_reference_plane_real/exp/task_real_struc_001b_full_structure_diagnosis/20260515_001000_fullrunner/per_sample_metrics.csv
T05_ref3_plus_residual_UNet,ref3 + residual U-Net,1,L_shape_test_0007,L-shape,0.9898130171596772,27.04398977718972,0.3248032053902276,0.0034695619251579046,0.35285108385505737,0.0008813909989839885,0.35285108385505737,/home/superws/2026_Projects/Codex_reference_plane_real/exp/task_real_struc_001b_full_structure_diagnosis/20260515_001000_fullrunner/per_sample_metrics.csv
T05_ref3_plus_residual_UNet,ref3 + residual U-Net,1,L_shape_test_0008,L-shape,0.9626069620746229,30.639918436998546,0.5199709837707898,0.0013976508053019643,0.2518565129576018,0.0008784480014583096,0.2518565129576018,/home/superws/2026_Projects/Codex_reference_plane_real/exp/task_real_struc_001b_full_structure_diagnosis/20260515_001000_fullrunner/per_sample_metrics.csv
T05_ref3_plus_residual_UNet,ref3 + residual U-Net,1,L_shape_test_0009,L-shape,0.9671514617535627,26.54829489722339,0.30202165800634206,0.0035617644898593426,0.6714046829256404,0.0008788619998085778,0.6714046829256404,/home/superws/2026_Projects/Codex_reference_plane_real/exp/task_real_struc_001b_full_structure_diagnosis/20260515_001000_fullrunner/per_sample_metrics.csv
T05_ref3_plus_residual_UNet,ref3 + residual U-Net,1,L_shape_test_0010,L-shape,1.008360794896769,30.566292533390325,0.5143685809502386,0.0017641985323280096,0.3513905549807532,0.000939900000958005,0.3513905549807532,/home/superws/2026_Projects/Codex_reference_plane_real/exp/task_real_struc_001b_full_structure_diagnosis/20260515_001000_fullrunner/per_sample_metrics.csv
T05_ref3_plus_residual_UNet,ref3 + residual U-Net,1,L_shape_test_0011,L-shape,1.0025685223472258,33.36870300562942,0.6622629423417022,0.0008579730638302863,0.23148696410135017,0.0008799120005278382,0.23148696410135017,/home/superws/2026_Projects/Codex_reference_plane_real/exp/task_real_struc_001b_full_structure_diagnosis/20260515_001000_fullrunner/per_sample_metrics.csv
T05_ref3_plus_residual_UNet,ref3 + residual U-Net,1,L_shape_test_0012,L-shape,0.9899888616871592,26.80203586708,0.30513764625493656,0.00316483317874372,0.5052626350407081,0.0008863029979693238,0.5052626350407081,/home/superws/2026_Projects/Codex_reference_plane_real/exp/task_real_struc_001b_full_structure_diagnosis/20260515_001000_fullrunner/per_sample_metrics.csv
T05_ref3_plus_residual_UNet,ref3 + residual U-Net,1,L_shape_test_0013,L-shape,0.9943128943792954,27.286962605715637,0.32406477465321587,0.0029860560316592455,0.4897241400431085,0.0009432420010853093,0.4897241400431085,/home/superws/2026_Projects/Codex_reference_plane_real/exp/task_real_struc_001b_full_structure_diagnosis/20260515_001000_fullrunner/per_sample_metrics.csv
T05_ref3_plus_residual_UNet,ref3 + residual U-Net,1,L_shape_test_0014,L-shape,0.9943651253389517,32.21733892046383,0.6035514100816423,0.001247015898115933,0.2580172050438705,0.0008619479995104484,0.2580172050438705,/home/superws/2026_Projects/Codex_reference_plane_real/exp/task_real_struc_001b_full_structure_diagnosis/20260515_001000_fullrunner/per_sample_metrics.csv
T05_ref3_plus_residual_UNet,ref3 + residual U-Net,1,L_shape_test_0015,L-shape,0.9838422823044907,25.936368543151886,0.26152015441937565,0.0035857295151799917,0.3784290370022063,0.0008833649990265258,0.3784290370022063,/home/superws/2026_Projects/Codex_reference_plane_real/exp/task_real_struc_001b_full_structure_diagnosis/20260515_001000_fullrunner/per_sample_metrics.csv
T05_ref3_plus_residual_UNet,ref3 + residual U-Net,1,L_shape_test_0016,L-shape,0.9929726310914826,27.4413810910638,0.33152961053133345,0.0028406833298504353,0.42981377994146897,0.0008815120017970912,0.42981377994146897,/home/superws/2026_Projects/Codex_reference_plane_real/exp/task_real_struc_001b_full_structure_diagnosis/20260515_001000_fullrunner/per_sample_metrics.csv
T05_ref3_plus_residual_UNet,ref3 + residual U-Net,1,L_shape_test_0017,L-shape,0.9956934479879122,26.318865269877357,0.29585709616745803,0.004122995305806398,0.39685855499919853,0.0008734149996598717,0.39685855499919853,/home/superws/2026_Projects/Codex_reference_plane_real/exp/task_real_struc_001b_full_structure_diagnosis/20260515_001000_fullrunner/per_sample_metrics.csv
T05_ref3_plus_residual_UNet,ref3 + residual U-Net,1,L_shape_test_0018,L-shape,0.9865279436212264,26.25855938971146,0.27018097857687373,0.003417910309508443,0.5480518049553211,0.001045521999913035,0.5480518049553211,/home/superws/2026_Projects/Codex_reference_plane_real/exp/task_real_struc_001b_full_structure_diagnosis/20260515_001000_fullrunner/per_sample_metrics.csv
T05_ref3_plus_residual_UNet,ref3 + residual U-Net,1,L_shape_test_0019,L-shape,1.0234767854157725,33.22922839822624,0.6564572912650556,0.0011605111649259925,0.461162434075959,0.0008993590017780662,0.461162434075959,/home/superws/2026_Projects/Codex_reference_plane_real/exp/task_real_struc_001b_full_structure_diagnosis/20260515_001000_fullrunner/per_sample_metrics.csv
T05_ref3_plus_residual_UNet,ref3 + residual U-Net,1,double_line_test_0000,double-line,0.9774971094567521,26.33141173606667,0.28731632303875904,0.003276848467066884,0.29811388200323563,0.0008792320004431531,0.29811388200323563,/home/superws/2026_Projects/Codex_reference_plane_real/exp/task_real_struc_001b_full_structure_diagnosis/20260515_001000_fullrunner/per_sample_metrics.csv
T05_ref3_plus_residual_UNet,ref3 + residual U-Net,1,double_line_test_0001,double-line,1.0064702683276334,26.60910071502706,0.30868514789794316,0.004004204645752907,0.4917774859422934,0.0008861559981596656,0.4917774859422934,/home/superws/2026_Projects/Codex_reference_plane_real/exp/task_real_struc_001b_full_structure_diagnosis/20260515_001000_fullrunner/per_sample_metrics.csv
T05_ref3_plus_residual_UNet,ref3 + residual U-Net,1,double_line_test_0002,double-line,1.0104114298716866,31.20084869454725,0.5418059650706615,0.001303745317272842,0.24790163819488953,0.0009467750023759436,0.24790163819488953,/home/superws/2026_Projects/Codex_reference_plane_real/exp/task_real_struc_001b_full_structure_diagnosis/20260515_001000_fullrunner/per_sample_metrics.csv
T05_ref3_plus_residual_UNet,ref3 + residual U-Net,1,double_line_test_0003,double-line,0.9874644010221877,25.68207400411581,0.2402898313172961,0.0038953779730945826,0.4029495198810764,0.0008737979987927247,0.4029495198810764,/home/superws/2026_Projects/Codex_reference_plane_real/exp/task_real_struc_001b_full_structure_diagnosis/20260515_001000_fullrunner/per_sample_metrics.csv
T05_ref3_plus_residual_UNet,ref3 + residual U-Net,1,double_line_test_0004,double-line,0.9472979221615669,26.130257481580657,0.2940463242655185,0.004065623041242361,0.4850600388417661,0.000878431001183344,0.4850600388417661,/home/superws/2026_Projects/Codex_reference_plane_real/exp/task_real_struc_001b_full_structure_diagnosis/20260515_001000_fullrunner/per_sample_metrics.csv
T05_ref3_plus_residual_UNet,ref3 + residual U-Net,1,double_line_test_0005,double-line,1.0040184400395071,25.976880988905727,0.2489460158565628,0.003416952909901738,0.32538041184670874,0.000870813997607911,0.32538041184670874,/home/superws/2026_Projects/Codex_reference_plane_real/exp/task_real_struc_001b_full_structure_diagnosis/20260515_001000_fullrunner/per_sample_metrics.csv
T05_ref3_plus_residual_UNet,ref3 + residual U-Net,1,double_line_test_0006,double-line,0.9957341790939769,25.32134199456602,0.26669573123511076,0.005191949661821127,0.47885320609566406,0.0010013000028266106,0.47885320609566406,/home/superws/2026_Projects/Codex_reference_plane_real/exp/task_real_struc_001b_full_structure_diagnosis/20260515_001000_fullrunner/per_sample_metrics.csv
T05_ref3_plus_residual_UNet,ref3 + residual U-Net,1,double_line_test_0007,double-line,0.9982093509942821,31.95019058885924,0.590557234445899,0.001441997941583395,0.3058941619528923,0.0009377399983350188,0.3058941619528923,/home/superws/2026_Projects/Codex_reference_plane_real/exp/task_real_struc_001b_full_structure_diagnosis/20260515_001000_fullrunner/per_sample_metrics.csv
T05_ref3_plus_residual_UNet,ref3 + residual U-Net,1,double_line_test_0008,double-line,0.9992981460842868,28.370543081385314,0.3869780441650299,0.0025151954032480717,2.5172911548834236,0.0008952169991971459,2.5172911548834236,/home/superws/2026_Projects/Codex_reference_plane_real/exp/task_real_struc_001b_full_structure_diagnosis/20260515_001000_fullrunner/per_sample_metrics.csv
T05_ref3_plus_residual_UNet,ref3 + residual U-Net,1,double_line_test_0009,double-line,0.9921708610262756,28.004187289178063,0.36337531346926494,0.0025838238652795553,0.5686601267771039,0.0008948180002334993,0.5686601267771039,/home/superws/2026_Projects/Codex_reference_plane_real/exp/task_real_struc_001b_full_structure_diagnosis/20260515_001000_fullrunner/per_sample_metrics.csv
T05_ref3_plus_residual_UNet,ref3 + residual U-Net,1,double_line_test_0010,double-line,0.9922753126892232,26.37422152574061,0.2764812552962466,0.0033524474129080772,0.5136539820850885,0.0008950399969762657,0.5136539820850885,/home/superws/2026_Projects/Codex_reference_plane_real/exp/task_real_struc_001b_full_structure_diagnosis/20260515_001000_fullrunner/per_sample_metrics.csv
T05_ref3_plus_residual_UNet,ref3 + residual U-Net,1,double_line_test_0011,double-line,0.9928596961549139,28.013319264750976,0.3577043009100559,0.002346313325688243,0.31542869196709944,0.0009389760016347282,0.31542869196709944,/home/superws/2026_Projects/Codex_reference_plane_real/exp/task_real_struc_001b_full_structure_diagnosis/20260515_001000_fullrunner/per_sample_metrics.csv
T05_ref3_plus_residual_UNet,ref3 + residual U-Net,1,double_line_test_0012,double-line,0.9873877649496113,30.70389761499145,0.5156867268719346,0.0014915516367182136,0.47506497689755633,0.0008821189985610545,0.47506497689755633,/home/superws/2026_Projects/Codex_reference_plane_real/exp/task_real_struc_001b_full_structure_diagnosis/20260515_001000_fullrunner/per_sample_metrics.csv
T05_ref3_plus_residual_UNet,ref3 + residual U-Net,1,double_line_test_0013,double-line,0.9915260644926193,25.049357535897073,0.2121960294789692,0.0044913818128407,0.4673322389025998,0.0008856759995978791,0.4673322389025998,/home/superws/2026_Projects/Codex_reference_plane_real/exp/task_real_struc_001b_full_structure_diagnosis/20260515_001000_fullrunner/per_sample_metrics.csv
T05_ref3_plus_residual_UNet,ref3 + residual U-Net,1,double_line_test_0014,double-line,0.9824135069543845,25.855024727395964,0.28691239851028294,0.004919835831969976,0.35299553886579815,0.0008772500004852191,0.35299553886579815,/home/superws/2026_Projects/Codex_reference_plane_real/exp/task_real_struc_001b_full_structure_diagnosis/20260515_001000_fullrunner/per_sample_metrics.csv
T05_ref3_plus_residual_UNet,ref3 + residual U-Net,1,small_rect_edge_test_0000,small_rect_edge,0.9859726446261846,29.95021959012508,0.4803081933016741,0.0015569488750770688,0.20261827615104266,0.0009358110000903253,0.20261827615104266,/home/superws/2026_Projects/Codex_reference_plane_real/exp/task_real_struc_001b_full_structure_diagnosis/20260515_001000_fullrunner/per_sample_metrics.csv
T05_ref3_plus_residual_UNet,ref3 + residual U-Net,1,small_rect_edge_test_0001,small_rect_edge,1.0043357048513781,30.77838043301279,0.5236670511800036,0.0016311929794028401,0.24179679508233676,0.0008806879995972849,0.24179679508233676,/home/superws/2026_Projects/Codex_reference_plane_real/exp/task_real_struc_001b_full_structure_diagnosis/20260515_001000_fullrunner/per_sample_metrics.csv
T05_ref3_plus_residual_UNet,ref3 + residual U-Net,1,small_rect_edge_test_0002,small_rect_edge,1.01006865593956,27.67832987507765,0.34135519416214827,0.0023386627435684204,0.27985558089858387,0.0008779060008237138,0.27985558089858387,/home/superws/2026_Projects/Codex_reference_plane_real/exp/task_real_struc_001b_full_structure_diagnosis/20260515_001000_fullrunner/per_sample_metrics.csv
T05_ref3_plus_residual_UNet,ref3 + residual U-Net,1,small_rect_edge_test_0003,small_rect_edge,0.9745724164367655,30.621037468787208,0.5180363588898848,0.0016591714229434729,0.2910947730852058,0.0008767800027271733,0.2910947730852058,/home/superws/2026_Projects/Codex_reference_plane_real/exp/task_real_struc_001b_full_structure_diagnosis/20260515_001000_fullrunner/per_sample_metrics.csv
T05_ref3_plus_residual_UNet,ref3 + residual U-Net,1,small_rect_edge_test_0004,small_rect_edge,1.02422744237963,29.047393103601024,0.4397476297627661,0.0028137725312262774,0.30507343796489295,0.0008829959988361225,0.30507343796489295,/home/superws/2026_Projects/Codex_reference_plane_real/exp/task_real_struc_001b_full_structure_diagnosis/20260515_001000_fullrunner/per_sample_metrics.csv
T05_ref3_plus_residual_UNet,ref3 + residual U-Net,1,small_rect_edge_test_0005,small_rect_edge,1.0189209001750137,29.380313058966998,0.4679485128602424,0.002357089426368475,0.29682138395583024,0.0008866909993230365,0.29682138395583024,/home/superws/2026_Projects/Codex_reference_plane_real/exp/task_real_struc_001b_full_structure_diagnosis/20260515_001000_fullrunner/per_sample_metrics.csv
T05_ref3_plus_residual_UNet,ref3 + residual U-Net,1,small_rect_edge_test_0006,small_rect_edge,0.9745294848581266,30.07722183295956,0.48672038862282035,0.001684590708464384,0.29027883896196727,0.0008606990013504401,0.29027883896196727,/home/superws/2026_Projects/Codex_reference_plane_real/exp/task_real_struc_001b_full_structure_diagnosis/20260515_001000_fullrunner/per_sample_metrics.csv
T05_ref3_plus_residual_UNet,ref3 + residual U-Net,1,small_rect_edge_test_0007,small_rect_edge,1.0129364915279309,29.021859002203847,0.41616428456623444,0.0018822780111804605,0.2644935688294936,0.0008878480002749711,0.2644935688294936,/home/superws/2026_Projects/Codex_reference_plane_real/exp/task_real_struc_001b_full_structure_diagnosis/20260515_001000_fullrunner/per_sample_metrics.csv
T05_ref3_plus_residual_UNet,ref3 + residual U-Net,1,small_rect_edge_test_0008,small_rect_edge,1.0446579947474428,28.232435595012717,0.38194492102369554,0.0029351143166422844,0.28187464784787153,0.0009433929990336765,0.28187464784787153,/home/superws/2026_Projects/Codex_reference_plane_real/exp/task_real_struc_001b_full_structure_diagnosis/20260515_001000_fullrunner/per_sample_metrics.csv
T05_ref3_plus_residual_UNet,ref3 + residual U-Net,1,small_rect_edge_test_0009,small_rect_edge,0.9851658020569659,30.960719406872983,0.5348550851872513,0.001423087902367115,0.2622656670610013,0.0009507219983788673,0.2622656670610013,/home/superws/2026_Projects/Codex_reference_plane_real/exp/task_real_struc_001b_full_structure_diagnosis/20260515_001000_fullrunner/per_sample_metrics.csv
T05_ref3_plus_residual_UNet,ref3 + residual U-Net,1,point_cluster_test_0000,point_cluster,1.039917911421757,32.74833379422205,0.6797095176078466,0.0012328819138929248,0.4482789088906429,0.0008804270000837278,0.4482789088906429,/home/superws/2026_Projects/Codex_reference_plane_real/exp/task_real_struc_001b_full_structure_diagnosis/20260515_001000_fullrunner/per_sample_metrics.csv
T05_ref3_plus_residual_UNet,ref3 + residual U-Net,1,point_cluster_test_0001,point_cluster,0.9913998837152617,31.70867961608621,0.5838642370060518,0.0018578812014311552,0.38868628699492547,0.0008808300008240622,0.38868628699492547,/home/superws/2026_Projects/Codex_reference_plane_real/exp/task_real_struc_001b_full_structure_diagnosis/20260515_001000_fullrunner/per_sample_metrics.csv
T05_ref3_plus_residual_UNet,ref3 + residual U-Net,1,point_cluster_test_0002,point_cluster,1.0747261999347095,35.29266052930381,0.7531500676004009,0.0010836339788511395,0.2301648580505571,0.0008621769993624184,0.2301648580505571,/home/superws/2026_Projects/Codex_reference_plane_real/exp/task_real_struc_001b_full_structure_diagnosis/20260515_001000_fullrunner/per_sample_metrics.csv
T05_ref3_plus_residual_UNet,ref3 + residual U-Net,1,point_cluster_test_0003,point_cluster,1.0533360208639606,35.63842148382093,0.7670911055022902,0.0008142756996676326,0.35333491701385356,0.0008777959992585238,0.35333491701385356,/home/superws/2026_Projects/Codex_reference_plane_real/exp/task_real_struc_001b_full_structure_diagnosis/20260515_001000_fullrunner/per_sample_metrics.csv
T05_ref3_plus_residual_UNet,ref3 + residual U-Net,1,point_cluster_test_0004,point_cluster,0.975348917407027,31.526789462123695,0.5806009967350786,0.002016352256760001,0.343472540989751,0.0008910059987101704,0.343472540989751,/home/superws/2026_Projects/Codex_reference_plane_real/exp/task_real_struc_001b_full_structure_diagnosis/20260515_001000_fullrunner/per_sample_metrics.csv
T05_ref3_plus_residual_UNet,ref3 + residual U-Net,1,point_cluster_test_0005,point_cluster,1.0052505148470374,31.343208155635907,0.5598652814236798,0.0018298322102054954,0.25864736513540265,0.0008786209982645232,0.25864736513540265,/home/superws/2026_Projects/Codex_reference_plane_real/exp/task_real_struc_001b_full_structure_diagnosis/20260515_001000_fullrunner/per_sample_metrics.csv
T05_ref3_plus_residual_UNet,ref3 + residual U-Net,1,point_cluster_test_0006,point_cluster,1.1215707286941599,34.569714212660465,0.7518635556760145,0.0009936788119375706,0.5386959419156483,0.0010350470001867507,0.5386959419156483,/home/superws/2026_Projects/Codex_reference_plane_real/exp/task_real_struc_001b_full_structure_diagnosis/20260515_001000_fullrunner/per_sample_metrics.csv
T05_ref3_plus_residual_UNet,ref3 + residual U-Net,1,point_cluster_test_0007,point_cluster,1.1655880510649785,34.942662214617684,0.7657267070179129,0.0012032852973788977,0.2609348411388055,0.0008832100029394496,0.2609348411388055,/home/superws/2026_Projects/Codex_reference_plane_real/exp/task_real_struc_001b_full_structure_diagnosis/20260515_001000_fullrunner/per_sample_metrics.csv
T05_ref3_plus_residual_UNet,ref3 + residual U-Net,1,point_cluster_test_0008,point_cluster,1.0408628448442283,34.576106488337594,0.7238913372260168,0.0011220885207876563,0.2587987488768704,0.0009431170001334976,0.2587987488768704,/home/superws/2026_Projects/Codex_reference_plane_real/exp/task_real_struc_001b_full_structure_diagnosis/20260515_001000_fullrunner/per_sample_metrics.csv
T05_ref3_plus_residual_UNet,ref3 + residual U-Net,1,point_cluster_test_0009,point_cluster,1.0925673008508014,35.69493362416316,0.8134100066041112,0.0008891209145076573,0.3574144500598777,0.0008850070007611066,0.3574144500598777,/home/superws/2026_Projects/Codex_reference_plane_real/exp/task_real_struc_001b_full_structure_diagnosis/20260515_001000_fullrunner/per_sample_metrics.csv
T05_ref3_plus_residual_UNet,ref3 + residual U-Net,1,point_cluster_test_0010,point_cluster,0.9744140272886805,31.39521608397349,0.567391528927555,0.001865700469352305,0.39681012807704974,0.0008826429984765127,0.39681012807704974,/home/superws/2026_Projects/Codex_reference_plane_real/exp/task_real_struc_001b_full_structure_diagnosis/20260515_001000_fullrunner/per_sample_metrics.csv
T05_ref3_plus_residual_UNet,ref3 + residual U-Net,1,point_cluster_test_0011,point_cluster,1.1457807411833738,34.3160333443281,0.7088905018801609,0.0014869706938043237,0.2659792840531736,0.0008907510018616449,0.2659792840531736,/home/superws/2026_Projects/Codex_reference_plane_real/exp/task_real_struc_001b_full_structure_diagnosis/20260515_001000_fullrunner/per_sample_metrics.csv
T05_ref3_plus_residual_UNet,ref3 + residual U-Net,1,point_cluster_test_0012,point_cluster,1.1348009209284171,33.10554945296174,0.6539302194819275,0.001637966837733984,0.3115786548514734,0.0008898739979485981,0.3115786548514734,/home/superws/2026_Projects/Codex_reference_plane_real/exp/task_real_struc_001b_full_structure_diagnosis/20260515_001000_fullrunner/per_sample_metrics.csv
T05_ref3_plus_residual_UNet,ref3 + residual U-Net,1,point_cluster_test_0013,point_cluster,1.1025421026543532,31.93666492588791,0.5872462315152468,0.0023249995429068804,0.35596180598804494,0.0008926730006351136,0.35596180598804494,/home/superws/2026_Projects/Codex_reference_plane_real/exp/task_real_struc_001b_full_structure_diagnosis/20260515_001000_fullrunner/per_sample_metrics.csv
T05_ref3_plus_residual_UNet,ref3 + residual U-Net,1,point_cluster_test_0014,point_cluster,1.0528851887787778,34.03794386374273,0.6964562651243302,0.0009794404031708837,0.23842419281209004,0.0009170599987555761,0.23842419281209004,/home/superws/2026_Projects/Codex_reference_plane_real/exp/task_real_struc_001b_full_structure_diagnosis/20260515_001000_fullrunner/per_sample_metrics.csv
T05_ref3_plus_residual_UNet,ref3 + residual U-Net,1,point_cluster_test_0015,point_cluster,1.1819619886735102,33.669749661646264,0.6751032650905203,0.0013546652626246214,0.31367407388825086,0.0008836300003167707,0.31367407388825086,/home/superws/2026_Projects/Codex_reference_plane_real/exp/task_real_struc_001b_full_structure_diagnosis/20260515_001000_fullrunner/per_sample_metrics.csv
T05_ref3_plus_residual_UNet,ref3 + residual U-Net,1,point_cluster_test_0016,point_cluster,1.0275480629262894,31.760675716103414,0.6121109711357615,0.0017610975774005055,0.46909703291385085,0.000885983001353452,0.46909703291385085,/home/superws/2026_Projects/Codex_reference_plane_real/exp/task_real_struc_001b_full_structure_diagnosis/20260515_001000_fullrunner/per_sample_metrics.csv
T05_ref3_plus_residual_UNet,ref3 + residual U-Net,1,point_cluster_test_0017,point_cluster,1.2319480849295177,35.24078462679451,0.831176593619156,0.0009520672610960901,0.2246402659729938,0.0009478770007262938,0.2246402659729938,/home/superws/2026_Projects/Codex_reference_plane_real/exp/task_real_struc_001b_full_structure_diagnosis/20260515_001000_fullrunner/per_sample_metrics.csv
T05_ref3_plus_residual_UNet,ref3 + residual U-Net,1,point_cluster_test_0018,point_cluster,1.3026270811239873,34.58744308638141,0.7413094645112157,0.0013930315617471933,0.3505835379655764,0.0008814979992166627,0.3505835379655764,/home/superws/2026_Projects/Codex_reference_plane_real/exp/task_real_struc_001b_full_structure_diagnosis/20260515_001000_fullrunner/per_sample_metrics.csv
T05_ref3_plus_residual_UNet,ref3 + residual U-Net,1,point_cluster_test_0019,point_cluster,0.9998966422019046,34.89432528936242,0.7364584739241369,0.0007137224311009049,0.49432222295581596,0.000873290999152232,0.49432222295581596,/home/superws/2026_Projects/Codex_reference_plane_real/exp/task_real_struc_001b_full_structure_diagnosis/20260515_001000_fullrunner/per_sample_metrics.csv
T05_ref3_plus_residual_UNet,ref3 + residual U-Net,2,line_test_0000,line,0.996528158621183,30.85611785929048,0.5189883312071687,0.0010543866083025932,0.445556439095526,0.0008551810024073347,0.445556439095526,/home/superws/2026_Projects/Codex_reference_plane_real/exp/task_real_struc_001b_full_structure_diagnosis/20260515_001000_fullrunner/per_sample_metrics.csv
T05_ref3_plus_residual_UNet,ref3 + residual U-Net,2,line_test_0001,line,0.9952343244343324,25.93097097032217,0.24542889771889892,0.0031128106638789177,0.5876131978038757,0.0010035630002676044,0.5876131978038757,/home/superws/2026_Projects/Codex_reference_plane_real/exp/task_real_struc_001b_full_structure_diagnosis/20260515_001000_fullrunner/per_sample_metrics.csv
T05_ref3_plus_residual_UNet,ref3 + residual U-Net,2,line_test_0002,line,0.9922587662031144,30.236050736712954,0.48440968137496365,0.0012539011659100652,0.2619995809873217,0.0008843350005918182,0.2619995809873217,/home/superws/2026_Projects/Codex_reference_plane_real/exp/task_real_struc_001b_full_structure_diagnosis/20260515_001000_fullrunner/per_sample_metrics.csv
T05_ref3_plus_residual_UNet,ref3 + residual U-Net,2,line_test_0003,line,0.9933153002264324,33.94024397062192,0.6914339032798745,0.0006521790055558085,0.4059393570278189,0.0008848729994497262,0.4059393570278189,/home/superws/2026_Projects/Codex_reference_plane_real/exp/task_real_struc_001b_full_structure_diagnosis/20260515_001000_fullrunner/per_sample_metrics.csv
T05_ref3_plus_residual_UNet,ref3 + residual U-Net,2,line_test_0004,line,0.9970373185243918,36.65129252711171,0.8060666937799221,0.0002786736295092851,0.2877612800511997,0.0008754390000831336,0.2877612800511997,/home/superws/2026_Projects/Codex_reference_plane_real/exp/task_real_struc_001b_full_structure_diagnosis/20260515_001000_fullrunner/per_sample_metrics.csv
T05_ref3_plus_residual_UNet,ref3 + residual U-Net,2,line_test_0005,line,0.9970397860551969,32.42988597269396,0.6100722238603824,0.0006817824905738235,0.27721133594968705,0.000949851000768831,0.27721133594968705,/home/superws/2026_Projects/Codex_reference_plane_real/exp/task_real_struc_001b_full_structure_diagnosis/20260515_001000_fullrunner/per_sample_metrics.csv
T05_ref3_plus_residual_UNet,ref3 + residual U-Net,2,line_test_0006,line,0.9855686465296368,31.66217248241622,0.5698720388507656,0.0008843439281918108,0.5737994028786488,0.000879463001183467,0.5737994028786488,/home/superws/2026_Projects/Codex_reference_plane_real/exp/task_real_struc_001b_full_structure_diagnosis/20260515_001000_fullrunner/per_sample_metrics.csv
T05_ref3_plus_residual_UNet,ref3 + residual U-Net,2,line_test_0007,line,0.9939293562074278,29.815347332648432,0.46927672793574593,0.0011619433062151074,0.42520824017265113,0.0008741359997657128,0.42520824017265113,/home/superws/2026_Projects/Codex_reference_plane_real/exp/task_real_struc_001b_full_structure_diagnosis/20260515_001000_fullrunner/per_sample_metrics.csv
T05_ref3_plus_residual_UNet,ref3 + residual U-Net,2,line_test_0008,line,0.9960424180095162,25.837967492793567,0.2413482908325782,0.00288778287358582,0.2706502239452675,0.0008859439985826612,0.2706502239452675,/home/superws/2026_Projects/Codex_reference_plane_real/exp/task_real_struc_001b_full_structure_diagnosis/20260515_001000_fullrunner/per_sample_metrics.csv
T05_ref3_plus_residual_UNet,ref3 + residual U-Net,2,line_test_0009,line,0.9936839194441947,30.234337227183595,0.48416292912377995,0.0011345663806423545,0.3752565048089309,0.0008825750010146294,0.3752565048089309,/home/superws/2026_Projects/Codex_reference_plane_real/exp/task_real_struc_001b_full_structure_diagnosis/20260515_001000_fullrunner/per_sample_metrics.csv
T05_ref3_plus_residual_UNet,ref3 + residual U-Net,2,line_test_0010,line,0.9952961934312969,32.440151905527365,0.6104888781362824,0.0007355378475040197,0.4682547610500478,0.000885030000063125,0.4682547610500478,/home/superws/2026_Projects/Codex_reference_plane_real/exp/task_real_struc_001b_full_structure_diagnosis/20260515_001000_fullrunner/per_sample_metrics.csv
T05_ref3_plus_residual_UNet,ref3 + residual U-Net,2,line_test_0011,line,0.9979082284723266,27.755983525010727,0.33959566032825766,0.00192988570779562,0.2706143710347533,0.000909325997781707,0.2706143710347533,/home/superws/2026_Projects/Codex_reference_plane_real/exp/task_real_struc_001b_full_structure_diagnosis/20260515_001000_fullrunner/per_sample_metrics.csv
T05_ref3_plus_residual_UNet,ref3 + residual U-Net,2,line_test_0012,line,0.9909261524410853,29.72150665007063,0.45513080109425863,0.0012840874260291457,0.39500739401046303,0.000866461999976309,0.39500739401046303,/home/superws/2026_Projects/Codex_reference_plane_real/exp/task_real_struc_001b_full_structure_diagnosis/20260515_001000_fullrunner/per_sample_metrics.csv
T05_ref3_plus_residual_UNet,ref3 + residual U-Net,2,line_test_0013,line,0.9930930598420954,27.043835848896588,0.3221421592120019,0.002172326436266303,0.2774550820940931,0.0009392929969180841,0.2774550820940931,/home/superws/2026_Projects/Codex_reference_plane_real/exp/task_real_struc_001b_full_structure_diagnosis/20260515_001000_fullrunner/per_sample_metrics.csv
T05_ref3_plus_residual_UNet,ref3 + residual U-Net,2,line_test_0014,line,0.9946954178867947,34.85305986438293,0.7330221589405881,0.00040467060171067715,0.1949705459192046,0.0009509779993095435,0.1949705459192046,/home/superws/2026_Projects/Codex_reference_plane_real/exp/task_real_struc_001b_full_structure_diagnosis/20260515_001000_fullrunner/per_sample_metrics.csv
T05_ref3_plus_residual_UNet,ref3 + residual U-Net,2,line_test_0015,line,0.9955094911209447,35.40864183593678,0.757603546931371,0.0003896373091265559,0.2198651099788549,0.0008781579999777023,0.2198651099788549,/home/superws/2026_Projects/Codex_reference_plane_real/exp/task_real_struc_001b_full_structure_diagnosis/20260515_001000_fullrunner/per_sample_metrics.csv
T05_ref3_plus_residual_UNet,ref3 + residual U-Net,2,line_test_0016,line,0.9931833791067349,28.232715942735407,0.3674587947880917,0.0018424659501761198,0.3489894730737433,0.001056651002727449,0.3489894730737433,/home/superws/2026_Projects/Codex_reference_plane_real/exp/task_real_struc_001b_full_structure_diagnosis/20260515_001000_fullrunner/per_sample_metrics.csv
T05_ref3_plus_residual_UNet,ref3 + residual U-Net,2,line_test_0017,line,1.0064690452284388,32.06699855790446,0.5898550586651284,0.0007391210529021919,0.21297289303765865,0.0009523819971946068,0.21297289303765865,/home/superws/2026_Projects/Codex_reference_plane_real/exp/task_real_struc_001b_full_structure_diagnosis/20260515_001000_fullrunner/per_sample_metrics.csv
T05_ref3_plus_residual_UNet,ref3 + residual U-Net,2,line_test_0018,line,0.9935599450053518,29.39666280075036,0.4338888947684676,0.0014562604483217,0.2922462969290791,0.000943906998145394,0.2922462969290791,/home/superws/2026_Projects/Codex_reference_plane_real/exp/task_real_struc_001b_full_structure_diagnosis/20260515_001000_fullrunner/per_sample_metrics.csv
T05_ref3_plus_residual_UNet,ref3 + residual U-Net,2,line_test_0019,line,0.9946083567223502,29.324567790345657,0.4364232643234354,0.0012757426593452692,0.26677821093107923,0.0008871499994711485,0.26677821093107923,/home/superws/2026_Projects/Codex_reference_plane_real/exp/task_real_struc_001b_full_structure_diagnosis/20260515_001000_fullrunner/per_sample_metrics.csv
T05_ref3_plus_residual_UNet,ref3 + residual U-Net,2,cross_test_0000,cross,0.990927275854165,32.21994656992133,0.5991276445828785,0.0008663318585604429,0.2738528391964792,0.0008780440002738032,0.2738528391964792,/home/superws/2026_Projects/Codex_reference_plane_real/exp/task_real_struc_001b_full_structure_diagnosis/20260515_001000_fullrunner/per_sample_metrics.csv
T05_ref3_plus_residual_UNet,ref3 + residual U-Net,2,cross_test_0001,cross,0.9974179552490868,26.51190211198399,0.2702564472851964,0.0027670725248754025,0.3663689550703566,0.0008825869990687352,0.3663689550703566,/home/superws/2026_Projects/Codex_reference_plane_real/exp/task_real_struc_001b_full_structure_diagnosis/20260515_001000_fullrunner/per_sample_metrics.csv
T05_ref3_plus_residual_UNet,ref3 + residual U-Net,2,cross_test_0002,cross,0.9952628761571337,30.385610119900505,0.4931282401030494,0.0010643333662301302,0.2677110059921688,0.0008975860000646207,0.2677110059921688,/home/superws/2026_Projects/Codex_reference_plane_real/exp/task_real_struc_001b_full_structure_diagnosis/20260515_001000_fullrunner/per_sample_metrics.csv
T05_ref3_plus_residual_UNet,ref3 + residual U-Net,2,cross_test_0003,cross,0.9955305164709439,27.652354967142383,0.3342635729611284,0.0021770696621388197,0.4301244530615804,0.0008763449986872729,0.4301244530615804,/home/superws/2026_Projects/Codex_reference_plane_real/exp/task_real_struc_001b_full_structure_diagnosis/20260515_001000_fullrunner/per_sample_metrics.csv
T05_ref3_plus_residual_UNet,ref3 + residual U-Net,2,cross_test_0004,cross,0.9914775149104225,27.902860750483832,0.34886949453749855,0.0021252522710710764,0.382859848861699,0.000884232998942025,0.382859848861699,/home/superws/2026_Projects/Codex_reference_plane_real/exp/task_real_struc_001b_full_structure_diagnosis/20260515_001000_fullrunner/per_sample_metrics.csv
T05_ref3_plus_residual_UNet,ref3 + residual U-Net,2,cross_test_0005,cross,0.9914587130083875,31.201965429143588,0.5417901286806975,0.0010851883562281728,0.30030994517801446,0.0009550930008117575,0.30030994517801446,/home/superws/2026_Projects/Codex_reference_plane_real/exp/task_real_struc_001b_full_structure_diagnosis/20260515_001000_fullrunner/per_sample_metrics.csv
T05_ref3_plus_residual_UNet,ref3 + residual U-Net,2,cross_test_0006,cross,0.9966829337867629,28.734672425199854,0.39435147358843,0.0016012968262657523,0.30644307301190565,0.0008848969991959166,0.30644307301190565,/home/superws/2026_Projects/Codex_reference_plane_real/exp/task_real_struc_001b_full_structure_diagnosis/20260515_001000_fullrunner/per_sample_metrics.csv
T05_ref3_plus_residual_UNet,ref3 + residual U-Net,2,cross_test_0007,cross,0.9946993282584585,33.954406282588195,0.6904313614044763,0.0005684311618097126,0.312586298899987,0.0009478710016992409,0.312586298899987,/home/superws/2026_Projects/Codex_reference_plane_real/exp/task_real_struc_001b_full_structure_diagnosis/20260515_001000_fullrunner/per_sample_metrics.csv
T05_ref3_plus_residual_UNet,ref3 + residual U-Net,2,cross_test_0008,cross,0.9901667186081884,28.008950820020964,0.3554718681182827,0.002068418776616454,0.2780383749632165,0.0008840759983286262,0.2780383749632165,/home/superws/2026_Projects/Codex_reference_plane_real/exp/task_real_struc_001b_full_structure_diagnosis/20260515_001000_fullrunner/per_sample_metrics.csv
T05_ref3_plus_residual_UNet,ref3 + residual U-Net,2,cross_test_0009,cross,0.9971082552022628,32.89217648678337,0.6357244469580421,0.0006138557218946517,0.2932227940145822,0.00088442599735572,0.2932227940145822,/home/superws/2026_Projects/Codex_reference_plane_real/exp/task_real_struc_001b_full_structure_diagnosis/20260515_001000_fullrunner/per_sample_metrics.csv
T05_ref3_plus_residual_UNet,ref3 + residual U-Net,2,cross_test_0010,cross,0.9930036149775189,32.078008382298634,0.5909554322996575,0.0008355663157999516,0.5831411790532002,0.00088449800023227,0.5831411790532002,/home/superws/2026_Projects/Codex_reference_plane_real/exp/task_real_struc_001b_full_structure_diagnosis/20260515_001000_fullrunner/per_sample_metrics.csv
T05_ref3_plus_residual_UNet,ref3 + residual U-Net,2,cross_test_0011,cross,0.9877430367928554,27.36771924429032,0.3241736525276126,0.002507006749510765,0.29663945515130763,0.0008801469994068611,0.29663945515130763,/home/superws/2026_Projects/Codex_reference_plane_real/exp/task_real_struc_001b_full_structure_diagnosis/20260515_001000_fullrunner/per_sample_metrics.csv
T05_ref3_plus_residual_UNet,ref3 + residual U-Net,2,cross_test_0012,cross,0.9971821085510388,31.67885810721351,0.5677392091041322,0.0008691810071468353,0.35611921194868046,0.0008843380019243341,0.35611921194868046,/home/superws/2026_Projects/Codex_reference_plane_real/exp/task_real_struc_001b_full_structure_diagnosis/20260515_001000_fullrunner/per_sample_metrics.csv
T05_ref3_plus_residual_UNet,ref3 + residual U-Net,2,cross_test_0013,cross,0.9862106553584322,31.722543753962746,0.572334192838127,0.0009784410940483212,0.5729452369596402,0.0009303239967266563,0.5729452369596402,/home/superws/2026_Projects/Codex_reference_plane_real/exp/task_real_struc_001b_full_structure_diagnosis/20260515_001000_fullrunner/per_sample_metrics.csv
T05_ref3_plus_residual_UNet,ref3 + residual U-Net,2,cross_test_0014,cross,0.9947216215604863,27.726508485447958,0.33957755131506695,0.0018924884498119354,0.24828768006409518,0.0008618680003564805,0.24828768006409518,/home/superws/2026_Projects/Codex_reference_plane_real/exp/task_real_struc_001b_full_structure_diagnosis/20260515_001000_fullrunner/per_sample_metrics.csv
T05_ref3_plus_residual_UNet,ref3 + residual U-Net,2,L_shape_test_0000,L-shape,0.9927273608416524,26.20387426058356,0.26129813127758705,0.002881590509787202,0.3248310871349531,0.0008828299978631549,0.3248310871349531,/home/superws/2026_Projects/Codex_reference_plane_real/exp/task_real_struc_001b_full_structure_diagnosis/20260515_001000_fullrunner/per_sample_metrics.csv
T05_ref3_plus_residual_UNet,ref3 + residual U-Net,2,L_shape_test_0001,L-shape,0.9949578939633845,27.685406621763512,0.3363101809085363,0.001944016432389617,0.4743268508937035,0.0009399930022482295,0.4743268508937035,/home/superws/2026_Projects/Codex_reference_plane_real/exp/task_real_struc_001b_full_structure_diagnosis/20260515_001000_fullrunner/per_sample_metrics.csv
T05_ref3_plus_residual_UNet,ref3 + residual U-Net,2,L_shape_test_0002,L-shape,0.9940665607504713,27.30676619367869,0.31696842268797454,0.0024137094151228666,0.29956040095203207,0.000874925000971416,0.29956040095203207,/home/superws/2026_Projects/Codex_reference_plane_real/exp/task_real_struc_001b_full_structure_diagnosis/20260515_001000_fullrunner/per_sample_metrics.csv
T05_ref3_plus_residual_UNet,ref3 + residual U-Net,2,L_shape_test_0003,L-shape,0.9951465994392674,27.509428278475873,0.3255602045455969,0.002314956160262227,0.32282807409137604,0.0008911410004657228,0.32282807409137604,/home/superws/2026_Projects/Codex_reference_plane_real/exp/task_real_struc_001b_full_structure_diagnosis/20260515_001000_fullrunner/per_sample_metrics.csv
T05_ref3_plus_residual_UNet,ref3 + residual U-Net,2,L_shape_test_0004,L-shape,0.9964324506105261,25.795906147098027,0.23649438882817986,0.00317000481300056,0.7640953320187691,0.0008805520010355394,0.7640953320187691,/home/superws/2026_Projects/Codex_reference_plane_real/exp/task_real_struc_001b_full_structure_diagnosis/20260515_001000_fullrunner/per_sample_metrics.csv
T05_ref3_plus_residual_UNet,ref3 + residual U-Net,2,L_shape_test_0005,L-shape,0.9947332572466973,27.16265301256952,0.3090095894816416,0.0023240679875016212,0.29090920486851246,0.0008810909966996405,0.29090920486851246,/home/superws/2026_Projects/Codex_reference_plane_real/exp/task_real_struc_001b_full_structure_diagnosis/20260515_001000_fullrunner/per_sample_metrics.csv
T05_ref3_plus_residual_UNet,ref3 + residual U-Net,2,L_shape_test_0006,L-shape,0.9978776842376801,31.170307411919683,0.537617147863756,0.0009432955412194133,0.2729617428522033,0.0008719360012037214,0.2729617428522033,/home/superws/2026_Projects/Codex_reference_plane_real/exp/task_real_struc_001b_full_structure_diagnosis/20260515_001000_fullrunner/per_sample_metrics.csv
T05_ref3_plus_residual_UNet,ref3 + residual U-Net,2,L_shape_test_0007,L-shape,0.9929137369318425,27.030406100378453,0.2999906203712699,0.0025269438046962023,0.3529182058555307,0.0009485129994573072,0.3529182058555307,/home/superws/2026_Projects/Codex_reference_plane_real/exp/task_real_struc_001b_full_structure_diagnosis/20260515_001000_fullrunner/per_sample_metrics.csv
T05_ref3_plus_residual_UNet,ref3 + residual U-Net,2,L_shape_test_0008,L-shape,0.998845907666069,30.479423381841716,0.4972699940748258,0.0010709288762882352,0.25186369095536065,0.0008856259992171545,0.25186369095536065,/home/superws/2026_Projects/Codex_reference_plane_real/exp/task_real_struc_001b_full_structure_diagnosis/20260515_001000_fullrunner/per_sample_metrics.csv
T05_ref3_plus_residual_UNet,ref3 + residual U-Net,2,L_shape_test_0009,L-shape,0.992759385341815,26.434799643898135,0.2702474772863669,0.0028360115829855204,0.6714076409225527,0.0008818199967208784,0.6714076409225527,/home/superws/2026_Projects/Codex_reference_plane_real/exp/task_real_struc_001b_full_structure_diagnosis/20260515_001000_fullrunner/per_sample_metrics.csv
T05_ref3_plus_residual_UNet,ref3 + residual U-Net,2,L_shape_test_0010,L-shape,0.9922256717201565,30.636347686074153,0.5084361978781593,0.0010423160856589675,0.3513854459779395,0.0009347909981443081,0.3513854459779395,/home/superws/2026_Projects/Codex_reference_plane_real/exp/task_real_struc_001b_full_structure_diagnosis/20260515_001000_fullrunner/per_sample_metrics.csv
T05_ref3_plus_residual_UNet,ref3 + residual U-Net,2,L_shape_test_0011,L-shape,0.9973131731431119,33.391528242541604,0.6614361395911362,0.0005698827444575727,0.23149545210253564,0.0008884000017133076,0.23149545210253564,/home/superws/2026_Projects/Codex_reference_plane_real/exp/task_real_struc_001b_full_structure_diagnosis/20260515_001000_fullrunner/per_sample_metrics.csv
T05_ref3_plus_residual_UNet,ref3 + residual U-Net,2,L_shape_test_0012,L-shape,0.9966213544656353,26.773037102533955,0.28620813878469215,0.0024955717381089926,0.5052610720449593,0.0008847400022204965,0.5052610720449593,/home/superws/2026_Projects/Codex_reference_plane_real/exp/task_real_struc_001b_full_structure_diagnosis/20260515_001000_fullrunner/per_sample_metrics.csv
T05_ref3_plus_residual_UNet,ref3 + residual U-Net,2,L_shape_test_0013,L-shape,0.9967968896620768,27.2761266883745,0.31098862380684394,0.0023724401835352182,0.4896629990435031,0.0008821010014798958,0.4896629990435031,/home/superws/2026_Projects/Codex_reference_plane_real/exp/task_real_struc_001b_full_structure_diagnosis/20260515_001000_fullrunner/per_sample_metrics.csv
T05_ref3_plus_residual_UNet,ref3 + residual U-Net,2,L_shape_test_0014,L-shape,0.9957534128829513,32.211279835666474,0.5976469321569171,0.0008019779925234616,0.2582203280471731,0.0010650710028130561,0.2582203280471731,/home/superws/2026_Projects/Codex_reference_plane_real/exp/task_real_struc_001b_full_structure_diagnosis/20260515_001000_fullrunner/per_sample_metrics.csv
T05_ref3_plus_residual_UNet,ref3 + residual U-Net,2,L_shape_test_0015,L-shape,0.9948808296159434,25.887912911672352,0.24336508622501418,0.002987966872751713,0.3784281460029888,0.0008824739998090081,0.3784281460029888,/home/superws/2026_Projects/Codex_reference_plane_real/exp/task_real_struc_001b_full_structure_diagnosis/20260515_001000_fullrunner/per_sample_metrics.csv
T05_ref3_plus_residual_UNet,ref3 + residual U-Net,2,L_shape_test_0016,L-shape,0.9934031527348864,27.439498503966107,0.32177779159143577,0.0022923368960618973,0.4298117449397978,0.0008794770001259167,0.4298117449397978,/home/superws/2026_Projects/Codex_reference_plane_real/exp/task_real_struc_001b_full_structure_diagnosis/20260515_001000_fullrunner/per_sample_metrics.csv
T05_ref3_plus_residual_UNet,ref3 + residual U-Net,2,L_shape_test_0017,L-shape,0.9943359376609102,26.324790161113185,0.2639011975587126,0.002848829375579953,0.39685938999900827,0.0008742499994696118,0.39685938999900827,/home/superws/2026_Projects/Codex_reference_plane_real/exp/task_real_struc_001b_full_structure_diagnosis/20260515_001000_fullrunner/per_sample_metrics.csv
T05_ref3_plus_residual_UNet,ref3 + residual U-Net,2,L_shape_test_0018,L-shape,0.9976300278371356,26.209958554330967,0.25445666284259805,0.0029788652900606394,0.5478836769543705,0.0008773939989623614,0.5478836769543705,/home/superws/2026_Projects/Codex_reference_plane_real/exp/task_real_struc_001b_full_structure_diagnosis/20260515_001000_fullrunner/per_sample_metrics.csv
T05_ref3_plus_residual_UNet,ref3 + residual U-Net,2,L_shape_test_0019,L-shape,0.9974751888910025,33.34098737370031,0.6591586740014721,0.0006201707292348146,0.46119529307543417,0.0009322180012532044,0.46119529307543417,/home/superws/2026_Projects/Codex_reference_plane_real/exp/task_real_struc_001b_full_structure_diagnosis/20260515_001000_fullrunner/per_sample_metrics.csv
T05_ref3_plus_residual_UNet,ref3 + residual U-Net,2,double_line_test_0000,double-line,0.9979391840832988,26.24152597432238,0.25895350048980653,0.0027316531632095575,0.2981183369993232,0.0008836869965307415,0.2981183369993232,/home/superws/2026_Projects/Codex_reference_plane_real/exp/task_real_struc_001b_full_structure_diagnosis/20260515_001000_fullrunner/per_sample_metrics.csv
T05_ref3_plus_residual_UNet,ref3 + residual U-Net,2,double_line_test_0001,double-line,0.9925475067502985,26.669597550750566,0.28311071677495625,0.002794113242998719,0.49176856794656487,0.0008772380024311133,0.49176856794656487,/home/superws/2026_Projects/Codex_reference_plane_real/exp/task_real_struc_001b_full_structure_diagnosis/20260515_001000_fullrunner/per_sample_metrics.csv
T05_ref3_plus_residual_UNet,ref3 + residual U-Net,2,double_line_test_0002,double-line,0.9992136421144233,31.249247451981557,0.5418076545693632,0.0009747878066264093,0.24784114519206923,0.0008862819995556492,0.24784114519206923,/home/superws/2026_Projects/Codex_reference_plane_real/exp/task_real_struc_001b_full_structure_diagnosis/20260515_001000_fullrunner/per_sample_metrics.csv
T05_ref3_plus_residual_UNet,ref3 + residual U-Net,2,double_line_test_0003,double-line,0.9952449333682452,25.647988700682962,0.22656862485099966,0.003425947157666087,0.4029788528823701,0.0009031310000864323,0.4029788528823701,/home/superws/2026_Projects/Codex_reference_plane_real/exp/task_real_struc_001b_full_structure_diagnosis/20260515_001000_fullrunner/per_sample_metrics.csv
T05_ref3_plus_residual_UNet,ref3 + residual U-Net,2,double_line_test_0004,double-line,0.9904825255424016,25.936654969405897,0.2451224508917753,0.00334849301725626,0.4850672568391019,0.0008856489985191729,0.4850672568391019,/home/superws/2026_Projects/Codex_reference_plane_real/exp/task_real_struc_001b_full_structure_diagnosis/20260515_001000_fullrunner/per_sample_metrics.csv
T05_ref3_plus_residual_UNet,ref3 + residual U-Net,2,double_line_test_0005,double-line,0.9995871518314405,25.996091377135976,0.2450098907522413,0.003022772492840886,0.3253787708490563,0.0008691729999554809,0.3253787708490563,/home/superws/2026_Projects/Codex_reference_plane_real/exp/task_real_struc_001b_full_structure_diagnosis/20260515_001000_fullrunner/per_sample_metrics.csv
T05_ref3_plus_residual_UNet,ref3 + residual U-Net,2,double_line_test_0006,double-line,0.9907889370947452,25.342964695049478,0.2233174594217895,0.003622505348175764,0.47873340709338663,0.0008815010005491786,0.47873340709338663,/home/superws/2026_Projects/Codex_reference_plane_real/exp/task_real_struc_001b_full_structure_diagnosis/20260515_001000_fullrunner/per_sample_metrics.csv
T05_ref3_plus_residual_UNet,ref3 + residual U-Net,2,double_line_test_0007,double-line,0.9945659046444831,31.96607112785975,0.5840490505996502,0.0008576857508160174,0.3058284349535825,0.0008720129990251735,0.3058284349535825,/home/superws/2026_Projects/Codex_reference_plane_real/exp/task_real_struc_001b_full_structure_diagnosis/20260515_001000_fullrunner/per_sample_metrics.csv
T05_ref3_plus_residual_UNet,ref3 + residual U-Net,2,double_line_test_0008,double-line,0.9911976453028021,28.405891514812524,0.37912672657536317,0.00175565539393574,2.5172712798848806,0.0008753420006542001,2.5172712798848806,/home/superws/2026_Projects/Codex_reference_plane_real/exp/task_real_struc_001b_full_structure_diagnosis/20260515_001000_fullrunner/per_sample_metrics.csv
T05_ref3_plus_residual_UNet,ref3 + residual U-Net,2,double_line_test_0009,double-line,0.9936571481235813,27.99768652508179,0.35168785236189565,0.0020825176034122705,0.568645156778075,0.0008798480012046639,0.568645156778075,/home/superws/2026_Projects/Codex_reference_plane_real/exp/task_real_struc_001b_full_structure_diagnosis/20260515_001000_fullrunner/per_sample_metrics.csv
T05_ref3_plus_residual_UNet,ref3 + residual U-Net,2,double_line_test_0010,double-line,0.9963603798977929,26.35637883040715,0.2647564737988443,0.0028132712468504906,0.5136391360865673,0.00088019399845507,0.5136391360865673,/home/superws/2026_Projects/Codex_reference_plane_real/exp/task_real_struc_001b_full_structure_diagnosis/20260515_001000_fullrunner/per_sample_metrics.csv
T05_ref3_plus_residual_UNet,ref3 + residual U-Net,2,double_line_test_0011,double-line,0.9976756753428921,27.992304455136697,0.34970539956164387,0.0020425578113645315,0.31543555796451983,0.0009458419990551192,0.31543555796451983,/home/superws/2026_Projects/Codex_reference_plane_real/exp/task_real_struc_001b_full_structure_diagnosis/20260515_001000_fullrunner/per_sample_metrics.csv
T05_ref3_plus_residual_UNet,ref3 + residual U-Net,2,double_line_test_0012,double-line,0.9985620071918027,30.655024746322862,0.5058104412166263,0.0011791494907811284,0.475239538900496,0.0010566810015006922,0.475239538900496,/home/superws/2026_Projects/Codex_reference_plane_real/exp/task_real_struc_001b_full_structure_diagnosis/20260515_001000_fullrunner/per_sample_metrics.csv
T05_ref3_plus_residual_UNet,ref3 + residual U-Net,2,double_line_test_0013,double-line,0.9969302636553069,25.025751063562524,0.19831576105969265,0.0038737328723073006,0.4673277099027473,0.0008811469997453969,0.4673277099027473,/home/superws/2026_Projects/Codex_reference_plane_real/exp/task_real_struc_001b_full_structure_diagnosis/20260515_001000_fullrunner/per_sample_metrics.csv
T05_ref3_plus_residual_UNet,ref3 + residual U-Net,2,double_line_test_0014,double-line,0.9925870410479621,25.810281996456187,0.24035546585125994,0.003320874646306038,0.3529932148667285,0.000874926001415588,0.3529932148667285,/home/superws/2026_Projects/Codex_reference_plane_real/exp/task_real_struc_001b_full_structure_diagnosis/20260515_001000_fullrunner/per_sample_metrics.csv
T05_ref3_plus_residual_UNet,ref3 + residual U-Net,2,small_rect_edge_test_0000,small_rect_edge,0.9926140598475768,29.92106402235121,0.46695540271698177,0.001152052078396082,0.20256802115181927,0.0008855560008669272,0.20256802115181927,/home/superws/2026_Projects/Codex_reference_plane_real/exp/task_real_struc_001b_full_structure_diagnosis/20260515_001000_fullrunner/per_sample_metrics.csv
T05_ref3_plus_residual_UNet,ref3 + residual U-Net,2,small_rect_edge_test_0001,small_rect_edge,0.9914767911854422,30.834343797686937,0.5195136203574687,0.0010045532835647464,0.2417796180852747,0.0008635110025352333,0.2417796180852747,/home/superws/2026_Projects/Codex_reference_plane_real/exp/task_real_struc_001b_full_structure_diagnosis/20260515_001000_fullrunner/per_sample_metrics.csv
T05_ref3_plus_residual_UNet,ref3 + residual U-Net,2,small_rect_edge_test_0002,small_rect_edge,0.9980596435665322,27.7302740545622,0.3391762906784384,0.0018739918014034629,0.2798636228981195,0.000885948000359349,0.2798636228981195,/home/superws/2026_Projects/Codex_reference_plane_real/exp/task_real_struc_001b_full_structure_diagnosis/20260515_001000_fullrunner/per_sample_metrics.csv
T05_ref3_plus_residual_UNet,ref3 + residual U-Net,2,small_rect_edge_test_0003,small_rect_edge,0.9938334760847621,30.53604226915219,0.5018968899800716,0.0011192387901246548,0.2911161070842354,0.0008981140017567668,0.2911161070842354,/home/superws/2026_Projects/Codex_reference_plane_real/exp/task_real_struc_001b_full_structure_diagnosis/20260515_001000_fullrunner/per_sample_metrics.csv
T05_ref3_plus_residual_UNet,ref3 + residual U-Net,2,small_rect_edge_test_0004,small_rect_edge,0.9909209932468886,29.190966736407354,0.4262122091801793,0.0016111767617985606,0.3051237299659988,0.0009332879999419674,0.3051237299659988,/home/superws/2026_Projects/Codex_reference_plane_real/exp/task_real_struc_001b_full_structure_diagnosis/20260515_001000_fullrunner/per_sample_metrics.csv
T05_ref3_plus_residual_UNet,ref3 + residual U-Net,2,small_rect_edge_test_0005,small_rect_edge,0.9973683762360271,29.47316198125336,0.4503967771969918,0.0012774979695677757,0.296801833959762,0.000867141003254801,0.296801833959762,/home/superws/2026_Projects/Codex_reference_plane_real/exp/task_real_struc_001b_full_structure_diagnosis/20260515_001000_fullrunner/per_sample_metrics.csv
T05_ref3_plus_residual_UNet,ref3 + residual U-Net,2,small_rect_edge_test_0006,small_rect_edge,0.9957094157228822,29.983845584092215,0.4688822739670656,0.0012442312436178327,0.2903525309593533,0.0009343909987364896,0.2903525309593533,/home/superws/2026_Projects/Codex_reference_plane_real/exp/task_real_struc_001b_full_structure_diagnosis/20260515_001000_fullrunner/per_sample_metrics.csv
T05_ref3_plus_residual_UNet,ref3 + residual U-Net,2,small_rect_edge_test_0007,small_rect_edge,1.000471178608098,29.07563524522192,0.4148865799237185,0.0014402492670342326,0.264487417829514,0.0008816970002953894,0.264487417829514,/home/superws/2026_Projects/Codex_reference_plane_real/exp/task_real_struc_001b_full_structure_diagnosis/20260515_001000_fullrunner/per_sample_metrics.csv
T05_ref3_plus_residual_UNet,ref3 + residual U-Net,2,small_rect_edge_test_0008,small_rect_edge,0.9976235836749129,28.43250994719091,0.38174465839960725,0.0017131000058725476,0.2818075228497037,0.0008762680008658208,0.2818075228497037,/home/superws/2026_Projects/Codex_reference_plane_real/exp/task_real_struc_001b_full_structure_diagnosis/20260515_001000_fullrunner/per_sample_metrics.csv
T05_ref3_plus_residual_UNet,ref3 + residual U-Net,2,small_rect_edge_test_0009,small_rect_edge,0.9946449657029671,30.919132040648183,0.5241448355346345,0.000998769304715097,0.2621890120644821,0.0008740670018596575,0.2621890120644821,/home/superws/2026_Projects/Codex_reference_plane_real/exp/task_real_struc_001b_full_structure_diagnosis/20260515_001000_fullrunner/per_sample_metrics.csv
T05_ref3_plus_residual_UNet,ref3 + residual U-Net,2,point_cluster_test_0000,point_cluster,0.9980741387902784,32.92669628095017,0.685437223776481,0.0006298231310211122,0.4482852178880421,0.0008867359974829014,0.4482852178880421,/home/superws/2026_Projects/Codex_reference_plane_real/exp/task_real_struc_001b_full_structure_diagnosis/20260515_001000_fullrunner/per_sample_metrics.csv
T05_ref3_plus_residual_UNet,ref3 + residual U-Net,2,point_cluster_test_0001,point_cluster,0.9937056076925201,31.698590998260677,0.5695208665774841,0.0010159681551158428,0.3886834379954962,0.0008779810013948008,0.3886834379954962,/home/superws/2026_Projects/Codex_reference_plane_real/exp/task_real_struc_001b_full_structure_diagnosis/20260515_001000_fullrunner/per_sample_metrics.csv
T05_ref3_plus_residual_UNet,ref3 + residual U-Net,2,point_cluster_test_0002,point_cluster,0.9904969407222888,35.64710715899212,0.7680210886972128,0.0004607244918588549,0.23024478205115884,0.0009421009999641683,0.23024478205115884,/home/superws/2026_Projects/Codex_reference_plane_real/exp/task_real_struc_001b_full_structure_diagnosis/20260515_001000_fullrunner/per_sample_metrics.csv
T05_ref3_plus_residual_UNet,ref3 + residual U-Net,2,point_cluster_test_0003,point_cluster,0.9991691856166306,35.86770039499916,0.7762731228877031,0.00036903444561176,0.35334131901618093,0.0008841980015859008,0.35334131901618093,/home/superws/2026_Projects/Codex_reference_plane_real/exp/task_real_struc_001b_full_structure_diagnosis/20260515_001000_fullrunner/per_sample_metrics.csv
T05_ref3_plus_residual_UNet,ref3 + residual U-Net,2,point_cluster_test_0004,point_cluster,0.9956811426470887,31.437186651376862,0.5543431465192954,0.0010546306148171425,0.3434648359907442,0.0008833009997033514,0.3434648359907442,/home/superws/2026_Projects/Codex_reference_plane_real/exp/task_real_struc_001b_full_structure_diagnosis/20260515_001000_fullrunner/per_sample_metrics.csv
T05_ref3_plus_residual_UNet,ref3 + residual U-Net,2,point_cluster_test_0005,point_cluster,0.9963407964908151,31.38187220365486,0.5511248990811222,0.0010094429599121213,0.258737846139411,0.000969102002272848,0.258737846139411,/home/superws/2026_Projects/Codex_reference_plane_real/exp/task_real_struc_001b_full_structure_diagnosis/20260515_001000_fullrunner/per_sample_metrics.csv
T05_ref3_plus_residual_UNet,ref3 + residual U-Net,2,point_cluster_test_0006,point_cluster,0.9943252685890156,35.09269602204506,0.7719615695695443,0.0004028569965157658,0.5385391969139164,0.0008783019984548446,0.5385391969139164,/home/superws/2026_Projects/Codex_reference_plane_real/exp/task_real_struc_001b_full_structure_diagnosis/20260515_001000_fullrunner/per_sample_metrics.csv
T05_ref3_plus_residual_UNet,ref3 + residual U-Net,2,point_cluster_test_0007,point_cluster,0.9949309832520402,35.63018327320113,0.7933699710323908,0.0004053042794112116,0.2609332901374728,0.0008816590016067494,0.2609332901374728,/home/superws/2026_Projects/Codex_reference_plane_real/exp/task_real_struc_001b_full_structure_diagnosis/20260515_001000_fullrunner/per_sample_metrics.csv
T05_ref3_plus_residual_UNet,ref3 + residual U-Net,2,point_cluster_test_0008,point_cluster,0.9853428621443876,34.81416764513455,0.7326770736477326,0.0005451905308291316,0.2587233108788496,0.000867679002112709,0.2587233108788496,/home/superws/2026_Projects/Codex_reference_plane_real/exp/task_real_struc_001b_full_structure_diagnosis/20260515_001000_fullrunner/per_sample_metrics.csv
T05_ref3_plus_residual_UNet,ref3 + residual U-Net,2,point_cluster_test_0009,point_cluster,0.992955851176957,36.11011616423952,0.8261267657327299,0.0002947524772025645,0.3574033410586708,0.000873897999554174,0.3574033410586708,/home/superws/2026_Projects/Codex_reference_plane_real/exp/task_real_struc_001b_full_structure_diagnosis/20260515_001000_fullrunner/per_sample_metrics.csv
T05_ref3_plus_residual_UNet,ref3 + residual U-Net,2,point_cluster_test_0010,point_cluster,0.9953455866029044,31.302912150590785,0.5462968256205647,0.0010833718115463853,0.3968062970780011,0.0008788119994278532,0.3968062970780011,/home/superws/2026_Projects/Codex_reference_plane_real/exp/task_real_struc_001b_full_structure_diagnosis/20260515_001000_fullrunner/per_sample_metrics.csv
T05_ref3_plus_residual_UNet,ref3 + residual U-Net,2,point_cluster_test_0011,point_cluster,0.996010505973448,34.92440937414672,0.7376215934476597,0.0006047750939615071,0.26601404405300855,0.0009255110016965773,0.26601404405300855,/home/superws/2026_Projects/Codex_reference_plane_real/exp/task_real_struc_001b_full_structure_diagnosis/20260515_001000_fullrunner/per_sample_metrics.csv
T05_ref3_plus_residual_UNet,ref3 + residual U-Net,2,point_cluster_test_0012,point_cluster,1.0027557278558414,33.642794994295734,0.6745887768954117,0.0006408948102034628,0.3115699318550469,0.0008811510015220847,0.3115699318550469,/home/superws/2026_Projects/Codex_reference_plane_real/exp/task_real_struc_001b_full_structure_diagnosis/20260515_001000_fullrunner/per_sample_metrics.csv
T05_ref3_plus_residual_UNet,ref3 + residual U-Net,2,point_cluster_test_0013,point_cluster,0.9988651921449903,32.365547962493494,0.6074076794275969,0.0009513428085483611,0.3559504369877686,0.0008813040003587957,0.3559504369877686,/home/superws/2026_Projects/Codex_reference_plane_real/exp/task_real_struc_001b_full_structure_diagnosis/20260515_001000_fullrunner/per_sample_metrics.csv
T05_ref3_plus_residual_UNet,ref3 + residual U-Net,2,point_cluster_test_0014,point_cluster,0.9997002704833793,34.26305578917959,0.7056144228209864,0.0004941753577440977,0.2385052308163722,0.0009980980030377395,0.2385052308163722,/home/superws/2026_Projects/Codex_reference_plane_real/exp/task_real_struc_001b_full_structure_diagnosis/20260515_001000_fullrunner/per_sample_metrics.csv
T05_ref3_plus_residual_UNet,ref3 + residual U-Net,2,point_cluster_test_0015,point_cluster,0.9946681108265609,34.419002794200004,0.7136169976279361,0.0005483061540871859,0.31367359088835656,0.0008831470004224684,0.31367359088835656,/home/superws/2026_Projects/Codex_reference_plane_real/exp/task_real_struc_001b_full_structure_diagnosis/20260515_001000_fullrunner/per_sample_metrics.csv
T05_ref3_plus_residual_UNet,ref3 + residual U-Net,2,point_cluster_test_0016,point_cluster,0.994149152327485,31.90418154168222,0.6117994776013581,0.0009129193495027721,0.4690907089134271,0.0008796590009296779,0.4690907089134271,/home/superws/2026_Projects/Codex_reference_plane_real/exp/task_real_struc_001b_full_structure_diagnosis/20260515_001000_fullrunner/per_sample_metrics.csv
T05_ref3_plus_residual_UNet,ref3 + residual U-Net,2,point_cluster_test_0017,point_cluster,1.0048114543393036,36.12586288836119,0.8587050981318982,0.0003292132751084864,0.2245912719736225,0.0008988830013549887,0.2245912719736225,/home/superws/2026_Projects/Codex_reference_plane_real/exp/task_real_struc_001b_full_structure_diagnosis/20260515_001000_fullrunner/per_sample_metrics.csv
T05_ref3_plus_residual_UNet,ref3 + residual U-Net,2,point_cluster_test_0018,point_cluster,1.0032866420391975,35.721393697550305,0.7905898396607752,0.0004561580717563629,0.35058638396367314,0.0008843439973134082,0.35058638396367314,/home/superws/2026_Projects/Codex_reference_plane_real/exp/task_real_struc_001b_full_structure_diagnosis/20260515_001000_fullrunner/per_sample_metrics.csv
T05_ref3_plus_residual_UNet,ref3 + residual U-Net,2,point_cluster_test_0019,point_cluster,0.9998609832294152,34.89448015862919,0.734551204176138,0.00039812762406654656,0.49431612795524416,0.0008671959985804278,0.49431612795524416,/home/superws/2026_Projects/Codex_reference_plane_real/exp/task_real_struc_001b_full_structure_diagnosis/20260515_001000_fullrunner/per_sample_metrics.csv
T06_ref3_plus_ReMiCNet_R04,ref3 + ReMiC-Net R04,0,line_test_0000,line,1.00572034135997,30.816241245912394,0.523397133885307,0.0017473605694249272,0.4466214470885461,0.001920188995427452,0.4466214470885461,/home/superws/2026_Projects/Codex_reference_plane_real/exp/task_real_struc_002b_film_variant_search/20260516_104031/per_sample_metrics.csv
T06_ref3_plus_ReMiCNet_R04,ref3 + ReMiC-Net R04,0,line_test_0001,line,0.993971597117317,25.93648453551865,0.2630189881812673,0.00419157650321722,0.5885344488051487,0.0019248140015406534,0.5885344488051487,/home/superws/2026_Projects/Codex_reference_plane_real/exp/task_real_struc_002b_film_variant_search/20260516_104031/per_sample_metrics.csv
T06_ref3_plus_ReMiCNet_R04,ref3 + ReMiC-Net R04,0,line_test_0002,line,1.000653306185286,30.199463923071814,0.4922938166802553,0.0022548185661435127,0.263029686990194,0.0019144410034641623,0.263029686990194,/home/superws/2026_Projects/Codex_reference_plane_real/exp/task_real_struc_002b_film_variant_search/20260516_104031/per_sample_metrics.csv
T06_ref3_plus_ReMiCNet_R04,ref3 + ReMiC-Net R04,0,line_test_0003,line,1.0873152671199748,33.547560478083376,0.6682239561379573,0.0018808237509801984,0.40696912903513294,0.0019146450067637488,0.40696912903513294,/home/superws/2026_Projects/Codex_reference_plane_real/exp/task_real_struc_002b_film_variant_search/20260516_104031/per_sample_metrics.csv
T06_ref3_plus_ReMiCNet_R04,ref3 + ReMiC-Net R04,0,line_test_0004,line,1.0461738811123835,36.442367930224705,0.7984340032479246,0.0008503671269863844,0.2888427780562779,0.0019569370051613078,0.2888427780562779,/home/superws/2026_Projects/Codex_reference_plane_real/exp/task_real_struc_002b_film_variant_search/20260516_104031/per_sample_metrics.csv
T06_ref3_plus_ReMiCNet_R04,ref3 + ReMiC-Net R04,0,line_test_0005,line,1.0222737880458805,32.32133847964524,0.6064855610211896,0.0014099577674642205,0.2781877939560218,0.001926309007103555,0.2781877939560218,/home/superws/2026_Projects/Codex_reference_plane_real/exp/task_real_struc_002b_film_variant_search/20260516_104031/per_sample_metrics.csv
T06_ref3_plus_ReMiCNet_R04,ref3 + ReMiC-Net R04,0,line_test_0006,line,1.050450917486875,31.38528353601004,0.5531263173485748,0.0019104426028206944,0.5748119038762525,0.001891963998787105,0.5748119038762525,/home/superws/2026_Projects/Codex_reference_plane_real/exp/task_real_struc_002b_film_variant_search/20260516_104031/per_sample_metrics.csv
T06_ref3_plus_ReMiCNet_R04,ref3 + ReMiC-Net R04,0,line_test_0007,line,1.0107063969748638,29.742652035342143,0.4693291126392099,0.0019390962552279234,0.42629588017007336,0.0019617759971879423,0.42629588017007336,/home/superws/2026_Projects/Codex_reference_plane_real/exp/task_real_struc_002b_film_variant_search/20260516_104031/per_sample_metrics.csv
T06_ref3_plus_ReMiCNet_R04,ref3 + ReMiC-Net R04,0,line_test_0008,line,0.9973861384802389,25.83211276565699,0.2520519138232281,0.0036929678171873093,0.27166262194805313,0.0018983420013682917,0.27166262194805313,/home/superws/2026_Projects/Codex_reference_plane_real/exp/task_real_struc_002b_film_variant_search/20260516_104031/per_sample_metrics.csv
T06_ref3_plus_ReMiCNet_R04,ref3 + ReMiC-Net R04,0,line_test_0009,line,1.0044626487585,30.187481748439886,0.48822169292299633,0.0019379971781745553,0.37634135781263467,0.0019674280047183856,0.37634135781263467,/home/superws/2026_Projects/Codex_reference_plane_real/exp/task_real_struc_002b_film_variant_search/20260516_104031/per_sample_metrics.csv
T06_ref3_plus_ReMiCNet_R04,ref3 + ReMiC-Net R04,0,line_test_0010,line,1.0215761994142452,32.32696781776167,0.6076242801784996,0.0015124010387808084,0.4693584010528866,0.0019886700029019266,0.4693584010528866,/home/superws/2026_Projects/Codex_reference_plane_real/exp/task_real_struc_002b_film_variant_search/20260516_104031/per_sample_metrics.csv
T06_ref3_plus_ReMiCNet_R04,ref3 + ReMiC-Net R04,0,line_test_0011,line,1.0075739047436214,27.714120394384544,0.34524101938631574,0.002694535767659545,0.2716084370331373,0.0019033919961657375,0.2716084370331373,/home/superws/2026_Projects/Codex_reference_plane_real/exp/task_real_struc_002b_film_variant_search/20260516_104031/per_sample_metrics.csv
T06_ref3_plus_ReMiCNet_R04,ref3 + ReMiC-Net R04,0,line_test_0012,line,1.0089341414020536,29.643291404436617,0.45723493773781504,0.002200168324634433,0.39610577300481964,0.001964840994332917,0.39610577300481964,/home/superws/2026_Projects/Codex_reference_plane_real/exp/task_real_struc_002b_film_variant_search/20260516_104031/per_sample_metrics.csv
T06_ref3_plus_ReMiCNet_R04,ref3 + ReMiC-Net R04,0,line_test_0013,line,0.9928019986553804,27.0451091272629,0.3362962235076921,0.0031238386873155832,0.27846773409692105,0.001951944999746047,0.27846773409692105,/home/superws/2026_Projects/Codex_reference_plane_real/exp/task_real_struc_002b_film_variant_search/20260516_104031/per_sample_metrics.csv
T06_ref3_plus_ReMiCNet_R04,ref3 + ReMiC-Net R04,0,line_test_0014,line,1.0300549632029259,34.70135709916298,0.7269552059082695,0.0009792582131922245,0.19599269492027815,0.0019731270003831014,0.19599269492027815,/home/superws/2026_Projects/Codex_reference_plane_real/exp/task_real_struc_002b_film_variant_search/20260516_104031/per_sample_metrics.csv
T06_ref3_plus_ReMiCNet_R04,ref3 + ReMiC-Net R04,0,line_test_0015,line,1.0630407676524654,35.12359651085308,0.744339458233039,0.0011970199411734939,0.22094526997534558,0.001958317996468395,0.22094526997534558,/home/superws/2026_Projects/Codex_reference_plane_real/exp/task_real_struc_002b_film_variant_search/20260516_104031/per_sample_metrics.csv
T06_ref3_plus_ReMiCNet_R04,ref3 + ReMiC-Net R04,0,line_test_0016,line,0.9991346724594301,28.206770231551065,0.380297871166555,0.0030145510099828243,0.3498238950705854,0.0018910729995695874,0.3498238950705854,/home/superws/2026_Projects/Codex_reference_plane_real/exp/task_real_struc_002b_film_variant_search/20260516_104031/per_sample_metrics.csv
T06_ref3_plus_ReMiCNet_R04,ref3 + ReMiC-Net R04,0,line_test_0017,line,1.026540340396422,31.981242753201652,0.5876207294396689,0.0013826362555846572,0.21391350103658624,0.0018929899961221963,0.21391350103658624,/home/superws/2026_Projects/Codex_reference_plane_real/exp/task_real_struc_002b_film_variant_search/20260516_104031/per_sample_metrics.csv
T06_ref3_plus_ReMiCNet_R04,ref3 + ReMiC-Net R04,0,line_test_0018,line,1.0116108297911206,29.318468717135616,0.43568886095840687,0.002336427103728056,0.29321718993014656,0.0019147999992128462,0.29321718993014656,/home/superws/2026_Projects/Codex_reference_plane_real/exp/task_real_struc_002b_film_variant_search/20260516_104031/per_sample_metrics.csv
T06_ref3_plus_ReMiCNet_R04,ref3 + ReMiC-Net R04,0,line_test_0019,line,1.0110710380686319,29.25327218880977,0.43640265858053723,0.0020046939607709646,0.2677666679228423,0.0018756069912342355,0.2677666679228423,/home/superws/2026_Projects/Codex_reference_plane_real/exp/task_real_struc_002b_film_variant_search/20260516_104031/per_sample_metrics.csv
T06_ref3_plus_ReMiCNet_R04,ref3 + ReMiC-Net R04,0,cross_test_0000,cross,1.0389781571463785,32.01430051408061,0.5887185214751023,0.0019198490772396326,0.2749396531871753,0.0019648579909699038,0.2749396531871753,/home/superws/2026_Projects/Codex_reference_plane_real/exp/task_real_struc_002b_film_variant_search/20260516_104031/per_sample_metrics.csv
T06_ref3_plus_ReMiCNet_R04,ref3 + ReMiC-Net R04,0,cross_test_0001,cross,1.0000130060741743,26.500617515227574,0.2815408670287815,0.0035963004920631647,0.36739239806775004,0.0019060299964621663,0.36739239806775004,/home/superws/2026_Projects/Codex_reference_plane_real/exp/task_real_struc_002b_film_variant_search/20260516_104031/per_sample_metrics.csv
T06_ref3_plus_ReMiCNet_R04,ref3 + ReMiC-Net R04,0,cross_test_0002,cross,1.0159211241716626,30.296388284410693,0.49206048379454664,0.0018653119914233685,0.268722742999671,0.0019093230075668544,0.268722742999671,/home/superws/2026_Projects/Codex_reference_plane_real/exp/task_real_struc_002b_film_variant_search/20260516_104031/per_sample_metrics.csv
T06_ref3_plus_ReMiCNet_R04,ref3 + ReMiC-Net R04,0,cross_test_0003,cross,0.9939071697174535,27.659442569823444,0.3529600862936885,0.0032892506569623947,0.43117757006257307,0.0019294619996799156,0.43117757006257307,/home/superws/2026_Projects/Codex_reference_plane_real/exp/task_real_struc_002b_film_variant_search/20260516_104031/per_sample_metrics.csv
T06_ref3_plus_ReMiCNet_R04,ref3 + ReMiC-Net R04,0,cross_test_0004,cross,0.9957328491444073,27.884260880062357,0.3645330422951477,0.0032401829957962036,0.38388194686558563,0.001906331002828665,0.38388194686558563,/home/superws/2026_Projects/Codex_reference_plane_real/exp/task_real_struc_002b_film_variant_search/20260516_104031/per_sample_metrics.csv
T06_ref3_plus_ReMiCNet_R04,ref3 + ReMiC-Net R04,0,cross_test_0005,cross,1.0228173582086848,31.066730965956904,0.5367642892613631,0.0021937948185950518,0.30126232118345797,0.001907469006255269,0.30126232118345797,/home/superws/2026_Projects/Codex_reference_plane_real/exp/task_real_struc_002b_film_variant_search/20260516_104031/per_sample_metrics.csv
T06_ref3_plus_ReMiCNet_R04,ref3 + ReMiC-Net R04,0,cross_test_0006,cross,0.9998176024618917,28.7210348865247,0.40162836059579643,0.0022237387020140886,0.30746200401335955,0.0019038280006498098,0.30746200401335955,/home/superws/2026_Projects/Codex_reference_plane_real/exp/task_real_struc_002b_film_variant_search/20260516_104031/per_sample_metrics.csv
T06_ref3_plus_ReMiCNet_R04,ref3 + ReMiC-Net R04,0,cross_test_0007,cross,1.0358233916775221,33.778467473371244,0.682711646857556,0.001294599613174796,0.31360371789196506,0.0019652899936772883,0.31360371789196506,/home/superws/2026_Projects/Codex_reference_plane_real/exp/task_real_struc_002b_film_variant_search/20260516_104031/per_sample_metrics.csv
T06_ref3_plus_ReMiCNet_R04,ref3 + ReMiC-Net R04,0,cross_test_0008,cross,0.984374168618174,28.03443207623463,0.3788330700815426,0.003304541576653719,0.279075293961796,0.0019209949969081208,0.279075293961796,/home/superws/2026_Projects/Codex_reference_plane_real/exp/task_real_struc_002b_film_variant_search/20260516_104031/per_sample_metrics.csv
T06_ref3_plus_ReMiCNet_R04,ref3 + ReMiC-Net R04,0,cross_test_0009,cross,1.0258274220520107,32.76885650829705,0.6311277993767723,0.0013997455826029181,0.29423954100639094,0.001901172989164479,0.29423954100639094,/home/superws/2026_Projects/Codex_reference_plane_real/exp/task_real_struc_002b_film_variant_search/20260516_104031/per_sample_metrics.csv
T06_ref3_plus_ReMiCNet_R04,ref3 + ReMiC-Net R04,0,cross_test_0010,cross,1.0319449592212568,31.910951247162885,0.5835707064339712,0.0018160237232223153,0.5841678120486904,0.0019111309957224876,0.5841678120486904,/home/superws/2026_Projects/Codex_reference_plane_real/exp/task_real_struc_002b_film_variant_search/20260516_104031/per_sample_metrics.csv
T06_ref3_plus_ReMiCNet_R04,ref3 + ReMiC-Net R04,0,cross_test_0011,cross,1.015603596394764,27.24691695232494,0.3322808081840997,0.004114508628845215,0.2976539811497787,0.001894672997877933,0.2976539811497787,/home/superws/2026_Projects/Codex_reference_plane_real/exp/task_real_struc_002b_film_variant_search/20260516_104031/per_sample_metrics.csv
T06_ref3_plus_ReMiCNet_R04,ref3 + ReMiC-Net R04,0,cross_test_0012,cross,1.0213502184728007,31.574856025715896,0.5658369367946057,0.0017452766187489033,0.35720223194221035,0.001967357995454222,0.35720223194221035,/home/superws/2026_Projects/Codex_reference_plane_real/exp/task_real_struc_002b_film_variant_search/20260516_104031/per_sample_metrics.csv
T06_ref3_plus_ReMiCNet_R04,ref3 + ReMiC-Net R04,0,cross_test_0013,cross,1.0166363722160996,31.59058429021624,0.5682515948090735,0.002021585591137409,0.5739341999724275,0.001919287009513937,0.5739341999724275,/home/superws/2026_Projects/Codex_reference_plane_real/exp/task_real_struc_002b_film_variant_search/20260516_104031/per_sample_metrics.csv
T06_ref3_plus_ReMiCNet_R04,ref3 + ReMiC-Net R04,0,cross_test_0014,cross,0.9996010074094946,27.705257446261626,0.3477077517861467,0.002694321796298027,0.24937850206333678,0.0019526899995980784,0.24937850206333678,/home/superws/2026_Projects/Codex_reference_plane_real/exp/task_real_struc_002b_film_variant_search/20260516_104031/per_sample_metrics.csv
T06_ref3_plus_ReMiCNet_R04,ref3 + ReMiC-Net R04,0,L_shape_test_0000,L-shape,1.0011887132590147,26.167014681278545,0.2756300464933014,0.004280946683138609,0.32584208613843657,0.001893829001346603,0.32584208613843657,/home/superws/2026_Projects/Codex_reference_plane_real/exp/task_real_struc_002b_film_variant_search/20260516_104031/per_sample_metrics.csv
T06_ref3_plus_ReMiCNet_R04,ref3 + ReMiC-Net R04,0,L_shape_test_0001,L-shape,1.003975517527812,27.64622240665348,0.3411498973300245,0.0026943183038383722,0.47529972188931424,0.001912863997858949,0.47529972188931424,/home/superws/2026_Projects/Codex_reference_plane_real/exp/task_real_struc_002b_film_variant_search/20260516_104031/per_sample_metrics.csv
T06_ref3_plus_ReMiCNet_R04,ref3 + ReMiC-Net R04,0,L_shape_test_0002,L-shape,1.0089899387519365,27.24205234560046,0.3264293400097488,0.0037486786022782326,0.30057291596313007,0.001887440012069419,0.30057291596313007,/home/superws/2026_Projects/Codex_reference_plane_real/exp/task_real_struc_002b_film_variant_search/20260516_104031/per_sample_metrics.csv
T06_ref3_plus_ReMiCNet_R04,ref3 + ReMiC-Net R04,0,L_shape_test_0003,L-shape,1.0040867239120221,27.470586536483623,0.3338738843565583,0.0032680255826562643,0.3239067300892202,0.001969796998309903,0.3239067300892202,/home/superws/2026_Projects/Codex_reference_plane_real/exp/task_real_struc_002b_film_variant_search/20260516_104031/per_sample_metrics.csv
T06_ref3_plus_ReMiCNet_R04,ref3 + ReMiC-Net R04,0,L_shape_test_0004,L-shape,0.9979028545407939,25.78950220984747,0.2508566617071779,0.0042691002599895,0.7651049680134747,0.0018901879957411438,0.7651049680134747,/home/superws/2026_Projects/Codex_reference_plane_real/exp/task_real_struc_002b_film_variant_search/20260516_104031/per_sample_metrics.csv
T06_ref3_plus_ReMiCNet_R04,ref3 + ReMiC-Net R04,0,L_shape_test_0005,L-shape,1.003884429873917,27.122882190634673,0.316852248469465,0.0033070913050323725,0.2919378358783433,0.001909722006530501,0.2919378358783433,/home/superws/2026_Projects/Codex_reference_plane_real/exp/task_real_struc_002b_film_variant_search/20260516_104031/per_sample_metrics.csv
T06_ref3_plus_ReMiCNet_R04,ref3 + ReMiC-Net R04,0,L_shape_test_0006,L-shape,1.0120713412472242,31.1089691129489,0.5388651713688933,0.0016411112155765295,0.2740495148464106,0.0019597079954110086,0.2740495148464106,/home/superws/2026_Projects/Codex_reference_plane_real/exp/task_real_struc_002b_film_variant_search/20260516_104031/per_sample_metrics.csv
T06_ref3_plus_ReMiCNet_R04,ref3 + ReMiC-Net R04,0,L_shape_test_0007,L-shape,0.9983927699608517,27.006507131969194,0.3132259318302516,0.003640958573669195,0.3539371458609821,0.001967453004908748,0.3539371458609821,/home/superws/2026_Projects/Codex_reference_plane_real/exp/task_real_struc_002b_film_variant_search/20260516_104031/per_sample_metrics.csv
T06_ref3_plus_ReMiCNet_R04,ref3 + ReMiC-Net R04,0,L_shape_test_0008,L-shape,1.0049676449390033,30.452887644962917,0.5029944278481279,0.0019062586361542344,0.25287067495810334,0.001892610001959838,0.25287067495810334,/home/superws/2026_Projects/Codex_reference_plane_real/exp/task_real_struc_002b_film_variant_search/20260516_104031/per_sample_metrics.csv
T06_ref3_plus_ReMiCNet_R04,ref3 + ReMiC-Net R04,0,L_shape_test_0009,L-shape,1.0038484694752725,26.38655821212959,0.27860525325780955,0.003976660314947367,0.6724856829241617,0.0019598619983298704,0.6724856829241617,/home/superws/2026_Projects/Codex_reference_plane_real/exp/task_real_struc_002b_film_variant_search/20260516_104031/per_sample_metrics.csv
T06_ref3_plus_ReMiCNet_R04,ref3 + ReMiC-Net R04,0,L_shape_test_0010,L-shape,1.0094729416586132,30.561505431199393,0.5092001393765584,0.0019110703142359853,0.3523501879826654,0.0018995330028701574,0.3523501879826654,/home/superws/2026_Projects/Codex_reference_plane_real/exp/task_real_struc_002b_film_variant_search/20260516_104031/per_sample_metrics.csv
T06_ref3_plus_ReMiCNet_R04,ref3 + ReMiC-Net R04,0,L_shape_test_0011,L-shape,1.0280948046516765,33.25951207180645,0.6560771197204063,0.00120949384290725,0.2325289260916179,0.001921873990795575,0.2325289260916179,/home/superws/2026_Projects/Codex_reference_plane_real/exp/task_real_struc_002b_film_variant_search/20260516_104031/per_sample_metrics.csv
T06_ref3_plus_ReMiCNet_R04,ref3 + ReMiC-Net R04,0,L_shape_test_0012,L-shape,0.9976607515459962,26.768510062250424,0.2985609321239154,0.0033701767679303885,0.5062873220449546,0.00191099000221584,0.5062873220449546,/home/superws/2026_Projects/Codex_reference_plane_real/exp/task_real_struc_002b_film_variant_search/20260516_104031/per_sample_metrics.csv
T06_ref3_plus_ReMiCNet_R04,ref3 + ReMiC-Net R04,0,L_shape_test_0013,L-shape,0.9998844567944787,27.262695276472098,0.32285488700205117,0.0033190737012773752,0.49069419904844835,0.001913301006425172,0.49069419904844835,/home/superws/2026_Projects/Codex_reference_plane_real/exp/task_real_struc_002b_film_variant_search/20260516_104031/per_sample_metrics.csv
T06_ref3_plus_ReMiCNet_R04,ref3 + ReMiC-Net R04,0,L_shape_test_0014,L-shape,1.01996614891812,32.106940165916534,0.5950739911810498,0.001602074014954269,0.2591086780448677,0.00195342100050766,0.2591086780448677,/home/superws/2026_Projects/Codex_reference_plane_real/exp/task_real_struc_002b_film_variant_search/20260516_104031/per_sample_metrics.csv
T06_ref3_plus_ReMiCNet_R04,ref3 + ReMiC-Net R04,0,L_shape_test_0015,L-shape,0.9970737555472577,25.87835059855307,0.25570798397541505,0.003945303149521351,0.379513053005212,0.001967381002032198,0.379513053005212,/home/superws/2026_Projects/Codex_reference_plane_real/exp/task_real_struc_002b_film_variant_search/20260516_104031/per_sample_metrics.csv
T06_ref3_plus_ReMiCNet_R04,ref3 + ReMiC-Net R04,0,L_shape_test_0016,L-shape,0.996433298447156,27.426271635606994,0.33315993941363675,0.0031941041816025972,0.4308937619352946,0.0019614939956227317,0.4308937619352946,/home/superws/2026_Projects/Codex_reference_plane_real/exp/task_real_struc_002b_film_variant_search/20260516_104031/per_sample_metrics.csv
T06_ref3_plus_ReMiCNet_R04,ref3 + ReMiC-Net R04,0,L_shape_test_0017,L-shape,1.0050704164338016,26.27815655906645,0.27309808862597673,0.004004930146038532,0.3978969260060694,0.0019117860065307468,0.3978969260060694,/home/superws/2026_Projects/Codex_reference_plane_real/exp/task_real_struc_002b_film_variant_search/20260516_104031/per_sample_metrics.csv
T06_ref3_plus_ReMiCNet_R04,ref3 + ReMiC-Net R04,0,L_shape_test_0018,L-shape,1.0015140721985423,26.193082761755363,0.26488245634403046,0.003835910465568304,0.5490222989610629,0.0020160160056548193,0.5490222989610629,/home/superws/2026_Projects/Codex_reference_plane_real/exp/task_real_struc_002b_film_variant_search/20260516_104031/per_sample_metrics.csv
T06_ref3_plus_ReMiCNet_R04,ref3 + ReMiC-Net R04,0,L_shape_test_0019,L-shape,1.044727644011941,33.13997757441876,0.6490705075800581,0.0015643646474927664,0.4622144040768035,0.001951329002622515,0.4622144040768035,/home/superws/2026_Projects/Codex_reference_plane_real/exp/task_real_struc_002b_film_variant_search/20260516_104031/per_sample_metrics.csv
T06_ref3_plus_ReMiCNet_R04,ref3 + ReMiC-Net R04,0,double_line_test_0000,double-line,1.0037308174094308,26.21639409781149,0.2659799340055365,0.0034594337921589613,0.2991696000099182,0.0019349500071257353,0.2991696000099182,/home/superws/2026_Projects/Codex_reference_plane_real/exp/task_real_struc_002b_film_variant_search/20260516_104031/per_sample_metrics.csv
T06_ref3_plus_ReMiCNet_R04,ref3 + ReMiC-Net R04,0,double_line_test_0001,double-line,1.0043672180364709,26.618184975827425,0.29846676719085186,0.004213008098304272,0.4928712789551355,0.001979949011001736,0.4928712789551355,/home/superws/2026_Projects/Codex_reference_plane_real/exp/task_real_struc_002b_film_variant_search/20260516_104031/per_sample_metrics.csv
T06_ref3_plus_ReMiCNet_R04,ref3 + ReMiC-Net R04,0,double_line_test_0002,double-line,1.0199059017463403,31.160230001691332,0.5402296555245533,0.0015763221308588982,0.2490111801889725,0.002056316996458918,0.2490111801889725,/home/superws/2026_Projects/Codex_reference_plane_real/exp/task_real_struc_002b_film_variant_search/20260516_104031/per_sample_metrics.csv
T06_ref3_plus_ReMiCNet_R04,ref3 + ReMiC-Net R04,0,double_line_test_0003,double-line,1.00142189226101,25.621117475702498,0.2343594885843931,0.004206978715956211,0.40402525088575203,0.0019495290034683421,0.40402525088575203,/home/superws/2026_Projects/Codex_reference_plane_real/exp/task_real_struc_002b_film_variant_search/20260516_104031/per_sample_metrics.csv
T06_ref3_plus_ReMiCNet_R04,ref3 + ReMiC-Net R04,0,double_line_test_0004,double-line,0.9782488824985773,25.990629825804895,0.2708934368556093,0.00431993929669261,0.48610753084358294,0.0019259230030002072,0.48610753084358294,/home/superws/2026_Projects/Codex_reference_plane_real/exp/task_real_struc_002b_film_variant_search/20260516_104031/per_sample_metrics.csv
T06_ref3_plus_ReMiCNet_R04,ref3 + ReMiC-Net R04,0,double_line_test_0005,double-line,1.0065914177828985,25.965765633819725,0.25158252697225525,0.0037248556036502123,0.32644243985123467,0.0019328420021338388,0.32644243985123467,/home/superws/2026_Projects/Codex_reference_plane_real/exp/task_real_struc_002b_film_variant_search/20260516_104031/per_sample_metrics.csv
T06_ref3_plus_ReMiCNet_R04,ref3 + ReMiC-Net R04,0,double_line_test_0006,double-line,0.9963074982790948,25.3188420478473,0.24370094867898676,0.005112943705171347,0.47975935909198597,0.0019074529991485178,0.47975935909198597,/home/superws/2026_Projects/Codex_reference_plane_real/exp/task_real_struc_002b_film_variant_search/20260516_104031/per_sample_metrics.csv
T06_ref3_plus_ReMiCNet_R04,ref3 + ReMiC-Net R04,0,double_line_test_0007,double-line,1.027226151330225,31.82574595232985,0.5783375435036232,0.0018127701478078961,0.3069242379569914,0.0019678160024341196,0.3069242379569914,/home/superws/2026_Projects/Codex_reference_plane_real/exp/task_real_struc_002b_film_variant_search/20260516_104031/per_sample_metrics.csv
T06_ref3_plus_ReMiCNet_R04,ref3 + ReMiC-Net R04,0,double_line_test_0008,double-line,1.0112231254043236,28.319023869208756,0.38093599871960526,0.0029319217428565025,2.5183096098771784,0.001913671992952004,2.5183096098771784,/home/superws/2026_Projects/Codex_reference_plane_real/exp/task_real_struc_002b_film_variant_search/20260516_104031/per_sample_metrics.csv
T06_ref3_plus_ReMiCNet_R04,ref3 + ReMiC-Net R04,0,double_line_test_0009,double-line,1.0030898102659958,27.956653971886443,0.35727092210661365,0.002845223294571042,0.5696856287686387,0.0019203199917683378,0.5696856287686387,/home/superws/2026_Projects/Codex_reference_plane_real/exp/task_real_struc_002b_film_variant_search/20260516_104031/per_sample_metrics.csv
T06_ref3_plus_ReMiCNet_R04,ref3 + ReMiC-Net R04,0,double_line_test_0010,double-line,0.9935406010957285,26.368687213928016,0.28046301364492904,0.003728720359504223,0.5146728400868597,0.0019138979987474158,0.5146728400868597,/home/superws/2026_Projects/Codex_reference_plane_real/exp/task_real_struc_002b_film_variant_search/20260516_104031/per_sample_metrics.csv
T06_ref3_plus_ReMiCNet_R04,ref3 + ReMiC-Net R04,0,double_line_test_0011,double-line,1.004501000207773,27.962694403542407,0.3555305817619358,0.0026870672591030598,0.31642097697476856,0.001931261009303853,0.31642097697476856,/home/superws/2026_Projects/Codex_reference_plane_real/exp/task_real_struc_002b_film_variant_search/20260516_104031/per_sample_metrics.csv
T06_ref3_plus_ReMiCNet_R04,ref3 + ReMiC-Net R04,0,double_line_test_0012,double-line,1.006655683067326,30.619965771915318,0.5107364299367539,0.0018563190242275596,0.47609702390036546,0.0019141660013701767,0.47609702390036546,/home/superws/2026_Projects/Codex_reference_plane_real/exp/task_real_struc_002b_film_variant_search/20260516_104031/per_sample_metrics.csv
T06_ref3_plus_ReMiCNet_R04,ref3 + ReMiC-Net R04,0,double_line_test_0013,double-line,0.9939067335022664,25.038942809459893,0.21390291786886856,0.0047615207731723785,0.468405033898307,0.001958470995305106,0.468405033898307,/home/superws/2026_Projects/Codex_reference_plane_real/exp/task_real_struc_002b_film_variant_search/20260516_104031/per_sample_metrics.csv
T06_ref3_plus_ReMiCNet_R04,ref3 + ReMiC-Net R04,0,double_line_test_0014,double-line,0.9995423918999752,25.77995568526174,0.25732986594492857,0.004733314272016287,0.3540185058664065,0.0019002170010935515,0.3540185058664065,/home/superws/2026_Projects/Codex_reference_plane_real/exp/task_real_struc_002b_film_variant_search/20260516_104031/per_sample_metrics.csv
T06_ref3_plus_ReMiCNet_R04,ref3 + ReMiC-Net R04,0,small_rect_edge_test_0000,small_rect_edge,1.0032047790538177,29.874972102843316,0.4701275335614806,0.0018415192607790232,0.20362274814397097,0.0019402829930186272,0.20362274814397097,/home/superws/2026_Projects/Codex_reference_plane_real/exp/task_real_struc_002b_film_variant_search/20260516_104031/per_sample_metrics.csv
T06_ref3_plus_ReMiCNet_R04,ref3 + ReMiC-Net R04,0,small_rect_edge_test_0001,small_rect_edge,1.0179917370544023,30.719726738797974,0.5157128407012538,0.0018165867077186704,0.24287401509354822,0.001957908010808751,0.24287401509354822,/home/superws/2026_Projects/Codex_reference_plane_real/exp/task_real_struc_002b_film_variant_search/20260516_104031/per_sample_metrics.csv
T06_ref3_plus_ReMiCNet_R04,ref3 + ReMiC-Net R04,0,small_rect_edge_test_0002,small_rect_edge,1.0072123807200501,27.69062833037117,0.34372197588877906,0.0026122601702809334,0.28095784489414655,0.001980169996386394,0.28095784489414655,/home/superws/2026_Projects/Codex_reference_plane_real/exp/task_real_struc_002b_film_variant_search/20260516_104031/per_sample_metrics.csv
T06_ref3_plus_ReMiCNet_R04,ref3 + ReMiC-Net R04,0,small_rect_edge_test_0003,small_rect_edge,1.0136003585515811,30.450510960155817,0.5013060303751525,0.0020094963256269693,0.2921334000857314,0.001915407003252767,0.2921334000857314,/home/superws/2026_Projects/Codex_reference_plane_real/exp/task_real_struc_002b_film_variant_search/20260516_104031/per_sample_metrics.csv
T06_ref3_plus_ReMiCNet_R04,ref3 + ReMiC-Net R04,0,small_rect_edge_test_0004,small_rect_edge,1.0248329894220445,29.044826272586555,0.4257131286755872,0.0029907766729593277,0.30618117496487685,0.0019907329988200217,0.30618117496487685,/home/superws/2026_Projects/Codex_reference_plane_real/exp/task_real_struc_002b_film_variant_search/20260516_104031/per_sample_metrics.csv
T06_ref3_plus_ReMiCNet_R04,ref3 + ReMiC-Net R04,0,small_rect_edge_test_0005,small_rect_edge,1.017170720721569,29.38777917510645,0.4511674216554444,0.0022311049979180098,0.2979106579441577,0.0019759649876505136,0.2979106579441577,/home/superws/2026_Projects/Codex_reference_plane_real/exp/task_real_struc_002b_film_variant_search/20260516_104031/per_sample_metrics.csv
T06_ref3_plus_ReMiCNet_R04,ref3 + ReMiC-Net R04,0,small_rect_edge_test_0006,small_rect_edge,1.009336152615658,29.92481356023077,0.47094366804507165,0.0020442709792405367,0.2913774229527917,0.001959282992174849,0.2913774229527917,/home/superws/2026_Projects/Codex_reference_plane_real/exp/task_real_struc_002b_film_variant_search/20260516_104031/per_sample_metrics.csv
T06_ref3_plus_ReMiCNet_R04,ref3 + ReMiC-Net R04,0,small_rect_edge_test_0007,small_rect_edge,1.0136324925124631,29.018876011480774,0.41687360561536063,0.0020787077955901623,0.26550226283143274,0.0018965420022141188,0.26550226283143274,/home/superws/2026_Projects/Codex_reference_plane_real/exp/task_real_struc_002b_film_variant_search/20260516_104031/per_sample_metrics.csv
T06_ref3_plus_ReMiCNet_R04,ref3 + ReMiC-Net R04,0,small_rect_edge_test_0008,small_rect_edge,1.0321384667149127,28.284797402660352,0.37879399422515503,0.0031007016077637672,0.28283974684018176,0.001908491991343908,0.28283974684018176,/home/superws/2026_Projects/Codex_reference_plane_real/exp/task_real_struc_002b_film_variant_search/20260516_104031/per_sample_metrics.csv
T06_ref3_plus_ReMiCNet_R04,ref3 + ReMiC-Net R04,0,small_rect_edge_test_0009,small_rect_edge,1.0151803131179802,30.830380998374686,0.5225664943247582,0.0017761245835572481,0.26322400706703775,0.0019090620044153184,0.26322400706703775,/home/superws/2026_Projects/Codex_reference_plane_real/exp/task_real_struc_002b_film_variant_search/20260516_104031/per_sample_metrics.csv
T06_ref3_plus_ReMiCNet_R04,ref3 + ReMiC-Net R04,0,point_cluster_test_0000,point_cluster,1.0357547018852948,32.76575541966234,0.6784352808773406,0.0014605894684791565,0.44957776289083995,0.0021792810002807528,0.44957776289083995,/home/superws/2026_Projects/Codex_reference_plane_real/exp/task_real_struc_002b_film_variant_search/20260516_104031/per_sample_metrics.csv
T06_ref3_plus_ReMiCNet_R04,ref3 + ReMiC-Net R04,0,point_cluster_test_0001,point_cluster,1.0096751815020404,31.629351359487764,0.5730402895748776,0.0020164577290415764,0.3897723349946318,0.0019668780005304143,0.3897723349946318,/home/superws/2026_Projects/Codex_reference_plane_real/exp/task_real_struc_002b_film_variant_search/20260516_104031/per_sample_metrics.csv
T06_ref3_plus_ReMiCNet_R04,ref3 + ReMiC-Net R04,0,point_cluster_test_0002,point_cluster,1.0722723574541424,35.30258748869556,0.7510830986184036,0.001331509556621313,0.23126659804256633,0.0019639169913716614,0.23126659804256633,/home/superws/2026_Projects/Codex_reference_plane_real/exp/task_real_struc_002b_film_variant_search/20260516_104031/per_sample_metrics.csv
T06_ref3_plus_ReMiCNet_R04,ref3 + ReMiC-Net R04,0,point_cluster_test_0003,point_cluster,1.0823990192860373,35.520216977423836,0.7600103544968164,0.001236387644894421,0.35444485500920564,0.0019877339946106076,0.35444485500920564,/home/superws/2026_Projects/Codex_reference_plane_real/exp/task_real_struc_002b_film_variant_search/20260516_104031/per_sample_metrics.csv
T06_ref3_plus_ReMiCNet_R04,ref3 + ReMiC-Net R04,0,point_cluster_test_0004,point_cluster,1.011576882613258,31.368400486994517,0.5580660901125623,0.002150503220036626,0.3444801669975277,0.0018986320064868778,0.3444801669975277,/home/superws/2026_Projects/Codex_reference_plane_real/exp/task_real_struc_002b_film_variant_search/20260516_104031/per_sample_metrics.csv
T06_ref3_plus_ReMiCNet_R04,ref3 + ReMiC-Net R04,0,point_cluster_test_0005,point_cluster,1.0266846527742903,31.25158077418675,0.547585341056843,0.002067785942927003,0.2596800041355891,0.001911259998450987,0.2596800041355891,/home/superws/2026_Projects/Codex_reference_plane_real/exp/task_real_struc_002b_film_variant_search/20260516_104031/per_sample_metrics.csv
T06_ref3_plus_ReMiCNet_R04,ref3 + ReMiC-Net R04,0,point_cluster_test_0006,point_cluster,1.0830691995119481,34.7214187878305,0.7547651167658722,0.0012653219746425748,0.5395758909144206,0.001914995998959057,0.5395758909144206,/home/superws/2026_Projects/Codex_reference_plane_real/exp/task_real_struc_002b_film_variant_search/20260516_104031/per_sample_metrics.csv
T06_ref3_plus_ReMiCNet_R04,ref3 + ReMiC-Net R04,0,point_cluster_test_0007,point_cluster,1.1076632010501322,35.16403556066136,0.7710355042709297,0.001349998521618545,0.26194089713681024,0.0018892660009441897,0.26194089713681024,/home/superws/2026_Projects/Codex_reference_plane_real/exp/task_real_struc_002b_film_variant_search/20260516_104031/per_sample_metrics.csv
T06_ref3_plus_ReMiCNet_R04,ref3 + ReMiC-Net R04,0,point_cluster_test_0008,point_cluster,1.0645077181309424,34.478553375659295,0.7146376683244329,0.001488015754148364,0.2598131388804177,0.001957507003680803,0.2598131388804177,/home/superws/2026_Projects/Codex_reference_plane_real/exp/task_real_struc_002b_film_variant_search/20260516_104031/per_sample_metrics.csv
T06_ref3_plus_ReMiCNet_R04,ref3 + ReMiC-Net R04,0,point_cluster_test_0009,point_cluster,1.0494690373276176,35.869719230918214,0.8175054997506674,0.0010163001716136932,0.35848137307038996,0.0019519300112733617,0.35848137307038996,/home/superws/2026_Projects/Codex_reference_plane_real/exp/task_real_struc_002b_film_variant_search/20260516_104031/per_sample_metrics.csv
T06_ref3_plus_ReMiCNet_R04,ref3 + ReMiC-Net R04,0,point_cluster_test_0010,point_cluster,1.0139957742763772,31.222289752535218,0.547366743290283,0.002120658755302429,0.39783968108531553,0.001912196006742306,0.39783968108531553,/home/superws/2026_Projects/Codex_reference_plane_real/exp/task_real_struc_002b_film_variant_search/20260516_104031/per_sample_metrics.csv
T06_ref3_plus_ReMiCNet_R04,ref3 + ReMiC-Net R04,0,point_cluster_test_0011,point_cluster,1.1304387098149313,34.37457825575989,0.7061387142161771,0.001763880718499422,0.2669823430478573,0.0018938099965453148,0.2669823430478573,/home/superws/2026_Projects/Codex_reference_plane_real/exp/task_real_struc_002b_film_variant_search/20260516_104031/per_sample_metrics.csv
T06_ref3_plus_ReMiCNet_R04,ref3 + ReMiC-Net R04,0,point_cluster_test_0012,point_cluster,1.0594158356282617,33.404081935787616,0.6636416701937022,0.0017177609261125326,0.31260709585330915,0.001918314999784343,0.31260709585330915,/home/superws/2026_Projects/Codex_reference_plane_real/exp/task_real_struc_002b_film_variant_search/20260516_104031/per_sample_metrics.csv
T06_ref3_plus_ReMiCNet_R04,ref3 + ReMiC-Net R04,0,point_cluster_test_0013,point_cluster,1.0827486633454289,32.015340135002006,0.5843864448394116,0.0024496305268257856,0.35705920298642013,0.001990069999010302,0.35705920298642013,/home/superws/2026_Projects/Codex_reference_plane_real/exp/task_real_struc_002b_film_variant_search/20260516_104031/per_sample_metrics.csv
T06_ref3_plus_ReMiCNet_R04,ref3 + ReMiC-Net R04,0,point_cluster_test_0014,point_cluster,1.067948322471575,33.976251541487336,0.6903561851528756,0.0013109801802784204,0.23942098781117238,0.001913854997837916,0.23942098781117238,/home/superws/2026_Projects/Codex_reference_plane_real/exp/task_real_struc_002b_film_variant_search/20260516_104031/per_sample_metrics.csv
T06_ref3_plus_ReMiCNet_R04,ref3 + ReMiC-Net R04,0,point_cluster_test_0015,point_cluster,1.09705143054969,33.9935147187886,0.6906523128211077,0.0015371277695521712,0.3146774368797196,0.0018869929917855188,0.3146774368797196,/home/superws/2026_Projects/Codex_reference_plane_real/exp/task_real_struc_002b_film_variant_search/20260516_104031/per_sample_metrics.csv
T06_ref3_plus_ReMiCNet_R04,ref3 + ReMiC-Net R04,0,point_cluster_test_0016,point_cluster,1.0176691762212993,31.80263060742447,0.6101651699100061,0.001873160945251584,0.4701299239095533,0.0019188739970559254,0.4701299239095533,/home/superws/2026_Projects/Codex_reference_plane_real/exp/task_real_struc_002b_film_variant_search/20260516_104031/per_sample_metrics.csv
T06_ref3_plus_ReMiCNet_R04,ref3 + ReMiC-Net R04,0,point_cluster_test_0017,point_cluster,1.1501730408610686,35.53907688257722,0.8383118637951913,0.0011667021317407489,0.22559927696420345,0.001906887991935946,0.22559927696420345,/home/superws/2026_Projects/Codex_reference_plane_real/exp/task_real_struc_002b_film_variant_search/20260516_104031/per_sample_metrics.csv
T06_ref3_plus_ReMiCNet_R04,ref3 + ReMiC-Net R04,0,point_cluster_test_0018,point_cluster,1.1248117228080825,35.22484551626233,0.7666697697171099,0.0014631855301558971,0.35159415696398355,0.0018921169976238161,0.35159415696398355,/home/superws/2026_Projects/Codex_reference_plane_real/exp/task_real_struc_002b_film_variant_search/20260516_104031/per_sample_metrics.csv
T06_ref3_plus_ReMiCNet_R04,ref3 + ReMiC-Net R04,0,point_cluster_test_0019,point_cluster,1.0422418317000617,34.71419148984503,0.7266202329948233,0.0011141343275085092,0.49541725395829417,0.0019683220016304404,0.49541725395829417,/home/superws/2026_Projects/Codex_reference_plane_real/exp/task_real_struc_002b_film_variant_search/20260516_104031/per_sample_metrics.csv
T06_ref3_plus_ReMiCNet_R04,ref3 + ReMiC-Net R04,1,line_test_0000,line,0.9842142825923624,30.91011717309702,0.526356287406186,0.0011898481752723455,0.4465999081003247,0.0018986500072060153,0.4465999081003247,/home/superws/2026_Projects/Codex_reference_plane_real/exp/task_real_struc_002b_film_variant_search/20260516_104031/per_sample_metrics.csv
T06_ref3_plus_ReMiCNet_R04,ref3 + ReMiC-Net R04,1,line_test_0001,line,0.980193384752942,25.9971067293446,0.2599796178438794,0.003352964296936989,0.5885978848091327,0.0019882500055246055,0.5885978848091327,/home/superws/2026_Projects/Codex_reference_plane_real/exp/task_real_struc_002b_film_variant_search/20260516_104031/per_sample_metrics.csv
T06_ref3_plus_ReMiCNet_R04,ref3 + ReMiC-Net R04,1,line_test_0002,line,0.9783713660068561,30.297262833056987,0.49420747417817384,0.0014739884063601494,0.2630377089808462,0.0019224629941163585,0.2630377089808462,/home/superws/2026_Projects/Codex_reference_plane_real/exp/task_real_struc_002b_film_variant_search/20260516_104031/per_sample_metrics.csv
T06_ref3_plus_ReMiCNet_R04,ref3 + ReMiC-Net R04,1,line_test_0003,line,0.9844948105651936,33.9789808968398,0.6954034472712755,0.0008251752587966621,0.4069940220360877,0.001939538007718511,0.4069940220360877,/home/superws/2026_Projects/Codex_reference_plane_real/exp/task_real_struc_002b_film_variant_search/20260516_104031/per_sample_metrics.csv
T06_ref3_plus_ReMiCNet_R04,ref3 + ReMiC-Net R04,1,line_test_0004,line,0.9887651771708219,36.687475061770634,0.8080473466418444,0.0004096315533388406,0.2887975040503079,0.0019116629991913214,0.2887975040503079,/home/superws/2026_Projects/Codex_reference_plane_real/exp/task_real_struc_002b_film_variant_search/20260516_104031/per_sample_metrics.csv
T06_ref3_plus_ReMiCNet_R04,ref3 + ReMiC-Net R04,1,line_test_0005,line,0.9861793495724315,32.477451653270116,0.615276240821094,0.0008143306476995349,0.27818565095367376,0.0019241660047555342,0.27818565095367376,/home/superws/2026_Projects/Codex_reference_plane_real/exp/task_real_struc_002b_film_variant_search/20260516_104031/per_sample_metrics.csv
T06_ref3_plus_ReMiCNet_R04,ref3 + ReMiC-Net R04,1,line_test_0006,line,0.9896367736518795,31.644282902045585,0.5699981093004827,0.0010101540246978402,0.5748388778883964,0.001918938010931015,0.5748388778883964,/home/superws/2026_Projects/Codex_reference_plane_real/exp/task_real_struc_002b_film_variant_search/20260516_104031/per_sample_metrics.csv
T06_ref3_plus_ReMiCNet_R04,ref3 + ReMiC-Net R04,1,line_test_0007,line,0.9785005966425152,29.883291224555787,0.4797248994413285,0.0013820333406329155,0.42628046817844734,0.001946364005561918,0.42628046817844734,/home/superws/2026_Projects/Codex_reference_plane_real/exp/task_real_struc_002b_film_variant_search/20260516_104031/per_sample_metrics.csv
T06_ref3_plus_ReMiCNet_R04,ref3 + ReMiC-Net R04,1,line_test_0008,line,0.9860552237805045,25.88173352160236,0.2509358410045102,0.003064611693844199,0.27171959994302597,0.0019553199963411316,0.27171959994302597,/home/superws/2026_Projects/Codex_reference_plane_real/exp/task_real_struc_002b_film_variant_search/20260516_104031/per_sample_metrics.csv
T06_ref3_plus_ReMiCNet_R04,ref3 + ReMiC-Net R04,1,line_test_0009,line,0.9824414885103413,30.283752851247293,0.49190553629440076,0.0013018494937568903,0.37631960480939597,0.0019456750014796853,0.37631960480939597,/home/superws/2026_Projects/Codex_reference_plane_real/exp/task_real_struc_002b_film_variant_search/20260516_104031/per_sample_metrics.csv
T06_ref3_plus_ReMiCNet_R04,ref3 + ReMiC-Net R04,1,line_test_0010,line,0.9827111007593784,32.49541688399121,0.6166847495422891,0.0008705338113941252,0.4693427940510446,0.001973063001059927,0.4693427940510446,/home/superws/2026_Projects/Codex_reference_plane_real/exp/task_real_struc_002b_film_variant_search/20260516_104031/per_sample_metrics.csv
T06_ref3_plus_ReMiCNet_R04,ref3 + ReMiC-Net R04,1,line_test_0011,line,0.9933942068686878,27.775673175437696,0.34638359558894116,0.002139585791155696,0.271627606038237,0.0019225610012654215,0.271627606038237,/home/superws/2026_Projects/Codex_reference_plane_real/exp/task_real_struc_002b_film_variant_search/20260516_104031/per_sample_metrics.csv
T06_ref3_plus_ReMiCNet_R04,ref3 + ReMiC-Net R04,1,line_test_0012,line,0.9822261583011789,29.75980447119195,0.46175649433863536,0.001438741572201252,0.3960611470101867,0.0019202149996999651,0.3960611470101867,/home/superws/2026_Projects/Codex_reference_plane_real/exp/task_real_struc_002b_film_variant_search/20260516_104031/per_sample_metrics.csv
T06_ref3_plus_ReMiCNet_R04,ref3 + ReMiC-Net R04,1,line_test_0013,line,0.9751467304365645,27.123035773190825,0.3365956845706021,0.0023473023902624846,0.27850770408986136,0.001991914992686361,0.27850770408986136,/home/superws/2026_Projects/Codex_reference_plane_real/exp/task_real_struc_002b_film_variant_search/20260516_104031/per_sample_metrics.csv
T06_ref3_plus_ReMiCNet_R04,ref3 + ReMiC-Net R04,1,line_test_0014,line,0.9899414013228387,34.873866031987966,0.7348730189300364,0.0005287495441734791,0.19597863691160455,0.0019590689917095006,0.19597863691160455,/home/superws/2026_Projects/Codex_reference_plane_real/exp/task_real_struc_002b_film_variant_search/20260516_104031/per_sample_metrics.csv
T06_ref3_plus_ReMiCNet_R04,ref3 + ReMiC-Net R04,1,line_test_0015,line,0.9872298469472478,35.44491310028454,0.7603558720837869,0.0005327753606252372,0.22089822396810632,0.0019112719892291352,0.22089822396810632,/home/superws/2026_Projects/Codex_reference_plane_real/exp/task_real_struc_002b_film_variant_search/20260516_104031/per_sample_metrics.csv
T06_ref3_plus_ReMiCNet_R04,ref3 + ReMiC-Net R04,1,line_test_0016,line,0.974994989656799,28.3129866967555,0.3818682437970712,0.0020653405226767063,0.34992311407404486,0.001990292003029026,0.34992311407404486,/home/superws/2026_Projects/Codex_reference_plane_real/exp/task_real_struc_002b_film_variant_search/20260516_104031/per_sample_metrics.csv
T06_ref3_plus_ReMiCNet_R04,ref3 + ReMiC-Net R04,1,line_test_0017,line,1.0585365559278486,31.847944278270283,0.5797443866721183,0.0009604163933545351,0.21398229003534652,0.0019617789948824793,0.21398229003534652,/home/superws/2026_Projects/Codex_reference_plane_real/exp/task_real_struc_002b_film_variant_search/20260516_104031/per_sample_metrics.csv
T06_ref3_plus_ReMiCNet_R04,ref3 + ReMiC-Net R04,1,line_test_0018,line,0.9810335131012391,29.451765065248363,0.443213359617741,0.0016262064455077052,0.29320783192815725,0.0019054419972235337,0.29320783192815725,/home/superws/2026_Projects/Codex_reference_plane_real/exp/task_real_struc_002b_film_variant_search/20260516_104031/per_sample_metrics.csv
T06_ref3_plus_ReMiCNet_R04,ref3 + ReMiC-Net R04,1,line_test_0019,line,0.9778332130660455,29.3984410535399,0.44817645375878473,0.0014904742129147053,0.26781764393672347,0.0019265830051153898,0.26781764393672347,/home/superws/2026_Projects/Codex_reference_plane_real/exp/task_real_struc_002b_film_variant_search/20260516_104031/per_sample_metrics.csv
T06_ref3_plus_ReMiCNet_R04,ref3 + ReMiC-Net R04,1,cross_test_0000,cross,0.9754531318756741,32.288300495482645,0.6081180818049611,0.001141009503044188,0.27488958719186485,0.0019147919956594706,0.27488958719186485,/home/superws/2026_Projects/Codex_reference_plane_real/exp/task_real_struc_002b_film_variant_search/20260516_104031/per_sample_metrics.csv
T06_ref3_plus_ReMiCNet_R04,ref3 + ReMiC-Net R04,1,cross_test_0001,cross,0.9820503847917623,26.57933629531758,0.2844041570597808,0.0030040836427360773,0.3673875570675591,0.0019011889962712303,0.3673875570675591,/home/superws/2026_Projects/Codex_reference_plane_real/exp/task_real_struc_002b_film_variant_search/20260516_104031/per_sample_metrics.csv
T06_ref3_plus_ReMiCNet_R04,ref3 + ReMiC-Net R04,1,cross_test_0002,cross,0.9904194274001151,30.406796796619417,0.4978968405257611,0.0012580796610563993,0.26898547299788333,0.002172053005779162,0.26898547299788333,/home/superws/2026_Projects/Codex_reference_plane_real/exp/task_real_struc_002b_film_variant_search/20260516_104031/per_sample_metrics.csv
T06_ref3_plus_ReMiCNet_R04,ref3 + ReMiC-Net R04,1,cross_test_0003,cross,0.9826307017334327,27.708997466764856,0.3459383642902179,0.00239410693757236,0.43134067207574844,0.0020925640128552914,0.43134067207574844,/home/superws/2026_Projects/Codex_reference_plane_real/exp/task_real_struc_002b_film_variant_search/20260516_104031/per_sample_metrics.csv
T06_ref3_plus_ReMiCNet_R04,ref3 + ReMiC-Net R04,1,cross_test_0004,cross,0.9811523197968999,27.948324875217597,0.35796168873044726,0.0022924880031496286,0.3838665688672336,0.0018909530044766143,0.3838665688672336,/home/superws/2026_Projects/Codex_reference_plane_real/exp/task_real_struc_002b_film_variant_search/20260516_104031/per_sample_metrics.csv
T06_ref3_plus_ReMiCNet_R04,ref3 + ReMiC-Net R04,1,cross_test_0005,cross,0.9826183916677907,31.240863104552968,0.5481360868602634,0.0013356658164411783,0.30127470518345945,0.0019198530062567443,0.30127470518345945,/home/superws/2026_Projects/Codex_reference_plane_real/exp/task_real_struc_002b_film_variant_search/20260516_104031/per_sample_metrics.csv
T06_ref3_plus_ReMiCNet_R04,ref3 + ReMiC-Net R04,1,cross_test_0006,cross,0.9803717642033977,28.806334770480106,0.4055578818406383,0.001712443889118731,0.30746295700373594,0.0019047809910262004,0.30746295700373594,/home/superws/2026_Projects/Codex_reference_plane_real/exp/task_real_struc_002b_film_variant_search/20260516_104031/per_sample_metrics.csv
T06_ref3_plus_ReMiCNet_R04,ref3 + ReMiC-Net R04,1,cross_test_0007,cross,0.9877146337956674,33.985009494689955,0.6932670369275278,0.0006702773971483111,0.3135912998986896,0.0019528720004018396,0.3135912998986896,/home/superws/2026_Projects/Codex_reference_plane_real/exp/task_real_struc_002b_film_variant_search/20260516_104031/per_sample_metrics.csv
T06_ref3_plus_ReMiCNet_R04,ref3 + ReMiC-Net R04,1,cross_test_0008,cross,0.9723936332307652,28.087613037444477,0.3726152041967703,0.002406420186161995,0.27906707796500996,0.0019127790001221001,0.27906707796500996,/home/superws/2026_Projects/Codex_reference_plane_real/exp/task_real_struc_002b_film_variant_search/20260516_104031/per_sample_metrics.csv
T06_ref3_plus_ReMiCNet_R04,ref3 + ReMiC-Net R04,1,cross_test_0009,cross,0.9865757920566472,32.93829489172017,0.640559706432408,0.0007513574091717601,0.29430904901528265,0.0019706809980561957,0.29430904901528265,/home/superws/2026_Projects/Codex_reference_plane_real/exp/task_real_struc_002b_film_variant_search/20260516_104031/per_sample_metrics.csv
T06_ref3_plus_ReMiCNet_R04,ref3 + ReMiC-Net R04,1,cross_test_0010,cross,0.976259402915635,32.15186425770942,0.5995306152017563,0.0010229621548205614,0.5842247000546195,0.0019680190016515553,0.5842247000546195,/home/superws/2026_Projects/Codex_reference_plane_real/exp/task_real_struc_002b_film_variant_search/20260516_104031/per_sample_metrics.csv
T06_ref3_plus_ReMiCNet_R04,ref3 + ReMiC-Net R04,1,cross_test_0011,cross,0.9717479752307583,27.43862269066099,0.33920598295667603,0.0027588645461946726,0.29766104715235997,0.0019017390004592016,0.29766104715235997,/home/superws/2026_Projects/Codex_reference_plane_real/exp/task_real_struc_002b_film_variant_search/20260516_104031/per_sample_metrics.csv
T06_ref3_plus_ReMiCNet_R04,ref3 + ReMiC-Net R04,1,cross_test_0012,cross,0.9705317753737797,31.796505436090207,0.5809524134993519,0.0010382399195805192,0.3571411769516999,0.0019063030049437657,0.3571411769516999,/home/superws/2026_Projects/Codex_reference_plane_real/exp/task_real_struc_002b_film_variant_search/20260516_104031/per_sample_metrics.csv
T06_ref3_plus_ReMiCNet_R04,ref3 + ReMiC-Net R04,1,cross_test_0013,cross,0.9772865971004296,31.762021147956013,0.5794473093136323,0.0012451809598132968,0.5739161769597558,0.0019012639968423173,0.5739161769597558,/home/superws/2026_Projects/Codex_reference_plane_real/exp/task_real_struc_002b_film_variant_search/20260516_104031/per_sample_metrics.csv
T06_ref3_plus_ReMiCNet_R04,ref3 + ReMiC-Net R04,1,cross_test_0014,cross,0.9829431683962975,27.778240169103547,0.3492941163824358,0.002051417948678136,0.24938827907317318,0.0019624670094344765,0.24938827907317318,/home/superws/2026_Projects/Codex_reference_plane_real/exp/task_real_struc_002b_film_variant_search/20260516_104031/per_sample_metrics.csv
T06_ref3_plus_ReMiCNet_R04,ref3 + ReMiC-Net R04,1,L_shape_test_0000,L-shape,0.9826545018628213,26.248165776041606,0.273504493289076,0.0032075403723865747,0.3258841511415085,0.0019358940044185147,0.3258841511415085,/home/superws/2026_Projects/Codex_reference_plane_real/exp/task_real_struc_002b_film_variant_search/20260516_104031/per_sample_metrics.csv
T06_ref3_plus_ReMiCNet_R04,ref3 + ReMiC-Net R04,1,L_shape_test_0001,L-shape,0.9784408778524929,27.75810772319465,0.34967764969692555,0.0021428095642477274,0.4752950918918941,0.0019082340004388243,0.4752950918918941,/home/superws/2026_Projects/Codex_reference_plane_real/exp/task_real_struc_002b_film_variant_search/20260516_104031/per_sample_metrics.csv
T06_ref3_plus_ReMiCNet_R04,ref3 + ReMiC-Net R04,1,L_shape_test_0002,L-shape,0.9715273113781198,27.40637063361223,0.33572359635636867,0.0026394922751933336,0.3006539339403389,0.0019684579892782494,0.3006539339403389,/home/superws/2026_Projects/Codex_reference_plane_real/exp/task_real_struc_002b_film_variant_search/20260516_104031/per_sample_metrics.csv
T06_ref3_plus_ReMiCNet_R04,ref3 + ReMiC-Net R04,1,L_shape_test_0003,L-shape,0.9806931815455551,27.572967355031576,0.33780792302562407,0.002496897242963314,0.3238502500898903,0.001913316998980008,0.3238502500898903,/home/superws/2026_Projects/Codex_reference_plane_real/exp/task_real_struc_002b_film_variant_search/20260516_104031/per_sample_metrics.csv
T06_ref3_plus_ReMiCNet_R04,ref3 + ReMiC-Net R04,1,L_shape_test_0004,L-shape,0.9844536560096315,25.848432010187203,0.2495380736450924,0.0034812921658158302,0.7651380390161648,0.0019232589984312654,0.7651380390161648,/home/superws/2026_Projects/Codex_reference_plane_real/exp/task_real_struc_002b_film_variant_search/20260516_104031/per_sample_metrics.csv
T06_ref3_plus_ReMiCNet_R04,ref3 + ReMiC-Net R04,1,L_shape_test_0005,L-shape,0.9849030324332209,27.205784686040253,0.3187101616705795,0.0025197742506861687,0.2920047038787743,0.0019765900069614872,0.2920047038787743,/home/superws/2026_Projects/Codex_reference_plane_real/exp/task_real_struc_002b_film_variant_search/20260516_104031/per_sample_metrics.csv
T06_ref3_plus_ReMiCNet_R04,ref3 + ReMiC-Net R04,1,L_shape_test_0006,L-shape,0.9854910645881756,31.224553669760397,0.5448305270116446,0.0011087220627814531,0.2739856318512466,0.0018958250002469867,0.2739856318512466,/home/superws/2026_Projects/Codex_reference_plane_real/exp/task_real_struc_002b_film_variant_search/20260516_104031/per_sample_metrics.csv
T06_ref3_plus_ReMiCNet_R04,ref3 + ReMiC-Net R04,1,L_shape_test_0007,L-shape,0.9794895459521199,27.08952352765573,0.3128738696896842,0.002783257747069001,0.3538821578549687,0.0019124649988953024,0.3538821578549687,/home/superws/2026_Projects/Codex_reference_plane_real/exp/task_real_struc_002b_film_variant_search/20260516_104031/per_sample_metrics.csv
T06_ref3_plus_ReMiCNet_R04,ref3 + ReMiC-Net R04,1,L_shape_test_0008,L-shape,0.9870082660958456,30.53120067132111,0.5050390688727524,0.00126529554836452,0.2529386589594651,0.001960594003321603,0.2529386589594651,/home/superws/2026_Projects/Codex_reference_plane_real/exp/task_real_struc_002b_film_variant_search/20260516_104031/per_sample_metrics.csv
T06_ref3_plus_ReMiCNet_R04,ref3 + ReMiC-Net R04,1,L_shape_test_0009,L-shape,0.9700160403623985,26.535450731252176,0.29102537915477755,0.0031534091103821993,0.6724377099308185,0.0019118890049867332,0.6724377099308185,/home/superws/2026_Projects/Codex_reference_plane_real/exp/task_real_struc_002b_film_variant_search/20260516_104031/per_sample_metrics.csv
T06_ref3_plus_ReMiCNet_R04,ref3 + ReMiC-Net R04,1,L_shape_test_0010,L-shape,0.9811570653494973,30.68506677124409,0.5159447038687136,0.0012604257790371776,0.3523645449895412,0.0019138900097459555,0.3523645449895412,/home/superws/2026_Projects/Codex_reference_plane_real/exp/task_real_struc_002b_film_variant_search/20260516_104031/per_sample_metrics.csv
T06_ref3_plus_ReMiCNet_R04,ref3 + ReMiC-Net R04,1,L_shape_test_0011,L-shape,0.9914089894299556,33.417315242369,0.6644156432375926,0.0007293486269190907,0.23260681210376788,0.00199976000294555,0.23260681210376788,/home/superws/2026_Projects/Codex_reference_plane_real/exp/task_real_struc_002b_film_variant_search/20260516_104031/per_sample_metrics.csv
T06_ref3_plus_ReMiCNet_R04,ref3 + ReMiC-Net R04,1,L_shape_test_0012,L-shape,0.9865556005488956,26.81712319711246,0.2963373429507408,0.0027238966431468725,0.506303544039838,0.0019272119970992208,0.506303544039838,/home/superws/2026_Projects/Codex_reference_plane_real/exp/task_real_struc_002b_film_variant_search/20260516_104031/per_sample_metrics.csv
T06_ref3_plus_ReMiCNet_R04,ref3 + ReMiC-Net R04,1,L_shape_test_0013,L-shape,0.9860506370117635,27.32320114016225,0.3219543929735391,0.002642239211127162,0.49069933903228957,0.0019184409902663901,0.49069933903228957,/home/superws/2026_Projects/Codex_reference_plane_real/exp/task_real_struc_002b_film_variant_search/20260516_104031/per_sample_metrics.csv
T06_ref3_plus_ReMiCNet_R04,ref3 + ReMiC-Net R04,1,L_shape_test_0014,L-shape,0.9915787204527651,32.229526015578415,0.6005984022643209,0.0009550916729494929,0.2590632490464486,0.0019079920020885766,0.2590632490464486,/home/superws/2026_Projects/Codex_reference_plane_real/exp/task_real_struc_002b_film_variant_search/20260516_104031/per_sample_metrics.csv
T06_ref3_plus_ReMiCNet_R04,ref3 + ReMiC-Net R04,1,L_shape_test_0015,L-shape,0.9793817672198571,25.956103478304705,0.2583910207436695,0.003264153376221657,0.3794497839990072,0.0019041119958274066,0.3794497839990072,/home/superws/2026_Projects/Codex_reference_plane_real/exp/task_real_struc_002b_film_variant_search/20260516_104031/per_sample_metrics.csv
T06_ref3_plus_ReMiCNet_R04,ref3 + ReMiC-Net R04,1,L_shape_test_0016,L-shape,0.9857398826843332,27.473130507991872,0.33027458600833254,0.0025336910039186478,0.43082422294537537,0.001891955005703494,0.43082422294537537,/home/superws/2026_Projects/Codex_reference_plane_real/exp/task_real_struc_002b_film_variant_search/20260516_104031/per_sample_metrics.csv
T06_ref3_plus_ReMiCNet_R04,ref3 + ReMiC-Net R04,1,L_shape_test_0017,L-shape,0.9800761345281601,26.387523300664878,0.2782464902585974,0.0031387386843562126,0.3979517469997518,0.0019666070002131164,0.3979517469997518,/home/superws/2026_Projects/Codex_reference_plane_real/exp/task_real_struc_002b_film_variant_search/20260516_104031/per_sample_metrics.csv
T06_ref3_plus_ReMiCNet_R04,ref3 + ReMiC-Net R04,1,L_shape_test_0018,L-shape,0.9846240521807668,26.26694924643944,0.2668741428843204,0.0031980457715690136,0.5489554949599551,0.0019492120045470074,0.5489554949599551,/home/superws/2026_Projects/Codex_reference_plane_real/exp/task_real_struc_002b_film_variant_search/20260516_104031/per_sample_metrics.csv
T06_ref3_plus_ReMiCNet_R04,ref3 + ReMiC-Net R04,1,L_shape_test_0019,L-shape,0.9829131750420805,33.40485672630015,0.6654796102962482,0.0008056705119088292,0.46220374006952625,0.001940664995345287,0.46220374006952625,/home/superws/2026_Projects/Codex_reference_plane_real/exp/task_real_struc_002b_film_variant_search/20260516_104031/per_sample_metrics.csv
T06_ref3_plus_ReMiCNet_R04,ref3 + ReMiC-Net R04,1,double_line_test_0000,double-line,0.9842084083977978,26.301695988534284,0.27120801943045625,0.002888505579903722,0.299163514006068,0.001928864003275521,0.299163514006068,/home/superws/2026_Projects/Codex_reference_plane_real/exp/task_real_struc_002b_film_variant_search/20260516_104031/per_sample_metrics.csv
T06_ref3_plus_ReMiCNet_R04,ref3 + ReMiC-Net R04,1,double_line_test_0001,double-line,0.988091174796185,26.689140357752656,0.2951427638612079,0.0032250359654426575,0.4928560059342999,0.0019646759901661426,0.4928560059342999,/home/superws/2026_Projects/Codex_reference_plane_real/exp/task_real_struc_002b_film_variant_search/20260516_104031/per_sample_metrics.csv
T06_ref3_plus_ReMiCNet_R04,ref3 + ReMiC-Net R04,1,double_line_test_0002,double-line,0.9998994535381557,31.24626763947439,0.5441685607541094,0.0011603665770962834,0.24887114818557166,0.0019162849930580705,0.24887114818557166,/home/superws/2026_Projects/Codex_reference_plane_real/exp/task_real_struc_002b_film_variant_search/20260516_104031/per_sample_metrics.csv
T06_ref3_plus_ReMiCNet_R04,ref3 + ReMiC-Net R04,1,double_line_test_0003,double-line,0.976388401722699,25.73106202942515,0.245849679945473,0.003807193599641323,0.4040008838783251,0.0019251619960414246,0.4040008838783251,/home/superws/2026_Projects/Codex_reference_plane_real/exp/task_real_struc_002b_film_variant_search/20260516_104031/per_sample_metrics.csv
T06_ref3_plus_ReMiCNet_R04,ref3 + ReMiC-Net R04,1,double_line_test_0004,double-line,0.9811371641007789,25.977826075940705,0.255116335989269,0.0035521630197763443,0.48616283283627126,0.0019812249956885353,0.48616283283627126,/home/superws/2026_Projects/Codex_reference_plane_real/exp/task_real_struc_002b_film_variant_search/20260516_104031/per_sample_metrics.csv
T06_ref3_plus_ReMiCNet_R04,ref3 + ReMiC-Net R04,1,double_line_test_0005,double-line,0.9999377930077955,25.994568140438687,0.2509727321505111,0.0032696945127099752,0.3264881198556395,0.0019785220065386966,0.3264881198556395,/home/superws/2026_Projects/Codex_reference_plane_real/exp/task_real_struc_002b_film_variant_search/20260516_104031/per_sample_metrics.csv
T06_ref3_plus_ReMiCNet_R04,ref3 + ReMiC-Net R04,1,double_line_test_0006,double-line,0.9712232792828156,25.429585416355213,0.24500987691157905,0.004046704154461622,0.4797698120964924,0.0019179060036549345,0.4797698120964924,/home/superws/2026_Projects/Codex_reference_plane_real/exp/task_real_struc_002b_film_variant_search/20260516_104031/per_sample_metrics.csv
T06_ref3_plus_ReMiCNet_R04,ref3 + ReMiC-Net R04,1,double_line_test_0007,double-line,0.9788213351792584,32.03537261592113,0.5931211001837277,0.0011481103720143437,0.3069238529569702,0.0019674310024129227,0.3069238529569702,/home/superws/2026_Projects/Codex_reference_plane_real/exp/task_real_struc_002b_film_variant_search/20260516_104031/per_sample_metrics.csv
T06_ref3_plus_ReMiCNet_R04,ref3 + ReMiC-Net R04,1,double_line_test_0008,double-line,0.9946724285386118,28.390693280669417,0.380469471673028,0.0020340948831290007,2.5183015508955577,0.0019056130113312975,2.5183015508955577,/home/superws/2026_Projects/Codex_reference_plane_real/exp/task_real_struc_002b_film_variant_search/20260516_104031/per_sample_metrics.csv
T06_ref3_plus_ReMiCNet_R04,ref3 + ReMiC-Net R04,1,double_line_test_0009,double-line,0.9778978880733988,28.06711699458999,0.3644478126513407,0.0022765081375837326,0.569669198783231,0.001903890006360598,0.569669198783231,/home/superws/2026_Projects/Codex_reference_plane_real/exp/task_real_struc_002b_film_variant_search/20260516_104031/per_sample_metrics.csv
T06_ref3_plus_ReMiCNet_R04,ref3 + ReMiC-Net R04,1,double_line_test_0010,double-line,0.9830037393080209,26.41499196956508,0.2770493537641507,0.0030167505610734224,0.5147425560862757,0.0019836139981634915,0.5147425560862757,/home/superws/2026_Projects/Codex_reference_plane_real/exp/task_real_struc_002b_film_variant_search/20260516_104031/per_sample_metrics.csv
T06_ref3_plus_ReMiCNet_R04,ref3 + ReMiC-Net R04,1,double_line_test_0011,double-line,0.9871116982395148,28.038535281743016,0.3593443544721462,0.0022679464891552925,0.31641235695860814,0.0019226409931434318,0.31641235695860814,/home/superws/2026_Projects/Codex_reference_plane_real/exp/task_real_struc_002b_film_variant_search/20260516_104031/per_sample_metrics.csv
T06_ref3_plus_ReMiCNet_R04,ref3 + ReMiC-Net R04,1,double_line_test_0012,double-line,0.9761497614398589,30.753610581306503,0.5186966369397984,0.0013386394130066037,0.4761402318981709,0.0019573739991756156,0.4761402318981709,/home/superws/2026_Projects/Codex_reference_plane_real/exp/task_real_struc_002b_film_variant_search/20260516_104031/per_sample_metrics.csv
T06_ref3_plus_ReMiCNet_R04,ref3 + ReMiC-Net R04,1,double_line_test_0013,double-line,0.9828715047816181,25.08743141906979,0.21360499264161575,0.004220877308398485,0.4683597589028068,0.0019131959998048842,0.4683597589028068,/home/superws/2026_Projects/Codex_reference_plane_real/exp/task_real_struc_002b_film_variant_search/20260516_104031/per_sample_metrics.csv
T06_ref3_plus_ReMiCNet_R04,ref3 + ReMiC-Net R04,1,double_line_test_0014,double-line,0.9842965475848482,25.846708256989924,0.252151758195794,0.0036406605504453182,0.3540232918749098,0.0019050030095968395,0.3540232918749098,/home/superws/2026_Projects/Codex_reference_plane_real/exp/task_real_struc_002b_film_variant_search/20260516_104031/per_sample_metrics.csv
T06_ref3_plus_ReMiCNet_R04,ref3 + ReMiC-Net R04,1,small_rect_edge_test_0000,small_rect_edge,0.9941268468211877,29.914450003647623,0.46947771324096327,0.0012913666432723403,0.20358246014802717,0.0018999949970748276,0.20358246014802717,/home/superws/2026_Projects/Codex_reference_plane_real/exp/task_real_struc_002b_film_variant_search/20260516_104031/per_sample_metrics.csv
T06_ref3_plus_ReMiCNet_R04,ref3 + ReMiC-Net R04,1,small_rect_edge_test_0001,small_rect_edge,0.9741156538845317,30.91106399502663,0.530241213617796,0.001222071936354041,0.24287111607554834,0.001955008992808871,0.24287111607554834,/home/superws/2026_Projects/Codex_reference_plane_real/exp/task_real_struc_002b_film_variant_search/20260516_104031/per_sample_metrics.csv
T06_ref3_plus_ReMiCNet_R04,ref3 + ReMiC-Net R04,1,small_rect_edge_test_0002,small_rect_edge,1.0014396508974752,27.71559104618889,0.3452877466040447,0.0021791313774883747,0.28094691690057516,0.001969242002815008,0.28094691690057516,/home/superws/2026_Projects/Codex_reference_plane_real/exp/task_real_struc_002b_film_variant_search/20260516_104031/per_sample_metrics.csv
T06_ref3_plus_ReMiCNet_R04,ref3 + ReMiC-Net R04,1,small_rect_edge_test_0003,small_rect_edge,0.976729202739074,30.61143691628624,0.512776938604168,0.0013606763677671552,0.29213421409076545,0.0019162210082868114,0.29213421409076545,/home/superws/2026_Projects/Codex_reference_plane_real/exp/task_real_struc_002b_film_variant_search/20260516_104031/per_sample_metrics.csv
T06_ref3_plus_ReMiCNet_R04,ref3 + ReMiC-Net R04,1,small_rect_edge_test_0004,small_rect_edge,0.9792678441469314,29.242342120318572,0.43751835396193867,0.001915500033646822,0.3061625979753444,0.0019721560092875734,0.3061625979753444,/home/superws/2026_Projects/Codex_reference_plane_real/exp/task_real_struc_002b_film_variant_search/20260516_104031/per_sample_metrics.csv
T06_ref3_plus_ReMiCNet_R04,ref3 + ReMiC-Net R04,1,small_rect_edge_test_0005,small_rect_edge,0.994899747545031,29.483924695899315,0.45473964891398616,0.0015363214770331979,0.29787164795561694,0.0019369549991097301,0.29787164795561694,/home/superws/2026_Projects/Codex_reference_plane_real/exp/task_real_struc_002b_film_variant_search/20260516_104031/per_sample_metrics.csv
T06_ref3_plus_ReMiCNet_R04,ref3 + ReMiC-Net R04,1,small_rect_edge_test_0006,small_rect_edge,0.9827467801113006,30.040755560901715,0.47773862738738576,0.0014314736472442746,0.2913298899657093,0.0019117500050924718,0.2913298899657093,/home/superws/2026_Projects/Codex_reference_plane_real/exp/task_real_struc_002b_film_variant_search/20260516_104031/per_sample_metrics.csv
T06_ref3_plus_ReMiCNet_R04,ref3 + ReMiC-Net R04,1,small_rect_edge_test_0007,small_rect_edge,0.994686381710848,29.100819633680803,0.41965449011700057,0.0016174212796613574,0.2658324298245134,0.002226708995294757,0.2658324298245134,/home/superws/2026_Projects/Codex_reference_plane_real/exp/task_real_struc_002b_film_variant_search/20260516_104031/per_sample_metrics.csv
T06_ref3_plus_ReMiCNet_R04,ref3 + ReMiC-Net R04,1,small_rect_edge_test_0008,small_rect_edge,0.99085297026131,28.462084745834137,0.3901537683650536,0.002024970715865493,0.2828389168425929,0.0019076619937550277,0.2828389168425929,/home/superws/2026_Projects/Codex_reference_plane_real/exp/task_real_struc_002b_film_variant_search/20260516_104031/per_sample_metrics.csv
T06_ref3_plus_ReMiCNet_R04,ref3 + ReMiC-Net R04,1,small_rect_edge_test_0009,small_rect_edge,0.9867366324671437,30.953800402177073,0.5297330974161332,0.0011915514478459954,0.26322938506200444,0.0019144399993820116,0.26322938506200444,/home/superws/2026_Projects/Codex_reference_plane_real/exp/task_real_struc_002b_film_variant_search/20260516_104031/per_sample_metrics.csv
T06_ref3_plus_ReMiCNet_R04,ref3 + ReMiC-Net R04,1,point_cluster_test_0000,point_cluster,0.9853854766115404,32.98226292026873,0.6905762875352097,0.0008046342991292477,0.4493639488937333,0.001965467003174126,0.4493639488937333,/home/superws/2026_Projects/Codex_reference_plane_real/exp/task_real_struc_002b_film_variant_search/20260516_104031/per_sample_metrics.csv
T06_ref3_plus_ReMiCNet_R04,ref3 + ReMiC-Net R04,1,point_cluster_test_0001,point_cluster,0.9844468289730955,31.73924569214759,0.5769344426974709,0.0013153781183063984,0.3897064639895689,0.001901006995467469,0.3897064639895689,/home/superws/2026_Projects/Codex_reference_plane_real/exp/task_real_struc_002b_film_variant_search/20260516_104031/per_sample_metrics.csv
T06_ref3_plus_ReMiCNet_R04,ref3 + ReMiC-Net R04,1,point_cluster_test_0002,point_cluster,1.008477782492582,35.56897526692006,0.7654118965797387,0.0006148679531179368,0.23131219304923434,0.0020095119980396703,0.23131219304923434,/home/superws/2026_Projects/Codex_reference_plane_real/exp/task_real_struc_002b_film_variant_search/20260516_104031/per_sample_metrics.csv
T06_ref3_plus_ReMiCNet_R04,ref3 + ReMiC-Net R04,1,point_cluster_test_0003,point_cluster,0.9861867875689049,35.924498877505464,0.7797911162598244,0.0005143377929925919,0.35441592801362276,0.001958806999027729,0.35441592801362276,/home/superws/2026_Projects/Codex_reference_plane_real/exp/task_real_struc_002b_film_variant_search/20260516_104031/per_sample_metrics.csv
T06_ref3_plus_ReMiCNet_R04,ref3 + ReMiC-Net R04,1,point_cluster_test_0004,point_cluster,0.9843053750890427,31.48709078588871,0.5625472715280447,0.0013313944218680263,0.344491529991501,0.0019099950004601851,0.344491529991501,/home/superws/2026_Projects/Codex_reference_plane_real/exp/task_real_struc_002b_film_variant_search/20260516_104031/per_sample_metrics.csv
T06_ref3_plus_ReMiCNet_R04,ref3 + ReMiC-Net R04,1,point_cluster_test_0005,point_cluster,0.9904253928011503,31.407733713197672,0.5561275501866909,0.001212600152939558,0.25967206012865063,0.0019033159915124997,0.25967206012865063,/home/superws/2026_Projects/Codex_reference_plane_real/exp/task_real_struc_002b_film_variant_search/20260516_104031/per_sample_metrics.csv
T06_ref3_plus_ReMiCNet_R04,ref3 + ReMiC-Net R04,1,point_cluster_test_0006,point_cluster,1.0034448702673389,35.05304584064695,0.7709289052649979,0.0005557955009862781,0.5395559009193676,0.001895006003906019,0.5395559009193676,/home/superws/2026_Projects/Codex_reference_plane_real/exp/task_real_struc_002b_film_variant_search/20260516_104031/per_sample_metrics.csv
T06_ref3_plus_ReMiCNet_R04,ref3 + ReMiC-Net R04,1,point_cluster_test_0007,point_cluster,0.9960829627047985,35.62515771953285,0.7936701423008877,0.0005505643202923238,0.26196809313842095,0.0019164620025549084,0.26196809313842095,/home/superws/2026_Projects/Codex_reference_plane_real/exp/task_real_struc_002b_film_variant_search/20260516_104031/per_sample_metrics.csv
T06_ref3_plus_ReMiCNet_R04,ref3 + ReMiC-Net R04,1,point_cluster_test_0008,point_cluster,0.9898090805175549,34.79452731162973,0.7320019861971191,0.0006634541205130517,0.2597499568655621,0.0018943249888252467,0.2597499568655621,/home/superws/2026_Projects/Codex_reference_plane_real/exp/task_real_struc_002b_film_variant_search/20260516_104031/per_sample_metrics.csv
T06_ref3_plus_ReMiCNet_R04,ref3 + ReMiC-Net R04,1,point_cluster_test_0009,point_cluster,0.9939426111816116,36.10580254801542,0.8264476735957605,0.0004409730318002403,0.3584394980571233,0.0019100549980066717,0.3584394980571233,/home/superws/2026_Projects/Codex_reference_plane_real/exp/task_real_struc_002b_film_variant_search/20260516_104031/per_sample_metrics.csv
T06_ref3_plus_ReMiCNet_R04,ref3 + ReMiC-Net R04,1,point_cluster_test_0010,point_cluster,0.989645726054562,31.327853642821935,0.5508055239518899,0.0012966764625161886,0.3979033370851539,0.0019758520065806806,0.3979033370851539,/home/superws/2026_Projects/Codex_reference_plane_real/exp/task_real_struc_002b_film_variant_search/20260516_104031/per_sample_metrics.csv
T06_ref3_plus_ReMiCNet_R04,ref3 + ReMiC-Net R04,1,point_cluster_test_0011,point_cluster,0.9861107611490302,34.96779129406809,0.7403705122918512,0.0006769339088350534,0.26703879605338443,0.001950263002072461,0.26703879605338443,/home/superws/2026_Projects/Codex_reference_plane_real/exp/task_real_struc_002b_film_variant_search/20260516_104031/per_sample_metrics.csv
T06_ref3_plus_ReMiCNet_R04,ref3 + ReMiC-Net R04,1,point_cluster_test_0012,point_cluster,0.9950190921196612,33.67643240178795,0.6783065675750063,0.0008115150267258286,0.31259206085815094,0.00190328000462614,0.31259206085815094,/home/superws/2026_Projects/Codex_reference_plane_real/exp/task_real_struc_002b_film_variant_search/20260516_104031/per_sample_metrics.csv
T06_ref3_plus_ReMiCNet_R04,ref3 + ReMiC-Net R04,1,point_cluster_test_0013,point_cluster,1.0068644470115236,32.3309066473471,0.6079865081160049,0.00136178033426404,0.3570420679898234,0.0019729350024135783,0.3570420679898234,/home/superws/2026_Projects/Codex_reference_plane_real/exp/task_real_struc_002b_film_variant_search/20260516_104031/per_sample_metrics.csv
T06_ref3_plus_ReMiCNet_R04,ref3 + ReMiC-Net R04,1,point_cluster_test_0014,point_cluster,0.9897184585526556,34.306637020600824,0.7093017944356759,0.000615396595094353,0.23945805281982757,0.0019509200064931065,0.23945805281982757,/home/superws/2026_Projects/Codex_reference_plane_real/exp/task_real_struc_002b_film_variant_search/20260516_104031/per_sample_metrics.csv
T06_ref3_plus_ReMiCNet_R04,ref3 + ReMiC-Net R04,1,point_cluster_test_0015,point_cluster,0.9792035631725079,34.48705499442,0.7193164719466308,0.0007095382898114622,0.3146955898992019,0.0019051460112677887,0.3146955898992019,/home/superws/2026_Projects/Codex_reference_plane_real/exp/task_real_struc_002b_film_variant_search/20260516_104031/per_sample_metrics.csv
T06_ref3_plus_ReMiCNet_R04,ref3 + ReMiC-Net R04,1,point_cluster_test_0016,point_cluster,0.9924448473675571,31.911633029383076,0.6142611437094544,0.001144827576354146,0.47018765890970826,0.0019766089972108603,0.47018765890970826,/home/superws/2026_Projects/Codex_reference_plane_real/exp/task_real_struc_002b_film_variant_search/20260516_104031/per_sample_metrics.csv
T06_ref3_plus_ReMiCNet_R04,ref3 + ReMiC-Net R04,1,point_cluster_test_0017,point_cluster,1.0398325491120748,35.97707453856234,0.8550328750507152,0.00046939984895288944,0.2256467809784226,0.0019543920061551034,0.2256467809784226,/home/superws/2026_Projects/Codex_reference_plane_real/exp/task_real_struc_002b_film_variant_search/20260516_104031/per_sample_metrics.csv
T06_ref3_plus_ReMiCNet_R04,ref3 + ReMiC-Net R04,1,point_cluster_test_0018,point_cluster,0.9924100553281856,35.76873244773712,0.7937023446559546,0.0005833260947838426,0.3516153049567947,0.0019132649904349819,0.3516153049567947,/home/superws/2026_Projects/Codex_reference_plane_real/exp/task_real_struc_002b_film_variant_search/20260516_104031/per_sample_metrics.csv
T06_ref3_plus_ReMiCNet_R04,ref3 + ReMiC-Net R04,1,point_cluster_test_0019,point_cluster,0.9894604850682497,34.93989179402258,0.738101919384228,0.0005594867980107665,0.49532790295779705,0.0018789710011333227,0.49532790295779705,/home/superws/2026_Projects/Codex_reference_plane_real/exp/task_real_struc_002b_film_variant_search/20260516_104031/per_sample_metrics.csv
T06_ref3_plus_ReMiCNet_R04,ref3 + ReMiC-Net R04,2,line_test_0000,line,0.9922243178265365,30.874914918564826,0.5227624232402339,0.0012465663021430373,0.4466184201010037,0.0019171620078850538,0.4466184201010037,/home/superws/2026_Projects/Codex_reference_plane_real/exp/task_real_struc_002b_film_variant_search/20260516_104031/per_sample_metrics.csv
T06_ref3_plus_ReMiCNet_R04,ref3 + ReMiC-Net R04,2,line_test_0001,line,0.995466926374661,25.92995611874297,0.24745959345436708,0.003290274180471897,0.5885500018048333,0.0019403670012252405,0.5885500018048333,/home/superws/2026_Projects/Codex_reference_plane_real/exp/task_real_struc_002b_film_variant_search/20260516_104031/per_sample_metrics.csv
T06_ref3_plus_ReMiCNet_R04,ref3 + ReMiC-Net R04,2,line_test_0002,line,0.993376737225924,30.231160444130623,0.4854931909656098,0.001439544023014605,0.26308142398193013,0.001966177995200269,0.26308142398193013,/home/superws/2026_Projects/Codex_reference_plane_real/exp/task_real_struc_002b_film_variant_search/20260516_104031/per_sample_metrics.csv
T06_ref3_plus_ReMiCNet_R04,ref3 + ReMiC-Net R04,2,line_test_0003,line,0.9949196892916294,33.93323496544002,0.6911089046985557,0.0008098644320853055,0.4069495200383244,0.00189503600995522,0.4069495200383244,/home/superws/2026_Projects/Codex_reference_plane_real/exp/task_real_struc_002b_film_variant_search/20260516_104031/per_sample_metrics.csv
T06_ref3_plus_ReMiCNet_R04,ref3 + ReMiC-Net R04,2,line_test_0004,line,0.9974890656125118,36.64932518695514,0.8063188167858916,0.00043914845446124673,0.2887886510579847,0.0019028100068680942,0.2887886510579847,/home/superws/2026_Projects/Codex_reference_plane_real/exp/task_real_struc_002b_film_variant_search/20260516_104031/per_sample_metrics.csv
T06_ref3_plus_ReMiCNet_R04,ref3 + ReMiC-Net R04,2,line_test_0005,line,0.9962763684767341,32.43321273448515,0.611238995176949,0.0008350302232429385,0.27816090994747356,0.0018994249985553324,0.27816090994747356,/home/superws/2026_Projects/Codex_reference_plane_real/exp/task_real_struc_002b_film_variant_search/20260516_104031/per_sample_metrics.csv
T06_ref3_plus_ReMiCNet_R04,ref3 + ReMiC-Net R04,2,line_test_0006,line,0.9951143793129222,31.620311431469275,0.5671090558849086,0.0010975685436278582,0.5748238178784959,0.0019038780010305345,0.5748238178784959,/home/superws/2026_Projects/Codex_reference_plane_real/exp/task_real_struc_002b_film_variant_search/20260516_104031/per_sample_metrics.csv
T06_ref3_plus_ReMiCNet_R04,ref3 + ReMiC-Net R04,2,line_test_0007,line,0.9949547460726119,29.81086928733753,0.4704532156808531,0.0013651209883391857,0.42629704817954917,0.001962944006663747,0.42629704817954917,/home/superws/2026_Projects/Codex_reference_plane_real/exp/task_real_struc_002b_film_variant_search/20260516_104031/per_sample_metrics.csv
T06_ref3_plus_ReMiCNet_R04,ref3 + ReMiC-Net R04,2,line_test_0008,line,0.9967871724714019,25.834721556561767,0.24247246657289942,0.003033889690414071,0.2716466849378776,0.0018824049911927432,0.2716466849378776,/home/superws/2026_Projects/Codex_reference_plane_real/exp/task_real_struc_002b_film_variant_search/20260516_104031/per_sample_metrics.csv
T06_ref3_plus_ReMiCNet_R04,ref3 + ReMiC-Net R04,2,line_test_0009,line,0.992792981428418,30.23823276375282,0.48610900472247914,0.0013056225143373013,0.376333252817858,0.001959323009941727,0.376333252817858,/home/superws/2026_Projects/Codex_reference_plane_real/exp/task_real_struc_002b_film_variant_search/20260516_104031/per_sample_metrics.csv
T06_ref3_plus_ReMiCNet_R04,ref3 + ReMiC-Net R04,2,line_test_0010,line,0.9922426361403218,32.45349650787967,0.6127654356929702,0.0009016317781060934,0.46929012905457057,0.001920398004585877,0.46929012905457057,/home/superws/2026_Projects/Codex_reference_plane_real/exp/task_real_struc_002b_film_variant_search/20260516_104031/per_sample_metrics.csv
T06_ref3_plus_ReMiCNet_R04,ref3 + ReMiC-Net R04,2,line_test_0011,line,0.9938215951305562,27.773805021214972,0.3444357223202885,0.0021111750975251198,0.2716154240333708,0.0019103789963992313,0.2716154240333708,/home/superws/2026_Projects/Codex_reference_plane_real/exp/task_real_struc_002b_film_variant_search/20260516_104031/per_sample_metrics.csv
T06_ref3_plus_ReMiCNet_R04,ref3 + ReMiC-Net R04,2,line_test_0012,line,0.9934898469720026,29.710285415271173,0.4557179793579017,0.001485526328906417,0.3960400420037331,0.001899109993246384,0.3960400420037331,/home/superws/2026_Projects/Codex_reference_plane_real/exp/task_real_struc_002b_film_variant_search/20260516_104031/per_sample_metrics.csv
T06_ref3_plus_ReMiCNet_R04,ref3 + ReMiC-Net R04,2,line_test_0013,line,0.9949747919547,27.035614693637267,0.323280850647918,0.002372730290517211,0.27842068710015155,0.0019048980029765517,0.27842068710015155,/home/superws/2026_Projects/Codex_reference_plane_real/exp/task_real_struc_002b_film_variant_search/20260516_104031/per_sample_metrics.csv
T06_ref3_plus_ReMiCNet_R04,ref3 + ReMiC-Net R04,2,line_test_0014,line,0.9949008966276117,34.85216272936804,0.7335010808985161,0.0005529586342163384,0.19591692491667345,0.0018973569967783988,0.19591692491667345,/home/superws/2026_Projects/Codex_reference_plane_real/exp/task_real_struc_002b_film_variant_search/20260516_104031/per_sample_metrics.csv
T06_ref3_plus_ReMiCNet_R04,ref3 + ReMiC-Net R04,2,line_test_0015,line,0.9889490413733376,35.437356780294735,0.7595548205942506,0.0005385589320212603,0.2211075749801239,0.002120623001246713,0.2211075749801239,/home/superws/2026_Projects/Codex_reference_plane_real/exp/task_real_struc_002b_film_variant_search/20260516_104031/per_sample_metrics.csv
T06_ref3_plus_ReMiCNet_R04,ref3 + ReMiC-Net R04,2,line_test_0016,line,0.9915587234566506,28.239825926103848,0.37084977310930095,0.002052438212558627,0.3498415860667592,0.0019087639957433566,0.3498415860667592,/home/superws/2026_Projects/Codex_reference_plane_real/exp/task_real_struc_002b_film_variant_search/20260516_104031/per_sample_metrics.csv
T06_ref3_plus_ReMiCNet_R04,ref3 + ReMiC-Net R04,2,line_test_0017,line,1.0011720855880577,32.08991570118022,0.5925851320313964,0.0009121447801589966,0.21392026703688316,0.0018997559964191169,0.21392026703688316,/home/superws/2026_Projects/Codex_reference_plane_real/exp/task_real_struc_002b_film_variant_search/20260516_104031/per_sample_metrics.csv
T06_ref3_plus_ReMiCNet_R04,ref3 + ReMiC-Net R04,2,line_test_0018,line,0.9927668685774803,29.400130569174653,0.43596536934071867,0.001617846661247313,0.2936562559334561,0.002353866002522409,0.2936562559334561,/home/superws/2026_Projects/Codex_reference_plane_real/exp/task_real_struc_002b_film_variant_search/20260516_104031/per_sample_metrics.csv
T06_ref3_plus_ReMiCNet_R04,ref3 + ReMiC-Net R04,2,line_test_0019,line,0.9955192892717359,29.320591756455798,0.4374997368299529,0.0014511708868667483,0.26785757893230766,0.0019665180006995797,0.26785757893230766,/home/superws/2026_Projects/Codex_reference_plane_real/exp/task_real_struc_002b_film_variant_search/20260516_104031/per_sample_metrics.csv
T06_ref3_plus_ReMiCNet_R04,ref3 + ReMiC-Net R04,2,cross_test_0000,cross,0.9950929970179997,32.20172791702967,0.5986114009402175,0.001038796966895461,0.274869117201888,0.0018943220056826249,0.274869117201888,/home/superws/2026_Projects/Codex_reference_plane_real/exp/task_real_struc_002b_film_variant_search/20260516_104031/per_sample_metrics.csv
T06_ref3_plus_ReMiCNet_R04,ref3 + ReMiC-Net R04,2,cross_test_0001,cross,0.9939016305610123,26.52724033803382,0.2748475203775913,0.00293372618034482,0.36739045806461945,0.0019040899933315814,0.36739045806461945,/home/superws/2026_Projects/Codex_reference_plane_real/exp/task_real_struc_002b_film_variant_search/20260516_104031/per_sample_metrics.csv
T06_ref3_plus_ReMiCNet_R04,ref3 + ReMiC-Net R04,2,cross_test_0002,cross,0.9959880165743025,30.382447211778718,0.49433082979088955,0.0012491383822634816,0.2687883219914511,0.001974901999346912,0.2687883219914511,/home/superws/2026_Projects/Codex_reference_plane_real/exp/task_real_struc_002b_film_variant_search/20260516_104031/per_sample_metrics.csv
T06_ref3_plus_ReMiCNet_R04,ref3 + ReMiC-Net R04,2,cross_test_0003,cross,0.9887504917959455,27.682033722956856,0.3411601505245211,0.0023811699356883764,0.4311531030689366,0.001904995006043464,0.4311531030689366,/home/superws/2026_Projects/Codex_reference_plane_real/exp/task_real_struc_002b_film_variant_search/20260516_104031/per_sample_metrics.csv
T06_ref3_plus_ReMiCNet_R04,ref3 + ReMiC-Net R04,2,cross_test_0004,cross,0.9931487228172953,27.895546457765942,0.3503229563828193,0.0023355542216449976,0.3838810878660297,0.0019054720032727346,0.3838810878660297,/home/superws/2026_Projects/Codex_reference_plane_real/exp/task_real_struc_002b_film_variant_search/20260516_104031/per_sample_metrics.csv
T06_ref3_plus_ReMiCNet_R04,ref3 + ReMiC-Net R04,2,cross_test_0005,cross,0.9949373439596781,31.18675454541819,0.5410148112509707,0.0012198620242998004,0.3012752741778968,0.0019204220006940886,0.3012752741778968,/home/superws/2026_Projects/Codex_reference_plane_real/exp/task_real_struc_002b_film_variant_search/20260516_104031/per_sample_metrics.csv
T06_ref3_plus_ReMiCNet_R04,ref3 + ReMiC-Net R04,2,cross_test_0006,cross,0.9909282143917598,28.759820801883226,0.39971944372245827,0.001778304111212492,0.30746406900289003,0.0019058929901802912,0.30746406900289003,/home/superws/2026_Projects/Codex_reference_plane_real/exp/task_real_struc_002b_film_variant_search/20260516_104031/per_sample_metrics.csv
T06_ref3_plus_ReMiCNet_R04,ref3 + ReMiC-Net R04,2,cross_test_0007,cross,0.9926003123960155,33.963580523740994,0.691886413686398,0.0007371665560640395,0.31353895089705475,0.0019005229987669736,0.31353895089705475,/home/superws/2026_Projects/Codex_reference_plane_real/exp/task_real_struc_002b_film_variant_search/20260516_104031/per_sample_metrics.csv
T06_ref3_plus_ReMiCNet_R04,ref3 + ReMiC-Net R04,2,cross_test_0008,cross,0.9897370777789385,28.010835630045353,0.3585188572072707,0.002295452170073986,0.27905804295733105,0.0019037439924431965,0.27905804295733105,/home/superws/2026_Projects/Codex_reference_plane_real/exp/task_real_struc_002b_film_variant_search/20260516_104031/per_sample_metrics.csv
T06_ref3_plus_ReMiCNet_R04,ref3 + ReMiC-Net R04,2,cross_test_0009,cross,0.9958038304806096,32.897861552581304,0.6368871569653904,0.0007607467705383897,0.29430276101629715,0.0019643929990706965,0.29430276101629715,/home/superws/2026_Projects/Codex_reference_plane_real/exp/task_real_struc_002b_film_variant_search/20260516_104031/per_sample_metrics.csv
T06_ref3_plus_ReMiCNet_R04,ref3 + ReMiC-Net R04,2,cross_test_0010,cross,0.985072064655844,32.112836402341586,0.5953861946331541,0.001007147948257625,0.5842074440588476,0.0019507630058797076,0.5842074440588476,/home/superws/2026_Projects/Codex_reference_plane_real/exp/task_real_struc_002b_film_variant_search/20260516_104031/per_sample_metrics.csv
T06_ref3_plus_ReMiCNet_R04,ref3 + ReMiC-Net R04,2,cross_test_0011,cross,0.9908532000418585,27.354066062951468,0.32315601323405735,0.002631877548992634,0.29777548914717045,0.0020161809952696785,0.29777548914717045,/home/superws/2026_Projects/Codex_reference_plane_real/exp/task_real_struc_002b_film_variant_search/20260516_104031/per_sample_metrics.csv
T06_ref3_plus_ReMiCNet_R04,ref3 + ReMiC-Net R04,2,cross_test_0012,cross,0.9946994802660474,31.689684209525435,0.5703138964876683,0.0010797892464324832,0.35715268095373176,0.0019178070069756359,0.35715268095373176,/home/superws/2026_Projects/Codex_reference_plane_real/exp/task_real_struc_002b_film_variant_search/20260516_104031/per_sample_metrics.csv
T06_ref3_plus_ReMiCNet_R04,ref3 + ReMiC-Net R04,2,cross_test_0013,cross,0.9951125605150359,31.683518453768965,0.5700437581726036,0.0011810034047812223,0.5739295529638184,0.0019146400009049103,0.5739295529638184,/home/superws/2026_Projects/Codex_reference_plane_real/exp/task_real_struc_002b_film_variant_search/20260516_104031/per_sample_metrics.csv
T06_ref3_plus_ReMiCNet_R04,ref3 + ReMiC-Net R04,2,cross_test_0014,cross,0.9958662351117284,27.721513942717706,0.3404283768811778,0.002045899396762252,0.24934374606527854,0.0019179340015398338,0.24934374606527854,/home/superws/2026_Projects/Codex_reference_plane_real/exp/task_real_struc_002b_film_variant_search/20260516_104031/per_sample_metrics.csv
T06_ref3_plus_ReMiCNet_R04,ref3 + ReMiC-Net R04,2,L_shape_test_0000,L-shape,0.9889065621086379,26.22062143384185,0.26722032527283235,0.0031229981686919928,0.32585974113317207,0.0019114839960820973,0.32585974113317207,/home/superws/2026_Projects/Codex_reference_plane_real/exp/task_real_struc_002b_film_variant_search/20260516_104031/per_sample_metrics.csv
T06_ref3_plus_ReMiCNet_R04,ref3 + ReMiC-Net R04,2,L_shape_test_0001,L-shape,0.9953259914704725,27.683800223392247,0.3379010826395525,0.002111933659762144,0.4752906918874942,0.001903833996038884,0.4752906918874942,/home/superws/2026_Projects/Codex_reference_plane_real/exp/task_real_struc_002b_film_variant_search/20260516_104031/per_sample_metrics.csv
T06_ref3_plus_ReMiCNet_R04,ref3 + ReMiC-Net R04,2,L_shape_test_0002,L-shape,0.9902353132808328,27.323536632978936,0.3211017074045848,0.0025611429009586573,0.30065746694162954,0.0019719909905688837,0.30065746694162954,/home/superws/2026_Projects/Codex_reference_plane_real/exp/task_real_struc_002b_film_variant_search/20260516_104031/per_sample_metrics.csv
T06_ref3_plus_ReMiCNet_R04,ref3 + ReMiC-Net R04,2,L_shape_test_0003,L-shape,0.9937282321633916,27.515622500251737,0.3282084041766419,0.002465846948325634,0.3238460700813448,0.0019091369904344901,0.3238460700813448,/home/superws/2026_Projects/Codex_reference_plane_real/exp/task_real_struc_002b_film_variant_search/20260516_104031/per_sample_metrics.csv
T06_ref3_plus_ReMiCNet_R04,ref3 + ReMiC-Net R04,2,L_shape_test_0004,L-shape,0.9941356167988599,25.805928595292066,0.2400968860418009,0.003327006008476019,0.7651824820204638,0.0019677020027302206,0.7651824820204638,/home/superws/2026_Projects/Codex_reference_plane_real/exp/task_real_struc_002b_film_variant_search/20260516_104031/per_sample_metrics.csv
T06_ref3_plus_ReMiCNet_R04,ref3 + ReMiC-Net R04,2,L_shape_test_0005,L-shape,0.9951535140682474,27.1608185356987,0.3101907598390405,0.0024608909152448177,0.29194526886567473,0.0019171549938619137,0.29194526886567473,/home/superws/2026_Projects/Codex_reference_plane_real/exp/task_real_struc_002b_film_variant_search/20260516_104031/per_sample_metrics.csv
T06_ref3_plus_ReMiCNet_R04,ref3 + ReMiC-Net R04,2,L_shape_test_0006,L-shape,0.9958700151671585,31.17905395381023,0.5399690658684045,0.0011218765284866095,0.2740193108620588,0.00192950401105918,0.2740193108620588,/home/superws/2026_Projects/Codex_reference_plane_real/exp/task_real_struc_002b_film_variant_search/20260516_104031/per_sample_metrics.csv
T06_ref3_plus_ReMiCNet_R04,ref3 + ReMiC-Net R04,2,L_shape_test_0007,L-shape,0.9926714597084805,27.031466219239952,0.3028604434937743,0.0027396816294640303,0.3538654878648231,0.001895795008749701,0.3538654878648231,/home/superws/2026_Projects/Codex_reference_plane_real/exp/task_real_struc_002b_film_variant_search/20260516_104031/per_sample_metrics.csv
T06_ref3_plus_ReMiCNet_R04,ref3 + ReMiC-Net R04,2,L_shape_test_0008,L-shape,0.988183288761394,30.526033454048644,0.5040677980888284,0.0012388249160721898,0.25295484595699236,0.0019767810008488595,0.25295484595699236,/home/superws/2026_Projects/Codex_reference_plane_real/exp/task_real_struc_002b_film_variant_search/20260516_104031/per_sample_metrics.csv
T06_ref3_plus_ReMiCNet_R04,ref3 + ReMiC-Net R04,2,L_shape_test_0009,L-shape,0.9942222630200832,26.428405182991646,0.27104230019055786,0.002991873538121581,0.6724367659335257,0.0019109450076939538,0.6724367659335257,/home/superws/2026_Projects/Codex_reference_plane_real/exp/task_real_struc_002b_film_variant_search/20260516_104031/per_sample_metrics.csv
T06_ref3_plus_ReMiCNet_R04,ref3 + ReMiC-Net R04,2,L_shape_test_0010,L-shape,0.9957325043336281,30.62102521932891,0.5083928481379998,0.0012589566176757216,0.3523616289749043,0.0019109739951090887,0.3523616289749043,/home/superws/2026_Projects/Codex_reference_plane_real/exp/task_real_struc_002b_film_variant_search/20260516_104031/per_sample_metrics.csv
T06_ref3_plus_ReMiCNet_R04,ref3 + ReMiC-Net R04,2,L_shape_test_0011,L-shape,0.9966231010622401,33.39453421979363,0.6625124724173548,0.0007291532238014042,0.23261941609962378,0.0020123639988014475,0.23261941609962378,/home/superws/2026_Projects/Codex_reference_plane_real/exp/task_real_struc_002b_film_variant_search/20260516_104031/per_sample_metrics.csv
T06_ref3_plus_ReMiCNet_R04,ref3 + ReMiC-Net R04,2,L_shape_test_0012,L-shape,0.9947287766215572,26.781292329234322,0.28980874896324715,0.002686460269615054,0.5062953920423752,0.0019190599996363744,0.5062953920423752,/home/superws/2026_Projects/Codex_reference_plane_real/exp/task_real_struc_002b_film_variant_search/20260516_104031/per_sample_metrics.csv
T06_ref3_plus_ReMiCNet_R04,ref3 + ReMiC-Net R04,2,L_shape_test_0013,L-shape,0.9947243104593396,27.285166060580114,0.31552625773237425,0.0026232076343148947,0.49069994303863496,0.001919044996611774,0.49069994303863496,/home/superws/2026_Projects/Codex_reference_plane_real/exp/task_real_struc_002b_film_variant_search/20260516_104031/per_sample_metrics.csv
T06_ref3_plus_ReMiCNet_R04,ref3 + ReMiC-Net R04,2,L_shape_test_0014,L-shape,0.9956703167982742,32.21164242734897,0.5987822342279228,0.0009670758154243231,0.25906906004820485,0.001913803003844805,0.25906906004820485,/home/superws/2026_Projects/Codex_reference_plane_real/exp/task_real_struc_002b_film_variant_search/20260516_104031/per_sample_metrics.csv
T06_ref3_plus_ReMiCNet_R04,ref3 + ReMiC-Net R04,2,L_shape_test_0015,L-shape,0.9935819451760783,25.893586494404865,0.24604830686739085,0.0031358341220766306,0.37950000500131864,0.0019543329981388524,0.37950000500131864,/home/superws/2026_Projects/Codex_reference_plane_real/exp/task_real_struc_002b_film_variant_search/20260516_104031/per_sample_metrics.csv
T06_ref3_plus_ReMiCNet_R04,ref3 + ReMiC-Net R04,2,L_shape_test_0016,L-shape,0.995195092661307,27.43167151283382,0.32279189349072307,0.002475976012647152,0.4309555509389611,0.002023282999289222,0.4309555509389611,/home/superws/2026_Projects/Codex_reference_plane_real/exp/task_real_struc_002b_film_variant_search/20260516_104031/per_sample_metrics.csv
T06_ref3_plus_ReMiCNet_R04,ref3 + ReMiC-Net R04,2,L_shape_test_0017,L-shape,0.9934306953426094,26.32874574186068,0.266716770973936,0.0030251203570514917,0.3980348140030401,0.0020496740035014227,0.3980348140030401,/home/superws/2026_Projects/Codex_reference_plane_real/exp/task_real_struc_002b_film_variant_search/20260516_104031/per_sample_metrics.csv
T06_ref3_plus_ReMiCNet_R04,ref3 + ReMiC-Net R04,2,L_shape_test_0018,L-shape,0.9937521948180311,26.226872609321305,0.2597752307845196,0.0031632734462618828,0.5490830719500082,0.002076788994600065,0.5490830719500082,/home/superws/2026_Projects/Codex_reference_plane_real/exp/task_real_struc_002b_film_variant_search/20260516_104031/per_sample_metrics.csv
T06_ref3_plus_ReMiCNet_R04,ref3 + ReMiC-Net R04,2,L_shape_test_0019,L-shape,0.9940455566486283,33.35594551916316,0.6610828496901743,0.0007767230272293091,0.4622686630755197,0.002005588001338765,0.4622686630755197,/home/superws/2026_Projects/Codex_reference_plane_real/exp/task_real_struc_002b_film_variant_search/20260516_104031/per_sample_metrics.csv
T06_ref3_plus_ReMiCNet_R04,ref3 + ReMiC-Net R04,2,double_line_test_0000,double-line,0.993000458036329,26.263072194330874,0.26417184962159096,0.0028881090693175793,0.29916032298933715,0.0019256729865446687,0.29916032298933715,/home/superws/2026_Projects/Codex_reference_plane_real/exp/task_real_struc_002b_film_variant_search/20260516_104031/per_sample_metrics.csv
T06_ref3_plus_ReMiCNet_R04,ref3 + ReMiC-Net R04,2,double_line_test_0001,double-line,0.9936874779361624,26.664612147185196,0.28618707498504414,0.003061932511627674,0.4929978799482342,0.002106550004100427,0.4929978799482342,/home/superws/2026_Projects/Codex_reference_plane_real/exp/task_real_struc_002b_film_variant_search/20260516_104031/per_sample_metrics.csv
T06_ref3_plus_ReMiCNet_R04,ref3 + ReMiC-Net R04,2,double_line_test_0002,double-line,0.997983096797839,31.25459933153121,0.5443758871297645,0.0012166210217401385,0.24887436219432857,0.0019194990018149838,0.24887436219432857,/home/superws/2026_Projects/Codex_reference_plane_real/exp/task_real_struc_002b_film_variant_search/20260516_104031/per_sample_metrics.csv
T06_ref3_plus_ReMiCNet_R04,ref3 + ReMiC-Net R04,2,double_line_test_0003,double-line,0.9944387608858479,25.651507741565858,0.22973676121793798,0.003619265742599964,0.4040643748739967,0.0019886529917130247,0.4040643748739967,/home/superws/2026_Projects/Codex_reference_plane_real/exp/task_real_struc_002b_film_variant_search/20260516_104031/per_sample_metrics.csv
T06_ref3_plus_ReMiCNet_R04,ref3 + ReMiC-Net R04,2,double_line_test_0004,double-line,0.9900565860412527,25.93852315408897,0.24785958310405845,0.0035289886873215437,0.48615372183849104,0.001972113997908309,0.48615372183849104,/home/superws/2026_Projects/Codex_reference_plane_real/exp/task_real_struc_002b_film_variant_search/20260516_104031/per_sample_metrics.csv
T06_ref3_plus_ReMiCNet_R04,ref3 + ReMiC-Net R04,2,double_line_test_0005,double-line,0.9974020078046997,26.005595514678905,0.2497364753555815,0.003281849203631282,0.32643607584759593,0.001926477998495102,0.32643607584759593,/home/superws/2026_Projects/Codex_reference_plane_real/exp/task_real_struc_002b_film_variant_search/20260516_104031/per_sample_metrics.csv
T06_ref3_plus_ReMiCNet_R04,ref3 + ReMiC-Net R04,2,double_line_test_0006,double-line,0.9904169494351835,25.3445953159944,0.22765780591023463,0.0039035016670823097,0.4797796540951822,0.0019277480023447424,0.4797796540951822,/home/superws/2026_Projects/Codex_reference_plane_real/exp/task_real_struc_002b_film_variant_search/20260516_104031/per_sample_metrics.csv
T06_ref3_plus_ReMiCNet_R04,ref3 + ReMiC-Net R04,2,double_line_test_0007,double-line,0.9933864888647611,31.971224204684503,0.5858584638420657,0.001039921771734953,0.30692285996337887,0.0019664380088215694,0.30692285996337887,/home/superws/2026_Projects/Codex_reference_plane_real/exp/task_real_struc_002b_film_variant_search/20260516_104031/per_sample_metrics.csv
T06_ref3_plus_ReMiCNet_R04,ref3 + ReMiC-Net R04,2,double_line_test_0008,double-line,0.9952522538577075,28.38816214880636,0.3792671545219353,0.0019875599537044764,2.518319949886063,0.0019240120018366724,2.518319949886063,/home/superws/2026_Projects/Codex_reference_plane_real/exp/task_real_struc_002b_film_variant_search/20260516_104031/per_sample_metrics.csv
T06_ref3_plus_ReMiCNet_R04,ref3 + ReMiC-Net R04,2,double_line_test_0009,double-line,0.9931873392650648,27.99974029438649,0.3538663175787504,0.002239547437056899,0.5697036767815007,0.0019383680046303198,0.5697036767815007,/home/superws/2026_Projects/Codex_reference_plane_real/exp/task_real_struc_002b_film_variant_search/20260516_104031/per_sample_metrics.csv
T06_ref3_plus_ReMiCNet_R04,ref3 + ReMiC-Net R04,2,double_line_test_0010,double-line,0.994642158877371,26.363874709138525,0.26881375811965263,0.0030365607235580683,0.5146718690812122,0.0019129269930999726,0.5146718690812122,/home/superws/2026_Projects/Codex_reference_plane_real/exp/task_real_struc_002b_film_variant_search/20260516_104031/per_sample_metrics.csv
T06_ref3_plus_ReMiCNet_R04,ref3 + ReMiC-Net R04,2,double_line_test_0011,double-line,0.9970823912357535,27.994887755545825,0.35220892844046847,0.0022193097975105047,0.31638944696169347,0.0018997309962287545,0.31638944696169347,/home/superws/2026_Projects/Codex_reference_plane_real/exp/task_real_struc_002b_film_variant_search/20260516_104031/per_sample_metrics.csv
T06_ref3_plus_ReMiCNet_R04,ref3 + ReMiC-Net R04,2,double_line_test_0012,double-line,0.9950293446013716,30.67041622948558,0.509042233606261,0.001336298300884664,0.4760978078993503,0.0019149500003550202,0.4760978078993503,/home/superws/2026_Projects/Codex_reference_plane_real/exp/task_real_struc_002b_film_variant_search/20260516_104031/per_sample_metrics.csv
T06_ref3_plus_ReMiCNet_R04,ref3 + ReMiC-Net R04,2,double_line_test_0013,double-line,0.9949391968523553,25.034433670574078,0.20315377553004832,0.00412686076015234,0.46845664890133776,0.0020100859983358532,0.46845664890133776,/home/superws/2026_Projects/Codex_reference_plane_real/exp/task_real_struc_002b_film_variant_search/20260516_104031/per_sample_metrics.csv
T06_ref3_plus_ReMiCNet_R04,ref3 + ReMiC-Net R04,2,double_line_test_0014,double-line,0.993814983951331,25.804912800670294,0.24172390612853442,0.0034945800434798002,0.3540872348676203,0.001968946002307348,0.3540872348676203,/home/superws/2026_Projects/Codex_reference_plane_real/exp/task_real_struc_002b_film_variant_search/20260516_104031/per_sample_metrics.csv
T06_ref3_plus_ReMiCNet_R04,ref3 + ReMiC-Net R04,2,small_rect_edge_test_0000,small_rect_edge,0.9929037467517113,29.919796696471423,0.4682229864282837,0.0013143039541319013,0.20360075615462847,0.0019182910036761314,0.20360075615462847,/home/superws/2026_Projects/Codex_reference_plane_real/exp/task_real_struc_002b_film_variant_search/20260516_104031/per_sample_metrics.csv
T06_ref3_plus_ReMiCNet_R04,ref3 + ReMiC-Net R04,2,small_rect_edge_test_0001,small_rect_edge,0.9965639441659746,30.812117541344108,0.5186796196419267,0.0012006228789687157,0.24283858107810374,0.001922473995364271,0.24283858107810374,/home/superws/2026_Projects/Codex_reference_plane_real/exp/task_real_struc_002b_film_variant_search/20260516_104031/per_sample_metrics.csv
T06_ref3_plus_ReMiCNet_R04,ref3 + ReMiC-Net R04,2,small_rect_edge_test_0002,small_rect_edge,0.9963330586746931,27.737793379254025,0.3424144049924709,0.002070376882329583,0.2808784858934814,0.0019008109957212582,0.2808784858934814,/home/superws/2026_Projects/Codex_reference_plane_real/exp/task_real_struc_002b_film_variant_search/20260516_104031/per_sample_metrics.csv
T06_ref3_plus_ReMiCNet_R04,ref3 + ReMiC-Net R04,2,small_rect_edge_test_0003,small_rect_edge,0.990081032489708,30.552471214723496,0.5049328739340196,0.0012690885923802853,0.2921483010723023,0.001930307989823632,0.2921483010723023,/home/superws/2026_Projects/Codex_reference_plane_real/exp/task_real_struc_002b_film_variant_search/20260516_104031/per_sample_metrics.csv
T06_ref3_plus_ReMiCNet_R04,ref3 + ReMiC-Net R04,2,small_rect_edge_test_0004,small_rect_edge,0.9828404128205164,29.226526925149464,0.4330847140685891,0.0018254737369716167,0.30610094596340787,0.001910503997351043,0.30610094596340787,/home/superws/2026_Projects/Codex_reference_plane_real/exp/task_real_struc_002b_film_variant_search/20260516_104031/per_sample_metrics.csv
T06_ref3_plus_ReMiCNet_R04,ref3 + ReMiC-Net R04,2,small_rect_edge_test_0005,small_rect_edge,0.9953043438917044,29.4821589248114,0.4534948729442398,0.0014881211100146174,0.2979300549632171,0.001995362006709911,0.2979300549632171,/home/superws/2026_Projects/Codex_reference_plane_real/exp/task_real_struc_002b_film_variant_search/20260516_104031/per_sample_metrics.csv
T06_ref3_plus_ReMiCNet_R04,ref3 + ReMiC-Net R04,2,small_rect_edge_test_0006,small_rect_edge,0.995404191927115,29.985177088932335,0.4702817961020458,0.0013915401650592685,0.29138745296222623,0.0019693130016094074,0.29138745296222623,/home/superws/2026_Projects/Codex_reference_plane_real/exp/task_real_struc_002b_film_variant_search/20260516_104031/per_sample_metrics.csv
T06_ref3_plus_ReMiCNet_R04,ref3 + ReMiC-Net R04,2,small_rect_edge_test_0007,small_rect_edge,0.9982522989063677,29.08527796637971,0.4194840005716233,0.0017142994329333305,0.26557814682018943,0.0019724259909708053,0.26557814682018943,/home/superws/2026_Projects/Codex_reference_plane_real/exp/task_real_struc_002b_film_variant_search/20260516_104031/per_sample_metrics.csv
T06_ref3_plus_ReMiCNet_R04,ref3 + ReMiC-Net R04,2,small_rect_edge_test_0008,small_rect_edge,0.996944881705382,28.435465539242635,0.38383114884433644,0.0019087771652266383,0.28284112086112145,0.0019098660122836009,0.28284112086112145,/home/superws/2026_Projects/Codex_reference_plane_real/exp/task_real_struc_002b_film_variant_search/20260516_104031/per_sample_metrics.csv
T06_ref3_plus_ReMiCNet_R04,ref3 + ReMiC-Net R04,2,small_rect_edge_test_0009,small_rect_edge,0.9944206946010067,30.92011113739787,0.5253922599905849,0.00115120317786932,0.2632147600525059,0.0018998149898834527,0.2632147600525059,/home/superws/2026_Projects/Codex_reference_plane_real/exp/task_real_struc_002b_film_variant_search/20260516_104031/per_sample_metrics.csv
T06_ref3_plus_ReMiCNet_R04,ref3 + ReMiC-Net R04,2,point_cluster_test_0000,point_cluster,0.9951073914635208,32.939625003246476,0.6871931712032513,0.0007930142455734313,0.4492928598920116,0.0018943780014524236,0.4492928598920116,/home/superws/2026_Projects/Codex_reference_plane_real/exp/task_real_struc_002b_film_variant_search/20260516_104031/per_sample_metrics.csv
T06_ref3_plus_ReMiCNet_R04,ref3 + ReMiC-Net R04,2,point_cluster_test_0001,point_cluster,0.9922437379426621,31.70498446008859,0.5716561697723279,0.0012191326823085546,0.3897345419973135,0.0019290850032120943,0.3897345419973135,/home/superws/2026_Projects/Codex_reference_plane_real/exp/task_real_struc_002b_film_variant_search/20260516_104031/per_sample_metrics.csv
T06_ref3_plus_ReMiCNet_R04,ref3 + ReMiC-Net R04,2,point_cluster_test_0002,point_cluster,0.998853397959617,35.61062120252463,0.7662581994338745,0.0005984340677969158,0.2312140450521838,0.0019113640009891242,0.2312140450521838,/home/superws/2026_Projects/Codex_reference_plane_real/exp/task_real_struc_002b_film_variant_search/20260516_104031/per_sample_metrics.csv
T06_ref3_plus_ReMiCNet_R04,ref3 + ReMiC-Net R04,2,point_cluster_test_0003,point_cluster,0.9922092435799934,35.89805839034372,0.7782077274054312,0.0005323176737874746,0.35437554100644775,0.0019184199918527156,0.35437554100644775,/home/superws/2026_Projects/Codex_reference_plane_real/exp/task_real_struc_002b_film_variant_search/20260516_104031/per_sample_metrics.csv
T06_ref3_plus_ReMiCNet_R04,ref3 + ReMiC-Net R04,2,point_cluster_test_0004,point_cluster,0.9986158158293856,31.424404993601165,0.5549103236956134,0.0012891775695607066,0.34449746999598574,0.001915935004944913,0.34449746999598574,/home/superws/2026_Projects/Codex_reference_plane_real/exp/task_real_struc_002b_film_variant_search/20260516_104031/per_sample_metrics.csv
T06_ref3_plus_ReMiCNet_R04,ref3 + ReMiC-Net R04,2,point_cluster_test_0005,point_cluster,0.995282000928875,31.386489771803724,0.5525445335444624,0.0011552745709195733,0.2596756671264302,0.0019069229892920703,0.2596756671264302,/home/superws/2026_Projects/Codex_reference_plane_real/exp/task_real_struc_002b_film_variant_search/20260516_104031/per_sample_metrics.csv
T06_ref3_plus_ReMiCNet_R04,ref3 + ReMiC-Net R04,2,point_cluster_test_0006,point_cluster,1.00133612288561,35.06218193250658,0.7710811062395427,0.0006020746659487486,0.5395774779171916,0.0019165830017300323,0.5395774779171916,/home/superws/2026_Projects/Codex_reference_plane_real/exp/task_real_struc_002b_film_variant_search/20260516_104031/per_sample_metrics.csv
T06_ref3_plus_ReMiCNet_R04,ref3 + ReMiC-Net R04,2,point_cluster_test_0007,point_cluster,0.99154700704343,35.644979778089954,0.794301982823257,0.000571746495552361,0.2620238471427001,0.00197221600683406,0.2620238471427001,/home/superws/2026_Projects/Codex_reference_plane_real/exp/task_real_struc_002b_film_variant_search/20260516_104031/per_sample_metrics.csv
T06_ref3_plus_ReMiCNet_R04,ref3 + ReMiC-Net R04,2,point_cluster_test_0008,point_cluster,0.9943862051918889,34.774490781916626,0.7307648427717517,0.0007339080329984426,0.2597626348724589,0.0019070029957219958,0.2597626348724589,/home/superws/2026_Projects/Codex_reference_plane_real/exp/task_real_struc_002b_film_variant_search/20260516_104031/per_sample_metrics.csv
T06_ref3_plus_ReMiCNet_R04,ref3 + ReMiC-Net R04,2,point_cluster_test_0009,point_cluster,0.9914538113239435,36.11669079040612,0.8267478963083116,0.00045884144492447376,0.35843858506996185,0.001909142010845244,0.35843858506996185,/home/superws/2026_Projects/Codex_reference_plane_real/exp/task_real_struc_002b_film_variant_search/20260516_104031/per_sample_metrics.csv
T06_ref3_plus_ReMiCNet_R04,ref3 + ReMiC-Net R04,2,point_cluster_test_0010,point_cluster,0.9955977952826462,31.301812142941024,0.5476301371719625,0.0012799410615116358,0.397840434074169,0.001912948995595798,0.397840434074169,/home/superws/2026_Projects/Codex_reference_plane_real/exp/task_real_struc_002b_film_variant_search/20260516_104031/per_sample_metrics.csv
T06_ref3_plus_ReMiCNet_R04,ref3 + ReMiC-Net R04,2,point_cluster_test_0011,point_cluster,0.9889251662909777,34.955414176493726,0.7396345093045076,0.0007741129957139492,0.26700260704092216,0.0019140739896101877,0.26700260704092216,/home/superws/2026_Projects/Codex_reference_plane_real/exp/task_real_struc_002b_film_variant_search/20260516_104031/per_sample_metrics.csv
T06_ref3_plus_ReMiCNet_R04,ref3 + ReMiC-Net R04,2,point_cluster_test_0012,point_cluster,1.0020319261757415,33.645930918337065,0.6761771616318459,0.0008686984656378627,0.3126104398543248,0.0019216590007999912,0.3126104398543248,/home/superws/2026_Projects/Codex_reference_plane_real/exp/task_real_struc_002b_film_variant_search/20260516_104031/per_sample_metrics.csv
T06_ref3_plus_ReMiCNet_R04,ref3 + ReMiC-Net R04,2,point_cluster_test_0013,point_cluster,1.0006072029883928,32.35798023305495,0.6077133736908881,0.0011335340095683932,0.3569684299873188,0.0018992969999089837,0.3569684299873188,/home/superws/2026_Projects/Codex_reference_plane_real/exp/task_real_struc_002b_film_variant_search/20260516_104031/per_sample_metrics.csv
T06_ref3_plus_ReMiCNet_R04,ref3 + ReMiC-Net R04,2,point_cluster_test_0014,point_cluster,1.0003933202187851,34.260045928296876,0.7057898142438579,0.0006319067324511707,0.2394803808128927,0.0019732479995582253,0.2394803808128927,/home/superws/2026_Projects/Codex_reference_plane_real/exp/task_real_struc_002b_film_variant_search/20260516_104031/per_sample_metrics.csv
T06_ref3_plus_ReMiCNet_R04,ref3 + ReMiC-Net R04,2,point_cluster_test_0015,point_cluster,0.9950957781093872,34.41713605924667,0.7140138718314571,0.0007290783687494695,0.3146935988916084,0.0019031550036743283,0.3146935988916084,/home/superws/2026_Projects/Codex_reference_plane_real/exp/task_real_struc_002b_film_variant_search/20260516_104031/per_sample_metrics.csv
T06_ref3_plus_ReMiCNet_R04,ref3 + ReMiC-Net R04,2,point_cluster_test_0016,point_cluster,0.9963613215813912,31.894528505405255,0.6119669626247047,0.0010810798266902566,0.47018515691161156,0.0019741069991141558,0.47018515691161156,/home/superws/2026_Projects/Codex_reference_plane_real/exp/task_real_struc_002b_film_variant_search/20260516_104031/per_sample_metrics.csv
T06_ref3_plus_ReMiCNet_R04,ref3 + ReMiC-Net R04,2,point_cluster_test_0017,point_cluster,0.9976075097761077,36.15711176917491,0.8598271374837678,0.000471055565867573,0.22564871997747105,0.0019563310052035376,0.22564871997747105,/home/superws/2026_Projects/Codex_reference_plane_real/exp/task_real_struc_002b_film_variant_search/20260516_104031/per_sample_metrics.csv
T06_ref3_plus_ReMiCNet_R04,ref3 + ReMiC-Net R04,2,point_cluster_test_0018,point_cluster,1.0071583024475945,35.70466648910097,0.7901534426971318,0.0006326678558252752,0.3516181479644729,0.001916107998113148,0.3516181479644729,/home/superws/2026_Projects/Codex_reference_plane_real/exp/task_real_struc_002b_film_variant_search/20260516_104031/per_sample_metrics.csv
T06_ref3_plus_ReMiCNet_R04,ref3 + ReMiC-Net R04,2,point_cluster_test_0019,point_cluster,1.0014533958516267,34.88756908348722,0.7348640995304411,0.0005893267225474119,0.49536296796577517,0.0019140360091114417,0.49536296796577517,/home/superws/2026_Projects/Codex_reference_plane_real/exp/task_real_struc_002b_film_variant_search/20260516_104031/per_sample_metrics.csv
